[16:00:49] 
======================================================================
[16:00:49] 🚀 开始调试训练
[16:00:49] ======================================================================
[16:00:49] 
🔥 预热阶段 (5 episodes)
[16:00:49]   预热 1/5 - Buffer: 24
[16:00:49]   预热 2/5 - Buffer: 48
[16:00:49]   预热 3/5 - Buffer: 72
[16:00:49]   预热 4/5 - Buffer: 96
[16:00:49]   预热 5/5 - Buffer: 120
[16:00:49] 
🏋️  训练阶段
[16:00:49] ======================================================================
[16:00:49] 
======================================================================
[16:00:49] Episode 1/200
[16:00:49] ======================================================================
[16:00:49] 总奖励: 14966.00 | 步数: 24
[16:00:49] 最近10个episodes平均: 14966.00
[16:00:49] 各Agent奖励:
[16:00:49]   wind      : 12152.776
[16:00:49]   solar     : 2201.234
[16:00:49]   diesel    :  712.811
[16:00:49]   battery   :    9.217
[16:00:49]   customer  : -110.041
[16:00:49] Buffer大小:   144
[16:00:49] 噪声水平: 0.0994
[16:00:49] 
动作统计:
[16:00:49]   wind      : mean=-0.080, std= 0.109, min=-0.319, max= 0.101
[16:00:49]   solar     : mean= 0.036, std= 0.124, min=-0.209, max= 0.283
[16:00:49]   diesel    : mean= 0.054, std= 0.098, min=-0.141, max= 0.296
[16:00:49]   battery   : mean= 0.083, std= 0.099, min=-0.084, max= 0.358
[16:00:49]   customer  : mean=-0.064, std= 0.095, min=-0.262, max= 0.152
[16:00:49] 
======================================================================
[16:00:49] Episode 2/200
[16:00:49] ======================================================================
[16:00:49] 总奖励:  9823.15 | 步数: 24
[16:00:49] 最近10个episodes平均: 12394.57
[16:00:49] 各Agent奖励:
[16:00:49]   wind      : 7303.533
[16:00:49]   solar     : 1638.830
[16:00:49]   diesel    :  971.426
[16:00:49]   battery   :    4.298
[16:00:49]   customer  :  -94.942
[16:00:49] Buffer大小:   168
[16:00:49] 噪声水平: 0.0993
[16:00:49] 
动作统计:
[16:00:49]   wind      : mean=-0.052, std= 0.107, min=-0.252, max= 0.227
[16:00:49]   solar     : mean= 0.016, std= 0.074, min=-0.154, max= 0.144
[16:00:49]   diesel    : mean= 0.048, std= 0.115, min=-0.189, max= 0.296
[16:00:49]   battery   : mean= 0.060, std= 0.110, min=-0.188, max= 0.288
[16:00:49]   customer  : mean=-0.004, std= 0.098, min=-0.240, max= 0.279
[16:00:49] 
======================================================================
[16:00:49] Episode 3/200
[16:00:49] ======================================================================
[16:00:49] 总奖励: 11295.24 | 步数: 24
[16:00:49] 最近10个episodes平均: 12028.13
[16:00:49] 各Agent奖励:
[16:00:49]   wind      : 9878.087
[16:00:49]   solar     : 1256.348
[16:00:49]   diesel    :  242.416
[16:00:49]   battery   :    2.686
[16:00:49]   customer  :  -84.301
[16:00:49] Buffer大小:   192
[16:00:49] 噪声水平: 0.0992
[16:00:49] 
动作统计:
[16:00:49]   wind      : mean=-0.027, std= 0.081, min=-0.231, max= 0.125
[16:00:49]   solar     : mean= 0.070, std= 0.106, min=-0.184, max= 0.241
[16:00:49]   diesel    : mean= 0.024, std= 0.106, min=-0.150, max= 0.250
[16:00:49]   battery   : mean= 0.082, std= 0.128, min=-0.137, max= 0.515
[16:00:49]   customer  : mean= 0.033, std= 0.099, min=-0.131, max= 0.235
[16:00:49] 
======================================================================
[16:00:49] Episode 4/200
[16:00:49] ======================================================================
[16:00:49] 总奖励:  9961.62 | 步数: 24
[16:00:49] 最近10个episodes平均: 11511.50
[16:00:49] 各Agent奖励:
[16:00:49]   wind      : 7178.405
[16:00:49]   solar     : 2325.994
[16:00:49]   diesel    :  578.675
[16:00:49]   battery   :   12.263
[16:00:49]   customer  : -133.716
[16:00:49] Buffer大小:   216
[16:00:49] 噪声水平: 0.0991
[16:00:49] 
动作统计:
[16:00:49]   wind      : mean=-0.084, std= 0.108, min=-0.332, max= 0.142
[16:00:49]   solar     : mean= 0.101, std= 0.080, min=-0.031, max= 0.243
[16:00:49]   diesel    : mean= 0.062, std= 0.110, min=-0.140, max= 0.334
[16:00:49]   battery   : mean= 0.104, std= 0.092, min=-0.113, max= 0.281
[16:00:49]   customer  : mean= 0.051, std= 0.069, min=-0.064, max= 0.181
[16:00:49] 
======================================================================
[16:00:49] Episode 5/200
[16:00:49] ======================================================================
[16:00:49] 总奖励: 12310.52 | 步数: 24
[16:00:49] 最近10个episodes平均: 11671.30
[16:00:49] 各Agent奖励:
[16:00:49]   wind      : 9407.331
[16:00:49]   solar     : 2089.467
[16:00:49]   diesel    :  936.903
[16:00:49]   battery   :    9.707
[16:00:49]   customer  : -132.893
[16:00:49] Buffer大小:   240
[16:00:49] 噪声水平: 0.0990
[16:00:49] 
动作统计:
[16:00:49]   wind      : mean=-0.155, std= 0.106, min=-0.384, max= 0.056
[16:00:49]   solar     : mean= 0.194, std= 0.125, min=-0.062, max= 0.478
[16:00:49]   diesel    : mean= 0.117, std= 0.142, min=-0.144, max= 0.420
[16:00:49]   battery   : mean= 0.126, std= 0.095, min=-0.096, max= 0.380
[16:00:49]   customer  : mean= 0.127, std= 0.103, min=-0.051, max= 0.342
[16:00:50] 
======================================================================
[16:00:50] Episode 6/200
[16:00:50] ======================================================================
[16:00:50] 总奖励:  1729.75 | 步数: 24
[16:00:50] 最近10个episodes平均: 10014.38
[16:00:50] 各Agent奖励:
[16:00:50]   wind      : -371.897
[16:00:50]   solar     :  598.452
[16:00:50]   diesel    : 1577.826
[16:00:50]   battery   :   15.252
[16:00:50]   customer  :  -89.884
[16:00:50] Buffer大小:   264
[16:00:50] 噪声水平: 0.0989
[16:00:50] 
动作统计:
[16:00:50]   wind      : mean=-0.310, std= 0.095, min=-0.439, max=-0.017
[16:00:50]   solar     : mean= 0.359, std= 0.137, min= 0.060, max= 0.610
[16:00:50]   diesel    : mean= 0.264, std= 0.122, min=-0.036, max= 0.557
[16:00:50]   battery   : mean= 0.226, std= 0.100, min= 0.015, max= 0.508
[16:00:50]   customer  : mean= 0.230, std= 0.089, min= 0.047, max= 0.384
[16:00:50] 
======================================================================
[16:00:50] Episode 7/200
[16:00:50] ======================================================================
[16:00:50] 总奖励: 11259.36 | 步数: 24
[16:00:50] 最近10个episodes平均: 10192.23
[16:00:50] 各Agent奖励:
[16:00:50]   wind      : 3898.572
[16:00:50]   solar     : 1212.614
[16:00:50]   diesel    : 6317.006
[16:00:50]   battery   :   22.585
[16:00:50]   customer  : -191.418
[16:00:50] Buffer大小:   288
[16:00:50] 噪声水平: 0.0988
[16:00:50] 
动作统计:
[16:00:50]   wind      : mean=-0.421, std= 0.108, min=-0.637, max=-0.188
[16:00:50]   solar     : mean= 0.545, std= 0.159, min= 0.240, max= 0.859
[16:00:50]   diesel    : mean= 0.412, std= 0.116, min= 0.212, max= 0.698
[16:00:50]   battery   : mean= 0.374, std= 0.114, min= 0.088, max= 0.607
[16:00:50]   customer  : mean= 0.424, std= 0.087, min= 0.240, max= 0.568
[16:00:50] 
======================================================================
[16:00:50] Episode 8/200
[16:00:50] ======================================================================
[16:00:50] 总奖励: -8539.15 | 步数: 24
[16:00:50] 最近10个episodes平均:  7850.81
[16:00:50] 各Agent奖励:
[16:00:50]   wind      : -11461.672
[16:00:50]   solar     :    0.000
[16:00:50]   diesel    : 2953.623
[16:00:50]   battery   :   28.990
[16:00:50]   customer  :  -60.086
[16:00:50] Buffer大小:   312
[16:00:50] 噪声水平: 0.0987
[16:00:50] 
动作统计:
[16:00:50]   wind      : mean=-0.582, std= 0.122, min=-0.857, max=-0.375
[16:00:50]   solar     : mean= 0.667, std= 0.150, min= 0.375, max= 0.884
[16:00:50]   diesel    : mean= 0.592, std= 0.116, min= 0.415, max= 0.813
[16:00:50]   battery   : mean= 0.508, std= 0.110, min= 0.285, max= 0.793
[16:00:50]   customer  : mean= 0.660, std= 0.116, min= 0.439, max= 0.837
[16:00:50] 
======================================================================
[16:00:50] Episode 9/200
[16:00:50] ======================================================================
[16:00:50] 总奖励: -7022.20 | 步数: 24
[16:00:50] 最近10个episodes平均:  6198.25
[16:00:50] 各Agent奖励:
[16:00:50]   wind      : -12085.156
[16:00:50]   solar     :    0.000
[16:00:50]   diesel    : 5112.331
[16:00:50]   battery   :   33.436
[16:00:50]   customer  :  -82.808
[16:00:50] Buffer大小:   336
[16:00:50] 噪声水平: 0.0986
[16:00:50] 
动作统计:
[16:00:50]   wind      : mean=-0.674, std= 0.105, min=-0.824, max=-0.404
[16:00:50]   solar     : mean= 0.794, std= 0.143, min= 0.507, max= 1.000
[16:00:50]   diesel    : mean= 0.711, std= 0.104, min= 0.425, max= 0.987
[16:00:50]   battery   : mean= 0.608, std= 0.128, min= 0.187, max= 0.862
[16:00:50]   customer  : mean= 0.769, std= 0.115, min= 0.484, max= 1.000
[16:00:50] 
======================================================================
[16:00:50] Episode 10/200
[16:00:50] ======================================================================
[16:00:50] 总奖励: 16704.10 | 步数: 24
[16:00:50] 最近10个episodes平均:  7248.84
[16:00:50] 各Agent奖励:
[16:00:50]   wind      : 4271.592
[16:00:50]   solar     : 3561.609
[16:00:50]   diesel    : 9062.333
[16:00:50]   battery   :   28.709
[16:00:50]   customer  : -220.146
[16:00:50] Buffer大小:   360
[16:00:50] 噪声水平: 0.0985
[16:00:50] 
动作统计:
[16:00:50]   wind      : mean=-0.703, std= 0.114, min=-0.914, max=-0.433
[16:00:50]   solar     : mean= 0.851, std= 0.097, min= 0.679, max= 1.000
[16:00:50]   diesel    : mean= 0.818, std= 0.099, min= 0.618, max= 1.000
[16:00:50]   battery   : mean= 0.712, std= 0.110, min= 0.496, max= 0.958
[16:00:50]   customer  : mean= 0.876, std= 0.081, min= 0.679, max= 1.000
[16:00:50] 
📊 生成可视化图表...
[16:00:51]   ✓ 训练曲线: debug_plots/training_ep0010.png
[16:00:51]   ✓ Agent分析: debug_plots/agents_ep0010.png
[16:00:51] 
======================================================================
[16:00:51] Episode 11/200
[16:00:51] ======================================================================
[16:00:51] 总奖励:  2480.76 | 步数: 24
[16:00:51] 最近10个episodes平均:  6000.31
[16:00:51] 各Agent奖励:
[16:00:51]   wind      : -6353.299
[16:00:51]   solar     : 2501.084
[16:00:51]   diesel    : 6434.773
[16:00:51]   battery   :   37.368
[16:00:51]   customer  : -139.163
[16:00:51] Buffer大小:   384
[16:00:51] 噪声水平: 0.0984
[16:00:51] 
动作统计:
[16:00:51]   wind      : mean=-0.654, std= 0.095, min=-0.849, max=-0.430
[16:00:51]   solar     : mean= 0.907, std= 0.089, min= 0.728, max= 1.000
[16:00:51]   diesel    : mean= 0.904, std= 0.078, min= 0.684, max= 1.000
[16:00:51]   battery   : mean= 0.784, std= 0.127, min= 0.386, max= 1.000
[16:00:51]   customer  : mean= 0.924, std= 0.099, min= 0.600, max= 1.000
[16:00:51] 
======================================================================
[16:00:51] Episode 12/200
[16:00:51] ======================================================================
[16:00:51] 总奖励:  1088.15 | 步数: 24
[16:00:51] 最近10个episodes平均:  5126.81
[16:00:51] 各Agent奖励:
[16:00:51]   wind      : -1196.421
[16:00:51]   solar     :  796.720
[16:00:51]   diesel    : 1558.834
[16:00:51]   battery   :   41.271
[16:00:51]   customer  : -112.255
[16:00:51] Buffer大小:   408
[16:00:51] 噪声水平: 0.0983
[16:00:51] 
动作统计:
[16:00:51]   wind      : mean=-0.588, std= 0.096, min=-0.798, max=-0.399
[16:00:51]   solar     : mean= 0.947, std= 0.068, min= 0.788, max= 1.000
[16:00:51]   diesel    : mean= 0.928, std= 0.081, min= 0.732, max= 1.000
[16:00:51]   battery   : mean= 0.860, std= 0.102, min= 0.664, max= 1.000
[16:00:51]   customer  : mean= 0.938, std= 0.067, min= 0.767, max= 1.000
[16:00:51] 
======================================================================
[16:00:51] Episode 13/200
[16:00:51] ======================================================================
[16:00:51] 总奖励:  6342.70 | 步数: 24
[16:00:51] 最近10个episodes平均:  4631.56
[16:00:51] 各Agent奖励:
[16:00:51]   wind      :  -74.738
[16:00:51]   solar     : 2256.282
[16:00:51]   diesel    : 4270.404
[16:00:51]   battery   :   42.357
[16:00:51]   customer  : -151.606
[16:00:51] Buffer大小:   432
[16:00:51] 噪声水平: 0.0982
[16:00:51] 
动作统计:
[16:00:51]   wind      : mean=-0.361, std= 0.097, min=-0.532, max=-0.160
[16:00:51]   solar     : mean= 0.951, std= 0.063, min= 0.798, max= 1.000
[16:00:51]   diesel    : mean= 0.942, std= 0.070, min= 0.787, max= 1.000
[16:00:51]   battery   : mean= 0.883, std= 0.099, min= 0.626, max= 1.000
[16:00:51]   customer  : mean= 0.956, std= 0.047, min= 0.856, max= 1.000
[16:00:51] 
======================================================================
[16:00:51] Episode 14/200
[16:00:51] ======================================================================
[16:00:51] 总奖励: 27503.36 | 步数: 24
[16:00:51] 最近10个episodes平均:  6385.73
[16:00:51] 各Agent奖励:
[16:00:51]   wind      : 12995.548
[16:00:51]   solar     : 5767.037
[16:00:51]   diesel    : 8981.002
[16:00:51]   battery   :   41.065
[16:00:51]   customer  : -281.291
[16:00:51] Buffer大小:   456
[16:00:51] 噪声水平: 0.0981
[16:00:51] 
动作统计:
[16:00:51]   wind      : mean=-0.152, std= 0.103, min=-0.342, max= 0.033
[16:00:51]   solar     : mean= 0.947, std= 0.070, min= 0.783, max= 1.000
[16:00:51]   diesel    : mean= 0.964, std= 0.046, min= 0.836, max= 1.000
[16:00:51]   battery   : mean= 0.912, std= 0.085, min= 0.715, max= 1.000
[16:00:51]   customer  : mean= 0.974, std= 0.036, min= 0.889, max= 1.000
[16:00:51] 
======================================================================
[16:00:51] Episode 15/200
[16:00:51] ======================================================================
[16:00:51] 总奖励: 27869.20 | 步数: 24
[16:00:51] 最近10个episodes平均:  7941.60
[16:00:51] 各Agent奖励:
[16:00:51]   wind      : 18107.176
[16:00:51]   solar     : 5151.704
[16:00:51]   diesel    : 4832.102
[16:00:51]   battery   :   41.630
[16:00:51]   customer  : -263.413
[16:00:51] Buffer大小:   480
[16:00:51] 噪声水平: 0.0980
[16:00:51] 
动作统计:
[16:00:51]   wind      : mean= 0.090, std= 0.088, min=-0.089, max= 0.253
[16:00:51]   solar     : mean= 0.944, std= 0.058, min= 0.807, max= 1.000
[16:00:51]   diesel    : mean= 0.962, std= 0.056, min= 0.764, max= 1.000
[16:00:51]   battery   : mean= 0.921, std= 0.066, min= 0.755, max= 1.000
[16:00:51]   customer  : mean= 0.953, std= 0.073, min= 0.694, max= 1.000
[16:00:52] 
======================================================================
[16:00:52] Episode 16/200
[16:00:52] ======================================================================
[16:00:52] 总奖励: 33937.70 | 步数: 24
[16:00:52] 最近10个episodes平均: 11162.40
[16:00:52] 各Agent奖励:
[16:00:52]   wind      : 29692.032
[16:00:52]   solar     :  381.064
[16:00:52]   diesel    : 4112.946
[16:00:52]   battery   :   20.359
[16:00:52]   customer  : -268.700
[16:00:52] Buffer大小:   504
[16:00:52] 噪声水平: 0.0979
[16:00:52] 
动作统计:
[16:00:52]   wind      : mean= 0.356, std= 0.100, min= 0.132, max= 0.618
[16:00:52]   solar     : mean= 0.965, std= 0.060, min= 0.774, max= 1.000
[16:00:52]   diesel    : mean= 0.947, std= 0.067, min= 0.725, max= 1.000
[16:00:52]   battery   : mean= 0.963, std= 0.046, min= 0.812, max= 1.000
[16:00:52]   customer  : mean= 0.961, std= 0.055, min= 0.809, max= 1.000
[16:00:52] 
======================================================================
[16:00:52] Episode 17/200
[16:00:52] ======================================================================
[16:00:52] 总奖励: 42475.06 | 步数: 24
[16:00:52] 最近10个episodes平均: 14283.97
[16:00:52] 各Agent奖励:
[16:00:52]   wind      : 36789.551
[16:00:52]   solar     : 1753.788
[16:00:52]   diesel    : 4224.282
[16:00:52]   battery   :   42.721
[16:00:52]   customer  : -335.277
[16:00:52] Buffer大小:   528
[16:00:52] 噪声水平: 0.0978
[16:00:52] 
动作统计:
[16:00:52]   wind      : mean= 0.617, std= 0.102, min= 0.459, max= 0.873
[16:00:52]   solar     : mean= 0.980, std= 0.034, min= 0.893, max= 1.000
[16:00:52]   diesel    : mean= 0.955, std= 0.058, min= 0.795, max= 1.000
[16:00:52]   battery   : mean= 0.952, std= 0.057, min= 0.822, max= 1.000
[16:00:52]   customer  : mean= 0.961, std= 0.065, min= 0.774, max= 1.000
[16:00:52] 
======================================================================
[16:00:52] Episode 18/200
[16:00:52] ======================================================================
[16:00:52] 总奖励: 46906.13 | 步数: 24
[16:00:52] 最近10个episodes平均: 19828.50
[16:00:52] 各Agent奖励:
[16:00:52]   wind      : 33472.788
[16:00:52]   solar     : 3168.518
[16:00:52]   diesel    : 10611.819
[16:00:52]   battery   :   40.957
[16:00:52]   customer  : -387.951
[16:00:52] Buffer大小:   552
[16:00:52] 噪声水平: 0.0977
[16:00:52] 
动作统计:
[16:00:52]   wind      : mean= 0.721, std= 0.096, min= 0.510, max= 0.918
[16:00:52]   solar     : mean= 0.958, std= 0.047, min= 0.862, max= 1.000
[16:00:52]   diesel    : mean= 0.966, std= 0.053, min= 0.797, max= 1.000
[16:00:52]   battery   : mean= 0.951, std= 0.053, min= 0.798, max= 1.000
[16:00:52]   customer  : mean= 0.975, std= 0.048, min= 0.824, max= 1.000
[16:00:52] 
======================================================================
[16:00:52] Episode 19/200
[16:00:52] ======================================================================
[16:00:52] 总奖励: 52500.37 | 步数: 24
[16:00:52] 最近10个episodes平均: 25780.75
[16:00:52] 各Agent奖励:
[16:00:52]   wind      : 36972.403
[16:00:52]   solar     : 1924.548
[16:00:52]   diesel    : 13995.979
[16:00:52]   battery   :   11.223
[16:00:52]   customer  : -403.783
[16:00:52] Buffer大小:   576
[16:00:52] 噪声水平: 0.0976
[16:00:52] 
动作统计:
[16:00:52]   wind      : mean= 0.814, std= 0.096, min= 0.650, max= 0.994
[16:00:52]   solar     : mean= 0.962, std= 0.043, min= 0.861, max= 1.000
[16:00:52]   diesel    : mean= 0.962, std= 0.055, min= 0.796, max= 1.000
[16:00:52]   battery   : mean= 0.977, std= 0.038, min= 0.832, max= 1.000
[16:00:52]   customer  : mean= 0.946, std= 0.067, min= 0.792, max= 1.000
[16:00:52] 
======================================================================
[16:00:52] Episode 20/200
[16:00:52] ======================================================================
[16:00:52] 总奖励: 52069.30 | 步数: 24
[16:00:52] 最近10个episodes平均: 29317.27
[16:00:52] 各Agent奖励:
[16:00:52]   wind      : 29735.907
[16:00:52]   solar     : 4084.357
[16:00:52]   diesel    : 18663.277
[16:00:52]   battery   :   44.909
[16:00:52]   customer  : -459.144
[16:00:52] Buffer大小:   600
[16:00:52] 噪声水平: 0.0975
[16:00:52] 
动作统计:
[16:00:52]   wind      : mean= 0.862, std= 0.104, min= 0.589, max= 1.000
[16:00:52]   solar     : mean= 0.973, std= 0.042, min= 0.863, max= 1.000
[16:00:52]   diesel    : mean= 0.961, std= 0.057, min= 0.781, max= 1.000
[16:00:52]   battery   : mean= 0.950, std= 0.075, min= 0.599, max= 1.000
[16:00:52]   customer  : mean= 0.932, std= 0.070, min= 0.812, max= 1.000
[16:00:52] 
📊 生成可视化图表...
[16:00:53]   ✓ 训练曲线: debug_plots/training_ep0020.png
[16:00:53]   ✓ Agent分析: debug_plots/agents_ep0020.png
[16:00:53] 
======================================================================
[16:00:53] Episode 21/200
[16:00:53] ======================================================================
[16:00:53] 总奖励: 52013.06 | 步数: 24
[16:00:53] 最近10个episodes平均: 34270.50
[16:00:53] 各Agent奖励:
[16:00:53]   wind      : 20853.633
[16:00:53]   solar     : 8191.244
[16:00:53]   diesel    : 23405.557
[16:00:53]   battery   :   44.643
[16:00:53]   customer  : -482.019
[16:00:53] Buffer大小:   624
[16:00:53] 噪声水平: 0.0974
[16:00:53] 
动作统计:
[16:00:53]   wind      : mean= 0.920, std= 0.080, min= 0.706, max= 1.000
[16:00:53]   solar     : mean= 0.944, std= 0.069, min= 0.750, max= 1.000
[16:00:53]   diesel    : mean= 0.956, std= 0.055, min= 0.796, max= 1.000
[16:00:53]   battery   : mean= 0.951, std= 0.062, min= 0.753, max= 1.000
[16:00:53]   customer  : mean= 0.975, std= 0.039, min= 0.872, max= 1.000
[16:00:53] 
======================================================================
[16:00:53] Episode 22/200
[16:00:53] ======================================================================
[16:00:53] 总奖励: 53422.95 | 步数: 24
[16:00:53] 最近10个episodes平均: 39503.98
[16:00:53] 各Agent奖励:
[16:00:53]   wind      : 25833.595
[16:00:53]   solar     : 4725.332
[16:00:53]   diesel    : 23308.965
[16:00:53]   battery   :   42.195
[16:00:53]   customer  : -487.142
[16:00:53] Buffer大小:   648
[16:00:53] 噪声水平: 0.0973
[16:00:53] 
动作统计:
[16:00:53]   wind      : mean= 0.927, std= 0.084, min= 0.690, max= 1.000
[16:00:53]   solar     : mean= 0.979, std= 0.032, min= 0.893, max= 1.000
[16:00:53]   diesel    : mean= 0.955, std= 0.063, min= 0.678, max= 1.000
[16:00:53]   battery   : mean= 0.964, std= 0.063, min= 0.756, max= 1.000
[16:00:53]   customer  : mean= 0.985, std= 0.027, min= 0.912, max= 1.000
[16:00:53] 
======================================================================
[16:00:53] Episode 23/200
[16:00:53] ======================================================================
[16:00:53] 总奖励: 54119.41 | 步数: 24
[16:00:53] 最近10个episodes平均: 44281.65
[16:00:53] 各Agent奖励:
[16:00:53]   wind      : 20859.619
[16:00:53]   solar     : 6650.826
[16:00:53]   diesel    : 27083.337
[16:00:53]   battery   :   43.686
[16:00:53]   customer  : -518.061
[16:00:53] Buffer大小:   672
[16:00:53] 噪声水平: 0.0972
[16:00:53] 
动作统计:
[16:00:53]   wind      : mean= 0.952, std= 0.078, min= 0.701, max= 1.000
[16:00:53]   solar     : mean= 0.971, std= 0.047, min= 0.839, max= 1.000
[16:00:53]   diesel    : mean= 0.951, std= 0.067, min= 0.723, max= 1.000
[16:00:53]   battery   : mean= 0.935, std= 0.088, min= 0.685, max= 1.000
[16:00:53]   customer  : mean= 0.970, std= 0.042, min= 0.875, max= 1.000
[16:00:53] 
======================================================================
[16:00:53] Episode 24/200
[16:00:53] ======================================================================
[16:00:53] 总奖励: 52869.75 | 步数: 24
[16:00:53] 最近10个episodes平均: 46818.29
[16:00:53] 各Agent奖励:
[16:00:53]   wind      : 31121.711
[16:00:53]   solar     : 2104.003
[16:00:53]   diesel    : 20069.726
[16:00:53]   battery   :   43.407
[16:00:53]   customer  : -469.098
[16:00:53] Buffer大小:   696
[16:00:53] 噪声水平: 0.0971
[16:00:53] 
动作统计:
[16:00:53]   wind      : mean= 0.954, std= 0.055, min= 0.810, max= 1.000
[16:00:53]   solar     : mean= 0.959, std= 0.051, min= 0.837, max= 1.000
[16:00:53]   diesel    : mean= 0.956, std= 0.065, min= 0.725, max= 1.000
[16:00:53]   battery   : mean= 0.965, std= 0.047, min= 0.784, max= 1.000
[16:00:53]   customer  : mean= 0.968, std= 0.047, min= 0.839, max= 1.000
[16:00:53] 
======================================================================
[16:00:53] Episode 25/200
[16:00:53] ======================================================================
[16:00:53] 总奖励: 51980.45 | 步数: 24
[16:00:53] 最近10个episodes平均: 49229.42
[16:00:53] 各Agent奖励:
[16:00:53]   wind      : 19511.511
[16:00:53]   solar     : 7204.705
[16:00:53]   diesel    : 25712.223
[16:00:53]   battery   :   43.384
[16:00:53]   customer  : -491.374
[16:00:53] Buffer大小:   720
[16:00:53] 噪声水平: 0.0970
[16:00:53] 
动作统计:
[16:00:53]   wind      : mean= 0.960, std= 0.041, min= 0.848, max= 1.000
[16:00:53]   solar     : mean= 0.955, std= 0.059, min= 0.825, max= 1.000
[16:00:53]   diesel    : mean= 0.963, std= 0.049, min= 0.827, max= 1.000
[16:00:53]   battery   : mean= 0.931, std= 0.065, min= 0.743, max= 1.000
[16:00:53]   customer  : mean= 0.954, std= 0.062, min= 0.785, max= 1.000
[16:00:54] 
======================================================================
[16:00:54] Episode 26/200
[16:00:54] ======================================================================
[16:00:54] 总奖励: 53127.20 | 步数: 24
[16:00:54] 最近10个episodes平均: 51148.37
[16:00:54] 各Agent奖励:
[16:00:54]   wind      : 25500.709
[16:00:54]   solar     : 8440.290
[16:00:54]   diesel    : 19609.200
[16:00:54]   battery   :   43.451
[16:00:54]   customer  : -466.445
[16:00:54] Buffer大小:   744
[16:00:54] 噪声水平: 0.0969
[16:00:54] 
动作统计:
[16:00:54]   wind      : mean= 0.950, std= 0.063, min= 0.806, max= 1.000
[16:00:54]   solar     : mean= 0.954, std= 0.055, min= 0.826, max= 1.000
[16:00:54]   diesel    : mean= 0.968, std= 0.050, min= 0.779, max= 1.000
[16:00:54]   battery   : mean= 0.870, std= 0.122, min= 0.628, max= 1.000
[16:00:54]   customer  : mean= 0.945, std= 0.068, min= 0.785, max= 1.000
[16:00:54] 
======================================================================
[16:00:54] Episode 27/200
[16:00:54] ======================================================================
[16:00:54] 总奖励: 52165.11 | 步数: 24
[16:00:54] 最近10个episodes平均: 52117.37
[16:00:54] 各Agent奖励:
[16:00:54]   wind      : 23636.305
[16:00:54]   solar     : 4512.391
[16:00:54]   diesel    : 24467.279
[16:00:54]   battery   :   36.909
[16:00:54]   customer  : -487.770
[16:00:54] Buffer大小:   768
[16:00:54] 噪声水平: 0.0968
[16:00:54] 
动作统计:
[16:00:54]   wind      : mean= 0.964, std= 0.055, min= 0.772, max= 1.000
[16:00:54]   solar     : mean= 0.961, std= 0.043, min= 0.867, max= 1.000
[16:00:54]   diesel    : mean= 0.960, std= 0.057, min= 0.783, max= 1.000
[16:00:54]   battery   : mean= 0.639, std= 0.328, min= 0.033, max= 1.000
[16:00:54]   customer  : mean= 0.946, std= 0.055, min= 0.842, max= 1.000
[16:00:54] 
======================================================================
[16:00:54] Episode 28/200
[16:00:54] ======================================================================
[16:00:54] 总奖励: 53771.71 | 步数: 24
[16:00:54] 最近10个episodes平均: 52803.93
[16:00:54] 各Agent奖励:
[16:00:54]   wind      : 23951.749
[16:00:54]   solar     : 6789.783
[16:00:54]   diesel    : 23476.940
[16:00:54]   battery   :   44.068
[16:00:54]   customer  : -490.835
[16:00:54] Buffer大小:   792
[16:00:54] 噪声水平: 0.0968
[16:00:54] 
动作统计:
[16:00:54]   wind      : mean= 0.957, std= 0.074, min= 0.678, max= 1.000
[16:00:54]   solar     : mean= 0.971, std= 0.048, min= 0.832, max= 1.000
[16:00:54]   diesel    : mean= 0.970, std= 0.053, min= 0.789, max= 1.000
[16:00:54]   battery   : mean= 0.399, std= 0.576, min=-0.422, max= 1.000
[16:00:54]   customer  : mean= 0.940, std= 0.078, min= 0.773, max= 1.000
[16:00:54] 
======================================================================
[16:00:54] Episode 29/200
[16:00:54] ======================================================================
[16:00:54] 总奖励: 54232.09 | 步数: 24
[16:00:54] 最近10个episodes平均: 52977.10
[16:00:54] 各Agent奖励:
[16:00:54]   wind      : 26428.649
[16:00:54]   solar     : 2042.987
[16:00:54]   diesel    : 26223.883
[16:00:54]   battery   :   39.111
[16:00:54]   customer  : -502.536
[16:00:54] Buffer大小:   816
[16:00:54] 噪声水平: 0.0967
[16:00:54] 
动作统计:
[16:00:54]   wind      : mean= 0.960, std= 0.050, min= 0.832, max= 1.000
[16:00:54]   solar     : mean= 0.980, std= 0.026, min= 0.925, max= 1.000
[16:00:54]   diesel    : mean= 0.949, std= 0.067, min= 0.769, max= 1.000
[16:00:54]   battery   : mean= 0.215, std= 0.765, min=-0.800, max= 1.000
[16:00:54]   customer  : mean= 0.972, std= 0.053, min= 0.755, max= 1.000
[16:00:54] 
======================================================================
[16:00:54] Episode 30/200
[16:00:54] ======================================================================
[16:00:54] 总奖励: 53169.36 | 步数: 24
[16:00:54] 最近10个episodes平均: 53087.11
[16:00:54] 各Agent奖励:
[16:00:54]   wind      : 21192.056
[16:00:54]   solar     : 6589.725
[16:00:54]   diesel    : 25842.983
[16:00:54]   battery   :   44.277
[16:00:54]   customer  : -499.681
[16:00:54] Buffer大小:   840
[16:00:54] 噪声水平: 0.0966
[16:00:54] 
动作统计:
[16:00:54]   wind      : mean= 0.970, std= 0.045, min= 0.791, max= 1.000
[16:00:54]   solar     : mean= 0.965, std= 0.046, min= 0.851, max= 1.000
[16:00:54]   diesel    : mean= 0.960, std= 0.051, min= 0.803, max= 1.000
[16:00:54]   battery   : mean= 0.087, std= 0.886, min=-0.970, max= 1.000
[16:00:54]   customer  : mean= 0.961, std= 0.050, min= 0.810, max= 1.000
[16:00:54] 
📊 生成可视化图表...
[16:00:55]   ✓ 训练曲线: debug_plots/training_ep0030.png
[16:00:55]   ✓ Agent分析: debug_plots/agents_ep0030.png
[16:00:55] 
======================================================================
[16:00:55] Episode 31/200
[16:00:55] ======================================================================
[16:00:55] 总奖励: 53974.88 | 步数: 24
[16:00:55] 最近10个episodes平均: 53283.29
[16:00:55] 各Agent奖励:
[16:00:55]   wind      : 17320.057
[16:00:55]   solar     : 7569.749
[16:00:55]   diesel    : 29566.327
[16:00:55]   battery   :   42.849
[16:00:55]   customer  : -524.106
[16:00:55] Buffer大小:   864
[16:00:55] 噪声水平: 0.0965
[16:00:55] 
动作统计:
[16:00:55]   wind      : mean= 0.965, std= 0.042, min= 0.865, max= 1.000
[16:00:55]   solar     : mean= 0.961, std= 0.056, min= 0.835, max= 1.000
[16:00:55]   diesel    : mean= 0.969, std= 0.046, min= 0.804, max= 1.000
[16:00:55]   battery   : mean= 0.011, std= 0.921, min=-1.000, max= 1.000
[16:00:55]   customer  : mean= 0.969, std= 0.047, min= 0.866, max= 1.000
[16:00:55] 
======================================================================
[16:00:55] Episode 32/200
[16:00:55] ======================================================================
[16:00:55] 总奖励: 52963.39 | 步数: 24
[16:00:55] 最近10个episodes平均: 53237.33
[16:00:55] 各Agent奖励:
[16:00:55]   wind      : 28590.135
[16:00:55]   solar     : 3891.429
[16:00:55]   diesel    : 20911.385
[16:00:55]   battery   :   43.146
[16:00:55]   customer  : -472.705
[16:00:55] Buffer大小:   888
[16:00:55] 噪声水平: 0.0964
[16:00:55] 
动作统计:
[16:00:55]   wind      : mean= 0.961, std= 0.052, min= 0.849, max= 1.000
[16:00:55]   solar     : mean= 0.968, std= 0.049, min= 0.853, max= 1.000
[16:00:55]   diesel    : mean= 0.965, std= 0.051, min= 0.817, max= 1.000
[16:00:55]   battery   : mean= 0.014, std= 0.955, min=-1.000, max= 1.000
[16:00:55]   customer  : mean= 0.982, std= 0.037, min= 0.836, max= 1.000
[16:00:55] 
======================================================================
[16:00:55] Episode 33/200
[16:00:55] ======================================================================
[16:00:55] 总奖励: 54106.38 | 步数: 24
[16:00:55] 最近10个episodes平均: 53236.03
[16:00:55] 各Agent奖励:
[16:00:55]   wind      : 16406.439
[16:00:55]   solar     : 3394.303
[16:00:55]   diesel    : 34812.168
[16:00:55]   battery   :   43.486
[16:00:55]   customer  : -550.018
[16:00:55] Buffer大小:   912
[16:00:55] 噪声水平: 0.0963
[16:00:55] 
动作统计:
[16:00:55]   wind      : mean= 0.980, std= 0.040, min= 0.807, max= 1.000
[16:00:55]   solar     : mean= 0.963, std= 0.070, min= 0.696, max= 1.000
[16:00:55]   diesel    : mean= 0.953, std= 0.069, min= 0.753, max= 1.000
[16:00:55]   battery   : mean= 0.003, std= 0.950, min=-1.000, max= 1.000
[16:00:55]   customer  : mean= 0.956, std= 0.069, min= 0.696, max= 1.000
[16:00:55] 
======================================================================
[16:00:55] Episode 34/200
[16:00:55] ======================================================================
[16:00:55] 总奖励: 54599.83 | 步数: 24
[16:00:55] 最近10个episodes平均: 53409.04
[16:00:55] 各Agent奖励:
[16:00:55]   wind      : 25397.339
[16:00:55]   solar     : 9164.349
[16:00:55]   diesel    : 20474.352
[16:00:55]   battery   :   40.851
[16:00:55]   customer  : -477.058
[16:00:55] Buffer大小:   936
[16:00:55] 噪声水平: 0.0962
[16:00:55] 
动作统计:
[16:00:55]   wind      : mean= 0.950, std= 0.071, min= 0.689, max= 1.000
[16:00:55]   solar     : mean= 0.953, std= 0.056, min= 0.820, max= 1.000
[16:00:55]   diesel    : mean= 0.965, std= 0.053, min= 0.755, max= 1.000
[16:00:55]   battery   : mean=-0.003, std= 0.958, min=-1.000, max= 1.000
[16:00:55]   customer  : mean= 0.966, std= 0.054, min= 0.811, max= 1.000
[16:00:55] 
======================================================================
[16:00:55] Episode 35/200
[16:00:55] ======================================================================
[16:00:55] 总奖励: 51930.02 | 步数: 24
[16:00:55] 最近10个episodes平均: 53404.00
[16:00:55] 各Agent奖励:
[16:00:55]   wind      : 14905.765
[16:00:55]   solar     : 4815.471
[16:00:55]   diesel    : 32696.338
[16:00:55]   battery   :    5.369
[16:00:55]   customer  : -492.919
[16:00:55] Buffer大小:   960
[16:00:55] 噪声水平: 0.0961
[16:00:55] 
动作统计:
[16:00:55]   wind      : mean= 0.963, std= 0.052, min= 0.797, max= 1.000
[16:00:55]   solar     : mean= 0.957, std= 0.059, min= 0.832, max= 1.000
[16:00:55]   diesel    : mean= 0.941, std= 0.065, min= 0.723, max= 1.000
[16:00:55]   battery   : mean= 0.006, std= 0.948, min=-1.000, max= 1.000
[16:00:55]   customer  : mean= 0.947, std= 0.071, min= 0.735, max= 1.000
[16:00:56] 
======================================================================
[16:00:56] Episode 36/200
[16:00:56] ======================================================================
[16:00:56] 总奖励: 54499.43 | 步数: 24
[16:00:56] 最近10个episodes平均: 53541.22
[16:00:56] 各Agent奖励:
[16:00:56]   wind      : 22024.239
[16:00:56]   solar     : 5583.162
[16:00:56]   diesel    : 27362.455
[16:00:56]   battery   :   42.708
[16:00:56]   customer  : -513.137
[16:00:56] Buffer大小:   984
[16:00:56] 噪声水平: 0.0960
[16:00:56] 
动作统计:
[16:00:56]   wind      : mean= 0.978, std= 0.044, min= 0.815, max= 1.000
[16:00:56]   solar     : mean= 0.966, std= 0.057, min= 0.792, max= 1.000
[16:00:56]   diesel    : mean= 0.964, std= 0.053, min= 0.804, max= 1.000
[16:00:56]   battery   : mean=-0.007, std= 0.964, min=-1.000, max= 1.000
[16:00:56]   customer  : mean= 0.969, std= 0.041, min= 0.878, max= 1.000
[16:00:56] 
======================================================================
[16:00:56] Episode 37/200
[16:00:56] ======================================================================
[16:00:56] 总奖励: 53768.44 | 步数: 24
[16:00:56] 最近10个episodes平均: 53701.55
[16:00:56] 各Agent奖励:
[16:00:56]   wind      : 29674.482
[16:00:56]   solar     : 3489.786
[16:00:56]   diesel    : 21039.111
[16:00:56]   battery   :   38.379
[16:00:56]   customer  : -473.322
[16:00:56] Buffer大小:  1008
[16:00:56] 噪声水平: 0.0959
[16:00:56] 
动作统计:
[16:00:56]   wind      : mean= 0.933, std= 0.067, min= 0.766, max= 1.000
[16:00:56]   solar     : mean= 0.990, std= 0.021, min= 0.909, max= 1.000
[16:00:56]   diesel    : mean= 0.960, std= 0.060, min= 0.759, max= 1.000
[16:00:56]   battery   : mean= 0.001, std= 0.952, min=-1.000, max= 1.000
[16:00:56]   customer  : mean= 0.989, std= 0.022, min= 0.926, max= 1.000
[16:00:56] 
======================================================================
[16:00:56] Episode 38/200
[16:00:56] ======================================================================
[16:00:56] 总奖励: 52963.68 | 步数: 24
[16:00:56] 最近10个episodes平均: 53620.75
[16:00:56] 各Agent奖励:
[16:00:56]   wind      : 30801.039
[16:00:56]   solar     : 7557.759
[16:00:56]   diesel    : 15003.558
[16:00:56]   battery   :   42.229
[16:00:56]   customer  : -440.904
[16:00:56] Buffer大小:  1032
[16:00:56] 噪声水平: 0.0958
[16:00:56] 
动作统计:
[16:00:56]   wind      : mean= 0.959, std= 0.056, min= 0.832, max= 1.000
[16:00:56]   solar     : mean= 0.983, std= 0.026, min= 0.891, max= 1.000
[16:00:56]   diesel    : mean= 0.972, std= 0.043, min= 0.832, max= 1.000
[16:00:56]   battery   : mean=-0.004, std= 0.933, min=-1.000, max= 1.000
[16:00:56]   customer  : mean= 0.958, std= 0.059, min= 0.822, max= 1.000
[16:00:56] 
======================================================================
[16:00:56] Episode 39/200
[16:00:56] ======================================================================
[16:00:56] 总奖励: 52318.36 | 步数: 24
[16:00:56] 最近10个episodes平均: 53429.38
[16:00:56] 各Agent奖励:
[16:00:56]   wind      : 22466.004
[16:00:56]   solar     : 8662.630
[16:00:56]   diesel    : 21619.113
[16:00:56]   battery   :   42.062
[16:00:56]   customer  : -471.449
[16:00:56] Buffer大小:  1056
[16:00:56] 噪声水平: 0.0957
[16:00:56] 
动作统计:
[16:00:56]   wind      : mean= 0.966, std= 0.058, min= 0.799, max= 1.000
[16:00:56]   solar     : mean= 0.957, std= 0.058, min= 0.820, max= 1.000
[16:00:56]   diesel    : mean= 0.963, std= 0.050, min= 0.782, max= 1.000
[16:00:56]   battery   : mean= 0.012, std= 0.954, min=-1.000, max= 1.000
[16:00:56]   customer  : mean= 0.963, std= 0.052, min= 0.800, max= 1.000
[16:00:57] 
======================================================================
[16:00:57] Episode 40/200
[16:00:57] ======================================================================
[16:00:57] 总奖励: 55261.17 | 步数: 24
[16:00:57] 最近10个episodes平均: 53638.56
[16:00:57] 各Agent奖励:
[16:00:57]   wind      : 29435.797
[16:00:57]   solar     : 7063.640
[16:00:57]   diesel    : 19196.503
[16:00:57]   battery   :   40.459
[16:00:57]   customer  : -475.230
[16:00:57] Buffer大小:  1080
[16:00:57] 噪声水平: 0.0956
[16:00:57] 
动作统计:
[16:00:57]   wind      : mean= 0.963, std= 0.062, min= 0.750, max= 1.000
[16:00:57]   solar     : mean= 0.960, std= 0.053, min= 0.826, max= 1.000
[16:00:57]   diesel    : mean= 0.959, std= 0.062, min= 0.776, max= 1.000
[16:00:57]   battery   : mean=-0.014, std= 0.953, min=-1.000, max= 1.000
[16:00:57]   customer  : mean= 0.966, std= 0.058, min= 0.786, max= 1.000
[16:00:57] 
📊 生成可视化图表...
[16:00:57]   ✓ 训练曲线: debug_plots/training_ep0040.png
[16:00:57]   ✓ Agent分析: debug_plots/agents_ep0040.png
[16:00:57] 
======================================================================
[16:00:57] Episode 41/200
[16:00:57] ======================================================================
[16:00:57] 总奖励: 53117.30 | 步数: 24
[16:00:57] 最近10个episodes平均: 53552.80
[16:00:57] 各Agent奖励:
[16:00:57]   wind      : 21848.732
[16:00:57]   solar     : 7553.301
[16:00:57]   diesel    : 24161.525
[16:00:57]   battery   :   41.962
[16:00:57]   customer  : -488.218
[16:00:57] Buffer大小:  1104
[16:00:57] 噪声水平: 0.0955
[16:00:57] 
动作统计:
[16:00:57]   wind      : mean= 0.973, std= 0.044, min= 0.872, max= 1.000
[16:00:57]   solar     : mean= 0.976, std= 0.035, min= 0.883, max= 1.000
[16:00:57]   diesel    : mean= 0.960, std= 0.056, min= 0.810, max= 1.000
[16:00:57]   battery   : mean= 0.013, std= 0.952, min=-1.000, max= 1.000
[16:00:57]   customer  : mean= 0.950, std= 0.064, min= 0.808, max= 1.000
[16:00:57] 
======================================================================
[16:00:57] Episode 42/200
[16:00:57] ======================================================================
[16:00:57] 总奖励: 52603.37 | 步数: 24
[16:00:57] 最近10个episodes平均: 53516.80
[16:00:57] 各Agent奖励:
[16:00:57]   wind      : 13422.566
[16:00:57]   solar     : 7052.489
[16:00:57]   diesel    : 32616.702
[16:00:57]   battery   :   42.921
[16:00:57]   customer  : -531.306
[16:00:57] Buffer大小:  1128
[16:00:57] 噪声水平: 0.0954
[16:00:57] 
动作统计:
[16:00:57]   wind      : mean= 0.955, std= 0.052, min= 0.792, max= 1.000
[16:00:57]   solar     : mean= 0.943, std= 0.056, min= 0.836, max= 1.000
[16:00:57]   diesel    : mean= 0.953, std= 0.058, min= 0.760, max= 1.000
[16:00:57]   battery   : mean=-0.005, std= 0.960, min=-1.000, max= 1.000
[16:00:57]   customer  : mean= 0.972, std= 0.048, min= 0.831, max= 1.000
[16:00:58] 
======================================================================
[16:00:58] Episode 43/200
[16:00:58] ======================================================================
[16:00:58] 总奖励: 55039.15 | 步数: 24
[16:00:58] 最近10个episodes平均: 53610.08
[16:00:58] 各Agent奖励:
[16:00:58]   wind      : 21036.987
[16:00:58]   solar     : 9640.486
[16:00:58]   diesel    : 24828.228
[16:00:58]   battery   :   41.839
[16:00:58]   customer  : -508.386
[16:00:58] Buffer大小:  1152
[16:00:58] 噪声水平: 0.0953
[16:00:58] 
动作统计:
[16:00:58]   wind      : mean= 0.946, std= 0.064, min= 0.772, max= 1.000
[16:00:58]   solar     : mean= 0.946, std= 0.059, min= 0.799, max= 1.000
[16:00:58]   diesel    : mean= 0.951, std= 0.060, min= 0.798, max= 1.000
[16:00:58]   battery   : mean=-0.002, std= 0.959, min=-1.000, max= 1.000
[16:00:58]   customer  : mean= 0.966, std= 0.047, min= 0.805, max= 1.000
[16:00:58] 
======================================================================
[16:00:58] Episode 44/200
[16:00:58] ======================================================================
[16:00:58] 总奖励: 53548.51 | 步数: 24
[16:00:58] 最近10个episodes平均: 53504.94
[16:00:58] 各Agent奖励:
[16:00:58]   wind      : 16699.100
[16:00:58]   solar     : 6678.739
[16:00:58]   diesel    : 30651.888
[16:00:58]   battery   :   38.268
[16:00:58]   customer  : -519.489
[16:00:58] Buffer大小:  1176
[16:00:58] 噪声水平: 0.0952
[16:00:58] 
动作统计:
[16:00:58]   wind      : mean= 0.978, std= 0.045, min= 0.810, max= 1.000
[16:00:58]   solar     : mean= 0.925, std= 0.076, min= 0.752, max= 1.000
[16:00:58]   diesel    : mean= 0.965, std= 0.049, min= 0.812, max= 1.000
[16:00:58]   battery   : mean=-0.009, std= 0.970, min=-1.000, max= 1.000
[16:00:58]   customer  : mean= 0.971, std= 0.046, min= 0.822, max= 1.000
[16:00:58] 
======================================================================
[16:00:58] Episode 45/200
[16:00:58] ======================================================================
[16:00:58] 总奖励: 50362.78 | 步数: 24
[16:00:58] 最近10个episodes平均: 53348.22
[16:00:58] 各Agent奖励:
[16:00:58]   wind      : 16376.989
[16:00:58]   solar     : 8920.318
[16:00:58]   diesel    : 25503.484
[16:00:58]   battery   :   39.609
[16:00:58]   customer  : -477.625
[16:00:58] Buffer大小:  1200
[16:00:58] 噪声水平: 0.0951
[16:00:58] 
动作统计:
[16:00:58]   wind      : mean= 0.961, std= 0.062, min= 0.825, max= 1.000
[16:00:58]   solar     : mean= 0.822, std= 0.111, min= 0.633, max= 1.000
[16:00:58]   diesel    : mean= 0.946, std= 0.064, min= 0.716, max= 1.000
[16:00:58]   battery   : mean=-0.002, std= 0.957, min=-1.000, max= 1.000
[16:00:58]   customer  : mean= 0.973, std= 0.047, min= 0.823, max= 1.000
[16:00:58] 
======================================================================
[16:00:58] Episode 46/200
[16:00:58] ======================================================================
[16:00:58] 总奖励: 37777.59 | 步数: 24
[16:00:58] 最近10个episodes平均: 51676.03
[16:00:58] 各Agent奖励:
[16:00:58]   wind      : 1524.406
[16:00:58]   solar     : 6246.870
[16:00:58]   diesel    : 30406.916
[16:00:58]   battery   :   25.894
[16:00:58]   customer  : -426.500
[16:00:58] Buffer大小:  1224
[16:00:58] 噪声水平: 0.0950
[16:00:58] 
动作统计:
[16:00:58]   wind      : mean= 0.945, std= 0.055, min= 0.842, max= 1.000
[16:00:58]   solar     : mean= 0.489, std= 0.101, min= 0.250, max= 0.660
[16:00:58]   diesel    : mean= 0.762, std= 0.212, min= 0.401, max= 1.000
[16:00:58]   battery   : mean= 0.001, std= 0.958, min=-1.000, max= 1.000
[16:00:58]   customer  : mean= 0.949, std= 0.078, min= 0.690, max= 1.000
[16:00:58] 
======================================================================
[16:00:58] Episode 47/200
[16:00:58] ======================================================================
[16:00:58] 总奖励: 20179.58 | 步数: 24
[16:00:58] 最近10个episodes平均: 48317.15
[16:00:58] 各Agent奖励:
[16:00:58]   wind      : 1761.405
[16:00:58]   solar     :  859.883
[16:00:58]   diesel    : 17809.829
[16:00:58]   battery   :    4.270
[16:00:58]   customer  : -255.802
[16:00:58] Buffer大小:  1248
[16:00:58] 噪声水平: 0.0949
[16:00:58] 
动作统计:
[16:00:58]   wind      : mean= 0.955, std= 0.067, min= 0.769, max= 1.000
[16:00:58]   solar     : mean= 0.025, std= 0.100, min=-0.143, max= 0.221
[16:00:58]   diesel    : mean= 0.385, std= 0.583, min=-0.379, max= 1.000
[16:00:58]   battery   : mean= 0.002, std= 0.951, min=-1.000, max= 1.000
[16:00:58]   customer  : mean= 0.971, std= 0.039, min= 0.861, max= 1.000
[16:00:58] 
======================================================================
[16:00:58] Episode 48/200
[16:00:58] ======================================================================
[16:00:58] 总奖励:  -538.58 | 步数: 24
[16:00:58] 最近10个episodes平均: 42966.92
[16:00:58] 各Agent奖励:
[16:00:58]   wind      : 1480.523
[16:00:58]   solar     : -126.216
[16:00:58]   diesel    : -1844.722
[16:00:58]   battery   :  -16.657
[16:00:58]   customer  :  -31.507
[16:00:58] Buffer大小:  1272
[16:00:58] 噪声水平: 0.0948
[16:00:58] 
动作统计:
[16:00:58]   wind      : mean= 0.947, std= 0.057, min= 0.812, max= 1.000
[16:00:58]   solar     : mean=-0.371, std= 0.146, min=-0.651, max=-0.008
[16:00:58]   diesel    : mean= 0.125, std= 0.838, min=-0.915, max= 1.000
[16:00:58]   battery   : mean=-0.010, std= 0.957, min=-1.000, max= 1.000
[16:00:58]   customer  : mean= 0.967, std= 0.049, min= 0.785, max= 1.000
[16:00:59] 
======================================================================
[16:00:59] Episode 49/200
[16:00:59] ======================================================================
[16:00:59] 总奖励: -7649.64 | 步数: 24
[16:00:59] 最近10个episodes平均: 36970.12
[16:00:59] 各Agent奖励:
[16:00:59]   wind      : 1147.362
[16:00:59]   solar     : -754.412
[16:00:59]   diesel    : -8055.155
[16:00:59]   battery   :  -23.047
[16:00:59]   customer  :   35.616
[16:00:59] Buffer大小:  1296
[16:00:59] 噪声水平: 0.0947
[16:00:59] 
动作统计:
[16:00:59]   wind      : mean= 0.965, std= 0.045, min= 0.813, max= 1.000
[16:00:59]   solar     : mean=-0.685, std= 0.127, min=-0.968, max=-0.468
[16:00:59]   diesel    : mean= 0.026, std= 0.945, min=-1.000, max= 1.000
[16:00:59]   battery   : mean= 0.012, std= 0.947, min=-1.000, max= 1.000
[16:00:59]   customer  : mean= 0.949, std= 0.065, min= 0.789, max= 1.000
[16:00:59] 
======================================================================
[16:00:59] Episode 50/200
[16:00:59] ======================================================================
[16:00:59] 总奖励: -21309.67 | 步数: 24
[16:00:59] 最近10个episodes平均: 29313.04
[16:00:59] 各Agent奖励:
[16:00:59]   wind      : 1581.963
[16:00:59]   solar     : -4320.972
[16:00:59]   diesel    : -18710.951
[16:00:59]   battery   :  -27.752
[16:00:59]   customer  :  168.043
[16:00:59] Buffer大小:  1320
[16:00:59] 噪声水平: 0.0946
[16:00:59] 
动作统计:
[16:00:59]   wind      : mean= 0.968, std= 0.051, min= 0.781, max= 1.000
[16:00:59]   solar     : mean=-0.814, std= 0.144, min=-1.000, max=-0.594
[16:00:59]   diesel    : mean= 0.009, std= 0.962, min=-1.000, max= 1.000
[16:00:59]   battery   : mean= 0.001, std= 0.960, min=-1.000, max= 1.000
[16:00:59]   customer  : mean= 0.979, std= 0.029, min= 0.904, max= 1.000
[16:00:59] 
📊 生成可视化图表...
[16:00:59]   ✓ 训练曲线: debug_plots/training_ep0050.png
[16:00:59]   ✓ Agent分析: debug_plots/agents_ep0050.png
[16:00:59] 💾 保存检查点: debug_checkpoints/debug_maddpg_20251124_160048_ep0050.pt
[16:00:59] 
======================================================================
[16:00:59] Episode 51/200
[16:00:59] ======================================================================
[16:00:59] 总奖励: -16651.57 | 步数: 24
[16:00:59] 最近10个episodes平均: 22336.15
[16:00:59] 各Agent奖励:
[16:00:59]   wind      : 1020.219
[16:00:59]   solar     : -4285.572
[16:00:59]   diesel    : -13478.335
[16:00:59]   battery   :  -27.248
[16:00:59]   customer  :  119.367
[16:00:59] Buffer大小:  1344
[16:00:59] 噪声水平: 0.0946
[16:00:59] 
动作统计:
[16:00:59]   wind      : mean= 0.964, std= 0.053, min= 0.797, max= 1.000
[16:00:59]   solar     : mean=-0.887, std= 0.087, min=-1.000, max=-0.665
[16:00:59]   diesel    : mean= 0.008, std= 0.962, min=-1.000, max= 1.000
[16:00:59]   battery   : mean= 0.010, std= 0.962, min=-1.000, max= 1.000
[16:00:59]   customer  : mean= 0.950, std= 0.076, min= 0.754, max= 1.000
[16:01:00] 
======================================================================
[16:01:00] Episode 52/200
[16:01:00] ======================================================================
[16:01:00] 总奖励: -15888.38 | 步数: 24
[16:01:00] 最近10个episodes平均: 15486.98
[16:01:00] 各Agent奖励:
[16:01:00]   wind      : 1709.462
[16:01:00]   solar     : -5344.136
[16:01:00]   diesel    : -12335.925
[16:01:00]   battery   :  -32.434
[16:01:00]   customer  :  114.658
[16:01:00] Buffer大小:  1368
[16:01:00] 噪声水平: 0.0945
[16:01:00] 
动作统计:
[16:01:00]   wind      : mean= 0.950, std= 0.069, min= 0.769, max= 1.000
[16:01:00]   solar     : mean=-0.889, std= 0.101, min=-1.000, max=-0.640
[16:01:00]   diesel    : mean= 0.012, std= 0.978, min=-1.000, max= 1.000
[16:01:00]   battery   : mean=-0.018, std= 0.957, min=-1.000, max= 1.000
[16:01:00]   customer  : mean= 0.958, std= 0.061, min= 0.816, max= 1.000
[16:01:00] 
======================================================================
[16:01:00] Episode 53/200
[16:01:00] ======================================================================
[16:01:00] 总奖励: -21583.33 | 步数: 24
[16:01:00] 最近10个episodes平均:  7824.73
[16:01:00] 各Agent奖励:
[16:01:00]   wind      : 1651.493
[16:01:00]   solar     : -5432.742
[16:01:00]   diesel    : -17934.603
[16:01:00]   battery   :  -31.754
[16:01:00]   customer  :  164.276
[16:01:00] Buffer大小:  1392
[16:01:00] 噪声水平: 0.0944
[16:01:00] 
动作统计:
[16:01:00]   wind      : mean= 0.958, std= 0.053, min= 0.814, max= 1.000
[16:01:00]   solar     : mean=-0.909, std= 0.087, min=-1.000, max=-0.652
[16:01:00]   diesel    : mean=-0.002, std= 0.959, min=-1.000, max= 1.000
[16:01:00]   battery   : mean=-0.017, std= 0.954, min=-1.000, max= 1.000
[16:01:00]   customer  : mean= 0.957, std= 0.051, min= 0.865, max= 1.000
[16:01:00] 
======================================================================
[16:01:00] Episode 54/200
[16:01:00] ======================================================================
[16:01:00] 总奖励: -34067.69 | 步数: 24
[16:01:00] 最近10个episodes平均:  -936.89
[16:01:00] 各Agent奖励:
[16:01:00]   wind      :  196.116
[16:01:00]   solar     : -5154.259
[16:01:00]   diesel    : -29368.960
[16:01:00]   battery   :  -31.532
[16:01:00]   customer  :  290.946
[16:01:00] Buffer大小:  1416
[16:01:00] 噪声水平: 0.0943
[16:01:00] 
动作统计:
[16:01:00]   wind      : mean= 0.949, std= 0.056, min= 0.805, max= 1.000
[16:01:00]   solar     : mean=-0.935, std= 0.074, min=-1.000, max=-0.706
[16:01:00]   diesel    : mean=-0.005, std= 0.960, min=-1.000, max= 1.000
[16:01:00]   battery   : mean= 0.010, std= 0.958, min=-1.000, max= 1.000
[16:01:00]   customer  : mean= 0.966, std= 0.046, min= 0.850, max= 1.000
[16:01:00] 
======================================================================
[16:01:00] Episode 55/200
[16:01:00] ======================================================================
[16:01:00] 总奖励: -3060.72 | 步数: 24
[16:01:00] 最近10个episodes平均: -6279.24
[16:01:00] 各Agent奖励:
[16:01:00]   wind      : 3058.565
[16:01:00]   solar     : -5920.665
[16:01:00]   diesel    : -155.422
[16:01:00]   battery   :  -27.244
[16:01:00]   customer  :  -15.957
[16:01:00] Buffer大小:  1440
[16:01:00] 噪声水平: 0.0942
[16:01:00] 
动作统计:
[16:01:00]   wind      : mean= 0.959, std= 0.060, min= 0.792, max= 1.000
[16:01:00]   solar     : mean=-0.945, std= 0.070, min=-1.000, max=-0.717
[16:01:00]   diesel    : mean= 0.005, std= 0.947, min=-1.000, max= 1.000
[16:01:00]   battery   : mean=-0.005, std= 0.972, min=-1.000, max= 1.000
[16:01:00]   customer  : mean= 0.940, std= 0.064, min= 0.809, max= 1.000
[16:01:01] 
======================================================================
[16:01:01] Episode 56/200
[16:01:01] ======================================================================
[16:01:01] 总奖励: -42318.61 | 步数: 24
[16:01:01] 最近10个episodes平均: -14288.86
[16:01:01] 各Agent奖励:
[16:01:01]   wind      :    0.000
[16:01:01]   solar     : -6343.081
[16:01:01]   diesel    : -36310.863
[16:01:01]   battery   :  -32.741
[16:01:01]   customer  :  368.073
[16:01:01] Buffer大小:  1464
[16:01:01] 噪声水平: 0.0941
[16:01:01] 
动作统计:
[16:01:01]   wind      : mean= 0.955, std= 0.079, min= 0.669, max= 1.000
[16:01:01]   solar     : mean=-0.957, std= 0.045, min=-1.000, max=-0.862
[16:01:01]   diesel    : mean=-0.004, std= 0.971, min=-1.000, max= 1.000
[16:01:01]   battery   : mean=-0.011, std= 0.967, min=-1.000, max= 1.000
[16:01:01]   customer  : mean= 0.957, std= 0.058, min= 0.839, max= 1.000
[16:01:01] 
======================================================================
[16:01:01] Episode 57/200
[16:01:01] ======================================================================
[16:01:01] 总奖励: -23247.48 | 步数: 24
[16:01:01] 最近10个episodes平均: -18631.57
[16:01:01] 各Agent奖励:
[16:01:01]   wind      :  785.804
[16:01:01]   solar     : -5504.897
[16:01:01]   diesel    : -18674.239
[16:01:01]   battery   :  -28.264
[16:01:01]   customer  :  174.112
[16:01:01] Buffer大小:  1488
[16:01:01] 噪声水平: 0.0940
[16:01:01] 
动作统计:
[16:01:01]   wind      : mean= 0.964, std= 0.060, min= 0.800, max= 1.000
[16:01:01]   solar     : mean=-0.959, std= 0.054, min=-1.000, max=-0.835
[16:01:01]   diesel    : mean= 0.000, std= 0.969, min=-1.000, max= 1.000
[16:01:01]   battery   : mean= 0.009, std= 0.950, min=-1.000, max= 1.000
[16:01:01]   customer  : mean= 0.973, std= 0.047, min= 0.846, max= 1.000
[16:01:01] 
======================================================================
[16:01:01] Episode 58/200
[16:01:01] ======================================================================
[16:01:01] 总奖励: -15336.92 | 步数: 24
[16:01:01] 最近10个episodes平均: -20111.40
[16:01:01] 各Agent奖励:
[16:01:01]   wind      : 2548.852
[16:01:01]   solar     : -5908.227
[16:01:01]   diesel    : -12052.945
[16:01:01]   battery   :  -31.969
[16:01:01]   customer  :  107.374
[16:01:01] Buffer大小:  1512
[16:01:01] 噪声水平: 0.0939
[16:01:01] 
动作统计:
[16:01:01]   wind      : mean= 0.969, std= 0.041, min= 0.866, max= 1.000
[16:01:01]   solar     : mean=-0.950, std= 0.066, min=-1.000, max=-0.797
[16:01:01]   diesel    : mean=-0.008, std= 0.953, min=-1.000, max= 1.000
[16:01:01]   battery   : mean= 0.011, std= 0.965, min=-1.000, max= 1.000
[16:01:01]   customer  : mean= 0.973, std= 0.042, min= 0.838, max= 1.000
[16:01:01] 
======================================================================
[16:01:01] Episode 59/200
[16:01:01] ======================================================================
[16:01:01] 总奖励: -15855.72 | 步数: 24
[16:01:01] 最近10个episodes平均: -20932.01
[16:01:01] 各Agent奖励:
[16:01:01]   wind      :  689.945
[16:01:01]   solar     : -6051.365
[16:01:01]   diesel    : -10563.261
[16:01:01]   battery   :  -31.141
[16:01:01]   customer  :  100.107
[16:01:01] Buffer大小:  1536
[16:01:01] 噪声水平: 0.0938
[16:01:01] 
动作统计:
[16:01:01]   wind      : mean= 0.942, std= 0.061, min= 0.806, max= 1.000
[16:01:01]   solar     : mean=-0.950, std= 0.062, min=-1.000, max=-0.795
[16:01:01]   diesel    : mean= 0.006, std= 0.959, min=-1.000, max= 1.000
[16:01:01]   battery   : mean= 0.021, std= 0.954, min=-1.000, max= 1.000
[16:01:01]   customer  : mean= 0.971, std= 0.050, min= 0.803, max= 1.000
[16:01:01] 
======================================================================
[16:01:01] Episode 60/200
[16:01:01] ======================================================================
[16:01:01] 总奖励: -28038.52 | 步数: 24
[16:01:01] 最近10个episodes平均: -21604.89
[16:01:01] 各Agent奖励:
[16:01:01]   wind      : 1944.243
[16:01:01]   solar     : -5827.580
[16:01:01]   diesel    : -24358.638
[16:01:01]   battery   :  -33.219
[16:01:01]   customer  :  236.670
[16:01:01] Buffer大小:  1560
[16:01:01] 噪声水平: 0.0937
[16:01:01] 
动作统计:
[16:01:01]   wind      : mean= 0.954, std= 0.053, min= 0.850, max= 1.000
[16:01:01]   solar     : mean=-0.965, std= 0.061, min=-1.000, max=-0.777
[16:01:01]   diesel    : mean=-0.008, std= 0.959, min=-1.000, max= 1.000
[16:01:01]   battery   : mean=-0.004, std= 0.965, min=-1.000, max= 1.000
[16:01:01]   customer  : mean= 0.941, std= 0.081, min= 0.716, max= 1.000
[16:01:01] 
📊 生成可视化图表...
[16:01:02]   ✓ 训练曲线: debug_plots/training_ep0060.png
[16:01:02]   ✓ Agent分析: debug_plots/agents_ep0060.png
[16:01:02] 
======================================================================
[16:01:02] Episode 61/200
[16:01:02] ======================================================================
[16:01:02] 总奖励: -27635.70 | 步数: 24
[16:01:02] 最近10个episodes平均: -22703.31
[16:01:02] 各Agent奖励:
[16:01:02]   wind      :  720.751
[16:01:02]   solar     : -6133.637
[16:01:02]   diesel    : -22416.184
[16:01:02]   battery   :  -32.984
[16:01:02]   customer  :  226.355
[16:01:02] Buffer大小:  1584
[16:01:02] 噪声水平: 0.0936
[16:01:02] 
动作统计:
[16:01:02]   wind      : mean= 0.949, std= 0.071, min= 0.708, max= 1.000
[16:01:02]   solar     : mean=-0.953, std= 0.064, min=-1.000, max=-0.782
[16:01:02]   diesel    : mean= 0.001, std= 0.958, min=-1.000, max= 1.000
[16:01:02]   battery   : mean=-0.001, std= 0.956, min=-1.000, max= 1.000
[16:01:02]   customer  : mean= 0.947, std= 0.058, min= 0.820, max= 1.000
[16:01:02] 
======================================================================
[16:01:02] Episode 62/200
[16:01:02] ======================================================================
[16:01:02] 总奖励: -15818.02 | 步数: 24
[16:01:02] 最近10个episodes平均: -22696.27
[16:01:02] 各Agent奖励:
[16:01:02]   wind      : 1135.526
[16:01:02]   solar     : -3745.764
[16:01:02]   diesel    : -13289.642
[16:01:02]   battery   :  -30.476
[16:01:02]   customer  :  112.337
[16:01:02] Buffer大小:  1608
[16:01:02] 噪声水平: 0.0935
[16:01:02] 
动作统计:
[16:01:02]   wind      : mean= 0.946, std= 0.061, min= 0.815, max= 1.000
[16:01:02]   solar     : mean=-0.965, std= 0.042, min=-1.000, max=-0.857
[16:01:02]   diesel    : mean= 0.007, std= 0.947, min=-1.000, max= 1.000
[16:01:02]   battery   : mean= 0.009, std= 0.966, min=-1.000, max= 1.000
[16:01:02]   customer  : mean= 0.953, std= 0.056, min= 0.824, max= 1.000
[16:01:02] 
======================================================================
[16:01:02] Episode 63/200
[16:01:02] ======================================================================
[16:01:02] 总奖励: -22038.56 | 步数: 24
[16:01:02] 最近10个episodes平均: -22741.79
[16:01:02] 各Agent奖励:
[16:01:02]   wind      : 1647.419
[16:01:02]   solar     : -7619.265
[16:01:02]   diesel    : -16199.462
[16:01:02]   battery   :  -33.696
[16:01:02]   customer  :  166.448
[16:01:02] Buffer大小:  1632
[16:01:02] 噪声水平: 0.0934
[16:01:02] 
动作统计:
[16:01:02]   wind      : mean= 0.953, std= 0.055, min= 0.827, max= 1.000
[16:01:02]   solar     : mean=-0.965, std= 0.057, min=-1.000, max=-0.756
[16:01:02]   diesel    : mean= 0.012, std= 0.956, min=-1.000, max= 1.000
[16:01:02]   battery   : mean=-0.001, std= 0.957, min=-1.000, max= 1.000
[16:01:02]   customer  : mean= 0.962, std= 0.052, min= 0.801, max= 1.000
[16:01:02] 
======================================================================
[16:01:02] Episode 64/200
[16:01:02] ======================================================================
[16:01:02] 总奖励: -23115.52 | 步数: 24
[16:01:02] 最近10个episodes平均: -21646.58
[16:01:02] 各Agent奖励:
[16:01:02]   wind      :  623.112
[16:01:02]   solar     : -5576.423
[16:01:02]   diesel    : -18312.491
[16:01:02]   battery   :  -26.094
[16:01:02]   customer  :  176.378
[16:01:02] Buffer大小:  1656
[16:01:02] 噪声水平: 0.0933
[16:01:02] 
动作统计:
[16:01:02]   wind      : mean= 0.956, std= 0.050, min= 0.828, max= 1.000
[16:01:02]   solar     : mean=-0.958, std= 0.052, min=-1.000, max=-0.794
[16:01:02]   diesel    : mean=-0.004, std= 0.961, min=-1.000, max= 1.000
[16:01:02]   battery   : mean=-0.012, std= 0.953, min=-1.000, max= 1.000
[16:01:02]   customer  : mean= 0.964, std= 0.039, min= 0.882, max= 1.000
[16:01:03] 
======================================================================
[16:01:03] Episode 65/200
[16:01:03] ======================================================================
[16:01:03] 总奖励: -40611.79 | 步数: 24
[16:01:03] 最近10个episodes平均: -25401.68
[16:01:03] 各Agent奖励:
[16:01:03]   wind      :    0.000
[16:01:03]   solar     : -4612.506
[16:01:03]   diesel    : -36327.816
[16:01:03]   battery   :  -33.125
[16:01:03]   customer  :  361.654
[16:01:03] Buffer大小:  1680
[16:01:03] 噪声水平: 0.0932
[16:01:03] 
动作统计:
[16:01:03]   wind      : mean= 0.979, std= 0.037, min= 0.845, max= 1.000
[16:01:03]   solar     : mean=-0.960, std= 0.047, min=-1.000, max=-0.877
[16:01:03]   diesel    : mean= 0.004, std= 0.967, min=-1.000, max= 1.000
[16:01:03]   battery   : mean= 0.008, std= 0.969, min=-1.000, max= 1.000
[16:01:03]   customer  : mean= 0.972, std= 0.048, min= 0.779, max= 1.000
[16:01:03] 
======================================================================
[16:01:03] Episode 66/200
[16:01:03] ======================================================================
[16:01:03] 总奖励: -40427.79 | 步数: 24
[16:01:03] 最近10个episodes平均: -25212.60
[16:01:03] 各Agent奖励:
[16:01:03]   wind      :    0.000
[16:01:03]   solar     : -2911.259
[16:01:03]   diesel    : -37852.634
[16:01:03]   battery   :  -29.998
[16:01:03]   customer  :  366.105
[16:01:03] Buffer大小:  1704
[16:01:03] 噪声水平: 0.0931
[16:01:03] 
动作统计:
[16:01:03]   wind      : mean= 0.957, std= 0.053, min= 0.811, max= 1.000
[16:01:03]   solar     : mean=-0.958, std= 0.057, min=-1.000, max=-0.820
[16:01:03]   diesel    : mean= 0.002, std= 0.967, min=-1.000, max= 1.000
[16:01:03]   battery   : mean= 0.000, std= 0.965, min=-1.000, max= 1.000
[16:01:03]   customer  : mean= 0.953, std= 0.061, min= 0.786, max= 1.000
[16:01:03] 
======================================================================
[16:01:03] Episode 67/200
[16:01:03] ======================================================================
[16:01:03] 总奖励: -40178.30 | 步数: 24
[16:01:03] 最近10个episodes平均: -26905.68
[16:01:03] 各Agent奖励:
[16:01:03]   wind      :    0.000
[16:01:03]   solar     : -9797.344
[16:01:03]   diesel    : -30679.155
[16:01:03]   battery   :  -30.845
[16:01:03]   customer  :  329.047
[16:01:03] Buffer大小:  1728
[16:01:03] 噪声水平: 0.0930
[16:01:03] 
动作统计:
[16:01:03]   wind      : mean= 0.959, std= 0.059, min= 0.835, max= 1.000
[16:01:03]   solar     : mean=-0.969, std= 0.042, min=-1.000, max=-0.840
[16:01:03]   diesel    : mean= 0.003, std= 0.963, min=-1.000, max= 1.000
[16:01:03]   battery   : mean= 0.002, std= 0.965, min=-1.000, max= 1.000
[16:01:03]   customer  : mean= 0.958, std= 0.065, min= 0.755, max= 1.000
[16:01:03] 
======================================================================
[16:01:03] Episode 68/200
[16:01:03] ======================================================================
[16:01:03] 总奖励: -15980.75 | 步数: 24
[16:01:03] 最近10个episodes平均: -26970.07
[16:01:03] 各Agent奖励:
[16:01:03]   wind      : 2413.106
[16:01:03]   solar     : -5900.320
[16:01:03]   diesel    : -12578.099
[16:01:03]   battery   :  -32.739
[16:01:03]   customer  :  117.301
[16:01:03] Buffer大小:  1752
[16:01:03] 噪声水平: 0.0930
[16:01:03] 
动作统计:
[16:01:03]   wind      : mean= 0.961, std= 0.046, min= 0.846, max= 1.000
[16:01:03]   solar     : mean=-0.974, std= 0.040, min=-1.000, max=-0.841
[16:01:03]   diesel    : mean=-0.008, std= 0.972, min=-1.000, max= 1.000
[16:01:03]   battery   : mean= 0.014, std= 0.949, min=-1.000, max= 1.000
[16:01:03]   customer  : mean= 0.972, std= 0.043, min= 0.864, max= 1.000
[16:01:03] 
======================================================================
[16:01:03] Episode 69/200
[16:01:03] ======================================================================
[16:01:03] 总奖励: -41603.12 | 步数: 24
[16:01:03] 最近10个episodes平均: -29544.81
[16:01:03] 各Agent奖励:
[16:01:03]   wind      :    0.000
[16:01:03]   solar     : -7240.015
[16:01:03]   diesel    : -34686.929
[16:01:03]   battery   :  -33.705
[16:01:03]   customer  :  357.529
[16:01:03] Buffer大小:  1776
[16:01:03] 噪声水平: 0.0929
[16:01:03] 
动作统计:
[16:01:03]   wind      : mean= 0.954, std= 0.076, min= 0.733, max= 1.000
[16:01:03]   solar     : mean=-0.979, std= 0.038, min=-1.000, max=-0.847
[16:01:03]   diesel    : mean= 0.001, std= 0.961, min=-1.000, max= 1.000
[16:01:03]   battery   : mean= 0.011, std= 0.966, min=-1.000, max= 1.000
[16:01:03]   customer  : mean= 0.960, std= 0.040, min= 0.871, max= 1.000
[16:01:03] 
======================================================================
[16:01:03] Episode 70/200
[16:01:03] ======================================================================
[16:01:03] 总奖励: -15738.34 | 步数: 24
[16:01:03] 最近10个episodes平均: -28314.79
[16:01:03] 各Agent奖励:
[16:01:03]   wind      : 2191.061
[16:01:03]   solar     : -4399.542
[16:01:03]   diesel    : -13614.566
[16:01:03]   battery   :  -31.483
[16:01:03]   customer  :  116.193
[16:01:03] Buffer大小:  1800
[16:01:03] 噪声水平: 0.0928
[16:01:03] 
动作统计:
[16:01:03]   wind      : mean= 0.973, std= 0.033, min= 0.894, max= 1.000
[16:01:03]   solar     : mean=-0.970, std= 0.042, min=-1.000, max=-0.854
[16:01:03]   diesel    : mean=-0.008, std= 0.960, min=-1.000, max= 1.000
[16:01:03]   battery   : mean=-0.000, std= 0.960, min=-1.000, max= 1.000
[16:01:03]   customer  : mean= 0.957, std= 0.059, min= 0.803, max= 1.000
[16:01:03] 
📊 生成可视化图表...
[16:01:04]   ✓ 训练曲线: debug_plots/training_ep0070.png
[16:01:04]   ✓ Agent分析: debug_plots/agents_ep0070.png
[16:01:04] 
======================================================================
[16:01:04] Episode 71/200
[16:01:04] ======================================================================
[16:01:04] 总奖励: -28172.94 | 步数: 24
[16:01:04] 最近10个episodes平均: -28368.51
[16:01:04] 各Agent奖励:
[16:01:04]   wind      :  542.299
[16:01:04]   solar     : -4665.171
[16:01:04]   diesel    : -24255.906
[16:01:04]   battery   :  -29.503
[16:01:04]   customer  :  235.342
[16:01:04] Buffer大小:  1824
[16:01:04] 噪声水平: 0.0927
[16:01:04] 
动作统计:
[16:01:04]   wind      : mean= 0.958, std= 0.058, min= 0.801, max= 1.000
[16:01:04]   solar     : mean=-0.958, std= 0.051, min=-1.000, max=-0.813
[16:01:04]   diesel    : mean= 0.000, std= 0.955, min=-1.000, max= 1.000
[16:01:04]   battery   : mean= 0.022, std= 0.962, min=-1.000, max= 1.000
[16:01:04]   customer  : mean= 0.944, std= 0.066, min= 0.753, max= 1.000
[16:01:04] 
======================================================================
[16:01:04] Episode 72/200
[16:01:04] ======================================================================
[16:01:04] 总奖励: -40317.06 | 步数: 24
[16:01:04] 最近10个episodes平均: -30818.42
[16:01:04] 各Agent奖励:
[16:01:04]   wind      :    0.000
[16:01:04]   solar     : -3765.310
[16:01:04]   diesel    : -36880.314
[16:01:04]   battery   :  -30.071
[16:01:04]   customer  :  358.635
[16:01:04] Buffer大小:  1848
[16:01:04] 噪声水平: 0.0926
[16:01:04] 
动作统计:
[16:01:04]   wind      : mean= 0.949, std= 0.059, min= 0.744, max= 1.000
[16:01:04]   solar     : mean=-0.935, std= 0.063, min=-1.000, max=-0.803
[16:01:04]   diesel    : mean= 0.003, std= 0.977, min=-1.000, max= 1.000
[16:01:04]   battery   : mean= 0.013, std= 0.940, min=-1.000, max= 1.000
[16:01:04]   customer  : mean= 0.957, std= 0.055, min= 0.812, max= 1.000
[16:01:05] 
======================================================================
[16:01:05] Episode 73/200
[16:01:05] ======================================================================
[16:01:05] 总奖励: -41815.13 | 步数: 24
[16:01:05] 最近10个episodes平均: -32796.07
[16:01:05] 各Agent奖励:
[16:01:05]   wind      :    0.000
[16:01:05]   solar     : -8562.313
[16:01:05]   diesel    : -33572.668
[16:01:05]   battery   :   -9.480
[16:01:05]   customer  :  329.331
[16:01:05] Buffer大小:  1872
[16:01:05] 噪声水平: 0.0925
[16:01:05] 
动作统计:
[16:01:05]   wind      : mean= 0.972, std= 0.037, min= 0.888, max= 1.000
[16:01:05]   solar     : mean=-0.954, std= 0.062, min=-1.000, max=-0.793
[16:01:05]   diesel    : mean= 0.007, std= 0.967, min=-1.000, max= 1.000
[16:01:05]   battery   : mean= 0.081, std= 0.893, min=-0.963, max= 1.000
[16:01:05]   customer  : mean= 0.958, std= 0.060, min= 0.787, max= 1.000
[16:01:05] 
======================================================================
[16:01:05] Episode 74/200
[16:01:05] ======================================================================
[16:01:05] 总奖励: -38960.12 | 步数: 24
[16:01:05] 最近10个episodes平均: -34380.53
[16:01:05] 各Agent奖励:
[16:01:05]   wind      :    0.000
[16:01:05]   solar     : -9354.627
[16:01:05]   diesel    : -29893.623
[16:01:05]   battery   :   -9.786
[16:01:05]   customer  :  297.912
[16:01:05] Buffer大小:  1896
[16:01:05] 噪声水平: 0.0924
[16:01:05] 
动作统计:
[16:01:05]   wind      : mean= 0.953, std= 0.067, min= 0.742, max= 1.000
[16:01:05]   solar     : mean=-0.990, std= 0.028, min=-1.000, max=-0.868
[16:01:05]   diesel    : mean= 0.011, std= 0.962, min=-1.000, max= 1.000
[16:01:05]   battery   : mean= 0.145, std= 0.826, min=-0.954, max= 1.000
[16:01:05]   customer  : mean= 0.953, std= 0.054, min= 0.803, max= 1.000
[16:01:05] 
======================================================================
[16:01:05] Episode 75/200
[16:01:05] ======================================================================
[16:01:05] 总奖励: -37973.09 | 步数: 24
[16:01:05] 最近10个episodes平均: -34116.66
[16:01:05] 各Agent奖励:
[16:01:05]   wind      :    0.000
[16:01:05]   solar     : -8593.943
[16:01:05]   diesel    : -29660.390
[16:01:05]   battery   :   -6.847
[16:01:05]   customer  :  288.088
[16:01:05] Buffer大小:  1920
[16:01:05] 噪声水平: 0.0923
[16:01:05] 
动作统计:
[16:01:05]   wind      : mean= 0.968, std= 0.060, min= 0.745, max= 1.000
[16:01:05]   solar     : mean=-0.967, std= 0.059, min=-1.000, max=-0.753
[16:01:05]   diesel    : mean= 0.017, std= 0.962, min=-1.000, max= 1.000
[16:01:05]   battery   : mean= 0.215, std= 0.765, min=-0.735, max= 1.000
[16:01:05]   customer  : mean= 0.986, std= 0.024, min= 0.926, max= 1.000
[16:01:05] 
======================================================================
[16:01:05] Episode 76/200
[16:01:05] ======================================================================
[16:01:05] 总奖励: -36051.88 | 步数: 24
[16:01:05] 最近10个episodes平均: -33679.07
[16:01:05] 各Agent奖励:
[16:01:05]   wind      :    0.000
[16:01:05]   solar     : -7239.406
[16:01:05]   diesel    : -29078.722
[16:01:05]   battery   :   -3.357
[16:01:05]   customer  :  269.600
[16:01:05] Buffer大小:  1944
[16:01:05] 噪声水平: 0.0922
[16:01:05] 
动作统计:
[16:01:05]   wind      : mean= 0.961, std= 0.052, min= 0.841, max= 1.000
[16:01:05]   solar     : mean=-0.957, std= 0.061, min=-1.000, max=-0.755
[16:01:05]   diesel    : mean= 0.009, std= 0.969, min=-1.000, max= 1.000
[16:01:05]   battery   : mean= 0.299, std= 0.661, min=-0.568, max= 1.000
[16:01:05]   customer  : mean= 0.967, std= 0.058, min= 0.829, max= 1.000
[16:01:06] 
======================================================================
[16:01:06] Episode 77/200
[16:01:06] ======================================================================
[16:01:06] 总奖励: -31848.79 | 步数: 24
[16:01:06] 最近10个episodes平均: -32846.12
[16:01:06] 各Agent奖励:
[16:01:06]   wind      :    0.000
[16:01:06]   solar     : -5886.629
[16:01:06]   diesel    : -26194.944
[16:01:06]   battery   :   -1.412
[16:01:06]   customer  :  234.199
[16:01:06] Buffer大小:  1968
[16:01:06] 噪声水平: 0.0921
[16:01:06] 
动作统计:
[16:01:06]   wind      : mean= 0.962, std= 0.061, min= 0.776, max= 1.000
[16:01:06]   solar     : mean=-0.971, std= 0.039, min=-1.000, max=-0.853
[16:01:06]   diesel    : mean= 0.009, std= 0.967, min=-1.000, max= 1.000
[16:01:06]   battery   : mean= 0.394, std= 0.595, min=-0.401, max= 1.000
[16:01:06]   customer  : mean= 0.985, std= 0.027, min= 0.888, max= 1.000
[16:01:06] 
======================================================================
[16:01:06] Episode 78/200
[16:01:06] ======================================================================
[16:01:06] 总奖励: -33099.53 | 步数: 24
[16:01:06] 最近10个episodes平均: -34558.00
[16:01:06] 各Agent奖励:
[16:01:06]   wind      :    0.000
[16:01:06]   solar     : -5932.553
[16:01:06]   diesel    : -27412.367
[16:01:06]   battery   :   -0.544
[16:01:06]   customer  :  245.937
[16:01:06] Buffer大小:  1992
[16:01:06] 噪声水平: 0.0920
[16:01:06] 
动作统计:
[16:01:06]   wind      : mean= 0.965, std= 0.051, min= 0.797, max= 1.000
[16:01:06]   solar     : mean=-0.953, std= 0.059, min=-1.000, max=-0.787
[16:01:06]   diesel    : mean= 0.014, std= 0.954, min=-1.000, max= 1.000
[16:01:06]   battery   : mean= 0.432, std= 0.541, min=-0.302, max= 1.000
[16:01:06]   customer  : mean= 0.959, std= 0.054, min= 0.812, max= 1.000
[16:01:06] 
======================================================================
[16:01:06] Episode 79/200
[16:01:06] ======================================================================
[16:01:06] 总奖励: -23181.59 | 步数: 24
[16:01:06] 最近10个episodes平均: -32715.85
[16:01:06] 各Agent奖励:
[16:01:06]   wind      :    0.000
[16:01:06]   solar     : -7095.823
[16:01:06]   diesel    : -16223.451
[16:01:06]   battery   :    3.977
[16:01:06]   customer  :  133.708
[16:01:06] Buffer大小:  2016
[16:01:06] 噪声水平: 0.0919
[16:01:06] 
动作统计:
[16:01:06]   wind      : mean= 0.959, std= 0.050, min= 0.820, max= 1.000
[16:01:06]   solar     : mean=-0.958, std= 0.057, min=-1.000, max=-0.795
[16:01:06]   diesel    : mean= 0.082, std= 0.878, min=-1.000, max= 1.000
[16:01:06]   battery   : mean= 0.521, std= 0.445, min=-0.209, max= 1.000
[16:01:06]   customer  : mean= 0.969, std= 0.036, min= 0.859, max= 1.000
[16:01:06] 
======================================================================
[16:01:06] Episode 80/200
[16:01:06] ======================================================================
[16:01:06] 总奖励: -10739.36 | 步数: 24
[16:01:06] 最近10个episodes平均: -32215.95
[16:01:06] 各Agent奖励:
[16:01:06]   wind      :    0.000
[16:01:06]   solar     : -4823.695
[16:01:06]   diesel    : -5939.833
[16:01:06]   battery   :    3.769
[16:01:06]   customer  :   20.395
[16:01:06] Buffer大小:  2040
[16:01:06] 噪声水平: 0.0918
[16:01:06] 
动作统计:
[16:01:06]   wind      : mean= 0.966, std= 0.052, min= 0.815, max= 1.000
[16:01:06]   solar     : mean=-0.964, std= 0.043, min=-1.000, max=-0.885
[16:01:06]   diesel    : mean= 0.279, std= 0.688, min=-0.616, max= 1.000
[16:01:06]   battery   : mean= 0.589, std= 0.408, min=-0.122, max= 1.000
[16:01:06]   customer  : mean= 0.964, std= 0.059, min= 0.799, max= 1.000
[16:01:06] 
📊 生成可视化图表...
[16:01:06]   ✓ 训练曲线: debug_plots/training_ep0080.png
[16:01:06]   ✓ Agent分析: debug_plots/agents_ep0080.png
[16:01:07] 
======================================================================
[16:01:07] Episode 81/200
[16:01:07] ======================================================================
[16:01:07] 总奖励: 21557.80 | 步数: 24
[16:01:07] 最近10个episodes平均: -27242.88
[16:01:07] 各Agent奖励:
[16:01:07]   wind      : 2701.602
[16:01:07]   solar     : 1762.220
[16:01:07]   diesel    : 17347.811
[16:01:07]   battery   :   12.354
[16:01:07]   customer  : -266.185
[16:01:07] Buffer大小:  2064
[16:01:07] 噪声水平: 0.0918
[16:01:07] 
动作统计:
[16:01:07]   wind      : mean= 0.979, std= 0.046, min= 0.787, max= 1.000
[16:01:07]   solar     : mean=-0.944, std= 0.070, min=-1.000, max=-0.770
[16:01:07]   diesel    : mean= 0.534, std= 0.424, min=-0.105, max= 1.000
[16:01:07]   battery   : mean= 0.662, std= 0.337, min=-0.016, max= 1.000
[16:01:07]   customer  : mean= 0.958, std= 0.063, min= 0.809, max= 1.000
[16:01:07] 
======================================================================
[16:01:07] Episode 82/200
[16:01:07] ======================================================================
[16:01:07] 总奖励: 36136.70 | 步数: 24
[16:01:07] 最近10个episodes平均: -19597.50
[16:01:07] 各Agent奖励:
[16:01:07]   wind      : 1873.014
[16:01:07]   solar     : 7748.394
[16:01:07]   diesel    : 26890.937
[16:01:07]   battery   :   17.815
[16:01:07]   customer  : -393.465
[16:01:07] Buffer大小:  2088
[16:01:07] 噪声水平: 0.0917
[16:01:07] 
动作统计:
[16:01:07]   wind      : mean= 0.965, std= 0.042, min= 0.876, max= 1.000
[16:01:07]   solar     : mean=-0.977, std= 0.052, min=-1.000, max=-0.793
[16:01:07]   diesel    : mean= 0.730, std= 0.260, min= 0.226, max= 1.000
[16:01:07]   battery   : mean= 0.731, std= 0.288, min= 0.024, max= 1.000
[16:01:07]   customer  : mean= 0.956, std= 0.057, min= 0.824, max= 1.000
[16:01:07] 
======================================================================
[16:01:07] Episode 83/200
[16:01:07] ======================================================================
[16:01:07] 总奖励: 43878.93 | 步数: 24
[16:01:07] 最近10个episodes平均: -11028.09
[16:01:07] 各Agent奖励:
[16:01:07]   wind      : 2339.021
[16:01:07]   solar     : 10568.424
[16:01:07]   diesel    : 31409.644
[16:01:07]   battery   :   22.338
[16:01:07]   customer  : -460.501
[16:01:07] Buffer大小:  2112
[16:01:07] 噪声水平: 0.0916
[16:01:07] 
动作统计:
[16:01:07]   wind      : mean= 0.957, std= 0.062, min= 0.764, max= 1.000
[16:01:07]   solar     : mean=-0.952, std= 0.053, min=-1.000, max=-0.847
[16:01:07]   diesel    : mean= 0.808, std= 0.167, min= 0.419, max= 1.000
[16:01:07]   battery   : mean= 0.732, std= 0.251, min= 0.067, max= 1.000
[16:01:07]   customer  : mean= 0.971, std= 0.037, min= 0.887, max= 1.000
[16:01:07] 
======================================================================
[16:01:07] Episode 84/200
[16:01:07] ======================================================================
[16:01:07] 总奖励: 45243.77 | 步数: 24
[16:01:07] 最近10个episodes平均: -2607.70
[16:01:07] 各Agent奖励:
[16:01:07]   wind      : 2277.902
[16:01:07]   solar     : 10244.510
[16:01:07]   diesel    : 33175.245
[16:01:07]   battery   :   27.341
[16:01:07]   customer  : -481.224
[16:01:07] Buffer大小:  2136
[16:01:07] 噪声水平: 0.0915
[16:01:07] 
动作统计:
[16:01:07]   wind      : mean= 0.962, std= 0.062, min= 0.779, max= 1.000
[16:01:07]   solar     : mean=-0.963, std= 0.056, min=-1.000, max=-0.758
[16:01:07]   diesel    : mean= 0.860, std= 0.139, min= 0.490, max= 1.000
[16:01:07]   battery   : mean= 0.773, std= 0.242, min=-0.027, max= 1.000
[16:01:07]   customer  : mean= 0.969, std= 0.040, min= 0.890, max= 1.000
[16:01:07] 
======================================================================
[16:01:07] Episode 85/200
[16:01:07] ======================================================================
[16:01:07] 总奖励: 48013.98 | 步数: 24
[16:01:07] 最近10个episodes平均:  5991.00
[16:01:07] 各Agent奖励:
[16:01:07]   wind      : 3703.386
[16:01:07]   solar     : 11714.334
[16:01:07]   diesel    : 33064.356
[16:01:07]   battery   :   28.916
[16:01:07]   customer  : -497.014
[16:01:07] Buffer大小:  2160
[16:01:07] 噪声水平: 0.0914
[16:01:07] 
动作统计:
[16:01:07]   wind      : mean= 0.956, std= 0.065, min= 0.734, max= 1.000
[16:01:07]   solar     : mean=-0.953, std= 0.052, min=-1.000, max=-0.830
[16:01:07]   diesel    : mean= 0.865, std= 0.137, min= 0.502, max= 1.000
[16:01:07]   battery   : mean= 0.811, std= 0.228, min= 0.083, max= 1.000
[16:01:07]   customer  : mean= 0.958, std= 0.055, min= 0.815, max= 1.000
[16:01:07] 
======================================================================
[16:01:07] Episode 86/200
[16:01:07] ======================================================================
[16:01:07] 总奖励: 42739.91 | 步数: 24
[16:01:07] 最近10个episodes平均: 13870.18
[16:01:07] 各Agent奖励:
[16:01:07]   wind      : 4377.896
[16:01:07]   solar     : 9449.737
[16:01:07]   diesel    : 29333.201
[16:01:07]   battery   :   28.795
[16:01:07]   customer  : -449.718
[16:01:07] Buffer大小:  2184
[16:01:07] 噪声水平: 0.0913
[16:01:07] 
动作统计:
[16:01:07]   wind      : mean= 0.954, std= 0.050, min= 0.827, max= 1.000
[16:01:07]   solar     : mean=-0.950, std= 0.049, min=-1.000, max=-0.799
[16:01:07]   diesel    : mean= 0.873, std= 0.153, min= 0.248, max= 1.000
[16:01:07]   battery   : mean= 0.803, std= 0.233, min=-0.069, max= 1.000
[16:01:07]   customer  : mean= 0.957, std= 0.066, min= 0.753, max= 1.000
[16:01:08] 
======================================================================
[16:01:08] Episode 87/200
[16:01:08] ======================================================================
[16:01:08] 总奖励: 46055.45 | 步数: 24
[16:01:08] 最近10个episodes平均: 21660.61
[16:01:08] 各Agent奖励:
[16:01:08]   wind      : 3654.925
[16:01:08]   solar     : 9486.302
[16:01:08]   diesel    : 33371.621
[16:01:08]   battery   :   22.836
[16:01:08]   customer  : -480.235
[16:01:08] Buffer大小:  2208
[16:01:08] 噪声水平: 0.0912
[16:01:08] 
动作统计:
[16:01:08]   wind      : mean= 0.965, std= 0.052, min= 0.797, max= 1.000
[16:01:08]   solar     : mean=-0.966, std= 0.037, min=-1.000, max=-0.892
[16:01:08]   diesel    : mean= 0.879, std= 0.139, min= 0.420, max= 1.000
[16:01:08]   battery   : mean= 0.822, std= 0.222, min= 0.071, max= 1.000
[16:01:08]   customer  : mean= 0.945, std= 0.065, min= 0.810, max= 1.000
[16:01:08] 
======================================================================
[16:01:08] Episode 88/200
[16:01:08] ======================================================================
[16:01:08] 总奖励: 44178.73 | 步数: 24
[16:01:08] 最近10个episodes平均: 29388.43
[16:01:08] 各Agent奖励:
[16:01:08]   wind      : 8865.573
[16:01:08]   solar     : 9605.679
[16:01:08]   diesel    : 26125.882
[16:01:08]   battery   :   19.920
[16:01:08]   customer  : -438.322
[16:01:08] Buffer大小:  2232
[16:01:08] 噪声水平: 0.0911
[16:01:08] 
动作统计:
[16:01:08]   wind      : mean= 0.949, std= 0.064, min= 0.793, max= 1.000
[16:01:08]   solar     : mean=-0.952, std= 0.061, min=-1.000, max=-0.764
[16:01:08]   diesel    : mean= 0.860, std= 0.184, min= 0.296, max= 1.000
[16:01:08]   battery   : mean= 0.826, std= 0.226, min=-0.064, max= 1.000
[16:01:08]   customer  : mean= 0.962, std= 0.060, min= 0.792, max= 1.000
[16:01:08] 
======================================================================
[16:01:08] Episode 89/200
[16:01:08] ======================================================================
[16:01:08] 总奖励: 47843.76 | 步数: 24
[16:01:08] 最近10个episodes平均: 36490.97
[16:01:08] 各Agent奖励:
[16:01:08]   wind      : 5929.287
[16:01:08]   solar     : 12992.135
[16:01:08]   diesel    : 29371.055
[16:01:08]   battery   :   21.066
[16:01:08]   customer  : -469.780
[16:01:08] Buffer大小:  2256
[16:01:08] 噪声水平: 0.0910
[16:01:08] 
动作统计:
[16:01:08]   wind      : mean= 0.977, std= 0.038, min= 0.859, max= 1.000
[16:01:08]   solar     : mean=-0.963, std= 0.061, min=-1.000, max=-0.763
[16:01:08]   diesel    : mean= 0.889, std= 0.158, min= 0.303, max= 1.000
[16:01:08]   battery   : mean= 0.770, std= 0.235, min=-0.096, max= 1.000
[16:01:08]   customer  : mean= 0.961, std= 0.044, min= 0.867, max= 1.000
[16:01:08] 
======================================================================
[16:01:08] Episode 90/200
[16:01:08] ======================================================================
[16:01:08] 总奖励: 52159.49 | 步数: 24
[16:01:08] 最近10个episodes平均: 42780.85
[16:01:08] 各Agent奖励:
[16:01:08]   wind      : 9069.981
[16:01:08]   solar     : 13417.031
[16:01:08]   diesel    : 30146.146
[16:01:08]   battery   :   20.696
[16:01:08]   customer  : -494.365
[16:01:08] Buffer大小:  2280
[16:01:08] 噪声水平: 0.0909
[16:01:08] 
动作统计:
[16:01:08]   wind      : mean= 0.951, std= 0.065, min= 0.785, max= 1.000
[16:01:08]   solar     : mean=-0.971, std= 0.047, min=-1.000, max=-0.843
[16:01:08]   diesel    : mean= 0.927, std= 0.143, min= 0.236, max= 1.000
[16:01:08]   battery   : mean= 0.622, std= 0.256, min=-0.153, max= 1.000
[16:01:08]   customer  : mean= 0.947, std= 0.074, min= 0.748, max= 1.000
[16:01:08] 
📊 生成可视化图表...
[16:01:09]   ✓ 训练曲线: debug_plots/training_ep0090.png
[16:01:09]   ✓ Agent分析: debug_plots/agents_ep0090.png
[16:01:09] 
======================================================================
[16:01:09] Episode 91/200
[16:01:09] ======================================================================
[16:01:09] 总奖励: 50153.45 | 步数: 24
[16:01:09] 最近10个episodes平均: 45640.42
[16:01:09] 各Agent奖励:
[16:01:09]   wind      : 6522.612
[16:01:09]   solar     : 12712.442
[16:01:09]   diesel    : 31412.183
[16:01:09]   battery   :   -1.990
[16:01:09]   customer  : -491.796
[16:01:09] Buffer大小:  2304
[16:01:09] 噪声水平: 0.0908
[16:01:09] 
动作统计:
[16:01:09]   wind      : mean= 0.964, std= 0.043, min= 0.873, max= 1.000
[16:01:09]   solar     : mean=-0.973, std= 0.050, min=-1.000, max=-0.815
[16:01:09]   diesel    : mean= 0.897, std= 0.153, min= 0.228, max= 1.000
[16:01:09]   battery   : mean= 0.468, std= 0.360, min=-0.276, max= 1.000
[16:01:09]   customer  : mean= 0.978, std= 0.054, min= 0.806, max= 1.000
[16:01:09] 
======================================================================
[16:01:09] Episode 92/200
[16:01:09] ======================================================================
[16:01:09] 总奖励: 47962.14 | 步数: 24
[16:01:09] 最近10个episodes平均: 46822.96
[16:01:09] 各Agent奖励:
[16:01:09]   wind      : 12491.679
[16:01:09]   solar     : 10076.765
[16:01:09]   diesel    : 25864.234
[16:01:09]   battery   :  -16.223
[16:01:09]   customer  : -454.311
[16:01:09] Buffer大小:  2328
[16:01:09] 噪声水平: 0.0908
[16:01:09] 
动作统计:
[16:01:09]   wind      : mean= 0.978, std= 0.046, min= 0.803, max= 1.000
[16:01:09]   solar     : mean=-0.962, std= 0.063, min=-1.000, max=-0.771
[16:01:09]   diesel    : mean= 0.912, std= 0.126, min= 0.432, max= 1.000
[16:01:09]   battery   : mean= 0.302, std= 0.370, min=-0.467, max= 0.893
[16:01:09]   customer  : mean= 0.968, std= 0.043, min= 0.823, max= 1.000
[16:01:09] 
======================================================================
[16:01:09] Episode 93/200
[16:01:09] ======================================================================
[16:01:09] 总奖励: 47941.68 | 步数: 24
[16:01:09] 最近10个episodes平均: 47229.24
[16:01:09] 各Agent奖励:
[16:01:09]   wind      : 15248.024
[16:01:09]   solar     : 10725.047
[16:01:09]   diesel    : 22448.774
[16:01:09]   battery   :  -48.251
[16:01:09]   customer  : -431.912
[16:01:09] Buffer大小:  2352
[16:01:09] 噪声水平: 0.0907
[16:01:09] 
动作统计:
[16:01:09]   wind      : mean= 0.963, std= 0.049, min= 0.822, max= 1.000
[16:01:09]   solar     : mean=-0.959, std= 0.046, min=-1.000, max=-0.859
[16:01:09]   diesel    : mean= 0.939, std= 0.106, min= 0.521, max= 1.000
[16:01:09]   battery   : mean= 0.239, std= 0.391, min=-0.549, max= 1.000
[16:01:09]   customer  : mean= 0.962, std= 0.050, min= 0.827, max= 1.000
[16:01:09] 
======================================================================
[16:01:09] Episode 94/200
[16:01:09] ======================================================================
[16:01:09] 总奖励: 48496.84 | 步数: 24
[16:01:09] 最近10个episodes平均: 47554.54
[16:01:09] 各Agent奖励:
[16:01:09]   wind      : 15110.770
[16:01:09]   solar     : 10810.360
[16:01:09]   diesel    : 23076.046
[16:01:09]   battery   :  -42.545
[16:01:09]   customer  : -457.787
[16:01:09] Buffer大小:  2376
[16:01:09] 噪声水平: 0.0906
[16:01:09] 
动作统计:
[16:01:09]   wind      : mean= 0.970, std= 0.043, min= 0.851, max= 1.000
[16:01:09]   solar     : mean=-0.979, std= 0.035, min=-1.000, max=-0.877
[16:01:09]   diesel    : mean= 0.943, std= 0.075, min= 0.604, max= 1.000
[16:01:09]   battery   : mean= 0.138, std= 0.368, min=-0.783, max= 0.943
[16:01:09]   customer  : mean= 0.962, std= 0.039, min= 0.873, max= 1.000
[16:01:10] 
======================================================================
[16:01:10] Episode 95/200
[16:01:10] ======================================================================
[16:01:10] 总奖励: 51604.79 | 步数: 24
[16:01:10] 最近10个episodes平均: 47913.63
[16:01:10] 各Agent奖励:
[16:01:10]   wind      : 16413.652
[16:01:10]   solar     : 13383.598
[16:01:10]   diesel    : 22322.187
[16:01:10]   battery   :  -46.630
[16:01:10]   customer  : -468.020
[16:01:10] Buffer大小:  2400
[16:01:10] 噪声水平: 0.0905
[16:01:10] 
动作统计:
[16:01:10]   wind      : mean= 0.951, std= 0.068, min= 0.700, max= 1.000
[16:01:10]   solar     : mean=-0.984, std= 0.027, min=-1.000, max=-0.910
[16:01:10]   diesel    : mean= 0.942, std= 0.078, min= 0.693, max= 1.000
[16:01:10]   battery   : mean= 0.093, std= 0.365, min=-0.643, max= 0.879
[16:01:10]   customer  : mean= 0.975, std= 0.047, min= 0.793, max= 1.000
[16:01:10] 
======================================================================
[16:01:10] Episode 96/200
[16:01:10] ======================================================================
[16:01:10] 总奖励: 52215.99 | 步数: 24
[16:01:10] 最近10个episodes平均: 48861.23
[16:01:10] 各Agent奖励:
[16:01:10]   wind      : 14808.244
[16:01:10]   solar     : 14335.815
[16:01:10]   diesel    : 23601.839
[16:01:10]   battery   :  -48.691
[16:01:10]   customer  : -481.215
[16:01:10] Buffer大小:  2424
[16:01:10] 噪声水平: 0.0904
[16:01:10] 
动作统计:
[16:01:10]   wind      : mean= 0.975, std= 0.041, min= 0.856, max= 1.000
[16:01:10]   solar     : mean=-0.962, std= 0.052, min=-1.000, max=-0.839
[16:01:10]   diesel    : mean= 0.946, std= 0.064, min= 0.804, max= 1.000
[16:01:10]   battery   : mean= 0.084, std= 0.384, min=-0.586, max= 0.961
[16:01:10]   customer  : mean= 0.948, std= 0.079, min= 0.733, max= 1.000
[16:01:10] 
======================================================================
[16:01:10] Episode 97/200
[16:01:10] ======================================================================
[16:01:10] 总奖励: 53779.43 | 步数: 24
[16:01:10] 最近10个episodes平均: 49633.63
[16:01:10] 各Agent奖励:
[16:01:10]   wind      : 21571.380
[16:01:10]   solar     : 13930.299
[16:01:10]   diesel    : 18789.753
[16:01:10]   battery   :  -43.544
[16:01:10]   customer  : -468.459
[16:01:10] Buffer大小:  2448
[16:01:10] 噪声水平: 0.0903
[16:01:10] 
动作统计:
[16:01:10]   wind      : mean= 0.976, std= 0.041, min= 0.858, max= 1.000
[16:01:10]   solar     : mean=-0.963, std= 0.043, min=-1.000, max=-0.867
[16:01:10]   diesel    : mean= 0.961, std= 0.059, min= 0.775, max= 1.000
[16:01:10]   battery   : mean= 0.078, std= 0.360, min=-0.589, max= 1.000
[16:01:10]   customer  : mean= 0.953, std= 0.058, min= 0.845, max= 1.000
[16:01:10] 
======================================================================
[16:01:10] Episode 98/200
[16:01:10] ======================================================================
[16:01:10] 总奖励: 51502.31 | 步数: 24
[16:01:10] 最近10个episodes平均: 50365.99
[16:01:10] 各Agent奖励:
[16:01:10]   wind      : 20214.327
[16:01:10]   solar     : 13399.293
[16:01:10]   diesel    : 18392.199
[16:01:10]   battery   :  -44.072
[16:01:10]   customer  : -459.439
[16:01:10] Buffer大小:  2472
[16:01:10] 噪声水平: 0.0902
[16:01:10] 
动作统计:
[16:01:10]   wind      : mean= 0.964, std= 0.043, min= 0.870, max= 1.000
[16:01:10]   solar     : mean=-0.968, std= 0.041, min=-1.000, max=-0.833
[16:01:10]   diesel    : mean= 0.953, std= 0.057, min= 0.775, max= 1.000
[16:01:10]   battery   : mean= 0.138, std= 0.368, min=-0.461, max= 1.000
[16:01:10]   customer  : mean= 0.943, std= 0.056, min= 0.823, max= 1.000
[16:01:10] 
======================================================================
[16:01:10] Episode 99/200
[16:01:10] ======================================================================
[16:01:10] 总奖励: 53411.31 | 步数: 24
[16:01:10] 最近10个episodes平均: 50922.74
[16:01:10] 各Agent奖励:
[16:01:10]   wind      : 18341.620
[16:01:10]   solar     : 13895.260
[16:01:10]   diesel    : 21690.823
[16:01:10]   battery   :  -30.834
[16:01:10]   customer  : -485.557
[16:01:10] Buffer大小:  2496
[16:01:10] 噪声水平: 0.0901
[16:01:10] 
动作统计:
[16:01:10]   wind      : mean= 0.973, std= 0.039, min= 0.866, max= 1.000
[16:01:10]   solar     : mean=-0.954, std= 0.054, min=-1.000, max=-0.836
[16:01:10]   diesel    : mean= 0.968, std= 0.041, min= 0.861, max= 1.000
[16:01:10]   battery   : mean= 0.207, std= 0.373, min=-0.550, max= 1.000
[16:01:10]   customer  : mean= 0.969, std= 0.043, min= 0.868, max= 1.000
[16:01:11] 
======================================================================
[16:01:11] Episode 100/200
[16:01:11] ======================================================================
[16:01:11] 总奖励: 48775.83 | 步数: 24
[16:01:11] 最近10个episodes平均: 50584.38
[16:01:11] 各Agent奖励:
[16:01:11]   wind      : 18301.983
[16:01:11]   solar     : 11010.589
[16:01:11]   diesel    : 19909.195
[16:01:11]   battery   :    6.320
[16:01:11]   customer  : -452.262
[16:01:11] Buffer大小:  2520
[16:01:11] 噪声水平: 0.0900
[16:01:11] 
动作统计:
[16:01:11]   wind      : mean= 0.951, std= 0.058, min= 0.809, max= 1.000
[16:01:11]   solar     : mean=-0.974, std= 0.046, min=-1.000, max=-0.841
[16:01:11]   diesel    : mean= 0.960, std= 0.050, min= 0.781, max= 1.000
[16:01:11]   battery   : mean= 0.297, std= 0.353, min=-0.410, max= 0.901
[16:01:11]   customer  : mean= 0.961, std= 0.041, min= 0.873, max= 1.000
[16:01:11] 
📊 生成可视化图表...
[16:01:11]   ✓ 训练曲线: debug_plots/training_ep0100.png
[16:01:11]   ✓ Agent分析: debug_plots/agents_ep0100.png
[16:01:11] 💾 保存检查点: debug_checkpoints/debug_maddpg_20251124_160048_ep0100.pt
[16:01:11] 
======================================================================
[16:01:11] Episode 101/200
[16:01:11] ======================================================================
[16:01:11] 总奖励: 50058.14 | 步数: 24
[16:01:11] 最近10个episodes平均: 50574.85
[16:01:11] 各Agent奖励:
[16:01:11]   wind      : 16814.071
[16:01:11]   solar     : 10836.180
[16:01:11]   diesel    : 22851.645
[16:01:11]   battery   :   21.246
[16:01:11]   customer  : -465.006
[16:01:11] Buffer大小:  2544
[16:01:11] 噪声水平: 0.0899
[16:01:11] 
动作统计:
[16:01:11]   wind      : mean= 0.971, std= 0.038, min= 0.877, max= 1.000
[16:01:11]   solar     : mean=-0.973, std= 0.058, min=-1.000, max=-0.797
[16:01:11]   diesel    : mean= 0.969, std= 0.046, min= 0.807, max= 1.000
[16:01:11]   battery   : mean= 0.391, std= 0.358, min=-0.306, max= 1.000
[16:01:11]   customer  : mean= 0.959, std= 0.053, min= 0.840, max= 1.000
[16:01:12] 
======================================================================
[16:01:12] Episode 102/200
[16:01:12] ======================================================================
[16:01:12] 总奖励: 51847.39 | 步数: 24
[16:01:12] 最近10个episodes平均: 50963.37
[16:01:12] 各Agent奖励:
[16:01:12]   wind      : 20106.791
[16:01:12]   solar     : 14447.679
[16:01:12]   diesel    : 17727.458
[16:01:12]   battery   :   25.554
[16:01:12]   customer  : -460.089
[16:01:12] Buffer大小:  2568
[16:01:12] 噪声水平: 0.0898
[16:01:12] 
动作统计:
[16:01:12]   wind      : mean= 0.961, std= 0.047, min= 0.864, max= 1.000
[16:01:12]   solar     : mean=-0.937, std= 0.067, min=-1.000, max=-0.784
[16:01:12]   diesel    : mean= 0.975, std= 0.038, min= 0.863, max= 1.000
[16:01:12]   battery   : mean= 0.520, std= 0.356, min=-0.362, max= 1.000
[16:01:12]   customer  : mean= 0.948, std= 0.057, min= 0.773, max= 1.000
[16:01:12] 
======================================================================
[16:01:12] Episode 103/200
[16:01:12] ======================================================================
[16:01:12] 总奖励: 55421.44 | 步数: 24
[16:01:12] 最近10个episodes平均: 51711.35
[16:01:12] 各Agent奖励:
[16:01:12]   wind      : 20629.081
[16:01:12]   solar     : 13192.749
[16:01:12]   diesel    : 22054.433
[16:01:12]   battery   :   34.502
[16:01:12]   customer  : -489.328
[16:01:12] Buffer大小:  2592
[16:01:12] 噪声水平: 0.0898
[16:01:12] 
动作统计:
[16:01:12]   wind      : mean= 0.976, std= 0.032, min= 0.897, max= 1.000
[16:01:12]   solar     : mean=-0.981, std= 0.033, min=-1.000, max=-0.877
[16:01:12]   diesel    : mean= 0.958, std= 0.052, min= 0.755, max= 1.000
[16:01:12]   battery   : mean= 0.629, std= 0.294, min=-0.192, max= 1.000
[16:01:12]   customer  : mean= 0.962, std= 0.058, min= 0.753, max= 1.000
[16:01:12] 
======================================================================
[16:01:12] Episode 104/200
[16:01:12] ======================================================================
[16:01:12] 总奖励: 50810.34 | 步数: 24
[16:01:12] 最近10个episodes平均: 51942.70
[16:01:12] 各Agent奖励:
[16:01:12]   wind      : 16704.101
[16:01:12]   solar     : 13101.688
[16:01:12]   diesel    : 21423.682
[16:01:12]   battery   :   44.861
[16:01:12]   customer  : -463.996
[16:01:12] Buffer大小:  2616
[16:01:12] 噪声水平: 0.0897
[16:01:12] 
动作统计:
[16:01:12]   wind      : mean= 0.961, std= 0.051, min= 0.840, max= 1.000
[16:01:12]   solar     : mean=-0.957, std= 0.047, min=-1.000, max=-0.847
[16:01:12]   diesel    : mean= 0.966, std= 0.043, min= 0.838, max= 1.000
[16:01:12]   battery   : mean= 0.693, std= 0.231, min= 0.105, max= 1.000
[16:01:12]   customer  : mean= 0.974, std= 0.030, min= 0.896, max= 1.000
[16:01:12] 
======================================================================
[16:01:12] Episode 105/200
[16:01:12] ======================================================================
[16:01:12] 总奖励: 49735.64 | 步数: 24
[16:01:12] 最近10个episodes平均: 51755.78
[16:01:12] 各Agent奖励:
[16:01:12]   wind      : 22318.741
[16:01:12]   solar     : 11554.407
[16:01:12]   diesel    : 16251.860
[16:01:12]   battery   :   42.747
[16:01:12]   customer  : -432.111
[16:01:12] Buffer大小:  2640
[16:01:12] 噪声水平: 0.0896
[16:01:12] 
动作统计:
[16:01:12]   wind      : mean= 0.961, std= 0.053, min= 0.827, max= 1.000
[16:01:12]   solar     : mean=-0.964, std= 0.037, min=-1.000, max=-0.858
[16:01:12]   diesel    : mean= 0.953, std= 0.077, min= 0.721, max= 1.000
[16:01:12]   battery   : mean= 0.760, std= 0.176, min= 0.341, max= 1.000
[16:01:12]   customer  : mean= 0.977, std= 0.047, min= 0.809, max= 1.000
[16:01:12] 
======================================================================
[16:01:12] Episode 106/200
[16:01:12] ======================================================================
[16:01:12] 总奖励: 50661.93 | 步数: 24
[16:01:12] 最近10个episodes平均: 51600.37
[16:01:12] 各Agent奖励:
[16:01:12]   wind      : 25025.861
[16:01:12]   solar     : 13566.427
[16:01:12]   diesel    : 12442.718
[16:01:12]   battery   :   44.706
[16:01:12]   customer  : -417.782
[16:01:12] Buffer大小:  2664
[16:01:12] 噪声水平: 0.0895
[16:01:12] 
动作统计:
[16:01:12]   wind      : mean= 0.970, std= 0.048, min= 0.817, max= 1.000
[16:01:12]   solar     : mean=-0.962, std= 0.060, min=-1.000, max=-0.754
[16:01:12]   diesel    : mean= 0.960, std= 0.063, min= 0.740, max= 1.000
[16:01:12]   battery   : mean= 0.818, std= 0.172, min= 0.195, max= 1.000
[16:01:12]   customer  : mean= 0.968, std= 0.052, min= 0.794, max= 1.000
[16:01:13] 
======================================================================
[16:01:13] Episode 107/200
[16:01:13] ======================================================================
[16:01:13] 总奖励: 51837.25 | 步数: 24
[16:01:13] 最近10个episodes平均: 51406.16
[16:01:13] 各Agent奖励:
[16:01:13]   wind      : 18454.248
[16:01:13]   solar     : 13600.290
[16:01:13]   diesel    : 20211.394
[16:01:13]   battery   :   40.909
[16:01:13]   customer  : -469.594
[16:01:13] Buffer大小:  2688
[16:01:13] 噪声水平: 0.0894
[16:01:13] 
动作统计:
[16:01:13]   wind      : mean= 0.942, std= 0.080, min= 0.675, max= 1.000
[16:01:13]   solar     : mean=-0.971, std= 0.037, min=-1.000, max=-0.898
[16:01:13]   diesel    : mean= 0.961, std= 0.054, min= 0.802, max= 1.000
[16:01:13]   battery   : mean= 0.826, std= 0.132, min= 0.390, max= 1.000
[16:01:13]   customer  : mean= 0.974, std= 0.040, min= 0.858, max= 1.000
[16:01:13] 
======================================================================
[16:01:13] Episode 108/200
[16:01:13] ======================================================================
[16:01:13] 总奖励: 52578.06 | 步数: 24
[16:01:13] 最近10个episodes平均: 51513.73
[16:01:13] 各Agent奖励:
[16:01:13]   wind      : 12939.461
[16:01:13]   solar     : 13613.779
[16:01:13]   diesel    : 26480.116
[16:01:13]   battery   :   42.498
[16:01:13]   customer  : -497.789
[16:01:13] Buffer大小:  2712
[16:01:13] 噪声水平: 0.0893
[16:01:13] 
动作统计:
[16:01:13]   wind      : mean= 0.964, std= 0.057, min= 0.781, max= 1.000
[16:01:13]   solar     : mean=-0.970, std= 0.046, min=-1.000, max=-0.838
[16:01:13]   diesel    : mean= 0.961, std= 0.050, min= 0.791, max= 1.000
[16:01:13]   battery   : mean= 0.870, std= 0.131, min= 0.354, max= 1.000
[16:01:13]   customer  : mean= 0.962, std= 0.048, min= 0.826, max= 1.000
[16:01:13] 
======================================================================
[16:01:13] Episode 109/200
[16:01:13] ======================================================================
[16:01:13] 总奖励: 52901.98 | 步数: 24
[16:01:13] 最近10个episodes平均: 51462.80
[16:01:13] 各Agent奖励:
[16:01:13]   wind      : 21568.046
[16:01:13]   solar     : 14175.299
[16:01:13]   diesel    : 17570.719
[16:01:13]   battery   :   42.565
[16:01:13]   customer  : -454.654
[16:01:13] Buffer大小:  2736
[16:01:13] 噪声水平: 0.0892
[16:01:13] 
动作统计:
[16:01:13]   wind      : mean= 0.967, std= 0.047, min= 0.833, max= 1.000
[16:01:13]   solar     : mean=-0.965, std= 0.055, min=-1.000, max=-0.799
[16:01:13]   diesel    : mean= 0.963, std= 0.052, min= 0.803, max= 1.000
[16:01:13]   battery   : mean= 0.862, std= 0.117, min= 0.417, max= 1.000
[16:01:13]   customer  : mean= 0.970, std= 0.043, min= 0.863, max= 1.000
[16:01:13] 
======================================================================
[16:01:13] Episode 110/200
[16:01:13] ======================================================================
[16:01:13] 总奖励: 53180.47 | 步数: 24
[16:01:13] 最近10个episodes平均: 51903.26
[16:01:13] 各Agent奖励:
[16:01:13]   wind      : 23244.664
[16:01:13]   solar     : 14460.073
[16:01:13]   diesel    : 15883.340
[16:01:13]   battery   :   39.630
[16:01:13]   customer  : -447.235
[16:01:13] Buffer大小:  2760
[16:01:13] 噪声水平: 0.0891
[16:01:13] 
动作统计:
[16:01:13]   wind      : mean= 0.957, std= 0.054, min= 0.811, max= 1.000
[16:01:13]   solar     : mean=-0.954, std= 0.062, min=-1.000, max=-0.794
[16:01:13]   diesel    : mean= 0.969, std= 0.054, min= 0.754, max= 1.000
[16:01:13]   battery   : mean= 0.890, std= 0.095, min= 0.554, max= 1.000
[16:01:13]   customer  : mean= 0.951, std= 0.053, min= 0.830, max= 1.000
[16:01:13] 
📊 生成可视化图表...
[16:01:14]   ✓ 训练曲线: debug_plots/training_ep0110.png
[16:01:14]   ✓ Agent分析: debug_plots/agents_ep0110.png
[16:01:14] 
======================================================================
[16:01:14] Episode 111/200
[16:01:14] ======================================================================
[16:01:14] 总奖励: 53312.08 | 步数: 24
[16:01:14] 最近10个episodes平均: 52228.66
[16:01:14] 各Agent奖励:
[16:01:14]   wind      : 16901.776
[16:01:14]   solar     : 13059.603
[16:01:14]   diesel    : 23796.841
[16:01:14]   battery   :   44.534
[16:01:14]   customer  : -490.676
[16:01:14] Buffer大小:  2784
[16:01:14] 噪声水平: 0.0890
[16:01:14] 
动作统计:
[16:01:14]   wind      : mean= 0.983, std= 0.037, min= 0.859, max= 1.000
[16:01:14]   solar     : mean=-0.957, std= 0.060, min=-1.000, max=-0.799
[16:01:14]   diesel    : mean= 0.942, std= 0.064, min= 0.791, max= 1.000
[16:01:14]   battery   : mean= 0.903, std= 0.114, min= 0.352, max= 1.000
[16:01:14]   customer  : mean= 0.971, std= 0.048, min= 0.817, max= 1.000
[16:01:14] 
======================================================================
[16:01:14] Episode 112/200
[16:01:14] ======================================================================
[16:01:14] 总奖励: 54457.19 | 步数: 24
[16:01:14] 最近10个episodes平均: 52489.64
[16:01:14] 各Agent奖励:
[16:01:14]   wind      : 18099.710
[16:01:14]   solar     : 14620.929
[16:01:14]   diesel    : 22181.822
[16:01:14]   battery   :   43.740
[16:01:14]   customer  : -489.011
[16:01:14] Buffer大小:  2808
[16:01:14] 噪声水平: 0.0890
[16:01:14] 
动作统计:
[16:01:14]   wind      : mean= 0.969, std= 0.044, min= 0.824, max= 1.000
[16:01:14]   solar     : mean=-0.971, std= 0.048, min=-1.000, max=-0.838
[16:01:14]   diesel    : mean= 0.968, std= 0.051, min= 0.797, max= 1.000
[16:01:14]   battery   : mean= 0.914, std= 0.099, min= 0.570, max= 1.000
[16:01:14]   customer  : mean= 0.961, std= 0.068, min= 0.715, max= 1.000
[16:01:15] 
======================================================================
[16:01:15] Episode 113/200
[16:01:15] ======================================================================
[16:01:15] 总奖励: 53230.89 | 步数: 24
[16:01:15] 最近10个episodes平均: 52270.58
[16:01:15] 各Agent奖励:
[16:01:15]   wind      : 26166.887
[16:01:15]   solar     : 13169.007
[16:01:15]   diesel    : 14295.335
[16:01:15]   battery   :   42.550
[16:01:15]   customer  : -442.888
[16:01:15] Buffer大小:  2832
[16:01:15] 噪声水平: 0.0889
[16:01:15] 
动作统计:
[16:01:15]   wind      : mean= 0.931, std= 0.077, min= 0.742, max= 1.000
[16:01:15]   solar     : mean=-0.970, std= 0.044, min=-1.000, max=-0.815
[16:01:15]   diesel    : mean= 0.969, std= 0.042, min= 0.844, max= 1.000
[16:01:15]   battery   : mean= 0.902, std= 0.126, min= 0.310, max= 1.000
[16:01:15]   customer  : mean= 0.963, std= 0.064, min= 0.757, max= 1.000
[16:01:15] 
======================================================================
[16:01:15] Episode 114/200
[16:01:15] ======================================================================
[16:01:15] 总奖励: 50692.77 | 步数: 24
[16:01:15] 最近10个episodes平均: 52258.83
[16:01:15] 各Agent奖励:
[16:01:15]   wind      : 25020.950
[16:01:15]   solar     : 9765.269
[16:01:15]   diesel    : 16302.750
[16:01:15]   battery   :   41.979
[16:01:15]   customer  : -438.177
[16:01:15] Buffer大小:  2856
[16:01:15] 噪声水平: 0.0888
[16:01:15] 
动作统计:
[16:01:15]   wind      : mean= 0.961, std= 0.062, min= 0.749, max= 1.000
[16:01:15]   solar     : mean=-0.967, std= 0.050, min=-1.000, max=-0.814
[16:01:15]   diesel    : mean= 0.969, std= 0.046, min= 0.811, max= 1.000
[16:01:15]   battery   : mean= 0.911, std= 0.093, min= 0.542, max= 1.000
[16:01:15]   customer  : mean= 0.964, std= 0.062, min= 0.761, max= 1.000
[16:01:15] 
======================================================================
[16:01:15] Episode 115/200
[16:01:15] ======================================================================
[16:01:15] 总奖励: 53663.54 | 步数: 24
[16:01:15] 最近10个episodes平均: 52651.62
[16:01:15] 各Agent奖励:
[16:01:15]   wind      : 24884.315
[16:01:15]   solar     : 14207.436
[16:01:15]   diesel    : 14975.622
[16:01:15]   battery   :   44.894
[16:01:15]   customer  : -448.727
[16:01:15] Buffer大小:  2880
[16:01:15] 噪声水平: 0.0887
[16:01:15] 
动作统计:
[16:01:15]   wind      : mean= 0.961, std= 0.049, min= 0.857, max= 1.000
[16:01:15]   solar     : mean=-0.972, std= 0.039, min=-1.000, max=-0.885
[16:01:15]   diesel    : mean= 0.963, std= 0.051, min= 0.806, max= 1.000
[16:01:15]   battery   : mean= 0.920, std= 0.109, min= 0.443, max= 1.000
[16:01:15]   customer  : mean= 0.962, std= 0.048, min= 0.852, max= 1.000
[16:01:15] 
======================================================================
[16:01:15] Episode 116/200
[16:01:15] ======================================================================
[16:01:15] 总奖励: 49735.76 | 步数: 24
[16:01:15] 最近10个episodes平均: 52559.00
[16:01:15] 各Agent奖励:
[16:01:15]   wind      : 20867.775
[16:01:15]   solar     : 9820.257
[16:01:15]   diesel    : 19453.628
[16:01:15]   battery   :   42.441
[16:01:15]   customer  : -448.337
[16:01:15] Buffer大小:  2904
[16:01:15] 噪声水平: 0.0886
[16:01:15] 
动作统计:
[16:01:15]   wind      : mean= 0.959, std= 0.051, min= 0.817, max= 1.000
[16:01:15]   solar     : mean=-0.965, std= 0.052, min=-1.000, max=-0.797
[16:01:15]   diesel    : mean= 0.965, std= 0.041, min= 0.857, max= 1.000
[16:01:15]   battery   : mean= 0.924, std= 0.088, min= 0.557, max= 1.000
[16:01:15]   customer  : mean= 0.971, std= 0.043, min= 0.827, max= 1.000
[16:01:15] 
======================================================================
[16:01:15] Episode 117/200
[16:01:15] ======================================================================
[16:01:15] 总奖励: 53372.43 | 步数: 24
[16:01:15] 最近10个episodes平均: 52712.52
[16:01:15] 各Agent奖励:
[16:01:15]   wind      : 16566.921
[16:01:15]   solar     : 13732.625
[16:01:15]   diesel    : 23517.479
[16:01:15]   battery   :   42.044
[16:01:15]   customer  : -486.643
[16:01:15] Buffer大小:  2928
[16:01:15] 噪声水平: 0.0885
[16:01:15] 
动作统计:
[16:01:15]   wind      : mean= 0.977, std= 0.039, min= 0.841, max= 1.000
[16:01:15]   solar     : mean=-0.981, std= 0.028, min=-1.000, max=-0.905
[16:01:15]   diesel    : mean= 0.969, std= 0.045, min= 0.827, max= 1.000
[16:01:15]   battery   : mean= 0.913, std= 0.111, min= 0.372, max= 1.000
[16:01:15]   customer  : mean= 0.965, std= 0.042, min= 0.871, max= 1.000
[16:01:15] 
======================================================================
[16:01:15] Episode 118/200
[16:01:15] ======================================================================
[16:01:15] 总奖励: 53837.01 | 步数: 24
[16:01:15] 最近10个episodes平均: 52838.41
[16:01:15] 各Agent奖励:
[16:01:15]   wind      : 21995.825
[16:01:15]   solar     : 13164.407
[16:01:15]   diesel    : 19102.135
[16:01:15]   battery   :   41.859
[16:01:15]   customer  : -467.211
[16:01:15] Buffer大小:  2952
[16:01:15] 噪声水平: 0.0884
[16:01:15] 
动作统计:
[16:01:15]   wind      : mean= 0.952, std= 0.045, min= 0.862, max= 1.000
[16:01:15]   solar     : mean=-0.955, std= 0.064, min=-1.000, max=-0.745
[16:01:15]   diesel    : mean= 0.966, std= 0.042, min= 0.848, max= 1.000
[16:01:15]   battery   : mean= 0.912, std= 0.093, min= 0.534, max= 1.000
[16:01:15]   customer  : mean= 0.970, std= 0.043, min= 0.837, max= 1.000
[16:01:15] 
======================================================================
[16:01:15] Episode 119/200
[16:01:15] ======================================================================
[16:01:15] 总奖励: 51369.19 | 步数: 24
[16:01:15] 最近10个episodes平均: 52685.13
[16:01:15] 各Agent奖励:
[16:01:15]   wind      : 18017.066
[16:01:15]   solar     : 13758.306
[16:01:15]   diesel    : 20009.989
[16:01:15]   battery   :   41.497
[16:01:15]   customer  : -457.671
[16:01:15] Buffer大小:  2976
[16:01:15] 噪声水平: 0.0883
[16:01:15] 
动作统计:
[16:01:15]   wind      : mean= 0.963, std= 0.057, min= 0.779, max= 1.000
[16:01:15]   solar     : mean=-0.968, std= 0.048, min=-1.000, max=-0.807
[16:01:15]   diesel    : mean= 0.955, std= 0.055, min= 0.774, max= 1.000
[16:01:15]   battery   : mean= 0.921, std= 0.096, min= 0.408, max= 1.000
[16:01:15]   customer  : mean= 0.952, std= 0.051, min= 0.805, max= 1.000
[16:01:16] 
======================================================================
[16:01:16] Episode 120/200
[16:01:16] ======================================================================
[16:01:16] 总奖励: 45566.52 | 步数: 24
[16:01:16] 最近10个episodes平均: 51923.74
[16:01:16] 各Agent奖励:
[16:01:16]   wind      : 14351.923
[16:01:16]   solar     : 7381.712
[16:01:16]   diesel    : 24245.091
[16:01:16]   battery   :   41.321
[16:01:16]   customer  : -453.531
[16:01:16] Buffer大小:  3000
[16:01:16] 噪声水平: 0.0882
[16:01:16] 
动作统计:
[16:01:16]   wind      : mean= 0.974, std= 0.055, min= 0.783, max= 1.000
[16:01:16]   solar     : mean=-0.957, std= 0.052, min=-1.000, max=-0.847
[16:01:16]   diesel    : mean= 0.953, std= 0.057, min= 0.806, max= 1.000
[16:01:16]   battery   : mean= 0.908, std= 0.124, min= 0.277, max= 1.000
[16:01:16]   customer  : mean= 0.966, std= 0.058, min= 0.776, max= 1.000
[16:01:16] 
📊 生成可视化图表...
[16:01:16]   ✓ 训练曲线: debug_plots/training_ep0120.png
[16:01:16]   ✓ Agent分析: debug_plots/agents_ep0120.png
[16:01:16] 
======================================================================
[16:01:16] Episode 121/200
[16:01:16] ======================================================================
[16:01:16] 总奖励: 49880.53 | 步数: 24
[16:01:16] 最近10个episodes平均: 51580.58
[16:01:16] 各Agent奖励:
[16:01:16]   wind      : 24364.324
[16:01:16]   solar     : 10189.350
[16:01:16]   diesel    : 15717.648
[16:01:16]   battery   :   41.038
[16:01:16]   customer  : -431.834
[16:01:16] Buffer大小:  3024
[16:01:16] 噪声水平: 0.0882
[16:01:16] 
动作统计:
[16:01:16]   wind      : mean= 0.943, std= 0.061, min= 0.761, max= 1.000
[16:01:16]   solar     : mean=-0.984, std= 0.031, min=-1.000, max=-0.877
[16:01:16]   diesel    : mean= 0.972, std= 0.054, min= 0.791, max= 1.000
[16:01:16]   battery   : mean= 0.924, std= 0.105, min= 0.374, max= 1.000
[16:01:16]   customer  : mean= 0.976, std= 0.052, min= 0.776, max= 1.000
[16:01:16] 
======================================================================
[16:01:16] Episode 122/200
[16:01:16] ======================================================================
[16:01:16] 总奖励: 50549.38 | 步数: 24
[16:01:16] 最近10个episodes平均: 51189.80
[16:01:16] 各Agent奖励:
[16:01:16]   wind      : 21471.182
[16:01:16]   solar     : 10948.403
[16:01:16]   diesel    : 18536.073
[16:01:16]   battery   :   43.968
[16:01:16]   customer  : -450.249
[16:01:16] Buffer大小:  3048
[16:01:16] 噪声水平: 0.0881
[16:01:16] 
动作统计:
[16:01:16]   wind      : mean= 0.964, std= 0.041, min= 0.864, max= 1.000
[16:01:16]   solar     : mean=-0.972, std= 0.036, min=-1.000, max=-0.870
[16:01:16]   diesel    : mean= 0.960, std= 0.048, min= 0.795, max= 1.000
[16:01:16]   battery   : mean= 0.904, std= 0.110, min= 0.497, max= 1.000
[16:01:16]   customer  : mean= 0.963, std= 0.059, min= 0.800, max= 1.000
[16:01:17] 
======================================================================
[16:01:17] Episode 123/200
[16:01:17] ======================================================================
[16:01:17] 总奖励: 52153.68 | 步数: 24
[16:01:17] 最近10个episodes平均: 51082.08
[16:01:17] 各Agent奖励:
[16:01:17]   wind      : 22118.876
[16:01:17]   solar     : 14127.077
[16:01:17]   diesel    : 16308.034
[16:01:17]   battery   :   43.382
[16:01:17]   customer  : -443.693
[16:01:17] Buffer大小:  3072
[16:01:17] 噪声水平: 0.0880
[16:01:17] 
动作统计:
[16:01:17]   wind      : mean= 0.970, std= 0.046, min= 0.851, max= 1.000
[16:01:17]   solar     : mean=-0.964, std= 0.052, min=-1.000, max=-0.821
[16:01:17]   diesel    : mean= 0.962, std= 0.046, min= 0.828, max= 1.000
[16:01:17]   battery   : mean= 0.923, std= 0.103, min= 0.424, max= 1.000
[16:01:17]   customer  : mean= 0.962, std= 0.058, min= 0.741, max= 1.000
[16:01:17] 
======================================================================
[16:01:17] Episode 124/200
[16:01:17] ======================================================================
[16:01:17] 总奖励: 54632.91 | 步数: 24
[16:01:17] 最近10个episodes平均: 51476.09
[16:01:17] 各Agent奖励:
[16:01:17]   wind      : 18929.933
[16:01:17]   solar     : 14169.834
[16:01:17]   diesel    : 21977.102
[16:01:17]   battery   :   41.925
[16:01:17]   customer  : -485.887
[16:01:17] Buffer大小:  3096
[16:01:17] 噪声水平: 0.0879
[16:01:17] 
动作统计:
[16:01:17]   wind      : mean= 0.974, std= 0.043, min= 0.850, max= 1.000
[16:01:17]   solar     : mean=-0.965, std= 0.052, min=-1.000, max=-0.822
[16:01:17]   diesel    : mean= 0.971, std= 0.045, min= 0.824, max= 1.000
[16:01:17]   battery   : mean= 0.925, std= 0.110, min= 0.365, max= 1.000
[16:01:17]   customer  : mean= 0.957, std= 0.050, min= 0.827, max= 1.000
[16:01:17] 
======================================================================
[16:01:17] Episode 125/200
[16:01:17] ======================================================================
[16:01:17] 总奖励: 49513.20 | 步数: 24
[16:01:17] 最近10个episodes平均: 51061.06
[16:01:17] 各Agent奖励:
[16:01:17]   wind      : 21669.529
[16:01:17]   solar     : 11476.921
[16:01:17]   diesel    : 16759.861
[16:01:17]   battery   :   41.136
[16:01:17]   customer  : -434.246
[16:01:17] Buffer大小:  3120
[16:01:17] 噪声水平: 0.0878
[16:01:17] 
动作统计:
[16:01:17]   wind      : mean= 0.940, std= 0.070, min= 0.737, max= 1.000
[16:01:17]   solar     : mean=-0.972, std= 0.032, min=-1.000, max=-0.901
[16:01:17]   diesel    : mean= 0.961, std= 0.050, min= 0.816, max= 1.000
[16:01:17]   battery   : mean= 0.892, std= 0.131, min= 0.309, max= 1.000
[16:01:17]   customer  : mean= 0.964, std= 0.049, min= 0.838, max= 1.000
[16:01:17] 
======================================================================
[16:01:17] Episode 126/200
[16:01:17] ======================================================================
[16:01:17] 总奖励: 55630.37 | 步数: 24
[16:01:17] 最近10个episodes平均: 51650.52
[16:01:17] 各Agent奖励:
[16:01:17]   wind      : 23925.894
[16:01:17]   solar     : 13960.567
[16:01:17]   diesel    : 18176.038
[16:01:17]   battery   :   43.862
[16:01:17]   customer  : -475.992
[16:01:17] Buffer大小:  3144
[16:01:17] 噪声水平: 0.0877
[16:01:17] 
动作统计:
[16:01:17]   wind      : mean= 0.990, std= 0.026, min= 0.896, max= 1.000
[16:01:17]   solar     : mean=-0.966, std= 0.060, min=-1.000, max=-0.761
[16:01:17]   diesel    : mean= 0.961, std= 0.056, min= 0.804, max= 1.000
[16:01:17]   battery   : mean= 0.884, std= 0.110, min= 0.504, max= 1.000
[16:01:17]   customer  : mean= 0.967, std= 0.046, min= 0.825, max= 1.000
[16:01:17] 
======================================================================
[16:01:17] Episode 127/200
[16:01:17] ======================================================================
[16:01:17] 总奖励: 51571.28 | 步数: 24
[16:01:17] 最近10个episodes平均: 51470.41
[16:01:17] 各Agent奖励:
[16:01:17]   wind      : 21364.841
[16:01:17]   solar     : 14157.251
[16:01:17]   diesel    : 16453.009
[16:01:17]   battery   :   41.754
[16:01:17]   customer  : -445.571
[16:01:17] Buffer大小:  3168
[16:01:17] 噪声水平: 0.0876
[16:01:17] 
动作统计:
[16:01:17]   wind      : mean= 0.961, std= 0.052, min= 0.837, max= 1.000
[16:01:17]   solar     : mean=-0.978, std= 0.034, min=-1.000, max=-0.906
[16:01:17]   diesel    : mean= 0.948, std= 0.060, min= 0.775, max= 1.000
[16:01:17]   battery   : mean= 0.904, std= 0.099, min= 0.500, max= 1.000
[16:01:17]   customer  : mean= 0.957, std= 0.055, min= 0.830, max= 1.000
[16:01:18] 
======================================================================
[16:01:18] Episode 128/200
[16:01:18] ======================================================================
[16:01:18] 总奖励: 53169.47 | 步数: 24
[16:01:18] 最近10个episodes平均: 51403.65
[16:01:18] 各Agent奖励:
[16:01:18]   wind      : 17652.750
[16:01:18]   solar     : 13015.523
[16:01:18]   diesel    : 22942.527
[16:01:18]   battery   :   44.099
[16:01:18]   customer  : -485.427
[16:01:18] Buffer大小:  3192
[16:01:18] 噪声水平: 0.0875
[16:01:18] 
动作统计:
[16:01:18]   wind      : mean= 0.969, std= 0.042, min= 0.864, max= 1.000
[16:01:18]   solar     : mean=-0.940, std= 0.062, min=-1.000, max=-0.765
[16:01:18]   diesel    : mean= 0.963, std= 0.047, min= 0.849, max= 1.000
[16:01:18]   battery   : mean= 0.883, std= 0.123, min= 0.416, max= 1.000
[16:01:18]   customer  : mean= 0.961, std= 0.060, min= 0.781, max= 1.000
[16:01:18] 
======================================================================
[16:01:18] Episode 129/200
[16:01:18] ======================================================================
[16:01:18] 总奖励: 48792.89 | 步数: 24
[16:01:18] 最近10个episodes平均: 51146.02
[16:01:18] 各Agent奖励:
[16:01:18]   wind      : 16143.004
[16:01:18]   solar     : 9745.967
[16:01:18]   diesel    : 23341.036
[16:01:18]   battery   :   42.423
[16:01:18]   customer  : -479.541
[16:01:18] Buffer大小:  3216
[16:01:18] 噪声水平: 0.0875
[16:01:18] 
动作统计:
[16:01:18]   wind      : mean= 0.961, std= 0.053, min= 0.834, max= 1.000
[16:01:18]   solar     : mean=-0.966, std= 0.040, min=-1.000, max=-0.868
[16:01:18]   diesel    : mean= 0.962, std= 0.056, min= 0.788, max= 1.000
[16:01:18]   battery   : mean= 0.885, std= 0.118, min= 0.545, max= 1.000
[16:01:18]   customer  : mean= 0.960, std= 0.049, min= 0.825, max= 1.000
[16:01:18] 
======================================================================
[16:01:18] Episode 130/200
[16:01:18] ======================================================================
[16:01:18] 总奖励: 53652.91 | 步数: 24
[16:01:18] 最近10个episodes平均: 51954.66
[16:01:18] 各Agent奖励:
[16:01:18]   wind      : 19607.396
[16:01:18]   solar     : 13889.521
[16:01:18]   diesel    : 20587.746
[16:01:18]   battery   :   42.364
[16:01:18]   customer  : -474.114
[16:01:18] Buffer大小:  3240
[16:01:18] 噪声水平: 0.0874
[16:01:18] 
动作统计:
[16:01:18]   wind      : mean= 0.953, std= 0.052, min= 0.825, max= 1.000
[16:01:18]   solar     : mean=-0.975, std= 0.044, min=-1.000, max=-0.808
[16:01:18]   diesel    : mean= 0.972, std= 0.050, min= 0.718, max= 1.000
[16:01:18]   battery   : mean= 0.882, std= 0.130, min= 0.423, max= 1.000
[16:01:18]   customer  : mean= 0.957, std= 0.052, min= 0.783, max= 1.000
[16:01:18] 
📊 生成可视化图表...
[16:01:19]   ✓ 训练曲线: debug_plots/training_ep0130.png
[16:01:19]   ✓ Agent分析: debug_plots/agents_ep0130.png
[16:01:19] 
======================================================================
[16:01:19] Episode 131/200
[16:01:19] ======================================================================
[16:01:19] 总奖励: 52061.70 | 步数: 24
[16:01:19] 最近10个episodes平均: 52172.78
[16:01:19] 各Agent奖励:
[16:01:19]   wind      : 15334.030
[16:01:19]   solar     : 14292.429
[16:01:19]   diesel    : 22868.931
[16:01:19]   battery   :   43.926
[16:01:19]   customer  : -477.617
[16:01:19] Buffer大小:  3264
[16:01:19] 噪声水平: 0.0873
[16:01:19] 
动作统计:
[16:01:19]   wind      : mean= 0.965, std= 0.043, min= 0.878, max= 1.000
[16:01:19]   solar     : mean=-0.982, std= 0.036, min=-1.000, max=-0.871
[16:01:19]   diesel    : mean= 0.971, std= 0.040, min= 0.832, max= 1.000
[16:01:19]   battery   : mean= 0.879, std= 0.130, min= 0.553, max= 1.000
[16:01:19]   customer  : mean= 0.952, std= 0.064, min= 0.782, max= 1.000
[16:01:19] 
======================================================================
[16:01:19] Episode 132/200
[16:01:19] ======================================================================
[16:01:19] 总奖励: 52736.00 | 步数: 24
[16:01:19] 最近10个episodes平均: 52391.44
[16:01:19] 各Agent奖励:
[16:01:19]   wind      : 13803.095
[16:01:19]   solar     : 14016.824
[16:01:19]   diesel    : 25369.351
[16:01:19]   battery   :   43.567
[16:01:19]   customer  : -496.841
[16:01:19] Buffer大小:  3288
[16:01:19] 噪声水平: 0.0872
[16:01:19] 
动作统计:
[16:01:19]   wind      : mean= 0.972, std= 0.038, min= 0.863, max= 1.000
[16:01:19]   solar     : mean=-0.957, std= 0.055, min=-1.000, max=-0.788
[16:01:19]   diesel    : mean= 0.964, std= 0.050, min= 0.785, max= 1.000
[16:01:19]   battery   : mean= 0.849, std= 0.142, min= 0.398, max= 1.000
[16:01:19]   customer  : mean= 0.695, std= 0.151, min= 0.435, max= 1.000
[16:01:19] 
======================================================================
[16:01:19] Episode 133/200
[16:01:19] ======================================================================
[16:01:19] 总奖励: 62720.33 | 步数: 24
[16:01:19] 最近10个episodes平均: 53448.11
[16:01:19] 各Agent奖励:
[16:01:19]   wind      : 23957.543
[16:01:19]   solar     : 13753.512
[16:01:19]   diesel    : 25484.524
[16:01:19]   battery   :   44.774
[16:01:19]   customer  : -520.025
[16:01:19] Buffer大小:  3312
[16:01:19] 噪声水平: 0.0871
[16:01:19] 
动作统计:
[16:01:19]   wind      : mean= 0.968, std= 0.045, min= 0.843, max= 1.000
[16:01:19]   solar     : mean=-0.955, std= 0.065, min=-1.000, max=-0.776
[16:01:19]   diesel    : mean= 0.964, std= 0.056, min= 0.784, max= 1.000
[16:01:19]   battery   : mean= 0.856, std= 0.148, min= 0.358, max= 1.000
[16:01:19]   customer  : mean= 0.060, std= 0.367, min=-0.501, max= 0.598
[16:01:19] 
======================================================================
[16:01:19] Episode 134/200
[16:01:19] ======================================================================
[16:01:19] 总奖励: 74358.75 | 步数: 24
[16:01:19] 最近10个episodes平均: 55420.69
[16:01:19] 各Agent奖励:
[16:01:19]   wind      : 30178.123
[16:01:19]   solar     : 13172.446
[16:01:19]   diesel    : 31579.112
[16:01:19]   battery   :   40.156
[16:01:19]   customer  : -611.089
[16:01:19] Buffer大小:  3336
[16:01:19] 噪声水平: 0.0870
[16:01:19] 
动作统计:
[16:01:19]   wind      : mean= 0.960, std= 0.054, min= 0.819, max= 1.000
[16:01:19]   solar     : mean=-0.970, std= 0.048, min=-1.000, max=-0.839
[16:01:19]   diesel    : mean= 0.964, std= 0.049, min= 0.776, max= 1.000
[16:01:19]   battery   : mean= 0.856, std= 0.155, min= 0.376, max= 1.000
[16:01:19]   customer  : mean=-0.516, std= 0.313, min=-0.957, max= 0.258
[16:01:19] 
======================================================================
[16:01:19] Episode 135/200
[16:01:19] ======================================================================
[16:01:19] 总奖励: 78666.22 | 步数: 24
[16:01:19] 最近10个episodes平均: 58335.99
[16:01:19] 各Agent奖励:
[16:01:19]   wind      : 21421.759
[16:01:19]   solar     : 15036.265
[16:01:19]   diesel    : 42854.605
[16:01:19]   battery   :   42.164
[16:01:19]   customer  : -688.575
[16:01:19] Buffer大小:  3360
[16:01:19] 噪声水平: 0.0869
[16:01:19] 
动作统计:
[16:01:19]   wind      : mean= 0.981, std= 0.023, min= 0.932, max= 1.000
[16:01:19]   solar     : mean=-0.945, std= 0.045, min=-1.000, max=-0.862
[16:01:19]   diesel    : mean= 0.950, std= 0.054, min= 0.818, max= 1.000
[16:01:19]   battery   : mean= 0.861, std= 0.149, min= 0.410, max= 1.000
[16:01:19]   customer  : mean=-0.755, std= 0.186, min=-0.991, max=-0.319
[16:01:20] 
======================================================================
[16:01:20] Episode 136/200
[16:01:20] ======================================================================
[16:01:20] 总奖励: 79567.77 | 步数: 24
[16:01:20] 最近10个episodes平均: 60729.73
[16:01:20] 各Agent奖励:
[16:01:20]   wind      : 37417.128
[16:01:20]   solar     : 12819.384
[16:01:20]   diesel    : 29895.976
[16:01:20]   battery   :   44.920
[16:01:20]   customer  : -609.641
[16:01:20] Buffer大小:  3384
[16:01:20] 噪声水平: 0.0868
[16:01:20] 
动作统计:
[16:01:20]   wind      : mean= 0.960, std= 0.066, min= 0.733, max= 1.000
[16:01:20]   solar     : mean=-0.950, std= 0.062, min=-1.000, max=-0.827
[16:01:20]   diesel    : mean= 0.966, std= 0.060, min= 0.748, max= 1.000
[16:01:20]   battery   : mean= 0.843, std= 0.151, min= 0.402, max= 1.000
[16:01:20]   customer  : mean=-0.889, std= 0.122, min=-1.000, max=-0.494
[16:01:20] 
======================================================================
[16:01:20] Episode 137/200
[16:01:20] ======================================================================
[16:01:20] 总奖励: 76722.26 | 步数: 24
[16:01:20] 最近10个episodes平均: 63244.83
[16:01:20] 各Agent奖励:
[16:01:20]   wind      : 34620.041
[16:01:20]   solar     : 13926.247
[16:01:20]   diesel    : 28737.315
[16:01:20]   battery   :   44.459
[16:01:20]   customer  : -605.799
[16:01:20] Buffer大小:  3408
[16:01:20] 噪声水平: 0.0868
[16:01:20] 
动作统计:
[16:01:20]   wind      : mean= 0.958, std= 0.054, min= 0.765, max= 1.000
[16:01:20]   solar     : mean=-0.953, std= 0.073, min=-1.000, max=-0.741
[16:01:20]   diesel    : mean= 0.965, std= 0.060, min= 0.765, max= 1.000
[16:01:20]   battery   : mean= 0.846, std= 0.162, min= 0.453, max= 1.000
[16:01:20]   customer  : mean=-0.903, std= 0.110, min=-1.000, max=-0.569
[16:01:20] 
======================================================================
[16:01:20] Episode 138/200
[16:01:20] ======================================================================
[16:01:20] 总奖励: 80016.72 | 步数: 24
[16:01:20] 最近10个episodes平均: 65929.55
[16:01:20] 各Agent奖励:
[16:01:20]   wind      : 37430.119
[16:01:20]   solar     : 14179.218
[16:01:20]   diesel    : 28966.746
[16:01:20]   battery   :   43.461
[16:01:20]   customer  : -602.824
[16:01:20] Buffer大小:  3432
[16:01:20] 噪声水平: 0.0867
[16:01:20] 
动作统计:
[16:01:20]   wind      : mean= 0.972, std= 0.049, min= 0.799, max= 1.000
[16:01:20]   solar     : mean=-0.971, std= 0.051, min=-1.000, max=-0.827
[16:01:20]   diesel    : mean= 0.960, std= 0.063, min= 0.769, max= 1.000
[16:01:20]   battery   : mean= 0.831, std= 0.147, min= 0.430, max= 1.000
[16:01:20]   customer  : mean=-0.927, std= 0.067, min=-1.000, max=-0.755
[16:01:20] 
======================================================================
[16:01:20] Episode 139/200
[16:01:20] ======================================================================
[16:01:20] 总奖励: 79509.67 | 步数: 24
[16:01:20] 最近10个episodes平均: 69001.23
[16:01:20] 各Agent奖励:
[16:01:20]   wind      : 34935.896
[16:01:20]   solar     : 13947.527
[16:01:20]   diesel    : 31183.158
[16:01:20]   battery   :   43.639
[16:01:20]   customer  : -600.551
[16:01:20] Buffer大小:  3456
[16:01:20] 噪声水平: 0.0866
[16:01:20] 
动作统计:
[16:01:20]   wind      : mean= 0.960, std= 0.041, min= 0.885, max= 1.000
[16:01:20]   solar     : mean=-0.977, std= 0.046, min=-1.000, max=-0.822
[16:01:20]   diesel    : mean= 0.960, std= 0.058, min= 0.752, max= 1.000
[16:01:20]   battery   : mean= 0.843, std= 0.164, min= 0.364, max= 1.000
[16:01:20]   customer  : mean=-0.928, std= 0.068, min=-1.000, max=-0.746
[16:01:20] 
======================================================================
[16:01:20] Episode 140/200
[16:01:20] ======================================================================
[16:01:20] 总奖励: 78570.09 | 步数: 24
[16:01:20] 最近10个episodes平均: 71492.95
[16:01:20] 各Agent奖励:
[16:01:20]   wind      : 33332.948
[16:01:20]   solar     : 13345.763
[16:01:20]   diesel    : 32452.596
[16:01:20]   battery   :   40.189
[16:01:20]   customer  : -601.401
[16:01:20] Buffer大小:  3480
[16:01:20] 噪声水平: 0.0865
[16:01:20] 
动作统计:
[16:01:20]   wind      : mean= 0.965, std= 0.050, min= 0.846, max= 1.000
[16:01:20]   solar     : mean=-0.976, std= 0.045, min=-1.000, max=-0.812
[16:01:20]   diesel    : mean= 0.966, std= 0.051, min= 0.781, max= 1.000
[16:01:20]   battery   : mean= 0.855, std= 0.157, min= 0.418, max= 1.000
[16:01:20]   customer  : mean=-0.952, std= 0.061, min=-1.000, max=-0.817
[16:01:20] 
📊 生成可视化图表...
[16:01:21]   ✓ 训练曲线: debug_plots/training_ep0140.png
[16:01:21]   ✓ Agent分析: debug_plots/agents_ep0140.png
[16:01:21] 
======================================================================
[16:01:21] Episode 141/200
[16:01:21] ======================================================================
[16:01:21] 总奖励: 80467.44 | 步数: 24
[16:01:21] 最近10个episodes平均: 74333.52
[16:01:21] 各Agent奖励:
[16:01:21]   wind      : 32268.903
[16:01:21]   solar     : 13552.092
[16:01:21]   diesel    : 35236.935
[16:01:21]   battery   :   44.920
[16:01:21]   customer  : -635.411
[16:01:21] Buffer大小:  3504
[16:01:21] 噪声水平: 0.0864
[16:01:21] 
动作统计:
[16:01:21]   wind      : mean= 0.961, std= 0.050, min= 0.805, max= 1.000
[16:01:21]   solar     : mean=-0.976, std= 0.035, min=-1.000, max=-0.868
[16:01:21]   diesel    : mean= 0.964, std= 0.047, min= 0.860, max= 1.000
[16:01:21]   battery   : mean= 0.830, std= 0.144, min= 0.385, max= 1.000
[16:01:21]   customer  : mean=-0.883, std= 0.154, min=-1.000, max=-0.396
[16:01:21] 
======================================================================
[16:01:21] Episode 142/200
[16:01:21] ======================================================================
[16:01:21] 总奖励: 79549.64 | 步数: 24
[16:01:21] 最近10个episodes平均: 77014.89
[16:01:21] 各Agent奖励:
[16:01:21]   wind      : 37419.491
[16:01:21]   solar     : 13443.889
[16:01:21]   diesel    : 29238.185
[16:01:21]   battery   :   43.470
[16:01:21]   customer  : -595.400
[16:01:21] Buffer大小:  3528
[16:01:21] 噪声水平: 0.0863
[16:01:21] 
动作统计:
[16:01:21]   wind      : mean= 0.967, std= 0.061, min= 0.778, max= 1.000
[16:01:21]   solar     : mean=-0.960, std= 0.051, min=-1.000, max=-0.824
[16:01:21]   diesel    : mean= 0.972, std= 0.043, min= 0.845, max= 1.000
[16:01:21]   battery   : mean= 0.829, std= 0.157, min= 0.437, max= 1.000
[16:01:21]   customer  : mean=-0.639, std= 0.267, min=-0.997, max= 0.017
[16:01:21] 
======================================================================
[16:01:21] Episode 143/200
[16:01:21] ======================================================================
[16:01:21] 总奖励: 72281.53 | 步数: 24
[16:01:21] 最近10个episodes平均: 77971.01
[16:01:21] 各Agent奖励:
[16:01:21]   wind      : 28433.375
[16:01:21]   solar     : 14008.105
[16:01:21]   diesel    : 30387.884
[16:01:21]   battery   :   44.297
[16:01:21]   customer  : -592.136
[16:01:21] Buffer大小:  3552
[16:01:21] 噪声水平: 0.0862
[16:01:21] 
动作统计:
[16:01:21]   wind      : mean= 0.944, std= 0.060, min= 0.821, max= 1.000
[16:01:21]   solar     : mean=-0.957, std= 0.050, min=-1.000, max=-0.826
[16:01:21]   diesel    : mean= 0.974, std= 0.043, min= 0.851, max= 1.000
[16:01:21]   battery   : mean= 0.827, std= 0.165, min= 0.376, max= 1.000
[16:01:21]   customer  : mean=-0.349, std= 0.408, min=-0.898, max= 0.526
[16:01:22] 
======================================================================
[16:01:22] Episode 144/200
[16:01:22] ======================================================================
[16:01:22] 总奖励: 66365.12 | 步数: 24
[16:01:22] 最近10个episodes平均: 77171.64
[16:01:22] 各Agent奖励:
[16:01:22]   wind      : 29893.066
[16:01:22]   solar     : 14790.443
[16:01:22]   diesel    : 22155.147
[16:01:22]   battery   :   34.314
[16:01:22]   customer  : -507.852
[16:01:22] Buffer大小:  3576
[16:01:22] 噪声水平: 0.0862
[16:01:22] 
动作统计:
[16:01:22]   wind      : mean= 0.962, std= 0.055, min= 0.755, max= 1.000
[16:01:22]   solar     : mean=-0.957, std= 0.057, min=-1.000, max=-0.832
[16:01:22]   diesel    : mean= 0.973, std= 0.047, min= 0.836, max= 1.000
[16:01:22]   battery   : mean= 0.800, std= 0.161, min= 0.511, max= 1.000
[16:01:22]   customer  : mean= 0.053, std= 0.456, min=-0.678, max= 0.901
[16:01:22] 
======================================================================
[16:01:22] Episode 145/200
[16:01:22] ======================================================================
[16:01:22] 总奖励: 58489.85 | 步数: 24
[16:01:22] 最近10个episodes平均: 75154.01
[16:01:22] 各Agent奖励:
[16:01:22]   wind      : 24728.238
[16:01:22]   solar     : 13863.635
[16:01:22]   diesel    : 20343.110
[16:01:22]   battery   :   44.651
[16:01:22]   customer  : -489.787
[16:01:22] Buffer大小:  3600
[16:01:22] 噪声水平: 0.0861
[16:01:22] 
动作统计:
[16:01:22]   wind      : mean= 0.946, std= 0.068, min= 0.762, max= 1.000
[16:01:22]   solar     : mean=-0.964, std= 0.054, min=-1.000, max=-0.794
[16:01:22]   diesel    : mean= 0.966, std= 0.047, min= 0.827, max= 1.000
[16:01:22]   battery   : mean= 0.786, std= 0.149, min= 0.479, max= 1.000
[16:01:22]   customer  : mean= 0.302, std= 0.386, min=-0.415, max= 0.962
[16:01:22] 
======================================================================
[16:01:22] Episode 146/200
[16:01:22] ======================================================================
[16:01:22] 总奖励: 58000.28 | 步数: 24
[16:01:22] 最近10个episodes平均: 72997.26
[16:01:22] 各Agent奖励:
[16:01:22]   wind      : 29125.218
[16:01:22]   solar     : 13115.414
[16:01:22]   diesel    : 16182.825
[16:01:22]   battery   :   44.480
[16:01:22]   customer  : -467.661
[16:01:22] Buffer大小:  3624
[16:01:22] 噪声水平: 0.0860
[16:01:22] 
动作统计:
[16:01:22]   wind      : mean= 0.963, std= 0.053, min= 0.793, max= 1.000
[16:01:22]   solar     : mean=-0.977, std= 0.045, min=-1.000, max=-0.869
[16:01:22]   diesel    : mean= 0.970, std= 0.048, min= 0.830, max= 1.000
[16:01:22]   battery   : mean= 0.776, std= 0.159, min= 0.440, max= 1.000
[16:01:22]   customer  : mean= 0.464, std= 0.352, min=-0.340, max= 0.953
[16:01:22] 
======================================================================
[16:01:22] Episode 147/200
[16:01:22] ======================================================================
[16:01:22] 总奖励: 53251.20 | 步数: 24
[16:01:22] 最近10个episodes平均: 70650.15
[16:01:22] 各Agent奖励:
[16:01:22]   wind      : 32486.176
[16:01:22]   solar     : 13298.969
[16:01:22]   diesel    : 7824.093
[16:01:22]   battery   :   44.582
[16:01:22]   customer  : -402.622
[16:01:22] Buffer大小:  3648
[16:01:22] 噪声水平: 0.0859
[16:01:22] 
动作统计:
[16:01:22]   wind      : mean= 0.954, std= 0.056, min= 0.841, max= 1.000
[16:01:22]   solar     : mean=-0.971, std= 0.049, min=-1.000, max=-0.839
[16:01:22]   diesel    : mean= 0.978, std= 0.034, min= 0.885, max= 1.000
[16:01:22]   battery   : mean= 0.740, std= 0.178, min= 0.410, max= 1.000
[16:01:22]   customer  : mean= 0.570, std= 0.302, min=-0.218, max= 0.933
[16:01:22] 
======================================================================
[16:01:22] Episode 148/200
[16:01:22] ======================================================================
[16:01:22] 总奖励: 56917.77 | 步数: 24
[16:01:22] 最近10个episodes平均: 68340.26
[16:01:22] 各Agent奖励:
[16:01:22]   wind      : 16541.387
[16:01:22]   solar     : 13234.396
[16:01:22]   diesel    : 27630.746
[16:01:22]   battery   :   44.184
[16:01:22]   customer  : -532.938
[16:01:22] Buffer大小:  3672
[16:01:22] 噪声水平: 0.0858
[16:01:22] 
动作统计:
[16:01:22]   wind      : mean= 0.982, std= 0.038, min= 0.838, max= 1.000
[16:01:22]   solar     : mean=-0.976, std= 0.039, min=-1.000, max=-0.886
[16:01:22]   diesel    : mean= 0.966, std= 0.049, min= 0.812, max= 1.000
[16:01:22]   battery   : mean= 0.718, std= 0.183, min= 0.362, max= 1.000
[16:01:22]   customer  : mean= 0.692, std= 0.291, min= 0.021, max= 0.992
[16:01:23] 
======================================================================
[16:01:23] Episode 149/200
[16:01:23] ======================================================================
[16:01:23] 总奖励: 51328.99 | 步数: 24
[16:01:23] 最近10个episodes平均: 65522.19
[16:01:23] 各Agent奖励:
[16:01:23]   wind      : 22164.856
[16:01:23]   solar     : 10896.095
[16:01:23]   diesel    : 18675.671
[16:01:23]   battery   :   44.107
[16:01:23]   customer  : -451.742
[16:01:23] Buffer大小:  3696
[16:01:23] 噪声水平: 0.0857
[16:01:23] 
动作统计:
[16:01:23]   wind      : mean= 0.965, std= 0.044, min= 0.877, max= 1.000
[16:01:23]   solar     : mean=-0.972, std= 0.039, min=-1.000, max=-0.887
[16:01:23]   diesel    : mean= 0.961, std= 0.048, min= 0.835, max= 1.000
[16:01:23]   battery   : mean= 0.693, std= 0.188, min= 0.289, max= 1.000
[16:01:23]   customer  : mean= 0.713, std= 0.278, min= 0.114, max= 1.000
[16:01:23] 
======================================================================
[16:01:23] Episode 150/200
[16:01:23] ======================================================================
[16:01:23] 总奖励: 53649.44 | 步数: 24
[16:01:23] 最近10个episodes平均: 63030.12
[16:01:23] 各Agent奖励:
[16:01:23]   wind      : 17975.093
[16:01:23]   solar     : 14404.281
[16:01:23]   diesel    : 21706.094
[16:01:23]   battery   :   44.847
[16:01:23]   customer  : -480.871
[16:01:23] Buffer大小:  3720
[16:01:23] 噪声水平: 0.0856
[16:01:23] 
动作统计:
[16:01:23]   wind      : mean= 0.972, std= 0.050, min= 0.825, max= 1.000
[16:01:23]   solar     : mean=-0.966, std= 0.048, min=-1.000, max=-0.825
[16:01:23]   diesel    : mean= 0.979, std= 0.036, min= 0.820, max= 1.000
[16:01:23]   battery   : mean= 0.676, std= 0.200, min= 0.277, max= 1.000
[16:01:23]   customer  : mean= 0.769, std= 0.233, min= 0.286, max= 1.000
[16:01:23] 
📊 生成可视化图表...
[16:01:23]   ✓ 训练曲线: debug_plots/training_ep0150.png
[16:01:23]   ✓ Agent分析: debug_plots/agents_ep0150.png
[16:01:23] 💾 保存检查点: debug_checkpoints/debug_maddpg_20251124_160048_ep0150.pt
[16:01:24] 
======================================================================
[16:01:24] Episode 151/200
[16:01:24] ======================================================================
[16:01:24] 总奖励: 52498.83 | 步数: 24
[16:01:24] 最近10个episodes平均: 60233.26
[16:01:24] 各Agent奖励:
[16:01:24]   wind      : 14163.099
[16:01:24]   solar     : 14126.415
[16:01:24]   diesel    : 24661.497
[16:01:24]   battery   :   44.073
[16:01:24]   customer  : -496.252
[16:01:24] Buffer大小:  3744
[16:01:24] 噪声水平: 0.0855
[16:01:24] 
动作统计:
[16:01:24]   wind      : mean= 0.969, std= 0.043, min= 0.848, max= 1.000
[16:01:24]   solar     : mean=-0.974, std= 0.044, min=-1.000, max=-0.815
[16:01:24]   diesel    : mean= 0.956, std= 0.057, min= 0.774, max= 1.000
[16:01:24]   battery   : mean= 0.644, std= 0.207, min= 0.234, max= 1.000
[16:01:24]   customer  : mean= 0.768, std= 0.238, min= 0.145, max= 1.000
[16:01:24] 
======================================================================
[16:01:24] Episode 152/200
[16:01:24] ======================================================================
[16:01:24] 总奖励: 52423.24 | 步数: 24
[16:01:24] 最近10个episodes平均: 57520.62
[16:01:24] 各Agent奖励:
[16:01:24]   wind      : 19008.791
[16:01:24]   solar     : 14070.632
[16:01:24]   diesel    : 19770.074
[16:01:24]   battery   :   41.658
[16:01:24]   customer  : -467.913
[16:01:24] Buffer大小:  3768
[16:01:24] 噪声水平: 0.0855
[16:01:24] 
动作统计:
[16:01:24]   wind      : mean= 0.972, std= 0.044, min= 0.844, max= 1.000
[16:01:24]   solar     : mean=-0.977, std= 0.040, min=-1.000, max=-0.856
[16:01:24]   diesel    : mean= 0.958, std= 0.060, min= 0.761, max= 1.000
[16:01:24]   battery   : mean= 0.646, std= 0.234, min= 0.257, max= 1.000
[16:01:24]   customer  : mean= 0.820, std= 0.203, min= 0.313, max= 1.000
[16:01:24] 
======================================================================
[16:01:24] Episode 153/200
[16:01:24] ======================================================================
[16:01:24] 总奖励: 54798.57 | 步数: 24
[16:01:24] 最近10个episodes平均: 55772.33
[16:01:24] 各Agent奖励:
[16:01:24]   wind      : 21055.170
[16:01:24]   solar     : 14676.135
[16:01:24]   diesel    : 19499.485
[16:01:24]   battery   :   42.227
[16:01:24]   customer  : -474.445
[16:01:24] Buffer大小:  3792
[16:01:24] 噪声水平: 0.0854
[16:01:24] 
动作统计:
[16:01:24]   wind      : mean= 0.971, std= 0.030, min= 0.886, max= 1.000
[16:01:24]   solar     : mean=-0.972, std= 0.033, min=-1.000, max=-0.885
[16:01:24]   diesel    : mean= 0.969, std= 0.048, min= 0.770, max= 1.000
[16:01:24]   battery   : mean= 0.613, std= 0.216, min= 0.145, max= 1.000
[16:01:24]   customer  : mean= 0.790, std= 0.201, min= 0.279, max= 1.000
[16:01:24] 
======================================================================
[16:01:24] Episode 154/200
[16:01:24] ======================================================================
[16:01:24] 总奖励: 50540.73 | 步数: 24
[16:01:24] 最近10个episodes平均: 54189.89
[16:01:24] 各Agent奖励:
[16:01:24]   wind      : 21926.713
[16:01:24]   solar     : 12148.411
[16:01:24]   diesel    : 16861.652
[16:01:24]   battery   :   44.569
[16:01:24]   customer  : -440.616
[16:01:24] Buffer大小:  3816
[16:01:24] 噪声水平: 0.0853
[16:01:24] 
动作统计:
[16:01:24]   wind      : mean= 0.974, std= 0.052, min= 0.833, max= 1.000
[16:01:24]   solar     : mean=-0.973, std= 0.042, min=-1.000, max=-0.853
[16:01:24]   diesel    : mean= 0.971, std= 0.044, min= 0.837, max= 1.000
[16:01:24]   battery   : mean= 0.623, std= 0.215, min= 0.189, max= 0.993
[16:01:24]   customer  : mean= 0.836, std= 0.175, min= 0.419, max= 1.000
[16:01:24] 
======================================================================
[16:01:24] Episode 155/200
[16:01:24] ======================================================================
[16:01:24] 总奖励: 52438.81 | 步数: 24
[16:01:24] 最近10个episodes平均: 53584.79
[16:01:24] 各Agent奖励:
[16:01:24]   wind      : 23792.667
[16:01:24]   solar     : 11410.639
[16:01:24]   diesel    : 17646.532
[16:01:24]   battery   :   44.904
[16:01:24]   customer  : -455.932
[16:01:24] Buffer大小:  3840
[16:01:24] 噪声水平: 0.0852
[16:01:24] 
动作统计:
[16:01:24]   wind      : mean= 0.983, std= 0.031, min= 0.885, max= 1.000
[16:01:24]   solar     : mean=-0.967, std= 0.061, min=-1.000, max=-0.790
[16:01:24]   diesel    : mean= 0.976, std= 0.037, min= 0.852, max= 1.000
[16:01:24]   battery   : mean= 0.618, std= 0.226, min= 0.137, max= 1.000
[16:01:24]   customer  : mean= 0.833, std= 0.192, min= 0.346, max= 1.000
[16:01:25] 
======================================================================
[16:01:25] Episode 156/200
[16:01:25] ======================================================================
[16:01:25] 总奖励: 54104.88 | 步数: 24
[16:01:25] 最近10个episodes平均: 53195.25
[16:01:25] 各Agent奖励:
[16:01:25]   wind      : 18028.280
[16:01:25]   solar     : 13611.239
[16:01:25]   diesel    : 22911.645
[16:01:25]   battery   :   41.164
[16:01:25]   customer  : -487.447
[16:01:25] Buffer大小:  3864
[16:01:25] 噪声水平: 0.0851
[16:01:25] 
动作统计:
[16:01:25]   wind      : mean= 0.969, std= 0.048, min= 0.820, max= 1.000
[16:01:25]   solar     : mean=-0.959, std= 0.057, min=-1.000, max=-0.819
[16:01:25]   diesel    : mean= 0.966, std= 0.049, min= 0.794, max= 1.000
[16:01:25]   battery   : mean= 0.615, std= 0.232, min= 0.024, max= 1.000
[16:01:25]   customer  : mean= 0.835, std= 0.165, min= 0.313, max= 1.000
[16:01:25] 
======================================================================
[16:01:25] Episode 157/200
[16:01:25] ======================================================================
[16:01:25] 总奖励: 53005.19 | 步数: 24
[16:01:25] 最近10个episodes平均: 53170.65
[16:01:25] 各Agent奖励:
[16:01:25]   wind      : 20053.492
[16:01:25]   solar     : 13164.190
[16:01:25]   diesel    : 20213.671
[16:01:25]   battery   :   44.447
[16:01:25]   customer  : -470.609
[16:01:25] Buffer大小:  3888
[16:01:25] 噪声水平: 0.0850
[16:01:25] 
动作统计:
[16:01:25]   wind      : mean= 0.969, std= 0.042, min= 0.847, max= 1.000
[16:01:25]   solar     : mean=-0.949, std= 0.062, min=-1.000, max=-0.796
[16:01:25]   diesel    : mean= 0.961, std= 0.047, min= 0.837, max= 1.000
[16:01:25]   battery   : mean= 0.558, std= 0.228, min= 0.004, max= 1.000
[16:01:25]   customer  : mean= 0.828, std= 0.189, min= 0.377, max= 1.000
[16:01:25] 
======================================================================
[16:01:25] Episode 158/200
[16:01:25] ======================================================================
[16:01:25] 总奖励: 51340.47 | 步数: 24
[16:01:25] 最近10个episodes平均: 52612.92
[16:01:25] 各Agent奖励:
[16:01:25]   wind      : 19516.637
[16:01:25]   solar     : 11979.071
[16:01:25]   diesel    : 20263.406
[16:01:25]   battery   :   37.968
[16:01:25]   customer  : -456.610
[16:01:25] Buffer大小:  3912
[16:01:25] 噪声水平: 0.0850
[16:01:25] 
动作统计:
[16:01:25]   wind      : mean= 0.963, std= 0.051, min= 0.832, max= 1.000
[16:01:25]   solar     : mean=-0.961, std= 0.054, min=-1.000, max=-0.810
[16:01:25]   diesel    : mean= 0.957, std= 0.054, min= 0.774, max= 1.000
[16:01:25]   battery   : mean= 0.559, std= 0.241, min= 0.038, max= 1.000
[16:01:25]   customer  : mean= 0.815, std= 0.190, min= 0.387, max= 1.000
[16:01:25] 
======================================================================
[16:01:25] Episode 159/200
[16:01:25] ======================================================================
[16:01:25] 总奖励: 54507.50 | 步数: 24
[16:01:25] 最近10个episodes平均: 52930.77
[16:01:25] 各Agent奖励:
[16:01:25]   wind      : 30720.993
[16:01:25]   solar     : 14370.581
[16:01:25]   diesel    : 9797.170
[16:01:25]   battery   :   40.551
[16:01:25]   customer  : -421.795
[16:01:25] Buffer大小:  3936
[16:01:25] 噪声水平: 0.0849
[16:01:25] 
动作统计:
[16:01:25]   wind      : mean= 0.967, std= 0.040, min= 0.851, max= 1.000
[16:01:25]   solar     : mean=-0.952, std= 0.056, min=-1.000, max=-0.828
[16:01:25]   diesel    : mean= 0.963, std= 0.051, min= 0.794, max= 1.000
[16:01:25]   battery   : mean= 0.555, std= 0.241, min= 0.056, max= 1.000
[16:01:25]   customer  : mean= 0.826, std= 0.208, min= 0.277, max= 1.000
[16:01:25] 
======================================================================
[16:01:25] Episode 160/200
[16:01:25] ======================================================================
[16:01:25] 总奖励: 53755.51 | 步数: 24
[16:01:25] 最近10个episodes平均: 52941.37
[16:01:25] 各Agent奖励:
[16:01:25]   wind      : 21292.934
[16:01:25]   solar     : 13112.950
[16:01:25]   diesel    : 19778.053
[16:01:25]   battery   :   44.302
[16:01:25]   customer  : -472.729
[16:01:25] Buffer大小:  3960
[16:01:25] 噪声水平: 0.0848
[16:01:25] 
动作统计:
[16:01:25]   wind      : mean= 0.965, std= 0.043, min= 0.844, max= 1.000
[16:01:25]   solar     : mean=-0.980, std= 0.040, min=-1.000, max=-0.871
[16:01:25]   diesel    : mean= 0.963, std= 0.055, min= 0.745, max= 1.000
[16:01:25]   battery   : mean= 0.544, std= 0.233, min= 0.051, max= 0.993
[16:01:25]   customer  : mean= 0.767, std= 0.231, min= 0.264, max= 1.000
[16:01:25] 
📊 生成可视化图表...
[16:01:26]   ✓ 训练曲线: debug_plots/training_ep0160.png
[16:01:26]   ✓ Agent分析: debug_plots/agents_ep0160.png
[16:01:26] 
======================================================================
[16:01:26] Episode 161/200
[16:01:26] ======================================================================
[16:01:26] 总奖励: 52135.27 | 步数: 24
[16:01:26] 最近10个episodes平均: 52905.02
[16:01:26] 各Agent奖励:
[16:01:26]   wind      : 23921.176
[16:01:26]   solar     : 12617.105
[16:01:26]   diesel    : 15996.970
[16:01:26]   battery   :   44.367
[16:01:26]   customer  : -444.352
[16:01:26] Buffer大小:  3984
[16:01:26] 噪声水平: 0.0847
[16:01:26] 
动作统计:
[16:01:26]   wind      : mean= 0.959, std= 0.054, min= 0.817, max= 1.000
[16:01:26]   solar     : mean=-0.963, std= 0.048, min=-1.000, max=-0.839
[16:01:26]   diesel    : mean= 0.973, std= 0.046, min= 0.761, max= 1.000
[16:01:26]   battery   : mean= 0.505, std= 0.228, min=-0.035, max= 1.000
[16:01:26]   customer  : mean= 0.823, std= 0.197, min= 0.332, max= 1.000
[16:01:26] 
======================================================================
[16:01:26] Episode 162/200
[16:01:26] ======================================================================
[16:01:26] 总奖励: 52680.08 | 步数: 24
[16:01:26] 最近10个episodes平均: 52930.70
[16:01:26] 各Agent奖励:
[16:01:26]   wind      : 12865.111
[16:01:26]   solar     : 13362.277
[16:01:26]   diesel    : 26911.034
[16:01:26]   battery   :   43.382
[16:01:26]   customer  : -501.721
[16:01:26] Buffer大小:  4008
[16:01:26] 噪声水平: 0.0846
[16:01:26] 
动作统计:
[16:01:26]   wind      : mean= 0.959, std= 0.053, min= 0.848, max= 1.000
[16:01:26]   solar     : mean=-0.960, std= 0.044, min=-1.000, max=-0.868
[16:01:26]   diesel    : mean= 0.967, std= 0.044, min= 0.815, max= 1.000
[16:01:26]   battery   : mean= 0.523, std= 0.230, min= 0.027, max= 1.000
[16:01:26]   customer  : mean= 0.827, std= 0.195, min= 0.343, max= 1.000
[16:01:27] 
======================================================================
[16:01:27] Episode 163/200
[16:01:27] ======================================================================
[16:01:27] 总奖励: 49783.15 | 步数: 24
[16:01:27] 最近10个episodes平均: 52429.16
[16:01:27] 各Agent奖励:
[16:01:27]   wind      : 18639.446
[16:01:27]   solar     : 10262.007
[16:01:27]   diesel    : 21297.275
[16:01:27]   battery   :   44.834
[16:01:27]   customer  : -460.416
[16:01:27] Buffer大小:  4032
[16:01:27] 噪声水平: 0.0845
[16:01:27] 
动作统计:
[16:01:27]   wind      : mean= 0.976, std= 0.033, min= 0.875, max= 1.000
[16:01:27]   solar     : mean=-0.965, std= 0.055, min=-1.000, max=-0.828
[16:01:27]   diesel    : mean= 0.965, std= 0.054, min= 0.777, max= 1.000
[16:01:27]   battery   : mean= 0.490, std= 0.223, min= 0.020, max= 1.000
[16:01:27]   customer  : mean= 0.790, std= 0.204, min= 0.311, max= 1.000
[16:01:27] 
======================================================================
[16:01:27] Episode 164/200
[16:01:27] ======================================================================
[16:01:27] 总奖励: 53264.28 | 步数: 24
[16:01:27] 最近10个episodes平均: 52701.51
[16:01:27] 各Agent奖励:
[16:01:27]   wind      : 24648.147
[16:01:27]   solar     : 13503.560
[16:01:27]   diesel    : 15516.291
[16:01:27]   battery   :   42.719
[16:01:27]   customer  : -446.434
[16:01:27] Buffer大小:  4056
[16:01:27] 噪声水平: 0.0844
[16:01:27] 
动作统计:
[16:01:27]   wind      : mean= 0.965, std= 0.038, min= 0.860, max= 1.000
[16:01:27]   solar     : mean=-0.971, std= 0.045, min=-1.000, max=-0.823
[16:01:27]   diesel    : mean= 0.961, std= 0.047, min= 0.851, max= 1.000
[16:01:27]   battery   : mean= 0.467, std= 0.224, min= 0.069, max= 1.000
[16:01:27]   customer  : mean= 0.789, std= 0.191, min= 0.358, max= 1.000
[16:01:27] 
======================================================================
[16:01:27] Episode 165/200
[16:01:27] ======================================================================
[16:01:27] 总奖励: 54604.68 | 步数: 24
[16:01:27] 最近10个episodes平均: 52918.10
[16:01:27] 各Agent奖励:
[16:01:27]   wind      : 19971.632
[16:01:27]   solar     : 13686.349
[16:01:27]   diesel    : 21390.217
[16:01:27]   battery   :   44.675
[16:01:27]   customer  : -488.192
[16:01:27] Buffer大小:  4080
[16:01:27] 噪声水平: 0.0844
[16:01:27] 
动作统计:
[16:01:27]   wind      : mean= 0.974, std= 0.051, min= 0.801, max= 1.000
[16:01:27]   solar     : mean=-0.974, std= 0.043, min=-1.000, max=-0.841
[16:01:27]   diesel    : mean= 0.962, std= 0.054, min= 0.765, max= 1.000
[16:01:27]   battery   : mean= 0.471, std= 0.236, min=-0.090, max= 0.990
[16:01:27]   customer  : mean= 0.778, std= 0.216, min= 0.245, max= 1.000
[16:01:27] 
======================================================================
[16:01:27] Episode 166/200
[16:01:27] ======================================================================
[16:01:27] 总奖励: 53569.38 | 步数: 24
[16:01:27] 最近10个episodes平均: 52864.55
[16:01:27] 各Agent奖励:
[16:01:27]   wind      : 23732.474
[16:01:27]   solar     : 13232.004
[16:01:27]   diesel    : 17017.933
[16:01:27]   battery   :   44.152
[16:01:27]   customer  : -457.185
[16:01:27] Buffer大小:  4104
[16:01:27] 噪声水平: 0.0843
[16:01:27] 
动作统计:
[16:01:27]   wind      : mean= 0.961, std= 0.053, min= 0.833, max= 1.000
[16:01:27]   solar     : mean=-0.969, std= 0.059, min=-1.000, max=-0.754
[16:01:27]   diesel    : mean= 0.970, std= 0.041, min= 0.850, max= 1.000
[16:01:27]   battery   : mean= 0.447, std= 0.229, min= 0.020, max= 0.913
[16:01:27]   customer  : mean= 0.773, std= 0.190, min= 0.351, max= 1.000
[16:01:27] 
======================================================================
[16:01:27] Episode 167/200
[16:01:27] ======================================================================
[16:01:27] 总奖励: 55452.52 | 步数: 24
[16:01:27] 最近10个episodes平均: 53109.28
[16:01:27] 各Agent奖励:
[16:01:27]   wind      : 22498.740
[16:01:27]   solar     : 13654.122
[16:01:27]   diesel    : 19738.705
[16:01:27]   battery   :   42.645
[16:01:27]   customer  : -481.692
[16:01:27] Buffer大小:  4128
[16:01:27] 噪声水平: 0.0842
[16:01:27] 
动作统计:
[16:01:27]   wind      : mean= 0.963, std= 0.045, min= 0.823, max= 1.000
[16:01:27]   solar     : mean=-0.978, std= 0.039, min=-1.000, max=-0.872
[16:01:27]   diesel    : mean= 0.965, std= 0.046, min= 0.815, max= 1.000
[16:01:27]   battery   : mean= 0.443, std= 0.224, min=-0.012, max= 1.000
[16:01:27]   customer  : mean= 0.777, std= 0.188, min= 0.272, max= 1.000
[16:01:27] 
======================================================================
[16:01:27] Episode 168/200
[16:01:27] ======================================================================
[16:01:27] 总奖励: 54430.67 | 步数: 24
[16:01:27] 最近10个episodes平均: 53418.30
[16:01:27] 各Agent奖励:
[16:01:27]   wind      : 17000.442
[16:01:27]   solar     : 13743.309
[16:01:27]   diesel    : 24140.250
[16:01:27]   battery   :   43.485
[16:01:27]   customer  : -496.817
[16:01:27] Buffer大小:  4152
[16:01:27] 噪声水平: 0.0841
[16:01:27] 
动作统计:
[16:01:27]   wind      : mean= 0.971, std= 0.043, min= 0.849, max= 1.000
[16:01:27]   solar     : mean=-0.973, std= 0.042, min=-1.000, max=-0.827
[16:01:27]   diesel    : mean= 0.956, std= 0.050, min= 0.832, max= 1.000
[16:01:27]   battery   : mean= 0.414, std= 0.213, min= 0.005, max= 1.000
[16:01:27]   customer  : mean= 0.787, std= 0.216, min= 0.240, max= 1.000
[16:01:28] 
======================================================================
[16:01:28] Episode 169/200
[16:01:28] ======================================================================
[16:01:28] 总奖励: 55578.26 | 步数: 24
[16:01:28] 最近10个episodes平均: 53525.38
[16:01:28] 各Agent奖励:
[16:01:28]   wind      : 22997.009
[16:01:28]   solar     : 13994.283
[16:01:28]   diesel    : 19021.527
[16:01:28]   battery   :   41.787
[16:01:28]   customer  : -476.348
[16:01:28] Buffer大小:  4176
[16:01:28] 噪声水平: 0.0840
[16:01:28] 
动作统计:
[16:01:28]   wind      : mean= 0.974, std= 0.051, min= 0.803, max= 1.000
[16:01:28]   solar     : mean=-0.974, std= 0.045, min=-1.000, max=-0.813
[16:01:28]   diesel    : mean= 0.969, std= 0.048, min= 0.838, max= 1.000
[16:01:28]   battery   : mean= 0.405, std= 0.210, min=-0.052, max= 0.944
[16:01:28]   customer  : mean= 0.757, std= 0.223, min= 0.153, max= 1.000
[16:01:28] 
======================================================================
[16:01:28] Episode 170/200
[16:01:28] ======================================================================
[16:01:28] 总奖励: 53443.35 | 步数: 24
[16:01:28] 最近10个episodes平均: 53494.16
[16:01:28] 各Agent奖励:
[16:01:28]   wind      : 17556.388
[16:01:28]   solar     : 13255.468
[16:01:28]   diesel    : 23076.135
[16:01:28]   battery   :   41.455
[16:01:28]   customer  : -486.095
[16:01:28] Buffer大小:  4200
[16:01:28] 噪声水平: 0.0839
[16:01:28] 
动作统计:
[16:01:28]   wind      : mean= 0.973, std= 0.036, min= 0.867, max= 1.000
[16:01:28]   solar     : mean=-0.951, std= 0.093, min=-1.000, max=-0.631
[16:01:28]   diesel    : mean= 0.958, std= 0.049, min= 0.814, max= 1.000
[16:01:28]   battery   : mean= 0.391, std= 0.228, min=-0.051, max= 1.000
[16:01:28]   customer  : mean= 0.786, std= 0.224, min= 0.157, max= 1.000
[16:01:28] 
📊 生成可视化图表...
[16:01:28]   ✓ 训练曲线: debug_plots/training_ep0170.png
[16:01:28]   ✓ Agent分析: debug_plots/agents_ep0170.png
[16:01:29] 
======================================================================
[16:01:29] Episode 171/200
[16:01:29] ======================================================================
[16:01:29] 总奖励: 49816.83 | 步数: 24
[16:01:29] 最近10个episodes平均: 53262.32
[16:01:29] 各Agent奖励:
[16:01:29]   wind      : 15209.688
[16:01:29]   solar     : 10156.871
[16:01:29]   diesel    : 24884.409
[16:01:29]   battery   :   43.353
[16:01:29]   customer  : -477.492
[16:01:29] Buffer大小:  4224
[16:01:29] 噪声水平: 0.0839
[16:01:29] 
动作统计:
[16:01:29]   wind      : mean= 0.960, std= 0.057, min= 0.769, max= 1.000
[16:01:29]   solar     : mean=-0.986, std= 0.025, min=-1.000, max=-0.896
[16:01:29]   diesel    : mean= 0.965, std= 0.044, min= 0.858, max= 1.000
[16:01:29]   battery   : mean= 0.361, std= 0.206, min=-0.018, max= 0.971
[16:01:29]   customer  : mean= 0.755, std= 0.209, min= 0.278, max= 1.000
[16:01:29] 
======================================================================
[16:01:29] Episode 172/200
[16:01:29] ======================================================================
[16:01:29] 总奖励: 54133.89 | 步数: 24
[16:01:29] 最近10个episodes平均: 53407.70
[16:01:29] 各Agent奖励:
[16:01:29]   wind      : 22454.849
[16:01:29]   solar     : 14404.505
[16:01:29]   diesel    : 17695.961
[16:01:29]   battery   :   43.107
[16:01:29]   customer  : -464.533
[16:01:29] Buffer大小:  4248
[16:01:29] 噪声水平: 0.0838
[16:01:29] 
动作统计:
[16:01:29]   wind      : mean= 0.971, std= 0.043, min= 0.834, max= 1.000
[16:01:29]   solar     : mean=-0.959, std= 0.048, min=-1.000, max=-0.842
[16:01:29]   diesel    : mean= 0.977, std= 0.032, min= 0.882, max= 1.000
[16:01:29]   battery   : mean= 0.337, std= 0.199, min=-0.046, max= 0.767
[16:01:29]   customer  : mean= 0.785, std= 0.203, min= 0.355, max= 1.000
[16:01:29] 
======================================================================
[16:01:29] Episode 173/200
[16:01:29] ======================================================================
[16:01:29] 总奖励: 45554.73 | 步数: 24
[16:01:29] 最近10个episodes平均: 52984.86
[16:01:29] 各Agent奖励:
[16:01:29]   wind      : 17810.113
[16:01:29]   solar     : 8252.117
[16:01:29]   diesel    : 19877.406
[16:01:29]   battery   :   42.217
[16:01:29]   customer  : -427.121
[16:01:29] Buffer大小:  4272
[16:01:29] 噪声水平: 0.0837
[16:01:29] 
动作统计:
[16:01:29]   wind      : mean= 0.967, std= 0.047, min= 0.870, max= 1.000
[16:01:29]   solar     : mean=-0.962, std= 0.051, min=-1.000, max=-0.842
[16:01:29]   diesel    : mean= 0.969, std= 0.046, min= 0.818, max= 1.000
[16:01:29]   battery   : mean= 0.350, std= 0.202, min=-0.017, max= 0.941
[16:01:29]   customer  : mean= 0.792, std= 0.207, min= 0.253, max= 1.000
[16:01:29] 
======================================================================
[16:01:29] Episode 174/200
[16:01:29] ======================================================================
[16:01:29] 总奖励: 54001.79 | 步数: 24
[16:01:29] 最近10个episodes平均: 53058.61
[16:01:29] 各Agent奖励:
[16:01:29]   wind      : 20173.033
[16:01:29]   solar     : 13809.421
[16:01:29]   diesel    : 20459.278
[16:01:29]   battery   :   44.564
[16:01:29]   customer  : -484.509
[16:01:29] Buffer大小:  4296
[16:01:29] 噪声水平: 0.0836
[16:01:29] 
动作统计:
[16:01:29]   wind      : mean= 0.966, std= 0.051, min= 0.823, max= 1.000
[16:01:29]   solar     : mean=-0.974, std= 0.032, min=-1.000, max=-0.917
[16:01:29]   diesel    : mean= 0.977, std= 0.035, min= 0.849, max= 1.000
[16:01:29]   battery   : mean= 0.341, std= 0.215, min=-0.193, max= 0.752
[16:01:29]   customer  : mean= 0.797, std= 0.188, min= 0.386, max= 1.000
[16:01:29] 
======================================================================
[16:01:29] Episode 175/200
[16:01:29] ======================================================================
[16:01:29] 总奖励: 49265.25 | 步数: 24
[16:01:29] 最近10个episodes平均: 52524.67
[16:01:29] 各Agent奖励:
[16:01:29]   wind      : 22684.260
[16:01:29]   solar     : 10655.773
[16:01:29]   diesel    : 16315.959
[16:01:29]   battery   :   43.808
[16:01:29]   customer  : -434.548
[16:01:29] Buffer大小:  4320
[16:01:29] 噪声水平: 0.0835
[16:01:29] 
动作统计:
[16:01:29]   wind      : mean= 0.978, std= 0.045, min= 0.809, max= 1.000
[16:01:29]   solar     : mean=-0.973, std= 0.034, min=-1.000, max=-0.895
[16:01:29]   diesel    : mean= 0.978, std= 0.038, min= 0.870, max= 1.000
[16:01:29]   battery   : mean= 0.327, std= 0.209, min=-0.076, max= 0.681
[16:01:29]   customer  : mean= 0.826, std= 0.160, min= 0.429, max= 1.000
[16:01:30] 
======================================================================
[16:01:30] Episode 176/200
[16:01:30] ======================================================================
[16:01:30] 总奖励: 54846.65 | 步数: 24
[16:01:30] 最近10个episodes平均: 52652.39
[16:01:30] 各Agent奖励:
[16:01:30]   wind      : 17625.685
[16:01:30]   solar     : 14782.297
[16:01:30]   diesel    : 22889.085
[16:01:30]   battery   :   43.384
[16:01:30]   customer  : -493.798
[16:01:30] Buffer大小:  4344
[16:01:30] 噪声水平: 0.0834
[16:01:30] 
动作统计:
[16:01:30]   wind      : mean= 0.977, std= 0.041, min= 0.847, max= 1.000
[16:01:30]   solar     : mean=-0.962, std= 0.058, min=-1.000, max=-0.781
[16:01:30]   diesel    : mean= 0.980, std= 0.038, min= 0.846, max= 1.000
[16:01:30]   battery   : mean= 0.283, std= 0.156, min=-0.019, max= 0.566
[16:01:30]   customer  : mean= 0.843, std= 0.144, min= 0.532, max= 1.000
[16:01:30] 
======================================================================
[16:01:30] Episode 177/200
[16:01:30] ======================================================================
[16:01:30] 总奖励: 52338.58 | 步数: 24
[16:01:30] 最近10个episodes平均: 52341.00
[16:01:30] 各Agent奖励:
[16:01:30]   wind      : 20911.630
[16:01:30]   solar     : 12668.216
[16:01:30]   diesel    : 19177.139
[16:01:30]   battery   :   42.481
[16:01:30]   customer  : -460.884
[16:01:30] Buffer大小:  4368
[16:01:30] 噪声水平: 0.0834
[16:01:30] 
动作统计:
[16:01:30]   wind      : mean= 0.979, std= 0.037, min= 0.866, max= 1.000
[16:01:30]   solar     : mean=-0.966, std= 0.068, min=-1.000, max=-0.750
[16:01:30]   diesel    : mean= 0.967, std= 0.046, min= 0.829, max= 1.000
[16:01:30]   battery   : mean= 0.271, std= 0.149, min=-0.057, max= 0.637
[16:01:30]   customer  : mean= 0.877, std= 0.135, min= 0.564, max= 1.000
[16:01:30] 
======================================================================
[16:01:30] Episode 178/200
[16:01:30] ======================================================================
[16:01:30] 总奖励: 53632.81 | 步数: 24
[16:01:30] 最近10个episodes平均: 52261.21
[16:01:30] 各Agent奖励:
[16:01:30]   wind      : 28146.626
[16:01:30]   solar     : 12764.874
[16:01:30]   diesel    : 13118.511
[16:01:30]   battery   :   40.119
[16:01:30]   customer  : -437.325
[16:01:30] Buffer大小:  4392
[16:01:30] 噪声水平: 0.0833
[16:01:30] 
动作统计:
[16:01:30]   wind      : mean= 0.955, std= 0.044, min= 0.875, max= 1.000
[16:01:30]   solar     : mean=-0.966, std= 0.048, min=-1.000, max=-0.846
[16:01:30]   diesel    : mean= 0.954, std= 0.064, min= 0.762, max= 1.000
[16:01:30]   battery   : mean= 0.254, std= 0.149, min=-0.121, max= 0.552
[16:01:30]   customer  : mean= 0.834, std= 0.148, min= 0.513, max= 1.000
[16:01:30] 
======================================================================
[16:01:30] Episode 179/200
[16:01:30] ======================================================================
[16:01:30] 总奖励: 48453.69 | 步数: 24
[16:01:30] 最近10个episodes平均: 51548.76
[16:01:30] 各Agent奖励:
[16:01:30]   wind      : 24787.653
[16:01:30]   solar     : 10307.089
[16:01:30]   diesel    : 13739.129
[16:01:30]   battery   :   41.435
[16:01:30]   customer  : -421.616
[16:01:30] Buffer大小:  4416
[16:01:30] 噪声水平: 0.0832
[16:01:30] 
动作统计:
[16:01:30]   wind      : mean= 0.980, std= 0.030, min= 0.913, max= 1.000
[16:01:30]   solar     : mean=-0.964, std= 0.052, min=-1.000, max=-0.828
[16:01:30]   diesel    : mean= 0.969, std= 0.051, min= 0.791, max= 1.000
[16:01:30]   battery   : mean= 0.237, std= 0.190, min=-0.127, max= 0.581
[16:01:30]   customer  : mean= 0.882, std= 0.123, min= 0.567, max= 1.000
[16:01:30] 
======================================================================
[16:01:30] Episode 180/200
[16:01:30] ======================================================================
[16:01:30] 总奖励: 49974.19 | 步数: 24
[16:01:30] 最近10个episodes平均: 51201.84
[16:01:30] 各Agent奖励:
[16:01:30]   wind      : 16175.777
[16:01:30]   solar     : 12172.454
[16:01:30]   diesel    : 22056.570
[16:01:30]   battery   :   41.712
[16:01:30]   customer  : -472.322
[16:01:30] Buffer大小:  4440
[16:01:30] 噪声水平: 0.0831
[16:01:30] 
动作统计:
[16:01:30]   wind      : mean= 0.984, std= 0.034, min= 0.870, max= 1.000
[16:01:30]   solar     : mean=-0.958, std= 0.058, min=-1.000, max=-0.786
[16:01:30]   diesel    : mean= 0.950, std= 0.048, min= 0.843, max= 1.000
[16:01:30]   battery   : mean= 0.233, std= 0.181, min=-0.194, max= 0.565
[16:01:30]   customer  : mean= 0.871, std= 0.111, min= 0.573, max= 1.000
[16:01:30] 
📊 生成可视化图表...
[16:01:31]   ✓ 训练曲线: debug_plots/training_ep0180.png
[16:01:31]   ✓ Agent分析: debug_plots/agents_ep0180.png
[16:01:31] 
======================================================================
[16:01:31] Episode 181/200
[16:01:31] ======================================================================
[16:01:31] 总奖励: 52704.01 | 步数: 24
[16:01:31] 最近10个episodes平均: 51490.56
[16:01:31] 各Agent奖励:
[16:01:31]   wind      : 23835.963
[16:01:31]   solar     : 13677.789
[16:01:31]   diesel    : 15603.038
[16:01:31]   battery   :   35.923
[16:01:31]   customer  : -448.706
[16:01:31] Buffer大小:  4464
[16:01:31] 噪声水平: 0.0830
[16:01:31] 
动作统计:
[16:01:31]   wind      : mean= 0.961, std= 0.048, min= 0.867, max= 1.000
[16:01:31]   solar     : mean=-0.965, std= 0.042, min=-1.000, max=-0.883
[16:01:31]   diesel    : mean= 0.970, std= 0.047, min= 0.806, max= 1.000
[16:01:31]   battery   : mean= 0.209, std= 0.185, min=-0.133, max= 0.448
[16:01:31]   customer  : mean= 0.889, std= 0.097, min= 0.686, max= 1.000
[16:01:31] 
======================================================================
[16:01:31] Episode 182/200
[16:01:31] ======================================================================
[16:01:31] 总奖励: 53998.19 | 步数: 24
[16:01:31] 最近10个episodes平均: 51476.99
[16:01:31] 各Agent奖励:
[16:01:31]   wind      : 20774.231
[16:01:31]   solar     : 13786.879
[16:01:31]   diesel    : 19886.905
[16:01:31]   battery   :   34.925
[16:01:31]   customer  : -484.755
[16:01:31] Buffer大小:  4488
[16:01:31] 噪声水平: 0.0829
[16:01:31] 
动作统计:
[16:01:31]   wind      : mean= 0.975, std= 0.035, min= 0.902, max= 1.000
[16:01:31]   solar     : mean=-0.961, std= 0.064, min=-1.000, max=-0.785
[16:01:31]   diesel    : mean= 0.969, std= 0.043, min= 0.861, max= 1.000
[16:01:31]   battery   : mean= 0.198, std= 0.184, min=-0.284, max= 0.468
[16:01:31]   customer  : mean= 0.856, std= 0.126, min= 0.511, max= 1.000
[16:01:31] 
======================================================================
[16:01:31] Episode 183/200
[16:01:31] ======================================================================
[16:01:31] 总奖励: 52454.74 | 步数: 24
[16:01:31] 最近10个episodes平均: 52166.99
[16:01:31] 各Agent奖励:
[16:01:31]   wind      : 18836.010
[16:01:31]   solar     : 14484.489
[16:01:31]   diesel    : 19572.573
[16:01:31]   battery   :   20.492
[16:01:31]   customer  : -458.826
[16:01:31] Buffer大小:  4512
[16:01:31] 噪声水平: 0.0829
[16:01:31] 
动作统计:
[16:01:31]   wind      : mean= 0.972, std= 0.041, min= 0.843, max= 1.000
[16:01:31]   solar     : mean=-0.953, std= 0.054, min=-1.000, max=-0.841
[16:01:31]   diesel    : mean= 0.951, std= 0.052, min= 0.833, max= 1.000
[16:01:31]   battery   : mean= 0.165, std= 0.173, min=-0.151, max= 0.443
[16:01:31]   customer  : mean= 0.890, std= 0.119, min= 0.559, max= 1.000
[16:01:31] 
======================================================================
[16:01:31] Episode 184/200
[16:01:31] ======================================================================
[16:01:31] 总奖励: 52396.92 | 步数: 24
[16:01:31] 最近10个episodes平均: 52006.50
[16:01:31] 各Agent奖励:
[16:01:31]   wind      : 25997.942
[16:01:31]   solar     : 12413.577
[16:01:31]   diesel    : 14398.790
[16:01:31]   battery   :   18.734
[16:01:31]   customer  : -432.119
[16:01:31] Buffer大小:  4536
[16:01:31] 噪声水平: 0.0828
[16:01:31] 
动作统计:
[16:01:31]   wind      : mean= 0.952, std= 0.054, min= 0.816, max= 1.000
[16:01:31]   solar     : mean=-0.986, std= 0.026, min=-1.000, max=-0.904
[16:01:31]   diesel    : mean= 0.971, std= 0.049, min= 0.813, max= 1.000
[16:01:31]   battery   : mean= 0.167, std= 0.178, min=-0.148, max= 0.410
[16:01:31]   customer  : mean= 0.903, std= 0.104, min= 0.606, max= 1.000
[16:01:32] 
======================================================================
[16:01:32] Episode 185/200
[16:01:32] ======================================================================
[16:01:32] 总奖励: 48748.98 | 步数: 24
[16:01:32] 最近10个episodes平均: 51954.88
[16:01:32] 各Agent奖励:
[16:01:32]   wind      : 14873.373
[16:01:32]   solar     : 11314.416
[16:01:32]   diesel    : 22992.924
[16:01:32]   battery   :   42.930
[16:01:32]   customer  : -474.665
[16:01:32] Buffer大小:  4560
[16:01:32] 噪声水平: 0.0827
[16:01:32] 
动作统计:
[16:01:32]   wind      : mean= 0.959, std= 0.049, min= 0.784, max= 1.000
[16:01:32]   solar     : mean=-0.961, std= 0.060, min=-1.000, max=-0.770
[16:01:32]   diesel    : mean= 0.974, std= 0.040, min= 0.816, max= 1.000
[16:01:32]   battery   : mean= 0.193, std= 0.170, min=-0.209, max= 0.467
[16:01:32]   customer  : mean= 0.903, std= 0.126, min= 0.506, max= 1.000
[16:01:32] 
======================================================================
[16:01:32] Episode 186/200
[16:01:32] ======================================================================
[16:01:32] 总奖励: 48623.74 | 步数: 24
[16:01:32] 最近10个episodes平均: 51332.58
[16:01:32] 各Agent奖励:
[16:01:32]   wind      : 15868.103
[16:01:32]   solar     : 10810.734
[16:01:32]   diesel    : 22374.282
[16:01:32]   battery   :   37.962
[16:01:32]   customer  : -467.346
[16:01:32] Buffer大小:  4584
[16:01:32] 噪声水平: 0.0826
[16:01:32] 
动作统计:
[16:01:32]   wind      : mean= 0.985, std= 0.033, min= 0.862, max= 1.000
[16:01:32]   solar     : mean=-0.966, std= 0.040, min=-1.000, max=-0.865
[16:01:32]   diesel    : mean= 0.975, std= 0.037, min= 0.850, max= 1.000
[16:01:32]   battery   : mean= 0.164, std= 0.154, min=-0.221, max= 0.468
[16:01:32]   customer  : mean= 0.841, std= 0.113, min= 0.647, max= 1.000
[16:01:32] 
======================================================================
[16:01:32] Episode 187/200
[16:01:32] ======================================================================
[16:01:32] 总奖励: 45327.30 | 步数: 24
[16:01:32] 最近10个episodes平均: 50631.46
[16:01:32] 各Agent奖励:
[16:01:32]   wind      : 18064.631
[16:01:32]   solar     : 6440.609
[16:01:32]   diesel    : 21228.197
[16:01:32]   battery   :   34.591
[16:01:32]   customer  : -440.728
[16:01:32] Buffer大小:  4608
[16:01:32] 噪声水平: 0.0825
[16:01:32] 
动作统计:
[16:01:32]   wind      : mean= 0.972, std= 0.047, min= 0.822, max= 1.000
[16:01:32]   solar     : mean=-0.964, std= 0.055, min=-1.000, max=-0.814
[16:01:32]   diesel    : mean= 0.963, std= 0.058, min= 0.714, max= 1.000
[16:01:32]   battery   : mean= 0.194, std= 0.163, min=-0.145, max= 0.510
[16:01:32]   customer  : mean= 0.834, std= 0.159, min= 0.522, max= 1.000
[16:01:32] 
======================================================================
[16:01:32] Episode 188/200
[16:01:32] ======================================================================
[16:01:32] 总奖励: 47616.97 | 步数: 24
[16:01:32] 最近10个episodes平均: 50029.87
[16:01:32] 各Agent奖励:
[16:01:32]   wind      : 13395.898
[16:01:32]   solar     : 10870.134
[16:01:32]   diesel    : 23766.452
[16:01:32]   battery   :   42.089
[16:01:32]   customer  : -457.599
[16:01:32] Buffer大小:  4632
[16:01:32] 噪声水平: 0.0824
[16:01:32] 
动作统计:
[16:01:32]   wind      : mean= 0.967, std= 0.058, min= 0.828, max= 1.000
[16:01:32]   solar     : mean=-0.969, std= 0.059, min=-1.000, max=-0.775
[16:01:32]   diesel    : mean= 0.971, std= 0.038, min= 0.869, max= 1.000
[16:01:32]   battery   : mean= 0.221, std= 0.134, min=-0.006, max= 0.580
[16:01:32]   customer  : mean= 0.831, std= 0.145, min= 0.526, max= 1.000
[16:01:33] 
======================================================================
[16:01:33] Episode 189/200
[16:01:33] ======================================================================
[16:01:33] 总奖励: 48728.87 | 步数: 24
[16:01:33] 最近10个episodes平均: 50057.39
[16:01:33] 各Agent奖励:
[16:01:33]   wind      : 11485.151
[16:01:33]   solar     : 10415.759
[16:01:33]   diesel    : 27272.150
[16:01:33]   battery   :   41.470
[16:01:33]   customer  : -485.663
[16:01:33] Buffer大小:  4656
[16:01:33] 噪声水平: 0.0824
[16:01:33] 
动作统计:
[16:01:33]   wind      : mean= 0.976, std= 0.045, min= 0.825, max= 1.000
[16:01:33]   solar     : mean=-0.955, std= 0.055, min=-1.000, max=-0.813
[16:01:33]   diesel    : mean= 0.969, std= 0.043, min= 0.861, max= 1.000
[16:01:33]   battery   : mean= 0.247, std= 0.158, min=-0.140, max= 0.532
[16:01:33]   customer  : mean= 0.845, std= 0.165, min= 0.439, max= 1.000
[16:01:33] 
======================================================================
[16:01:33] Episode 190/200
[16:01:33] ======================================================================
[16:01:33] 总奖励: 52703.10 | 步数: 24
[16:01:33] 最近10个episodes平均: 50330.28
[16:01:33] 各Agent奖励:
[16:01:33]   wind      : 24708.868
[16:01:33]   solar     : 13582.991
[16:01:33]   diesel    : 14808.275
[16:01:33]   battery   :   43.017
[16:01:33]   customer  : -440.053
[16:01:33] Buffer大小:  4680
[16:01:33] 噪声水平: 0.0823
[16:01:33] 
动作统计:
[16:01:33]   wind      : mean= 0.966, std= 0.043, min= 0.873, max= 1.000
[16:01:33]   solar     : mean=-0.917, std= 0.085, min=-1.000, max=-0.752
[16:01:33]   diesel    : mean= 0.971, std= 0.045, min= 0.841, max= 1.000
[16:01:33]   battery   : mean= 0.306, std= 0.141, min= 0.033, max= 0.605
[16:01:33]   customer  : mean= 0.807, std= 0.170, min= 0.446, max= 1.000
[16:01:33] 
📊 生成可视化图表...
[16:01:34]   ✓ 训练曲线: debug_plots/training_ep0190.png
[16:01:34]   ✓ Agent分析: debug_plots/agents_ep0190.png
[16:01:34] 
======================================================================
[16:01:34] Episode 191/200
[16:01:34] ======================================================================
[16:01:34] 总奖励: 55368.32 | 步数: 24
[16:01:34] 最近10个episodes平均: 50596.71
[16:01:34] 各Agent奖励:
[16:01:34]   wind      : 21767.373
[16:01:34]   solar     : 14008.716
[16:01:34]   diesel    : 20031.999
[16:01:34]   battery   :   43.689
[16:01:34]   customer  : -483.458
[16:01:34] Buffer大小:  4704
[16:01:34] 噪声水平: 0.0822
[16:01:34] 
动作统计:
[16:01:34]   wind      : mean= 0.964, std= 0.051, min= 0.841, max= 1.000
[16:01:34]   solar     : mean=-0.883, std= 0.133, min=-1.000, max=-0.597
[16:01:34]   diesel    : mean= 0.976, std= 0.034, min= 0.860, max= 1.000
[16:01:34]   battery   : mean= 0.255, std= 0.119, min=-0.031, max= 0.515
[16:01:34]   customer  : mean= 0.808, std= 0.168, min= 0.335, max= 1.000
[16:01:34] 
======================================================================
[16:01:34] Episode 192/200
[16:01:34] ======================================================================
[16:01:34] 总奖励: 53263.64 | 步数: 24
[16:01:34] 最近10个episodes平均: 50523.26
[16:01:34] 各Agent奖励:
[16:01:34]   wind      : 21804.791
[16:01:34]   solar     : 13362.116
[16:01:34]   diesel    : 18515.576
[16:01:34]   battery   :   43.429
[16:01:34]   customer  : -462.270
[16:01:34] Buffer大小:  4728
[16:01:34] 噪声水平: 0.0821
[16:01:34] 
动作统计:
[16:01:34]   wind      : mean= 0.960, std= 0.050, min= 0.805, max= 1.000
[16:01:34]   solar     : mean=-0.864, std= 0.134, min=-1.000, max=-0.634
[16:01:34]   diesel    : mean= 0.973, std= 0.047, min= 0.789, max= 1.000
[16:01:34]   battery   : mean= 0.290, std= 0.143, min= 0.065, max= 0.863
[16:01:34]   customer  : mean= 0.838, std= 0.155, min= 0.371, max= 1.000
[16:01:34] 
======================================================================
[16:01:34] Episode 193/200
[16:01:34] ======================================================================
[16:01:34] 总奖励: 50188.02 | 步数: 24
[16:01:34] 最近10个episodes平均: 50296.59
[16:01:34] 各Agent奖励:
[16:01:34]   wind      : 27451.559
[16:01:34]   solar     : 8979.552
[16:01:34]   diesel    : 14139.675
[16:01:34]   battery   :   43.610
[16:01:34]   customer  : -426.372
[16:01:34] Buffer大小:  4752
[16:01:34] 噪声水平: 0.0820
[16:01:34] 
动作统计:
[16:01:34]   wind      : mean= 0.965, std= 0.038, min= 0.884, max= 1.000
[16:01:34]   solar     : mean=-0.783, std= 0.220, min=-1.000, max=-0.383
[16:01:34]   diesel    : mean= 0.965, std= 0.047, min= 0.818, max= 1.000
[16:01:34]   battery   : mean= 0.291, std= 0.174, min= 0.012, max= 0.986
[16:01:34]   customer  : mean= 0.834, std= 0.170, min= 0.445, max= 1.000
[16:01:34] 
======================================================================
[16:01:34] Episode 194/200
[16:01:34] ======================================================================
[16:01:34] 总奖励: 52369.88 | 步数: 24
[16:01:34] 最近10个episodes平均: 50293.88
[16:01:34] 各Agent奖励:
[16:01:34]   wind      : 17097.307
[16:01:34]   solar     : 13468.157
[16:01:34]   diesel    : 22236.705
[16:01:34]   battery   :   43.965
[16:01:34]   customer  : -476.249
[16:01:34] Buffer大小:  4776
[16:01:34] 噪声水平: 0.0819
[16:01:34] 
动作统计:
[16:01:34]   wind      : mean= 0.967, std= 0.050, min= 0.820, max= 1.000
[16:01:34]   solar     : mean=-0.751, std= 0.282, min=-1.000, max=-0.278
[16:01:34]   diesel    : mean= 0.959, std= 0.050, min= 0.824, max= 1.000
[16:01:34]   battery   : mean= 0.321, std= 0.162, min= 0.049, max= 0.968
[16:01:34]   customer  : mean= 0.867, std= 0.149, min= 0.471, max= 1.000
[16:01:35] 
======================================================================
[16:01:35] Episode 195/200
[16:01:35] ======================================================================
[16:01:35] 总奖励: 55288.09 | 步数: 24
[16:01:35] 最近10个episodes平均: 50947.79
[16:01:35] 各Agent奖励:
[16:01:35]   wind      : 17126.853
[16:01:35]   solar     : 13507.818
[16:01:35]   diesel    : 25117.682
[16:01:35]   battery   :   41.381
[16:01:35]   customer  : -505.646
[16:01:35] Buffer大小:  4800
[16:01:35] 噪声水平: 0.0819
[16:01:35] 
动作统计:
[16:01:35]   wind      : mean= 0.959, std= 0.068, min= 0.700, max= 1.000
[16:01:35]   solar     : mean=-0.742, std= 0.302, min=-1.000, max=-0.244
[16:01:35]   diesel    : mean= 0.974, std= 0.043, min= 0.801, max= 1.000
[16:01:35]   battery   : mean= 0.327, std= 0.191, min=-0.003, max= 0.975
[16:01:35]   customer  : mean= 0.848, std= 0.131, min= 0.555, max= 1.000
[16:01:35] 
======================================================================
[16:01:35] Episode 196/200
[16:01:35] ======================================================================
[16:01:35] 总奖励: 51825.82 | 步数: 24
[16:01:35] 最近10个episodes平均: 51268.00
[16:01:35] 各Agent奖励:
[16:01:35]   wind      : 15926.221
[16:01:35]   solar     : 13121.569
[16:01:35]   diesel    : 23217.961
[16:01:35]   battery   :   39.899
[16:01:35]   customer  : -479.834
[16:01:35] Buffer大小:  4824
[16:01:35] 噪声水平: 0.0818
[16:01:35] 
动作统计:
[16:01:35]   wind      : mean= 0.951, std= 0.071, min= 0.785, max= 1.000
[16:01:35]   solar     : mean=-0.708, std= 0.364, min=-1.000, max= 0.041
[16:01:35]   diesel    : mean= 0.972, std= 0.039, min= 0.845, max= 1.000
[16:01:35]   battery   : mean= 0.303, std= 0.188, min=-0.162, max= 0.818
[16:01:35]   customer  : mean= 0.860, std= 0.122, min= 0.587, max= 1.000
[16:01:35] 
======================================================================
[16:01:35] Episode 197/200
[16:01:35] ======================================================================
[16:01:35] 总奖励: 46932.43 | 步数: 24
[16:01:35] 最近10个episodes平均: 51428.51
[16:01:35] 各Agent奖励:
[16:01:35]   wind      : 12064.753
[16:01:35]   solar     : 8544.217
[16:01:35]   diesel    : 26752.852
[16:01:35]   battery   :   41.053
[16:01:35]   customer  : -470.448
[16:01:35] Buffer大小:  4848
[16:01:35] 噪声水平: 0.0817
[16:01:35] 
动作统计:
[16:01:35]   wind      : mean= 0.968, std= 0.045, min= 0.827, max= 1.000
[16:01:35]   solar     : mean=-0.652, std= 0.413, min=-1.000, max= 0.023
[16:01:35]   diesel    : mean= 0.961, std= 0.050, min= 0.790, max= 1.000
[16:01:35]   battery   : mean= 0.301, std= 0.201, min=-0.026, max= 1.000
[16:01:35]   customer  : mean= 0.888, std= 0.119, min= 0.646, max= 1.000
[16:01:35] 
======================================================================
[16:01:35] Episode 198/200
[16:01:35] ======================================================================
[16:01:35] 总奖励: 47346.01 | 步数: 24
[16:01:35] 最近10个episodes平均: 51401.42
[16:01:35] 各Agent奖励:
[16:01:35]   wind      : 20679.016
[16:01:35]   solar     : 8529.555
[16:01:35]   diesel    : 18527.378
[16:01:35]   battery   :   42.767
[16:01:35]   customer  : -432.704
[16:01:35] Buffer大小:  4872
[16:01:35] 噪声水平: 0.0816
[16:01:35] 
动作统计:
[16:01:35]   wind      : mean= 0.979, std= 0.032, min= 0.897, max= 1.000
[16:01:35]   solar     : mean=-0.660, std= 0.407, min=-1.000, max= 0.064
[16:01:35]   diesel    : mean= 0.968, std= 0.039, min= 0.863, max= 1.000
[16:01:35]   battery   : mean= 0.309, std= 0.202, min=-0.070, max= 1.000
[16:01:35]   customer  : mean= 0.874, std= 0.120, min= 0.581, max= 1.000
[16:01:35] 
======================================================================
[16:01:35] Episode 199/200
[16:01:35] ======================================================================
[16:01:35] 总奖励: 55197.05 | 步数: 24
[16:01:35] 最近10个episodes平均: 52048.24
[16:01:35] 各Agent奖励:
[16:01:35]   wind      : 14754.574
[16:01:35]   solar     : 13880.628
[16:01:35]   diesel    : 27034.926
[16:01:35]   battery   :   43.915
[16:01:35]   customer  : -516.996
[16:01:35] Buffer大小:  4896
[16:01:35] 噪声水平: 0.0815
[16:01:35] 
动作统计:
[16:01:35]   wind      : mean= 0.991, std= 0.016, min= 0.931, max= 1.000
[16:01:35]   solar     : mean=-0.669, std= 0.417, min=-1.000, max= 0.057
[16:01:35]   diesel    : mean= 0.972, std= 0.042, min= 0.801, max= 1.000
[16:01:35]   battery   : mean= 0.310, std= 0.193, min=-0.015, max= 1.000
[16:01:35]   customer  : mean= 0.887, std= 0.111, min= 0.549, max= 1.000
[16:01:36] 
======================================================================
[16:01:36] Episode 200/200
[16:01:36] ======================================================================
[16:01:36] 总奖励: 52050.20 | 步数: 24
[16:01:36] 最近10个episodes平均: 51982.95
[16:01:36] 各Agent奖励:
[16:01:36]   wind      : 19687.009
[16:01:36]   solar     : 13849.879
[16:01:36]   diesel    : 18926.632
[16:01:36]   battery   :   43.808
[16:01:36]   customer  : -457.124
[16:01:36] Buffer大小:  4920
[16:01:36] 噪声水平: 0.0815
[16:01:36] 
动作统计:
[16:01:36]   wind      : mean= 0.956, std= 0.043, min= 0.877, max= 1.000
[16:01:36]   solar     : mean=-0.655, std= 0.463, min=-1.000, max= 0.095
[16:01:36]   diesel    : mean= 0.970, std= 0.047, min= 0.787, max= 1.000
[16:01:36]   battery   : mean= 0.327, std= 0.204, min= 0.009, max= 1.000
[16:01:36]   customer  : mean= 0.881, std= 0.120, min= 0.545, max= 1.000
[16:01:36] 
📊 生成可视化图表...
[16:01:36]   ✓ 训练曲线: debug_plots/training_ep0200.png
[16:01:36]   ✓ Agent分析: debug_plots/agents_ep0200.png
[16:01:36] 💾 保存检查点: debug_checkpoints/debug_maddpg_20251124_160048_ep0200.pt
[16:01:36] 
======================================================================
[16:01:36] 🎉 训练完成！
[16:01:36] ======================================================================
[16:01:36] 
💾 统计数据已保存: debug_logs/debug_maddpg_20251124_160048_stats.json
[16:01:37] 📊 总结图表: debug_plots/summary_final.png
[16:01:37] 💾 保存检查点: debug_checkpoints/debug_maddpg_20251124_160048_final.pt
