[17:44:35] 
======================================================================
[17:44:35] 🚀 开始调试训练
[17:44:35] ======================================================================
[17:44:35] 
🔥 预热阶段 (5 episodes)
[17:44:35]   预热 1/5 - Buffer: 24
[17:44:35]   预热 2/5 - Buffer: 48
[17:44:35]   预热 3/5 - Buffer: 72
[17:44:35]   预热 4/5 - Buffer: 96
[17:44:35]   预热 5/5 - Buffer: 120
[17:44:35] 
🏋️  训练阶段
[17:44:35] ======================================================================
[17:44:35] 
======================================================================
[17:44:35] Episode 1/200
[17:44:35] ======================================================================
[17:44:35] 总奖励:    90.27 | 步数: 24
[17:44:35] 最近10个episodes平均:    90.27
[17:44:35] 各Agent奖励:
[17:44:35]   wind      :   79.306
[17:44:35]   solar     :   24.907
[17:44:35]   diesel    :    2.230
[17:44:35]   battery   :   -6.796
[17:44:35]   customer  :   -9.376
[17:44:35] Buffer大小:   144
[17:44:35] 噪声水平: 0.0994
[17:44:35] 
动作统计:
[17:44:35]   wind      : mean=-0.104, std= 0.094, min=-0.309, max= 0.100
[17:44:35]   solar     : mean= 0.012, std= 0.110, min=-0.183, max= 0.233
[17:44:35]   diesel    : mean=-0.011, std= 0.081, min=-0.235, max= 0.133
[17:44:35]   battery   : mean=-0.026, std= 0.105, min=-0.282, max= 0.164
[17:44:35]   customer  : mean= 0.036, std= 0.093, min=-0.180, max= 0.192
[17:44:36] 
======================================================================
[17:44:36] Episode 2/200
[17:44:36] ======================================================================
[17:44:36] 总奖励:    71.01 | 步数: 24
[17:44:36] 最近10个episodes平均:    80.64
[17:44:36] 各Agent奖励:
[17:44:36]   wind      :   62.742
[17:44:36]   solar     :   21.632
[17:44:36]   diesel    :    1.573
[17:44:36]   battery   :   -5.491
[17:44:36]   customer  :   -9.446
[17:44:36] Buffer大小:   168
[17:44:36] 噪声水平: 0.0993
[17:44:36] 
动作统计:
[17:44:36]   wind      : mean=-0.092, std= 0.098, min=-0.315, max= 0.049
[17:44:36]   solar     : mean=-0.044, std= 0.091, min=-0.245, max= 0.174
[17:44:36]   diesel    : mean=-0.014, std= 0.101, min=-0.271, max= 0.197
[17:44:36]   battery   : mean=-0.041, std= 0.082, min=-0.171, max= 0.122
[17:44:36]   customer  : mean= 0.010, std= 0.117, min=-0.199, max= 0.225
[17:44:36] 
======================================================================
[17:44:36] Episode 3/200
[17:44:36] ======================================================================
[17:44:36] 总奖励:   108.59 | 步数: 24
[17:44:36] 最近10个episodes平均:    89.96
[17:44:36] 各Agent奖励:
[17:44:36]   wind      :   94.542
[17:44:36]   solar     :   16.989
[17:44:36]   diesel    :    2.442
[17:44:36]   battery   :    5.061
[17:44:36]   customer  :  -10.447
[17:44:36] Buffer大小:   192
[17:44:36] 噪声水平: 0.0992
[17:44:36] 
动作统计:
[17:44:36]   wind      : mean=-0.042, std= 0.080, min=-0.235, max= 0.066
[17:44:36]   solar     : mean=-0.016, std= 0.096, min=-0.167, max= 0.233
[17:44:36]   diesel    : mean= 0.005, std= 0.099, min=-0.177, max= 0.205
[17:44:36]   battery   : mean= 0.002, std= 0.103, min=-0.271, max= 0.202
[17:44:36]   customer  : mean=-0.028, std= 0.086, min=-0.250, max= 0.098
[17:44:36] 
======================================================================
[17:44:36] Episode 4/200
[17:44:36] ======================================================================
[17:44:36] 总奖励:   122.20 | 步数: 24
[17:44:36] 最近10个episodes平均:    98.02
[17:44:36] 各Agent奖励:
[17:44:36]   wind      :   83.147
[17:44:36]   solar     :   33.041
[17:44:36]   diesel    :   11.929
[17:44:36]   battery   :    8.018
[17:44:36]   customer  :  -13.930
[17:44:36] Buffer大小:   216
[17:44:36] 噪声水平: 0.0991
[17:44:36] 
动作统计:
[17:44:36]   wind      : mean=-0.023, std= 0.115, min=-0.235, max= 0.155
[17:44:36]   solar     : mean=-0.019, std= 0.077, min=-0.178, max= 0.159
[17:44:36]   diesel    : mean= 0.028, std= 0.101, min=-0.170, max= 0.272
[17:44:36]   battery   : mean= 0.005, std= 0.118, min=-0.283, max= 0.238
[17:44:36]   customer  : mean= 0.014, std= 0.093, min=-0.103, max= 0.239
[17:44:36] 
======================================================================
[17:44:36] Episode 5/200
[17:44:36] ======================================================================
[17:44:36] 总奖励:   141.63 | 步数: 24
[17:44:36] 最近10个episodes平均:   106.74
[17:44:36] 各Agent奖励:
[17:44:36]   wind      :  104.514
[17:44:36]   solar     :   21.784
[17:44:36]   diesel    :   19.855
[17:44:36]   battery   :   10.113
[17:44:36]   customer  :  -14.633
[17:44:36] Buffer大小:   240
[17:44:36] 噪声水平: 0.0990
[17:44:36] 
动作统计:
[17:44:36]   wind      : mean= 0.033, std= 0.105, min=-0.116, max= 0.227
[17:44:36]   solar     : mean= 0.022, std= 0.072, min=-0.105, max= 0.165
[17:44:36]   diesel    : mean= 0.057, std= 0.140, min=-0.269, max= 0.324
[17:44:36]   battery   : mean= 0.053, std= 0.175, min=-0.284, max= 0.407
[17:44:36]   customer  : mean= 0.010, std= 0.073, min=-0.150, max= 0.166
[17:44:36] 
======================================================================
[17:44:36] Episode 6/200
[17:44:36] ======================================================================
[17:44:36] 总奖励:   229.56 | 步数: 24
[17:44:36] 最近10个episodes平均:   127.21
[17:44:36] 各Agent奖励:
[17:44:36]   wind      :  112.683
[17:44:36]   solar     :   57.162
[17:44:36]   diesel    :   71.348
[17:44:36]   battery   :   13.090
[17:44:36]   customer  :  -24.727
[17:44:36] Buffer大小:   264
[17:44:36] 噪声水平: 0.0989
[17:44:36] 
动作统计:
[17:44:36]   wind      : mean= 0.222, std= 0.096, min=-0.007, max= 0.483
[17:44:36]   solar     : mean= 0.094, std= 0.099, min=-0.049, max= 0.316
[17:44:36]   diesel    : mean= 0.153, std= 0.183, min=-0.232, max= 0.475
[17:44:36]   battery   : mean= 0.089, std= 0.250, min=-0.387, max= 0.544
[17:44:36]   customer  : mean= 0.080, std= 0.086, min=-0.094, max= 0.276
[17:44:36] 
======================================================================
[17:44:36] Episode 7/200
[17:44:36] ======================================================================
[17:44:36] 总奖励:   255.29 | 步数: 24
[17:44:36] 最近10个episodes平均:   145.51
[17:44:36] 各Agent奖励:
[17:44:36]   wind      :   82.325
[17:44:36]   solar     :   39.321
[17:44:36]   diesel    :  148.591
[17:44:36]   battery   :   16.786
[17:44:36]   customer  :  -31.732
[17:44:36] Buffer大小:   288
[17:44:36] 噪声水平: 0.0988
[17:44:36] 
动作统计:
[17:44:36]   wind      : mean= 0.406, std= 0.129, min= 0.181, max= 0.638
[17:44:36]   solar     : mean= 0.210, std= 0.114, min= 0.058, max= 0.439
[17:44:36]   diesel    : mean= 0.250, std= 0.246, min=-0.182, max= 0.706
[17:44:36]   battery   : mean= 0.177, std= 0.321, min=-0.262, max= 0.681
[17:44:36]   customer  : mean= 0.124, std= 0.102, min=-0.031, max= 0.407
[17:44:36] 
======================================================================
[17:44:36] Episode 8/200
[17:44:36] ======================================================================
[17:44:36] 总奖励:   255.91 | 步数: 24
[17:44:36] 最近10个episodes平均:   159.31
[17:44:36] 各Agent奖励:
[17:44:36]   wind      :   29.564
[17:44:36]   solar     :   34.711
[17:44:36]   diesel    :  208.910
[17:44:36]   battery   :   17.133
[17:44:36]   customer  :  -34.412
[17:44:36] Buffer大小:   312
[17:44:36] 噪声水平: 0.0987
[17:44:36] 
动作统计:
[17:44:36]   wind      : mean= 0.569, std= 0.114, min= 0.351, max= 0.834
[17:44:36]   solar     : mean= 0.384, std= 0.121, min= 0.089, max= 0.590
[17:44:36]   diesel    : mean= 0.413, std= 0.290, min= 0.011, max= 0.884
[17:44:36]   battery   : mean= 0.239, std= 0.354, min=-0.288, max= 0.724
[17:44:36]   customer  : mean= 0.232, std= 0.130, min= 0.007, max= 0.608
[17:44:37] 
======================================================================
[17:44:37] Episode 9/200
[17:44:37] ======================================================================
[17:44:37] 总奖励:   168.68 | 步数: 24
[17:44:37] 最近10个episodes平均:   160.35
[17:44:37] 各Agent奖励:
[17:44:37]   wind      :   13.885
[17:44:37]   solar     :    6.827
[17:44:37]   diesel    :  166.511
[17:44:37]   battery   :   10.063
[17:44:37]   customer  :  -28.608
[17:44:37] Buffer大小:   336
[17:44:37] 噪声水平: 0.0986
[17:44:37] 
动作统计:
[17:44:37]   wind      : mean= 0.749, std= 0.135, min= 0.485, max= 1.000
[17:44:37]   solar     : mean= 0.552, std= 0.118, min= 0.354, max= 0.781
[17:44:37]   diesel    : mean= 0.539, std= 0.278, min= 0.009, max= 0.930
[17:44:37]   battery   : mean= 0.322, std= 0.407, min=-0.245, max= 0.904
[17:44:37]   customer  : mean= 0.404, std= 0.132, min= 0.148, max= 0.652
[17:44:37] 
======================================================================
[17:44:37] Episode 10/200
[17:44:37] ======================================================================
[17:44:37] 总奖励:   118.29 | 步数: 24
[17:44:37] 最近10个episodes平均:   156.14
[17:44:37] 各Agent奖励:
[17:44:37]   wind      :    0.000
[17:44:37]   solar     :    0.000
[17:44:37]   diesel    :  133.897
[17:44:37]   battery   :   11.316
[17:44:37]   customer  :  -26.924
[17:44:37] Buffer大小:   360
[17:44:37] 噪声水平: 0.0985
[17:44:37] 
动作统计:
[17:44:37]   wind      : mean= 0.807, std= 0.132, min= 0.554, max= 1.000
[17:44:37]   solar     : mean= 0.663, std= 0.142, min= 0.339, max= 0.959
[17:44:37]   diesel    : mean= 0.610, std= 0.257, min= 0.250, max= 1.000
[17:44:37]   battery   : mean= 0.396, std= 0.407, min=-0.206, max= 0.954
[17:44:37]   customer  : mean= 0.554, std= 0.120, min= 0.302, max= 0.791
[17:44:37] 
📊 生成可视化图表...
[17:44:37]   ✓ 训练曲线: debug_plots/training_ep0010.png
[17:44:37]   ✓ Agent分析: debug_plots/agents_ep0010.png
[17:44:37] 
======================================================================
[17:44:37] Episode 11/200
[17:44:37] ======================================================================
[17:44:37] 总奖励:   117.59 | 步数: 24
[17:44:37] 最近10个episodes平均:   158.87
[17:44:37] 各Agent奖励:
[17:44:37]   wind      :    0.000
[17:44:37]   solar     :    6.959
[17:44:37]   diesel    :  128.175
[17:44:37]   battery   :   11.147
[17:44:37]   customer  :  -28.688
[17:44:37] Buffer大小:   384
[17:44:37] 噪声水平: 0.0984
[17:44:37] 
动作统计:
[17:44:37]   wind      : mean= 0.878, std= 0.093, min= 0.704, max= 1.000
[17:44:37]   solar     : mean= 0.735, std= 0.115, min= 0.502, max= 1.000
[17:44:37]   diesel    : mean= 0.737, std= 0.191, min= 0.390, max= 1.000
[17:44:37]   battery   : mean= 0.400, std= 0.490, min=-0.285, max= 1.000
[17:44:37]   customer  : mean= 0.683, std= 0.101, min= 0.475, max= 0.841
[17:44:38] 
======================================================================
[17:44:38] Episode 12/200
[17:44:38] ======================================================================
[17:44:38] 总奖励:    48.33 | 步数: 24
[17:44:38] 最近10个episodes平均:   156.61
[17:44:38] 各Agent奖励:
[17:44:38]   wind      :    5.587
[17:44:38]   solar     :   11.242
[17:44:38]   diesel    :   53.009
[17:44:38]   battery   :    1.591
[17:44:38]   customer  :  -23.102
[17:44:38] Buffer大小:   408
[17:44:38] 噪声水平: 0.0983
[17:44:38] 
动作统计:
[17:44:38]   wind      : mean= 0.928, std= 0.076, min= 0.725, max= 1.000
[17:44:38]   solar     : mean= 0.718, std= 0.092, min= 0.534, max= 0.878
[17:44:38]   diesel    : mean= 0.795, std= 0.160, min= 0.504, max= 1.000
[17:44:38]   battery   : mean= 0.350, std= 0.554, min=-0.343, max= 1.000
[17:44:38]   customer  : mean= 0.814, std= 0.095, min= 0.623, max= 0.944
[17:44:38] 
======================================================================
[17:44:38] Episode 13/200
[17:44:38] ======================================================================
[17:44:38] 总奖励:     2.60 | 步数: 24
[17:44:38] 最近10个episodes平均:   146.01
[17:44:38] 各Agent奖励:
[17:44:38]   wind      :    0.000
[17:44:38]   solar     :   10.562
[17:44:38]   diesel    :   16.100
[17:44:38]   battery   :   -4.532
[17:44:38]   customer  :  -19.528
[17:44:38] Buffer大小:   432
[17:44:38] 噪声水平: 0.0982
[17:44:38] 
动作统计:
[17:44:38]   wind      : mean= 0.947, std= 0.064, min= 0.795, max= 1.000
[17:44:38]   solar     : mean= 0.659, std= 0.146, min= 0.328, max= 0.933
[17:44:38]   diesel    : mean= 0.857, std= 0.117, min= 0.600, max= 1.000
[17:44:38]   battery   : mean= 0.287, std= 0.629, min=-0.544, max= 1.000
[17:44:38]   customer  : mean= 0.907, std= 0.058, min= 0.805, max= 1.000
[17:44:38] 
======================================================================
[17:44:38] Episode 14/200
[17:44:38] ======================================================================
[17:44:38] 总奖励:   -23.53 | 步数: 24
[17:44:38] 最近10个episodes平均:   131.43
[17:44:38] 各Agent奖励:
[17:44:38]   wind      :    0.000
[17:44:38]   solar     :    0.000
[17:44:38]   diesel    :    6.045
[17:44:38]   battery   :  -12.276
[17:44:38]   customer  :  -17.295
[17:44:38] Buffer大小:   456
[17:44:38] 噪声水平: 0.0981
[17:44:38] 
动作统计:
[17:44:38]   wind      : mean= 0.948, std= 0.073, min= 0.722, max= 1.000
[17:44:38]   solar     : mean= 0.494, std= 0.145, min= 0.272, max= 0.771
[17:44:38]   diesel    : mean= 0.908, std= 0.086, min= 0.714, max= 1.000
[17:44:38]   battery   : mean= 0.215, std= 0.712, min=-0.760, max= 1.000
[17:44:38]   customer  : mean= 0.929, std= 0.076, min= 0.726, max= 1.000
[17:44:38] 
======================================================================
[17:44:38] Episode 15/200
[17:44:38] ======================================================================
[17:44:38] 总奖励:   -25.56 | 步数: 24
[17:44:38] 最近10个episodes平均:   114.72
[17:44:38] 各Agent奖励:
[17:44:38]   wind      :    0.000
[17:44:38]   solar     :    0.000
[17:44:38]   diesel    :    8.791
[17:44:38]   battery   :  -17.393
[17:44:38]   customer  :  -16.959
[17:44:38] Buffer大小:   480
[17:44:38] 噪声水平: 0.0980
[17:44:38] 
动作统计:
[17:44:38]   wind      : mean= 0.964, std= 0.041, min= 0.875, max= 1.000
[17:44:38]   solar     : mean= 0.189, std= 0.156, min=-0.185, max= 0.423
[17:44:38]   diesel    : mean= 0.912, std= 0.076, min= 0.722, max= 1.000
[17:44:38]   battery   : mean= 0.181, std= 0.775, min=-0.823, max= 1.000
[17:44:38]   customer  : mean= 0.934, std= 0.069, min= 0.773, max= 1.000
[17:44:38] 
======================================================================
[17:44:38] Episode 16/200
[17:44:38] ======================================================================
[17:44:38] 总奖励:   -32.33 | 步数: 24
[17:44:38] 最近10个episodes平均:    88.53
[17:44:38] 各Agent奖励:
[17:44:38]   wind      :    0.000
[17:44:38]   solar     :    0.000
[17:44:38]   diesel    :    0.000
[17:44:38]   battery   :  -15.840
[17:44:38]   customer  :  -16.495
[17:44:38] Buffer大小:   504
[17:44:38] 噪声水平: 0.0979
[17:44:38] 
动作统计:
[17:44:38]   wind      : mean= 0.958, std= 0.053, min= 0.829, max= 1.000
[17:44:38]   solar     : mean=-0.106, std= 0.190, min=-0.555, max= 0.158
[17:44:38]   diesel    : mean= 0.952, std= 0.060, min= 0.753, max= 1.000
[17:44:38]   battery   : mean= 0.149, std= 0.782, min=-0.834, max= 1.000
[17:44:38]   customer  : mean= 0.964, std= 0.055, min= 0.828, max= 1.000
[17:44:38] 
======================================================================
[17:44:38] Episode 17/200
[17:44:38] ======================================================================
[17:44:38] 总奖励:   -33.48 | 步数: 24
[17:44:38] 最近10个episodes平均:    59.65
[17:44:38] 各Agent奖励:
[17:44:38]   wind      :    0.000
[17:44:38]   solar     :   -1.714
[17:44:38]   diesel    :    0.000
[17:44:38]   battery   :  -14.891
[17:44:38]   customer  :  -16.877
[17:44:38] Buffer大小:   528
[17:44:38] 噪声水平: 0.0978
[17:44:38] 
动作统计:
[17:44:38]   wind      : mean= 0.941, std= 0.070, min= 0.775, max= 1.000
[17:44:38]   solar     : mean=-0.448, std= 0.194, min=-0.754, max=-0.088
[17:44:38]   diesel    : mean= 0.949, std= 0.061, min= 0.792, max= 1.000
[17:44:38]   battery   : mean= 0.186, std= 0.773, min=-0.817, max= 1.000
[17:44:38]   customer  : mean= 0.952, std= 0.058, min= 0.790, max= 1.000
[17:44:38] 
======================================================================
[17:44:38] Episode 18/200
[17:44:38] ======================================================================
[17:44:38] 总奖励:   -30.52 | 步数: 24
[17:44:38] 最近10个episodes平均:    31.01
[17:44:38] 各Agent奖励:
[17:44:38]   wind      :    0.000
[17:44:38]   solar     :  -11.041
[17:44:38]   diesel    :    0.000
[17:44:38]   battery   :   -2.253
[17:44:38]   customer  :  -17.226
[17:44:38] Buffer大小:   552
[17:44:38] 噪声水平: 0.0977
[17:44:38] 
动作统计:
[17:44:38]   wind      : mean= 0.966, std= 0.060, min= 0.799, max= 1.000
[17:44:38]   solar     : mean=-0.624, std= 0.202, min=-0.972, max=-0.283
[17:44:38]   diesel    : mean= 0.950, std= 0.069, min= 0.723, max= 1.000
[17:44:38]   battery   : mean= 0.269, std= 0.699, min=-0.698, max= 1.000
[17:44:38]   customer  : mean= 0.960, std= 0.051, min= 0.834, max= 1.000
[17:44:39] 
======================================================================
[17:44:39] Episode 19/200
[17:44:39] ======================================================================
[17:44:39] 总奖励:   -21.92 | 步数: 24
[17:44:39] 最近10个episodes平均:    11.95
[17:44:39] 各Agent奖励:
[17:44:39]   wind      :    0.000
[17:44:39]   solar     :   -5.108
[17:44:39]   diesel    :    0.000
[17:44:39]   battery   :    0.854
[17:44:39]   customer  :  -17.661
[17:44:39] Buffer大小:   576
[17:44:39] 噪声水平: 0.0976
[17:44:39] 
动作统计:
[17:44:39]   wind      : mean= 0.950, std= 0.073, min= 0.741, max= 1.000
[17:44:39]   solar     : mean=-0.703, std= 0.144, min=-1.000, max=-0.486
[17:44:39]   diesel    : mean= 0.945, std= 0.068, min= 0.712, max= 1.000
[17:44:39]   battery   : mean= 0.414, std= 0.554, min=-0.322, max= 1.000
[17:44:39]   customer  : mean= 0.953, std= 0.066, min= 0.809, max= 1.000
[17:44:39] 
======================================================================
[17:44:39] Episode 20/200
[17:44:39] ======================================================================
[17:44:39] 总奖励:   -24.57 | 步数: 24
[17:44:39] 最近10个episodes平均:    -2.34
[17:44:39] 各Agent奖励:
[17:44:39]   wind      :    0.000
[17:44:39]   solar     :   -9.675
[17:44:39]   diesel    :    0.000
[17:44:39]   battery   :    4.183
[17:44:39]   customer  :  -19.073
[17:44:39] Buffer大小:   600
[17:44:39] 噪声水平: 0.0975
[17:44:39] 
动作统计:
[17:44:39]   wind      : mean= 0.964, std= 0.057, min= 0.815, max= 1.000
[17:44:39]   solar     : mean=-0.771, std= 0.169, min=-1.000, max=-0.393
[17:44:39]   diesel    : mean= 0.942, std= 0.065, min= 0.767, max= 1.000
[17:44:39]   battery   : mean= 0.581, std= 0.385, min=-0.043, max= 1.000
[17:44:39]   customer  : mean= 0.970, std= 0.051, min= 0.850, max= 1.000
[17:44:39] 
📊 生成可视化图表...
[17:44:39]   ✓ 训练曲线: debug_plots/training_ep0020.png
[17:44:39]   ✓ Agent分析: debug_plots/agents_ep0020.png
[17:44:39] 
======================================================================
[17:44:39] Episode 21/200
[17:44:39] ======================================================================
[17:44:39] 总奖励:   -12.06 | 步数: 24
[17:44:39] 最近10个episodes平均:   -15.30
[17:44:39] 各Agent奖励:
[17:44:39]   wind      :    0.000
[17:44:39]   solar     :   -6.932
[17:44:39]   diesel    :    0.000
[17:44:39]   battery   :   13.781
[17:44:39]   customer  :  -18.913
[17:44:39] Buffer大小:   624
[17:44:39] 噪声水平: 0.0974
[17:44:39] 
动作统计:
[17:44:39]   wind      : mean= 0.973, std= 0.048, min= 0.806, max= 1.000
[17:44:39]   solar     : mean=-0.816, std= 0.164, min=-1.000, max=-0.389
[17:44:39]   diesel    : mean= 0.954, std= 0.064, min= 0.741, max= 1.000
[17:44:39]   battery   : mean= 0.720, std= 0.255, min= 0.100, max= 1.000
[17:44:39]   customer  : mean= 0.948, std= 0.050, min= 0.824, max= 1.000
[17:44:39] 
======================================================================
[17:44:39] Episode 22/200
[17:44:39] ======================================================================
[17:44:39] 总奖励:   -14.70 | 步数: 24
[17:44:39] 最近10个episodes平均:   -21.61
[17:44:39] 各Agent奖励:
[17:44:39]   wind      :    0.000
[17:44:39]   solar     :   -1.493
[17:44:39]   diesel    :    0.000
[17:44:39]   battery   :    5.809
[17:44:39]   customer  :  -19.015
[17:44:39] Buffer大小:   648
[17:44:39] 噪声水平: 0.0973
[17:44:39] 
动作统计:
[17:44:39]   wind      : mean= 0.956, std= 0.059, min= 0.732, max= 1.000
[17:44:39]   solar     : mean=-0.871, std= 0.143, min=-1.000, max=-0.552
[17:44:39]   diesel    : mean= 0.961, std= 0.064, min= 0.746, max= 1.000
[17:44:39]   battery   : mean= 0.794, std= 0.196, min= 0.431, max= 1.000
[17:44:39]   customer  : mean= 0.965, std= 0.051, min= 0.818, max= 1.000
[17:44:40] 
======================================================================
[17:44:40] Episode 23/200
[17:44:40] ======================================================================
[17:44:40] 总奖励:   -16.59 | 步数: 24
[17:44:40] 最近10个episodes平均:   -23.53
[17:44:40] 各Agent奖励:
[17:44:40]   wind      :    0.000
[17:44:40]   solar     :   -7.094
[17:44:40]   diesel    :    1.636
[17:44:40]   battery   :    7.543
[17:44:40]   customer  :  -18.674
[17:44:40] Buffer大小:   672
[17:44:40] 噪声水平: 0.0972
[17:44:40] 
动作统计:
[17:44:40]   wind      : mean= 0.968, std= 0.044, min= 0.863, max= 1.000
[17:44:40]   solar     : mean=-0.835, std= 0.156, min=-1.000, max=-0.500
[17:44:40]   diesel    : mean= 0.963, std= 0.045, min= 0.858, max= 1.000
[17:44:40]   battery   : mean= 0.872, std= 0.111, min= 0.583, max= 1.000
[17:44:40]   customer  : mean= 0.969, std= 0.047, min= 0.793, max= 1.000
[17:44:40] 
======================================================================
[17:44:40] Episode 24/200
[17:44:40] ======================================================================
[17:44:40] 总奖励:   -22.48 | 步数: 24
[17:44:40] 最近10个episodes平均:   -23.42
[17:44:40] 各Agent奖励:
[17:44:40]   wind      :    0.000
[17:44:40]   solar     :   -9.512
[17:44:40]   diesel    :    0.000
[17:44:40]   battery   :    5.433
[17:44:40]   customer  :  -18.395
[17:44:40] Buffer大小:   696
[17:44:40] 噪声水平: 0.0971
[17:44:40] 
动作统计:
[17:44:40]   wind      : mean= 0.938, std= 0.082, min= 0.713, max= 1.000
[17:44:40]   solar     : mean=-0.899, std= 0.106, min=-1.000, max=-0.663
[17:44:40]   diesel    : mean= 0.963, std= 0.057, min= 0.763, max= 1.000
[17:44:40]   battery   : mean= 0.898, std= 0.103, min= 0.662, max= 1.000
[17:44:40]   customer  : mean= 0.972, std= 0.042, min= 0.877, max= 1.000
[17:44:40] 
======================================================================
[17:44:40] Episode 25/200
[17:44:40] ======================================================================
[17:44:40] 总奖励:    -5.58 | 步数: 24
[17:44:40] 最近10个episodes平均:   -21.42
[17:44:40] 各Agent奖励:
[17:44:40]   wind      :    3.051
[17:44:40]   solar     :   -8.254
[17:44:40]   diesel    :    4.797
[17:44:40]   battery   :   14.426
[17:44:40]   customer  :  -19.602
[17:44:40] Buffer大小:   720
[17:44:40] 噪声水平: 0.0970
[17:44:40] 
动作统计:
[17:44:40]   wind      : mean= 0.956, std= 0.057, min= 0.791, max= 1.000
[17:44:40]   solar     : mean=-0.872, std= 0.130, min=-1.000, max=-0.591
[17:44:40]   diesel    : mean= 0.960, std= 0.066, min= 0.740, max= 1.000
[17:44:40]   battery   : mean= 0.916, std= 0.101, min= 0.609, max= 1.000
[17:44:40]   customer  : mean= 0.952, std= 0.066, min= 0.811, max= 1.000
[17:44:40] 
======================================================================
[17:44:40] Episode 26/200
[17:44:40] ======================================================================
[17:44:40] 总奖励:    -5.14 | 步数: 24
[17:44:40] 最近10个episodes平均:   -18.70
[17:44:40] 各Agent奖励:
[17:44:40]   wind      :    6.082
[17:44:40]   solar     :   -5.614
[17:44:40]   diesel    :    4.875
[17:44:40]   battery   :    9.574
[17:44:40]   customer  :  -20.056
[17:44:40] Buffer大小:   744
[17:44:40] 噪声水平: 0.0969
[17:44:40] 
动作统计:
[17:44:40]   wind      : mean= 0.974, std= 0.045, min= 0.821, max= 1.000
[17:44:40]   solar     : mean=-0.921, std= 0.085, min=-1.000, max=-0.724
[17:44:40]   diesel    : mean= 0.955, std= 0.063, min= 0.770, max= 1.000
[17:44:40]   battery   : mean= 0.901, std= 0.101, min= 0.545, max= 1.000
[17:44:40]   customer  : mean= 0.956, std= 0.063, min= 0.788, max= 1.000
[17:44:40] 
======================================================================
[17:44:40] Episode 27/200
[17:44:40] ======================================================================
[17:44:40] 总奖励:   -22.09 | 步数: 24
[17:44:40] 最近10个episodes平均:   -17.56
[17:44:40] 各Agent奖励:
[17:44:40]   wind      :    2.149
[17:44:40]   solar     :  -16.541
[17:44:40]   diesel    :    0.470
[17:44:40]   battery   :    9.843
[17:44:40]   customer  :  -18.006
[17:44:40] Buffer大小:   768
[17:44:40] 噪声水平: 0.0968
[17:44:40] 
动作统计:
[17:44:40]   wind      : mean= 0.967, std= 0.040, min= 0.880, max= 1.000
[17:44:40]   solar     : mean=-0.910, std= 0.110, min=-1.000, max=-0.580
[17:44:40]   diesel    : mean= 0.958, std= 0.063, min= 0.751, max= 1.000
[17:44:40]   battery   : mean= 0.911, std= 0.093, min= 0.667, max= 1.000
[17:44:40]   customer  : mean= 0.951, std= 0.074, min= 0.726, max= 1.000
[17:44:40] 
======================================================================
[17:44:40] Episode 28/200
[17:44:40] ======================================================================
[17:44:40] 总奖励:     3.59 | 步数: 24
[17:44:40] 最近10个episodes平均:   -14.15
[17:44:40] 各Agent奖励:
[17:44:40]   wind      :    8.900
[17:44:40]   solar     :    1.044
[17:44:40]   diesel    :    5.320
[17:44:40]   battery   :    8.801
[17:44:40]   customer  :  -20.475
[17:44:40] Buffer大小:   792
[17:44:40] 噪声水平: 0.0968
[17:44:40] 
动作统计:
[17:44:40]   wind      : mean= 0.961, std= 0.065, min= 0.788, max= 1.000
[17:44:40]   solar     : mean=-0.893, std= 0.111, min=-1.000, max=-0.640
[17:44:40]   diesel    : mean= 0.943, std= 0.069, min= 0.738, max= 1.000
[17:44:40]   battery   : mean= 0.952, std= 0.057, min= 0.773, max= 1.000
[17:44:40]   customer  : mean= 0.964, std= 0.061, min= 0.795, max= 1.000
[17:44:40] 
======================================================================
[17:44:40] Episode 29/200
[17:44:40] ======================================================================
[17:44:40] 总奖励:   -16.18 | 步数: 24
[17:44:40] 最近10个episodes平均:   -13.58
[17:44:40] 各Agent奖励:
[17:44:40]   wind      :    0.197
[17:44:40]   solar     :  -12.808
[17:44:40]   diesel    :    5.649
[17:44:40]   battery   :   10.090
[17:44:40]   customer  :  -19.307
[17:44:40] Buffer大小:   816
[17:44:40] 噪声水平: 0.0967
[17:44:40] 
动作统计:
[17:44:40]   wind      : mean= 0.972, std= 0.047, min= 0.835, max= 1.000
[17:44:40]   solar     : mean=-0.941, std= 0.080, min=-1.000, max=-0.712
[17:44:40]   diesel    : mean= 0.945, std= 0.072, min= 0.734, max= 1.000
[17:44:40]   battery   : mean= 0.943, std= 0.074, min= 0.663, max= 1.000
[17:44:40]   customer  : mean= 0.957, std= 0.050, min= 0.840, max= 1.000
[17:44:41] 
======================================================================
[17:44:41] Episode 30/200
[17:44:41] ======================================================================
[17:44:41] 总奖励:     1.07 | 步数: 24
[17:44:41] 最近10个episodes平均:   -11.02
[17:44:41] 各Agent奖励:
[17:44:41]   wind      :    9.214
[17:44:41]   solar     :   -5.125
[17:44:41]   diesel    :    0.000
[17:44:41]   battery   :   17.367
[17:44:41]   customer  :  -20.389
[17:44:41] Buffer大小:   840
[17:44:41] 噪声水平: 0.0966
[17:44:41] 
动作统计:
[17:44:41]   wind      : mean= 0.972, std= 0.042, min= 0.852, max= 1.000
[17:44:41]   solar     : mean=-0.926, std= 0.090, min=-1.000, max=-0.582
[17:44:41]   diesel    : mean= 0.962, std= 0.051, min= 0.828, max= 1.000
[17:44:41]   battery   : mean= 0.930, std= 0.081, min= 0.658, max= 1.000
[17:44:41]   customer  : mean= 0.961, std= 0.050, min= 0.822, max= 1.000
[17:44:41] 
📊 生成可视化图表...
[17:44:41]   ✓ 训练曲线: debug_plots/training_ep0030.png
[17:44:41]   ✓ Agent分析: debug_plots/agents_ep0030.png
[17:44:41] 
======================================================================
[17:44:41] Episode 31/200
[17:44:41] ======================================================================
[17:44:41] 总奖励:    17.39 | 步数: 24
[17:44:41] 最近10个episodes平均:    -8.07
[17:44:41] 各Agent奖励:
[17:44:41]   wind      :    4.933
[17:44:41]   solar     :    2.868
[17:44:41]   diesel    :    0.646
[17:44:41]   battery   :   30.382
[17:44:41]   customer  :  -21.438
[17:44:41] Buffer大小:   864
[17:44:41] 噪声水平: 0.0965
[17:44:41] 
动作统计:
[17:44:41]   wind      : mean= 0.960, std= 0.050, min= 0.823, max= 1.000
[17:44:41]   solar     : mean=-0.924, std= 0.087, min=-1.000, max=-0.697
[17:44:41]   diesel    : mean= 0.947, std= 0.085, min= 0.543, max= 1.000
[17:44:41]   battery   : mean= 0.914, std= 0.084, min= 0.728, max= 1.000
[17:44:41]   customer  : mean= 0.936, std= 0.083, min= 0.662, max= 1.000
[17:44:41] 
======================================================================
[17:44:41] Episode 32/200
[17:44:41] ======================================================================
[17:44:41] 总奖励:   -13.01 | 步数: 24
[17:44:41] 最近10个episodes平均:    -7.90
[17:44:41] 各Agent奖励:
[17:44:41]   wind      :    0.000
[17:44:41]   solar     :   -6.077
[17:44:41]   diesel    :    0.000
[17:44:41]   battery   :   12.640
[17:44:41]   customer  :  -19.569
[17:44:41] Buffer大小:   888
[17:44:41] 噪声水平: 0.0964
[17:44:41] 
动作统计:
[17:44:41]   wind      : mean= 0.952, std= 0.060, min= 0.795, max= 1.000
[17:44:41]   solar     : mean=-0.945, std= 0.077, min=-1.000, max=-0.721
[17:44:41]   diesel    : mean= 0.963, std= 0.046, min= 0.837, max= 1.000
[17:44:41]   battery   : mean= 0.887, std= 0.115, min= 0.608, max= 1.000
[17:44:41]   customer  : mean= 0.971, std= 0.051, min= 0.825, max= 1.000
[17:44:42] 
======================================================================
[17:44:42] Episode 33/200
[17:44:42] ======================================================================
[17:44:42] 总奖励:     2.15 | 步数: 24
[17:44:42] 最近10个episodes平均:    -6.03
[17:44:42] 各Agent奖励:
[17:44:42]   wind      :    0.000
[17:44:42]   solar     :   -6.232
[17:44:42]   diesel    :    4.764
[17:44:42]   battery   :   24.664
[17:44:42]   customer  :  -21.049
[17:44:42] Buffer大小:   912
[17:44:42] 噪声水平: 0.0963
[17:44:42] 
动作统计:
[17:44:42]   wind      : mean= 0.959, std= 0.076, min= 0.678, max= 1.000
[17:44:42]   solar     : mean=-0.930, std= 0.082, min=-1.000, max=-0.709
[17:44:42]   diesel    : mean= 0.958, std= 0.060, min= 0.791, max= 1.000
[17:44:42]   battery   : mean= 0.878, std= 0.118, min= 0.629, max= 1.000
[17:44:42]   customer  : mean= 0.947, std= 0.054, min= 0.845, max= 1.000
[17:44:42] 
======================================================================
[17:44:42] Episode 34/200
[17:44:42] ======================================================================
[17:44:42] 总奖励:     6.03 | 步数: 24
[17:44:42] 最近10个episodes平均:    -3.18
[17:44:42] 各Agent奖励:
[17:44:42]   wind      :    3.016
[17:44:42]   solar     :   -4.455
[17:44:42]   diesel    :    0.817
[17:44:42]   battery   :   27.575
[17:44:42]   customer  :  -20.919
[17:44:42] Buffer大小:   936
[17:44:42] 噪声水平: 0.0962
[17:44:42] 
动作统计:
[17:44:42]   wind      : mean= 0.973, std= 0.038, min= 0.872, max= 1.000
[17:44:42]   solar     : mean=-0.923, std= 0.060, min=-1.000, max=-0.830
[17:44:42]   diesel    : mean= 0.962, std= 0.053, min= 0.828, max= 1.000
[17:44:42]   battery   : mean= 0.828, std= 0.173, min= 0.426, max= 1.000
[17:44:42]   customer  : mean= 0.943, std= 0.082, min= 0.670, max= 1.000
[17:44:42] 
======================================================================
[17:44:42] Episode 35/200
[17:44:42] ======================================================================
[17:44:42] 总奖励:    -3.65 | 步数: 24
[17:44:42] 最近10个episodes平均:    -2.98
[17:44:42] 各Agent奖励:
[17:44:42]   wind      :    0.000
[17:44:42]   solar     :   -5.418
[17:44:42]   diesel    :    1.021
[17:44:42]   battery   :   20.758
[17:44:42]   customer  :  -20.013
[17:44:42] Buffer大小:   960
[17:44:42] 噪声水平: 0.0961
[17:44:42] 
动作统计:
[17:44:42]   wind      : mean= 0.965, std= 0.044, min= 0.874, max= 1.000
[17:44:42]   solar     : mean=-0.938, std= 0.078, min=-1.000, max=-0.728
[17:44:42]   diesel    : mean= 0.954, std= 0.054, min= 0.776, max= 1.000
[17:44:42]   battery   : mean= 0.831, std= 0.159, min= 0.468, max= 1.000
[17:44:42]   customer  : mean= 0.955, std= 0.060, min= 0.835, max= 1.000
[17:44:42] 
======================================================================
[17:44:42] Episode 36/200
[17:44:42] ======================================================================
[17:44:42] 总奖励:   -11.99 | 步数: 24
[17:44:42] 最近10个episodes平均:    -3.67
[17:44:42] 各Agent奖励:
[17:44:42]   wind      :    0.000
[17:44:42]   solar     :  -11.078
[17:44:42]   diesel    :    0.000
[17:44:42]   battery   :   17.784
[17:44:42]   customer  :  -18.691
[17:44:42] Buffer大小:   984
[17:44:42] 噪声水平: 0.0960
[17:44:42] 
动作统计:
[17:44:42]   wind      : mean= 0.939, std= 0.081, min= 0.713, max= 1.000
[17:44:42]   solar     : mean=-0.933, std= 0.080, min=-1.000, max=-0.732
[17:44:42]   diesel    : mean= 0.962, std= 0.058, min= 0.696, max= 1.000
[17:44:42]   battery   : mean= 0.810, std= 0.180, min= 0.370, max= 1.000
[17:44:42]   customer  : mean= 0.944, std= 0.069, min= 0.773, max= 1.000
[17:44:42] 
======================================================================
[17:44:42] Episode 37/200
[17:44:42] ======================================================================
[17:44:42] 总奖励:    -9.56 | 步数: 24
[17:44:42] 最近10个episodes平均:    -2.41
[17:44:42] 各Agent奖励:
[17:44:42]   wind      :    0.565
[17:44:42]   solar     :    0.000
[17:44:42]   diesel    :    0.000
[17:44:42]   battery   :    9.592
[17:44:42]   customer  :  -19.716
[17:44:42] Buffer大小:  1008
[17:44:42] 噪声水平: 0.0959
[17:44:42] 
动作统计:
[17:44:42]   wind      : mean= 0.938, std= 0.088, min= 0.687, max= 1.000
[17:44:42]   solar     : mean=-0.922, std= 0.081, min=-1.000, max=-0.729
[17:44:42]   diesel    : mean= 0.970, std= 0.051, min= 0.795, max= 1.000
[17:44:42]   battery   : mean= 0.775, std= 0.182, min= 0.357, max= 1.000
[17:44:42]   customer  : mean= 0.978, std= 0.042, min= 0.831, max= 1.000
[17:44:42] 
======================================================================
[17:44:42] Episode 38/200
[17:44:42] ======================================================================
[17:44:42] 总奖励:     2.85 | 步数: 24
[17:44:42] 最近10个episodes平均:    -2.49
[17:44:42] 各Agent奖励:
[17:44:42]   wind      :    0.000
[17:44:42]   solar     :   -4.009
[17:44:42]   diesel    :    0.000
[17:44:42]   battery   :   27.475
[17:44:42]   customer  :  -20.613
[17:44:42] Buffer大小:  1032
[17:44:42] 噪声水平: 0.0958
[17:44:42] 
动作统计:
[17:44:42]   wind      : mean= 0.967, std= 0.054, min= 0.805, max= 1.000
[17:44:42]   solar     : mean=-0.902, std= 0.090, min=-1.000, max=-0.694
[17:44:42]   diesel    : mean= 0.962, std= 0.060, min= 0.772, max= 1.000
[17:44:42]   battery   : mean= 0.786, std= 0.194, min= 0.375, max= 1.000
[17:44:42]   customer  : mean= 0.950, std= 0.063, min= 0.786, max= 1.000
[17:44:42] 
======================================================================
[17:44:42] Episode 39/200
[17:44:42] ======================================================================
[17:44:42] 总奖励:   -15.14 | 步数: 24
[17:44:42] 最近10个episodes平均:    -2.38
[17:44:42] 各Agent奖励:
[17:44:42]   wind      :    0.000
[17:44:42]   solar     :   -7.284
[17:44:42]   diesel    :    0.000
[17:44:42]   battery   :   11.351
[17:44:42]   customer  :  -19.204
[17:44:42] Buffer大小:  1056
[17:44:42] 噪声水平: 0.0957
[17:44:42] 
动作统计:
[17:44:42]   wind      : mean= 0.957, std= 0.067, min= 0.797, max= 1.000
[17:44:42]   solar     : mean=-0.879, std= 0.120, min=-1.000, max=-0.582
[17:44:42]   diesel    : mean= 0.944, std= 0.069, min= 0.720, max= 1.000
[17:44:42]   battery   : mean= 0.744, std= 0.221, min= 0.160, max= 1.000
[17:44:42]   customer  : mean= 0.965, std= 0.058, min= 0.846, max= 1.000
[17:44:43] 
======================================================================
[17:44:43] Episode 40/200
[17:44:43] ======================================================================
[17:44:43] 总奖励:    -1.37 | 步数: 24
[17:44:43] 最近10个episodes平均:    -2.63
[17:44:43] 各Agent奖励:
[17:44:43]   wind      :    0.000
[17:44:43]   solar     :   -0.745
[17:44:43]   diesel    :    0.000
[17:44:43]   battery   :   19.689
[17:44:43]   customer  :  -20.318
[17:44:43] Buffer大小:  1080
[17:44:43] 噪声水平: 0.0956
[17:44:43] 
动作统计:
[17:44:43]   wind      : mean= 0.956, std= 0.053, min= 0.839, max= 1.000
[17:44:43]   solar     : mean=-0.881, std= 0.136, min=-1.000, max=-0.548
[17:44:43]   diesel    : mean= 0.957, std= 0.059, min= 0.745, max= 1.000
[17:44:43]   battery   : mean= 0.755, std= 0.247, min= 0.079, max= 1.000
[17:44:43]   customer  : mean= 0.965, std= 0.068, min= 0.736, max= 1.000
[17:44:43] 
📊 生成可视化图表...
[17:44:43]   ✓ 训练曲线: debug_plots/training_ep0040.png
[17:44:43]   ✓ Agent分析: debug_plots/agents_ep0040.png
[17:44:43] 
======================================================================
[17:44:43] Episode 41/200
[17:44:43] ======================================================================
[17:44:43] 总奖励:   -11.22 | 步数: 24
[17:44:43] 最近10个episodes平均:    -5.49
[17:44:43] 各Agent奖励:
[17:44:43]   wind      :    0.000
[17:44:43]   solar     :   -7.379
[17:44:43]   diesel    :    0.000
[17:44:43]   battery   :   15.347
[17:44:43]   customer  :  -19.187
[17:44:43] Buffer大小:  1104
[17:44:43] 噪声水平: 0.0955
[17:44:43] 
动作统计:
[17:44:43]   wind      : mean= 0.955, std= 0.084, min= 0.615, max= 1.000
[17:44:43]   solar     : mean=-0.763, std= 0.213, min=-1.000, max=-0.400
[17:44:43]   diesel    : mean= 0.940, std= 0.065, min= 0.762, max= 1.000
[17:44:43]   battery   : mean= 0.745, std= 0.238, min= 0.011, max= 1.000
[17:44:43]   customer  : mean= 0.958, std= 0.052, min= 0.820, max= 1.000
[17:44:43] 
======================================================================
[17:44:43] Episode 42/200
[17:44:43] ======================================================================
[17:44:43] 总奖励:   -18.46 | 步数: 24
[17:44:43] 最近10个episodes平均:    -6.04
[17:44:43] 各Agent奖励:
[17:44:43]   wind      :    0.000
[17:44:43]   solar     :   -9.957
[17:44:43]   diesel    :    0.000
[17:44:43]   battery   :   10.382
[17:44:43]   customer  :  -18.886
[17:44:43] Buffer大小:  1128
[17:44:43] 噪声水平: 0.0954
[17:44:43] 
动作统计:
[17:44:43]   wind      : mean= 0.975, std= 0.042, min= 0.834, max= 1.000
[17:44:43]   solar     : mean=-0.490, std= 0.340, min=-1.000, max= 0.036
[17:44:43]   diesel    : mean= 0.982, std= 0.030, min= 0.883, max= 1.000
[17:44:43]   battery   : mean= 0.729, std= 0.250, min= 0.165, max= 1.000
[17:44:43]   customer  : mean= 0.959, std= 0.067, min= 0.791, max= 1.000
[17:44:44] 
======================================================================
[17:44:44] Episode 43/200
[17:44:44] ======================================================================
[17:44:44] 总奖励:   -14.84 | 步数: 24
[17:44:44] 最近10个episodes平均:    -7.73
[17:44:44] 各Agent奖励:
[17:44:44]   wind      :    0.000
[17:44:44]   solar     :   -4.154
[17:44:44]   diesel    :    0.000
[17:44:44]   battery   :    7.558
[17:44:44]   customer  :  -18.246
[17:44:44] Buffer大小:  1152
[17:44:44] 噪声水平: 0.0953
[17:44:44] 
动作统计:
[17:44:44]   wind      : mean= 0.951, std= 0.066, min= 0.728, max= 1.000
[17:44:44]   solar     : mean=-0.140, std= 0.357, min=-0.758, max= 0.364
[17:44:44]   diesel    : mean= 0.955, std= 0.060, min= 0.738, max= 1.000
[17:44:44]   battery   : mean= 0.732, std= 0.259, min=-0.001, max= 1.000
[17:44:44]   customer  : mean= 0.961, std= 0.048, min= 0.812, max= 1.000
[17:44:44] 
======================================================================
[17:44:44] Episode 44/200
[17:44:44] ======================================================================
[17:44:44] 总奖励:    -8.85 | 步数: 24
[17:44:44] 最近10个episodes平均:    -9.22
[17:44:44] 各Agent奖励:
[17:44:44]   wind      :    0.000
[17:44:44]   solar     :    0.909
[17:44:44]   diesel    :    0.000
[17:44:44]   battery   :    9.841
[17:44:44]   customer  :  -19.601
[17:44:44] Buffer大小:  1176
[17:44:44] 噪声水平: 0.0952
[17:44:44] 
动作统计:
[17:44:44]   wind      : mean= 0.983, std= 0.034, min= 0.880, max= 1.000
[17:44:44]   solar     : mean= 0.276, std= 0.356, min=-0.497, max= 0.793
[17:44:44]   diesel    : mean= 0.974, std= 0.043, min= 0.805, max= 1.000
[17:44:44]   battery   : mean= 0.740, std= 0.255, min= 0.199, max= 1.000
[17:44:44]   customer  : mean= 0.969, std= 0.058, min= 0.810, max= 1.000
[17:44:44] 
======================================================================
[17:44:44] Episode 45/200
[17:44:44] ======================================================================
[17:44:44] 总奖励:    -4.99 | 步数: 24
[17:44:44] 最近10个episodes平均:    -9.36
[17:44:44] 各Agent奖励:
[17:44:44]   wind      :    0.000
[17:44:44]   solar     :    2.315
[17:44:44]   diesel    :    0.000
[17:44:44]   battery   :   12.453
[17:44:44]   customer  :  -19.759
[17:44:44] Buffer大小:  1200
[17:44:44] 噪声水平: 0.0951
[17:44:44] 
动作统计:
[17:44:44]   wind      : mean= 0.963, std= 0.042, min= 0.879, max= 1.000
[17:44:44]   solar     : mean= 0.492, std= 0.270, min=-0.200, max= 0.921
[17:44:44]   diesel    : mean= 0.959, std= 0.048, min= 0.839, max= 1.000
[17:44:44]   battery   : mean= 0.723, std= 0.244, min= 0.146, max= 1.000
[17:44:44]   customer  : mean= 0.968, std= 0.058, min= 0.749, max= 1.000
[17:44:44] 
======================================================================
[17:44:44] Episode 46/200
[17:44:44] ======================================================================
[17:44:44] 总奖励:    -5.43 | 步数: 24
[17:44:44] 最近10个episodes平均:    -8.70
[17:44:44] 各Agent奖励:
[17:44:44]   wind      :    0.000
[17:44:44]   solar     :    0.000
[17:44:44]   diesel    :    0.000
[17:44:44]   battery   :   14.684
[17:44:44]   customer  :  -20.111
[17:44:44] Buffer大小:  1224
[17:44:44] 噪声水平: 0.0950
[17:44:44] 
动作统计:
[17:44:44]   wind      : mean= 0.971, std= 0.040, min= 0.871, max= 1.000
[17:44:44]   solar     : mean= 0.714, std= 0.178, min= 0.411, max= 0.954
[17:44:44]   diesel    : mean= 0.955, std= 0.051, min= 0.805, max= 1.000
[17:44:44]   battery   : mean= 0.743, std= 0.250, min= 0.075, max= 1.000
[17:44:44]   customer  : mean= 0.968, std= 0.049, min= 0.799, max= 1.000
[17:44:44] 
======================================================================
[17:44:44] Episode 47/200
[17:44:44] ======================================================================
[17:44:44] 总奖励:    -3.64 | 步数: 24
[17:44:44] 最近10个episodes平均:    -8.11
[17:44:44] 各Agent奖励:
[17:44:44]   wind      :    0.000
[17:44:44]   solar     :    0.000
[17:44:44]   diesel    :    0.000
[17:44:44]   battery   :   16.492
[17:44:44]   customer  :  -20.136
[17:44:44] Buffer大小:  1248
[17:44:44] 噪声水平: 0.0949
[17:44:44] 
动作统计:
[17:44:44]   wind      : mean= 0.968, std= 0.050, min= 0.812, max= 1.000
[17:44:44]   solar     : mean= 0.817, std= 0.133, min= 0.540, max= 1.000
[17:44:44]   diesel    : mean= 0.957, std= 0.054, min= 0.785, max= 1.000
[17:44:44]   battery   : mean= 0.730, std= 0.257, min= 0.201, max= 1.000
[17:44:44]   customer  : mean= 0.965, std= 0.053, min= 0.839, max= 1.000
[17:44:44] 
======================================================================
[17:44:44] Episode 48/200
[17:44:44] ======================================================================
[17:44:44] 总奖励:    -7.11 | 步数: 24
[17:44:44] 最近10个episodes平均:    -9.11
[17:44:44] 各Agent奖励:
[17:44:44]   wind      :    0.000
[17:44:44]   solar     :    0.000
[17:44:44]   diesel    :    0.000
[17:44:44]   battery   :   12.823
[17:44:44]   customer  :  -19.930
[17:44:44] Buffer大小:  1272
[17:44:44] 噪声水平: 0.0948
[17:44:44] 
动作统计:
[17:44:44]   wind      : mean= 0.974, std= 0.045, min= 0.843, max= 1.000
[17:44:44]   solar     : mean= 0.864, std= 0.126, min= 0.486, max= 1.000
[17:44:44]   diesel    : mean= 0.950, std= 0.063, min= 0.752, max= 1.000
[17:44:44]   battery   : mean= 0.738, std= 0.254, min= 0.007, max= 1.000
[17:44:44]   customer  : mean= 0.971, std= 0.038, min= 0.885, max= 1.000
[17:44:44] 
======================================================================
[17:44:44] Episode 49/200
[17:44:44] ======================================================================
[17:44:44] 总奖励:     3.31 | 步数: 24
[17:44:44] 最近10个episodes平均:    -7.26
[17:44:44] 各Agent奖励:
[17:44:44]   wind      :    0.000
[17:44:44]   solar     :    0.000
[17:44:44]   diesel    :    0.000
[17:44:44]   battery   :   24.168
[17:44:44]   customer  :  -20.853
[17:44:44] Buffer大小:  1296
[17:44:44] 噪声水平: 0.0947
[17:44:44] 
动作统计:
[17:44:44]   wind      : mean= 0.963, std= 0.056, min= 0.832, max= 1.000
[17:44:44]   solar     : mean= 0.908, std= 0.074, min= 0.757, max= 1.000
[17:44:44]   diesel    : mean= 0.959, std= 0.059, min= 0.758, max= 1.000
[17:44:44]   battery   : mean= 0.733, std= 0.256, min= 0.142, max= 1.000
[17:44:44]   customer  : mean= 0.950, std= 0.060, min= 0.783, max= 1.000
[17:44:45] 
======================================================================
[17:44:45] Episode 50/200
[17:44:45] ======================================================================
[17:44:45] 总奖励:     3.30 | 步数: 24
[17:44:45] 最近10个episodes平均:    -6.79
[17:44:45] 各Agent奖励:
[17:44:45]   wind      :    0.000
[17:44:45]   solar     :    0.000
[17:44:45]   diesel    :    0.000
[17:44:45]   battery   :   23.694
[17:44:45]   customer  :  -20.396
[17:44:45] Buffer大小:  1320
[17:44:45] 噪声水平: 0.0946
[17:44:45] 
动作统计:
[17:44:45]   wind      : mean= 0.969, std= 0.049, min= 0.789, max= 1.000
[17:44:45]   solar     : mean= 0.907, std= 0.094, min= 0.632, max= 1.000
[17:44:45]   diesel    : mean= 0.968, std= 0.054, min= 0.814, max= 1.000
[17:44:45]   battery   : mean= 0.721, std= 0.247, min= 0.133, max= 1.000
[17:44:45]   customer  : mean= 0.945, std= 0.066, min= 0.746, max= 1.000
[17:44:45] 
📊 生成可视化图表...
[17:44:45]   ✓ 训练曲线: debug_plots/training_ep0050.png
[17:44:45]   ✓ Agent分析: debug_plots/agents_ep0050.png
[17:44:45] 💾 保存检查点: debug_checkpoints/debug_maddpg_20251117_174435_ep0050.pt
[17:44:45] 
======================================================================
[17:44:45] Episode 51/200
[17:44:45] ======================================================================
[17:44:45] 总奖励:     7.63 | 步数: 24
[17:44:45] 最近10个episodes平均:    -4.91
[17:44:45] 各Agent奖励:
[17:44:45]   wind      :    0.278
[17:44:45]   solar     :    0.000
[17:44:45]   diesel    :    0.000
[17:44:45]   battery   :   28.475
[17:44:45]   customer  :  -21.122
[17:44:45] Buffer大小:  1344
[17:44:45] 噪声水平: 0.0946
[17:44:45] 
动作统计:
[17:44:45]   wind      : mean= 0.972, std= 0.057, min= 0.783, max= 1.000
[17:44:45]   solar     : mean= 0.932, std= 0.066, min= 0.802, max= 1.000
[17:44:45]   diesel    : mean= 0.963, std= 0.056, min= 0.784, max= 1.000
[17:44:45]   battery   : mean= 0.746, std= 0.239, min= 0.198, max= 1.000
[17:44:45]   customer  : mean= 0.944, std= 0.055, min= 0.820, max= 1.000
[17:44:45] 
======================================================================
[17:44:45] Episode 52/200
[17:44:45] ======================================================================
[17:44:45] 总奖励:     0.38 | 步数: 24
[17:44:45] 最近10个episodes平均:    -3.02
[17:44:45] 各Agent奖励:
[17:44:45]   wind      :    0.000
[17:44:45]   solar     :    0.000
[17:44:45]   diesel    :    0.000
[17:44:45]   battery   :   20.828
[17:44:45]   customer  :  -20.450
[17:44:45] Buffer大小:  1368
[17:44:45] 噪声水平: 0.0945
[17:44:45] 
动作统计:
[17:44:45]   wind      : mean= 0.946, std= 0.065, min= 0.779, max= 1.000
[17:44:45]   solar     : mean= 0.937, std= 0.106, min= 0.547, max= 1.000
[17:44:45]   diesel    : mean= 0.943, std= 0.074, min= 0.719, max= 1.000
[17:44:45]   battery   : mean= 0.732, std= 0.243, min= 0.263, max= 1.000
[17:44:45]   customer  : mean= 0.949, std= 0.069, min= 0.765, max= 1.000
[17:44:46] 
======================================================================
[17:44:46] Episode 53/200
[17:44:46] ======================================================================
[17:44:46] 总奖励:    15.07 | 步数: 24
[17:44:46] 最近10个episodes平均:    -0.03
[17:44:46] 各Agent奖励:
[17:44:46]   wind      :    9.351
[17:44:46]   solar     :    0.000
[17:44:46]   diesel    :    0.000
[17:44:46]   battery   :   26.984
[17:44:46]   customer  :  -21.261
[17:44:46] Buffer大小:  1392
[17:44:46] 噪声水平: 0.0944
[17:44:46] 
动作统计:
[17:44:46]   wind      : mean= 0.952, std= 0.053, min= 0.835, max= 1.000
[17:44:46]   solar     : mean= 0.936, std= 0.071, min= 0.768, max= 1.000
[17:44:46]   diesel    : mean= 0.962, std= 0.057, min= 0.810, max= 1.000
[17:44:46]   battery   : mean= 0.748, std= 0.234, min= 0.335, max= 1.000
[17:44:46]   customer  : mean= 0.925, std= 0.075, min= 0.749, max= 1.000
[17:44:46] 
======================================================================
[17:44:46] Episode 54/200
[17:44:46] ======================================================================
[17:44:46] 总奖励:    53.50 | 步数: 24
[17:44:46] 最近10个episodes平均:     6.20
[17:44:46] 各Agent奖励:
[17:44:46]   wind      :    7.840
[17:44:46]   solar     :   24.967
[17:44:46]   diesel    :   15.936
[17:44:46]   battery   :   27.733
[17:44:46]   customer  :  -22.976
[17:44:46] Buffer大小:  1416
[17:44:46] 噪声水平: 0.0943
[17:44:46] 
动作统计:
[17:44:46]   wind      : mean= 0.965, std= 0.045, min= 0.856, max= 1.000
[17:44:46]   solar     : mean= 0.928, std= 0.096, min= 0.632, max= 1.000
[17:44:46]   diesel    : mean= 0.959, std= 0.056, min= 0.783, max= 1.000
[17:44:46]   battery   : mean= 0.751, std= 0.227, min= 0.173, max= 1.000
[17:44:46]   customer  : mean= 0.852, std= 0.115, min= 0.520, max= 1.000
[17:44:46] 
======================================================================
[17:44:46] Episode 55/200
[17:44:46] ======================================================================
[17:44:46] 总奖励:    46.15 | 步数: 24
[17:44:46] 最近10个episodes平均:    11.32
[17:44:46] 各Agent奖励:
[17:44:46]   wind      :   40.259
[17:44:46]   solar     :    0.000
[17:44:46]   diesel    :    4.083
[17:44:46]   battery   :   24.786
[17:44:46]   customer  :  -22.976
[17:44:46] Buffer大小:  1440
[17:44:46] 噪声水平: 0.0942
[17:44:46] 
动作统计:
[17:44:46]   wind      : mean= 0.936, std= 0.076, min= 0.745, max= 1.000
[17:44:46]   solar     : mean= 0.936, std= 0.070, min= 0.805, max= 1.000
[17:44:46]   diesel    : mean= 0.963, std= 0.053, min= 0.795, max= 1.000
[17:44:46]   battery   : mean= 0.773, std= 0.220, min= 0.307, max= 1.000
[17:44:46]   customer  : mean= 0.870, std= 0.114, min= 0.631, max= 1.000
[17:44:46] 
======================================================================
[17:44:46] Episode 56/200
[17:44:46] ======================================================================
[17:44:46] 总奖励:    25.53 | 步数: 24
[17:44:46] 最近10个episodes平均:    14.41
[17:44:46] 各Agent奖励:
[17:44:46]   wind      :   18.538
[17:44:46]   solar     :    0.000
[17:44:46]   diesel    :    4.812
[17:44:46]   battery   :   24.130
[17:44:46]   customer  :  -21.954
[17:44:46] Buffer大小:  1464
[17:44:46] 噪声水平: 0.0941
[17:44:46] 
动作统计:
[17:44:46]   wind      : mean= 0.960, std= 0.047, min= 0.856, max= 1.000
[17:44:46]   solar     : mean= 0.944, std= 0.066, min= 0.733, max= 1.000
[17:44:46]   diesel    : mean= 0.963, std= 0.059, min= 0.811, max= 1.000
[17:44:46]   battery   : mean= 0.752, std= 0.222, min= 0.193, max= 1.000
[17:44:46]   customer  : mean= 0.888, std= 0.135, min= 0.470, max= 1.000
[17:44:46] 
======================================================================
[17:44:46] Episode 57/200
[17:44:46] ======================================================================
[17:44:46] 总奖励:    38.90 | 步数: 24
[17:44:46] 最近10个episodes平均:    18.67
[17:44:46] 各Agent奖励:
[17:44:46]   wind      :   25.937
[17:44:46]   solar     :    0.000
[17:44:46]   diesel    :    8.943
[17:44:46]   battery   :   26.963
[17:44:46]   customer  :  -22.942
[17:44:46] Buffer大小:  1488
[17:44:46] 噪声水平: 0.0940
[17:44:46] 
动作统计:
[17:44:46]   wind      : mean= 0.968, std= 0.046, min= 0.841, max= 1.000
[17:44:46]   solar     : mean= 0.940, std= 0.069, min= 0.763, max= 1.000
[17:44:46]   diesel    : mean= 0.961, std= 0.057, min= 0.802, max= 1.000
[17:44:46]   battery   : mean= 0.784, std= 0.203, min= 0.313, max= 1.000
[17:44:46]   customer  : mean= 0.866, std= 0.138, min= 0.556, max= 1.000
[17:44:46] 
======================================================================
[17:44:46] Episode 58/200
[17:44:46] ======================================================================
[17:44:46] 总奖励:    66.17 | 步数: 24
[17:44:46] 最近10个episodes平均:    25.99
[17:44:46] 各Agent奖励:
[17:44:46]   wind      :   38.366
[17:44:46]   solar     :   15.257
[17:44:46]   diesel    :    6.530
[17:44:46]   battery   :   29.979
[17:44:46]   customer  :  -23.964
[17:44:46] Buffer大小:  1512
[17:44:46] 噪声水平: 0.0939
[17:44:46] 
动作统计:
[17:44:46]   wind      : mean= 0.951, std= 0.054, min= 0.834, max= 1.000
[17:44:46]   solar     : mean= 0.956, std= 0.065, min= 0.712, max= 1.000
[17:44:46]   diesel    : mean= 0.965, std= 0.046, min= 0.855, max= 1.000
[17:44:46]   battery   : mean= 0.779, std= 0.203, min= 0.326, max= 1.000
[17:44:46]   customer  : mean= 0.842, std= 0.158, min= 0.449, max= 1.000
[17:44:46] 
======================================================================
[17:44:46] Episode 59/200
[17:44:46] ======================================================================
[17:44:46] 总奖励:    63.65 | 步数: 24
[17:44:46] 最近10个episodes平均:    32.03
[17:44:46] 各Agent奖励:
[17:44:46]   wind      :   17.315
[17:44:46]   solar     :   24.691
[17:44:46]   diesel    :   17.165
[17:44:46]   battery   :   28.899
[17:44:46]   customer  :  -24.424
[17:44:46] Buffer大小:  1536
[17:44:46] 噪声水平: 0.0938
[17:44:46] 
动作统计:
[17:44:46]   wind      : mean= 0.949, std= 0.072, min= 0.724, max= 1.000
[17:44:46]   solar     : mean= 0.947, std= 0.097, min= 0.544, max= 1.000
[17:44:46]   diesel    : mean= 0.964, std= 0.050, min= 0.791, max= 1.000
[17:44:46]   battery   : mean= 0.779, std= 0.209, min= 0.205, max= 1.000
[17:44:46]   customer  : mean= 0.829, std= 0.174, min= 0.413, max= 1.000
[17:44:47] 
======================================================================
[17:44:47] Episode 60/200
[17:44:47] ======================================================================
[17:44:47] 总奖励:    78.59 | 步数: 24
[17:44:47] 最近10个episodes平均:    39.56
[17:44:47] 各Agent奖励:
[17:44:47]   wind      :   32.288
[17:44:47]   solar     :   29.270
[17:44:47]   diesel    :   13.923
[17:44:47]   battery   :   28.176
[17:44:47]   customer  :  -25.071
[17:44:47] Buffer大小:  1560
[17:44:47] 噪声水平: 0.0937
[17:44:47] 
动作统计:
[17:44:47]   wind      : mean= 0.973, std= 0.045, min= 0.830, max= 1.000
[17:44:47]   solar     : mean= 0.942, std= 0.080, min= 0.646, max= 1.000
[17:44:47]   diesel    : mean= 0.976, std= 0.037, min= 0.870, max= 1.000
[17:44:47]   battery   : mean= 0.784, std= 0.203, min= 0.318, max= 1.000
[17:44:47]   customer  : mean= 0.813, std= 0.177, min= 0.430, max= 1.000
[17:44:47] 
📊 生成可视化图表...
[17:44:47]   ✓ 训练曲线: debug_plots/training_ep0060.png
[17:44:47]   ✓ Agent分析: debug_plots/agents_ep0060.png
[17:44:47] 
======================================================================
[17:44:47] Episode 61/200
[17:44:47] ======================================================================
[17:44:47] 总奖励:    55.08 | 步数: 24
[17:44:47] 最近10个episodes平均:    44.30
[17:44:47] 各Agent奖励:
[17:44:47]   wind      :   22.479
[17:44:47]   solar     :   16.826
[17:44:47]   diesel    :   10.566
[17:44:47]   battery   :   28.536
[17:44:47]   customer  :  -23.323
[17:44:47] Buffer大小:  1584
[17:44:47] 噪声水平: 0.0936
[17:44:47] 
动作统计:
[17:44:47]   wind      : mean= 0.957, std= 0.046, min= 0.854, max= 1.000
[17:44:47]   solar     : mean= 0.947, std= 0.065, min= 0.744, max= 1.000
[17:44:47]   diesel    : mean= 0.960, std= 0.065, min= 0.710, max= 1.000
[17:44:47]   battery   : mean= 0.793, std= 0.185, min= 0.287, max= 1.000
[17:44:47]   customer  : mean= 0.847, std= 0.150, min= 0.530, max= 1.000
[17:44:47] 
======================================================================
[17:44:47] Episode 62/200
[17:44:47] ======================================================================
[17:44:47] 总奖励:    71.95 | 步数: 24
[17:44:47] 最近10个episodes平均:    51.46
[17:44:47] 各Agent奖励:
[17:44:47]   wind      :   36.937
[17:44:47]   solar     :    5.791
[17:44:47]   diesel    :   22.955
[17:44:47]   battery   :   31.319
[17:44:47]   customer  :  -25.049
[17:44:47] Buffer大小:  1608
[17:44:47] 噪声水平: 0.0935
[17:44:47] 
动作统计:
[17:44:47]   wind      : mean= 0.973, std= 0.043, min= 0.813, max= 1.000
[17:44:47]   solar     : mean= 0.962, std= 0.060, min= 0.748, max= 1.000
[17:44:47]   diesel    : mean= 0.966, std= 0.049, min= 0.813, max= 1.000
[17:44:47]   battery   : mean= 0.796, std= 0.183, min= 0.267, max= 1.000
[17:44:47]   customer  : mean= 0.816, std= 0.212, min= 0.343, max= 1.000
[17:44:48] 
======================================================================
[17:44:48] Episode 63/200
[17:44:48] ======================================================================
[17:44:48] 总奖励:    41.52 | 步数: 24
[17:44:48] 最近10个episodes平均:    54.10
[17:44:48] 各Agent奖励:
[17:44:48]   wind      :   14.401
[17:44:48]   solar     :    3.743
[17:44:48]   diesel    :   14.940
[17:44:48]   battery   :   31.684
[17:44:48]   customer  :  -23.246
[17:44:48] Buffer大小:  1632
[17:44:48] 噪声水平: 0.0934
[17:44:48] 
动作统计:
[17:44:48]   wind      : mean= 0.963, std= 0.055, min= 0.824, max= 1.000
[17:44:48]   solar     : mean= 0.950, std= 0.071, min= 0.746, max= 1.000
[17:44:48]   diesel    : mean= 0.954, std= 0.060, min= 0.776, max= 1.000
[17:44:48]   battery   : mean= 0.826, std= 0.167, min= 0.310, max= 1.000
[17:44:48]   customer  : mean= 0.864, std= 0.140, min= 0.525, max= 1.000
[17:44:48] 
======================================================================
[17:44:48] Episode 64/200
[17:44:48] ======================================================================
[17:44:48] 总奖励:    37.35 | 步数: 24
[17:44:48] 最近10个episodes平均:    52.49
[17:44:48] 各Agent奖励:
[17:44:48]   wind      :   17.153
[17:44:48]   solar     :    2.807
[17:44:48]   diesel    :    7.134
[17:44:48]   battery   :   32.712
[17:44:48]   customer  :  -22.455
[17:44:48] Buffer大小:  1656
[17:44:48] 噪声水平: 0.0933
[17:44:48] 
动作统计:
[17:44:48]   wind      : mean= 0.964, std= 0.056, min= 0.792, max= 1.000
[17:44:48]   solar     : mean= 0.971, std= 0.050, min= 0.779, max= 1.000
[17:44:48]   diesel    : mean= 0.979, std= 0.039, min= 0.832, max= 1.000
[17:44:48]   battery   : mean= 0.844, std= 0.156, min= 0.393, max= 1.000
[17:44:48]   customer  : mean= 0.871, std= 0.161, min= 0.517, max= 1.000
[17:44:48] 
======================================================================
[17:44:48] Episode 65/200
[17:44:48] ======================================================================
[17:44:48] 总奖励:    35.85 | 步数: 24
[17:44:48] 最近10个episodes平均:    51.46
[17:44:48] 各Agent奖励:
[17:44:48]   wind      :    8.392
[17:44:48]   solar     :    5.304
[17:44:48]   diesel    :   13.262
[17:44:48]   battery   :   32.061
[17:44:48]   customer  :  -23.163
[17:44:48] Buffer大小:  1680
[17:44:48] 噪声水平: 0.0932
[17:44:48] 
动作统计:
[17:44:48]   wind      : mean= 0.956, std= 0.067, min= 0.755, max= 1.000
[17:44:48]   solar     : mean= 0.960, std= 0.053, min= 0.830, max= 1.000
[17:44:48]   diesel    : mean= 0.966, std= 0.048, min= 0.819, max= 1.000
[17:44:48]   battery   : mean= 0.842, std= 0.174, min= 0.231, max= 1.000
[17:44:48]   customer  : mean= 0.896, std= 0.094, min= 0.659, max= 1.000
[17:44:48] 
======================================================================
[17:44:48] Episode 66/200
[17:44:48] ======================================================================
[17:44:48] 总奖励:    40.28 | 步数: 24
[17:44:48] 最近10个episodes平均:    52.94
[17:44:48] 各Agent奖励:
[17:44:48]   wind      :   25.668
[17:44:48]   solar     :    0.000
[17:44:48]   diesel    :    5.597
[17:44:48]   battery   :   32.062
[17:44:48]   customer  :  -23.044
[17:44:48] Buffer大小:  1704
[17:44:48] 噪声水平: 0.0931
[17:44:48] 
动作统计:
[17:44:48]   wind      : mean= 0.955, std= 0.059, min= 0.787, max= 1.000
[17:44:48]   solar     : mean= 0.961, std= 0.050, min= 0.817, max= 1.000
[17:44:48]   diesel    : mean= 0.965, std= 0.051, min= 0.782, max= 1.000
[17:44:48]   battery   : mean= 0.849, std= 0.150, min= 0.497, max= 1.000
[17:44:48]   customer  : mean= 0.889, std= 0.106, min= 0.675, max= 1.000
[17:44:48] 
======================================================================
[17:44:48] Episode 67/200
[17:44:48] ======================================================================
[17:44:48] 总奖励:    35.04 | 步数: 24
[17:44:48] 最近10个episodes平均:    52.55
[17:44:48] 各Agent奖励:
[17:44:48]   wind      :    6.951
[17:44:48]   solar     :    9.129
[17:44:48]   diesel    :    5.359
[17:44:48]   battery   :   36.349
[17:44:48]   customer  :  -22.751
[17:44:48] Buffer大小:  1728
[17:44:48] 噪声水平: 0.0930
[17:44:48] 
动作统计:
[17:44:48]   wind      : mean= 0.968, std= 0.048, min= 0.827, max= 1.000
[17:44:48]   solar     : mean= 0.957, std= 0.068, min= 0.751, max= 1.000
[17:44:48]   diesel    : mean= 0.968, std= 0.056, min= 0.771, max= 1.000
[17:44:48]   battery   : mean= 0.848, std= 0.148, min= 0.364, max= 1.000
[17:44:48]   customer  : mean= 0.914, std= 0.082, min= 0.665, max= 1.000
[17:44:48] 
======================================================================
[17:44:48] Episode 68/200
[17:44:48] ======================================================================
[17:44:48] 总奖励:    31.17 | 步数: 24
[17:44:48] 最近10个episodes平均:    49.05
[17:44:48] 各Agent奖励:
[17:44:48]   wind      :   10.247
[17:44:48]   solar     :    4.968
[17:44:48]   diesel    :    5.112
[17:44:48]   battery   :   34.003
[17:44:48]   customer  :  -23.160
[17:44:48] Buffer大小:  1752
[17:44:48] 噪声水平: 0.0930
[17:44:48] 
动作统计:
[17:44:48]   wind      : mean= 0.972, std= 0.048, min= 0.795, max= 1.000
[17:44:48]   solar     : mean= 0.942, std= 0.075, min= 0.739, max= 1.000
[17:44:48]   diesel    : mean= 0.949, std= 0.066, min= 0.778, max= 1.000
[17:44:48]   battery   : mean= 0.851, std= 0.146, min= 0.464, max= 1.000
[17:44:48]   customer  : mean= 0.905, std= 0.084, min= 0.734, max= 1.000
[17:44:49] 
======================================================================
[17:44:49] Episode 69/200
[17:44:49] ======================================================================
[17:44:49] 总奖励:    29.04 | 步数: 24
[17:44:49] 最近10个episodes平均:    45.59
[17:44:49] 各Agent奖励:
[17:44:49]   wind      :    6.563
[17:44:49]   solar     :    0.000
[17:44:49]   diesel    :    9.120
[17:44:49]   battery   :   35.883
[17:44:49]   customer  :  -22.523
[17:44:49] Buffer大小:  1776
[17:44:49] 噪声水平: 0.0929
[17:44:49] 
动作统计:
[17:44:49]   wind      : mean= 0.972, std= 0.041, min= 0.882, max= 1.000
[17:44:49]   solar     : mean= 0.955, std= 0.051, min= 0.833, max= 1.000
[17:44:49]   diesel    : mean= 0.965, std= 0.046, min= 0.822, max= 1.000
[17:44:49]   battery   : mean= 0.874, std= 0.126, min= 0.326, max= 1.000
[17:44:49]   customer  : mean= 0.911, std= 0.094, min= 0.689, max= 1.000
[17:44:49] 
======================================================================
[17:44:49] Episode 70/200
[17:44:49] ======================================================================
[17:44:49] 总奖励:    10.90 | 步数: 24
[17:44:49] 最近10个episodes平均:    38.82
[17:44:49] 各Agent奖励:
[17:44:49]   wind      :    0.000
[17:44:49]   solar     :    0.000
[17:44:49]   diesel    :    0.652
[17:44:49]   battery   :   31.816
[17:44:49]   customer  :  -21.572
[17:44:49] Buffer大小:  1800
[17:44:49] 噪声水平: 0.0928
[17:44:49] 
动作统计:
[17:44:49]   wind      : mean= 0.965, std= 0.050, min= 0.859, max= 1.000
[17:44:49]   solar     : mean= 0.969, std= 0.041, min= 0.865, max= 1.000
[17:44:49]   diesel    : mean= 0.971, std= 0.050, min= 0.779, max= 1.000
[17:44:49]   battery   : mean= 0.871, std= 0.127, min= 0.325, max= 1.000
[17:44:49]   customer  : mean= 0.946, std= 0.050, min= 0.871, max= 1.000
[17:44:49] 
📊 生成可视化图表...
[17:44:49]   ✓ 训练曲线: debug_plots/training_ep0070.png
[17:44:49]   ✓ Agent分析: debug_plots/agents_ep0070.png
[17:44:49] 
======================================================================
[17:44:49] Episode 71/200
[17:44:49] ======================================================================
[17:44:49] 总奖励:    20.46 | 步数: 24
[17:44:49] 最近10个episodes平均:    35.36
[17:44:49] 各Agent奖励:
[17:44:49]   wind      :    4.057
[17:44:49]   solar     :    0.000
[17:44:49]   diesel    :    2.791
[17:44:49]   battery   :   35.811
[17:44:49]   customer  :  -22.200
[17:44:49] Buffer大小:  1824
[17:44:49] 噪声水平: 0.0927
[17:44:49] 
动作统计:
[17:44:49]   wind      : mean= 0.947, std= 0.067, min= 0.758, max= 1.000
[17:44:49]   solar     : mean= 0.960, std= 0.050, min= 0.834, max= 1.000
[17:44:49]   diesel    : mean= 0.966, std= 0.053, min= 0.823, max= 1.000
[17:44:49]   battery   : mean= 0.885, std= 0.131, min= 0.305, max= 1.000
[17:44:49]   customer  : mean= 0.922, std= 0.103, min= 0.634, max= 1.000
[17:44:50] 
======================================================================
[17:44:50] Episode 72/200
[17:44:50] ======================================================================
[17:44:50] 总奖励:     4.43 | 步数: 24
[17:44:50] 最近10个episodes平均:    28.60
[17:44:50] 各Agent奖励:
[17:44:50]   wind      :    5.692
[17:44:50]   solar     :    0.000
[17:44:50]   diesel    :    0.000
[17:44:50]   battery   :   19.601
[17:44:50]   customer  :  -20.866
[17:44:50] Buffer大小:  1848
[17:44:50] 噪声水平: 0.0926
[17:44:50] 
动作统计:
[17:44:50]   wind      : mean= 0.969, std= 0.048, min= 0.834, max= 1.000
[17:44:50]   solar     : mean= 0.961, std= 0.057, min= 0.796, max= 1.000
[17:44:50]   diesel    : mean= 0.963, std= 0.051, min= 0.736, max= 1.000
[17:44:50]   battery   : mean= 0.890, std= 0.124, min= 0.386, max= 1.000
[17:44:50]   customer  : mean= 0.962, std= 0.051, min= 0.857, max= 1.000
[17:44:50] 
======================================================================
[17:44:50] Episode 73/200
[17:44:50] ======================================================================
[17:44:50] 总奖励:     6.29 | 步数: 24
[17:44:50] 最近10个episodes平均:    25.08
[17:44:50] 各Agent奖励:
[17:44:50]   wind      :    7.013
[17:44:50]   solar     :    1.671
[17:44:50]   diesel    :    0.000
[17:44:50]   battery   :   18.221
[17:44:50]   customer  :  -20.611
[17:44:50] Buffer大小:  1872
[17:44:50] 噪声水平: 0.0925
[17:44:50] 
动作统计:
[17:44:50]   wind      : mean= 0.959, std= 0.060, min= 0.811, max= 1.000
[17:44:50]   solar     : mean= 0.949, std= 0.067, min= 0.757, max= 1.000
[17:44:50]   diesel    : mean= 0.971, std= 0.048, min= 0.802, max= 1.000
[17:44:50]   battery   : mean= 0.898, std= 0.122, min= 0.367, max= 1.000
[17:44:50]   customer  : mean= 0.957, std= 0.056, min= 0.803, max= 1.000
[17:44:50] 
======================================================================
[17:44:50] Episode 74/200
[17:44:50] ======================================================================
[17:44:50] 总奖励:    23.57 | 步数: 24
[17:44:50] 最近10个episodes平均:    23.70
[17:44:50] 各Agent奖励:
[17:44:50]   wind      :    4.842
[17:44:50]   solar     :    3.054
[17:44:50]   diesel    :    1.573
[17:44:50]   battery   :   36.510
[17:44:50]   customer  :  -22.408
[17:44:50] Buffer大小:  1896
[17:44:50] 噪声水平: 0.0924
[17:44:50] 
动作统计:
[17:44:50]   wind      : mean= 0.978, std= 0.049, min= 0.774, max= 1.000
[17:44:50]   solar     : mean= 0.969, std= 0.041, min= 0.860, max= 1.000
[17:44:50]   diesel    : mean= 0.960, std= 0.061, min= 0.782, max= 1.000
[17:44:50]   battery   : mean= 0.891, std= 0.119, min= 0.456, max= 1.000
[17:44:50]   customer  : mean= 0.933, std= 0.053, min= 0.838, max= 1.000
[17:44:50] 
======================================================================
[17:44:50] Episode 75/200
[17:44:50] ======================================================================
[17:44:50] 总奖励:    12.11 | 步数: 24
[17:44:50] 最近10个episodes平均:    21.33
[17:44:50] 各Agent奖励:
[17:44:50]   wind      :    2.696
[17:44:50]   solar     :    0.000
[17:44:50]   diesel    :    0.000
[17:44:50]   battery   :   31.189
[17:44:50]   customer  :  -21.776
[17:44:50] Buffer大小:  1920
[17:44:50] 噪声水平: 0.0923
[17:44:50] 
动作统计:
[17:44:50]   wind      : mean= 0.939, std= 0.077, min= 0.739, max= 1.000
[17:44:50]   solar     : mean= 0.961, std= 0.047, min= 0.855, max= 1.000
[17:44:50]   diesel    : mean= 0.953, std= 0.055, min= 0.828, max= 1.000
[17:44:50]   battery   : mean= 0.876, std= 0.121, min= 0.391, max= 1.000
[17:44:50]   customer  : mean= 0.944, std= 0.058, min= 0.821, max= 1.000
[17:44:50] 
======================================================================
[17:44:50] Episode 76/200
[17:44:50] ======================================================================
[17:44:50] 总奖励:    10.96 | 步数: 24
[17:44:50] 最近10个episodes平均:    18.40
[17:44:50] 各Agent奖励:
[17:44:50]   wind      :    0.000
[17:44:50]   solar     :    2.575
[17:44:50]   diesel    :    0.563
[17:44:50]   battery   :   28.934
[17:44:50]   customer  :  -21.108
[17:44:50] Buffer大小:  1944
[17:44:50] 噪声水平: 0.0922
[17:44:50] 
动作统计:
[17:44:50]   wind      : mean= 0.950, std= 0.063, min= 0.809, max= 1.000
[17:44:50]   solar     : mean= 0.960, std= 0.057, min= 0.806, max= 1.000
[17:44:50]   diesel    : mean= 0.935, std= 0.065, min= 0.819, max= 1.000
[17:44:50]   battery   : mean= 0.880, std= 0.118, min= 0.470, max= 1.000
[17:44:50]   customer  : mean= 0.947, std= 0.056, min= 0.829, max= 1.000
[17:44:50] 
======================================================================
[17:44:50] Episode 77/200
[17:44:50] ======================================================================
[17:44:50] 总奖励:    17.14 | 步数: 24
[17:44:50] 最近10个episodes平均:    16.61
[17:44:50] 各Agent奖励:
[17:44:50]   wind      :    0.000
[17:44:50]   solar     :    0.075
[17:44:50]   diesel    :   15.448
[17:44:50]   battery   :   23.672
[17:44:50]   customer  :  -22.060
[17:44:50] Buffer大小:  1968
[17:44:50] 噪声水平: 0.0921
[17:44:50] 
动作统计:
[17:44:50]   wind      : mean= 0.978, std= 0.031, min= 0.900, max= 1.000
[17:44:50]   solar     : mean= 0.963, std= 0.045, min= 0.855, max= 1.000
[17:44:50]   diesel    : mean= 0.939, std= 0.071, min= 0.766, max= 1.000
[17:44:50]   battery   : mean= 0.864, std= 0.137, min= 0.361, max= 1.000
[17:44:50]   customer  : mean= 0.940, std= 0.059, min= 0.782, max= 1.000
[17:44:50] 
======================================================================
[17:44:50] Episode 78/200
[17:44:50] ======================================================================
[17:44:50] 总奖励:     3.94 | 步数: 24
[17:44:50] 最近10个episodes平均:    13.88
[17:44:50] 各Agent奖励:
[17:44:50]   wind      :    2.219
[17:44:50]   solar     :    0.000
[17:44:50]   diesel    :   10.928
[17:44:50]   battery   :   12.554
[17:44:50]   customer  :  -21.760
[17:44:50] Buffer大小:  1992
[17:44:50] 噪声水平: 0.0920
[17:44:50] 
动作统计:
[17:44:50]   wind      : mean= 0.947, std= 0.069, min= 0.785, max= 1.000
[17:44:50]   solar     : mean= 0.961, std= 0.051, min= 0.840, max= 1.000
[17:44:50]   diesel    : mean= 0.901, std= 0.090, min= 0.688, max= 1.000
[17:44:50]   battery   : mean= 0.865, std= 0.144, min= 0.276, max= 1.000
[17:44:50]   customer  : mean= 0.960, std= 0.045, min= 0.863, max= 1.000
[17:44:51] 
======================================================================
[17:44:51] Episode 79/200
[17:44:51] ======================================================================
[17:44:51] 总奖励:    -1.94 | 步数: 24
[17:44:51] 最近10个episodes平均:    10.79
[17:44:51] 各Agent奖励:
[17:44:51]   wind      :    0.000
[17:44:51]   solar     :    0.000
[17:44:51]   diesel    :   10.915
[17:44:51]   battery   :    7.278
[17:44:51]   customer  :  -20.137
[17:44:51] Buffer大小:  2016
[17:44:51] 噪声水平: 0.0919
[17:44:51] 
动作统计:
[17:44:51]   wind      : mean= 0.942, std= 0.065, min= 0.788, max= 1.000
[17:44:51]   solar     : mean= 0.964, std= 0.049, min= 0.838, max= 1.000
[17:44:51]   diesel    : mean= 0.871, std= 0.123, min= 0.659, max= 1.000
[17:44:51]   battery   : mean= 0.861, std= 0.132, min= 0.405, max= 1.000
[17:44:51]   customer  : mean= 0.965, std= 0.047, min= 0.828, max= 1.000
[17:44:51] 
======================================================================
[17:44:51] Episode 80/200
[17:44:51] ======================================================================
[17:44:51] 总奖励:    -1.01 | 步数: 24
[17:44:51] 最近10个episodes平均:     9.59
[17:44:51] 各Agent奖励:
[17:44:51]   wind      :    0.000
[17:44:51]   solar     :    0.000
[17:44:51]   diesel    :   15.369
[17:44:51]   battery   :    4.064
[17:44:51]   customer  :  -20.441
[17:44:51] Buffer大小:  2040
[17:44:51] 噪声水平: 0.0918
[17:44:51] 
动作统计:
[17:44:51]   wind      : mean= 0.951, std= 0.057, min= 0.816, max= 1.000
[17:44:51]   solar     : mean= 0.953, std= 0.047, min= 0.835, max= 1.000
[17:44:51]   diesel    : mean= 0.817, std= 0.155, min= 0.471, max= 1.000
[17:44:51]   battery   : mean= 0.853, std= 0.136, min= 0.405, max= 1.000
[17:44:51]   customer  : mean= 0.966, std= 0.046, min= 0.848, max= 1.000
[17:44:51] 
📊 生成可视化图表...
[17:44:51]   ✓ 训练曲线: debug_plots/training_ep0080.png
[17:44:51]   ✓ Agent分析: debug_plots/agents_ep0080.png
[17:44:51] 
======================================================================
[17:44:51] Episode 81/200
[17:44:51] ======================================================================
[17:44:51] 总奖励:     2.28 | 步数: 24
[17:44:51] 最近10个episodes平均:     7.78
[17:44:51] 各Agent奖励:
[17:44:51]   wind      :    0.000
[17:44:51]   solar     :    0.000
[17:44:51]   diesel    :   20.461
[17:44:51]   battery   :    2.330
[17:44:51]   customer  :  -20.515
[17:44:51] Buffer大小:  2064
[17:44:51] 噪声水平: 0.0918
[17:44:51] 
动作统计:
[17:44:51]   wind      : mean= 0.959, std= 0.050, min= 0.850, max= 1.000
[17:44:51]   solar     : mean= 0.978, std= 0.039, min= 0.822, max= 1.000
[17:44:51]   diesel    : mean= 0.802, std= 0.188, min= 0.402, max= 1.000
[17:44:51]   battery   : mean= 0.857, std= 0.148, min= 0.314, max= 1.000
[17:44:51]   customer  : mean= 0.963, std= 0.055, min= 0.778, max= 1.000
[17:44:52] 
======================================================================
[17:44:52] Episode 82/200
[17:44:52] ======================================================================
[17:44:52] 总奖励:    17.08 | 步数: 24
[17:44:52] 最近10个episodes平均:     9.04
[17:44:52] 各Agent奖励:
[17:44:52]   wind      :    0.000
[17:44:52]   solar     :    0.000
[17:44:52]   diesel    :   35.891
[17:44:52]   battery   :    3.177
[17:44:52]   customer  :  -21.988
[17:44:52] Buffer大小:  2088
[17:44:52] 噪声水平: 0.0917
[17:44:52] 
动作统计:
[17:44:52]   wind      : mean= 0.972, std= 0.047, min= 0.842, max= 1.000
[17:44:52]   solar     : mean= 0.937, std= 0.064, min= 0.762, max= 1.000
[17:44:52]   diesel    : mean= 0.792, std= 0.203, min= 0.409, max= 1.000
[17:44:52]   battery   : mean= 0.844, std= 0.159, min= 0.407, max= 1.000
[17:44:52]   customer  : mean= 0.926, std= 0.084, min= 0.700, max= 1.000
[17:44:52] 
======================================================================
[17:44:52] Episode 83/200
[17:44:52] ======================================================================
[17:44:52] 总奖励:   -11.36 | 步数: 24
[17:44:52] 最近10个episodes平均:     7.28
[17:44:52] 各Agent奖励:
[17:44:52]   wind      :    0.000
[17:44:52]   solar     :    0.000
[17:44:52]   diesel    :    8.173
[17:44:52]   battery   :    0.296
[17:44:52]   customer  :  -19.831
[17:44:52] Buffer大小:  2112
[17:44:52] 噪声水平: 0.0916
[17:44:52] 
动作统计:
[17:44:52]   wind      : mean= 0.949, std= 0.056, min= 0.802, max= 1.000
[17:44:52]   solar     : mean= 0.947, std= 0.054, min= 0.828, max= 1.000
[17:44:52]   diesel    : mean= 0.712, std= 0.257, min= 0.215, max= 1.000
[17:44:52]   battery   : mean= 0.858, std= 0.153, min= 0.245, max= 1.000
[17:44:52]   customer  : mean= 0.970, std= 0.052, min= 0.795, max= 1.000
[17:44:52] 
======================================================================
[17:44:52] Episode 84/200
[17:44:52] ======================================================================
[17:44:52] 总奖励:    -6.84 | 步数: 24
[17:44:52] 最近10个episodes平均:     4.24
[17:44:52] 各Agent奖励:
[17:44:52]   wind      :    0.000
[17:44:52]   solar     :    0.000
[17:44:52]   diesel    :   12.847
[17:44:52]   battery   :    0.358
[17:44:52]   customer  :  -20.046
[17:44:52] Buffer大小:  2136
[17:44:52] 噪声水平: 0.0915
[17:44:52] 
动作统计:
[17:44:52]   wind      : mean= 0.941, std= 0.070, min= 0.716, max= 1.000
[17:44:52]   solar     : mean= 0.964, std= 0.057, min= 0.811, max= 1.000
[17:44:52]   diesel    : mean= 0.709, std= 0.273, min= 0.257, max= 1.000
[17:44:52]   battery   : mean= 0.850, std= 0.149, min= 0.330, max= 1.000
[17:44:52]   customer  : mean= 0.964, std= 0.038, min= 0.883, max= 1.000
[17:44:52] 
======================================================================
[17:44:52] Episode 85/200
[17:44:52] ======================================================================
[17:44:52] 总奖励:    -5.99 | 步数: 24
[17:44:52] 最近10个episodes平均:     2.43
[17:44:52] 各Agent奖励:
[17:44:52]   wind      :    0.000
[17:44:52]   solar     :    0.000
[17:44:52]   diesel    :   12.844
[17:44:52]   battery   :    0.799
[17:44:52]   customer  :  -19.631
[17:44:52] Buffer大小:  2160
[17:44:52] 噪声水平: 0.0914
[17:44:52] 
动作统计:
[17:44:52]   wind      : mean= 0.980, std= 0.032, min= 0.895, max= 1.000
[17:44:52]   solar     : mean= 0.950, std= 0.078, min= 0.712, max= 1.000
[17:44:52]   diesel    : mean= 0.676, std= 0.304, min= 0.032, max= 1.000
[17:44:52]   battery   : mean= 0.831, std= 0.183, min= 0.164, max= 1.000
[17:44:52]   customer  : mean= 0.948, std= 0.059, min= 0.808, max= 1.000
[17:44:52] 
======================================================================
[17:44:52] Episode 86/200
[17:44:52] ======================================================================
[17:44:52] 总奖励:   -12.43 | 步数: 24
[17:44:52] 最近10个episodes平均:     0.09
[17:44:52] 各Agent奖励:
[17:44:52]   wind      :    0.000
[17:44:52]   solar     :    0.000
[17:44:52]   diesel    :    7.318
[17:44:52]   battery   :    0.000
[17:44:52]   customer  :  -19.753
[17:44:52] Buffer大小:  2184
[17:44:52] 噪声水平: 0.0913
[17:44:52] 
动作统计:
[17:44:52]   wind      : mean= 0.979, std= 0.033, min= 0.895, max= 1.000
[17:44:52]   solar     : mean= 0.949, std= 0.057, min= 0.836, max= 1.000
[17:44:52]   diesel    : mean= 0.635, std= 0.334, min= 0.104, max= 1.000
[17:44:52]   battery   : mean= 0.825, std= 0.155, min= 0.422, max= 1.000
[17:44:52]   customer  : mean= 0.973, std= 0.040, min= 0.851, max= 1.000
[17:44:52] 
======================================================================
[17:44:52] Episode 87/200
[17:44:52] ======================================================================
[17:44:52] 总奖励:   -11.47 | 步数: 24
[17:44:52] 最近10个episodes平均:    -2.77
[17:44:52] 各Agent奖励:
[17:44:52]   wind      :    0.000
[17:44:52]   solar     :    0.000
[17:44:52]   diesel    :    8.536
[17:44:52]   battery   :    0.000
[17:44:52]   customer  :  -20.005
[17:44:52] Buffer大小:  2208
[17:44:52] 噪声水平: 0.0912
[17:44:52] 
动作统计:
[17:44:52]   wind      : mean= 0.958, std= 0.063, min= 0.767, max= 1.000
[17:44:52]   solar     : mean= 0.945, std= 0.075, min= 0.676, max= 1.000
[17:44:52]   diesel    : mean= 0.628, std= 0.355, min=-0.029, max= 1.000
[17:44:52]   battery   : mean= 0.849, std= 0.159, min= 0.296, max= 1.000
[17:44:52]   customer  : mean= 0.975, std= 0.037, min= 0.865, max= 1.000
[17:44:53] 
======================================================================
[17:44:53] Episode 88/200
[17:44:53] ======================================================================
[17:44:53] 总奖励:   -14.76 | 步数: 24
[17:44:53] 最近10个episodes平均:    -4.64
[17:44:53] 各Agent奖励:
[17:44:53]   wind      :    0.000
[17:44:53]   solar     :    0.000
[17:44:53]   diesel    :    3.950
[17:44:53]   battery   :    0.642
[17:44:53]   customer  :  -19.348
[17:44:53] Buffer大小:  2232
[17:44:53] 噪声水平: 0.0911
[17:44:53] 
动作统计:
[17:44:53]   wind      : mean= 0.958, std= 0.051, min= 0.797, max= 1.000
[17:44:53]   solar     : mean= 0.945, std= 0.060, min= 0.779, max= 1.000
[17:44:53]   diesel    : mean= 0.582, std= 0.383, min=-0.111, max= 1.000
[17:44:53]   battery   : mean= 0.841, std= 0.156, min= 0.327, max= 1.000
[17:44:53]   customer  : mean= 0.977, std= 0.035, min= 0.868, max= 1.000
[17:44:53] 
======================================================================
[17:44:53] Episode 89/200
[17:44:53] ======================================================================
[17:44:53] 总奖励:   -10.32 | 步数: 24
[17:44:53] 最近10个episodes平均:    -5.48
[17:44:53] 各Agent奖励:
[17:44:53]   wind      :    0.000
[17:44:53]   solar     :    0.000
[17:44:53]   diesel    :    8.307
[17:44:53]   battery   :    0.634
[17:44:53]   customer  :  -19.264
[17:44:53] Buffer大小:  2256
[17:44:53] 噪声水平: 0.0910
[17:44:53] 
动作统计:
[17:44:53]   wind      : mean= 0.957, std= 0.052, min= 0.851, max= 1.000
[17:44:53]   solar     : mean= 0.943, std= 0.062, min= 0.783, max= 1.000
[17:44:53]   diesel    : mean= 0.622, std= 0.368, min=-0.153, max= 1.000
[17:44:53]   battery   : mean= 0.822, std= 0.172, min= 0.321, max= 1.000
[17:44:53]   customer  : mean= 0.956, std= 0.064, min= 0.804, max= 1.000
[17:44:53] 
======================================================================
[17:44:53] Episode 90/200
[17:44:53] ======================================================================
[17:44:53] 总奖励:   -14.14 | 步数: 24
[17:44:53] 最近10个episodes平均:    -6.80
[17:44:53] 各Agent奖励:
[17:44:53]   wind      :    0.000
[17:44:53]   solar     :    0.000
[17:44:53]   diesel    :    4.545
[17:44:53]   battery   :    0.650
[17:44:53]   customer  :  -19.338
[17:44:53] Buffer大小:  2280
[17:44:53] 噪声水平: 0.0909
[17:44:53] 
动作统计:
[17:44:53]   wind      : mean= 0.950, std= 0.063, min= 0.794, max= 1.000
[17:44:53]   solar     : mean= 0.952, std= 0.057, min= 0.787, max= 1.000
[17:44:53]   diesel    : mean= 0.577, std= 0.402, min=-0.089, max= 1.000
[17:44:53]   battery   : mean= 0.822, std= 0.163, min= 0.351, max= 1.000
[17:44:53]   customer  : mean= 0.972, std= 0.041, min= 0.860, max= 1.000
[17:44:53] 
📊 生成可视化图表...
[17:44:53]   ✓ 训练曲线: debug_plots/training_ep0090.png
[17:44:53]   ✓ Agent分析: debug_plots/agents_ep0090.png
[17:44:54] 
======================================================================
[17:44:54] Episode 91/200
[17:44:54] ======================================================================
[17:44:54] 总奖励:   -10.26 | 步数: 24
[17:44:54] 最近10个episodes平均:    -8.05
[17:44:54] 各Agent奖励:
[17:44:54]   wind      :    0.000
[17:44:54]   solar     :    0.000
[17:44:54]   diesel    :    8.023
[17:44:54]   battery   :    0.348
[17:44:54]   customer  :  -18.628
[17:44:54] Buffer大小:  2304
[17:44:54] 噪声水平: 0.0908
[17:44:54] 
动作统计:
[17:44:54]   wind      : mean= 0.955, std= 0.050, min= 0.819, max= 1.000
[17:44:54]   solar     : mean= 0.951, std= 0.089, min= 0.663, max= 1.000
[17:44:54]   diesel    : mean= 0.597, std= 0.396, min=-0.150, max= 1.000
[17:44:54]   battery   : mean= 0.840, std= 0.158, min= 0.316, max= 1.000
[17:44:54]   customer  : mean= 0.964, std= 0.044, min= 0.852, max= 1.000
[17:44:54] 
======================================================================
[17:44:54] Episode 92/200
[17:44:54] ======================================================================
[17:44:54] 总奖励:   -12.76 | 步数: 24
[17:44:54] 最近10个episodes平均:   -11.03
[17:44:54] 各Agent奖励:
[17:44:54]   wind      :    0.000
[17:44:54]   solar     :    0.000
[17:44:54]   diesel    :    5.834
[17:44:54]   battery   :    0.624
[17:44:54]   customer  :  -19.214
[17:44:54] Buffer大小:  2328
[17:44:54] 噪声水平: 0.0908
[17:44:54] 
动作统计:
[17:44:54]   wind      : mean= 0.946, std= 0.057, min= 0.836, max= 1.000
[17:44:54]   solar     : mean= 0.877, std= 0.134, min= 0.566, max= 1.000
[17:44:54]   diesel    : mean= 0.565, std= 0.405, min=-0.237, max= 1.000
[17:44:54]   battery   : mean= 0.835, std= 0.167, min= 0.262, max= 1.000
[17:44:54]   customer  : mean= 0.971, std= 0.045, min= 0.846, max= 1.000
[17:44:54] 
======================================================================
[17:44:54] Episode 93/200
[17:44:54] ======================================================================
[17:44:54] 总奖励:    -7.09 | 步数: 24
[17:44:54] 最近10个episodes平均:   -10.61
[17:44:54] 各Agent奖励:
[17:44:54]   wind      :    0.000
[17:44:54]   solar     :    0.000
[17:44:54]   diesel    :   12.756
[17:44:54]   battery   :    0.000
[17:44:54]   customer  :  -19.842
[17:44:54] Buffer大小:  2352
[17:44:54] 噪声水平: 0.0907
[17:44:54] 
动作统计:
[17:44:54]   wind      : mean= 0.943, std= 0.065, min= 0.788, max= 1.000
[17:44:54]   solar     : mean= 0.813, std= 0.148, min= 0.426, max= 1.000
[17:44:54]   diesel    : mean= 0.624, std= 0.369, min=-0.085, max= 1.000
[17:44:54]   battery   : mean= 0.824, std= 0.165, min= 0.368, max= 1.000
[17:44:54]   customer  : mean= 0.960, std= 0.048, min= 0.814, max= 1.000
[17:44:54] 
======================================================================
[17:44:54] Episode 94/200
[17:44:54] ======================================================================
[17:44:54] 总奖励:    -4.71 | 步数: 24
[17:44:54] 最近10个episodes平均:   -10.39
[17:44:54] 各Agent奖励:
[17:44:54]   wind      :    0.000
[17:44:54]   solar     :    0.000
[17:44:54]   diesel    :   11.554
[17:44:54]   battery   :    3.143
[17:44:54]   customer  :  -19.411
[17:44:54] Buffer大小:  2376
[17:44:54] 噪声水平: 0.0906
[17:44:54] 
动作统计:
[17:44:54]   wind      : mean= 0.962, std= 0.055, min= 0.843, max= 1.000
[17:44:54]   solar     : mean= 0.807, std= 0.153, min= 0.433, max= 1.000
[17:44:54]   diesel    : mean= 0.624, std= 0.351, min= 0.026, max= 1.000
[17:44:54]   battery   : mean= 0.821, std= 0.171, min= 0.113, max= 1.000
[17:44:54]   customer  : mean= 0.952, std= 0.050, min= 0.837, max= 1.000
[17:44:54] 
======================================================================
[17:44:54] Episode 95/200
[17:44:54] ======================================================================
[17:44:54] 总奖励:   -13.05 | 步数: 24
[17:44:54] 最近10个episodes平均:   -11.10
[17:44:54] 各Agent奖励:
[17:44:54]   wind      :    0.000
[17:44:54]   solar     :    0.000
[17:44:54]   diesel    :    6.166
[17:44:54]   battery   :    0.000
[17:44:54]   customer  :  -19.218
[17:44:54] Buffer大小:  2400
[17:44:54] 噪声水平: 0.0905
[17:44:54] 
动作统计:
[17:44:54]   wind      : mean= 0.962, std= 0.050, min= 0.825, max= 1.000
[17:44:54]   solar     : mean= 0.717, std= 0.211, min= 0.280, max= 1.000
[17:44:54]   diesel    : mean= 0.613, std= 0.359, min=-0.257, max= 1.000
[17:44:54]   battery   : mean= 0.832, std= 0.170, min= 0.349, max= 1.000
[17:44:54]   customer  : mean= 0.967, std= 0.045, min= 0.861, max= 1.000
[17:44:54] 
======================================================================
[17:44:54] Episode 96/200
[17:44:54] ======================================================================
[17:44:54] 总奖励:    -8.79 | 步数: 24
[17:44:54] 最近10个episodes平均:   -10.73
[17:44:54] 各Agent奖励:
[17:44:54]   wind      :    0.000
[17:44:54]   solar     :    0.000
[17:44:54]   diesel    :    9.442
[17:44:54]   battery   :    0.766
[17:44:54]   customer  :  -18.998
[17:44:54] Buffer大小:  2424
[17:44:54] 噪声水平: 0.0904
[17:44:54] 
动作统计:
[17:44:54]   wind      : mean= 0.962, std= 0.050, min= 0.832, max= 1.000
[17:44:54]   solar     : mean= 0.670, std= 0.177, min= 0.343, max= 0.947
[17:44:54]   diesel    : mean= 0.646, std= 0.342, min= 0.004, max= 1.000
[17:44:54]   battery   : mean= 0.833, std= 0.163, min= 0.352, max= 1.000
[17:44:54]   customer  : mean= 0.961, std= 0.056, min= 0.782, max= 1.000
[17:44:54] 
======================================================================
[17:44:54] Episode 97/200
[17:44:54] ======================================================================
[17:44:54] 总奖励:    -7.48 | 步数: 24
[17:44:54] 最近10个episodes平均:   -10.34
[17:44:54] 各Agent奖励:
[17:44:54]   wind      :    0.000
[17:44:54]   solar     :    0.449
[17:44:54]   diesel    :   12.332
[17:44:54]   battery   :    0.000
[17:44:54]   customer  :  -20.263
[17:44:54] Buffer大小:  2448
[17:44:54] 噪声水平: 0.0903
[17:44:54] 
动作统计:
[17:44:54]   wind      : mean= 0.964, std= 0.061, min= 0.753, max= 1.000
[17:44:54]   solar     : mean= 0.593, std= 0.227, min= 0.197, max= 1.000
[17:44:54]   diesel    : mean= 0.670, std= 0.320, min= 0.076, max= 1.000
[17:44:54]   battery   : mean= 0.852, std= 0.163, min= 0.147, max= 1.000
[17:44:54]   customer  : mean= 0.970, std= 0.049, min= 0.809, max= 1.000
[17:44:55] 
======================================================================
[17:44:55] Episode 98/200
[17:44:55] ======================================================================
[17:44:55] 总奖励:    -1.95 | 步数: 24
[17:44:55] 最近10个episodes平均:    -9.06
[17:44:55] 各Agent奖励:
[17:44:55]   wind      :    0.000
[17:44:55]   solar     :    0.000
[17:44:55]   diesel    :   18.205
[17:44:55]   battery   :    0.000
[17:44:55]   customer  :  -20.155
[17:44:55] Buffer大小:  2472
[17:44:55] 噪声水平: 0.0902
[17:44:55] 
动作统计:
[17:44:55]   wind      : mean= 0.962, std= 0.050, min= 0.782, max= 1.000
[17:44:55]   solar     : mean= 0.525, std= 0.216, min= 0.164, max= 0.848
[17:44:55]   diesel    : mean= 0.688, std= 0.304, min= 0.087, max= 1.000
[17:44:55]   battery   : mean= 0.837, std= 0.159, min= 0.309, max= 1.000
[17:44:55]   customer  : mean= 0.954, std= 0.051, min= 0.819, max= 1.000
[17:44:55] 
======================================================================
[17:44:55] Episode 99/200
[17:44:55] ======================================================================
[17:44:55] 总奖励:    -9.66 | 步数: 24
[17:44:55] 最近10个episodes平均:    -8.99
[17:44:55] 各Agent奖励:
[17:44:55]   wind      :    0.000
[17:44:55]   solar     :    0.000
[17:44:55]   diesel    :   10.477
[17:44:55]   battery   :    0.312
[17:44:55]   customer  :  -20.452
[17:44:55] Buffer大小:  2496
[17:44:55] 噪声水平: 0.0901
[17:44:55] 
动作统计:
[17:44:55]   wind      : mean= 0.982, std= 0.036, min= 0.869, max= 1.000
[17:44:55]   solar     : mean= 0.569, std= 0.241, min= 0.084, max= 0.914
[17:44:55]   diesel    : mean= 0.682, std= 0.305, min= 0.040, max= 1.000
[17:44:55]   battery   : mean= 0.818, std= 0.187, min= 0.088, max= 1.000
[17:44:55]   customer  : mean= 0.966, std= 0.044, min= 0.852, max= 1.000
[17:44:55] 
======================================================================
[17:44:55] Episode 100/200
[17:44:55] ======================================================================
[17:44:55] 总奖励:    -4.38 | 步数: 24
[17:44:55] 最近10个episodes平均:    -8.01
[17:44:55] 各Agent奖励:
[17:44:55]   wind      :    0.000
[17:44:55]   solar     :    3.865
[17:44:55]   diesel    :   11.509
[17:44:55]   battery   :    0.138
[17:44:55]   customer  :  -19.895
[17:44:55] Buffer大小:  2520
[17:44:55] 噪声水平: 0.0900
[17:44:55] 
动作统计:
[17:44:55]   wind      : mean= 0.960, std= 0.055, min= 0.783, max= 1.000
[17:44:55]   solar     : mean= 0.481, std= 0.263, min= 0.059, max= 0.945
[17:44:55]   diesel    : mean= 0.683, std= 0.301, min= 0.164, max= 1.000
[17:44:55]   battery   : mean= 0.817, std= 0.187, min= 0.102, max= 1.000
[17:44:55]   customer  : mean= 0.955, std= 0.063, min= 0.761, max= 1.000
[17:44:55] 
📊 生成可视化图表...
[17:44:55]   ✓ 训练曲线: debug_plots/training_ep0100.png
[17:44:55]   ✓ Agent分析: debug_plots/agents_ep0100.png
[17:44:55] 💾 保存检查点: debug_checkpoints/debug_maddpg_20251117_174435_ep0100.pt
[17:44:56] 
======================================================================
[17:44:56] Episode 101/200
[17:44:56] ======================================================================
[17:44:56] 总奖励:     0.03 | 步数: 24
[17:44:56] 最近10个episodes平均:    -6.98
[17:44:56] 各Agent奖励:
[17:44:56]   wind      :    0.000
[17:44:56]   solar     :    0.833
[17:44:56]   diesel    :   13.809
[17:44:56]   battery   :    5.993
[17:44:56]   customer  :  -20.607
[17:44:56] Buffer大小:  2544
[17:44:56] 噪声水平: 0.0899
[17:44:56] 
动作统计:
[17:44:56]   wind      : mean= 0.964, std= 0.052, min= 0.788, max= 1.000
[17:44:56]   solar     : mean= 0.445, std= 0.277, min=-0.088, max= 0.843
[17:44:56]   diesel    : mean= 0.685, std= 0.305, min= 0.158, max= 1.000
[17:44:56]   battery   : mean= 0.829, std= 0.171, min= 0.326, max= 1.000
[17:44:56]   customer  : mean= 0.954, std= 0.060, min= 0.815, max= 1.000
[17:44:56] 
======================================================================
[17:44:56] Episode 102/200
[17:44:56] ======================================================================
[17:44:56] 总奖励:    -2.80 | 步数: 24
[17:44:56] 最近10个episodes平均:    -5.99
[17:44:56] 各Agent奖励:
[17:44:56]   wind      :    0.000
[17:44:56]   solar     :    4.255
[17:44:56]   diesel    :   13.027
[17:44:56]   battery   :    0.422
[17:44:56]   customer  :  -20.504
[17:44:56] Buffer大小:  2568
[17:44:56] 噪声水平: 0.0898
[17:44:56] 
动作统计:
[17:44:56]   wind      : mean= 0.959, std= 0.067, min= 0.777, max= 1.000
[17:44:56]   solar     : mean= 0.405, std= 0.249, min=-0.014, max= 0.867
[17:44:56]   diesel    : mean= 0.696, std= 0.279, min= 0.167, max= 1.000
[17:44:56]   battery   : mean= 0.815, std= 0.183, min= 0.178, max= 1.000
[17:44:56]   customer  : mean= 0.958, std= 0.062, min= 0.798, max= 1.000
[17:44:56] 
======================================================================
[17:44:56] Episode 103/200
[17:44:56] ======================================================================
[17:44:56] 总奖励:     0.80 | 步数: 24
[17:44:56] 最近10个episodes平均:    -5.20
[17:44:56] 各Agent奖励:
[17:44:56]   wind      :    0.000
[17:44:56]   solar     :    5.121
[17:44:56]   diesel    :   14.407
[17:44:56]   battery   :    0.887
[17:44:56]   customer  :  -19.620
[17:44:56] Buffer大小:  2592
[17:44:56] 噪声水平: 0.0898
[17:44:56] 
动作统计:
[17:44:56]   wind      : mean= 0.941, std= 0.063, min= 0.825, max= 1.000
[17:44:56]   solar     : mean= 0.405, std= 0.253, min=-0.098, max= 0.821
[17:44:56]   diesel    : mean= 0.712, std= 0.272, min= 0.056, max= 1.000
[17:44:56]   battery   : mean= 0.822, std= 0.179, min= 0.193, max= 1.000
[17:44:56]   customer  : mean= 0.952, std= 0.055, min= 0.840, max= 1.000
[17:44:56] 
======================================================================
[17:44:56] Episode 104/200
[17:44:56] ======================================================================
[17:44:56] 总奖励:    -3.04 | 步数: 24
[17:44:56] 最近10个episodes平均:    -5.03
[17:44:56] 各Agent奖励:
[17:44:56]   wind      :    0.000
[17:44:56]   solar     :    1.699
[17:44:56]   diesel    :    8.504
[17:44:56]   battery   :    7.738
[17:44:56]   customer  :  -20.975
[17:44:56] Buffer大小:  2616
[17:44:56] 噪声水平: 0.0897
[17:44:56] 
动作统计:
[17:44:56]   wind      : mean= 0.964, std= 0.049, min= 0.827, max= 1.000
[17:44:56]   solar     : mean= 0.387, std= 0.281, min=-0.177, max= 0.789
[17:44:56]   diesel    : mean= 0.696, std= 0.289, min= 0.115, max= 1.000
[17:44:56]   battery   : mean= 0.835, std= 0.158, min= 0.489, max= 1.000
[17:44:56]   customer  : mean= 0.968, std= 0.043, min= 0.832, max= 1.000
[17:44:56] 
======================================================================
[17:44:56] Episode 105/200
[17:44:56] ======================================================================
[17:44:56] 总奖励:    -2.57 | 步数: 24
[17:44:56] 最近10个episodes平均:    -3.99
[17:44:56] 各Agent奖励:
[17:44:56]   wind      :    0.000
[17:44:56]   solar     :    3.682
[17:44:56]   diesel    :    9.579
[17:44:56]   battery   :    4.366
[17:44:56]   customer  :  -20.200
[17:44:56] Buffer大小:  2640
[17:44:56] 噪声水平: 0.0896
[17:44:56] 
动作统计:
[17:44:56]   wind      : mean= 0.971, std= 0.044, min= 0.863, max= 1.000
[17:44:56]   solar     : mean= 0.343, std= 0.225, min=-0.056, max= 0.749
[17:44:56]   diesel    : mean= 0.718, std= 0.261, min= 0.251, max= 1.000
[17:44:56]   battery   : mean= 0.820, std= 0.173, min= 0.223, max= 1.000
[17:44:56]   customer  : mean= 0.950, std= 0.069, min= 0.789, max= 1.000
[17:44:56] 
======================================================================
[17:44:56] Episode 106/200
[17:44:56] ======================================================================
[17:44:56] 总奖励:   -14.44 | 步数: 24
[17:44:56] 最近10个episodes平均:    -4.55
[17:44:56] 各Agent奖励:
[17:44:56]   wind      :    0.000
[17:44:56]   solar     :    0.893
[17:44:56]   diesel    :    4.402
[17:44:56]   battery   :    0.000
[17:44:56]   customer  :  -19.732
[17:44:56] Buffer大小:  2664
[17:44:56] 噪声水平: 0.0895
[17:44:56] 
动作统计:
[17:44:56]   wind      : mean= 0.975, std= 0.039, min= 0.847, max= 1.000
[17:44:56]   solar     : mean= 0.381, std= 0.237, min=-0.043, max= 0.668
[17:44:56]   diesel    : mean= 0.700, std= 0.282, min= 0.202, max= 1.000
[17:44:56]   battery   : mean= 0.802, std= 0.186, min= 0.240, max= 1.000
[17:44:56]   customer  : mean= 0.979, std= 0.036, min= 0.885, max= 1.000
[17:44:57] 
======================================================================
[17:44:57] Episode 107/200
[17:44:57] ======================================================================
[17:44:57] 总奖励:    -7.66 | 步数: 24
[17:44:57] 最近10个episodes平均:    -4.57
[17:44:57] 各Agent奖励:
[17:44:57]   wind      :    0.000
[17:44:57]   solar     :    2.744
[17:44:57]   diesel    :    8.694
[17:44:57]   battery   :    0.205
[17:44:57]   customer  :  -19.302
[17:44:57] Buffer大小:  2688
[17:44:57] 噪声水平: 0.0894
[17:44:57] 
动作统计:
[17:44:57]   wind      : mean= 0.939, std= 0.042, min= 0.852, max= 1.000
[17:44:57]   solar     : mean= 0.361, std= 0.257, min=-0.077, max= 0.743
[17:44:57]   diesel    : mean= 0.724, std= 0.260, min= 0.262, max= 1.000
[17:44:57]   battery   : mean= 0.810, std= 0.181, min= 0.360, max= 1.000
[17:44:57]   customer  : mean= 0.958, std= 0.061, min= 0.776, max= 1.000
[17:44:57] 
======================================================================
[17:44:57] Episode 108/200
[17:44:57] ======================================================================
[17:44:57] 总奖励:     0.17 | 步数: 24
[17:44:57] 最近10个episodes平均:    -4.36
[17:44:57] 各Agent奖励:
[17:44:57]   wind      :    0.000
[17:44:57]   solar     :    5.436
[17:44:57]   diesel    :   13.696
[17:44:57]   battery   :    1.764
[17:44:57]   customer  :  -20.727
[17:44:57] Buffer大小:  2712
[17:44:57] 噪声水平: 0.0893
[17:44:57] 
动作统计:
[17:44:57]   wind      : mean= 0.965, std= 0.048, min= 0.854, max= 1.000
[17:44:57]   solar     : mean= 0.361, std= 0.255, min=-0.146, max= 0.765
[17:44:57]   diesel    : mean= 0.709, std= 0.274, min= 0.102, max= 1.000
[17:44:57]   battery   : mean= 0.800, std= 0.168, min= 0.395, max= 1.000
[17:44:57]   customer  : mean= 0.953, std= 0.063, min= 0.801, max= 1.000
[17:44:57] 
======================================================================
[17:44:57] Episode 109/200
[17:44:57] ======================================================================
[17:44:57] 总奖励:     0.82 | 步数: 24
[17:44:57] 最近10个episodes平均:    -3.31
[17:44:57] 各Agent奖励:
[17:44:57]   wind      :    0.000
[17:44:57]   solar     :    6.423
[17:44:57]   diesel    :   14.040
[17:44:57]   battery   :    0.000
[17:44:57]   customer  :  -19.645
[17:44:57] Buffer大小:  2736
[17:44:57] 噪声水平: 0.0892
[17:44:57] 
动作统计:
[17:44:57]   wind      : mean= 0.953, std= 0.053, min= 0.819, max= 1.000
[17:44:57]   solar     : mean= 0.355, std= 0.266, min=-0.211, max= 0.717
[17:44:57]   diesel    : mean= 0.703, std= 0.259, min= 0.303, max= 1.000
[17:44:57]   battery   : mean= 0.809, std= 0.194, min= 0.174, max= 1.000
[17:44:57]   customer  : mean= 0.942, std= 0.058, min= 0.781, max= 1.000
[17:44:57] 
======================================================================
[17:44:57] Episode 110/200
[17:44:57] ======================================================================
[17:44:57] 总奖励:     0.26 | 步数: 24
[17:44:57] 最近10个episodes平均:    -2.84
[17:44:57] 各Agent奖励:
[17:44:57]   wind      :    0.000
[17:44:57]   solar     :    4.996
[17:44:57]   diesel    :   13.786
[17:44:57]   battery   :    1.597
[17:44:57]   customer  :  -20.117
[17:44:57] Buffer大小:  2760
[17:44:57] 噪声水平: 0.0891
[17:44:57] 
动作统计:
[17:44:57]   wind      : mean= 0.932, std= 0.066, min= 0.761, max= 1.000
[17:44:57]   solar     : mean= 0.367, std= 0.253, min= 0.017, max= 0.754
[17:44:57]   diesel    : mean= 0.689, std= 0.278, min= 0.056, max= 1.000
[17:44:57]   battery   : mean= 0.809, std= 0.171, min= 0.310, max= 1.000
[17:44:57]   customer  : mean= 0.952, std= 0.054, min= 0.829, max= 1.000
[17:44:57] 
📊 生成可视化图表...
[17:44:57]   ✓ 训练曲线: debug_plots/training_ep0110.png
[17:44:57]   ✓ Agent分析: debug_plots/agents_ep0110.png
[17:44:58] 
======================================================================
[17:44:58] Episode 111/200
[17:44:58] ======================================================================
[17:44:58] 总奖励:    -4.62 | 步数: 24
[17:44:58] 最近10个episodes平均:    -3.31
[17:44:58] 各Agent奖励:
[17:44:58]   wind      :    0.000
[17:44:58]   solar     :    3.102
[17:44:58]   diesel    :   12.435
[17:44:58]   battery   :    0.000
[17:44:58]   customer  :  -20.161
[17:44:58] Buffer大小:  2784
[17:44:58] 噪声水平: 0.0890
[17:44:58] 
动作统计:
[17:44:58]   wind      : mean= 0.898, std= 0.073, min= 0.779, max= 1.000
[17:44:58]   solar     : mean= 0.340, std= 0.260, min=-0.253, max= 0.684
[17:44:58]   diesel    : mean= 0.709, std= 0.271, min= 0.270, max= 1.000
[17:44:58]   battery   : mean= 0.805, std= 0.168, min= 0.342, max= 1.000
[17:44:58]   customer  : mean= 0.965, std= 0.045, min= 0.822, max= 1.000
[17:44:58] 
======================================================================
[17:44:58] Episode 112/200
[17:44:58] ======================================================================
[17:44:58] 总奖励:   -11.11 | 步数: 24
[17:44:58] 最近10个episodes平均:    -4.14
[17:44:58] 各Agent奖励:
[17:44:58]   wind      :    0.000
[17:44:58]   solar     :    1.136
[17:44:58]   diesel    :    7.346
[17:44:58]   battery   :    0.770
[17:44:58]   customer  :  -20.359
[17:44:58] Buffer大小:  2808
[17:44:58] 噪声水平: 0.0890
[17:44:58] 
动作统计:
[17:44:58]   wind      : mean= 0.593, std= 0.092, min= 0.379, max= 0.745
[17:44:58]   solar     : mean= 0.369, std= 0.269, min=-0.078, max= 0.827
[17:44:58]   diesel    : mean= 0.673, std= 0.277, min= 0.163, max= 1.000
[17:44:58]   battery   : mean= 0.814, std= 0.179, min= 0.250, max= 1.000
[17:44:58]   customer  : mean= 0.972, std= 0.044, min= 0.836, max= 1.000
[17:44:58] 
======================================================================
[17:44:58] Episode 113/200
[17:44:58] ======================================================================
[17:44:58] 总奖励:   -11.96 | 步数: 24
[17:44:58] 最近10个episodes平均:    -5.41
[17:44:58] 各Agent奖励:
[17:44:58]   wind      :    3.871
[17:44:58]   solar     :    0.873
[17:44:58]   diesel    :    2.548
[17:44:58]   battery   :    0.000
[17:44:58]   customer  :  -19.246
[17:44:58] Buffer大小:  2832
[17:44:58] 噪声水平: 0.0889
[17:44:58] 
动作统计:
[17:44:58]   wind      : mean= 0.260, std= 0.162, min=-0.095, max= 0.543
[17:44:58]   solar     : mean= 0.352, std= 0.263, min=-0.274, max= 0.764
[17:44:58]   diesel    : mean= 0.671, std= 0.286, min= 0.256, max= 1.000
[17:44:58]   battery   : mean= 0.806, std= 0.175, min= 0.260, max= 1.000
[17:44:58]   customer  : mean= 0.970, std= 0.051, min= 0.822, max= 1.000
[17:44:58] 
======================================================================
[17:44:58] Episode 114/200
[17:44:58] ======================================================================
[17:44:58] 总奖励:    -7.82 | 步数: 24
[17:44:58] 最近10个episodes平均:    -5.89
[17:44:58] 各Agent奖励:
[17:44:58]   wind      :    9.182
[17:44:58]   solar     :    0.000
[17:44:58]   diesel    :    1.157
[17:44:58]   battery   :    0.326
[17:44:58]   customer  :  -18.482
[17:44:58] Buffer大小:  2856
[17:44:58] 噪声水平: 0.0888
[17:44:58] 
动作统计:
[17:44:58]   wind      : mean=-0.012, std= 0.180, min=-0.277, max= 0.302
[17:44:58]   solar     : mean= 0.366, std= 0.247, min=-0.192, max= 0.749
[17:44:58]   diesel    : mean= 0.629, std= 0.283, min= 0.186, max= 1.000
[17:44:58]   battery   : mean= 0.784, std= 0.209, min= 0.110, max= 1.000
[17:44:58]   customer  : mean= 0.937, std= 0.052, min= 0.817, max= 1.000
[17:44:58] 
======================================================================
[17:44:58] Episode 115/200
[17:44:58] ======================================================================
[17:44:58] 总奖励:   -21.15 | 步数: 24
[17:44:58] 最近10个episodes平均:    -7.75
[17:44:58] 各Agent奖励:
[17:44:58]   wind      :   -3.529
[17:44:58]   solar     :    0.000
[17:44:58]   diesel    :    0.207
[17:44:58]   battery   :    0.000
[17:44:58]   customer  :  -17.832
[17:44:58] Buffer大小:  2880
[17:44:58] 噪声水平: 0.0887
[17:44:58] 
动作统计:
[17:44:58]   wind      : mean=-0.281, std= 0.215, min=-0.633, max= 0.404
[17:44:58]   solar     : mean= 0.331, std= 0.249, min=-0.055, max= 0.760
[17:44:58]   diesel    : mean= 0.623, std= 0.283, min= 0.192, max= 1.000
[17:44:58]   battery   : mean= 0.799, std= 0.191, min= 0.348, max= 1.000
[17:44:58]   customer  : mean= 0.966, std= 0.058, min= 0.756, max= 1.000
[17:44:58] 
======================================================================
[17:44:58] Episode 116/200
[17:44:58] ======================================================================
[17:44:58] 总奖励:   -25.56 | 步数: 24
[17:44:58] 最近10个episodes平均:    -8.86
[17:44:58] 各Agent奖励:
[17:44:58]   wind      :   -8.564
[17:44:58]   solar     :    0.000
[17:44:58]   diesel    :    0.713
[17:44:58]   battery   :    0.000
[17:44:58]   customer  :  -17.706
[17:44:58] Buffer大小:  2904
[17:44:58] 噪声水平: 0.0886
[17:44:58] 
动作统计:
[17:44:58]   wind      : mean=-0.459, std= 0.188, min=-0.823, max=-0.005
[17:44:58]   solar     : mean= 0.337, std= 0.176, min=-0.006, max= 0.620
[17:44:58]   diesel    : mean= 0.529, std= 0.288, min=-0.014, max= 1.000
[17:44:58]   battery   : mean= 0.790, std= 0.189, min= 0.385, max= 1.000
[17:44:58]   customer  : mean= 0.959, std= 0.045, min= 0.837, max= 1.000
[17:44:59] 
======================================================================
[17:44:59] Episode 117/200
[17:44:59] ======================================================================
[17:44:59] 总奖励:   -27.38 | 步数: 24
[17:44:59] 最近10个episodes平均:   -10.83
[17:44:59] 各Agent奖励:
[17:44:59]   wind      :  -10.996
[17:44:59]   solar     :    0.000
[17:44:59]   diesel    :    1.592
[17:44:59]   battery   :    0.000
[17:44:59]   customer  :  -17.973
[17:44:59] Buffer大小:  2928
[17:44:59] 噪声水平: 0.0885
[17:44:59] 
动作统计:
[17:44:59]   wind      : mean=-0.590, std= 0.174, min=-0.847, max=-0.195
[17:44:59]   solar     : mean= 0.391, std= 0.200, min=-0.009, max= 0.625
[17:44:59]   diesel    : mean= 0.506, std= 0.282, min= 0.011, max= 0.996
[17:44:59]   battery   : mean= 0.793, std= 0.206, min= 0.150, max= 1.000
[17:44:59]   customer  : mean= 0.961, std= 0.054, min= 0.833, max= 1.000
[17:44:59] 
======================================================================
[17:44:59] Episode 118/200
[17:44:59] ======================================================================
[17:44:59] 总奖励:   -29.63 | 步数: 24
[17:44:59] 最近10个episodes平均:   -13.81
[17:44:59] 各Agent奖励:
[17:44:59]   wind      :  -12.001
[17:44:59]   solar     :    0.000
[17:44:59]   diesel    :    0.000
[17:44:59]   battery   :    0.000
[17:44:59]   customer  :  -17.631
[17:44:59] Buffer大小:  2952
[17:44:59] 噪声水平: 0.0884
[17:44:59] 
动作统计:
[17:44:59]   wind      : mean=-0.651, std= 0.190, min=-0.873, max=-0.204
[17:44:59]   solar     : mean= 0.364, std= 0.231, min=-0.143, max= 0.710
[17:44:59]   diesel    : mean= 0.468, std= 0.264, min= 0.001, max= 0.918
[17:44:59]   battery   : mean= 0.796, std= 0.193, min= 0.119, max= 1.000
[17:44:59]   customer  : mean= 0.973, std= 0.040, min= 0.868, max= 1.000
[17:44:59] 
======================================================================
[17:44:59] Episode 119/200
[17:44:59] ======================================================================
[17:44:59] 总奖励:   -27.68 | 步数: 24
[17:44:59] 最近10个episodes平均:   -16.66
[17:44:59] 各Agent奖励:
[17:44:59]   wind      :  -11.122
[17:44:59]   solar     :    0.000
[17:44:59]   diesel    :    0.966
[17:44:59]   battery   :    0.000
[17:44:59]   customer  :  -17.523
[17:44:59] Buffer大小:  2976
[17:44:59] 噪声水平: 0.0883
[17:44:59] 
动作统计:
[17:44:59]   wind      : mean=-0.666, std= 0.135, min=-0.955, max=-0.381
[17:44:59]   solar     : mean= 0.372, std= 0.217, min=-0.096, max= 0.671
[17:44:59]   diesel    : mean= 0.377, std= 0.237, min=-0.055, max= 0.919
[17:44:59]   battery   : mean= 0.814, std= 0.173, min= 0.275, max= 1.000
[17:44:59]   customer  : mean= 0.965, std= 0.042, min= 0.868, max= 1.000
[17:44:59] 
======================================================================
[17:44:59] Episode 120/200
[17:44:59] ======================================================================
[17:44:59] 总奖励:   -32.09 | 步数: 24
[17:44:59] 最近10个episodes平均:   -19.90
[17:44:59] 各Agent奖励:
[17:44:59]   wind      :  -15.326
[17:44:59]   solar     :    0.000
[17:44:59]   diesel    :    0.591
[17:44:59]   battery   :    0.000
[17:44:59]   customer  :  -17.351
[17:44:59] Buffer大小:  3000
[17:44:59] 噪声水平: 0.0882
[17:44:59] 
动作统计:
[17:44:59]   wind      : mean=-0.703, std= 0.238, min=-1.000, max=-0.106
[17:44:59]   solar     : mean= 0.334, std= 0.252, min=-0.201, max= 0.763
[17:44:59]   diesel    : mean= 0.342, std= 0.222, min= 0.005, max= 0.861
[17:44:59]   battery   : mean= 0.805, std= 0.202, min= 0.117, max= 1.000
[17:44:59]   customer  : mean= 0.965, std= 0.056, min= 0.833, max= 1.000
[17:44:59] 
📊 生成可视化图表...
[17:45:00]   ✓ 训练曲线: debug_plots/training_ep0120.png
[17:45:00]   ✓ Agent分析: debug_plots/agents_ep0120.png
[17:45:00] 
======================================================================
[17:45:00] Episode 121/200
[17:45:00] ======================================================================
[17:45:00] 总奖励:   -35.57 | 步数: 24
[17:45:00] 最近10个episodes平均:   -22.99
[17:45:00] 各Agent奖励:
[17:45:00]   wind      :  -18.489
[17:45:00]   solar     :    0.000
[17:45:00]   diesel    :    0.000
[17:45:00]   battery   :    0.000
[17:45:00]   customer  :  -17.080
[17:45:00] Buffer大小:  3024
[17:45:00] 噪声水平: 0.0882
[17:45:00] 
动作统计:
[17:45:00]   wind      : mean=-0.615, std= 0.296, min=-0.942, max= 0.466
[17:45:00]   solar     : mean= 0.433, std= 0.244, min=-0.053, max= 0.797
[17:45:00]   diesel    : mean= 0.305, std= 0.239, min=-0.081, max= 1.000
[17:45:00]   battery   : mean= 0.794, std= 0.200, min= 0.265, max= 1.000
[17:45:00]   customer  : mean= 0.947, std= 0.063, min= 0.740, max= 1.000
[17:45:00] 
======================================================================
[17:45:00] Episode 122/200
[17:45:00] ======================================================================
[17:45:00] 总奖励:   -30.09 | 步数: 24
[17:45:00] 最近10个episodes平均:   -24.89
[17:45:00] 各Agent奖励:
[17:45:00]   wind      :  -12.543
[17:45:00]   solar     :    0.000
[17:45:00]   diesel    :    0.000
[17:45:00]   battery   :    0.000
[17:45:00]   customer  :  -17.546
[17:45:00] Buffer大小:  3048
[17:45:00] 噪声水平: 0.0881
[17:45:00] 
动作统计:
[17:45:00]   wind      : mean=-0.667, std= 0.218, min=-1.000, max=-0.203
[17:45:00]   solar     : mean= 0.398, std= 0.227, min=-0.171, max= 0.767
[17:45:00]   diesel    : mean= 0.206, std= 0.214, min=-0.208, max= 0.879
[17:45:00]   battery   : mean= 0.808, std= 0.189, min= 0.176, max= 1.000
[17:45:00]   customer  : mean= 0.973, std= 0.043, min= 0.862, max= 1.000
[17:45:00] 
======================================================================
[17:45:00] Episode 123/200
[17:45:00] ======================================================================
[17:45:00] 总奖励:   -29.05 | 步数: 24
[17:45:00] 最近10个episodes平均:   -26.60
[17:45:00] 各Agent奖励:
[17:45:00]   wind      :  -11.476
[17:45:00]   solar     :    0.000
[17:45:00]   diesel    :    0.377
[17:45:00]   battery   :    0.000
[17:45:00]   customer  :  -17.950
[17:45:00] Buffer大小:  3072
[17:45:00] 噪声水平: 0.0880
[17:45:00] 
动作统计:
[17:45:00]   wind      : mean=-0.655, std= 0.242, min=-0.922, max= 0.164
[17:45:00]   solar     : mean= 0.425, std= 0.222, min=-0.014, max= 0.770
[17:45:00]   diesel    : mean= 0.193, std= 0.225, min=-0.220, max= 0.903
[17:45:00]   battery   : mean= 0.824, std= 0.182, min= 0.406, max= 1.000
[17:45:00]   customer  : mean= 0.968, std= 0.042, min= 0.841, max= 1.000
[17:45:00] 
======================================================================
[17:45:00] Episode 124/200
[17:45:00] ======================================================================
[17:45:00] 总奖励:   -32.81 | 步数: 24
[17:45:00] 最近10个episodes平均:   -29.10
[17:45:00] 各Agent奖励:
[17:45:00]   wind      :  -16.295
[17:45:00]   solar     :    0.017
[17:45:00]   diesel    :    0.118
[17:45:00]   battery   :    0.000
[17:45:00]   customer  :  -16.647
[17:45:00] Buffer大小:  3096
[17:45:00] 噪声水平: 0.0879
[17:45:00] 
动作统计:
[17:45:00]   wind      : mean=-0.521, std= 0.394, min=-1.000, max= 0.487
[17:45:00]   solar     : mean= 0.427, std= 0.222, min=-0.017, max= 0.773
[17:45:00]   diesel    : mean= 0.156, std= 0.201, min=-0.274, max= 0.913
[17:45:00]   battery   : mean= 0.802, std= 0.186, min= 0.256, max= 1.000
[17:45:00]   customer  : mean= 0.950, std= 0.055, min= 0.833, max= 1.000
[17:45:00] 
======================================================================
[17:45:00] Episode 125/200
[17:45:00] ======================================================================
[17:45:00] 总奖励:   -23.97 | 步数: 24
[17:45:00] 最近10个episodes平均:   -29.38
[17:45:00] 各Agent奖励:
[17:45:00]   wind      :   -8.311
[17:45:00]   solar     :    2.025
[17:45:00]   diesel    :    0.658
[17:45:00]   battery   :    0.000
[17:45:00]   customer  :  -18.337
[17:45:00] Buffer大小:  3120
[17:45:00] 噪声水平: 0.0878
[17:45:00] 
动作统计:
[17:45:00]   wind      : mean=-0.252, std= 0.430, min=-0.877, max= 0.544
[17:45:00]   solar     : mean= 0.410, std= 0.217, min=-0.053, max= 0.745
[17:45:00]   diesel    : mean= 0.112, std= 0.229, min=-0.324, max= 1.000
[17:45:00]   battery   : mean= 0.781, std= 0.191, min= 0.261, max= 1.000
[17:45:00]   customer  : mean= 0.949, std= 0.060, min= 0.826, max= 1.000
[17:45:00] 
======================================================================
[17:45:00] Episode 126/200
[17:45:00] ======================================================================
[17:45:00] 总奖励:   -21.05 | 步数: 24
[17:45:00] 最近10个episodes平均:   -28.93
[17:45:00] 各Agent奖励:
[17:45:00]   wind      :   -3.962
[17:45:00]   solar     :    0.682
[17:45:00]   diesel    :    0.325
[17:45:00]   battery   :    0.000
[17:45:00]   customer  :  -18.098
[17:45:00] Buffer大小:  3144
[17:45:00] 噪声水平: 0.0877
[17:45:00] 
动作统计:
[17:45:00]   wind      : mean=-0.336, std= 0.470, min=-0.851, max= 0.727
[17:45:00]   solar     : mean= 0.412, std= 0.231, min=-0.078, max= 0.757
[17:45:00]   diesel    : mean= 0.072, std= 0.231, min=-0.253, max= 0.955
[17:45:00]   battery   : mean= 0.806, std= 0.212, min= 0.139, max= 1.000
[17:45:00]   customer  : mean= 0.972, std= 0.043, min= 0.855, max= 1.000
[17:45:01] 
======================================================================
[17:45:01] Episode 127/200
[17:45:01] ======================================================================
[17:45:01] 总奖励:   -21.17 | 步数: 24
[17:45:01] 最近10个episodes平均:   -28.31
[17:45:01] 各Agent奖励:
[17:45:01]   wind      :   -3.611
[17:45:01]   solar     :    0.000
[17:45:01]   diesel    :    0.411
[17:45:01]   battery   :    0.226
[17:45:01]   customer  :  -18.200
[17:45:01] Buffer大小:  3168
[17:45:01] 噪声水平: 0.0876
[17:45:01] 
动作统计:
[17:45:01]   wind      : mean=-0.064, std= 0.501, min=-0.937, max= 0.980
[17:45:01]   solar     : mean= 0.354, std= 0.231, min=-0.067, max= 0.704
[17:45:01]   diesel    : mean= 0.089, std= 0.234, min=-0.379, max= 1.000
[17:45:01]   battery   : mean= 0.779, std= 0.204, min= 0.248, max= 1.000
[17:45:01]   customer  : mean= 0.950, std= 0.050, min= 0.856, max= 1.000
[17:45:01] 
======================================================================
[17:45:01] Episode 128/200
[17:45:01] ======================================================================
[17:45:01] 总奖励:   -16.65 | 步数: 24
[17:45:01] 最近10个episodes平均:   -27.01
[17:45:01] 各Agent奖励:
[17:45:01]   wind      :   -0.605
[17:45:01]   solar     :    2.343
[17:45:01]   diesel    :    0.125
[17:45:01]   battery   :    0.000
[17:45:01]   customer  :  -18.512
[17:45:01] Buffer大小:  3192
[17:45:01] 噪声水平: 0.0875
[17:45:01] 
动作统计:
[17:45:01]   wind      : mean=-0.038, std= 0.359, min=-0.517, max= 0.832
[17:45:01]   solar     : mean= 0.394, std= 0.255, min=-0.062, max= 0.822
[17:45:01]   diesel    : mean= 0.049, std= 0.227, min=-0.299, max= 0.951
[17:45:01]   battery   : mean= 0.781, std= 0.209, min= 0.293, max= 1.000
[17:45:01]   customer  : mean= 0.967, std= 0.061, min= 0.746, max= 1.000
[17:45:01] 
======================================================================
[17:45:01] Episode 129/200
[17:45:01] ======================================================================
[17:45:01] 总奖励:   -13.88 | 步数: 24
[17:45:01] 最近10个episodes平均:   -25.63
[17:45:01] 各Agent奖励:
[17:45:01]   wind      :    0.121
[17:45:01]   solar     :    1.852
[17:45:01]   diesel    :    3.040
[17:45:01]   battery   :    0.000
[17:45:01]   customer  :  -18.893
[17:45:01] Buffer大小:  3216
[17:45:01] 噪声水平: 0.0875
[17:45:01] 
动作统计:
[17:45:01]   wind      : mean= 0.016, std= 0.366, min=-0.474, max= 0.739
[17:45:01]   solar     : mean= 0.356, std= 0.196, min=-0.029, max= 0.694
[17:45:01]   diesel    : mean= 0.091, std= 0.227, min=-0.353, max= 0.896
[17:45:01]   battery   : mean= 0.791, std= 0.222, min= 0.146, max= 1.000
[17:45:01]   customer  : mean= 0.950, std= 0.069, min= 0.760, max= 1.000
[17:45:01] 
======================================================================
[17:45:01] Episode 130/200
[17:45:01] ======================================================================
[17:45:01] 总奖励:    -2.36 | 步数: 24
[17:45:01] 最近10个episodes平均:   -22.66
[17:45:01] 各Agent奖励:
[17:45:01]   wind      :    3.633
[17:45:01]   solar     :    2.310
[17:45:01]   diesel    :    7.445
[17:45:01]   battery   :    3.278
[17:45:01]   customer  :  -19.030
[17:45:01] Buffer大小:  3240
[17:45:01] 噪声水平: 0.0874
[17:45:01] 
动作统计:
[17:45:01]   wind      : mean= 0.202, std= 0.475, min=-0.560, max= 0.961
[17:45:01]   solar     : mean= 0.370, std= 0.250, min=-0.180, max= 0.768
[17:45:01]   diesel    : mean= 0.152, std= 0.259, min=-0.243, max= 1.000
[17:45:01]   battery   : mean= 0.773, std= 0.193, min= 0.265, max= 1.000
[17:45:01]   customer  : mean= 0.943, std= 0.064, min= 0.801, max= 1.000
[17:45:01] 
📊 生成可视化图表...
[17:45:02]   ✓ 训练曲线: debug_plots/training_ep0130.png
[17:45:02]   ✓ Agent分析: debug_plots/agents_ep0130.png
[17:45:02] 
======================================================================
[17:45:02] Episode 131/200
[17:45:02] ======================================================================
[17:45:02] 总奖励:   -15.51 | 步数: 24
[17:45:02] 最近10个episodes平均:   -20.65
[17:45:02] 各Agent奖励:
[17:45:02]   wind      :    0.271
[17:45:02]   solar     :    1.642
[17:45:02]   diesel    :    1.593
[17:45:02]   battery   :    0.000
[17:45:02]   customer  :  -19.017
[17:45:02] Buffer大小:  3264
[17:45:02] 噪声水平: 0.0873
[17:45:02] 
动作统计:
[17:45:02]   wind      : mean= 0.217, std= 0.351, min=-0.481, max= 0.845
[17:45:02]   solar     : mean= 0.361, std= 0.216, min=-0.148, max= 0.632
[17:45:02]   diesel    : mean= 0.105, std= 0.288, min=-0.301, max= 1.000
[17:45:02]   battery   : mean= 0.785, std= 0.220, min= 0.248, max= 1.000
[17:45:02]   customer  : mean= 0.957, std= 0.060, min= 0.818, max= 1.000
[17:45:02] 
======================================================================
[17:45:02] Episode 132/200
[17:45:02] ======================================================================
[17:45:02] 总奖励:    -1.39 | 步数: 24
[17:45:02] 最近10个episodes平均:   -17.78
[17:45:02] 各Agent奖励:
[17:45:02]   wind      :    7.567
[17:45:02]   solar     :    1.386
[17:45:02]   diesel    :    8.973
[17:45:02]   battery   :    0.000
[17:45:02]   customer  :  -19.316
[17:45:02] Buffer大小:  3288
[17:45:02] 噪声水平: 0.0872
[17:45:02] 
动作统计:
[17:45:02]   wind      : mean= 0.218, std= 0.404, min=-0.540, max= 1.000
[17:45:02]   solar     : mean= 0.338, std= 0.173, min=-0.037, max= 0.641
[17:45:02]   diesel    : mean= 0.223, std= 0.282, min=-0.356, max= 0.835
[17:45:02]   battery   : mean= 0.763, std= 0.228, min= 0.033, max= 1.000
[17:45:02]   customer  : mean= 0.900, std= 0.120, min= 0.602, max= 1.000
[17:45:02] 
======================================================================
[17:45:02] Episode 133/200
[17:45:02] ======================================================================
[17:45:02] 总奖励:    -7.40 | 步数: 24
[17:45:02] 最近10个episodes平均:   -15.62
[17:45:02] 各Agent奖励:
[17:45:02]   wind      :    5.527
[17:45:02]   solar     :    0.000
[17:45:02]   diesel    :    5.166
[17:45:02]   battery   :    0.175
[17:45:02]   customer  :  -18.265
[17:45:02] Buffer大小:  3312
[17:45:02] 噪声水平: 0.0871
[17:45:02] 
动作统计:
[17:45:02]   wind      : mean= 0.306, std= 0.414, min=-0.438, max= 0.966
[17:45:02]   solar     : mean= 0.354, std= 0.192, min=-0.162, max= 0.612
[17:45:02]   diesel    : mean= 0.324, std= 0.267, min=-0.250, max= 1.000
[17:45:02]   battery   : mean= 0.771, std= 0.218, min= 0.360, max= 1.000
[17:45:02]   customer  : mean= 0.885, std= 0.138, min= 0.508, max= 1.000
[17:45:02] 
======================================================================
[17:45:02] Episode 134/200
[17:45:02] ======================================================================
[17:45:02] 总奖励:    -7.47 | 步数: 24
[17:45:02] 最近10个episodes平均:   -13.08
[17:45:02] 各Agent奖励:
[17:45:02]   wind      :    2.326
[17:45:02]   solar     :    0.094
[17:45:02]   diesel    :    8.079
[17:45:02]   battery   :    0.863
[17:45:02]   customer  :  -18.827
[17:45:02] Buffer大小:  3336
[17:45:02] 噪声水平: 0.0870
[17:45:02] 
动作统计:
[17:45:02]   wind      : mean= 0.230, std= 0.397, min=-0.254, max= 1.000
[17:45:02]   solar     : mean= 0.315, std= 0.219, min=-0.108, max= 0.676
[17:45:02]   diesel    : mean= 0.407, std= 0.249, min=-0.065, max= 1.000
[17:45:02]   battery   : mean= 0.737, std= 0.232, min= 0.149, max= 1.000
[17:45:02]   customer  : mean= 0.899, std= 0.121, min= 0.623, max= 1.000
[17:45:02] 
======================================================================
[17:45:02] Episode 135/200
[17:45:02] ======================================================================
[17:45:02] 总奖励:     1.62 | 步数: 24
[17:45:02] 最近10个episodes平均:   -10.53
[17:45:02] 各Agent奖励:
[17:45:02]   wind      :    4.209
[17:45:02]   solar     :    3.194
[17:45:02]   diesel    :   11.597
[17:45:02]   battery   :    2.162
[17:45:02]   customer  :  -19.538
[17:45:02] Buffer大小:  3360
[17:45:02] 噪声水平: 0.0869
[17:45:02] 
动作统计:
[17:45:02]   wind      : mean= 0.199, std= 0.399, min=-0.439, max= 0.997
[17:45:02]   solar     : mean= 0.335, std= 0.212, min=-0.075, max= 0.747
[17:45:02]   diesel    : mean= 0.463, std= 0.249, min= 0.076, max= 1.000
[17:45:02]   battery   : mean= 0.789, std= 0.220, min= 0.204, max= 1.000
[17:45:02]   customer  : mean= 0.866, std= 0.177, min= 0.418, max= 1.000
[17:45:02] 
======================================================================
[17:45:02] Episode 136/200
[17:45:02] ======================================================================
[17:45:02] 总奖励:    -2.01 | 步数: 24
[17:45:02] 最近10个episodes平均:    -8.62
[17:45:02] 各Agent奖励:
[17:45:02]   wind      :    3.171
[17:45:02]   solar     :    5.274
[17:45:02]   diesel    :    7.433
[17:45:02]   battery   :    0.698
[17:45:02]   customer  :  -18.584
[17:45:02] Buffer大小:  3384
[17:45:02] 噪声水平: 0.0868
[17:45:02] 
动作统计:
[17:45:02]   wind      : mean= 0.286, std= 0.369, min=-0.283, max= 1.000
[17:45:02]   solar     : mean= 0.360, std= 0.211, min=-0.116, max= 0.708
[17:45:02]   diesel    : mean= 0.521, std= 0.270, min= 0.078, max= 1.000
[17:45:02]   battery   : mean= 0.794, std= 0.215, min= 0.143, max= 1.000
[17:45:02]   customer  : mean= 0.861, std= 0.166, min= 0.457, max= 1.000
[17:45:03] 
======================================================================
[17:45:03] Episode 137/200
[17:45:03] ======================================================================
[17:45:03] 总奖励:     1.20 | 步数: 24
[17:45:03] 最近10个episodes平均:    -6.38
[17:45:03] 各Agent奖励:
[17:45:03]   wind      :    9.279
[17:45:03]   solar     :    0.000
[17:45:03]   diesel    :   11.369
[17:45:03]   battery   :    0.000
[17:45:03]   customer  :  -19.452
[17:45:03] Buffer大小:  3408
[17:45:03] 噪声水平: 0.0868
[17:45:03] 
动作统计:
[17:45:03]   wind      : mean= 0.299, std= 0.350, min=-0.351, max= 1.000
[17:45:03]   solar     : mean= 0.339, std= 0.198, min=-0.055, max= 0.746
[17:45:03]   diesel    : mean= 0.582, std= 0.241, min= 0.077, max= 1.000
[17:45:03]   battery   : mean= 0.782, std= 0.215, min= 0.192, max= 1.000
[17:45:03]   customer  : mean= 0.897, std= 0.124, min= 0.604, max= 1.000
[17:45:03] 
======================================================================
[17:45:03] Episode 138/200
[17:45:03] ======================================================================
[17:45:03] 总奖励:     2.01 | 步数: 24
[17:45:03] 最近10个episodes平均:    -4.52
[17:45:03] 各Agent奖励:
[17:45:03]   wind      :    4.866
[17:45:03]   solar     :    4.496
[17:45:03]   diesel    :   11.209
[17:45:03]   battery   :    1.135
[17:45:03]   customer  :  -19.696
[17:45:03] Buffer大小:  3432
[17:45:03] 噪声水平: 0.0867
[17:45:03] 
动作统计:
[17:45:03]   wind      : mean= 0.231, std= 0.320, min=-0.299, max= 1.000
[17:45:03]   solar     : mean= 0.347, std= 0.196, min=-0.086, max= 0.617
[17:45:03]   diesel    : mean= 0.611, std= 0.252, min= 0.106, max= 1.000
[17:45:03]   battery   : mean= 0.780, std= 0.216, min= 0.151, max= 1.000
[17:45:03]   customer  : mean= 0.886, std= 0.149, min= 0.458, max= 1.000
[17:45:03] 
======================================================================
[17:45:03] Episode 139/200
[17:45:03] ======================================================================
[17:45:03] 总奖励:    -0.27 | 步数: 24
[17:45:03] 最近10个episodes平均:    -3.16
[17:45:03] 各Agent奖励:
[17:45:03]   wind      :    9.361
[17:45:03]   solar     :    1.281
[17:45:03]   diesel    :    8.445
[17:45:03]   battery   :    0.233
[17:45:03]   customer  :  -19.592
[17:45:03] Buffer大小:  3456
[17:45:03] 噪声水平: 0.0866
[17:45:03] 
动作统计:
[17:45:03]   wind      : mean= 0.298, std= 0.323, min=-0.257, max= 0.898
[17:45:03]   solar     : mean= 0.364, std= 0.168, min= 0.020, max= 0.680
[17:45:03]   diesel    : mean= 0.621, std= 0.249, min= 0.168, max= 1.000
[17:45:03]   battery   : mean= 0.753, std= 0.217, min= 0.320, max= 1.000
[17:45:03]   customer  : mean= 0.913, std= 0.085, min= 0.665, max= 1.000
[17:45:03] 
======================================================================
[17:45:03] Episode 140/200
[17:45:03] ======================================================================
[17:45:03] 总奖励:    -9.28 | 步数: 24
[17:45:03] 最近10个episodes平均:    -3.85
[17:45:03] 各Agent奖励:
[17:45:03]   wind      :    6.560
[17:45:03]   solar     :    2.836
[17:45:03]   diesel    :    0.411
[17:45:03]   battery   :    0.000
[17:45:03]   customer  :  -19.084
[17:45:03] Buffer大小:  3480
[17:45:03] 噪声水平: 0.0865
[17:45:03] 
动作统计:
[17:45:03]   wind      : mean= 0.282, std= 0.321, min=-0.178, max= 0.835
[17:45:03]   solar     : mean= 0.323, std= 0.201, min=-0.142, max= 0.675
[17:45:03]   diesel    : mean= 0.610, std= 0.260, min= 0.228, max= 1.000
[17:45:03]   battery   : mean= 0.777, std= 0.213, min= 0.259, max= 1.000
[17:45:03]   customer  : mean= 0.940, std= 0.066, min= 0.810, max= 1.000
[17:45:03] 
📊 生成可视化图表...
[17:45:04]   ✓ 训练曲线: debug_plots/training_ep0140.png
[17:45:04]   ✓ Agent分析: debug_plots/agents_ep0140.png
[17:45:04] 
======================================================================
[17:45:04] Episode 141/200
[17:45:04] ======================================================================
[17:45:04] 总奖励:    10.44 | 步数: 24
[17:45:04] 最近10个episodes平均:    -1.25
[17:45:04] 各Agent奖励:
[17:45:04]   wind      :   14.722
[17:45:04]   solar     :    7.187
[17:45:04]   diesel    :    5.272
[17:45:04]   battery   :    3.098
[17:45:04]   customer  :  -19.841
[17:45:04] Buffer大小:  3504
[17:45:04] 噪声水平: 0.0864
[17:45:04] 
动作统计:
[17:45:04]   wind      : mean= 0.408, std= 0.346, min=-0.119, max= 1.000
[17:45:04]   solar     : mean= 0.330, std= 0.210, min=-0.155, max= 0.624
[17:45:04]   diesel    : mean= 0.649, std= 0.251, min= 0.225, max= 1.000
[17:45:04]   battery   : mean= 0.776, std= 0.227, min= 0.155, max= 1.000
[17:45:04]   customer  : mean= 0.878, std= 0.124, min= 0.531, max= 1.000
[17:45:04] 
======================================================================
[17:45:04] Episode 142/200
[17:45:04] ======================================================================
[17:45:04] 总奖励:     4.49 | 步数: 24
[17:45:04] 最近10个episodes平均:    -0.67
[17:45:04] 各Agent奖励:
[17:45:04]   wind      :   12.576
[17:45:04]   solar     :    3.692
[17:45:04]   diesel    :    6.418
[17:45:04]   battery   :    1.351
[17:45:04]   customer  :  -19.552
[17:45:04] Buffer大小:  3528
[17:45:04] 噪声水平: 0.0863
[17:45:04] 
动作统计:
[17:45:04]   wind      : mean= 0.306, std= 0.351, min=-0.208, max= 0.932
[17:45:04]   solar     : mean= 0.386, std= 0.198, min=-0.123, max= 0.650
[17:45:04]   diesel    : mean= 0.659, std= 0.255, min= 0.190, max= 1.000
[17:45:04]   battery   : mean= 0.786, std= 0.205, min= 0.251, max= 1.000
[17:45:04]   customer  : mean= 0.896, std= 0.132, min= 0.561, max= 1.000
[17:45:04] 
======================================================================
[17:45:04] Episode 143/200
[17:45:04] ======================================================================
[17:45:04] 总奖励:     8.20 | 步数: 24
[17:45:04] 最近10个episodes平均:     0.89
[17:45:04] 各Agent奖励:
[17:45:04]   wind      :    9.745
[17:45:04]   solar     :    9.149
[17:45:04]   diesel    :    7.884
[17:45:04]   battery   :    0.825
[17:45:04]   customer  :  -19.403
[17:45:04] Buffer大小:  3552
[17:45:04] 噪声水平: 0.0862
[17:45:04] 
动作统计:
[17:45:04]   wind      : mean= 0.314, std= 0.343, min=-0.218, max= 0.945
[17:45:04]   solar     : mean= 0.365, std= 0.188, min=-0.068, max= 0.781
[17:45:04]   diesel    : mean= 0.660, std= 0.263, min= 0.188, max= 1.000
[17:45:04]   battery   : mean= 0.764, std= 0.225, min= 0.208, max= 1.000
[17:45:04]   customer  : mean= 0.891, std= 0.113, min= 0.583, max= 1.000
[17:45:04] 
======================================================================
[17:45:04] Episode 144/200
[17:45:04] ======================================================================
[17:45:04] 总奖励:    -0.86 | 步数: 24
[17:45:04] 最近10个episodes平均:     1.55
[17:45:04] 各Agent奖励:
[17:45:04]   wind      :    8.332
[17:45:04]   solar     :    1.859
[17:45:04]   diesel    :    8.625
[17:45:04]   battery   :    0.000
[17:45:04]   customer  :  -19.677
[17:45:04] Buffer大小:  3576
[17:45:04] 噪声水平: 0.0862
[17:45:04] 
动作统计:
[17:45:04]   wind      : mean= 0.329, std= 0.342, min=-0.182, max= 1.000
[17:45:04]   solar     : mean= 0.334, std= 0.198, min=-0.025, max= 0.641
[17:45:04]   diesel    : mean= 0.667, std= 0.276, min= 0.042, max= 1.000
[17:45:04]   battery   : mean= 0.758, std= 0.218, min= 0.321, max= 1.000
[17:45:04]   customer  : mean= 0.898, std= 0.111, min= 0.607, max= 1.000
[17:45:04] 
======================================================================
[17:45:04] Episode 145/200
[17:45:04] ======================================================================
[17:45:04] 总奖励:    -0.32 | 步数: 24
[17:45:04] 最近10个episodes平均:     1.36
[17:45:04] 各Agent奖励:
[17:45:04]   wind      :    5.616
[17:45:04]   solar     :    4.851
[17:45:04]   diesel    :    4.547
[17:45:04]   battery   :    3.892
[17:45:04]   customer  :  -19.227
[17:45:04] Buffer大小:  3600
[17:45:04] 噪声水平: 0.0861
[17:45:04] 
动作统计:
[17:45:04]   wind      : mean= 0.274, std= 0.308, min=-0.271, max= 0.907
[17:45:04]   solar     : mean= 0.350, std= 0.206, min=-0.104, max= 0.658
[17:45:04]   diesel    : mean= 0.678, std= 0.243, min= 0.295, max= 1.000
[17:45:04]   battery   : mean= 0.797, std= 0.209, min= 0.194, max= 1.000
[17:45:04]   customer  : mean= 0.908, std= 0.101, min= 0.722, max= 1.000
[17:45:04] 
======================================================================
[17:45:04] Episode 146/200
[17:45:04] ======================================================================
[17:45:04] 总奖励:    -1.12 | 步数: 24
[17:45:04] 最近10个episodes平均:     1.45
[17:45:04] 各Agent奖励:
[17:45:04]   wind      :    8.452
[17:45:04]   solar     :    4.318
[17:45:04]   diesel    :    1.471
[17:45:04]   battery   :    3.636
[17:45:04]   customer  :  -18.996
[17:45:04] Buffer大小:  3624
[17:45:04] 噪声水平: 0.0860
[17:45:04] 
动作统计:
[17:45:04]   wind      : mean= 0.253, std= 0.338, min=-0.198, max= 0.868
[17:45:04]   solar     : mean= 0.295, std= 0.214, min=-0.147, max= 0.594
[17:45:04]   diesel    : mean= 0.659, std= 0.239, min= 0.263, max= 1.000
[17:45:04]   battery   : mean= 0.792, std= 0.211, min= 0.156, max= 1.000
[17:45:04]   customer  : mean= 0.925, std= 0.083, min= 0.745, max= 1.000
[17:45:05] 
======================================================================
[17:45:05] Episode 147/200
[17:45:05] ======================================================================
[17:45:05] 总奖励:     0.57 | 步数: 24
[17:45:05] 最近10个episodes平均:     1.39
[17:45:05] 各Agent奖励:
[17:45:05]   wind      :   11.883
[17:45:05]   solar     :    5.763
[17:45:05]   diesel    :    0.888
[17:45:05]   battery   :    1.519
[17:45:05]   customer  :  -19.481
[17:45:05] Buffer大小:  3648
[17:45:05] 噪声水平: 0.0859
[17:45:05] 
动作统计:
[17:45:05]   wind      : mean= 0.287, std= 0.305, min=-0.259, max= 0.947
[17:45:05]   solar     : mean= 0.342, std= 0.205, min=-0.126, max= 0.688
[17:45:05]   diesel    : mean= 0.680, std= 0.238, min= 0.324, max= 1.000
[17:45:05]   battery   : mean= 0.769, std= 0.218, min= 0.183, max= 1.000
[17:45:05]   customer  : mean= 0.922, std= 0.069, min= 0.696, max= 1.000
[17:45:05] 
======================================================================
[17:45:05] Episode 148/200
[17:45:05] ======================================================================
[17:45:05] 总奖励:    -0.66 | 步数: 24
[17:45:05] 最近10个episodes平均:     1.12
[17:45:05] 各Agent奖励:
[17:45:05]   wind      :    9.706
[17:45:05]   solar     :    3.755
[17:45:05]   diesel    :    4.277
[17:45:05]   battery   :    1.153
[17:45:05]   customer  :  -19.547
[17:45:05] Buffer大小:  3672
[17:45:05] 噪声水平: 0.0858
[17:45:05] 
动作统计:
[17:45:05]   wind      : mean= 0.330, std= 0.350, min=-0.151, max= 1.000
[17:45:05]   solar     : mean= 0.344, std= 0.228, min=-0.132, max= 0.601
[17:45:05]   diesel    : mean= 0.686, std= 0.238, min= 0.233, max= 1.000
[17:45:05]   battery   : mean= 0.771, std= 0.221, min= 0.312, max= 1.000
[17:45:05]   customer  : mean= 0.914, std= 0.090, min= 0.649, max= 1.000
[17:45:05] 
======================================================================
[17:45:05] Episode 149/200
[17:45:05] ======================================================================
[17:45:05] 总奖励:     8.83 | 步数: 24
[17:45:05] 最近10个episodes平均:     2.03
[17:45:05] 各Agent奖励:
[17:45:05]   wind      :   14.448
[17:45:05]   solar     :    6.711
[17:45:05]   diesel    :    7.135
[17:45:05]   battery   :    0.000
[17:45:05]   customer  :  -19.466
[17:45:05] Buffer大小:  3696
[17:45:05] 噪声水平: 0.0857
[17:45:05] 
动作统计:
[17:45:05]   wind      : mean= 0.358, std= 0.336, min=-0.162, max= 1.000
[17:45:05]   solar     : mean= 0.318, std= 0.203, min=-0.142, max= 0.623
[17:45:05]   diesel    : mean= 0.692, std= 0.228, min= 0.252, max= 1.000
[17:45:05]   battery   : mean= 0.760, std= 0.229, min= 0.324, max= 1.000
[17:45:05]   customer  : mean= 0.912, std= 0.078, min= 0.713, max= 1.000
[17:45:05] 
======================================================================
[17:45:05] Episode 150/200
[17:45:05] ======================================================================
[17:45:05] 总奖励:    -8.82 | 步数: 24
[17:45:05] 最近10个episodes平均:     2.07
[17:45:05] 各Agent奖励:
[17:45:05]   wind      :    8.000
[17:45:05]   solar     :    0.607
[17:45:05]   diesel    :    1.217
[17:45:05]   battery   :    1.096
[17:45:05]   customer  :  -19.744
[17:45:05] Buffer大小:  3720
[17:45:05] 噪声水平: 0.0856
[17:45:05] 
动作统计:
[17:45:05]   wind      : mean= 0.224, std= 0.305, min=-0.368, max= 0.909
[17:45:05]   solar     : mean= 0.291, std= 0.200, min=-0.091, max= 0.660
[17:45:05]   diesel    : mean= 0.687, std= 0.245, min= 0.220, max= 1.000
[17:45:05]   battery   : mean= 0.785, std= 0.221, min= 0.163, max= 1.000
[17:45:05]   customer  : mean= 0.952, std= 0.075, min= 0.724, max= 1.000
[17:45:05] 
📊 生成可视化图表...
[17:45:06]   ✓ 训练曲线: debug_plots/training_ep0150.png
[17:45:06]   ✓ Agent分析: debug_plots/agents_ep0150.png
[17:45:06] 💾 保存检查点: debug_checkpoints/debug_maddpg_20251117_174435_ep0150.pt
[17:45:06] 
======================================================================
[17:45:06] Episode 151/200
[17:45:06] ======================================================================
[17:45:06] 总奖励:    -5.17 | 步数: 24
[17:45:06] 最近10个episodes平均:     0.51
[17:45:06] 各Agent奖励:
[17:45:06]   wind      :    7.446
[17:45:06]   solar     :    3.668
[17:45:06]   diesel    :    3.088
[17:45:06]   battery   :    0.000
[17:45:06]   customer  :  -19.370
[17:45:06] Buffer大小:  3744
[17:45:06] 噪声水平: 0.0855
[17:45:06] 
动作统计:
[17:45:06]   wind      : mean= 0.272, std= 0.310, min=-0.246, max= 1.000
[17:45:06]   solar     : mean= 0.349, std= 0.198, min=-0.119, max= 0.577
[17:45:06]   diesel    : mean= 0.663, std= 0.251, min= 0.292, max= 1.000
[17:45:06]   battery   : mean= 0.771, std= 0.224, min= 0.293, max= 1.000
[17:45:06]   customer  : mean= 0.934, std= 0.076, min= 0.768, max= 1.000
[17:45:06] 
======================================================================
[17:45:06] Episode 152/200
[17:45:06] ======================================================================
[17:45:06] 总奖励:   -10.06 | 步数: 24
[17:45:06] 最近10个episodes平均:    -0.94
[17:45:06] 各Agent奖励:
[17:45:06]   wind      :    6.054
[17:45:06]   solar     :    2.243
[17:45:06]   diesel    :    0.895
[17:45:06]   battery   :    0.000
[17:45:06]   customer  :  -19.248
[17:45:06] Buffer大小:  3768
[17:45:06] 噪声水平: 0.0855
[17:45:06] 
动作统计:
[17:45:06]   wind      : mean= 0.230, std= 0.243, min=-0.143, max= 0.880
[17:45:06]   solar     : mean= 0.296, std= 0.185, min=-0.036, max= 0.543
[17:45:06]   diesel    : mean= 0.682, std= 0.247, min= 0.219, max= 1.000
[17:45:06]   battery   : mean= 0.755, std= 0.239, min= 0.238, max= 1.000
[17:45:06]   customer  : mean= 0.956, std= 0.066, min= 0.766, max= 1.000
[17:45:06] 
======================================================================
[17:45:06] Episode 153/200
[17:45:06] ======================================================================
[17:45:06] 总奖励:    -8.18 | 步数: 24
[17:45:06] 最近10个episodes平均:    -2.58
[17:45:06] 各Agent奖励:
[17:45:06]   wind      :    5.315
[17:45:06]   solar     :    1.930
[17:45:06]   diesel    :    2.338
[17:45:06]   battery   :    1.715
[17:45:06]   customer  :  -19.482
[17:45:06] Buffer大小:  3792
[17:45:06] 噪声水平: 0.0854
[17:45:06] 
动作统计:
[17:45:06]   wind      : mean= 0.259, std= 0.249, min=-0.142, max= 0.868
[17:45:06]   solar     : mean= 0.297, std= 0.175, min=-0.038, max= 0.537
[17:45:06]   diesel    : mean= 0.641, std= 0.276, min= 0.190, max= 1.000
[17:45:06]   battery   : mean= 0.763, std= 0.232, min= 0.176, max= 1.000
[17:45:06]   customer  : mean= 0.950, std= 0.051, min= 0.852, max= 1.000
[17:45:06] 
======================================================================
[17:45:06] Episode 154/200
[17:45:06] ======================================================================
[17:45:06] 总奖励:   -10.48 | 步数: 24
[17:45:06] 最近10个episodes平均:    -3.54
[17:45:06] 各Agent奖励:
[17:45:06]   wind      :    4.700
[17:45:06]   solar     :    1.077
[17:45:06]   diesel    :    0.000
[17:45:06]   battery   :    2.884
[17:45:06]   customer  :  -19.137
[17:45:06] Buffer大小:  3816
[17:45:06] 噪声水平: 0.0853
[17:45:06] 
动作统计:
[17:45:06]   wind      : mean= 0.242, std= 0.223, min=-0.036, max= 0.958
[17:45:06]   solar     : mean= 0.295, std= 0.192, min=-0.141, max= 0.647
[17:45:06]   diesel    : mean= 0.640, std= 0.225, min= 0.327, max= 1.000
[17:45:06]   battery   : mean= 0.755, std= 0.223, min= 0.310, max= 1.000
[17:45:06]   customer  : mean= 0.958, std= 0.070, min= 0.710, max= 1.000
[17:45:06] 
======================================================================
[17:45:06] Episode 155/200
[17:45:06] ======================================================================
[17:45:06] 总奖励:    -8.86 | 步数: 24
[17:45:06] 最近10个episodes平均:    -4.39
[17:45:06] 各Agent奖励:
[17:45:06]   wind      :    4.323
[17:45:06]   solar     :    0.000
[17:45:06]   diesel    :    3.708
[17:45:06]   battery   :    2.462
[17:45:06]   customer  :  -19.354
[17:45:06] Buffer大小:  3840
[17:45:06] 噪声水平: 0.0852
[17:45:06] 
动作统计:
[17:45:06]   wind      : mean= 0.270, std= 0.263, min=-0.138, max= 0.881
[17:45:06]   solar     : mean= 0.257, std= 0.215, min=-0.132, max= 0.582
[17:45:06]   diesel    : mean= 0.630, std= 0.234, min= 0.145, max= 1.000
[17:45:06]   battery   : mean= 0.793, std= 0.200, min= 0.268, max= 1.000
[17:45:06]   customer  : mean= 0.954, std= 0.060, min= 0.794, max= 1.000
[17:45:07] 
======================================================================
[17:45:07] Episode 156/200
[17:45:07] ======================================================================
[17:45:07] 总奖励:    -6.07 | 步数: 24
[17:45:07] 最近10个episodes平均:    -4.89
[17:45:07] 各Agent奖励:
[17:45:07]   wind      :    7.006
[17:45:07]   solar     :    1.885
[17:45:07]   diesel    :    3.268
[17:45:07]   battery   :    0.939
[17:45:07]   customer  :  -19.167
[17:45:07] Buffer大小:  3864
[17:45:07] 噪声水平: 0.0851
[17:45:07] 
动作统计:
[17:45:07]   wind      : mean= 0.345, std= 0.287, min=-0.024, max= 0.944
[17:45:07]   solar     : mean= 0.246, std= 0.212, min=-0.165, max= 0.579
[17:45:07]   diesel    : mean= 0.626, std= 0.243, min= 0.157, max= 1.000
[17:45:07]   battery   : mean= 0.743, std= 0.244, min= 0.171, max= 1.000
[17:45:07]   customer  : mean= 0.939, std= 0.068, min= 0.775, max= 1.000
[17:45:07] 
======================================================================
[17:45:07] Episode 157/200
[17:45:07] ======================================================================
[17:45:07] 总奖励:     1.61 | 步数: 24
[17:45:07] 最近10个episodes平均:    -4.79
[17:45:07] 各Agent奖励:
[17:45:07]   wind      :    9.986
[17:45:07]   solar     :    1.383
[17:45:07]   diesel    :    6.830
[17:45:07]   battery   :    3.351
[17:45:07]   customer  :  -19.940
[17:45:07] Buffer大小:  3888
[17:45:07] 噪声水平: 0.0850
[17:45:07] 
动作统计:
[17:45:07]   wind      : mean= 0.291, std= 0.293, min=-0.177, max= 0.899
[17:45:07]   solar     : mean= 0.297, std= 0.170, min=-0.070, max= 0.557
[17:45:07]   diesel    : mean= 0.621, std= 0.223, min= 0.191, max= 0.947
[17:45:07]   battery   : mean= 0.781, std= 0.205, min= 0.064, max= 1.000
[17:45:07]   customer  : mean= 0.921, std= 0.073, min= 0.737, max= 1.000
[17:45:07] 
======================================================================
[17:45:07] Episode 158/200
[17:45:07] ======================================================================
[17:45:07] 总奖励:    -1.33 | 步数: 24
[17:45:07] 最近10个episodes平均:    -4.85
[17:45:07] 各Agent奖励:
[17:45:07]   wind      :    4.962
[17:45:07]   solar     :    4.394
[17:45:07]   diesel    :    8.342
[17:45:07]   battery   :    0.441
[17:45:07]   customer  :  -19.465
[17:45:07] Buffer大小:  3912
[17:45:07] 噪声水平: 0.0850
[17:45:07] 
动作统计:
[17:45:07]   wind      : mean= 0.266, std= 0.253, min=-0.217, max= 0.909
[17:45:07]   solar     : mean= 0.265, std= 0.186, min=-0.100, max= 0.521
[17:45:07]   diesel    : mean= 0.603, std= 0.225, min= 0.147, max= 1.000
[17:45:07]   battery   : mean= 0.737, std= 0.261, min= 0.041, max= 1.000
[17:45:07]   customer  : mean= 0.944, std= 0.072, min= 0.731, max= 1.000
[17:45:07] 
======================================================================
[17:45:07] Episode 159/200
[17:45:07] ======================================================================
[17:45:07] 总奖励:     1.07 | 步数: 24
[17:45:07] 最近10个episodes平均:    -5.63
[17:45:07] 各Agent奖励:
[17:45:07]   wind      :    7.873
[17:45:07]   solar     :    1.523
[17:45:07]   diesel    :    4.373
[17:45:07]   battery   :    7.087
[17:45:07]   customer  :  -19.784
[17:45:07] Buffer大小:  3936
[17:45:07] 噪声水平: 0.0849
[17:45:07] 
动作统计:
[17:45:07]   wind      : mean= 0.244, std= 0.270, min=-0.135, max= 0.955
[17:45:07]   solar     : mean= 0.246, std= 0.154, min=-0.101, max= 0.494
[17:45:07]   diesel    : mean= 0.607, std= 0.230, min= 0.061, max= 1.000
[17:45:07]   battery   : mean= 0.785, std= 0.211, min= 0.087, max= 1.000
[17:45:07]   customer  : mean= 0.939, std= 0.060, min= 0.758, max= 1.000
[17:45:07] 
======================================================================
[17:45:07] Episode 160/200
[17:45:07] ======================================================================
[17:45:07] 总奖励:    -4.54 | 步数: 24
[17:45:07] 最近10个episodes平均:    -5.20
[17:45:07] 各Agent奖励:
[17:45:07]   wind      :    7.939
[17:45:07]   solar     :    2.374
[17:45:07]   diesel    :    4.010
[17:45:07]   battery   :    0.769
[17:45:07]   customer  :  -19.636
[17:45:07] Buffer大小:  3960
[17:45:07] 噪声水平: 0.0848
[17:45:07] 
动作统计:
[17:45:07]   wind      : mean= 0.363, std= 0.302, min=-0.021, max= 1.000
[17:45:07]   solar     : mean= 0.273, std= 0.176, min=-0.056, max= 0.656
[17:45:07]   diesel    : mean= 0.586, std= 0.234, min= 0.195, max= 1.000
[17:45:07]   battery   : mean= 0.741, std= 0.240, min= 0.190, max= 1.000
[17:45:07]   customer  : mean= 0.932, std= 0.063, min= 0.782, max= 1.000
[17:45:07] 
📊 生成可视化图表...
[17:45:08]   ✓ 训练曲线: debug_plots/training_ep0160.png
[17:45:08]   ✓ Agent分析: debug_plots/agents_ep0160.png
[17:45:08] 
======================================================================
[17:45:08] Episode 161/200
[17:45:08] ======================================================================
[17:45:08] 总奖励:    -5.63 | 步数: 24
[17:45:08] 最近10个episodes平均:    -5.25
[17:45:08] 各Agent奖励:
[17:45:08]   wind      :    9.830
[17:45:08]   solar     :    0.719
[17:45:08]   diesel    :    3.328
[17:45:08]   battery   :    0.000
[17:45:08]   customer  :  -19.506
[17:45:08] Buffer大小:  3984
[17:45:08] 噪声水平: 0.0847
[17:45:08] 
动作统计:
[17:45:08]   wind      : mean= 0.285, std= 0.273, min=-0.173, max= 0.821
[17:45:08]   solar     : mean= 0.277, std= 0.184, min=-0.044, max= 0.557
[17:45:08]   diesel    : mean= 0.598, std= 0.238, min= 0.132, max= 1.000
[17:45:08]   battery   : mean= 0.754, std= 0.225, min= 0.200, max= 1.000
[17:45:08]   customer  : mean= 0.945, std= 0.065, min= 0.809, max= 1.000
[17:45:08] 
======================================================================
[17:45:08] Episode 162/200
[17:45:08] ======================================================================
[17:45:08] 总奖励:    -6.92 | 步数: 24
[17:45:08] 最近10个episodes平均:    -4.93
[17:45:08] 各Agent奖励:
[17:45:08]   wind      :    7.270
[17:45:08]   solar     :    3.043
[17:45:08]   diesel    :    0.926
[17:45:08]   battery   :    1.204
[17:45:08]   customer  :  -19.362
[17:45:08] Buffer大小:  4008
[17:45:08] 噪声水平: 0.0846
[17:45:08] 
动作统计:
[17:45:08]   wind      : mean= 0.300, std= 0.287, min=-0.156, max= 0.790
[17:45:08]   solar     : mean= 0.244, std= 0.185, min=-0.113, max= 0.545
[17:45:08]   diesel    : mean= 0.569, std= 0.230, min= 0.188, max= 1.000
[17:45:08]   battery   : mean= 0.766, std= 0.231, min= 0.130, max= 1.000
[17:45:08]   customer  : mean= 0.939, std= 0.066, min= 0.787, max= 1.000
[17:45:08] 
======================================================================
[17:45:08] Episode 163/200
[17:45:08] ======================================================================
[17:45:08] 总奖励:   -10.61 | 步数: 24
[17:45:08] 最近10个episodes平均:    -5.17
[17:45:08] 各Agent奖励:
[17:45:08]   wind      :    6.791
[17:45:08]   solar     :    0.070
[17:45:08]   diesel    :    1.679
[17:45:08]   battery   :    0.000
[17:45:08]   customer  :  -19.147
[17:45:08] Buffer大小:  4032
[17:45:08] 噪声水平: 0.0845
[17:45:08] 
动作统计:
[17:45:08]   wind      : mean= 0.297, std= 0.246, min=-0.217, max= 0.886
[17:45:08]   solar     : mean= 0.278, std= 0.190, min=-0.159, max= 0.559
[17:45:08]   diesel    : mean= 0.554, std= 0.234, min= 0.104, max= 1.000
[17:45:08]   battery   : mean= 0.748, std= 0.225, min= 0.341, max= 1.000
[17:45:08]   customer  : mean= 0.960, std= 0.058, min= 0.799, max= 1.000
[17:45:08] 
======================================================================
[17:45:08] Episode 164/200
[17:45:08] ======================================================================
[17:45:08] 总奖励:   -14.10 | 步数: 24
[17:45:08] 最近10个episodes平均:    -5.54
[17:45:08] 各Agent奖励:
[17:45:08]   wind      :    3.653
[17:45:08]   solar     :    0.828
[17:45:08]   diesel    :    0.405
[17:45:08]   battery   :    0.361
[17:45:08]   customer  :  -19.347
[17:45:08] Buffer大小:  4056
[17:45:08] 噪声水平: 0.0844
[17:45:08] 
动作统计:
[17:45:08]   wind      : mean= 0.260, std= 0.257, min=-0.094, max= 0.861
[17:45:08]   solar     : mean= 0.208, std= 0.162, min=-0.110, max= 0.441
[17:45:08]   diesel    : mean= 0.552, std= 0.228, min= 0.167, max= 0.996
[17:45:08]   battery   : mean= 0.755, std= 0.250, min= 0.179, max= 1.000
[17:45:08]   customer  : mean= 0.969, std= 0.050, min= 0.851, max= 1.000
[17:45:08] 
======================================================================
[17:45:08] Episode 165/200
[17:45:08] ======================================================================
[17:45:08] 总奖励:    -5.14 | 步数: 24
[17:45:08] 最近10个episodes平均:    -5.17
[17:45:08] 各Agent奖励:
[17:45:08]   wind      :    8.118
[17:45:08]   solar     :    1.442
[17:45:08]   diesel    :    4.007
[17:45:08]   battery   :    0.000
[17:45:08]   customer  :  -18.710
[17:45:08] Buffer大小:  4080
[17:45:08] 噪声水平: 0.0844
[17:45:08] 
动作统计:
[17:45:08]   wind      : mean= 0.330, std= 0.320, min=-0.130, max= 1.000
[17:45:08]   solar     : mean= 0.270, std= 0.155, min=-0.032, max= 0.506
[17:45:08]   diesel    : mean= 0.565, std= 0.240, min= 0.147, max= 0.966
[17:45:08]   battery   : mean= 0.724, std= 0.260, min= 0.191, max= 1.000
[17:45:08]   customer  : mean= 0.927, std= 0.075, min= 0.784, max= 1.000
[17:45:09] 
======================================================================
[17:45:09] Episode 166/200
[17:45:09] ======================================================================
[17:45:09] 总奖励:    -2.85 | 步数: 24
[17:45:09] 最近10个episodes平均:    -4.84
[17:45:09] 各Agent奖励:
[17:45:09]   wind      :    4.945
[17:45:09]   solar     :    4.110
[17:45:09]   diesel    :    5.380
[17:45:09]   battery   :    2.559
[17:45:09]   customer  :  -19.841
[17:45:09] Buffer大小:  4104
[17:45:09] 噪声水平: 0.0843
[17:45:09] 
动作统计:
[17:45:09]   wind      : mean= 0.253, std= 0.227, min=-0.074, max= 0.831
[17:45:09]   solar     : mean= 0.253, std= 0.177, min=-0.063, max= 0.513
[17:45:09]   diesel    : mean= 0.565, std= 0.226, min= 0.125, max= 1.000
[17:45:09]   battery   : mean= 0.762, std= 0.221, min= 0.285, max= 1.000
[17:45:09]   customer  : mean= 0.950, std= 0.056, min= 0.814, max= 1.000
[17:45:09] 
======================================================================
[17:45:09] Episode 167/200
[17:45:09] ======================================================================
[17:45:09] 总奖励:    -4.10 | 步数: 24
[17:45:09] 最近10个episodes平均:    -5.41
[17:45:09] 各Agent奖励:
[17:45:09]   wind      :    5.297
[17:45:09]   solar     :    0.301
[17:45:09]   diesel    :    3.063
[17:45:09]   battery   :    6.445
[17:45:09]   customer  :  -19.205
[17:45:09] Buffer大小:  4128
[17:45:09] 噪声水平: 0.0842
[17:45:09] 
动作统计:
[17:45:09]   wind      : mean= 0.220, std= 0.212, min= 0.005, max= 0.824
[17:45:09]   solar     : mean= 0.182, std= 0.179, min=-0.195, max= 0.488
[17:45:09]   diesel    : mean= 0.562, std= 0.245, min= 0.128, max= 1.000
[17:45:09]   battery   : mean= 0.794, std= 0.184, min= 0.264, max= 1.000
[17:45:09]   customer  : mean= 0.927, std= 0.086, min= 0.645, max= 1.000
[17:45:09] 
======================================================================
[17:45:09] Episode 168/200
[17:45:09] ======================================================================
[17:45:09] 总奖励:    -7.07 | 步数: 24
[17:45:09] 最近10个episodes平均:    -5.99
[17:45:09] 各Agent奖励:
[17:45:09]   wind      :    3.504
[17:45:09]   solar     :    5.985
[17:45:09]   diesel    :    1.463
[17:45:09]   battery   :    1.409
[17:45:09]   customer  :  -19.434
[17:45:09] Buffer大小:  4152
[17:45:09] 噪声水平: 0.0841
[17:45:09] 
动作统计:
[17:45:09]   wind      : mean= 0.201, std= 0.239, min=-0.196, max= 0.725
[17:45:09]   solar     : mean= 0.235, std= 0.180, min=-0.067, max= 0.516
[17:45:09]   diesel    : mean= 0.556, std= 0.265, min= 0.164, max= 1.000
[17:45:09]   battery   : mean= 0.771, std= 0.228, min= 0.213, max= 1.000
[17:45:09]   customer  : mean= 0.956, std= 0.054, min= 0.840, max= 1.000
[17:45:09] 
======================================================================
[17:45:09] Episode 169/200
[17:45:09] ======================================================================
[17:45:09] 总奖励:    -6.17 | 步数: 24
[17:45:09] 最近10个episodes平均:    -6.71
[17:45:09] 各Agent奖励:
[17:45:09]   wind      :    5.113
[17:45:09]   solar     :    4.905
[17:45:09]   diesel    :    2.036
[17:45:09]   battery   :    0.490
[17:45:09]   customer  :  -18.717
[17:45:09] Buffer大小:  4176
[17:45:09] 噪声水平: 0.0840
[17:45:09] 
动作统计:
[17:45:09]   wind      : mean= 0.237, std= 0.251, min=-0.210, max= 0.913
[17:45:09]   solar     : mean= 0.233, std= 0.177, min=-0.153, max= 0.485
[17:45:09]   diesel    : mean= 0.568, std= 0.261, min= 0.117, max= 1.000
[17:45:09]   battery   : mean= 0.747, std= 0.253, min= 0.181, max= 1.000
[17:45:09]   customer  : mean= 0.944, std= 0.064, min= 0.812, max= 1.000
[17:45:09] 
======================================================================
[17:45:09] Episode 170/200
[17:45:09] ======================================================================
[17:45:09] 总奖励:    -6.67 | 步数: 24
[17:45:09] 最近10个episodes平均:    -6.93
[17:45:09] 各Agent奖励:
[17:45:09]   wind      :    9.635
[17:45:09]   solar     :    1.190
[17:45:09]   diesel    :    1.426
[17:45:09]   battery   :    0.000
[17:45:09]   customer  :  -18.921
[17:45:09] Buffer大小:  4200
[17:45:09] 噪声水平: 0.0839
[17:45:09] 
动作统计:
[17:45:09]   wind      : mean= 0.313, std= 0.300, min=-0.131, max= 1.000
[17:45:09]   solar     : mean= 0.209, std= 0.127, min=-0.050, max= 0.448
[17:45:09]   diesel    : mean= 0.555, std= 0.251, min= 0.115, max= 1.000
[17:45:09]   battery   : mean= 0.722, std= 0.269, min= 0.218, max= 1.000
[17:45:09]   customer  : mean= 0.943, std= 0.080, min= 0.725, max= 1.000
[17:45:09] 
📊 生成可视化图表...
[17:45:10]   ✓ 训练曲线: debug_plots/training_ep0170.png
[17:45:10]   ✓ Agent分析: debug_plots/agents_ep0170.png
[17:45:10] 
======================================================================
[17:45:10] Episode 171/200
[17:45:10] ======================================================================
[17:45:10] 总奖励:   -11.38 | 步数: 24
[17:45:10] 最近10个episodes平均:    -7.50
[17:45:10] 各Agent奖励:
[17:45:10]   wind      :    4.314
[17:45:10]   solar     :    1.569
[17:45:10]   diesel    :    0.000
[17:45:10]   battery   :    1.248
[17:45:10]   customer  :  -18.514
[17:45:10] Buffer大小:  4224
[17:45:10] 噪声水平: 0.0839
[17:45:10] 
动作统计:
[17:45:10]   wind      : mean= 0.214, std= 0.271, min=-0.134, max= 1.000
[17:45:10]   solar     : mean= 0.218, std= 0.133, min= 0.011, max= 0.512
[17:45:10]   diesel    : mean= 0.565, std= 0.238, min= 0.154, max= 1.000
[17:45:10]   battery   : mean= 0.776, std= 0.240, min= 0.046, max= 1.000
[17:45:10]   customer  : mean= 0.945, std= 0.083, min= 0.720, max= 1.000
[17:45:10] 
======================================================================
[17:45:10] Episode 172/200
[17:45:10] ======================================================================
[17:45:10] 总奖励:    -5.93 | 步数: 24
[17:45:10] 最近10个episodes平均:    -7.40
[17:45:10] 各Agent奖励:
[17:45:10]   wind      :    8.358
[17:45:10]   solar     :    0.737
[17:45:10]   diesel    :    2.833
[17:45:10]   battery   :    1.338
[17:45:10]   customer  :  -19.196
[17:45:10] Buffer大小:  4248
[17:45:10] 噪声水平: 0.0838
[17:45:10] 
动作统计:
[17:45:10]   wind      : mean= 0.298, std= 0.326, min=-0.136, max= 0.989
[17:45:10]   solar     : mean= 0.193, std= 0.146, min=-0.119, max= 0.462
[17:45:10]   diesel    : mean= 0.559, std= 0.254, min= 0.067, max= 1.000
[17:45:10]   battery   : mean= 0.778, std= 0.228, min= 0.101, max= 1.000
[17:45:10]   customer  : mean= 0.937, std= 0.073, min= 0.780, max= 1.000
[17:45:10] 
======================================================================
[17:45:10] Episode 173/200
[17:45:10] ======================================================================
[17:45:10] 总奖励:    -5.67 | 步数: 24
[17:45:10] 最近10个episodes平均:    -6.91
[17:45:10] 各Agent奖励:
[17:45:10]   wind      :    7.314
[17:45:10]   solar     :    2.821
[17:45:10]   diesel    :    1.549
[17:45:10]   battery   :    2.170
[17:45:10]   customer  :  -19.520
[17:45:10] Buffer大小:  4272
[17:45:10] 噪声水平: 0.0837
[17:45:10] 
动作统计:
[17:45:10]   wind      : mean= 0.251, std= 0.247, min=-0.180, max= 1.000
[17:45:10]   solar     : mean= 0.200, std= 0.154, min=-0.144, max= 0.422
[17:45:10]   diesel    : mean= 0.579, std= 0.222, min= 0.195, max= 1.000
[17:45:10]   battery   : mean= 0.742, std= 0.242, min=-0.029, max= 1.000
[17:45:10]   customer  : mean= 0.949, std= 0.056, min= 0.830, max= 1.000
[17:45:10] 
======================================================================
[17:45:10] Episode 174/200
[17:45:10] ======================================================================
[17:45:10] 总奖励:    -3.31 | 步数: 24
[17:45:10] 最近10个episodes平均:    -5.83
[17:45:10] 各Agent奖励:
[17:45:10]   wind      :    9.886
[17:45:10]   solar     :    2.163
[17:45:10]   diesel    :    3.472
[17:45:10]   battery   :    0.000
[17:45:10]   customer  :  -18.835
[17:45:10] Buffer大小:  4296
[17:45:10] 噪声水平: 0.0836
[17:45:10] 
动作统计:
[17:45:10]   wind      : mean= 0.274, std= 0.355, min=-0.096, max= 1.000
[17:45:10]   solar     : mean= 0.197, std= 0.171, min=-0.133, max= 0.503
[17:45:10]   diesel    : mean= 0.569, std= 0.251, min= 0.164, max= 1.000
[17:45:10]   battery   : mean= 0.717, std= 0.252, min= 0.262, max= 1.000
[17:45:10]   customer  : mean= 0.927, std= 0.089, min= 0.733, max= 1.000
[17:45:11] 
======================================================================
[17:45:11] Episode 175/200
[17:45:11] ======================================================================
[17:45:11] 总奖励:    -7.22 | 步数: 24
[17:45:11] 最近10个episodes平均:    -6.04
[17:45:11] 各Agent奖励:
[17:45:11]   wind      :    6.316
[17:45:11]   solar     :    3.607
[17:45:11]   diesel    :    1.467
[17:45:11]   battery   :    0.962
[17:45:11]   customer  :  -19.574
[17:45:11] Buffer大小:  4320
[17:45:11] 噪声水平: 0.0835
[17:45:11] 
动作统计:
[17:45:11]   wind      : mean= 0.247, std= 0.271, min=-0.134, max= 0.810
[17:45:11]   solar     : mean= 0.248, std= 0.149, min=-0.154, max= 0.494
[17:45:11]   diesel    : mean= 0.573, std= 0.248, min= 0.140, max= 1.000
[17:45:11]   battery   : mean= 0.729, std= 0.260, min= 0.257, max= 1.000
[17:45:11]   customer  : mean= 0.951, std= 0.061, min= 0.773, max= 1.000
[17:45:11] 
======================================================================
[17:45:11] Episode 176/200
[17:45:11] ======================================================================
[17:45:11] 总奖励:    -4.85 | 步数: 24
[17:45:11] 最近10个episodes平均:    -6.24
[17:45:11] 各Agent奖励:
[17:45:11]   wind      :    6.807
[17:45:11]   solar     :    0.778
[17:45:11]   diesel    :    3.799
[17:45:11]   battery   :    2.777
[17:45:11]   customer  :  -19.016
[17:45:11] Buffer大小:  4344
[17:45:11] 噪声水平: 0.0834
[17:45:11] 
动作统计:
[17:45:11]   wind      : mean= 0.261, std= 0.315, min=-0.177, max= 0.938
[17:45:11]   solar     : mean= 0.222, std= 0.154, min=-0.086, max= 0.493
[17:45:11]   diesel    : mean= 0.553, std= 0.265, min= 0.057, max= 1.000
[17:45:11]   battery   : mean= 0.737, std= 0.234, min= 0.224, max= 1.000
[17:45:11]   customer  : mean= 0.929, std= 0.079, min= 0.723, max= 1.000
[17:45:11] 
======================================================================
[17:45:11] Episode 177/200
[17:45:11] ======================================================================
[17:45:11] 总奖励:    -6.53 | 步数: 24
[17:45:11] 最近10个episodes平均:    -6.48
[17:45:11] 各Agent奖励:
[17:45:11]   wind      :    5.006
[17:45:11]   solar     :    1.478
[17:45:11]   diesel    :    5.496
[17:45:11]   battery   :    0.000
[17:45:11]   customer  :  -18.513
[17:45:11] Buffer大小:  4368
[17:45:11] 噪声水平: 0.0834
[17:45:11] 
动作统计:
[17:45:11]   wind      : mean= 0.294, std= 0.346, min=-0.216, max= 0.880
[17:45:11]   solar     : mean= 0.190, std= 0.162, min=-0.154, max= 0.452
[17:45:11]   diesel    : mean= 0.571, std= 0.265, min= 0.094, max= 1.000
[17:45:11]   battery   : mean= 0.731, std= 0.265, min= 0.220, max= 1.000
[17:45:11]   customer  : mean= 0.925, std= 0.070, min= 0.750, max= 1.000
[17:45:11] 
======================================================================
[17:45:11] Episode 178/200
[17:45:11] ======================================================================
[17:45:11] 总奖励:    -4.30 | 步数: 24
[17:45:11] 最近10个episodes平均:    -6.20
[17:45:11] 各Agent奖励:
[17:45:11]   wind      :    5.525
[17:45:11]   solar     :    4.959
[17:45:11]   diesel    :    1.567
[17:45:11]   battery   :    2.536
[17:45:11]   customer  :  -18.888
[17:45:11] Buffer大小:  4392
[17:45:11] 噪声水平: 0.0833
[17:45:11] 
动作统计:
[17:45:11]   wind      : mean= 0.215, std= 0.243, min=-0.183, max= 0.795
[17:45:11]   solar     : mean= 0.234, std= 0.125, min=-0.015, max= 0.425
[17:45:11]   diesel    : mean= 0.572, std= 0.250, min= 0.156, max= 1.000
[17:45:11]   battery   : mean= 0.779, std= 0.212, min= 0.158, max= 1.000
[17:45:11]   customer  : mean= 0.931, std= 0.074, min= 0.715, max= 1.000
[17:45:11] 
======================================================================
[17:45:11] Episode 179/200
[17:45:11] ======================================================================
[17:45:11] 总奖励:    -9.12 | 步数: 24
[17:45:11] 最近10个episodes平均:    -6.50
[17:45:11] 各Agent奖励:
[17:45:11]   wind      :    2.508
[17:45:11]   solar     :    1.036
[17:45:11]   diesel    :    5.178
[17:45:11]   battery   :    0.000
[17:45:11]   customer  :  -17.846
[17:45:11] Buffer大小:  4416
[17:45:11] 噪声水平: 0.0832
[17:45:11] 
动作统计:
[17:45:11]   wind      : mean= 0.241, std= 0.326, min=-0.236, max= 1.000
[17:45:11]   solar     : mean= 0.223, std= 0.165, min=-0.087, max= 0.509
[17:45:11]   diesel    : mean= 0.591, std= 0.275, min= 0.085, max= 1.000
[17:45:11]   battery   : mean= 0.699, std= 0.290, min= 0.208, max= 1.000
[17:45:11]   customer  : mean= 0.921, std= 0.087, min= 0.744, max= 1.000
[17:45:11] 
======================================================================
[17:45:11] Episode 180/200
[17:45:11] ======================================================================
[17:45:11] 总奖励:    -6.61 | 步数: 24
[17:45:11] 最近10个episodes平均:    -6.49
[17:45:11] 各Agent奖励:
[17:45:11]   wind      :    4.724
[17:45:11]   solar     :    3.426
[17:45:11]   diesel    :    1.579
[17:45:11]   battery   :    3.290
[17:45:11]   customer  :  -19.632
[17:45:11] Buffer大小:  4440
[17:45:11] 噪声水平: 0.0831
[17:45:11] 
动作统计:
[17:45:11]   wind      : mean= 0.238, std= 0.231, min=-0.096, max= 0.705
[17:45:11]   solar     : mean= 0.215, std= 0.133, min=-0.024, max= 0.484
[17:45:11]   diesel    : mean= 0.584, std= 0.253, min= 0.165, max= 1.000
[17:45:11]   battery   : mean= 0.763, std= 0.238, min= 0.041, max= 1.000
[17:45:11]   customer  : mean= 0.940, std= 0.068, min= 0.780, max= 1.000
[17:45:11] 
📊 生成可视化图表...
[17:45:12]   ✓ 训练曲线: debug_plots/training_ep0180.png
[17:45:12]   ✓ Agent分析: debug_plots/agents_ep0180.png
[17:45:12] 
======================================================================
[17:45:12] Episode 181/200
[17:45:12] ======================================================================
[17:45:12] 总奖励:    -0.58 | 步数: 24
[17:45:12] 最近10个episodes平均:    -5.41
[17:45:12] 各Agent奖励:
[17:45:12]   wind      :    7.009
[17:45:12]   solar     :    1.434
[17:45:12]   diesel    :    6.722
[17:45:12]   battery   :    3.808
[17:45:12]   customer  :  -19.552
[17:45:12] Buffer大小:  4464
[17:45:12] 噪声水平: 0.0830
[17:45:12] 
动作统计:
[17:45:12]   wind      : mean= 0.259, std= 0.249, min=-0.054, max= 0.911
[17:45:12]   solar     : mean= 0.222, std= 0.136, min=-0.046, max= 0.438
[17:45:12]   diesel    : mean= 0.598, std= 0.251, min= 0.205, max= 1.000
[17:45:12]   battery   : mean= 0.770, std= 0.227, min= 0.083, max= 1.000
[17:45:12]   customer  : mean= 0.918, std= 0.078, min= 0.777, max= 1.000
[17:45:12] 
======================================================================
[17:45:12] Episode 182/200
[17:45:12] ======================================================================
[17:45:12] 总奖励:    -4.10 | 步数: 24
[17:45:12] 最近10个episodes平均:    -5.23
[17:45:12] 各Agent奖励:
[17:45:12]   wind      :    6.945
[17:45:12]   solar     :    3.370
[17:45:12]   diesel    :    3.941
[17:45:12]   battery   :    0.528
[17:45:12]   customer  :  -18.879
[17:45:12] Buffer大小:  4488
[17:45:12] 噪声水平: 0.0829
[17:45:12] 
动作统计:
[17:45:12]   wind      : mean= 0.245, std= 0.274, min=-0.223, max= 0.900
[17:45:12]   solar     : mean= 0.231, std= 0.135, min=-0.023, max= 0.444
[17:45:12]   diesel    : mean= 0.569, std= 0.253, min= 0.150, max= 1.000
[17:45:12]   battery   : mean= 0.720, std= 0.270, min= 0.194, max= 1.000
[17:45:12]   customer  : mean= 0.941, std= 0.069, min= 0.693, max= 1.000
[17:45:12] 
======================================================================
[17:45:12] Episode 183/200
[17:45:12] ======================================================================
[17:45:12] 总奖励:    -9.07 | 步数: 24
[17:45:12] 最近10个episodes平均:    -5.57
[17:45:12] 各Agent奖励:
[17:45:12]   wind      :    6.994
[17:45:12]   solar     :    0.000
[17:45:12]   diesel    :    1.732
[17:45:12]   battery   :    1.205
[17:45:12]   customer  :  -19.006
[17:45:12] Buffer大小:  4512
[17:45:12] 噪声水平: 0.0829
[17:45:12] 
动作统计:
[17:45:12]   wind      : mean= 0.278, std= 0.346, min=-0.226, max= 1.000
[17:45:12]   solar     : mean= 0.183, std= 0.129, min=-0.127, max= 0.438
[17:45:12]   diesel    : mean= 0.548, std= 0.255, min= 0.010, max= 0.986
[17:45:12]   battery   : mean= 0.737, std= 0.254, min= 0.208, max= 1.000
[17:45:12]   customer  : mean= 0.948, std= 0.070, min= 0.733, max= 1.000
[17:45:12] 
======================================================================
[17:45:12] Episode 184/200
[17:45:12] ======================================================================
[17:45:12] 总奖励:    -5.37 | 步数: 24
[17:45:12] 最近10个episodes平均:    -5.78
[17:45:12] 各Agent奖励:
[17:45:12]   wind      :    5.368
[17:45:12]   solar     :    2.009
[17:45:12]   diesel    :    1.345
[17:45:12]   battery   :    5.236
[17:45:12]   customer  :  -19.326
[17:45:12] Buffer大小:  4536
[17:45:12] 噪声水平: 0.0828
[17:45:12] 
动作统计:
[17:45:12]   wind      : mean= 0.161, std= 0.273, min=-0.174, max= 0.785
[17:45:12]   solar     : mean= 0.189, std= 0.129, min=-0.049, max= 0.390
[17:45:12]   diesel    : mean= 0.566, std= 0.242, min= 0.120, max= 1.000
[17:45:12]   battery   : mean= 0.792, std= 0.215, min= 0.260, max= 1.000
[17:45:12]   customer  : mean= 0.950, std= 0.069, min= 0.783, max= 1.000
[17:45:13] 
======================================================================
[17:45:13] Episode 185/200
[17:45:13] ======================================================================
[17:45:13] 总奖励:    -9.91 | 步数: 24
[17:45:13] 最近10个episodes平均:    -6.05
[17:45:13] 各Agent奖励:
[17:45:13]   wind      :    3.563
[17:45:13]   solar     :    0.978
[17:45:13]   diesel    :    0.063
[17:45:13]   battery   :    4.017
[17:45:13]   customer  :  -18.533
[17:45:13] Buffer大小:  4560
[17:45:13] 噪声水平: 0.0827
[17:45:13] 
动作统计:
[17:45:13]   wind      : mean= 0.205, std= 0.258, min=-0.115, max= 0.883
[17:45:13]   solar     : mean= 0.198, std= 0.113, min= 0.053, max= 0.431
[17:45:13]   diesel    : mean= 0.546, std= 0.249, min= 0.097, max= 1.000
[17:45:13]   battery   : mean= 0.793, std= 0.208, min= 0.172, max= 1.000
[17:45:13]   customer  : mean= 0.951, std= 0.088, min= 0.612, max= 1.000
[17:45:13] 
======================================================================
[17:45:13] Episode 186/200
[17:45:13] ======================================================================
[17:45:13] 总奖励:   -11.58 | 步数: 24
[17:45:13] 最近10个episodes平均:    -6.72
[17:45:13] 各Agent奖励:
[17:45:13]   wind      :    3.252
[17:45:13]   solar     :    2.130
[17:45:13]   diesel    :    0.050
[17:45:13]   battery   :    1.835
[17:45:13]   customer  :  -18.848
[17:45:13] Buffer大小:  4584
[17:45:13] 噪声水平: 0.0826
[17:45:13] 
动作统计:
[17:45:13]   wind      : mean= 0.173, std= 0.244, min=-0.159, max= 0.830
[17:45:13]   solar     : mean= 0.247, std= 0.137, min=-0.004, max= 0.509
[17:45:13]   diesel    : mean= 0.531, std= 0.259, min= 0.052, max= 1.000
[17:45:13]   battery   : mean= 0.764, std= 0.247, min= 0.187, max= 1.000
[17:45:13]   customer  : mean= 0.955, std= 0.051, min= 0.863, max= 1.000
[17:45:13] 
======================================================================
[17:45:13] Episode 187/200
[17:45:13] ======================================================================
[17:45:13] 总奖励:    -7.83 | 步数: 24
[17:45:13] 最近10个episodes平均:    -6.85
[17:45:13] 各Agent奖励:
[17:45:13]   wind      :    7.860
[17:45:13]   solar     :    1.421
[17:45:13]   diesel    :    2.014
[17:45:13]   battery   :    0.000
[17:45:13]   customer  :  -19.123
[17:45:13] Buffer大小:  4608
[17:45:13] 噪声水平: 0.0825
[17:45:13] 
动作统计:
[17:45:13]   wind      : mean= 0.263, std= 0.307, min=-0.097, max= 1.000
[17:45:13]   solar     : mean= 0.204, std= 0.148, min=-0.014, max= 0.472
[17:45:13]   diesel    : mean= 0.561, std= 0.276, min= 0.111, max= 1.000
[17:45:13]   battery   : mean= 0.736, std= 0.257, min= 0.173, max= 1.000
[17:45:13]   customer  : mean= 0.944, std= 0.060, min= 0.764, max= 1.000
[17:45:13] 
======================================================================
[17:45:13] Episode 188/200
[17:45:13] ======================================================================
[17:45:13] 总奖励:    -6.72 | 步数: 24
[17:45:13] 最近10个episodes平均:    -7.09
[17:45:13] 各Agent奖励:
[17:45:13]   wind      :    6.758
[17:45:13]   solar     :    1.447
[17:45:13]   diesel    :    1.603
[17:45:13]   battery   :    1.912
[17:45:13]   customer  :  -18.436
[17:45:13] Buffer大小:  4632
[17:45:13] 噪声水平: 0.0824
[17:45:13] 
动作统计:
[17:45:13]   wind      : mean= 0.254, std= 0.313, min=-0.103, max= 0.887
[17:45:13]   solar     : mean= 0.208, std= 0.127, min=-0.051, max= 0.402
[17:45:13]   diesel    : mean= 0.548, std= 0.255, min= 0.155, max= 1.000
[17:45:13]   battery   : mean= 0.758, std= 0.240, min= 0.274, max= 1.000
[17:45:13]   customer  : mean= 0.935, std= 0.056, min= 0.817, max= 1.000
[17:45:13] 
======================================================================
[17:45:13] Episode 189/200
[17:45:13] ======================================================================
[17:45:13] 总奖励:    -6.87 | 步数: 24
[17:45:13] 最近10个episodes平均:    -6.86
[17:45:13] 各Agent奖励:
[17:45:13]   wind      :    6.188
[17:45:13]   solar     :    0.512
[17:45:13]   diesel    :    3.570
[17:45:13]   battery   :    1.542
[17:45:13]   customer  :  -18.684
[17:45:13] Buffer大小:  4656
[17:45:13] 噪声水平: 0.0824
[17:45:13] 
动作统计:
[17:45:13]   wind      : mean= 0.245, std= 0.299, min=-0.228, max= 0.999
[17:45:13]   solar     : mean= 0.239, std= 0.145, min= 0.003, max= 0.573
[17:45:13]   diesel    : mean= 0.561, std= 0.256, min= 0.132, max= 1.000
[17:45:13]   battery   : mean= 0.749, std= 0.215, min= 0.206, max= 1.000
[17:45:13]   customer  : mean= 0.944, std= 0.065, min= 0.789, max= 1.000
[17:45:13] 
======================================================================
[17:45:13] Episode 190/200
[17:45:13] ======================================================================
[17:45:13] 总奖励:    -8.93 | 步数: 24
[17:45:13] 最近10个episodes平均:    -7.10
[17:45:13] 各Agent奖励:
[17:45:13]   wind      :    1.987
[17:45:13]   solar     :    5.568
[17:45:13]   diesel    :    1.513
[17:45:13]   battery   :    0.776
[17:45:13]   customer  :  -18.771
[17:45:13] Buffer大小:  4680
[17:45:13] 噪声水平: 0.0823
[17:45:13] 
动作统计:
[17:45:13]   wind      : mean= 0.160, std= 0.189, min=-0.178, max= 0.509
[17:45:13]   solar     : mean= 0.240, std= 0.140, min=-0.015, max= 0.493
[17:45:13]   diesel    : mean= 0.568, std= 0.254, min= 0.102, max= 1.000
[17:45:13]   battery   : mean= 0.756, std= 0.230, min= 0.183, max= 1.000
[17:45:13]   customer  : mean= 0.953, std= 0.058, min= 0.786, max= 1.000
[17:45:13] 
📊 生成可视化图表...
[17:45:14]   ✓ 训练曲线: debug_plots/training_ep0190.png
[17:45:14]   ✓ Agent分析: debug_plots/agents_ep0190.png
[17:45:14] 
======================================================================
[17:45:14] Episode 191/200
[17:45:14] ======================================================================
[17:45:14] 总奖励:    -4.92 | 步数: 24
[17:45:14] 最近10个episodes平均:    -7.53
[17:45:14] 各Agent奖励:
[17:45:14]   wind      :    7.241
[17:45:14]   solar     :    1.219
[17:45:14]   diesel    :    1.163
[17:45:14]   battery   :    4.364
[17:45:14]   customer  :  -18.907
[17:45:14] Buffer大小:  4704
[17:45:14] 噪声水平: 0.0822
[17:45:14] 
动作统计:
[17:45:14]   wind      : mean= 0.266, std= 0.239, min=-0.044, max= 0.758
[17:45:14]   solar     : mean= 0.222, std= 0.144, min=-0.147, max= 0.483
[17:45:14]   diesel    : mean= 0.566, std= 0.242, min= 0.175, max= 1.000
[17:45:14]   battery   : mean= 0.763, std= 0.215, min= 0.330, max= 1.000
[17:45:14]   customer  : mean= 0.939, std= 0.057, min= 0.806, max= 1.000
[17:45:14] 
======================================================================
[17:45:14] Episode 192/200
[17:45:14] ======================================================================
[17:45:14] 总奖励:    -7.36 | 步数: 24
[17:45:14] 最近10个episodes平均:    -7.86
[17:45:14] 各Agent奖励:
[17:45:14]   wind      :    5.566
[17:45:14]   solar     :    3.046
[17:45:14]   diesel    :    2.233
[17:45:14]   battery   :    0.917
[17:45:14]   customer  :  -19.120
[17:45:14] Buffer大小:  4728
[17:45:14] 噪声水平: 0.0821
[17:45:14] 
动作统计:
[17:45:14]   wind      : mean= 0.250, std= 0.242, min=-0.142, max= 0.718
[17:45:14]   solar     : mean= 0.229, std= 0.126, min= 0.029, max= 0.469
[17:45:14]   diesel    : mean= 0.600, std= 0.239, min= 0.092, max= 1.000
[17:45:14]   battery   : mean= 0.735, std= 0.271, min= 0.178, max= 1.000
[17:45:14]   customer  : mean= 0.928, std= 0.097, min= 0.605, max= 1.000
[17:45:14] 
======================================================================
[17:45:14] Episode 193/200
[17:45:14] ======================================================================
[17:45:14] 总奖励:    -6.96 | 步数: 24
[17:45:14] 最近10个episodes平均:    -7.64
[17:45:14] 各Agent奖励:
[17:45:14]   wind      :    4.998
[17:45:14]   solar     :    2.485
[17:45:14]   diesel    :    0.616
[17:45:14]   battery   :    4.166
[17:45:14]   customer  :  -19.221
[17:45:14] Buffer大小:  4752
[17:45:14] 噪声水平: 0.0820
[17:45:14] 
动作统计:
[17:45:14]   wind      : mean= 0.196, std= 0.270, min=-0.122, max= 0.808
[17:45:14]   solar     : mean= 0.240, std= 0.123, min= 0.033, max= 0.442
[17:45:14]   diesel    : mean= 0.544, std= 0.259, min= 0.111, max= 1.000
[17:45:14]   battery   : mean= 0.763, std= 0.215, min= 0.326, max= 1.000
[17:45:14]   customer  : mean= 0.942, std= 0.067, min= 0.741, max= 1.000
[17:45:14] 
======================================================================
[17:45:14] Episode 194/200
[17:45:14] ======================================================================
[17:45:14] 总奖励:    -5.87 | 步数: 24
[17:45:14] 最近10个episodes平均:    -7.69
[17:45:14] 各Agent奖励:
[17:45:14]   wind      :    8.800
[17:45:14]   solar     :    1.517
[17:45:14]   diesel    :    2.630
[17:45:14]   battery   :    0.774
[17:45:14]   customer  :  -19.592
[17:45:14] Buffer大小:  4776
[17:45:14] 噪声水平: 0.0819
[17:45:14] 
动作统计:
[17:45:14]   wind      : mean= 0.306, std= 0.299, min=-0.175, max= 0.944
[17:45:14]   solar     : mean= 0.187, std= 0.127, min=-0.057, max= 0.372
[17:45:14]   diesel    : mean= 0.531, std= 0.244, min= 0.187, max= 1.000
[17:45:14]   battery   : mean= 0.733, std= 0.250, min= 0.238, max= 1.000
[17:45:14]   customer  : mean= 0.940, std= 0.052, min= 0.831, max= 1.000
[17:45:15] 
======================================================================
[17:45:15] Episode 195/200
[17:45:15] ======================================================================
[17:45:15] 总奖励:   -11.00 | 步数: 24
[17:45:15] 最近10个episodes平均:    -7.80
[17:45:15] 各Agent奖励:
[17:45:15]   wind      :    2.413
[17:45:15]   solar     :    2.868
[17:45:15]   diesel    :    3.061
[17:45:15]   battery   :    0.000
[17:45:15]   customer  :  -19.343
[17:45:15] Buffer大小:  4800
[17:45:15] 噪声水平: 0.0819
[17:45:15] 
动作统计:
[17:45:15]   wind      : mean= 0.166, std= 0.177, min=-0.107, max= 0.655
[17:45:15]   solar     : mean= 0.261, std= 0.130, min= 0.038, max= 0.497
[17:45:15]   diesel    : mean= 0.536, std= 0.278, min= 0.178, max= 1.000
[17:45:15]   battery   : mean= 0.722, std= 0.287, min= 0.170, max= 1.000
[17:45:15]   customer  : mean= 0.948, std= 0.083, min= 0.681, max= 1.000
[17:45:15] 
======================================================================
[17:45:15] Episode 196/200
[17:45:15] ======================================================================
[17:45:15] 总奖励:    -9.92 | 步数: 24
[17:45:15] 最近10个episodes平均:    -7.64
[17:45:15] 各Agent奖励:
[17:45:15]   wind      :    3.418
[17:45:15]   solar     :    0.660
[17:45:15]   diesel    :    1.625
[17:45:15]   battery   :    2.979
[17:45:15]   customer  :  -18.605
[17:45:15] Buffer大小:  4824
[17:45:15] 噪声水平: 0.0818
[17:45:15] 
动作统计:
[17:45:15]   wind      : mean= 0.184, std= 0.205, min=-0.085, max= 0.809
[17:45:15]   solar     : mean= 0.190, std= 0.124, min=-0.054, max= 0.404
[17:45:15]   diesel    : mean= 0.541, std= 0.257, min= 0.148, max= 1.000
[17:45:15]   battery   : mean= 0.788, std= 0.208, min= 0.173, max= 1.000
[17:45:15]   customer  : mean= 0.947, std= 0.080, min= 0.673, max= 1.000
[17:45:15] 
======================================================================
[17:45:15] Episode 197/200
[17:45:15] ======================================================================
[17:45:15] 总奖励:    -7.29 | 步数: 24
[17:45:15] 最近10个episodes平均:    -7.58
[17:45:15] 各Agent奖励:
[17:45:15]   wind      :    7.533
[17:45:15]   solar     :    2.034
[17:45:15]   diesel    :    0.708
[17:45:15]   battery   :    1.317
[17:45:15]   customer  :  -18.887
[17:45:15] Buffer大小:  4848
[17:45:15] 噪声水平: 0.0817
[17:45:15] 
动作统计:
[17:45:15]   wind      : mean= 0.240, std= 0.230, min=-0.099, max= 0.832
[17:45:15]   solar     : mean= 0.198, std= 0.121, min= 0.010, max= 0.401
[17:45:15]   diesel    : mean= 0.535, std= 0.250, min= 0.063, max= 1.000
[17:45:15]   battery   : mean= 0.761, std= 0.235, min= 0.104, max= 1.000
[17:45:15]   customer  : mean= 0.944, std= 0.061, min= 0.808, max= 1.000
[17:45:15] 
======================================================================
[17:45:15] Episode 198/200
[17:45:15] ======================================================================
[17:45:15] 总奖励:    -4.42 | 步数: 24
[17:45:15] 最近10个episodes平均:    -7.35
[17:45:15] 各Agent奖励:
[17:45:15]   wind      :    5.948
[17:45:15]   solar     :    3.859
[17:45:15]   diesel    :    2.634
[17:45:15]   battery   :    1.790
[17:45:15]   customer  :  -18.647
[17:45:15] Buffer大小:  4872
[17:45:15] 噪声水平: 0.0816
[17:45:15] 
动作统计:
[17:45:15]   wind      : mean= 0.281, std= 0.312, min=-0.133, max= 0.903
[17:45:15]   solar     : mean= 0.219, std= 0.133, min= 0.012, max= 0.472
[17:45:15]   diesel    : mean= 0.537, std= 0.272, min= 0.074, max= 1.000
[17:45:15]   battery   : mean= 0.773, std= 0.237, min= 0.097, max= 1.000
[17:45:15]   customer  : mean= 0.922, std= 0.070, min= 0.753, max= 1.000
[17:45:15] 
======================================================================
[17:45:15] Episode 199/200
[17:45:15] ======================================================================
[17:45:15] 总奖励:    -4.29 | 步数: 24
[17:45:15] 最近10个episodes平均:    -7.10
[17:45:15] 各Agent奖励:
[17:45:15]   wind      :    4.858
[17:45:15]   solar     :    3.407
[17:45:15]   diesel    :    5.451
[17:45:15]   battery   :    1.609
[17:45:15]   customer  :  -19.613
[17:45:15] Buffer大小:  4896
[17:45:15] 噪声水平: 0.0815
[17:45:15] 
动作统计:
[17:45:15]   wind      : mean= 0.233, std= 0.286, min=-0.117, max= 0.970
[17:45:15]   solar     : mean= 0.227, std= 0.141, min=-0.037, max= 0.455
[17:45:15]   diesel    : mean= 0.583, std= 0.248, min= 0.194, max= 1.000
[17:45:15]   battery   : mean= 0.742, std= 0.241, min= 0.252, max= 1.000
[17:45:15]   customer  : mean= 0.939, std= 0.069, min= 0.738, max= 1.000
[17:45:15] 
======================================================================
[17:45:15] Episode 200/200
[17:45:15] ======================================================================
[17:45:15] 总奖励:    -2.65 | 步数: 24
[17:45:15] 最近10个episodes平均:    -6.47
[17:45:15] 各Agent奖励:
[17:45:15]   wind      :   12.571
[17:45:15]   solar     :    1.799
[17:45:15]   diesel    :    1.055
[17:45:15]   battery   :    0.948
[17:45:15]   customer  :  -19.025
[17:45:15] Buffer大小:  4920
[17:45:15] 噪声水平: 0.0815
[17:45:15] 
动作统计:
[17:45:15]   wind      : mean= 0.288, std= 0.276, min=-0.020, max= 0.981
[17:45:15]   solar     : mean= 0.178, std= 0.117, min= 0.017, max= 0.457
[17:45:15]   diesel    : mean= 0.565, std= 0.248, min= 0.069, max= 1.000
[17:45:15]   battery   : mean= 0.724, std= 0.282, min= 0.155, max= 1.000
[17:45:15]   customer  : mean= 0.931, std= 0.076, min= 0.687, max= 1.000
[17:45:15] 
📊 生成可视化图表...
[17:45:16]   ✓ 训练曲线: debug_plots/training_ep0200.png
[17:45:16]   ✓ Agent分析: debug_plots/agents_ep0200.png
[17:45:16] 💾 保存检查点: debug_checkpoints/debug_maddpg_20251117_174435_ep0200.pt
[17:45:16] 
======================================================================
[17:45:16] 🎉 训练完成！
[17:45:16] ======================================================================
[17:45:16] 
💾 统计数据已保存: debug_logs/debug_maddpg_20251117_174435_stats.json
[17:45:16] 📊 总结图表: debug_plots/summary_final.png
[17:45:16] 💾 保存检查点: debug_checkpoints/debug_maddpg_20251117_174435_final.pt
