[13:47:37] 
======================================================================
[13:47:37] 🚀 开始调试训练
[13:47:37] ======================================================================
[13:47:37] 
🔥 预热阶段 (5 episodes)
[13:47:37]   预热 1/5 - Buffer: 24
[13:47:37]   预热 2/5 - Buffer: 48
[13:47:37]   预热 3/5 - Buffer: 72
[13:47:37]   预热 4/5 - Buffer: 96
[13:47:37]   预热 5/5 - Buffer: 120
[13:47:37] 
🏋️  训练阶段
[13:47:37] ======================================================================
[13:47:38] 
======================================================================
[13:47:38] Episode 1/200
[13:47:38] ======================================================================
[13:47:38] 总奖励:    94.24 | 步数: 24
[13:47:38] 最近10个episodes平均:    94.24
[13:47:38] 各Agent奖励:
[13:47:38]   wind      :   66.185
[13:47:38]   solar     :   21.534
[13:47:38]   diesel    :   15.627
[13:47:38]   battery   :    1.430
[13:47:38]   customer  :  -10.536
[13:47:38] Buffer大小:   144
[13:47:38] 噪声水平: 0.0994
[13:47:38] 
动作统计:
[13:47:38]   wind      : mean=-0.092, std= 0.090, min=-0.236, max= 0.053
[13:47:38]   solar     : mean=-0.050, std= 0.085, min=-0.202, max= 0.161
[13:47:38]   diesel    : mean= 0.044, std= 0.169, min=-0.212, max= 0.420
[13:47:38]   battery   : mean=-0.002, std= 0.083, min=-0.211, max= 0.186
[13:47:38]   customer  : mean= 0.065, std= 0.102, min=-0.137, max= 0.239
[13:47:38] 
======================================================================
[13:47:38] Episode 2/200
[13:47:38] ======================================================================
[13:47:38] 总奖励:    94.51 | 步数: 24
[13:47:38] 最近10个episodes平均:    94.38
[13:47:38] 各Agent奖励:
[13:47:38]   wind      :   85.739
[13:47:38]   solar     :   10.477
[13:47:38]   diesel    :    8.554
[13:47:38]   battery   :   -0.284
[13:47:38]   customer  :   -9.974
[13:47:38] Buffer大小:   168
[13:47:38] 噪声水平: 0.0993
[13:47:38] 
动作统计:
[13:47:38]   wind      : mean=-0.063, std= 0.109, min=-0.275, max= 0.154
[13:47:38]   solar     : mean=-0.012, std= 0.113, min=-0.214, max= 0.202
[13:47:38]   diesel    : mean= 0.019, std= 0.120, min=-0.201, max= 0.290
[13:47:38]   battery   : mean= 0.001, std= 0.106, min=-0.241, max= 0.284
[13:47:38]   customer  : mean= 0.008, std= 0.116, min=-0.201, max= 0.370
[13:47:38] 
======================================================================
[13:47:38] Episode 3/200
[13:47:38] ======================================================================
[13:47:38] 总奖励:   110.99 | 步数: 24
[13:47:38] 最近10个episodes平均:    99.91
[13:47:38] 各Agent奖励:
[13:47:38]   wind      :   84.126
[13:47:38]   solar     :   32.765
[13:47:38]   diesel    :    8.897
[13:47:38]   battery   :   -3.100
[13:47:38]   customer  :  -11.701
[13:47:38] Buffer大小:   192
[13:47:38] 噪声水平: 0.0992
[13:47:38] 
动作统计:
[13:47:38]   wind      : mean=-0.057, std= 0.101, min=-0.270, max= 0.100
[13:47:38]   solar     : mean=-0.026, std= 0.129, min=-0.250, max= 0.193
[13:47:38]   diesel    : mean=-0.010, std= 0.130, min=-0.350, max= 0.240
[13:47:38]   battery   : mean=-0.010, std= 0.104, min=-0.196, max= 0.252
[13:47:38]   customer  : mean= 0.017, std= 0.070, min=-0.125, max= 0.146
[13:47:38] 
======================================================================
[13:47:38] Episode 4/200
[13:47:38] ======================================================================
[13:47:38] 总奖励:   150.99 | 步数: 24
[13:47:38] 最近10个episodes平均:   112.68
[13:47:38] 各Agent奖励:
[13:47:38]   wind      :  124.045
[13:47:38]   solar     :   25.025
[13:47:38]   diesel    :   13.357
[13:47:38]   battery   :    3.485
[13:47:38]   customer  :  -14.922
[13:47:38] Buffer大小:   216
[13:47:38] 噪声水平: 0.0991
[13:47:38] 
动作统计:
[13:47:38]   wind      : mean= 0.016, std= 0.089, min=-0.125, max= 0.171
[13:47:38]   solar     : mean=-0.002, std= 0.105, min=-0.242, max= 0.204
[13:47:38]   diesel    : mean= 0.026, std= 0.129, min=-0.347, max= 0.256
[13:47:38]   battery   : mean= 0.035, std= 0.095, min=-0.171, max= 0.196
[13:47:38]   customer  : mean= 0.004, std= 0.098, min=-0.187, max= 0.239
[13:47:38] 
======================================================================
[13:47:38] Episode 5/200
[13:47:38] ======================================================================
[13:47:38] 总奖励:   218.83 | 步数: 24
[13:47:38] 最近10个episodes平均:   133.91
[13:47:38] 各Agent奖励:
[13:47:38]   wind      :  135.573
[13:47:38]   solar     :   49.040
[13:47:38]   diesel    :   42.097
[13:47:38]   battery   :   15.501
[13:47:38]   customer  :  -23.382
[13:47:38] Buffer大小:   240
[13:47:38] 噪声水平: 0.0990
[13:47:38] 
动作统计:
[13:47:38]   wind      : mean= 0.169, std= 0.088, min=-0.019, max= 0.336
[13:47:38]   solar     : mean= 0.066, std= 0.091, min=-0.115, max= 0.229
[13:47:38]   diesel    : mean= 0.086, std= 0.127, min=-0.142, max= 0.327
[13:47:38]   battery   : mean= 0.084, std= 0.109, min=-0.151, max= 0.308
[13:47:38]   customer  : mean=-0.028, std= 0.120, min=-0.297, max= 0.160
[13:47:38] 
======================================================================
[13:47:38] Episode 6/200
[13:47:38] ======================================================================
[13:47:38] 总奖励:   319.19 | 步数: 24
[13:47:38] 最近10个episodes平均:   164.79
[13:47:38] 各Agent奖励:
[13:47:38]   wind      :  177.195
[13:47:38]   solar     :   57.781
[13:47:38]   diesel    :   94.657
[13:47:38]   battery   :   21.332
[13:47:38]   customer  :  -31.777
[13:47:38] Buffer大小:   264
[13:47:38] 噪声水平: 0.0989
[13:47:38] 
动作统计:
[13:47:38]   wind      : mean= 0.357, std= 0.118, min= 0.068, max= 0.536
[13:47:38]   solar     : mean= 0.071, std= 0.082, min=-0.106, max= 0.284
[13:47:38]   diesel    : mean= 0.181, std= 0.145, min=-0.171, max= 0.502
[13:47:38]   battery   : mean= 0.144, std= 0.111, min=-0.118, max= 0.349
[13:47:38]   customer  : mean=-0.042, std= 0.087, min=-0.258, max= 0.109
[13:47:38] 
======================================================================
[13:47:38] Episode 7/200
[13:47:38] ======================================================================
[13:47:38] 总奖励:   415.98 | 步数: 24
[13:47:38] 最近10个episodes平均:   200.68
[13:47:38] 各Agent奖励:
[13:47:38]   wind      :  174.423
[13:47:38]   solar     :   66.682
[13:47:38]   diesel    :  193.597
[13:47:38]   battery   :   26.006
[13:47:38]   customer  :  -44.727
[13:47:38] Buffer大小:   288
[13:47:38] 噪声水平: 0.0988
[13:47:38] 
动作统计:
[13:47:38]   wind      : mean= 0.588, std= 0.093, min= 0.382, max= 0.721
[13:47:38]   solar     : mean= 0.075, std= 0.090, min=-0.103, max= 0.255
[13:47:38]   diesel    : mean= 0.327, std= 0.193, min=-0.002, max= 0.734
[13:47:38]   battery   : mean= 0.277, std= 0.179, min=-0.078, max= 0.597
[13:47:38]   customer  : mean=-0.041, std= 0.101, min=-0.312, max= 0.172
[13:47:39] 
======================================================================
[13:47:39] Episode 8/200
[13:47:39] ======================================================================
[13:47:39] 总奖励:   477.16 | 步数: 24
[13:47:39] 最近10个episodes平均:   235.24
[13:47:39] 各Agent奖励:
[13:47:39]   wind      :  145.844
[13:47:39]   solar     :   88.051
[13:47:39]   diesel    :  266.756
[13:47:39]   battery   :   28.227
[13:47:39]   customer  :  -51.720
[13:47:39] Buffer大小:   312
[13:47:39] 噪声水平: 0.0987
[13:47:39] 
动作统计:
[13:47:39]   wind      : mean= 0.732, std= 0.096, min= 0.564, max= 1.000
[13:47:39]   solar     : mean=-0.038, std= 0.112, min=-0.297, max= 0.198
[13:47:39]   diesel    : mean= 0.496, std= 0.196, min= 0.143, max= 0.853
[13:47:39]   battery   : mean= 0.365, std= 0.235, min=-0.064, max= 0.756
[13:47:39]   customer  : mean=-0.055, std= 0.106, min=-0.222, max= 0.146
[13:47:39] 
======================================================================
[13:47:39] Episode 9/200
[13:47:39] ======================================================================
[13:47:39] 总奖励:   445.34 | 步数: 24
[13:47:39] 最近10个episodes平均:   258.58
[13:47:39] 各Agent奖励:
[13:47:39]   wind      :   89.040
[13:47:39]   solar     :   95.359
[13:47:39]   diesel    :  285.599
[13:47:39]   battery   :   22.914
[13:47:39]   customer  :  -47.573
[13:47:39] Buffer大小:   336
[13:47:39] 噪声水平: 0.0986
[13:47:39] 
动作统计:
[13:47:39]   wind      : mean= 0.833, std= 0.121, min= 0.610, max= 1.000
[13:47:39]   solar     : mean=-0.204, std= 0.111, min=-0.482, max=-0.002
[13:47:39]   diesel    : mean= 0.645, std= 0.199, min= 0.174, max= 1.000
[13:47:39]   battery   : mean= 0.447, std= 0.330, min=-0.084, max= 0.927
[13:47:39]   customer  : mean= 0.095, std= 0.083, min=-0.093, max= 0.299
[13:47:39] 
======================================================================
[13:47:39] Episode 10/200
[13:47:39] ======================================================================
[13:47:39] 总奖励:   479.07 | 步数: 24
[13:47:39] 最近10个episodes平均:   280.63
[13:47:39] 各Agent奖励:
[13:47:39]   wind      :   56.668
[13:47:39]   solar     :  113.346
[13:47:39]   diesel    :  332.765
[13:47:39]   battery   :   29.648
[13:47:39]   customer  :  -53.356
[13:47:39] Buffer大小:   360
[13:47:39] 噪声水平: 0.0985
[13:47:39] 
动作统计:
[13:47:39]   wind      : mean= 0.941, std= 0.073, min= 0.775, max= 1.000
[13:47:39]   solar     : mean=-0.412, std= 0.141, min=-0.778, max=-0.176
[13:47:39]   diesel    : mean= 0.773, std= 0.139, min= 0.457, max= 1.000
[13:47:39]   battery   : mean= 0.445, std= 0.386, min=-0.117, max= 1.000
[13:47:39]   customer  : mean= 0.211, std= 0.090, min= 0.067, max= 0.380
[13:47:39] 
📊 生成可视化图表...
[13:47:39]   ✓ 训练曲线: debug_plots/training_ep0010.png
[13:47:39]   ✓ Agent分析: debug_plots/agents_ep0010.png
[13:47:40] 
======================================================================
[13:47:40] Episode 11/200
[13:47:40] ======================================================================
[13:47:40] 总奖励:   330.08 | 步数: 24
[13:47:40] 最近10个episodes平均:   304.21
[13:47:40] 各Agent奖励:
[13:47:40]   wind      :   21.565
[13:47:40]   solar     :   76.997
[13:47:40]   diesel    :  253.405
[13:47:40]   battery   :   20.431
[13:47:40]   customer  :  -42.314
[13:47:40] Buffer大小:   384
[13:47:40] 噪声水平: 0.0984
[13:47:40] 
动作统计:
[13:47:40]   wind      : mean= 0.937, std= 0.074, min= 0.758, max= 1.000
[13:47:40]   solar     : mean=-0.581, std= 0.146, min=-0.866, max=-0.269
[13:47:40]   diesel    : mean= 0.854, std= 0.116, min= 0.515, max= 1.000
[13:47:40]   battery   : mean= 0.422, std= 0.465, min=-0.212, max= 1.000
[13:47:40]   customer  : mean= 0.357, std= 0.124, min= 0.124, max= 0.602
[13:47:40] 
======================================================================
[13:47:40] Episode 12/200
[13:47:40] ======================================================================
[13:47:40] 总奖励:   247.98 | 步数: 24
[13:47:40] 最近10个episodes平均:   319.56
[13:47:40] 各Agent奖励:
[13:47:40]   wind      :   63.809
[13:47:40]   solar     :   51.520
[13:47:40]   diesel    :  137.995
[13:47:40]   battery   :   29.319
[13:47:40]   customer  :  -34.658
[13:47:40] Buffer大小:   408
[13:47:40] 噪声水平: 0.0983
[13:47:40] 
动作统计:
[13:47:40]   wind      : mean= 0.945, std= 0.064, min= 0.798, max= 1.000
[13:47:40]   solar     : mean=-0.752, std= 0.140, min=-1.000, max=-0.447
[13:47:40]   diesel    : mean= 0.890, std= 0.090, min= 0.665, max= 1.000
[13:47:40]   battery   : mean= 0.389, std= 0.515, min=-0.288, max= 1.000
[13:47:40]   customer  : mean= 0.494, std= 0.124, min= 0.198, max= 0.733
[13:47:40] 
======================================================================
[13:47:40] Episode 13/200
[13:47:40] ======================================================================
[13:47:40] 总奖励:   100.07 | 步数: 24
[13:47:40] 最近10个episodes平均:   318.47
[13:47:40] 各Agent奖励:
[13:47:40]   wind      :   22.699
[13:47:40]   solar     :  -18.417
[13:47:40]   diesel    :  111.851
[13:47:40]   battery   :    9.207
[13:47:40]   customer  :  -25.268
[13:47:40] Buffer大小:   432
[13:47:40] 噪声水平: 0.0982
[13:47:40] 
动作统计:
[13:47:40]   wind      : mean= 0.954, std= 0.057, min= 0.797, max= 1.000
[13:47:40]   solar     : mean=-0.806, std= 0.121, min=-1.000, max=-0.555
[13:47:40]   diesel    : mean= 0.897, std= 0.095, min= 0.720, max= 1.000
[13:47:40]   battery   : mean= 0.334, std= 0.617, min=-0.501, max= 1.000
[13:47:40]   customer  : mean= 0.640, std= 0.115, min= 0.475, max= 0.899
[13:47:40] 
======================================================================
[13:47:40] Episode 14/200
[13:47:40] ======================================================================
[13:47:40] 总奖励:   -12.47 | 步数: 24
[13:47:40] 最近10个episodes平均:   302.12
[13:47:40] 各Agent奖励:
[13:47:40]   wind      :    5.693
[13:47:40]   solar     :  -38.888
[13:47:40]   diesel    :   43.239
[13:47:40]   battery   :   -6.078
[13:47:40]   customer  :  -16.440
[13:47:40] Buffer大小:   456
[13:47:40] 噪声水平: 0.0981
[13:47:40] 
动作统计:
[13:47:40]   wind      : mean= 0.952, std= 0.055, min= 0.779, max= 1.000
[13:47:40]   solar     : mean=-0.882, std= 0.104, min=-1.000, max=-0.722
[13:47:40]   diesel    : mean= 0.924, std= 0.074, min= 0.743, max= 1.000
[13:47:40]   battery   : mean= 0.260, std= 0.677, min=-0.589, max= 1.000
[13:47:40]   customer  : mean= 0.777, std= 0.109, min= 0.573, max= 1.000
[13:47:40] 
======================================================================
[13:47:40] Episode 15/200
[13:47:40] ======================================================================
[13:47:40] 总奖励:   -32.82 | 步数: 24
[13:47:40] 最近10个episodes平均:   276.96
[13:47:40] 各Agent奖励:
[13:47:40]   wind      :    4.066
[13:47:40]   solar     :  -16.450
[13:47:40]   diesel    :    3.348
[13:47:40]   battery   :   -7.987
[13:47:40]   customer  :  -15.796
[13:47:40] Buffer大小:   480
[13:47:40] 噪声水平: 0.0980
[13:47:40] 
动作统计:
[13:47:40]   wind      : mean= 0.958, std= 0.059, min= 0.762, max= 1.000
[13:47:40]   solar     : mean=-0.924, std= 0.088, min=-1.000, max=-0.746
[13:47:40]   diesel    : mean= 0.925, std= 0.083, min= 0.707, max= 1.000
[13:47:40]   battery   : mean= 0.258, std= 0.687, min=-0.616, max= 1.000
[13:47:40]   customer  : mean= 0.896, std= 0.079, min= 0.736, max= 1.000
[13:47:40] 
======================================================================
[13:47:40] Episode 16/200
[13:47:40] ======================================================================
[13:47:40] 总奖励:   -13.05 | 步数: 24
[13:47:40] 最近10个episodes平均:   243.73
[13:47:40] 各Agent奖励:
[13:47:40]   wind      :   11.895
[13:47:40]   solar     :  -14.038
[13:47:40]   diesel    :    8.759
[13:47:40]   battery   :   -2.200
[13:47:40]   customer  :  -17.465
[13:47:40] Buffer大小:   504
[13:47:40] 噪声水平: 0.0979
[13:47:40] 
动作统计:
[13:47:40]   wind      : mean= 0.957, std= 0.054, min= 0.802, max= 1.000
[13:47:40]   solar     : mean=-0.927, std= 0.074, min=-1.000, max=-0.731
[13:47:40]   diesel    : mean= 0.949, std= 0.061, min= 0.793, max= 1.000
[13:47:40]   battery   : mean= 0.294, std= 0.672, min=-0.553, max= 1.000
[13:47:40]   customer  : mean= 0.884, std= 0.113, min= 0.553, max= 1.000
[13:47:40] 
======================================================================
[13:47:40] Episode 17/200
[13:47:40] ======================================================================
[13:47:40] 总奖励:   -33.63 | 步数: 24
[13:47:40] 最近10个episodes平均:   198.77
[13:47:40] 各Agent奖励:
[13:47:40]   wind      :    0.000
[13:47:40]   solar     :  -15.343
[13:47:40]   diesel    :    0.000
[13:47:40]   battery   :   -1.336
[13:47:40]   customer  :  -16.947
[13:47:40] Buffer大小:   528
[13:47:40] 噪声水平: 0.0978
[13:47:40] 
动作统计:
[13:47:40]   wind      : mean= 0.953, std= 0.050, min= 0.845, max= 1.000
[13:47:40]   solar     : mean=-0.957, std= 0.058, min=-1.000, max=-0.841
[13:47:40]   diesel    : mean= 0.962, std= 0.045, min= 0.838, max= 1.000
[13:47:40]   battery   : mean= 0.354, std= 0.613, min=-0.460, max= 1.000
[13:47:40]   customer  : mean= 0.945, std= 0.050, min= 0.837, max= 1.000
[13:47:41] 
======================================================================
[13:47:41] Episode 18/200
[13:47:41] ======================================================================
[13:47:41] 总奖励:   -27.93 | 步数: 24
[13:47:41] 最近10个episodes平均:   148.27
[13:47:41] 各Agent奖励:
[13:47:41]   wind      :    0.000
[13:47:41]   solar     :  -10.288
[13:47:41]   diesel    :    0.000
[13:47:41]   battery   :   -0.476
[13:47:41]   customer  :  -17.166
[13:47:41] Buffer大小:   552
[13:47:41] 噪声水平: 0.0977
[13:47:41] 
动作统计:
[13:47:41]   wind      : mean= 0.961, std= 0.053, min= 0.844, max= 1.000
[13:47:41]   solar     : mean=-0.937, std= 0.068, min=-1.000, max=-0.803
[13:47:41]   diesel    : mean= 0.964, std= 0.058, min= 0.729, max= 1.000
[13:47:41]   battery   : mean= 0.366, std= 0.595, min=-0.451, max= 1.000
[13:47:41]   customer  : mean= 0.948, std= 0.050, min= 0.833, max= 1.000
[13:47:41] 
======================================================================
[13:47:41] Episode 19/200
[13:47:41] ======================================================================
[13:47:41] 总奖励:   -32.33 | 步数: 24
[13:47:41] 最近10个episodes平均:   100.50
[13:47:41] 各Agent奖励:
[13:47:41]   wind      :    0.000
[13:47:41]   solar     :  -17.040
[13:47:41]   diesel    :    0.000
[13:47:41]   battery   :    2.120
[13:47:41]   customer  :  -17.415
[13:47:41] Buffer大小:   576
[13:47:41] 噪声水平: 0.0976
[13:47:41] 
动作统计:
[13:47:41]   wind      : mean= 0.943, std= 0.076, min= 0.707, max= 1.000
[13:47:41]   solar     : mean=-0.921, std= 0.087, min=-1.000, max=-0.695
[13:47:41]   diesel    : mean= 0.950, std= 0.059, min= 0.811, max= 1.000
[13:47:41]   battery   : mean= 0.399, std= 0.590, min=-0.544, max= 1.000
[13:47:41]   customer  : mean= 0.943, std= 0.058, min= 0.785, max= 1.000
[13:47:41] 
======================================================================
[13:47:41] Episode 20/200
[13:47:41] ======================================================================
[13:47:41] 总奖励:   -26.22 | 步数: 24
[13:47:41] 最近10个episodes平均:    49.97
[13:47:41] 各Agent奖励:
[13:47:41]   wind      :    0.000
[13:47:41]   solar     :  -11.820
[13:47:41]   diesel    :    0.000
[13:47:41]   battery   :    3.030
[13:47:41]   customer  :  -17.431
[13:47:41] Buffer大小:   600
[13:47:41] 噪声水平: 0.0975
[13:47:41] 
动作统计:
[13:47:41]   wind      : mean= 0.969, std= 0.050, min= 0.816, max= 1.000
[13:47:41]   solar     : mean=-0.962, std= 0.056, min=-1.000, max=-0.824
[13:47:41]   diesel    : mean= 0.963, std= 0.053, min= 0.782, max= 1.000
[13:47:41]   battery   : mean= 0.404, std= 0.567, min=-0.502, max= 1.000
[13:47:41]   customer  : mean= 0.944, std= 0.055, min= 0.819, max= 1.000
[13:47:41] 
📊 生成可视化图表...
[13:47:41]   ✓ 训练曲线: debug_plots/training_ep0020.png
[13:47:41]   ✓ Agent分析: debug_plots/agents_ep0020.png
[13:47:42] 
======================================================================
[13:47:42] Episode 21/200
[13:47:42] ======================================================================
[13:47:42] 总奖励:   -34.99 | 步数: 24
[13:47:42] 最近10个episodes平均:    13.46
[13:47:42] 各Agent奖励:
[13:47:42]   wind      :    0.000
[13:47:42]   solar     :  -18.662
[13:47:42]   diesel    :    0.000
[13:47:42]   battery   :    0.476
[13:47:42]   customer  :  -16.805
[13:47:42] Buffer大小:   624
[13:47:42] 噪声水平: 0.0974
[13:47:42] 
动作统计:
[13:47:42]   wind      : mean= 0.977, std= 0.043, min= 0.839, max= 1.000
[13:47:42]   solar     : mean=-0.961, std= 0.048, min=-1.000, max=-0.841
[13:47:42]   diesel    : mean= 0.965, std= 0.057, min= 0.771, max= 1.000
[13:47:42]   battery   : mean= 0.442, std= 0.544, min=-0.383, max= 1.000
[13:47:42]   customer  : mean= 0.949, std= 0.060, min= 0.767, max= 1.000
[13:47:42] 
======================================================================
[13:47:42] Episode 22/200
[13:47:42] ======================================================================
[13:47:42] 总奖励:   -23.54 | 步数: 24
[13:47:42] 最近10个episodes平均:   -13.69
[13:47:42] 各Agent奖励:
[13:47:42]   wind      :    0.000
[13:47:42]   solar     :   -9.279
[13:47:42]   diesel    :    0.000
[13:47:42]   battery   :    3.684
[13:47:42]   customer  :  -17.949
[13:47:42] Buffer大小:   648
[13:47:42] 噪声水平: 0.0973
[13:47:42] 
动作统计:
[13:47:42]   wind      : mean= 0.965, std= 0.052, min= 0.820, max= 1.000
[13:47:42]   solar     : mean=-0.971, std= 0.054, min=-1.000, max=-0.792
[13:47:42]   diesel    : mean= 0.964, std= 0.052, min= 0.839, max= 1.000
[13:47:42]   battery   : mean= 0.449, std= 0.549, min=-0.465, max= 1.000
[13:47:42]   customer  : mean= 0.957, std= 0.062, min= 0.793, max= 1.000
[13:47:42] 
======================================================================
[13:47:42] Episode 23/200
[13:47:42] ======================================================================
[13:47:42] 总奖励:   -11.13 | 步数: 24
[13:47:42] 最近10个episodes平均:   -24.81
[13:47:42] 各Agent奖励:
[13:47:42]   wind      :    0.000
[13:47:42]   solar     :   -1.803
[13:47:42]   diesel    :    0.000
[13:47:42]   battery   :    9.866
[13:47:42]   customer  :  -19.191
[13:47:42] Buffer大小:   672
[13:47:42] 噪声水平: 0.0972
[13:47:42] 
动作统计:
[13:47:42]   wind      : mean= 0.979, std= 0.030, min= 0.911, max= 1.000
[13:47:42]   solar     : mean=-0.965, std= 0.068, min=-1.000, max=-0.711
[13:47:42]   diesel    : mean= 0.955, std= 0.060, min= 0.783, max= 1.000
[13:47:42]   battery   : mean= 0.472, std= 0.530, min=-0.485, max= 1.000
[13:47:42]   customer  : mean= 0.964, std= 0.052, min= 0.787, max= 1.000
[13:47:42] 
======================================================================
[13:47:42] Episode 24/200
[13:47:42] ======================================================================
[13:47:42] 总奖励:   -25.21 | 步数: 24
[13:47:42] 最近10个episodes平均:   -26.09
[13:47:42] 各Agent奖励:
[13:47:42]   wind      :    0.000
[13:47:42]   solar     :  -13.076
[13:47:42]   diesel    :    0.000
[13:47:42]   battery   :    5.922
[13:47:42]   customer  :  -18.057
[13:47:42] Buffer大小:   696
[13:47:42] 噪声水平: 0.0971
[13:47:42] 
动作统计:
[13:47:42]   wind      : mean= 0.960, std= 0.047, min= 0.833, max= 1.000
[13:47:42]   solar     : mean=-0.960, std= 0.048, min=-1.000, max=-0.840
[13:47:42]   diesel    : mean= 0.977, std= 0.055, min= 0.738, max= 1.000
[13:47:42]   battery   : mean= 0.469, std= 0.552, min=-0.499, max= 1.000
[13:47:42]   customer  : mean= 0.964, std= 0.052, min= 0.815, max= 1.000
[13:47:42] 
======================================================================
[13:47:42] Episode 25/200
[13:47:42] ======================================================================
[13:47:42] 总奖励:   -22.51 | 步数: 24
[13:47:42] 最近10个episodes平均:   -25.05
[13:47:42] 各Agent奖励:
[13:47:42]   wind      :    0.000
[13:47:42]   solar     :  -16.208
[13:47:42]   diesel    :    0.000
[13:47:42]   battery   :   11.013
[13:47:42]   customer  :  -17.314
[13:47:42] Buffer大小:   720
[13:47:42] 噪声水平: 0.0970
[13:47:42] 
动作统计:
[13:47:42]   wind      : mean= 0.968, std= 0.046, min= 0.829, max= 1.000
[13:47:42]   solar     : mean=-0.967, std= 0.050, min=-1.000, max=-0.823
[13:47:42]   diesel    : mean= 0.957, std= 0.053, min= 0.848, max= 1.000
[13:47:42]   battery   : mean= 0.454, std= 0.573, min=-0.593, max= 1.000
[13:47:42]   customer  : mean= 0.926, std= 0.066, min= 0.797, max= 1.000
[13:47:42] 
======================================================================
[13:47:42] Episode 26/200
[13:47:42] ======================================================================
[13:47:42] 总奖励:   -14.39 | 步数: 24
[13:47:42] 最近10个episodes平均:   -25.19
[13:47:42] 各Agent奖励:
[13:47:42]   wind      :    0.000
[13:47:42]   solar     :   -6.988
[13:47:42]   diesel    :    0.000
[13:47:42]   battery   :   11.514
[13:47:42]   customer  :  -18.919
[13:47:42] Buffer大小:   744
[13:47:42] 噪声水平: 0.0969
[13:47:42] 
动作统计:
[13:47:42]   wind      : mean= 0.947, std= 0.080, min= 0.704, max= 1.000
[13:47:42]   solar     : mean=-0.950, std= 0.056, min=-1.000, max=-0.800
[13:47:42]   diesel    : mean= 0.973, std= 0.055, min= 0.784, max= 1.000
[13:47:42]   battery   : mean= 0.452, std= 0.581, min=-0.620, max= 1.000
[13:47:42]   customer  : mean= 0.961, std= 0.044, min= 0.864, max= 1.000
[13:47:42] 
======================================================================
[13:47:42] Episode 27/200
[13:47:42] ======================================================================
[13:47:42] 总奖励:   -19.57 | 步数: 24
[13:47:42] 最近10个episodes平均:   -23.78
[13:47:42] 各Agent奖励:
[13:47:42]   wind      :    0.000
[13:47:42]   solar     :  -10.904
[13:47:42]   diesel    :    0.000
[13:47:42]   battery   :    9.806
[13:47:42]   customer  :  -18.471
[13:47:42] Buffer大小:   768
[13:47:42] 噪声水平: 0.0968
[13:47:42] 
动作统计:
[13:47:42]   wind      : mean= 0.961, std= 0.060, min= 0.764, max= 1.000
[13:47:42]   solar     : mean=-0.954, std= 0.062, min=-1.000, max=-0.770
[13:47:42]   diesel    : mean= 0.953, std= 0.066, min= 0.785, max= 1.000
[13:47:42]   battery   : mean= 0.493, std= 0.531, min=-0.545, max= 1.000
[13:47:42]   customer  : mean= 0.943, std= 0.073, min= 0.749, max= 1.000
[13:47:43] 
======================================================================
[13:47:43] Episode 28/200
[13:47:43] ======================================================================
[13:47:43] 总奖励:   -22.71 | 步数: 24
[13:47:43] 最近10个episodes平均:   -23.26
[13:47:43] 各Agent奖励:
[13:47:43]   wind      :    0.000
[13:47:43]   solar     :  -10.849
[13:47:43]   diesel    :    0.000
[13:47:43]   battery   :    6.176
[13:47:43]   customer  :  -18.034
[13:47:43] Buffer大小:   792
[13:47:43] 噪声水平: 0.0968
[13:47:43] 
动作统计:
[13:47:43]   wind      : mean= 0.956, std= 0.061, min= 0.770, max= 1.000
[13:47:43]   solar     : mean=-0.987, std= 0.024, min=-1.000, max=-0.912
[13:47:43]   diesel    : mean= 0.946, std= 0.068, min= 0.776, max= 1.000
[13:47:43]   battery   : mean= 0.507, std= 0.528, min=-0.720, max= 1.000
[13:47:43]   customer  : mean= 0.972, std= 0.051, min= 0.838, max= 1.000
[13:47:43] 
======================================================================
[13:47:43] Episode 29/200
[13:47:43] ======================================================================
[13:47:43] 总奖励:   -18.75 | 步数: 24
[13:47:43] 最近10个episodes平均:   -21.90
[13:47:43] 各Agent奖励:
[13:47:43]   wind      :    0.000
[13:47:43]   solar     :   -8.102
[13:47:43]   diesel    :    0.000
[13:47:43]   battery   :    7.757
[13:47:43]   customer  :  -18.405
[13:47:43] Buffer大小:   816
[13:47:43] 噪声水平: 0.0967
[13:47:43] 
动作统计:
[13:47:43]   wind      : mean= 0.968, std= 0.057, min= 0.796, max= 1.000
[13:47:43]   solar     : mean=-0.943, std= 0.067, min=-1.000, max=-0.796
[13:47:43]   diesel    : mean= 0.935, std= 0.068, min= 0.757, max= 1.000
[13:47:43]   battery   : mean= 0.523, std= 0.502, min=-0.476, max= 1.000
[13:47:43]   customer  : mean= 0.964, std= 0.051, min= 0.832, max= 1.000
[13:47:43] 
======================================================================
[13:47:43] Episode 30/200
[13:47:43] ======================================================================
[13:47:43] 总奖励:   -13.08 | 步数: 24
[13:47:43] 最近10个episodes平均:   -20.59
[13:47:43] 各Agent奖励:
[13:47:43]   wind      :    0.000
[13:47:43]   solar     :   -4.108
[13:47:43]   diesel    :    3.462
[13:47:43]   battery   :    6.629
[13:47:43]   customer  :  -19.064
[13:47:43] Buffer大小:   840
[13:47:43] 噪声水平: 0.0966
[13:47:43] 
动作统计:
[13:47:43]   wind      : mean= 0.968, std= 0.061, min= 0.774, max= 1.000
[13:47:43]   solar     : mean=-0.965, std= 0.041, min=-1.000, max=-0.864
[13:47:43]   diesel    : mean= 0.860, std= 0.115, min= 0.574, max= 1.000
[13:47:43]   battery   : mean= 0.601, std= 0.431, min=-0.242, max= 1.000
[13:47:43]   customer  : mean= 0.968, std= 0.048, min= 0.851, max= 1.000
[13:47:43] 
📊 生成可视化图表...
[13:47:43]   ✓ 训练曲线: debug_plots/training_ep0030.png
[13:47:43]   ✓ Agent分析: debug_plots/agents_ep0030.png
[13:47:44] 
======================================================================
[13:47:44] Episode 31/200
[13:47:44] ======================================================================
[13:47:44] 总奖励:   -16.43 | 步数: 24
[13:47:44] 最近10个episodes平均:   -18.73
[13:47:44] 各Agent奖励:
[13:47:44]   wind      :    0.000
[13:47:44]   solar     :   -5.606
[13:47:44]   diesel    :    7.364
[13:47:44]   battery   :    0.288
[13:47:44]   customer  :  -18.471
[13:47:44] Buffer大小:   864
[13:47:44] 噪声水平: 0.0965
[13:47:44] 
动作统计:
[13:47:44]   wind      : mean= 0.968, std= 0.047, min= 0.816, max= 1.000
[13:47:44]   solar     : mean=-0.959, std= 0.066, min=-1.000, max=-0.732
[13:47:44]   diesel    : mean= 0.683, std= 0.279, min= 0.255, max= 1.000
[13:47:44]   battery   : mean= 0.627, std= 0.394, min=-0.095, max= 1.000
[13:47:44]   customer  : mean= 0.968, std= 0.039, min= 0.884, max= 1.000
[13:47:44] 
======================================================================
[13:47:44] Episode 32/200
[13:47:44] ======================================================================
[13:47:44] 总奖励:   -28.12 | 步数: 24
[13:47:44] 最近10个episodes平均:   -19.19
[13:47:44] 各Agent奖励:
[13:47:44]   wind      :    0.000
[13:47:44]   solar     :  -10.318
[13:47:44]   diesel    :   -0.675
[13:47:44]   battery   :    0.000
[13:47:44]   customer  :  -17.130
[13:47:44] Buffer大小:   888
[13:47:44] 噪声水平: 0.0964
[13:47:44] 
动作统计:
[13:47:44]   wind      : mean= 0.959, std= 0.055, min= 0.818, max= 1.000
[13:47:44]   solar     : mean=-0.956, std= 0.057, min=-1.000, max=-0.792
[13:47:44]   diesel    : mean= 0.463, std= 0.502, min=-0.296, max= 1.000
[13:47:44]   battery   : mean= 0.663, std= 0.340, min= 0.032, max= 1.000
[13:47:44]   customer  : mean= 0.964, std= 0.046, min= 0.874, max= 1.000
[13:47:44] 
======================================================================
[13:47:44] Episode 33/200
[13:47:44] ======================================================================
[13:47:44] 总奖励:   -29.29 | 步数: 24
[13:47:44] 最近10个episodes平均:   -21.01
[13:47:44] 各Agent奖励:
[13:47:44]   wind      :    0.000
[13:47:44]   solar     :   -9.333
[13:47:44]   diesel    :   -1.489
[13:47:44]   battery   :    0.000
[13:47:44]   customer  :  -18.466
[13:47:44] Buffer大小:   912
[13:47:44] 噪声水平: 0.0963
[13:47:44] 
动作统计:
[13:47:44]   wind      : mean= 0.951, std= 0.058, min= 0.796, max= 1.000
[13:47:44]   solar     : mean=-0.963, std= 0.051, min=-1.000, max=-0.795
[13:47:44]   diesel    : mean= 0.268, std= 0.704, min=-0.629, max= 1.000
[13:47:44]   battery   : mean= 0.691, std= 0.309, min=-0.024, max= 1.000
[13:47:44]   customer  : mean= 0.971, std= 0.053, min= 0.782, max= 1.000
[13:47:44] 
======================================================================
[13:47:44] Episode 34/200
[13:47:44] ======================================================================
[13:47:44] 总奖励:   -41.54 | 步数: 24
[13:47:44] 最近10个episodes平均:   -22.64
[13:47:44] 各Agent奖励:
[13:47:44]   wind      :    0.000
[13:47:44]   solar     :  -12.445
[13:47:44]   diesel    :  -12.779
[13:47:44]   battery   :    0.000
[13:47:44]   customer  :  -16.316
[13:47:44] Buffer大小:   936
[13:47:44] 噪声水平: 0.0962
[13:47:44] 
动作统计:
[13:47:44]   wind      : mean= 0.968, std= 0.042, min= 0.882, max= 1.000
[13:47:44]   solar     : mean=-0.972, std= 0.041, min=-1.000, max=-0.847
[13:47:44]   diesel    : mean= 0.143, std= 0.826, min=-0.792, max= 1.000
[13:47:44]   battery   : mean= 0.704, std= 0.289, min= 0.073, max= 1.000
[13:47:44]   customer  : mean= 0.947, std= 0.076, min= 0.687, max= 1.000
[13:47:44] 
======================================================================
[13:47:44] Episode 35/200
[13:47:44] ======================================================================
[13:47:44] 总奖励:   -37.61 | 步数: 24
[13:47:44] 最近10个episodes平均:   -24.15
[13:47:44] 各Agent奖励:
[13:47:44]   wind      :    0.000
[13:47:44]   solar     :   -9.377
[13:47:44]   diesel    :  -10.720
[13:47:44]   battery   :    0.000
[13:47:44]   customer  :  -17.510
[13:47:44] Buffer大小:   960
[13:47:44] 噪声水平: 0.0961
[13:47:44] 
动作统计:
[13:47:44]   wind      : mean= 0.958, std= 0.051, min= 0.812, max= 1.000
[13:47:44]   solar     : mean=-0.953, std= 0.058, min=-1.000, max=-0.797
[13:47:44]   diesel    : mean= 0.078, std= 0.874, min=-1.000, max= 1.000
[13:47:44]   battery   : mean= 0.711, std= 0.285, min= 0.161, max= 1.000
[13:47:44]   customer  : mean= 0.966, std= 0.044, min= 0.863, max= 1.000
[13:47:44] 
======================================================================
[13:47:44] Episode 36/200
[13:47:44] ======================================================================
[13:47:44] 总奖励:   -38.36 | 步数: 24
[13:47:44] 最近10个episodes平均:   -26.55
[13:47:44] 各Agent奖励:
[13:47:44]   wind      :    0.000
[13:47:44]   solar     :  -11.638
[13:47:44]   diesel    :  -10.267
[13:47:44]   battery   :    0.000
[13:47:44]   customer  :  -16.457
[13:47:44] Buffer大小:   984
[13:47:44] 噪声水平: 0.0960
[13:47:44] 
动作统计:
[13:47:44]   wind      : mean= 0.954, std= 0.055, min= 0.853, max= 1.000
[13:47:44]   solar     : mean=-0.963, std= 0.051, min=-1.000, max=-0.789
[13:47:44]   diesel    : mean= 0.065, std= 0.918, min=-1.000, max= 1.000
[13:47:44]   battery   : mean= 0.718, std= 0.289, min= 0.069, max= 1.000
[13:47:44]   customer  : mean= 0.969, std= 0.046, min= 0.817, max= 1.000
[13:47:45] 
======================================================================
[13:47:45] Episode 37/200
[13:47:45] ======================================================================
[13:47:45] 总奖励:   -32.15 | 步数: 24
[13:47:45] 最近10个episodes平均:   -27.80
[13:47:45] 各Agent奖励:
[13:47:45]   wind      :    0.000
[13:47:45]   solar     :   -9.208
[13:47:45]   diesel    :   -5.332
[13:47:45]   battery   :    0.000
[13:47:45]   customer  :  -17.607
[13:47:45] Buffer大小:  1008
[13:47:45] 噪声水平: 0.0959
[13:47:45] 
动作统计:
[13:47:45]   wind      : mean= 0.965, std= 0.045, min= 0.862, max= 1.000
[13:47:45]   solar     : mean=-0.971, std= 0.041, min=-1.000, max=-0.818
[13:47:45]   diesel    : mean= 0.055, std= 0.911, min=-1.000, max= 1.000
[13:47:45]   battery   : mean= 0.723, std= 0.295, min= 0.127, max= 1.000
[13:47:45]   customer  : mean= 0.976, std= 0.033, min= 0.878, max= 1.000
[13:47:45] 
======================================================================
[13:47:45] Episode 38/200
[13:47:45] ======================================================================
[13:47:45] 总奖励:   -34.24 | 步数: 24
[13:47:45] 最近10个episodes平均:   -28.96
[13:47:45] 各Agent奖励:
[13:47:45]   wind      :    0.000
[13:47:45]   solar     :   -8.862
[13:47:45]   diesel    :   -8.559
[13:47:45]   battery   :    0.000
[13:47:45]   customer  :  -16.824
[13:47:45] Buffer大小:  1032
[13:47:45] 噪声水平: 0.0958
[13:47:45] 
动作统计:
[13:47:45]   wind      : mean= 0.969, std= 0.038, min= 0.903, max= 1.000
[13:47:45]   solar     : mean=-0.962, std= 0.053, min=-1.000, max=-0.807
[13:47:45]   diesel    : mean= 0.123, std= 0.851, min=-0.903, max= 1.000
[13:47:45]   battery   : mean= 0.692, std= 0.289, min=-0.044, max= 1.000
[13:47:45]   customer  : mean= 0.956, std= 0.059, min= 0.818, max= 1.000
[13:47:45] 
======================================================================
[13:47:45] Episode 39/200
[13:47:45] ======================================================================
[13:47:45] 总奖励:   -24.40 | 步数: 24
[13:47:45] 最近10个episodes平均:   -29.52
[13:47:45] 各Agent奖励:
[13:47:45]   wind      :    0.000
[13:47:45]   solar     :   -2.393
[13:47:45]   diesel    :   -4.510
[13:47:45]   battery   :    0.000
[13:47:45]   customer  :  -17.493
[13:47:45] Buffer大小:  1056
[13:47:45] 噪声水平: 0.0957
[13:47:45] 
动作统计:
[13:47:45]   wind      : mean= 0.984, std= 0.034, min= 0.872, max= 1.000
[13:47:45]   solar     : mean=-0.956, std= 0.057, min=-1.000, max=-0.809
[13:47:45]   diesel    : mean= 0.228, std= 0.743, min=-0.823, max= 1.000
[13:47:45]   battery   : mean= 0.736, std= 0.282, min=-0.059, max= 1.000
[13:47:45]   customer  : mean= 0.974, std= 0.043, min= 0.860, max= 1.000
[13:47:45] 
======================================================================
[13:47:45] Episode 40/200
[13:47:45] ======================================================================
[13:47:45] 总奖励:   -26.51 | 步数: 24
[13:47:45] 最近10个episodes平均:   -30.86
[13:47:45] 各Agent奖励:
[13:47:45]   wind      :    0.000
[13:47:45]   solar     :   -6.981
[13:47:45]   diesel    :   -1.734
[13:47:45]   battery   :    0.000
[13:47:45]   customer  :  -17.794
[13:47:45] Buffer大小:  1080
[13:47:45] 噪声水平: 0.0956
[13:47:45] 
动作统计:
[13:47:45]   wind      : mean= 0.959, std= 0.076, min= 0.705, max= 1.000
[13:47:45]   solar     : mean=-0.969, std= 0.050, min=-1.000, max=-0.842
[13:47:45]   diesel    : mean= 0.379, std= 0.596, min=-0.549, max= 1.000
[13:47:45]   battery   : mean= 0.744, std= 0.274, min= 0.111, max= 1.000
[13:47:45]   customer  : mean= 0.963, std= 0.053, min= 0.799, max= 1.000
[13:47:45] 
📊 生成可视化图表...
[13:47:46]   ✓ 训练曲线: debug_plots/training_ep0040.png
[13:47:46]   ✓ Agent分析: debug_plots/agents_ep0040.png
[13:47:46] 
======================================================================
[13:47:46] Episode 41/200
[13:47:46] ======================================================================
[13:47:46] 总奖励:   -18.18 | 步数: 24
[13:47:46] 最近10个episodes平均:   -31.04
[13:47:46] 各Agent奖励:
[13:47:46]   wind      :    0.000
[13:47:46]   solar     :   -7.476
[13:47:46]   diesel    :    6.118
[13:47:46]   battery   :    1.925
[13:47:46]   customer  :  -18.748
[13:47:46] Buffer大小:  1104
[13:47:46] 噪声水平: 0.0955
[13:47:46] 
动作统计:
[13:47:46]   wind      : mean= 0.980, std= 0.031, min= 0.885, max= 1.000
[13:47:46]   solar     : mean=-0.968, std= 0.045, min=-1.000, max=-0.828
[13:47:46]   diesel    : mean= 0.572, std= 0.412, min=-0.100, max= 1.000
[13:47:46]   battery   : mean= 0.747, std= 0.266, min= 0.002, max= 1.000
[13:47:46]   customer  : mean= 0.961, std= 0.059, min= 0.811, max= 1.000
[13:47:46] 
======================================================================
[13:47:46] Episode 42/200
[13:47:46] ======================================================================
[13:47:46] 总奖励:   -20.44 | 步数: 24
[13:47:46] 最近10个episodes平均:   -30.27
[13:47:46] 各Agent奖励:
[13:47:46]   wind      :    0.000
[13:47:46]   solar     :   -6.450
[13:47:46]   diesel    :    4.479
[13:47:46]   battery   :    0.220
[13:47:46]   customer  :  -18.687
[13:47:46] Buffer大小:  1128
[13:47:46] 噪声水平: 0.0954
[13:47:46] 
动作统计:
[13:47:46]   wind      : mean= 0.959, std= 0.060, min= 0.798, max= 1.000
[13:47:46]   solar     : mean=-0.971, std= 0.046, min=-1.000, max=-0.843
[13:47:46]   diesel    : mean= 0.714, std= 0.294, min= 0.166, max= 1.000
[13:47:46]   battery   : mean= 0.753, std= 0.267, min=-0.067, max= 1.000
[13:47:46]   customer  : mean= 0.980, std= 0.039, min= 0.857, max= 1.000
[13:47:46] 
======================================================================
[13:47:46] Episode 43/200
[13:47:46] ======================================================================
[13:47:46] 总奖励:   -23.37 | 步数: 24
[13:47:46] 最近10个episodes平均:   -29.68
[13:47:46] 各Agent奖励:
[13:47:46]   wind      :    0.000
[13:47:46]   solar     :   -7.857
[13:47:46]   diesel    :    2.180
[13:47:46]   battery   :    0.930
[13:47:46]   customer  :  -18.626
[13:47:46] Buffer大小:  1152
[13:47:46] 噪声水平: 0.0953
[13:47:46] 
动作统计:
[13:47:46]   wind      : mean= 0.950, std= 0.047, min= 0.841, max= 1.000
[13:47:46]   solar     : mean=-0.951, std= 0.052, min=-1.000, max=-0.835
[13:47:46]   diesel    : mean= 0.768, std= 0.202, min= 0.356, max= 1.000
[13:47:46]   battery   : mean= 0.766, std= 0.235, min= 0.160, max= 1.000
[13:47:46]   customer  : mean= 0.971, std= 0.044, min= 0.873, max= 1.000
[13:47:46] 
======================================================================
[13:47:46] Episode 44/200
[13:47:46] ======================================================================
[13:47:46] 总奖励:    -7.49 | 步数: 24
[13:47:46] 最近10个episodes平均:   -26.27
[13:47:46] 各Agent奖励:
[13:47:46]   wind      :    0.000
[13:47:46]   solar     :   -7.319
[13:47:46]   diesel    :    4.529
[13:47:46]   battery   :   14.602
[13:47:46]   customer  :  -19.299
[13:47:46] Buffer大小:  1176
[13:47:46] 噪声水平: 0.0952
[13:47:46] 
动作统计:
[13:47:46]   wind      : mean= 0.969, std= 0.065, min= 0.756, max= 1.000
[13:47:46]   solar     : mean=-0.970, std= 0.046, min=-1.000, max=-0.853
[13:47:46]   diesel    : mean= 0.862, std= 0.133, min= 0.566, max= 1.000
[13:47:46]   battery   : mean= 0.742, std= 0.254, min=-0.135, max= 1.000
[13:47:46]   customer  : mean= 0.951, std= 0.057, min= 0.848, max= 1.000
[13:47:47] 
======================================================================
[13:47:47] Episode 45/200
[13:47:47] ======================================================================
[13:47:47] 总奖励:   -22.14 | 步数: 24
[13:47:47] 最近10个episodes平均:   -24.73
[13:47:47] 各Agent奖励:
[13:47:47]   wind      :    0.000
[13:47:47]   solar     :  -11.792
[13:47:47]   diesel    :    0.712
[13:47:47]   battery   :    7.664
[13:47:47]   customer  :  -18.721
[13:47:47] Buffer大小:  1200
[13:47:47] 噪声水平: 0.0951
[13:47:47] 
动作统计:
[13:47:47]   wind      : mean= 0.966, std= 0.053, min= 0.840, max= 1.000
[13:47:47]   solar     : mean=-0.971, std= 0.037, min=-1.000, max=-0.870
[13:47:47]   diesel    : mean= 0.875, std= 0.121, min= 0.545, max= 1.000
[13:47:47]   battery   : mean= 0.758, std= 0.245, min=-0.039, max= 1.000
[13:47:47]   customer  : mean= 0.958, std= 0.056, min= 0.789, max= 1.000
[13:47:47] 
======================================================================
[13:47:47] Episode 46/200
[13:47:47] ======================================================================
[13:47:47] 总奖励:    -5.86 | 步数: 24
[13:47:47] 最近10个episodes平均:   -21.48
[13:47:47] 各Agent奖励:
[13:47:47]   wind      :    0.000
[13:47:47]   solar     :   -8.140
[13:47:47]   diesel    :    2.696
[13:47:47]   battery   :   18.862
[13:47:47]   customer  :  -19.280
[13:47:47] Buffer大小:  1224
[13:47:47] 噪声水平: 0.0950
[13:47:47] 
动作统计:
[13:47:47]   wind      : mean= 0.974, std= 0.045, min= 0.851, max= 1.000
[13:47:47]   solar     : mean=-0.963, std= 0.048, min=-1.000, max=-0.816
[13:47:47]   diesel    : mean= 0.910, std= 0.088, min= 0.665, max= 1.000
[13:47:47]   battery   : mean= 0.763, std= 0.231, min= 0.135, max= 1.000
[13:47:47]   customer  : mean= 0.937, std= 0.082, min= 0.747, max= 1.000
[13:47:47] 
======================================================================
[13:47:47] Episode 47/200
[13:47:47] ======================================================================
[13:47:47] 总奖励:   -27.67 | 步数: 24
[13:47:47] 最近10个episodes平均:   -21.03
[13:47:47] 各Agent奖励:
[13:47:47]   wind      :    0.000
[13:47:47]   solar     :  -28.900
[13:47:47]   diesel    :    4.926
[13:47:47]   battery   :   13.939
[13:47:47]   customer  :  -17.632
[13:47:47] Buffer大小:  1248
[13:47:47] 噪声水平: 0.0949
[13:47:47] 
动作统计:
[13:47:47]   wind      : mean= 0.964, std= 0.049, min= 0.824, max= 1.000
[13:47:47]   solar     : mean=-0.959, std= 0.052, min=-1.000, max=-0.846
[13:47:47]   diesel    : mean= 0.928, std= 0.079, min= 0.690, max= 1.000
[13:47:47]   battery   : mean= 0.771, std= 0.229, min= 0.170, max= 1.000
[13:47:47]   customer  : mean= 0.916, std= 0.076, min= 0.775, max= 1.000
[13:47:47] 
======================================================================
[13:47:47] Episode 48/200
[13:47:47] ======================================================================
[13:47:47] 总奖励:   -16.58 | 步数: 24
[13:47:47] 最近10个episodes平均:   -19.26
[13:47:47] 各Agent奖励:
[13:47:47]   wind      :    0.000
[13:47:47]   solar     :  -17.781
[13:47:47]   diesel    :    4.683
[13:47:47]   battery   :   15.587
[13:47:47]   customer  :  -19.067
[13:47:47] Buffer大小:  1272
[13:47:47] 噪声水平: 0.0948
[13:47:47] 
动作统计:
[13:47:47]   wind      : mean= 0.986, std= 0.023, min= 0.925, max= 1.000
[13:47:47]   solar     : mean=-0.956, std= 0.052, min=-1.000, max=-0.821
[13:47:47]   diesel    : mean= 0.946, std= 0.067, min= 0.719, max= 1.000
[13:47:47]   battery   : mean= 0.803, std= 0.221, min= 0.100, max= 1.000
[13:47:47]   customer  : mean= 0.929, std= 0.068, min= 0.792, max= 1.000
[13:47:47] 
======================================================================
[13:47:47] Episode 49/200
[13:47:47] ======================================================================
[13:47:47] 总奖励:   -14.80 | 步数: 24
[13:47:47] 最近10个episodes平均:   -18.30
[13:47:47] 各Agent奖励:
[13:47:47]   wind      :    9.474
[13:47:47]   solar     :  -33.485
[13:47:47]   diesel    :    0.000
[13:47:47]   battery   :   26.824
[13:47:47]   customer  :  -17.612
[13:47:47] Buffer大小:  1296
[13:47:47] 噪声水平: 0.0947
[13:47:47] 
动作统计:
[13:47:47]   wind      : mean= 0.965, std= 0.049, min= 0.847, max= 1.000
[13:47:47]   solar     : mean=-0.953, std= 0.062, min=-1.000, max=-0.803
[13:47:47]   diesel    : mean= 0.945, std= 0.064, min= 0.716, max= 1.000
[13:47:47]   battery   : mean= 0.758, std= 0.239, min= 0.286, max= 1.000
[13:47:47]   customer  : mean= 0.850, std= 0.109, min= 0.614, max= 1.000
[13:47:48] 
======================================================================
[13:47:48] Episode 50/200
[13:47:48] ======================================================================
[13:47:48] 总奖励:     3.58 | 步数: 24
[13:47:48] 最近10个episodes平均:   -15.29
[13:47:48] 各Agent奖励:
[13:47:48]   wind      :   23.230
[13:47:48]   solar     :  -30.668
[13:47:48]   diesel    :    0.561
[13:47:48]   battery   :   29.676
[13:47:48]   customer  :  -19.218
[13:47:48] Buffer大小:  1320
[13:47:48] 噪声水平: 0.0946
[13:47:48] 
动作统计:
[13:47:48]   wind      : mean= 0.959, std= 0.055, min= 0.836, max= 1.000
[13:47:48]   solar     : mean=-0.940, std= 0.074, min=-1.000, max=-0.752
[13:47:48]   diesel    : mean= 0.954, std= 0.067, min= 0.680, max= 1.000
[13:47:48]   battery   : mean= 0.748, std= 0.263, min= 0.091, max= 1.000
[13:47:48]   customer  : mean= 0.844, std= 0.101, min= 0.684, max= 1.000
[13:47:48] 
📊 生成可视化图表...
[13:47:48]   ✓ 训练曲线: debug_plots/training_ep0050.png
[13:47:48]   ✓ Agent分析: debug_plots/agents_ep0050.png
[13:47:48] 💾 保存检查点: debug_checkpoints/debug_maddpg_20251122_134737_ep0050.pt
[13:47:48] 
======================================================================
[13:47:48] Episode 51/200
[13:47:48] ======================================================================
[13:47:48] 总奖励:   -20.73 | 步数: 24
[13:47:48] 最近10个episodes平均:   -15.55
[13:47:48] 各Agent奖励:
[13:47:48]   wind      :    0.000
[13:47:48]   solar     :  -31.214
[13:47:48]   diesel    :    0.000
[13:47:48]   battery   :   27.250
[13:47:48]   customer  :  -16.768
[13:47:48] Buffer大小:  1344
[13:47:48] 噪声水平: 0.0946
[13:47:48] 
动作统计:
[13:47:48]   wind      : mean= 0.971, std= 0.053, min= 0.799, max= 1.000
[13:47:48]   solar     : mean=-0.948, std= 0.074, min=-1.000, max=-0.778
[13:47:48]   diesel    : mean= 0.949, std= 0.064, min= 0.760, max= 1.000
[13:47:48]   battery   : mean= 0.770, std= 0.239, min= 0.127, max= 1.000
[13:47:48]   customer  : mean= 0.837, std= 0.131, min= 0.544, max= 1.000
[13:47:48] 
======================================================================
[13:47:48] Episode 52/200
[13:47:48] ======================================================================
[13:47:48] 总奖励:   -11.94 | 步数: 24
[13:47:48] 最近10个episodes平均:   -14.70
[13:47:48] 各Agent奖励:
[13:47:48]   wind      :    8.176
[13:47:48]   solar     :  -41.846
[13:47:48]   diesel    :    9.859
[13:47:48]   battery   :   29.425
[13:47:48]   customer  :  -17.551
[13:47:48] Buffer大小:  1368
[13:47:48] 噪声水平: 0.0945
[13:47:48] 
动作统计:
[13:47:48]   wind      : mean= 0.958, std= 0.056, min= 0.780, max= 1.000
[13:47:48]   solar     : mean=-0.962, std= 0.059, min=-1.000, max=-0.804
[13:47:48]   diesel    : mean= 0.961, std= 0.070, min= 0.687, max= 1.000
[13:47:48]   battery   : mean= 0.737, std= 0.262, min= 0.102, max= 1.000
[13:47:48]   customer  : mean= 0.806, std= 0.135, min= 0.560, max= 1.000
[13:47:49] 
======================================================================
[13:47:49] Episode 53/200
[13:47:49] ======================================================================
[13:47:49] 总奖励:    -1.02 | 步数: 24
[13:47:49] 最近10个episodes平均:   -12.46
[13:47:49] 各Agent奖励:
[13:47:49]   wind      :   23.655
[13:47:49]   solar     :  -39.913
[13:47:49]   diesel    :    3.611
[13:47:49]   battery   :   28.953
[13:47:49]   customer  :  -17.327
[13:47:49] Buffer大小:  1392
[13:47:49] 噪声水平: 0.0944
[13:47:49] 
动作统计:
[13:47:49]   wind      : mean= 0.963, std= 0.048, min= 0.858, max= 1.000
[13:47:49]   solar     : mean=-0.959, std= 0.050, min=-1.000, max=-0.857
[13:47:49]   diesel    : mean= 0.958, std= 0.061, min= 0.770, max= 1.000
[13:47:49]   battery   : mean= 0.746, std= 0.263, min= 0.108, max= 1.000
[13:47:49]   customer  : mean= 0.786, std= 0.125, min= 0.577, max= 0.993
[13:47:49] 
======================================================================
[13:47:49] Episode 54/200
[13:47:49] ======================================================================
[13:47:49] 总奖励:    -4.78 | 步数: 24
[13:47:49] 最近10个episodes平均:   -12.19
[13:47:49] 各Agent奖励:
[13:47:49]   wind      :    8.823
[13:47:49]   solar     :  -38.199
[13:47:49]   diesel    :   13.615
[13:47:49]   battery   :   28.494
[13:47:49]   customer  :  -17.513
[13:47:49] Buffer大小:  1416
[13:47:49] 噪声水平: 0.0943
[13:47:49] 
动作统计:
[13:47:49]   wind      : mean= 0.957, std= 0.057, min= 0.829, max= 1.000
[13:47:49]   solar     : mean=-0.976, std= 0.040, min=-1.000, max=-0.862
[13:47:49]   diesel    : mean= 0.954, std= 0.057, min= 0.804, max= 1.000
[13:47:49]   battery   : mean= 0.753, std= 0.251, min= 0.176, max= 1.000
[13:47:49]   customer  : mean= 0.799, std= 0.136, min= 0.520, max= 1.000
[13:47:49] 
======================================================================
[13:47:49] Episode 55/200
[13:47:49] ======================================================================
[13:47:49] 总奖励:    -9.38 | 步数: 24
[13:47:49] 最近10个episodes平均:   -10.92
[13:47:49] 各Agent奖励:
[13:47:49]   wind      :    0.000
[13:47:49]   solar     :  -27.918
[13:47:49]   diesel    :    6.511
[13:47:49]   battery   :   29.263
[13:47:49]   customer  :  -17.235
[13:47:49] Buffer大小:  1440
[13:47:49] 噪声水平: 0.0942
[13:47:49] 
动作统计:
[13:47:49]   wind      : mean= 0.951, std= 0.058, min= 0.819, max= 1.000
[13:47:49]   solar     : mean=-0.955, std= 0.057, min=-1.000, max=-0.824
[13:47:49]   diesel    : mean= 0.963, std= 0.048, min= 0.847, max= 1.000
[13:47:49]   battery   : mean= 0.765, std= 0.259, min= 0.125, max= 1.000
[13:47:49]   customer  : mean= 0.813, std= 0.156, min= 0.568, max= 1.000
[13:47:49] 
======================================================================
[13:47:49] Episode 56/200
[13:47:49] ======================================================================
[13:47:49] 总奖励:   -19.99 | 步数: 24
[13:47:49] 最近10个episodes平均:   -12.33
[13:47:49] 各Agent奖励:
[13:47:49]   wind      :    6.403
[13:47:49]   solar     :  -38.470
[13:47:49]   diesel    :    0.080
[13:47:49]   battery   :   28.520
[13:47:49]   customer  :  -16.526
[13:47:49] Buffer大小:  1464
[13:47:49] 噪声水平: 0.0941
[13:47:49] 
动作统计:
[13:47:49]   wind      : mean= 0.984, std= 0.035, min= 0.837, max= 1.000
[13:47:49]   solar     : mean=-0.958, std= 0.063, min=-1.000, max=-0.730
[13:47:49]   diesel    : mean= 0.966, std= 0.046, min= 0.851, max= 1.000
[13:47:49]   battery   : mean= 0.771, std= 0.246, min= 0.068, max= 1.000
[13:47:49]   customer  : mean= 0.802, std= 0.165, min= 0.416, max= 1.000
[13:47:49] 
======================================================================
[13:47:49] Episode 57/200
[13:47:49] ======================================================================
[13:47:49] 总奖励:     0.96 | 步数: 24
[13:47:49] 最近10个episodes平均:    -9.47
[13:47:49] 各Agent奖励:
[13:47:49]   wind      :   10.739
[13:47:49]   solar     :  -25.983
[13:47:49]   diesel    :    4.707
[13:47:49]   battery   :   29.953
[13:47:49]   customer  :  -18.452
[13:47:49] Buffer大小:  1488
[13:47:49] 噪声水平: 0.0940
[13:47:49] 
动作统计:
[13:47:49]   wind      : mean= 0.943, std= 0.068, min= 0.757, max= 1.000
[13:47:49]   solar     : mean=-0.892, std= 0.067, min=-1.000, max=-0.761
[13:47:49]   diesel    : mean= 0.965, std= 0.049, min= 0.804, max= 1.000
[13:47:49]   battery   : mean= 0.767, std= 0.247, min= 0.128, max= 1.000
[13:47:49]   customer  : mean= 0.805, std= 0.153, min= 0.428, max= 1.000
[13:47:49] 
======================================================================
[13:47:49] Episode 58/200
[13:47:49] ======================================================================
[13:47:49] 总奖励:   -17.16 | 步数: 24
[13:47:49] 最近10个episodes平均:    -9.53
[13:47:49] 各Agent奖励:
[13:47:49]   wind      :    4.138
[13:47:49]   solar     :  -37.418
[13:47:49]   diesel    :    0.000
[13:47:49]   battery   :   32.800
[13:47:49]   customer  :  -16.678
[13:47:49] Buffer大小:  1512
[13:47:49] 噪声水平: 0.0939
[13:47:49] 
动作统计:
[13:47:49]   wind      : mean= 0.939, std= 0.058, min= 0.844, max= 1.000
[13:47:49]   solar     : mean=-0.742, std= 0.141, min=-0.974, max=-0.425
[13:47:49]   diesel    : mean= 0.941, std= 0.070, min= 0.727, max= 1.000
[13:47:49]   battery   : mean= 0.780, std= 0.221, min= 0.249, max= 1.000
[13:47:49]   customer  : mean= 0.802, std= 0.175, min= 0.389, max= 1.000
[13:47:49] 
======================================================================
[13:47:49] Episode 59/200
[13:47:49] ======================================================================
[13:47:49] 总奖励:   -27.96 | 步数: 24
[13:47:49] 最近10个episodes平均:   -10.84
[13:47:49] 各Agent奖励:
[13:47:49]   wind      :    0.000
[13:47:49]   solar     :  -38.049
[13:47:49]   diesel    :    0.000
[13:47:49]   battery   :   25.363
[13:47:49]   customer  :  -15.274
[13:47:49] Buffer大小:  1536
[13:47:49] 噪声水平: 0.0938
[13:47:49] 
动作统计:
[13:47:49]   wind      : mean= 0.965, std= 0.047, min= 0.861, max= 1.000
[13:47:49]   solar     : mean=-0.433, std= 0.176, min=-0.807, max=-0.161
[13:47:49]   diesel    : mean= 0.962, std= 0.058, min= 0.804, max= 1.000
[13:47:49]   battery   : mean= 0.780, std= 0.253, min= 0.039, max= 1.000
[13:47:49]   customer  : mean= 0.798, std= 0.159, min= 0.489, max= 1.000
[13:47:50] 
======================================================================
[13:47:50] Episode 60/200
[13:47:50] ======================================================================
[13:47:50] 总奖励:    39.86 | 步数: 24
[13:47:50] 最近10个episodes平均:    -7.21
[13:47:50] 各Agent奖励:
[13:47:50]   wind      :   12.041
[13:47:50]   solar     :   14.622
[13:47:50]   diesel    :    2.503
[13:47:50]   battery   :   31.475
[13:47:50]   customer  :  -20.781
[13:47:50] Buffer大小:  1560
[13:47:50] 噪声水平: 0.0937
[13:47:50] 
动作统计:
[13:47:50]   wind      : mean= 0.960, std= 0.052, min= 0.852, max= 1.000
[13:47:50]   solar     : mean= 0.053, std= 0.149, min=-0.283, max= 0.311
[13:47:50]   diesel    : mean= 0.955, std= 0.068, min= 0.691, max= 1.000
[13:47:50]   battery   : mean= 0.768, std= 0.260, min= 0.061, max= 1.000
[13:47:50]   customer  : mean= 0.791, std= 0.159, min= 0.437, max= 0.990
[13:47:50] 
📊 生成可视化图表...
[13:47:50]   ✓ 训练曲线: debug_plots/training_ep0060.png
[13:47:50]   ✓ Agent分析: debug_plots/agents_ep0060.png
[13:47:50] 
======================================================================
[13:47:50] Episode 61/200
[13:47:50] ======================================================================
[13:47:50] 总奖励:    79.22 | 步数: 24
[13:47:50] 最近10个episodes平均:     2.78
[13:47:50] 各Agent奖励:
[13:47:50]   wind      :   18.166
[13:47:50]   solar     :   48.176
[13:47:50]   diesel    :    3.479
[13:47:50]   battery   :   32.619
[13:47:50]   customer  :  -23.220
[13:47:50] Buffer大小:  1584
[13:47:50] 噪声水平: 0.0936
[13:47:50] 
动作统计:
[13:47:50]   wind      : mean= 0.965, std= 0.056, min= 0.817, max= 1.000
[13:47:50]   solar     : mean= 0.424, std= 0.135, min= 0.141, max= 0.712
[13:47:50]   diesel    : mean= 0.967, std= 0.048, min= 0.819, max= 1.000
[13:47:50]   battery   : mean= 0.765, std= 0.252, min= 0.082, max= 1.000
[13:47:50]   customer  : mean= 0.791, std= 0.151, min= 0.492, max= 1.000
[13:47:50] 
======================================================================
[13:47:50] Episode 62/200
[13:47:50] ======================================================================
[13:47:50] 总奖励:   116.66 | 步数: 24
[13:47:50] 最近10个episodes平均:    15.64
[13:47:50] 各Agent奖励:
[13:47:50]   wind      :   35.193
[13:47:50]   solar     :   60.828
[13:47:50]   diesel    :   14.525
[13:47:50]   battery   :   32.706
[13:47:50]   customer  :  -26.588
[13:47:50] Buffer大小:  1608
[13:47:50] 噪声水平: 0.0935
[13:47:50] 
动作统计:
[13:47:50]   wind      : mean= 0.958, std= 0.050, min= 0.848, max= 1.000
[13:47:50]   solar     : mean= 0.721, std= 0.107, min= 0.510, max= 0.897
[13:47:50]   diesel    : mean= 0.963, std= 0.052, min= 0.778, max= 1.000
[13:47:50]   battery   : mean= 0.779, std= 0.258, min= 0.114, max= 1.000
[13:47:50]   customer  : mean= 0.762, std= 0.206, min= 0.325, max= 1.000
[13:47:51] 
======================================================================
[13:47:51] Episode 63/200
[13:47:51] ======================================================================
[13:47:51] 总奖励:   125.67 | 步数: 24
[13:47:51] 最近10个episodes平均:    28.31
[13:47:51] 各Agent奖励:
[13:47:51]   wind      :   22.614
[13:47:51]   solar     :   56.036
[13:47:51]   diesel    :   39.923
[13:47:51]   battery   :   35.103
[13:47:51]   customer  :  -28.002
[13:47:51] Buffer大小:  1632
[13:47:51] 噪声水平: 0.0934
[13:47:51] 
动作统计:
[13:47:51]   wind      : mean= 0.969, std= 0.053, min= 0.822, max= 1.000
[13:47:51]   solar     : mean= 0.851, std= 0.098, min= 0.642, max= 1.000
[13:47:51]   diesel    : mean= 0.954, std= 0.065, min= 0.725, max= 1.000
[13:47:51]   battery   : mean= 0.801, std= 0.224, min= 0.218, max= 1.000
[13:47:51]   customer  : mean= 0.768, std= 0.175, min= 0.414, max= 1.000
[13:47:51] 
======================================================================
[13:47:51] Episode 64/200
[13:47:51] ======================================================================
[13:47:51] 总奖励:   131.60 | 步数: 24
[13:47:51] 最近10个episodes平均:    41.95
[13:47:51] 各Agent奖励:
[13:47:51]   wind      :   41.477
[13:47:51]   solar     :   60.327
[13:47:51]   diesel    :   22.574
[13:47:51]   battery   :   35.547
[13:47:51]   customer  :  -28.328
[13:47:51] Buffer大小:  1656
[13:47:51] 噪声水平: 0.0933
[13:47:51] 
动作统计:
[13:47:51]   wind      : mean= 0.958, std= 0.051, min= 0.832, max= 1.000
[13:47:51]   solar     : mean= 0.907, std= 0.064, min= 0.747, max= 1.000
[13:47:51]   diesel    : mean= 0.954, std= 0.061, min= 0.771, max= 1.000
[13:47:51]   battery   : mean= 0.820, std= 0.208, min= 0.196, max= 1.000
[13:47:51]   customer  : mean= 0.770, std= 0.179, min= 0.394, max= 1.000
[13:47:51] 
======================================================================
[13:47:51] Episode 65/200
[13:47:51] ======================================================================
[13:47:51] 总奖励:    84.36 | 步数: 24
[13:47:51] 最近10个episodes平均:    51.32
[13:47:51] 各Agent奖励:
[13:47:51]   wind      :   33.728
[13:47:51]   solar     :   20.719
[13:47:51]   diesel    :   21.928
[13:47:51]   battery   :   33.471
[13:47:51]   customer  :  -25.489
[13:47:51] Buffer大小:  1680
[13:47:51] 噪声水平: 0.0932
[13:47:51] 
动作统计:
[13:47:51]   wind      : mean= 0.958, std= 0.061, min= 0.766, max= 1.000
[13:47:51]   solar     : mean= 0.920, std= 0.061, min= 0.797, max= 1.000
[13:47:51]   diesel    : mean= 0.959, std= 0.053, min= 0.769, max= 1.000
[13:47:51]   battery   : mean= 0.831, std= 0.194, min= 0.301, max= 1.000
[13:47:51]   customer  : mean= 0.820, std= 0.176, min= 0.453, max= 1.000
[13:47:51] 
======================================================================
[13:47:51] Episode 66/200
[13:47:51] ======================================================================
[13:47:51] 总奖励:    86.48 | 步数: 24
[13:47:51] 最近10个episodes平均:    61.97
[13:47:51] 各Agent奖励:
[13:47:51]   wind      :   18.623
[13:47:51]   solar     :   23.920
[13:47:51]   diesel    :   33.609
[13:47:51]   battery   :   36.573
[13:47:51]   customer  :  -26.247
[13:47:51] Buffer大小:  1704
[13:47:51] 噪声水平: 0.0931
[13:47:51] 
动作统计:
[13:47:51]   wind      : mean= 0.974, std= 0.041, min= 0.889, max= 1.000
[13:47:51]   solar     : mean= 0.945, std= 0.069, min= 0.748, max= 1.000
[13:47:51]   diesel    : mean= 0.960, std= 0.059, min= 0.775, max= 1.000
[13:47:51]   battery   : mean= 0.824, std= 0.183, min= 0.311, max= 1.000
[13:47:51]   customer  : mean= 0.830, std= 0.136, min= 0.541, max= 1.000
[13:47:51] 
======================================================================
[13:47:51] Episode 67/200
[13:47:51] ======================================================================
[13:47:51] 总奖励:    79.70 | 步数: 24
[13:47:51] 最近10个episodes平均:    69.84
[13:47:51] 各Agent奖励:
[13:47:51]   wind      :   51.019
[13:47:51]   solar     :   13.324
[13:47:51]   diesel    :    5.756
[13:47:51]   battery   :   34.671
[13:47:51]   customer  :  -25.068
[13:47:51] Buffer大小:  1728
[13:47:51] 噪声水平: 0.0930
[13:47:51] 
动作统计:
[13:47:51]   wind      : mean= 0.972, std= 0.043, min= 0.847, max= 1.000
[13:47:51]   solar     : mean= 0.961, std= 0.048, min= 0.864, max= 1.000
[13:47:51]   diesel    : mean= 0.963, std= 0.055, min= 0.771, max= 1.000
[13:47:51]   battery   : mean= 0.856, std= 0.160, min= 0.420, max= 1.000
[13:47:51]   customer  : mean= 0.847, std= 0.113, min= 0.503, max= 1.000
[13:47:51] 
======================================================================
[13:47:51] Episode 68/200
[13:47:51] ======================================================================
[13:47:51] 总奖励:    76.80 | 步数: 24
[13:47:51] 最近10个episodes平均:    79.24
[13:47:51] 各Agent奖励:
[13:47:51]   wind      :   46.366
[13:47:51]   solar     :   11.479
[13:47:51]   diesel    :   12.591
[13:47:51]   battery   :   31.983
[13:47:51]   customer  :  -25.615
[13:47:51] Buffer大小:  1752
[13:47:51] 噪声水平: 0.0930
[13:47:51] 
动作统计:
[13:47:51]   wind      : mean= 0.948, std= 0.054, min= 0.842, max= 1.000
[13:47:51]   solar     : mean= 0.957, std= 0.054, min= 0.852, max= 1.000
[13:47:51]   diesel    : mean= 0.958, std= 0.051, min= 0.821, max= 1.000
[13:47:51]   battery   : mean= 0.859, std= 0.142, min= 0.461, max= 1.000
[13:47:51]   customer  : mean= 0.845, std= 0.136, min= 0.440, max= 1.000
[13:47:52] 
======================================================================
[13:47:52] Episode 69/200
[13:47:52] ======================================================================
[13:47:52] 总奖励:   104.79 | 步数: 24
[13:47:52] 最近10个episodes平均:    92.51
[13:47:52] 各Agent奖励:
[13:47:52]   wind      :   17.820
[13:47:52]   solar     :   61.714
[13:47:52]   diesel    :   13.336
[13:47:52]   battery   :   38.376
[13:47:52]   customer  :  -26.457
[13:47:52] Buffer大小:  1776
[13:47:52] 噪声水平: 0.0929
[13:47:52] 
动作统计:
[13:47:52]   wind      : mean= 0.958, std= 0.059, min= 0.813, max= 1.000
[13:47:52]   solar     : mean= 0.923, std= 0.077, min= 0.733, max= 1.000
[13:47:52]   diesel    : mean= 0.965, std= 0.045, min= 0.843, max= 1.000
[13:47:52]   battery   : mean= 0.873, std= 0.150, min= 0.480, max= 1.000
[13:47:52]   customer  : mean= 0.816, std= 0.150, min= 0.456, max= 1.000
[13:47:52] 
======================================================================
[13:47:52] Episode 70/200
[13:47:52] ======================================================================
[13:47:52] 总奖励:    58.67 | 步数: 24
[13:47:52] 最近10个episodes平均:    94.40
[13:47:52] 各Agent奖励:
[13:47:52]   wind      :   29.964
[13:47:52]   solar     :    9.586
[13:47:52]   diesel    :    9.529
[13:47:52]   battery   :   33.575
[13:47:52]   customer  :  -23.983
[13:47:52] Buffer大小:  1800
[13:47:52] 噪声水平: 0.0928
[13:47:52] 
动作统计:
[13:47:52]   wind      : mean= 0.977, std= 0.036, min= 0.885, max= 1.000
[13:47:52]   solar     : mean= 0.956, std= 0.074, min= 0.749, max= 1.000
[13:47:52]   diesel    : mean= 0.963, std= 0.053, min= 0.827, max= 1.000
[13:47:52]   battery   : mean= 0.872, std= 0.152, min= 0.344, max= 1.000
[13:47:52]   customer  : mean= 0.865, std= 0.144, min= 0.542, max= 1.000
[13:47:52] 
📊 生成可视化图表...
[13:47:52]   ✓ 训练曲线: debug_plots/training_ep0070.png
[13:47:52]   ✓ Agent分析: debug_plots/agents_ep0070.png
[13:47:53] 
======================================================================
[13:47:53] Episode 71/200
[13:47:53] ======================================================================
[13:47:53] 总奖励:    84.66 | 步数: 24
[13:47:53] 最近10个episodes平均:    94.94
[13:47:53] 各Agent奖励:
[13:47:53]   wind      :   54.255
[13:47:53]   solar     :   12.163
[13:47:53]   diesel    :    4.260
[13:47:53]   battery   :   39.369
[13:47:53]   customer  :  -25.383
[13:47:53] Buffer大小:  1824
[13:47:53] 噪声水平: 0.0927
[13:47:53] 
动作统计:
[13:47:53]   wind      : mean= 0.944, std= 0.056, min= 0.832, max= 1.000
[13:47:53]   solar     : mean= 0.969, std= 0.044, min= 0.862, max= 1.000
[13:47:53]   diesel    : mean= 0.956, std= 0.058, min= 0.759, max= 1.000
[13:47:53]   battery   : mean= 0.868, std= 0.154, min= 0.445, max= 1.000
[13:47:53]   customer  : mean= 0.848, std= 0.124, min= 0.562, max= 1.000
[13:47:53] 
======================================================================
[13:47:53] Episode 72/200
[13:47:53] ======================================================================
[13:47:53] 总奖励:    72.45 | 步数: 24
[13:47:53] 最近10个episodes平均:    90.52
[13:47:53] 各Agent奖励:
[13:47:53]   wind      :   18.280
[13:47:53]   solar     :   18.766
[13:47:53]   diesel    :   22.759
[13:47:53]   battery   :   38.284
[13:47:53]   customer  :  -25.638
[13:47:53] Buffer大小:  1848
[13:47:53] 噪声水平: 0.0926
[13:47:53] 
动作统计:
[13:47:53]   wind      : mean= 0.968, std= 0.043, min= 0.843, max= 1.000
[13:47:53]   solar     : mean= 0.975, std= 0.044, min= 0.820, max= 1.000
[13:47:53]   diesel    : mean= 0.969, std= 0.055, min= 0.803, max= 1.000
[13:47:53]   battery   : mean= 0.881, std= 0.138, min= 0.492, max= 1.000
[13:47:53]   customer  : mean= 0.849, std= 0.145, min= 0.450, max= 1.000
[13:47:53] 
======================================================================
[13:47:53] Episode 73/200
[13:47:53] ======================================================================
[13:47:53] 总奖励:    84.58 | 步数: 24
[13:47:53] 最近10个episodes平均:    86.41
[13:47:53] 各Agent奖励:
[13:47:53]   wind      :   36.640
[13:47:53]   solar     :   24.237
[13:47:53]   diesel    :    9.624
[13:47:53]   battery   :   39.658
[13:47:53]   customer  :  -25.579
[13:47:53] Buffer大小:  1872
[13:47:53] 噪声水平: 0.0925
[13:47:53] 
动作统计:
[13:47:53]   wind      : mean= 0.952, std= 0.054, min= 0.819, max= 1.000
[13:47:53]   solar     : mean= 0.944, std= 0.065, min= 0.808, max= 1.000
[13:47:53]   diesel    : mean= 0.972, std= 0.037, min= 0.832, max= 1.000
[13:47:53]   battery   : mean= 0.889, std= 0.139, min= 0.358, max= 1.000
[13:47:53]   customer  : mean= 0.841, std= 0.151, min= 0.501, max= 1.000
[13:47:54] 
======================================================================
[13:47:54] Episode 74/200
[13:47:54] ======================================================================
[13:47:54] 总奖励:    63.41 | 步数: 24
[13:47:54] 最近10个episodes平均:    79.59
[13:47:54] 各Agent奖励:
[13:47:54]   wind      :   24.386
[13:47:54]   solar     :    7.668
[13:47:54]   diesel    :   20.725
[13:47:54]   battery   :   35.096
[13:47:54]   customer  :  -24.470
[13:47:54] Buffer大小:  1896
[13:47:54] 噪声水平: 0.0924
[13:47:54] 
动作统计:
[13:47:54]   wind      : mean= 0.947, std= 0.058, min= 0.798, max= 1.000
[13:47:54]   solar     : mean= 0.947, std= 0.058, min= 0.817, max= 1.000
[13:47:54]   diesel    : mean= 0.961, std= 0.054, min= 0.806, max= 1.000
[13:47:54]   battery   : mean= 0.866, std= 0.134, min= 0.448, max= 1.000
[13:47:54]   customer  : mean= 0.852, std= 0.154, min= 0.496, max= 1.000
[13:47:54] 
======================================================================
[13:47:54] Episode 75/200
[13:47:54] ======================================================================
[13:47:54] 总奖励:    69.51 | 步数: 24
[13:47:54] 最近10个episodes平均:    78.11
[13:47:54] 各Agent奖励:
[13:47:54]   wind      :   27.603
[13:47:54]   solar     :    0.000
[13:47:54]   diesel    :   30.787
[13:47:54]   battery   :   36.590
[13:47:54]   customer  :  -25.472
[13:47:54] Buffer大小:  1920
[13:47:54] 噪声水平: 0.0923
[13:47:54] 
动作统计:
[13:47:54]   wind      : mean= 0.955, std= 0.056, min= 0.816, max= 1.000
[13:47:54]   solar     : mean= 0.970, std= 0.040, min= 0.878, max= 1.000
[13:47:54]   diesel    : mean= 0.959, std= 0.055, min= 0.790, max= 1.000
[13:47:54]   battery   : mean= 0.852, std= 0.169, min= 0.360, max= 1.000
[13:47:54]   customer  : mean= 0.850, std= 0.154, min= 0.374, max= 1.000
[13:47:54] 
======================================================================
[13:47:54] Episode 76/200
[13:47:54] ======================================================================
[13:47:54] 总奖励:    79.37 | 步数: 24
[13:47:54] 最近10个episodes平均:    77.39
[13:47:54] 各Agent奖励:
[13:47:54]   wind      :   33.660
[13:47:54]   solar     :   15.286
[13:47:54]   diesel    :   21.821
[13:47:54]   battery   :   35.065
[13:47:54]   customer  :  -26.458
[13:47:54] Buffer大小:  1944
[13:47:54] 噪声水平: 0.0922
[13:47:54] 
动作统计:
[13:47:54]   wind      : mean= 0.950, std= 0.063, min= 0.787, max= 1.000
[13:47:54]   solar     : mean= 0.972, std= 0.046, min= 0.825, max= 1.000
[13:47:54]   diesel    : mean= 0.960, std= 0.052, min= 0.801, max= 1.000
[13:47:54]   battery   : mean= 0.851, std= 0.162, min= 0.280, max= 1.000
[13:47:54]   customer  : mean= 0.844, std= 0.127, min= 0.583, max= 1.000
[13:47:55] 
======================================================================
[13:47:55] Episode 77/200
[13:47:55] ======================================================================
[13:47:55] 总奖励:    67.95 | 步数: 24
[13:47:55] 最近10个episodes平均:    76.22
[13:47:55] 各Agent奖励:
[13:47:55]   wind      :   16.066
[13:47:55]   solar     :   16.571
[13:47:55]   diesel    :   23.639
[13:47:55]   battery   :   36.954
[13:47:55]   customer  :  -25.279
[13:47:55] Buffer大小:  1968
[13:47:55] 噪声水平: 0.0921
[13:47:55] 
动作统计:
[13:47:55]   wind      : mean= 0.981, std= 0.040, min= 0.813, max= 1.000
[13:47:55]   solar     : mean= 0.951, std= 0.059, min= 0.772, max= 1.000
[13:47:55]   diesel    : mean= 0.961, std= 0.054, min= 0.844, max= 1.000
[13:47:55]   battery   : mean= 0.876, std= 0.161, min= 0.206, max= 1.000
[13:47:55]   customer  : mean= 0.858, std= 0.142, min= 0.487, max= 1.000
[13:47:55] 
======================================================================
[13:47:55] Episode 78/200
[13:47:55] ======================================================================
[13:47:55] 总奖励:    73.61 | 步数: 24
[13:47:55] 最近10个episodes平均:    75.90
[13:47:55] 各Agent奖励:
[13:47:55]   wind      :   40.137
[13:47:55]   solar     :   21.120
[13:47:55]   diesel    :    0.106
[13:47:55]   battery   :   36.907
[13:47:55]   customer  :  -24.657
[13:47:55] Buffer大小:  1992
[13:47:55] 噪声水平: 0.0920
[13:47:55] 
动作统计:
[13:47:55]   wind      : mean= 0.949, std= 0.067, min= 0.785, max= 1.000
[13:47:55]   solar     : mean= 0.983, std= 0.034, min= 0.858, max= 1.000
[13:47:55]   diesel    : mean= 0.956, std= 0.058, min= 0.773, max= 1.000
[13:47:55]   battery   : mean= 0.829, std= 0.195, min= 0.129, max= 1.000
[13:47:55]   customer  : mean= 0.847, std= 0.189, min= 0.391, max= 1.000
[13:47:55] 
======================================================================
[13:47:55] Episode 79/200
[13:47:55] ======================================================================
[13:47:55] 总奖励:    87.40 | 步数: 24
[13:47:55] 最近10个episodes平均:    74.16
[13:47:55] 各Agent奖励:
[13:47:55]   wind      :   36.995
[13:47:55]   solar     :   27.240
[13:47:55]   diesel    :   14.509
[13:47:55]   battery   :   34.034
[13:47:55]   customer  :  -25.373
[13:47:55] Buffer大小:  2016
[13:47:55] 噪声水平: 0.0919
[13:47:55] 
动作统计:
[13:47:55]   wind      : mean= 0.948, std= 0.058, min= 0.795, max= 1.000
[13:47:55]   solar     : mean= 0.961, std= 0.053, min= 0.836, max= 1.000
[13:47:55]   diesel    : mean= 0.959, std= 0.049, min= 0.813, max= 1.000
[13:47:55]   battery   : mean= 0.848, std= 0.192, min= 0.136, max= 1.000
[13:47:55]   customer  : mean= 0.828, std= 0.154, min= 0.415, max= 1.000
[13:47:55] 
======================================================================
[13:47:55] Episode 80/200
[13:47:55] ======================================================================
[13:47:55] 总奖励:    62.68 | 步数: 24
[13:47:55] 最近10个episodes平均:    74.56
[13:47:55] 各Agent奖励:
[13:47:55]   wind      :   12.670
[13:47:55]   solar     :   25.302
[13:47:55]   diesel    :   15.770
[13:47:55]   battery   :   33.406
[13:47:55]   customer  :  -24.474
[13:47:55] Buffer大小:  2040
[13:47:55] 噪声水平: 0.0918
[13:47:55] 
动作统计:
[13:47:55]   wind      : mean= 0.975, std= 0.037, min= 0.850, max= 1.000
[13:47:55]   solar     : mean= 0.962, std= 0.054, min= 0.841, max= 1.000
[13:47:55]   diesel    : mean= 0.963, std= 0.058, min= 0.767, max= 1.000
[13:47:55]   battery   : mean= 0.827, std= 0.192, min= 0.009, max= 1.000
[13:47:55]   customer  : mean= 0.851, std= 0.141, min= 0.552, max= 1.000
[13:47:55] 
📊 生成可视化图表...
[13:47:56]   ✓ 训练曲线: debug_plots/training_ep0080.png
[13:47:56]   ✓ Agent分析: debug_plots/agents_ep0080.png
[13:47:56] 
======================================================================
[13:47:56] Episode 81/200
[13:47:56] ======================================================================
[13:47:56] 总奖励:    65.51 | 步数: 24
[13:47:56] 最近10个episodes平均:    72.65
[13:47:56] 各Agent奖励:
[13:47:56]   wind      :   25.230
[13:47:56]   solar     :   17.697
[13:47:56]   diesel    :   15.921
[13:47:56]   battery   :   31.057
[13:47:56]   customer  :  -24.399
[13:47:56] Buffer大小:  2064
[13:47:56] 噪声水平: 0.0918
[13:47:56] 
动作统计:
[13:47:56]   wind      : mean= 0.955, std= 0.061, min= 0.800, max= 1.000
[13:47:56]   solar     : mean= 0.955, std= 0.066, min= 0.778, max= 1.000
[13:47:56]   diesel    : mean= 0.960, std= 0.048, min= 0.848, max= 1.000
[13:47:56]   battery   : mean= 0.797, std= 0.207, min=-0.019, max= 1.000
[13:47:56]   customer  : mean= 0.838, std= 0.157, min= 0.493, max= 1.000
[13:47:56] 
======================================================================
[13:47:56] Episode 82/200
[13:47:56] ======================================================================
[13:47:56] 总奖励:    51.92 | 步数: 24
[13:47:56] 最近10个episodes平均:    70.59
[13:47:56] 各Agent奖励:
[13:47:56]   wind      :   19.648
[13:47:56]   solar     :    4.515
[13:47:56]   diesel    :   24.840
[13:47:56]   battery   :   26.835
[13:47:56]   customer  :  -23.919
[13:47:56] Buffer大小:  2088
[13:47:56] 噪声水平: 0.0917
[13:47:56] 
动作统计:
[13:47:56]   wind      : mean= 0.958, std= 0.075, min= 0.743, max= 1.000
[13:47:56]   solar     : mean= 0.967, std= 0.052, min= 0.817, max= 1.000
[13:47:56]   diesel    : mean= 0.949, std= 0.068, min= 0.711, max= 1.000
[13:47:56]   battery   : mean= 0.820, std= 0.212, min= 0.043, max= 1.000
[13:47:56]   customer  : mean= 0.857, std= 0.134, min= 0.493, max= 1.000
[13:47:56] 
======================================================================
[13:47:56] Episode 83/200
[13:47:56] ======================================================================
[13:47:56] 总奖励:    79.01 | 步数: 24
[13:47:56] 最近10个episodes平均:    70.04
[13:47:56] 各Agent奖励:
[13:47:56]   wind      :   31.405
[13:47:56]   solar     :   20.362
[13:47:56]   diesel    :   22.379
[13:47:56]   battery   :   30.522
[13:47:56]   customer  :  -25.660
[13:47:56] Buffer大小:  2112
[13:47:56] 噪声水平: 0.0916
[13:47:56] 
动作统计:
[13:47:56]   wind      : mean= 0.983, std= 0.039, min= 0.856, max= 1.000
[13:47:56]   solar     : mean= 0.944, std= 0.052, min= 0.809, max= 1.000
[13:47:56]   diesel    : mean= 0.958, std= 0.054, min= 0.815, max= 1.000
[13:47:56]   battery   : mean= 0.799, std= 0.208, min= 0.200, max= 1.000
[13:47:56]   customer  : mean= 0.822, std= 0.172, min= 0.428, max= 1.000
[13:47:56] 
======================================================================
[13:47:56] Episode 84/200
[13:47:56] ======================================================================
[13:47:56] 总奖励:    64.43 | 步数: 24
[13:47:56] 最近10个episodes平均:    70.14
[13:47:56] 各Agent奖励:
[13:47:56]   wind      :   17.175
[13:47:56]   solar     :    0.000
[13:47:56]   diesel    :   45.961
[13:47:56]   battery   :   26.372
[13:47:56]   customer  :  -25.082
[13:47:56] Buffer大小:  2136
[13:47:56] 噪声水平: 0.0915
[13:47:56] 
动作统计:
[13:47:56]   wind      : mean= 0.967, std= 0.048, min= 0.853, max= 1.000
[13:47:56]   solar     : mean= 0.972, std= 0.038, min= 0.871, max= 1.000
[13:47:56]   diesel    : mean= 0.959, std= 0.058, min= 0.814, max= 1.000
[13:47:56]   battery   : mean= 0.800, std= 0.222, min= 0.232, max= 1.000
[13:47:56]   customer  : mean= 0.830, std= 0.162, min= 0.473, max= 1.000
[13:47:56] 
======================================================================
[13:47:56] Episode 85/200
[13:47:56] ======================================================================
[13:47:56] 总奖励:    72.20 | 步数: 24
[13:47:56] 最近10个episodes平均:    70.41
[13:47:56] 各Agent奖励:
[13:47:56]   wind      :   18.917
[13:47:56]   solar     :   32.466
[13:47:56]   diesel    :   14.311
[13:47:56]   battery   :   31.270
[13:47:56]   customer  :  -24.759
[13:47:56] Buffer大小:  2160
[13:47:56] 噪声水平: 0.0914
[13:47:56] 
动作统计:
[13:47:56]   wind      : mean= 0.951, std= 0.063, min= 0.776, max= 1.000
[13:47:56]   solar     : mean= 0.946, std= 0.061, min= 0.773, max= 1.000
[13:47:56]   diesel    : mean= 0.968, std= 0.049, min= 0.830, max= 1.000
[13:47:56]   battery   : mean= 0.773, std= 0.232, min=-0.011, max= 1.000
[13:47:56]   customer  : mean= 0.835, std= 0.175, min= 0.452, max= 1.000
[13:47:57] 
======================================================================
[13:47:57] Episode 86/200
[13:47:57] ======================================================================
[13:47:57] 总奖励:    91.80 | 步数: 24
[13:47:57] 最近10个episodes平均:    71.65
[13:47:57] 各Agent奖励:
[13:47:57]   wind      :   51.919
[13:47:57]   solar     :   23.101
[13:47:57]   diesel    :   14.794
[13:47:57]   battery   :   26.957
[13:47:57]   customer  :  -24.970
[13:47:57] Buffer大小:  2184
[13:47:57] 噪声水平: 0.0913
[13:47:57] 
动作统计:
[13:47:57]   wind      : mean= 0.955, std= 0.055, min= 0.839, max= 1.000
[13:47:57]   solar     : mean= 0.959, std= 0.055, min= 0.814, max= 1.000
[13:47:57]   diesel    : mean= 0.968, std= 0.052, min= 0.789, max= 1.000
[13:47:57]   battery   : mean= 0.759, std= 0.253, min= 0.186, max= 1.000
[13:47:57]   customer  : mean= 0.802, std= 0.172, min= 0.472, max= 1.000
[13:47:57] 
======================================================================
[13:47:57] Episode 87/200
[13:47:57] ======================================================================
[13:47:57] 总奖励:    92.83 | 步数: 24
[13:47:57] 最近10个episodes平均:    74.14
[13:47:57] 各Agent奖励:
[13:47:57]   wind      :   34.033
[13:47:57]   solar     :   19.098
[13:47:57]   diesel    :   35.468
[13:47:57]   battery   :   30.326
[13:47:57]   customer  :  -26.092
[13:47:57] Buffer大小:  2208
[13:47:57] 噪声水平: 0.0912
[13:47:57] 
动作统计:
[13:47:57]   wind      : mean= 0.918, std= 0.080, min= 0.758, max= 1.000
[13:47:57]   solar     : mean= 0.981, std= 0.035, min= 0.847, max= 1.000
[13:47:57]   diesel    : mean= 0.954, std= 0.057, min= 0.797, max= 1.000
[13:47:57]   battery   : mean= 0.767, std= 0.261, min=-0.090, max= 1.000
[13:47:57]   customer  : mean= 0.813, std= 0.162, min= 0.435, max= 1.000
[13:47:57] 
======================================================================
[13:47:57] Episode 88/200
[13:47:57] ======================================================================
[13:47:57] 总奖励:    92.91 | 步数: 24
[13:47:57] 最近10个episodes平均:    76.07
[13:47:57] 各Agent奖励:
[13:47:57]   wind      :   67.225
[13:47:57]   solar     :   17.964
[13:47:57]   diesel    :    3.254
[13:47:57]   battery   :   29.397
[13:47:57]   customer  :  -24.928
[13:47:57] Buffer大小:  2232
[13:47:57] 噪声水平: 0.0911
[13:47:57] 
动作统计:
[13:47:57]   wind      : mean= 0.884, std= 0.091, min= 0.708, max= 1.000
[13:47:57]   solar     : mean= 0.952, std= 0.060, min= 0.794, max= 1.000
[13:47:57]   diesel    : mean= 0.971, std= 0.046, min= 0.837, max= 1.000
[13:47:57]   battery   : mean= 0.767, std= 0.249, min= 0.212, max= 1.000
[13:47:57]   customer  : mean= 0.807, std= 0.151, min= 0.393, max= 1.000
[13:47:57] 
======================================================================
[13:47:57] Episode 89/200
[13:47:57] ======================================================================
[13:47:57] 总奖励:    56.62 | 步数: 24
[13:47:57] 最近10个episodes平均:    72.99
[13:47:57] 各Agent奖励:
[13:47:57]   wind      :   39.937
[13:47:57]   solar     :   13.512
[13:47:57]   diesel    :    0.000
[13:47:57]   battery   :   25.753
[13:47:57]   customer  :  -22.583
[13:47:57] Buffer大小:  2256
[13:47:57] 噪声水平: 0.0910
[13:47:57] 
动作统计:
[13:47:57]   wind      : mean= 0.740, std= 0.122, min= 0.521, max= 1.000
[13:47:57]   solar     : mean= 0.981, std= 0.035, min= 0.862, max= 1.000
[13:47:57]   diesel    : mean= 0.964, std= 0.050, min= 0.808, max= 1.000
[13:47:57]   battery   : mean= 0.755, std= 0.247, min= 0.229, max= 1.000
[13:47:57]   customer  : mean= 0.845, std= 0.153, min= 0.479, max= 1.000
[13:47:57] 
======================================================================
[13:47:57] Episode 90/200
[13:47:57] ======================================================================
[13:47:57] 总奖励:    48.31 | 步数: 24
[13:47:57] 最近10个episodes平均:    71.55
[13:47:57] 各Agent奖励:
[13:47:57]   wind      :   48.703
[13:47:57]   solar     :    0.000
[13:47:57]   diesel    :    6.140
[13:47:57]   battery   :   15.122
[13:47:57]   customer  :  -21.652
[13:47:57] Buffer大小:  2280
[13:47:57] 噪声水平: 0.0909
[13:47:57] 
动作统计:
[13:47:57]   wind      : mean= 0.591, std= 0.156, min= 0.317, max= 0.963
[13:47:57]   solar     : mean= 0.983, std= 0.031, min= 0.911, max= 1.000
[13:47:57]   diesel    : mean= 0.963, std= 0.048, min= 0.835, max= 1.000
[13:47:57]   battery   : mean= 0.753, std= 0.278, min=-0.026, max= 1.000
[13:47:57]   customer  : mean= 0.810, std= 0.169, min= 0.411, max= 1.000
[13:47:57] 
📊 生成可视化图表...
[13:47:58]   ✓ 训练曲线: debug_plots/training_ep0090.png
[13:47:58]   ✓ Agent分析: debug_plots/agents_ep0090.png
[13:47:58] 
======================================================================
[13:47:58] Episode 91/200
[13:47:58] ======================================================================
[13:47:58] 总奖励:    55.90 | 步数: 24
[13:47:58] 最近10个episodes平均:    70.59
[13:47:58] 各Agent奖励:
[13:47:58]   wind      :   58.530
[13:47:58]   solar     :    0.000
[13:47:58]   diesel    :    0.000
[13:47:58]   battery   :   19.253
[13:47:58]   customer  :  -21.885
[13:47:58] Buffer大小:  2304
[13:47:58] 噪声水平: 0.0908
[13:47:58] 
动作统计:
[13:47:58]   wind      : mean= 0.456, std= 0.191, min= 0.118, max= 0.870
[13:47:58]   solar     : mean= 0.946, std= 0.061, min= 0.807, max= 1.000
[13:47:58]   diesel    : mean= 0.974, std= 0.048, min= 0.779, max= 1.000
[13:47:58]   battery   : mean= 0.757, std= 0.257, min= 0.072, max= 1.000
[13:47:58]   customer  : mean= 0.814, std= 0.147, min= 0.494, max= 1.000
[13:47:58] 
======================================================================
[13:47:58] Episode 92/200
[13:47:58] ======================================================================
[13:47:58] 总奖励:    47.06 | 步数: 24
[13:47:58] 最近10个episodes平均:    70.11
[13:47:58] 各Agent奖励:
[13:47:58]   wind      :   39.449
[13:47:58]   solar     :    6.979
[13:47:58]   diesel    :    0.000
[13:47:58]   battery   :   21.852
[13:47:58]   customer  :  -21.225
[13:47:58] Buffer大小:  2328
[13:47:58] 噪声水平: 0.0908
[13:47:58] 
动作统计:
[13:47:58]   wind      : mean= 0.251, std= 0.215, min=-0.093, max= 0.700
[13:47:58]   solar     : mean= 0.962, std= 0.055, min= 0.829, max= 1.000
[13:47:58]   diesel    : mean= 0.972, std= 0.047, min= 0.746, max= 1.000
[13:47:58]   battery   : mean= 0.769, std= 0.238, min= 0.273, max= 1.000
[13:47:58]   customer  : mean= 0.797, std= 0.185, min= 0.403, max= 1.000
[13:47:58] 
======================================================================
[13:47:58] Episode 93/200
[13:47:58] ======================================================================
[13:47:58] 总奖励:    21.08 | 步数: 24
[13:47:58] 最近10个episodes平均:    64.31
[13:47:58] 各Agent奖励:
[13:47:58]   wind      :   28.473
[13:47:58]   solar     :    0.000
[13:47:58]   diesel    :    0.000
[13:47:58]   battery   :   11.754
[13:47:58]   customer  :  -19.146
[13:47:58] Buffer大小:  2352
[13:47:58] 噪声水平: 0.0907
[13:47:58] 
动作统计:
[13:47:58]   wind      : mean= 0.123, std= 0.311, min=-0.249, max= 0.823
[13:47:58]   solar     : mean= 0.971, std= 0.059, min= 0.775, max= 1.000
[13:47:58]   diesel    : mean= 0.944, std= 0.071, min= 0.666, max= 1.000
[13:47:58]   battery   : mean= 0.770, std= 0.230, min= 0.208, max= 1.000
[13:47:58]   customer  : mean= 0.817, std= 0.183, min= 0.437, max= 1.000
[13:47:58] 
======================================================================
[13:47:58] Episode 94/200
[13:47:58] ======================================================================
[13:47:58] 总奖励:    28.23 | 步数: 24
[13:47:58] 最近10个episodes平均:    60.70
[13:47:58] 各Agent奖励:
[13:47:58]   wind      :   12.556
[13:47:58]   solar     :    0.000
[13:47:58]   diesel    :    7.901
[13:47:58]   battery   :   27.472
[13:47:58]   customer  :  -19.696
[13:47:58] Buffer大小:  2376
[13:47:58] 噪声水平: 0.0906
[13:47:58] 
动作统计:
[13:47:58]   wind      : mean=-0.079, std= 0.378, min=-0.513, max= 0.944
[13:47:58]   solar     : mean= 0.939, std= 0.067, min= 0.768, max= 1.000
[13:47:58]   diesel    : mean= 0.965, std= 0.058, min= 0.800, max= 1.000
[13:47:58]   battery   : mean= 0.816, std= 0.200, min= 0.394, max= 1.000
[13:47:58]   customer  : mean= 0.815, std= 0.171, min= 0.463, max= 1.000
[13:47:58] 
======================================================================
[13:47:58] Episode 95/200
[13:47:58] ======================================================================
[13:47:58] 总奖励:   -11.83 | 步数: 24
[13:47:58] 最近10个episodes平均:    52.29
[13:47:58] 各Agent奖励:
[13:47:58]   wind      :   -7.366
[13:47:58]   solar     :    0.000
[13:47:58]   diesel    :    0.000
[13:47:58]   battery   :   11.587
[13:47:58]   customer  :  -16.055
[13:47:58] Buffer大小:  2400
[13:47:58] 噪声水平: 0.0905
[13:47:59] 
动作统计:
[13:47:59]   wind      : mean=-0.098, std= 0.405, min=-0.622, max= 1.000
[13:47:59]   solar     : mean= 0.961, std= 0.043, min= 0.849, max= 1.000
[13:47:59]   diesel    : mean= 0.957, std= 0.061, min= 0.711, max= 1.000
[13:47:59]   battery   : mean= 0.809, std= 0.206, min= 0.324, max= 1.000
[13:47:59]   customer  : mean= 0.822, std= 0.164, min= 0.419, max= 1.000
[13:47:59] 
======================================================================
[13:47:59] Episode 96/200
[13:47:59] ======================================================================
[13:47:59] 总奖励:     4.81 | 步数: 24
[13:47:59] 最近10个episodes平均:    43.59
[13:47:59] 各Agent奖励:
[13:47:59]   wind      :    9.558
[13:47:59]   solar     :    0.000
[13:47:59]   diesel    :    0.000
[13:47:59]   battery   :   13.733
[13:47:59]   customer  :  -18.483
[13:47:59] Buffer大小:  2424
[13:47:59] 噪声水平: 0.0904
[13:47:59] 
动作统计:
[13:47:59]   wind      : mean=-0.110, std= 0.486, min=-0.669, max= 0.971
[13:47:59]   solar     : mean= 0.946, std= 0.064, min= 0.730, max= 1.000
[13:47:59]   diesel    : mean= 0.967, std= 0.049, min= 0.803, max= 1.000
[13:47:59]   battery   : mean= 0.843, std= 0.175, min= 0.351, max= 1.000
[13:47:59]   customer  : mean= 0.838, std= 0.155, min= 0.436, max= 1.000
[13:47:59] 
======================================================================
[13:47:59] Episode 97/200
[13:47:59] ======================================================================
[13:47:59] 总奖励:    18.28 | 步数: 24
[13:47:59] 最近10个episodes平均:    36.14
[13:47:59] 各Agent奖励:
[13:47:59]   wind      :   23.418
[13:47:59]   solar     :    0.000
[13:47:59]   diesel    :    0.938
[13:47:59]   battery   :   13.023
[13:47:59]   customer  :  -19.103
[13:47:59] Buffer大小:  2448
[13:47:59] 噪声水平: 0.0903
[13:47:59] 
动作统计:
[13:47:59]   wind      : mean=-0.035, std= 0.445, min=-0.594, max= 0.918
[13:47:59]   solar     : mean= 0.972, std= 0.039, min= 0.884, max= 1.000
[13:47:59]   diesel    : mean= 0.973, std= 0.038, min= 0.856, max= 1.000
[13:47:59]   battery   : mean= 0.853, std= 0.148, min= 0.464, max= 1.000
[13:47:59]   customer  : mean= 0.828, std= 0.142, min= 0.509, max= 1.000
[13:47:59] 
======================================================================
[13:47:59] Episode 98/200
[13:47:59] ======================================================================
[13:47:59] 总奖励:    10.17 | 步数: 24
[13:47:59] 最近10个episodes平均:    27.86
[13:47:59] 各Agent奖励:
[13:47:59]   wind      :   15.852
[13:47:59]   solar     :    0.000
[13:47:59]   diesel    :    0.000
[13:47:59]   battery   :   12.487
[13:47:59]   customer  :  -18.171
[13:47:59] Buffer大小:  2472
[13:47:59] 噪声水平: 0.0902
[13:47:59] 
动作统计:
[13:47:59]   wind      : mean=-0.055, std= 0.459, min=-0.633, max= 0.931
[13:47:59]   solar     : mean= 0.972, std= 0.044, min= 0.864, max= 1.000
[13:47:59]   diesel    : mean= 0.934, std= 0.077, min= 0.615, max= 1.000
[13:47:59]   battery   : mean= 0.879, std= 0.145, min= 0.518, max= 1.000
[13:47:59]   customer  : mean= 0.812, std= 0.165, min= 0.453, max= 1.000
[13:47:59] 
======================================================================
[13:47:59] Episode 99/200
[13:47:59] ======================================================================
[13:47:59] 总奖励:    20.89 | 步数: 24
[13:47:59] 最近10个episodes平均:    24.29
[13:47:59] 各Agent奖励:
[13:47:59]   wind      :   16.484
[13:47:59]   solar     :    0.000
[13:47:59]   diesel    :    3.769
[13:47:59]   battery   :   20.386
[13:47:59]   customer  :  -19.749
[13:47:59] Buffer大小:  2496
[13:47:59] 噪声水平: 0.0901
[13:47:59] 
动作统计:
[13:47:59]   wind      : mean=-0.031, std= 0.418, min=-0.701, max= 0.843
[13:47:59]   solar     : mean= 0.963, std= 0.048, min= 0.846, max= 1.000
[13:47:59]   diesel    : mean= 0.792, std= 0.217, min= 0.376, max= 1.000
[13:47:59]   battery   : mean= 0.858, std= 0.149, min= 0.509, max= 1.000
[13:47:59]   customer  : mean= 0.829, std= 0.165, min= 0.497, max= 1.000
[13:47:59] 
======================================================================
[13:47:59] Episode 100/200
[13:47:59] ======================================================================
[13:47:59] 总奖励:   -21.24 | 步数: 24
[13:47:59] 最近10个episodes平均:    17.33
[13:47:59] 各Agent奖励:
[13:47:59]   wind      :  -13.367
[13:47:59]   solar     :    0.000
[13:47:59]   diesel    :    7.729
[13:47:59]   battery   :    0.000
[13:47:59]   customer  :  -15.598
[13:47:59] Buffer大小:  2520
[13:47:59] 噪声水平: 0.0900
[13:47:59] 
动作统计:
[13:47:59]   wind      : mean=-0.021, std= 0.504, min=-0.574, max= 1.000
[13:47:59]   solar     : mean= 0.971, std= 0.048, min= 0.805, max= 1.000
[13:47:59]   diesel    : mean= 0.508, std= 0.504, min=-0.378, max= 1.000
[13:47:59]   battery   : mean= 0.884, std= 0.131, min= 0.495, max= 1.000
[13:47:59]   customer  : mean= 0.802, std= 0.189, min= 0.407, max= 1.000
[13:47:59] 
📊 生成可视化图表...
[13:48:00]   ✓ 训练曲线: debug_plots/training_ep0100.png
[13:48:00]   ✓ Agent分析: debug_plots/agents_ep0100.png
[13:48:00] 💾 保存检查点: debug_checkpoints/debug_maddpg_20251122_134737_ep0100.pt
[13:48:00] 
======================================================================
[13:48:00] Episode 101/200
[13:48:00] ======================================================================
[13:48:00] 总奖励:   -63.97 | 步数: 24
[13:48:00] 最近10个episodes平均:     5.35
[13:48:00] 各Agent奖励:
[13:48:00]   wind      :  -12.852
[13:48:00]   solar     :    0.000
[13:48:00]   diesel    :  -38.632
[13:48:00]   battery   :    0.000
[13:48:00]   customer  :  -12.482
[13:48:00] Buffer大小:  2544
[13:48:00] 噪声水平: 0.0899
[13:48:00] 
动作统计:
[13:48:00]   wind      : mean=-0.236, std= 0.448, min=-0.658, max= 0.964
[13:48:00]   solar     : mean= 0.960, std= 0.056, min= 0.788, max= 1.000
[13:48:00]   diesel    : mean= 0.303, std= 0.703, min=-0.849, max= 1.000
[13:48:00]   battery   : mean= 0.898, std= 0.114, min= 0.638, max= 1.000
[13:48:00]   customer  : mean= 0.832, std= 0.161, min= 0.521, max= 1.000
[13:48:00] 
======================================================================
[13:48:00] Episode 102/200
[13:48:00] ======================================================================
[13:48:00] 总奖励:   -75.82 | 步数: 24
[13:48:00] 最近10个episodes平均:    -6.94
[13:48:00] 各Agent奖励:
[13:48:00]   wind      :  -15.149
[13:48:00]   solar     :    0.000
[13:48:00]   diesel    :  -49.747
[13:48:00]   battery   :    0.000
[13:48:00]   customer  :  -10.924
[13:48:00] Buffer大小:  2568
[13:48:00] 噪声水平: 0.0898
[13:48:00] 
动作统计:
[13:48:00]   wind      : mean=-0.363, std= 0.421, min=-0.754, max= 0.845
[13:48:00]   solar     : mean= 0.940, std= 0.068, min= 0.720, max= 1.000
[13:48:00]   diesel    : mean= 0.176, std= 0.807, min=-0.964, max= 1.000
[13:48:00]   battery   : mean= 0.887, std= 0.115, min= 0.505, max= 1.000
[13:48:00]   customer  : mean= 0.838, std= 0.148, min= 0.469, max= 1.000
[13:48:01] 
======================================================================
[13:48:01] Episode 103/200
[13:48:01] ======================================================================
[13:48:01] 总奖励:   -77.99 | 步数: 24
[13:48:01] 最近10个episodes平均:   -16.85
[13:48:01] 各Agent奖励:
[13:48:01]   wind      :   -7.326
[13:48:01]   solar     :    0.000
[13:48:01]   diesel    :  -59.679
[13:48:01]   battery   :    0.000
[13:48:01]   customer  :  -10.983
[13:48:01] Buffer大小:  2592
[13:48:01] 噪声水平: 0.0898
[13:48:01] 
动作统计:
[13:48:01]   wind      : mean=-0.505, std= 0.286, min=-0.836, max= 0.434
[13:48:01]   solar     : mean= 0.967, std= 0.043, min= 0.863, max= 1.000
[13:48:01]   diesel    : mean= 0.102, std= 0.881, min=-0.966, max= 1.000
[13:48:01]   battery   : mean= 0.879, std= 0.122, min= 0.594, max= 1.000
[13:48:01]   customer  : mean= 0.858, std= 0.113, min= 0.660, max= 1.000
[13:48:01] 
======================================================================
[13:48:01] Episode 104/200
[13:48:01] ======================================================================
[13:48:01] 总奖励:   -87.87 | 步数: 24
[13:48:01] 最近10个episodes平均:   -28.46
[13:48:01] 各Agent奖励:
[13:48:01]   wind      :  -16.392
[13:48:01]   solar     :    0.000
[13:48:01]   diesel    :  -62.019
[13:48:01]   battery   :    0.000
[13:48:01]   customer  :   -9.461
[13:48:01] Buffer大小:  2616
[13:48:01] 噪声水平: 0.0897
[13:48:01] 
动作统计:
[13:48:01]   wind      : mean=-0.546, std= 0.439, min=-0.880, max= 0.883
[13:48:01]   solar     : mean= 0.973, std= 0.042, min= 0.840, max= 1.000
[13:48:01]   diesel    : mean= 0.076, std= 0.897, min=-1.000, max= 1.000
[13:48:01]   battery   : mean= 0.859, std= 0.122, min= 0.498, max= 1.000
[13:48:01]   customer  : mean= 0.849, std= 0.117, min= 0.634, max= 0.979
[13:48:01] 
======================================================================
[13:48:01] Episode 105/200
[13:48:01] ======================================================================
[13:48:01] 总奖励:   -80.01 | 步数: 24
[13:48:01] 最近10个episodes平均:   -35.27
[13:48:01] 各Agent奖励:
[13:48:01]   wind      :  -10.774
[13:48:01]   solar     :    0.000
[13:48:01]   diesel    :  -58.708
[13:48:01]   battery   :    0.000
[13:48:01]   customer  :  -10.529
[13:48:01] Buffer大小:  2640
[13:48:01] 噪声水平: 0.0896
[13:48:01] 
动作统计:
[13:48:01]   wind      : mean=-0.569, std= 0.263, min=-0.990, max= 0.066
[13:48:01]   solar     : mean= 0.930, std= 0.074, min= 0.731, max= 1.000
[13:48:01]   diesel    : mean= 0.088, std= 0.900, min=-1.000, max= 1.000
[13:48:01]   battery   : mean= 0.855, std= 0.148, min= 0.440, max= 1.000
[13:48:01]   customer  : mean= 0.868, std= 0.119, min= 0.492, max= 1.000
[13:48:01] 
======================================================================
[13:48:01] Episode 106/200
[13:48:01] ======================================================================
[13:48:01] 总奖励:   -66.59 | 步数: 24
[13:48:01] 最近10个episodes平均:   -42.42
[13:48:01] 各Agent奖励:
[13:48:01]   wind      :   -5.118
[13:48:01]   solar     :    0.000
[13:48:01]   diesel    :  -48.591
[13:48:01]   battery   :    0.000
[13:48:01]   customer  :  -12.885
[13:48:01] Buffer大小:  2664
[13:48:01] 噪声水平: 0.0895
[13:48:01] 
动作统计:
[13:48:01]   wind      : mean=-0.680, std= 0.194, min=-0.995, max= 0.010
[13:48:01]   solar     : mean= 0.904, std= 0.093, min= 0.672, max= 1.000
[13:48:01]   diesel    : mean= 0.089, std= 0.900, min=-1.000, max= 1.000
[13:48:01]   battery   : mean= 0.875, std= 0.128, min= 0.578, max= 1.000
[13:48:01]   customer  : mean= 0.898, std= 0.116, min= 0.660, max= 1.000
[13:48:02] 
======================================================================
[13:48:02] Episode 107/200
[13:48:02] ======================================================================
[13:48:02] 总奖励:   -62.07 | 步数: 24
[13:48:02] 最近10个episodes平均:   -50.45
[13:48:02] 各Agent奖励:
[13:48:02]   wind      :  -15.972
[13:48:02]   solar     :    0.000
[13:48:02]   diesel    :  -32.647
[13:48:02]   battery   :    0.000
[13:48:02]   customer  :  -13.454
[13:48:02] Buffer大小:  2688
[13:48:02] 噪声水平: 0.0894
[13:48:02] 
动作统计:
[13:48:02]   wind      : mean=-0.519, std= 0.388, min=-0.997, max= 0.460
[13:48:02]   solar     : mean= 0.828, std= 0.119, min= 0.619, max= 1.000
[13:48:02]   diesel    : mean= 0.153, std= 0.826, min=-1.000, max= 1.000
[13:48:02]   battery   : mean= 0.876, std= 0.146, min= 0.509, max= 1.000
[13:48:02]   customer  : mean= 0.897, std= 0.093, min= 0.712, max= 1.000
[13:48:02] 
======================================================================
[13:48:02] Episode 108/200
[13:48:02] ======================================================================
[13:48:02] 总奖励:   -47.85 | 步数: 24
[13:48:02] 最近10个episodes平均:   -56.25
[13:48:02] 各Agent奖励:
[13:48:02]   wind      :  -18.254
[13:48:02]   solar     :    0.000
[13:48:02]   diesel    :  -14.801
[13:48:02]   battery   :    0.000
[13:48:02]   customer  :  -14.794
[13:48:02] Buffer大小:  2712
[13:48:02] 噪声水平: 0.0893
[13:48:02] 
动作统计:
[13:48:02]   wind      : mean=-0.467, std= 0.369, min=-0.865, max= 0.537
[13:48:02]   solar     : mean= 0.780, std= 0.107, min= 0.530, max= 0.965
[13:48:02]   diesel    : mean= 0.298, std= 0.699, min=-0.785, max= 1.000
[13:48:02]   battery   : mean= 0.880, std= 0.125, min= 0.546, max= 1.000
[13:48:02]   customer  : mean= 0.906, std= 0.076, min= 0.711, max= 1.000
[13:48:02] 
======================================================================
[13:48:02] Episode 109/200
[13:48:02] ======================================================================
[13:48:02] 总奖励:   -37.48 | 步数: 24
[13:48:02] 最近10个episodes平均:   -62.09
[13:48:02] 各Agent奖励:
[13:48:02]   wind      :  -23.188
[13:48:02]   solar     :    0.000
[13:48:02]   diesel    :    1.512
[13:48:02]   battery   :    0.000
[13:48:02]   customer  :  -15.803
[13:48:02] Buffer大小:  2736
[13:48:02] 噪声水平: 0.0892
[13:48:02] 
动作统计:
[13:48:02]   wind      : mean=-0.307, std= 0.555, min=-0.968, max= 0.846
[13:48:02]   solar     : mean= 0.623, std= 0.139, min= 0.330, max= 0.830
[13:48:02]   diesel    : mean= 0.456, std= 0.541, min=-0.466, max= 1.000
[13:48:02]   battery   : mean= 0.857, std= 0.141, min= 0.560, max= 1.000
[13:48:02]   customer  : mean= 0.883, std= 0.130, min= 0.567, max= 1.000
[13:48:02] 
======================================================================
[13:48:02] Episode 110/200
[13:48:02] ======================================================================
[13:48:02] 总奖励:   -20.17 | 步数: 24
[13:48:02] 最近10个episodes平均:   -61.98
[13:48:02] 各Agent奖励:
[13:48:02]   wind      :  -13.284
[13:48:02]   solar     :    1.720
[13:48:02]   diesel    :    4.112
[13:48:02]   battery   :    4.889
[13:48:02]   customer  :  -17.610
[13:48:02] Buffer大小:  2760
[13:48:02] 噪声水平: 0.0891
[13:48:02] 
动作统计:
[13:48:02]   wind      : mean=-0.395, std= 0.421, min=-0.917, max= 0.910
[13:48:02]   solar     : mean= 0.485, std= 0.127, min= 0.266, max= 0.696
[13:48:02]   diesel    : mean= 0.636, std= 0.393, min=-0.040, max= 1.000
[13:48:02]   battery   : mean= 0.862, std= 0.133, min= 0.516, max= 1.000
[13:48:02]   customer  : mean= 0.882, std= 0.120, min= 0.549, max= 1.000
[13:48:02] 
📊 生成可视化图表...
[13:48:03]   ✓ 训练曲线: debug_plots/training_ep0110.png
[13:48:03]   ✓ Agent分析: debug_plots/agents_ep0110.png
[13:48:03] 
======================================================================
[13:48:03] Episode 111/200
[13:48:03] ======================================================================
[13:48:03] 总奖励:    -5.18 | 步数: 24
[13:48:03] 最近10个episodes平均:   -56.10
[13:48:03] 各Agent奖励:
[13:48:03]   wind      :    0.646
[13:48:03]   solar     :    7.508
[13:48:03]   diesel    :    4.530
[13:48:03]   battery   :    0.000
[13:48:03]   customer  :  -17.863
[13:48:03] Buffer大小:  2784
[13:48:03] 噪声水平: 0.0890
[13:48:03] 
动作统计:
[13:48:03]   wind      : mean=-0.228, std= 0.452, min=-0.779, max= 0.813
[13:48:03]   solar     : mean= 0.406, std= 0.139, min= 0.164, max= 0.628
[13:48:03]   diesel    : mean= 0.719, std= 0.275, min= 0.244, max= 1.000
[13:48:03]   battery   : mean= 0.883, std= 0.121, min= 0.564, max= 1.000
[13:48:03]   customer  : mean= 0.892, std= 0.121, min= 0.630, max= 1.000
[13:48:03] 
======================================================================
[13:48:03] Episode 112/200
[13:48:03] ======================================================================
[13:48:03] 总奖励:     2.80 | 步数: 24
[13:48:03] 最近10个episodes平均:   -48.24
[13:48:03] 各Agent奖励:
[13:48:03]   wind      :   11.723
[13:48:03]   solar     :    6.270
[13:48:03]   diesel    :    3.001
[13:48:03]   battery   :    0.000
[13:48:03]   customer  :  -18.194
[13:48:03] Buffer大小:  2808
[13:48:03] 噪声水平: 0.0890
[13:48:03] 
动作统计:
[13:48:03]   wind      : mean=-0.060, std= 0.562, min=-0.836, max= 0.954
[13:48:03]   solar     : mean= 0.342, std= 0.166, min=-0.019, max= 0.566
[13:48:03]   diesel    : mean= 0.815, std= 0.193, min= 0.322, max= 1.000
[13:48:03]   battery   : mean= 0.866, std= 0.138, min= 0.484, max= 1.000
[13:48:03]   customer  : mean= 0.880, std= 0.117, min= 0.613, max= 1.000
[13:48:03] 
======================================================================
[13:48:03] Episode 113/200
[13:48:03] ======================================================================
[13:48:03] 总奖励:    -5.25 | 步数: 24
[13:48:03] 最近10个episodes平均:   -40.97
[13:48:03] 各Agent奖励:
[13:48:03]   wind      :    5.784
[13:48:03]   solar     :    4.692
[13:48:03]   diesel    :    3.012
[13:48:03]   battery   :    0.000
[13:48:03]   customer  :  -18.739
[13:48:03] Buffer大小:  2832
[13:48:03] 噪声水平: 0.0889
[13:48:03] 
动作统计:
[13:48:03]   wind      : mean=-0.079, std= 0.456, min=-0.730, max= 0.888
[13:48:03]   solar     : mean= 0.267, std= 0.174, min=-0.008, max= 0.570
[13:48:03]   diesel    : mean= 0.835, std= 0.154, min= 0.486, max= 1.000
[13:48:03]   battery   : mean= 0.870, std= 0.130, min= 0.580, max= 1.000
[13:48:03]   customer  : mean= 0.890, std= 0.115, min= 0.547, max= 1.000
[13:48:03] 
======================================================================
[13:48:03] Episode 114/200
[13:48:03] ======================================================================
[13:48:03] 总奖励:     4.79 | 步数: 24
[13:48:03] 最近10个episodes平均:   -31.70
[13:48:03] 各Agent奖励:
[13:48:03]   wind      :    8.899
[13:48:03]   solar     :   10.551
[13:48:03]   diesel    :    4.310
[13:48:03]   battery   :    0.000
[13:48:03]   customer  :  -18.975
[13:48:03] Buffer大小:  2856
[13:48:03] 噪声水平: 0.0888
[13:48:03] 
动作统计:
[13:48:03]   wind      : mean= 0.021, std= 0.521, min=-0.631, max= 1.000
[13:48:03]   solar     : mean= 0.235, std= 0.209, min=-0.061, max= 0.639
[13:48:03]   diesel    : mean= 0.853, std= 0.145, min= 0.504, max= 1.000
[13:48:03]   battery   : mean= 0.881, std= 0.119, min= 0.591, max= 1.000
[13:48:03]   customer  : mean= 0.868, std= 0.131, min= 0.585, max= 1.000
[13:48:03] 
======================================================================
[13:48:03] Episode 115/200
[13:48:03] ======================================================================
[13:48:03] 总奖励:   -18.88 | 步数: 24
[13:48:03] 最近10个episodes平均:   -25.59
[13:48:03] 各Agent奖励:
[13:48:03]   wind      :  -13.714
[13:48:03]   solar     :   11.618
[13:48:03]   diesel    :    0.000
[13:48:03]   battery   :    0.000
[13:48:03]   customer  :  -16.781
[13:48:03] Buffer大小:  2880
[13:48:03] 噪声水平: 0.0887
[13:48:03] 
动作统计:
[13:48:03]   wind      : mean= 0.010, std= 0.458, min=-0.562, max= 0.956
[13:48:03]   solar     : mean= 0.147, std= 0.185, min=-0.127, max= 0.508
[13:48:03]   diesel    : mean= 0.884, std= 0.112, min= 0.611, max= 1.000
[13:48:03]   battery   : mean= 0.869, std= 0.135, min= 0.495, max= 1.000
[13:48:03]   customer  : mean= 0.870, std= 0.131, min= 0.506, max= 1.000
[13:48:04] 
======================================================================
[13:48:04] Episode 116/200
[13:48:04] ======================================================================
[13:48:04] 总奖励:     0.27 | 步数: 24
[13:48:04] 最近10个episodes平均:   -18.90
[13:48:04] 各Agent奖励:
[13:48:04]   wind      :   -3.280
[13:48:04]   solar     :    9.391
[13:48:04]   diesel    :    7.641
[13:48:04]   battery   :    4.698
[13:48:04]   customer  :  -18.178
[13:48:04] Buffer大小:  2904
[13:48:04] 噪声水平: 0.0886
[13:48:04] 
动作统计:
[13:48:04]   wind      : mean=-0.017, std= 0.403, min=-0.567, max= 1.000
[13:48:04]   solar     : mean= 0.119, std= 0.226, min=-0.235, max= 0.592
[13:48:04]   diesel    : mean= 0.887, std= 0.114, min= 0.554, max= 1.000
[13:48:04]   battery   : mean= 0.876, std= 0.143, min= 0.501, max= 1.000
[13:48:04]   customer  : mean= 0.862, std= 0.139, min= 0.506, max= 1.000
[13:48:04] 
======================================================================
[13:48:04] Episode 117/200
[13:48:04] ======================================================================
[13:48:04] 总奖励:     4.72 | 步数: 24
[13:48:04] 最近10个episodes平均:   -12.22
[13:48:04] 各Agent奖励:
[13:48:04]   wind      :    0.505
[13:48:04]   solar     :   16.238
[13:48:04]   diesel    :    0.000
[13:48:04]   battery   :    6.364
[13:48:04]   customer  :  -18.388
[13:48:04] Buffer大小:  2928
[13:48:04] 噪声水平: 0.0885
[13:48:04] 
动作统计:
[13:48:04]   wind      : mean= 0.093, std= 0.461, min=-0.475, max= 0.995
[13:48:04]   solar     : mean= 0.066, std= 0.243, min=-0.306, max= 0.532
[13:48:04]   diesel    : mean= 0.877, std= 0.128, min= 0.570, max= 1.000
[13:48:04]   battery   : mean= 0.846, std= 0.146, min= 0.431, max= 1.000
[13:48:04]   customer  : mean= 0.855, std= 0.147, min= 0.448, max= 1.000
[13:48:04] 
======================================================================
[13:48:04] Episode 118/200
[13:48:04] ======================================================================
[13:48:04] 总奖励:    11.01 | 步数: 24
[13:48:04] 最近10个episodes平均:    -6.34
[13:48:04] 各Agent奖励:
[13:48:04]   wind      :   11.197
[13:48:04]   solar     :   11.826
[13:48:04]   diesel    :    0.234
[13:48:04]   battery   :    6.546
[13:48:04]   customer  :  -18.790
[13:48:04] Buffer大小:  2952
[13:48:04] 噪声水平: 0.0884
[13:48:04] 
动作统计:
[13:48:04]   wind      : mean= 0.179, std= 0.479, min=-0.410, max= 0.994
[13:48:04]   solar     : mean= 0.027, std= 0.244, min=-0.320, max= 0.524
[13:48:04]   diesel    : mean= 0.872, std= 0.136, min= 0.521, max= 1.000
[13:48:04]   battery   : mean= 0.873, std= 0.145, min= 0.396, max= 1.000
[13:48:04]   customer  : mean= 0.857, std= 0.123, min= 0.595, max= 1.000
[13:48:04] 
======================================================================
[13:48:04] Episode 119/200
[13:48:04] ======================================================================
[13:48:04] 总奖励:    -5.38 | 步数: 24
[13:48:04] 最近10个episodes平均:    -3.13
[13:48:04] 各Agent奖励:
[13:48:04]   wind      :   -3.028
[13:48:04]   solar     :    9.357
[13:48:04]   diesel    :    1.039
[13:48:04]   battery   :    4.675
[13:48:04]   customer  :  -17.420
[13:48:04] Buffer大小:  2976
[13:48:04] 噪声水平: 0.0883
[13:48:04] 
动作统计:
[13:48:04]   wind      : mean= 0.129, std= 0.520, min=-0.498, max= 1.000
[13:48:04]   solar     : mean= 0.068, std= 0.251, min=-0.224, max= 0.638
[13:48:04]   diesel    : mean= 0.823, std= 0.160, min= 0.453, max= 1.000
[13:48:04]   battery   : mean= 0.862, std= 0.146, min= 0.434, max= 1.000
[13:48:04]   customer  : mean= 0.866, std= 0.130, min= 0.583, max= 1.000
[13:48:04] 
======================================================================
[13:48:04] Episode 120/200
[13:48:04] ======================================================================
[13:48:04] 总奖励:    11.66 | 步数: 24
[13:48:04] 最近10个episodes平均:     0.06
[13:48:04] 各Agent奖励:
[13:48:04]   wind      :    8.183
[13:48:04]   solar     :   16.658
[13:48:04]   diesel    :    5.328
[13:48:04]   battery   :    0.000
[13:48:04]   customer  :  -18.512
[13:48:04] Buffer大小:  3000
[13:48:04] 噪声水平: 0.0882
[13:48:04] 
动作统计:
[13:48:04]   wind      : mean= 0.184, std= 0.452, min=-0.410, max= 1.000
[13:48:04]   solar     : mean= 0.025, std= 0.281, min=-0.252, max= 0.613
[13:48:04]   diesel    : mean= 0.834, std= 0.163, min= 0.494, max= 1.000
[13:48:04]   battery   : mean= 0.852, std= 0.169, min= 0.345, max= 1.000
[13:48:04]   customer  : mean= 0.835, std= 0.153, min= 0.549, max= 1.000
[13:48:04] 
📊 生成可视化图表...
[13:48:05]   ✓ 训练曲线: debug_plots/training_ep0120.png
[13:48:05]   ✓ Agent分析: debug_plots/agents_ep0120.png
[13:48:05] 
======================================================================
[13:48:05] Episode 121/200
[13:48:05] ======================================================================
[13:48:05] 总奖励:     1.23 | 步数: 24
[13:48:05] 最近10个episodes平均:     0.70
[13:48:05] 各Agent奖励:
[13:48:05]   wind      :    6.953
[13:48:05]   solar     :    6.707
[13:48:05]   diesel    :    6.103
[13:48:05]   battery   :    0.000
[13:48:05]   customer  :  -18.531
[13:48:05] Buffer大小:  3024
[13:48:05] 噪声水平: 0.0882
[13:48:05] 
动作统计:
[13:48:05]   wind      : mean= 0.127, std= 0.438, min=-0.350, max= 0.968
[13:48:05]   solar     : mean=-0.003, std= 0.285, min=-0.353, max= 0.536
[13:48:05]   diesel    : mean= 0.791, std= 0.210, min= 0.361, max= 1.000
[13:48:05]   battery   : mean= 0.834, std= 0.173, min= 0.424, max= 1.000
[13:48:05]   customer  : mean= 0.870, std= 0.132, min= 0.558, max= 1.000
[13:48:05] 
======================================================================
[13:48:05] Episode 122/200
[13:48:05] ======================================================================
[13:48:05] 总奖励:     0.65 | 步数: 24
[13:48:05] 最近10个episodes平均:     0.48
[13:48:05] 各Agent奖励:
[13:48:05]   wind      :    4.737
[13:48:05]   solar     :   11.426
[13:48:05]   diesel    :    2.111
[13:48:05]   battery   :    0.000
[13:48:05]   customer  :  -17.628
[13:48:05] Buffer大小:  3048
[13:48:05] 噪声水平: 0.0881
[13:48:05] 
动作统计:
[13:48:05]   wind      : mean= 0.108, std= 0.450, min=-0.485, max= 0.970
[13:48:05]   solar     : mean= 0.005, std= 0.315, min=-0.412, max= 0.690
[13:48:05]   diesel    : mean= 0.794, std= 0.212, min= 0.400, max= 1.000
[13:48:05]   battery   : mean= 0.848, std= 0.175, min= 0.456, max= 1.000
[13:48:05]   customer  : mean= 0.850, std= 0.146, min= 0.531, max= 1.000
[13:48:05] 
======================================================================
[13:48:05] Episode 123/200
[13:48:05] ======================================================================
[13:48:05] 总奖励:     1.55 | 步数: 24
[13:48:05] 最近10个episodes平均:     1.16
[13:48:05] 各Agent奖励:
[13:48:05]   wind      :    8.283
[13:48:05]   solar     :   11.061
[13:48:05]   diesel    :    0.279
[13:48:05]   battery   :    0.000
[13:48:05]   customer  :  -18.075
[13:48:05] Buffer大小:  3072
[13:48:05] 噪声水平: 0.0880
[13:48:05] 
动作统计:
[13:48:05]   wind      : mean= 0.215, std= 0.433, min=-0.331, max= 0.977
[13:48:05]   solar     : mean=-0.054, std= 0.300, min=-0.518, max= 0.577
[13:48:05]   diesel    : mean= 0.763, std= 0.250, min= 0.134, max= 1.000
[13:48:05]   battery   : mean= 0.838, std= 0.157, min= 0.497, max= 1.000
[13:48:05]   customer  : mean= 0.869, std= 0.143, min= 0.468, max= 1.000
[13:48:05] 
======================================================================
[13:48:05] Episode 124/200
[13:48:05] ======================================================================
[13:48:05] 总奖励:    -0.24 | 步数: 24
[13:48:05] 最近10个episodes平均:     0.66
[13:48:05] 各Agent奖励:
[13:48:05]   wind      :    4.247
[13:48:05]   solar     :   14.014
[13:48:05]   diesel    :    0.000
[13:48:05]   battery   :    0.000
[13:48:05]   customer  :  -18.502
[13:48:05] Buffer大小:  3096
[13:48:05] 噪声水平: 0.0879
[13:48:05] 
动作统计:
[13:48:05]   wind      : mean= 0.116, std= 0.305, min=-0.222, max= 0.929
[13:48:05]   solar     : mean=-0.032, std= 0.279, min=-0.373, max= 0.548
[13:48:05]   diesel    : mean= 0.737, std= 0.247, min= 0.186, max= 1.000
[13:48:05]   battery   : mean= 0.829, std= 0.166, min= 0.501, max= 1.000
[13:48:05]   customer  : mean= 0.882, std= 0.150, min= 0.422, max= 1.000
[13:48:05] 
======================================================================
[13:48:05] Episode 125/200
[13:48:05] ======================================================================
[13:48:05] 总奖励:   -12.95 | 步数: 24
[13:48:05] 最近10个episodes平均:     1.25
[13:48:05] 各Agent奖励:
[13:48:05]   wind      :   -1.842
[13:48:05]   solar     :    3.216
[13:48:05]   diesel    :    2.918
[13:48:05]   battery   :    0.000
[13:48:05]   customer  :  -17.246
[13:48:05] Buffer大小:  3120
[13:48:05] 噪声水平: 0.0878
[13:48:05] 
动作统计:
[13:48:05]   wind      : mean= 0.179, std= 0.454, min=-0.298, max= 1.000
[13:48:05]   solar     : mean=-0.072, std= 0.275, min=-0.447, max= 0.581
[13:48:05]   diesel    : mean= 0.727, std= 0.270, min= 0.086, max= 1.000
[13:48:05]   battery   : mean= 0.830, std= 0.197, min= 0.220, max= 1.000
[13:48:05]   customer  : mean= 0.883, std= 0.141, min= 0.560, max= 1.000
[13:48:06] 
======================================================================
[13:48:06] Episode 126/200
[13:48:06] ======================================================================
[13:48:06] 总奖励:     2.92 | 步数: 24
[13:48:06] 最近10个episodes平均:     1.52
[13:48:06] 各Agent奖励:
[13:48:06]   wind      :    3.371
[13:48:06]   solar     :    9.125
[13:48:06]   diesel    :    8.771
[13:48:06]   battery   :    0.000
[13:48:06]   customer  :  -18.349
[13:48:06] Buffer大小:  3144
[13:48:06] 噪声水平: 0.0877
[13:48:06] 
动作统计:
[13:48:06]   wind      : mean= 0.179, std= 0.435, min=-0.398, max= 1.000
[13:48:06]   solar     : mean=-0.082, std= 0.304, min=-0.480, max= 0.521
[13:48:06]   diesel    : mean= 0.739, std= 0.298, min= 0.128, max= 1.000
[13:48:06]   battery   : mean= 0.820, std= 0.186, min= 0.467, max= 1.000
[13:48:06]   customer  : mean= 0.858, std= 0.152, min= 0.509, max= 1.000
[13:48:06] 
======================================================================
[13:48:06] Episode 127/200
[13:48:06] ======================================================================
[13:48:06] 总奖励:     1.30 | 步数: 24
[13:48:06] 最近10个episodes平均:     1.17
[13:48:06] 各Agent奖励:
[13:48:06]   wind      :   10.984
[13:48:06]   solar     :    5.640
[13:48:06]   diesel    :    0.043
[13:48:06]   battery   :    2.579
[13:48:06]   customer  :  -17.944
[13:48:06] Buffer大小:  3168
[13:48:06] 噪声水平: 0.0876
[13:48:06] 
动作统计:
[13:48:06]   wind      : mean= 0.245, std= 0.404, min=-0.190, max= 1.000
[13:48:06]   solar     : mean=-0.095, std= 0.305, min=-0.556, max= 0.430
[13:48:06]   diesel    : mean= 0.704, std= 0.300, min= 0.068, max= 1.000
[13:48:06]   battery   : mean= 0.833, std= 0.183, min= 0.407, max= 1.000
[13:48:06]   customer  : mean= 0.870, std= 0.149, min= 0.505, max= 1.000
[13:48:06] 
======================================================================
[13:48:06] Episode 128/200
[13:48:06] ======================================================================
[13:48:06] 总奖励:     5.80 | 步数: 24
[13:48:06] 最近10个episodes平均:     0.65
[13:48:06] 各Agent奖励:
[13:48:06]   wind      :    4.616
[13:48:06]   solar     :   18.428
[13:48:06]   diesel    :    0.956
[13:48:06]   battery   :    0.593
[13:48:06]   customer  :  -18.791
[13:48:06] Buffer大小:  3192
[13:48:06] 噪声水平: 0.0875
[13:48:06] 
动作统计:
[13:48:06]   wind      : mean= 0.198, std= 0.353, min=-0.221, max= 0.900
[13:48:06]   solar     : mean=-0.086, std= 0.300, min=-0.569, max= 0.502
[13:48:06]   diesel    : mean= 0.707, std= 0.320, min=-0.002, max= 1.000
[13:48:06]   battery   : mean= 0.823, std= 0.179, min= 0.368, max= 1.000
[13:48:06]   customer  : mean= 0.863, std= 0.144, min= 0.415, max= 1.000
[13:48:06] 
======================================================================
[13:48:06] Episode 129/200
[13:48:06] ======================================================================
[13:48:06] 总奖励:    15.80 | 步数: 24
[13:48:06] 最近10个episodes平均:     2.77
[13:48:06] 各Agent奖励:
[13:48:06]   wind      :    9.360
[13:48:06]   solar     :    6.558
[13:48:06]   diesel    :    5.134
[13:48:06]   battery   :   13.721
[13:48:06]   customer  :  -18.975
[13:48:06] Buffer大小:  3216
[13:48:06] 噪声水平: 0.0875
[13:48:06] 
动作统计:
[13:48:06]   wind      : mean= 0.273, std= 0.435, min=-0.263, max= 1.000
[13:48:06]   solar     : mean=-0.085, std= 0.303, min=-0.449, max= 0.564
[13:48:06]   diesel    : mean= 0.678, std= 0.317, min= 0.039, max= 1.000
[13:48:06]   battery   : mean= 0.803, std= 0.197, min= 0.337, max= 1.000
[13:48:06]   customer  : mean= 0.850, std= 0.109, min= 0.689, max= 1.000
[13:48:06] 
======================================================================
[13:48:06] Episode 130/200
[13:48:06] ======================================================================
[13:48:06] 总奖励:     6.49 | 步数: 24
[13:48:06] 最近10个episodes平均:     2.25
[13:48:06] 各Agent奖励:
[13:48:06]   wind      :    3.539
[13:48:06]   solar     :    8.226
[13:48:06]   diesel    :    7.608
[13:48:06]   battery   :    5.863
[13:48:06]   customer  :  -18.746
[13:48:06] Buffer大小:  3240
[13:48:06] 噪声水平: 0.0874
[13:48:06] 
动作统计:
[13:48:06]   wind      : mean= 0.183, std= 0.346, min=-0.305, max= 0.946
[13:48:06]   solar     : mean=-0.079, std= 0.314, min=-0.539, max= 0.629
[13:48:06]   diesel    : mean= 0.672, std= 0.356, min= 0.008, max= 1.000
[13:48:06]   battery   : mean= 0.792, std= 0.231, min= 0.036, max= 1.000
[13:48:06]   customer  : mean= 0.852, std= 0.154, min= 0.462, max= 1.000
[13:48:06] 
📊 生成可视化图表...
[13:48:07]   ✓ 训练曲线: debug_plots/training_ep0130.png
[13:48:07]   ✓ Agent分析: debug_plots/agents_ep0130.png
[13:48:07] 
======================================================================
[13:48:07] Episode 131/200
[13:48:07] ======================================================================
[13:48:07] 总奖励:    -1.11 | 步数: 24
[13:48:07] 最近10个episodes平均:     2.02
[13:48:07] 各Agent奖励:
[13:48:07]   wind      :    7.101
[13:48:07]   solar     :    8.589
[13:48:07]   diesel    :    0.418
[13:48:07]   battery   :    0.000
[13:48:07]   customer  :  -17.219
[13:48:07] Buffer大小:  3264
[13:48:07] 噪声水平: 0.0873
[13:48:07] 
动作统计:
[13:48:07]   wind      : mean= 0.183, std= 0.366, min=-0.255, max= 1.000
[13:48:07]   solar     : mean=-0.119, std= 0.299, min=-0.497, max= 0.511
[13:48:07]   diesel    : mean= 0.640, std= 0.360, min= 0.016, max= 1.000
[13:48:07]   battery   : mean= 0.815, std= 0.179, min= 0.408, max= 1.000
[13:48:07]   customer  : mean= 0.869, std= 0.139, min= 0.549, max= 1.000
[13:48:07] 
======================================================================
[13:48:07] Episode 132/200
[13:48:07] ======================================================================
[13:48:07] 总奖励:    -0.03 | 步数: 24
[13:48:07] 最近10个episodes平均:     1.95
[13:48:07] 各Agent奖励:
[13:48:07]   wind      :    3.919
[13:48:07]   solar     :    8.925
[13:48:07]   diesel    :    1.855
[13:48:07]   battery   :    3.540
[13:48:07]   customer  :  -18.270
[13:48:07] Buffer大小:  3288
[13:48:07] 噪声水平: 0.0872
[13:48:07] 
动作统计:
[13:48:07]   wind      : mean= 0.155, std= 0.316, min=-0.156, max= 0.984
[13:48:07]   solar     : mean=-0.111, std= 0.326, min=-0.549, max= 0.513
[13:48:07]   diesel    : mean= 0.629, std= 0.379, min=-0.075, max= 1.000
[13:48:07]   battery   : mean= 0.802, std= 0.212, min= 0.252, max= 1.000
[13:48:07]   customer  : mean= 0.876, std= 0.139, min= 0.614, max= 1.000
[13:48:07] 
======================================================================
[13:48:07] Episode 133/200
[13:48:07] ======================================================================
[13:48:07] 总奖励:     5.35 | 步数: 24
[13:48:07] 最近10个episodes平均:     2.33
[13:48:07] 各Agent奖励:
[13:48:07]   wind      :   13.958
[13:48:07]   solar     :    6.604
[13:48:07]   diesel    :    1.575
[13:48:07]   battery   :    1.763
[13:48:07]   customer  :  -18.547
[13:48:07] Buffer大小:  3312
[13:48:07] 噪声水平: 0.0871
[13:48:07] 
动作统计:
[13:48:07]   wind      : mean= 0.249, std= 0.351, min=-0.257, max= 1.000
[13:48:07]   solar     : mean=-0.122, std= 0.314, min=-0.488, max= 0.512
[13:48:07]   diesel    : mean= 0.622, std= 0.390, min=-0.112, max= 1.000
[13:48:07]   battery   : mean= 0.795, std= 0.200, min= 0.293, max= 1.000
[13:48:07]   customer  : mean= 0.878, std= 0.154, min= 0.518, max= 1.000
[13:48:07] 
======================================================================
[13:48:07] Episode 134/200
[13:48:07] ======================================================================
[13:48:07] 总奖励:     1.08 | 步数: 24
[13:48:07] 最近10个episodes平均:     2.46
[13:48:07] 各Agent奖励:
[13:48:07]   wind      :    8.491
[13:48:07]   solar     :    5.568
[13:48:07]   diesel    :    2.117
[13:48:07]   battery   :    3.691
[13:48:07]   customer  :  -18.788
[13:48:07] Buffer大小:  3336
[13:48:07] 噪声水平: 0.0870
[13:48:07] 
动作统计:
[13:48:07]   wind      : mean= 0.195, std= 0.325, min=-0.149, max= 0.875
[13:48:07]   solar     : mean=-0.163, std= 0.292, min=-0.586, max= 0.414
[13:48:07]   diesel    : mean= 0.604, std= 0.400, min=-0.116, max= 1.000
[13:48:07]   battery   : mean= 0.799, std= 0.211, min= 0.203, max= 1.000
[13:48:07]   customer  : mean= 0.877, std= 0.128, min= 0.512, max= 1.000
[13:48:07] 
======================================================================
[13:48:07] Episode 135/200
[13:48:07] ======================================================================
[13:48:07] 总奖励:    -0.40 | 步数: 24
[13:48:07] 最近10个episodes平均:     3.72
[13:48:07] 各Agent奖励:
[13:48:07]   wind      :    5.258
[13:48:07]   solar     :    4.436
[13:48:07]   diesel    :    8.617
[13:48:07]   battery   :    0.000
[13:48:07]   customer  :  -18.706
[13:48:07] Buffer大小:  3360
[13:48:07] 噪声水平: 0.0869
[13:48:07] 
动作统计:
[13:48:07]   wind      : mean= 0.193, std= 0.285, min=-0.209, max= 0.759
[13:48:07]   solar     : mean=-0.107, std= 0.315, min=-0.574, max= 0.531
[13:48:07]   diesel    : mean= 0.653, std= 0.371, min=-0.098, max= 1.000
[13:48:07]   battery   : mean= 0.799, std= 0.226, min= 0.185, max= 1.000
[13:48:07]   customer  : mean= 0.870, std= 0.115, min= 0.505, max= 1.000
[13:48:08] 
======================================================================
[13:48:08] Episode 136/200
[13:48:08] ======================================================================
[13:48:08] 总奖励:     2.87 | 步数: 24
[13:48:08] 最近10个episodes平均:     3.72
[13:48:08] 各Agent奖励:
[13:48:08]   wind      :    8.010
[13:48:08]   solar     :    8.808
[13:48:08]   diesel    :    3.034
[13:48:08]   battery   :    2.005
[13:48:08]   customer  :  -18.983
[13:48:08] Buffer大小:  3384
[13:48:08] 噪声水平: 0.0868
[13:48:08] 
动作统计:
[13:48:08]   wind      : mean= 0.222, std= 0.323, min=-0.238, max= 0.939
[13:48:08]   solar     : mean=-0.153, std= 0.321, min=-0.550, max= 0.437
[13:48:08]   diesel    : mean= 0.637, std= 0.388, min=-0.053, max= 1.000
[13:48:08]   battery   : mean= 0.801, std= 0.215, min= 0.308, max= 1.000
[13:48:08]   customer  : mean= 0.867, std= 0.142, min= 0.552, max= 1.000
[13:48:08] 
======================================================================
[13:48:08] Episode 137/200
[13:48:08] ======================================================================
[13:48:08] 总奖励:     7.14 | 步数: 24
[13:48:08] 最近10个episodes平均:     4.30
[13:48:08] 各Agent奖励:
[13:48:08]   wind      :    8.096
[13:48:08]   solar     :    8.227
[13:48:08]   diesel    :    9.521
[13:48:08]   battery   :    0.000
[13:48:08]   customer  :  -18.700
[13:48:08] Buffer大小:  3408
[13:48:08] 噪声水平: 0.0868
[13:48:08] 
动作统计:
[13:48:08]   wind      : mean= 0.214, std= 0.280, min=-0.141, max= 0.919
[13:48:08]   solar     : mean=-0.196, std= 0.289, min=-0.571, max= 0.299
[13:48:08]   diesel    : mean= 0.632, std= 0.380, min=-0.079, max= 1.000
[13:48:08]   battery   : mean= 0.781, std= 0.213, min= 0.293, max= 1.000
[13:48:08]   customer  : mean= 0.864, std= 0.126, min= 0.543, max= 1.000
[13:48:08] 
======================================================================
[13:48:08] Episode 138/200
[13:48:08] ======================================================================
[13:48:08] 总奖励:    -7.51 | 步数: 24
[13:48:08] 最近10个episodes平均:     2.97
[13:48:08] 各Agent奖励:
[13:48:08]   wind      :    2.891
[13:48:08]   solar     :    5.308
[13:48:08]   diesel    :    0.342
[13:48:08]   battery   :    2.536
[13:48:08]   customer  :  -18.586
[13:48:08] Buffer大小:  3432
[13:48:08] 噪声水平: 0.0867
[13:48:08] 
动作统计:
[13:48:08]   wind      : mean= 0.185, std= 0.219, min=-0.152, max= 0.818
[13:48:08]   solar     : mean=-0.170, std= 0.327, min=-0.597, max= 0.532
[13:48:08]   diesel    : mean= 0.563, std= 0.457, min=-0.268, max= 1.000
[13:48:08]   battery   : mean= 0.790, std= 0.218, min= 0.154, max= 1.000
[13:48:08]   customer  : mean= 0.919, std= 0.103, min= 0.676, max= 1.000
[13:48:08] 
======================================================================
[13:48:08] Episode 139/200
[13:48:08] ======================================================================
[13:48:08] 总奖励:     4.24 | 步数: 24
[13:48:08] 最近10个episodes平均:     1.81
[13:48:08] 各Agent奖励:
[13:48:08]   wind      :   12.263
[13:48:08]   solar     :    3.546
[13:48:08]   diesel    :    2.159
[13:48:08]   battery   :    4.903
[13:48:08]   customer  :  -18.635
[13:48:08] Buffer大小:  3456
[13:48:08] 噪声水平: 0.0866
[13:48:08] 
动作统计:
[13:48:08]   wind      : mean= 0.272, std= 0.328, min=-0.082, max= 0.943
[13:48:08]   solar     : mean=-0.163, std= 0.331, min=-0.600, max= 0.606
[13:48:08]   diesel    : mean= 0.592, std= 0.400, min=-0.087, max= 1.000
[13:48:08]   battery   : mean= 0.787, std= 0.216, min= 0.275, max= 1.000
[13:48:08]   customer  : mean= 0.860, std= 0.143, min= 0.386, max= 1.000
[13:48:08] 
======================================================================
[13:48:08] Episode 140/200
[13:48:08] ======================================================================
[13:48:08] 总奖励:     7.65 | 步数: 24
[13:48:08] 最近10个episodes平均:     1.93
[13:48:08] 各Agent奖励:
[13:48:08]   wind      :   10.398
[13:48:08]   solar     :    6.387
[13:48:08]   diesel    :    1.944
[13:48:08]   battery   :    7.358
[13:48:08]   customer  :  -18.434
[13:48:08] Buffer大小:  3480
[13:48:08] 噪声水平: 0.0865
[13:48:08] 
动作统计:
[13:48:08]   wind      : mean= 0.322, std= 0.326, min=-0.120, max= 0.957
[13:48:08]   solar     : mean=-0.167, std= 0.295, min=-0.529, max= 0.463
[13:48:08]   diesel    : mean= 0.617, std= 0.399, min=-0.124, max= 1.000
[13:48:08]   battery   : mean= 0.774, std= 0.234, min= 0.175, max= 1.000
[13:48:08]   customer  : mean= 0.839, std= 0.137, min= 0.563, max= 1.000
[13:48:08] 
📊 生成可视化图表...
[13:48:09]   ✓ 训练曲线: debug_plots/training_ep0140.png
[13:48:09]   ✓ Agent分析: debug_plots/agents_ep0140.png
[13:48:09] 
======================================================================
[13:48:09] Episode 141/200
[13:48:09] ======================================================================
[13:48:09] 总奖励:     1.28 | 步数: 24
[13:48:09] 最近10个episodes平均:     2.17
[13:48:09] 各Agent奖励:
[13:48:09]   wind      :    8.043
[13:48:09]   solar     :    3.642
[13:48:09]   diesel    :    2.153
[13:48:09]   battery   :    5.994
[13:48:09]   customer  :  -18.550
[13:48:09] Buffer大小:  3504
[13:48:09] 噪声水平: 0.0864
[13:48:09] 
动作统计:
[13:48:09]   wind      : mean= 0.265, std= 0.318, min=-0.063, max= 1.000
[13:48:09]   solar     : mean=-0.175, std= 0.309, min=-0.579, max= 0.412
[13:48:09]   diesel    : mean= 0.592, std= 0.402, min=-0.079, max= 1.000
[13:48:09]   battery   : mean= 0.784, std= 0.226, min= 0.245, max= 1.000
[13:48:09]   customer  : mean= 0.863, std= 0.137, min= 0.528, max= 1.000
[13:48:09] 
======================================================================
[13:48:09] Episode 142/200
[13:48:09] ======================================================================
[13:48:09] 总奖励:     9.51 | 步数: 24
[13:48:09] 最近10个episodes平均:     3.12
[13:48:09] 各Agent奖励:
[13:48:09]   wind      :    6.753
[13:48:09]   solar     :   14.998
[13:48:09]   diesel    :    4.640
[13:48:09]   battery   :    2.400
[13:48:09]   customer  :  -19.283
[13:48:09] Buffer大小:  3528
[13:48:09] 噪声水平: 0.0863
[13:48:09] 
动作统计:
[13:48:09]   wind      : mean= 0.257, std= 0.241, min=-0.013, max= 0.899
[13:48:09]   solar     : mean=-0.173, std= 0.319, min=-0.593, max= 0.478
[13:48:09]   diesel    : mean= 0.620, std= 0.376, min=-0.078, max= 1.000
[13:48:09]   battery   : mean= 0.770, std= 0.235, min= 0.188, max= 1.000
[13:48:09]   customer  : mean= 0.861, std= 0.148, min= 0.547, max= 1.000
[13:48:09] 
======================================================================
[13:48:09] Episode 143/200
[13:48:09] ======================================================================
[13:48:09] 总奖励:     3.18 | 步数: 24
[13:48:09] 最近10个episodes平均:     2.91
[13:48:09] 各Agent奖励:
[13:48:09]   wind      :    3.598
[13:48:09]   solar     :    7.719
[13:48:09]   diesel    :    2.485
[13:48:09]   battery   :    7.782
[13:48:09]   customer  :  -18.403
[13:48:09] Buffer大小:  3552
[13:48:09] 噪声水平: 0.0862
[13:48:09] 
动作统计:
[13:48:09]   wind      : mean= 0.199, std= 0.190, min=-0.083, max= 0.665
[13:48:09]   solar     : mean=-0.192, std= 0.254, min=-0.554, max= 0.287
[13:48:09]   diesel    : mean= 0.606, std= 0.400, min=-0.112, max= 1.000
[13:48:09]   battery   : mean= 0.780, std= 0.246, min= 0.135, max= 1.000
[13:48:09]   customer  : mean= 0.849, std= 0.167, min= 0.493, max= 1.000
[13:48:09] 
======================================================================
[13:48:09] Episode 144/200
[13:48:09] ======================================================================
[13:48:09] 总奖励:     4.94 | 步数: 24
[13:48:09] 最近10个episodes平均:     3.29
[13:48:09] 各Agent奖励:
[13:48:09]   wind      :    7.877
[13:48:09]   solar     :   10.584
[13:48:09]   diesel    :    1.777
[13:48:09]   battery   :    3.058
[13:48:09]   customer  :  -18.358
[13:48:09] Buffer大小:  3576
[13:48:09] 噪声水平: 0.0862
[13:48:09] 
动作统计:
[13:48:09]   wind      : mean= 0.272, std= 0.303, min=-0.057, max= 1.000
[13:48:09]   solar     : mean=-0.160, std= 0.285, min=-0.588, max= 0.374
[13:48:09]   diesel    : mean= 0.592, std= 0.389, min=-0.102, max= 1.000
[13:48:09]   battery   : mean= 0.767, std= 0.263, min= 0.161, max= 1.000
[13:48:09]   customer  : mean= 0.857, std= 0.151, min= 0.537, max= 1.000
[13:48:10] 
======================================================================
[13:48:10] Episode 145/200
[13:48:10] ======================================================================
[13:48:10] 总奖励:    -0.44 | 步数: 24
[13:48:10] 最近10个episodes平均:     3.29
[13:48:10] 各Agent奖励:
[13:48:10]   wind      :    9.759
[13:48:10]   solar     :    0.797
[13:48:10]   diesel    :    6.746
[13:48:10]   battery   :    0.933
[13:48:10]   customer  :  -18.672
[13:48:10] Buffer大小:  3600
[13:48:10] 噪声水平: 0.0861
[13:48:10] 
动作统计:
[13:48:10]   wind      : mean= 0.239, std= 0.262, min=-0.035, max= 0.859
[13:48:10]   solar     : mean=-0.161, std= 0.304, min=-0.572, max= 0.479
[13:48:10]   diesel    : mean= 0.610, std= 0.420, min=-0.126, max= 1.000
[13:48:10]   battery   : mean= 0.753, std= 0.253, min= 0.222, max= 1.000
[13:48:10]   customer  : mean= 0.871, std= 0.127, min= 0.536, max= 1.000
[13:48:10] 
======================================================================
[13:48:10] Episode 146/200
[13:48:10] ======================================================================
[13:48:10] 总奖励:    -2.01 | 步数: 24
[13:48:10] 最近10个episodes平均:     2.80
[13:48:10] 各Agent奖励:
[13:48:10]   wind      :    5.226
[13:48:10]   solar     :    4.757
[13:48:10]   diesel    :    2.895
[13:48:10]   battery   :    2.956
[13:48:10]   customer  :  -17.845
[13:48:10] Buffer大小:  3624
[13:48:10] 噪声水平: 0.0860
[13:48:10] 
动作统计:
[13:48:10]   wind      : mean= 0.228, std= 0.297, min=-0.119, max= 1.000
[13:48:10]   solar     : mean=-0.179, std= 0.303, min=-0.504, max= 0.373
[13:48:10]   diesel    : mean= 0.584, std= 0.427, min=-0.172, max= 1.000
[13:48:10]   battery   : mean= 0.784, std= 0.253, min= 0.147, max= 1.000
[13:48:10]   customer  : mean= 0.867, std= 0.132, min= 0.607, max= 1.000
[13:48:10] 
======================================================================
[13:48:10] Episode 147/200
[13:48:10] ======================================================================
[13:48:10] 总奖励:     4.95 | 步数: 24
[13:48:10] 最近10个episodes平均:     2.58
[13:48:10] 各Agent奖励:
[13:48:10]   wind      :    4.737
[13:48:10]   solar     :    9.237
[13:48:10]   diesel    :    3.311
[13:48:10]   battery   :    6.577
[13:48:10]   customer  :  -18.911
[13:48:10] Buffer大小:  3648
[13:48:10] 噪声水平: 0.0859
[13:48:10] 
动作统计:
[13:48:10]   wind      : mean= 0.240, std= 0.185, min= 0.002, max= 0.877
[13:48:10]   solar     : mean=-0.187, std= 0.312, min=-0.538, max= 0.443
[13:48:10]   diesel    : mean= 0.589, std= 0.422, min=-0.230, max= 1.000
[13:48:10]   battery   : mean= 0.760, std= 0.270, min= 0.236, max= 1.000
[13:48:10]   customer  : mean= 0.865, std= 0.151, min= 0.488, max= 1.000
[13:48:10] 
======================================================================
[13:48:10] Episode 148/200
[13:48:10] ======================================================================
[13:48:10] 总奖励:     1.51 | 步数: 24
[13:48:10] 最近10个episodes平均:     3.48
[13:48:10] 各Agent奖励:
[13:48:10]   wind      :    8.705
[13:48:10]   solar     :    3.279
[13:48:10]   diesel    :    4.447
[13:48:10]   battery   :    3.288
[13:48:10]   customer  :  -18.204
[13:48:10] Buffer大小:  3672
[13:48:10] 噪声水平: 0.0858
[13:48:10] 
动作统计:
[13:48:10]   wind      : mean= 0.263, std= 0.282, min=-0.123, max= 1.000
[13:48:10]   solar     : mean=-0.162, std= 0.297, min=-0.551, max= 0.475
[13:48:10]   diesel    : mean= 0.573, std= 0.421, min=-0.158, max= 1.000
[13:48:10]   battery   : mean= 0.734, std= 0.281, min= 0.135, max= 1.000
[13:48:10]   customer  : mean= 0.849, std= 0.142, min= 0.540, max= 1.000
[13:48:10] 
======================================================================
[13:48:10] Episode 149/200
[13:48:10] ======================================================================
[13:48:10] 总奖励:    -1.88 | 步数: 24
[13:48:10] 最近10个episodes平均:     2.87
[13:48:10] 各Agent奖励:
[13:48:10]   wind      :    3.105
[13:48:10]   solar     :    4.876
[13:48:10]   diesel    :    2.278
[13:48:10]   battery   :    6.566
[13:48:10]   customer  :  -18.706
[13:48:10] Buffer大小:  3696
[13:48:10] 噪声水平: 0.0857
[13:48:10] 
动作统计:
[13:48:10]   wind      : mean= 0.212, std= 0.184, min=-0.087, max= 0.878
[13:48:10]   solar     : mean=-0.158, std= 0.293, min=-0.552, max= 0.513
[13:48:10]   diesel    : mean= 0.583, std= 0.440, min=-0.201, max= 1.000
[13:48:10]   battery   : mean= 0.752, std= 0.259, min= 0.192, max= 1.000
[13:48:10]   customer  : mean= 0.888, std= 0.126, min= 0.641, max= 1.000
[13:48:10] 
======================================================================
[13:48:10] Episode 150/200
[13:48:10] ======================================================================
[13:48:10] 总奖励:    -0.98 | 步数: 24
[13:48:10] 最近10个episodes平均:     2.01
[13:48:10] 各Agent奖励:
[13:48:10]   wind      :    3.410
[13:48:10]   solar     :    5.364
[13:48:10]   diesel    :    3.605
[13:48:10]   battery   :    5.487
[13:48:10]   customer  :  -18.846
[13:48:10] Buffer大小:  3720
[13:48:10] 噪声水平: 0.0856
[13:48:10] 
动作统计:
[13:48:10]   wind      : mean= 0.230, std= 0.182, min=-0.030, max= 0.797
[13:48:10]   solar     : mean=-0.183, std= 0.316, min=-0.673, max= 0.552
[13:48:10]   diesel    : mean= 0.564, std= 0.440, min=-0.182, max= 1.000
[13:48:10]   battery   : mean= 0.766, std= 0.277, min= 0.096, max= 1.000
[13:48:10]   customer  : mean= 0.876, std= 0.159, min= 0.412, max= 1.000
[13:48:10] 
📊 生成可视化图表...
[13:48:11]   ✓ 训练曲线: debug_plots/training_ep0150.png
[13:48:11]   ✓ Agent分析: debug_plots/agents_ep0150.png
[13:48:11] 💾 保存检查点: debug_checkpoints/debug_maddpg_20251122_134737_ep0150.pt
[13:48:11] 
======================================================================
[13:48:11] Episode 151/200
[13:48:11] ======================================================================
[13:48:11] 总奖励:     0.22 | 步数: 24
[13:48:11] 最近10个episodes平均:     1.90
[13:48:11] 各Agent奖励:
[13:48:11]   wind      :    6.301
[13:48:11]   solar     :    4.039
[13:48:11]   diesel    :    3.205
[13:48:11]   battery   :    4.489
[13:48:11]   customer  :  -17.818
[13:48:11] Buffer大小:  3744
[13:48:11] 噪声水平: 0.0855
[13:48:11] 
动作统计:
[13:48:11]   wind      : mean= 0.261, std= 0.192, min= 0.008, max= 0.731
[13:48:11]   solar     : mean=-0.141, std= 0.299, min=-0.546, max= 0.480
[13:48:11]   diesel    : mean= 0.582, std= 0.427, min=-0.274, max= 1.000
[13:48:11]   battery   : mean= 0.730, std= 0.281, min= 0.101, max= 1.000
[13:48:11]   customer  : mean= 0.862, std= 0.126, min= 0.618, max= 1.000
[13:48:11] 
======================================================================
[13:48:11] Episode 152/200
[13:48:11] ======================================================================
[13:48:11] 总奖励:     3.30 | 步数: 24
[13:48:11] 最近10个episodes平均:     1.28
[13:48:11] 各Agent奖励:
[13:48:11]   wind      :    7.703
[13:48:11]   solar     :    5.026
[13:48:11]   diesel    :    4.113
[13:48:11]   battery   :    4.256
[13:48:11]   customer  :  -17.795
[13:48:11] Buffer大小:  3768
[13:48:11] 噪声水平: 0.0855
[13:48:11] 
动作统计:
[13:48:11]   wind      : mean= 0.283, std= 0.253, min= 0.032, max= 0.938
[13:48:11]   solar     : mean=-0.164, std= 0.331, min=-0.598, max= 0.458
[13:48:11]   diesel    : mean= 0.601, std= 0.422, min=-0.186, max= 1.000
[13:48:11]   battery   : mean= 0.748, std= 0.282, min=-0.012, max= 1.000
[13:48:11]   customer  : mean= 0.822, std= 0.145, min= 0.515, max= 1.000
[13:48:12] 
======================================================================
[13:48:12] Episode 153/200
[13:48:12] ======================================================================
[13:48:12] 总奖励:    -2.44 | 步数: 24
[13:48:12] 最近10个episodes平均:     0.72
[13:48:12] 各Agent奖励:
[13:48:12]   wind      :    3.746
[13:48:12]   solar     :    5.815
[13:48:12]   diesel    :    2.818
[13:48:12]   battery   :    2.738
[13:48:12]   customer  :  -17.555
[13:48:12] Buffer大小:  3792
[13:48:12] 噪声水平: 0.0854
[13:48:12] 
动作统计:
[13:48:12]   wind      : mean= 0.228, std= 0.186, min=-0.002, max= 0.803
[13:48:12]   solar     : mean=-0.159, std= 0.275, min=-0.607, max= 0.372
[13:48:12]   diesel    : mean= 0.550, std= 0.436, min=-0.143, max= 1.000
[13:48:12]   battery   : mean= 0.735, std= 0.306, min=-0.092, max= 1.000
[13:48:12]   customer  : mean= 0.864, std= 0.173, min= 0.354, max= 1.000
[13:48:12] 
======================================================================
[13:48:12] Episode 154/200
[13:48:12] ======================================================================
[13:48:12] 总奖励:    -5.56 | 步数: 24
[13:48:12] 最近10个episodes平均:    -0.33
[13:48:12] 各Agent奖励:
[13:48:12]   wind      :    5.543
[13:48:12]   solar     :    1.645
[13:48:12]   diesel    :    0.447
[13:48:12]   battery   :    4.625
[13:48:12]   customer  :  -17.815
[13:48:12] Buffer大小:  3816
[13:48:12] 噪声水平: 0.0853
[13:48:12] 
动作统计:
[13:48:12]   wind      : mean= 0.259, std= 0.208, min= 0.011, max= 0.826
[13:48:12]   solar     : mean=-0.120, std= 0.313, min=-0.588, max= 0.596
[13:48:12]   diesel    : mean= 0.554, std= 0.445, min=-0.183, max= 1.000
[13:48:12]   battery   : mean= 0.714, std= 0.287, min= 0.003, max= 1.000
[13:48:12]   customer  : mean= 0.869, std= 0.139, min= 0.549, max= 1.000
[13:48:12] 
======================================================================
[13:48:12] Episode 155/200
[13:48:12] ======================================================================
[13:48:12] 总奖励:     1.09 | 步数: 24
[13:48:12] 最近10个episodes平均:    -0.18
[13:48:12] 各Agent奖励:
[13:48:12]   wind      :    1.596
[13:48:12]   solar     :    9.577
[13:48:12]   diesel    :    3.898
[13:48:12]   battery   :    4.182
[13:48:12]   customer  :  -18.165
[13:48:12] Buffer大小:  3840
[13:48:12] 噪声水平: 0.0852
[13:48:12] 
动作统计:
[13:48:12]   wind      : mean= 0.162, std= 0.129, min=-0.121, max= 0.468
[13:48:12]   solar     : mean=-0.125, std= 0.287, min=-0.550, max= 0.531
[13:48:12]   diesel    : mean= 0.561, std= 0.420, min=-0.220, max= 1.000
[13:48:12]   battery   : mean= 0.733, std= 0.303, min=-0.021, max= 1.000
[13:48:12]   customer  : mean= 0.861, std= 0.174, min= 0.454, max= 1.000
[13:48:12] 
======================================================================
[13:48:12] Episode 156/200
[13:48:12] ======================================================================
[13:48:12] 总奖励:     0.59 | 步数: 24
[13:48:12] 最近10个episodes平均:     0.08
[13:48:12] 各Agent奖励:
[13:48:12]   wind      :    3.359
[13:48:12]   solar     :    5.573
[13:48:12]   diesel    :    2.807
[13:48:12]   battery   :    6.629
[13:48:12]   customer  :  -17.774
[13:48:12] Buffer大小:  3864
[13:48:12] 噪声水平: 0.0851
[13:48:12] 
动作统计:
[13:48:12]   wind      : mean= 0.223, std= 0.150, min= 0.031, max= 0.770
[13:48:12]   solar     : mean=-0.161, std= 0.276, min=-0.472, max= 0.325
[13:48:12]   diesel    : mean= 0.568, std= 0.426, min=-0.186, max= 1.000
[13:48:12]   battery   : mean= 0.727, std= 0.307, min= 0.074, max= 1.000
[13:48:12]   customer  : mean= 0.849, std= 0.153, min= 0.459, max= 1.000
[13:48:12] 
======================================================================
[13:48:12] Episode 157/200
[13:48:12] ======================================================================
[13:48:12] 总奖励:    -6.60 | 步数: 24
[13:48:12] 最近10个episodes平均:    -1.07
[13:48:12] 各Agent奖励:
[13:48:12]   wind      :    4.370
[13:48:12]   solar     :   -0.894
[13:48:12]   diesel    :    2.509
[13:48:12]   battery   :    5.311
[13:48:12]   customer  :  -17.895
[13:48:12] Buffer大小:  3888
[13:48:12] 噪声水平: 0.0850
[13:48:12] 
动作统计:
[13:48:12]   wind      : mean= 0.217, std= 0.144, min=-0.009, max= 0.691
[13:48:12]   solar     : mean=-0.143, std= 0.318, min=-0.580, max= 0.423
[13:48:12]   diesel    : mean= 0.553, std= 0.448, min=-0.236, max= 1.000
[13:48:12]   battery   : mean= 0.730, std= 0.305, min=-0.119, max= 1.000
[13:48:12]   customer  : mean= 0.850, std= 0.154, min= 0.418, max= 1.000
[13:48:12] 
======================================================================
[13:48:12] Episode 158/200
[13:48:12] ======================================================================
[13:48:12] 总奖励:    -2.61 | 步数: 24
[13:48:12] 最近10个episodes平均:    -1.49
[13:48:12] 各Agent奖励:
[13:48:12]   wind      :    3.447
[13:48:12]   solar     :    5.595
[13:48:12]   diesel    :    2.650
[13:48:12]   battery   :    3.180
[13:48:12]   customer  :  -17.487
[13:48:12] Buffer大小:  3912
[13:48:12] 噪声水平: 0.0850
[13:48:12] 
动作统计:
[13:48:12]   wind      : mean= 0.218, std= 0.165, min=-0.098, max= 0.608
[13:48:12]   solar     : mean=-0.159, std= 0.302, min=-0.578, max= 0.446
[13:48:12]   diesel    : mean= 0.563, std= 0.423, min=-0.150, max= 1.000
[13:48:12]   battery   : mean= 0.721, std= 0.312, min=-0.191, max= 1.000
[13:48:12]   customer  : mean= 0.864, std= 0.141, min= 0.572, max= 1.000
[13:48:13] 
======================================================================
[13:48:13] Episode 159/200
[13:48:13] ======================================================================
[13:48:13] 总奖励:    -4.47 | 步数: 24
[13:48:13] 最近10个episodes平均:    -1.75
[13:48:13] 各Agent奖励:
[13:48:13]   wind      :    3.859
[13:48:13]   solar     :    4.506
[13:48:13]   diesel    :    1.728
[13:48:13]   battery   :    4.105
[13:48:13]   customer  :  -18.672
[13:48:13] Buffer大小:  3936
[13:48:13] 噪声水平: 0.0849
[13:48:13] 
动作统计:
[13:48:13]   wind      : mean= 0.242, std= 0.248, min=-0.053, max= 1.000
[13:48:13]   solar     : mean=-0.193, std= 0.290, min=-0.581, max= 0.557
[13:48:13]   diesel    : mean= 0.561, std= 0.433, min=-0.231, max= 1.000
[13:48:13]   battery   : mean= 0.727, std= 0.301, min=-0.014, max= 1.000
[13:48:13]   customer  : mean= 0.873, std= 0.138, min= 0.510, max= 1.000
[13:48:13] 
======================================================================
[13:48:13] Episode 160/200
[13:48:13] ======================================================================
[13:48:13] 总奖励:     2.94 | 步数: 24
[13:48:13] 最近10个episodes平均:    -1.35
[13:48:13] 各Agent奖励:
[13:48:13]   wind      :    5.549
[13:48:13]   solar     :    4.445
[13:48:13]   diesel    :    3.094
[13:48:13]   battery   :    8.192
[13:48:13]   customer  :  -18.344
[13:48:13] Buffer大小:  3960
[13:48:13] 噪声水平: 0.0848
[13:48:13] 
动作统计:
[13:48:13]   wind      : mean= 0.273, std= 0.228, min=-0.035, max= 0.949
[13:48:13]   solar     : mean=-0.130, std= 0.308, min=-0.518, max= 0.511
[13:48:13]   diesel    : mean= 0.567, std= 0.428, min=-0.215, max= 1.000
[13:48:13]   battery   : mean= 0.721, std= 0.304, min=-0.179, max= 1.000
[13:48:13]   customer  : mean= 0.836, std= 0.202, min= 0.232, max= 1.000
[13:48:13] 
📊 生成可视化图表...
[13:48:13]   ✓ 训练曲线: debug_plots/training_ep0160.png
[13:48:13]   ✓ Agent分析: debug_plots/agents_ep0160.png
[13:48:13] 
======================================================================
[13:48:13] Episode 161/200
[13:48:13] ======================================================================
[13:48:13] 总奖励:    -0.64 | 步数: 24
[13:48:13] 最近10个episodes平均:    -1.44
[13:48:13] 各Agent奖励:
[13:48:13]   wind      :    2.631
[13:48:13]   solar     :    4.439
[13:48:13]   diesel    :    3.584
[13:48:13]   battery   :    7.080
[13:48:13]   customer  :  -18.372
[13:48:13] Buffer大小:  3984
[13:48:13] 噪声水平: 0.0847
[13:48:13] 
动作统计:
[13:48:13]   wind      : mean= 0.198, std= 0.131, min= 0.011, max= 0.636
[13:48:13]   solar     : mean=-0.148, std= 0.322, min=-0.544, max= 0.462
[13:48:13]   diesel    : mean= 0.559, std= 0.436, min=-0.276, max= 1.000
[13:48:13]   battery   : mean= 0.727, std= 0.313, min=-0.059, max= 1.000
[13:48:13]   customer  : mean= 0.851, std= 0.136, min= 0.510, max= 1.000
[13:48:14] 
======================================================================
[13:48:14] Episode 162/200
[13:48:14] ======================================================================
[13:48:14] 总奖励:    -3.02 | 步数: 24
[13:48:14] 最近10个episodes平均:    -2.07
[13:48:14] 各Agent奖励:
[13:48:14]   wind      :    2.618
[13:48:14]   solar     :    3.041
[13:48:14]   diesel    :    1.368
[13:48:14]   battery   :    7.837
[13:48:14]   customer  :  -17.889
[13:48:14] Buffer大小:  4008
[13:48:14] 噪声水平: 0.0846
[13:48:14] 
动作统计:
[13:48:14]   wind      : mean= 0.220, std= 0.185, min=-0.142, max= 0.816
[13:48:14]   solar     : mean=-0.139, std= 0.291, min=-0.582, max= 0.480
[13:48:14]   diesel    : mean= 0.543, std= 0.426, min=-0.113, max= 1.000
[13:48:14]   battery   : mean= 0.719, std= 0.310, min=-0.059, max= 1.000
[13:48:14]   customer  : mean= 0.844, std= 0.141, min= 0.494, max= 1.000
[13:48:14] 
======================================================================
[13:48:14] Episode 163/200
[13:48:14] ======================================================================
[13:48:14] 总奖励:     5.65 | 步数: 24
[13:48:14] 最近10个episodes平均:    -1.26
[13:48:14] 各Agent奖励:
[13:48:14]   wind      :   12.674
[13:48:14]   solar     :    7.089
[13:48:14]   diesel    :    2.733
[13:48:14]   battery   :    1.342
[13:48:14]   customer  :  -18.189
[13:48:14] Buffer大小:  4032
[13:48:14] 噪声水平: 0.0845
[13:48:14] 
动作统计:
[13:48:14]   wind      : mean= 0.301, std= 0.288, min= 0.019, max= 0.965
[13:48:14]   solar     : mean=-0.107, std= 0.264, min=-0.452, max= 0.396
[13:48:14]   diesel    : mean= 0.560, std= 0.418, min=-0.221, max= 1.000
[13:48:14]   battery   : mean= 0.714, std= 0.321, min=-0.060, max= 1.000
[13:48:14]   customer  : mean= 0.834, std= 0.181, min= 0.408, max= 1.000
[13:48:14] 
======================================================================
[13:48:14] Episode 164/200
[13:48:14] ======================================================================
[13:48:14] 总奖励:     7.33 | 步数: 24
[13:48:14] 最近10个episodes平均:     0.02
[13:48:14] 各Agent奖励:
[13:48:14]   wind      :    4.651
[13:48:14]   solar     :    7.936
[13:48:14]   diesel    :    7.988
[13:48:14]   battery   :    4.822
[13:48:14]   customer  :  -18.063
[13:48:14] Buffer大小:  4056
[13:48:14] 噪声水平: 0.0844
[13:48:14] 
动作统计:
[13:48:14]   wind      : mean= 0.265, std= 0.192, min= 0.014, max= 0.911
[13:48:14]   solar     : mean=-0.108, std= 0.276, min=-0.502, max= 0.568
[13:48:14]   diesel    : mean= 0.578, std= 0.405, min=-0.099, max= 1.000
[13:48:14]   battery   : mean= 0.714, std= 0.298, min= 0.017, max= 1.000
[13:48:14]   customer  : mean= 0.827, std= 0.143, min= 0.513, max= 1.000
[13:48:14] 
======================================================================
[13:48:14] Episode 165/200
[13:48:14] ======================================================================
[13:48:14] 总奖励:    -0.74 | 步数: 24
[13:48:14] 最近10个episodes平均:    -0.16
[13:48:14] 各Agent奖励:
[13:48:14]   wind      :    5.275
[13:48:14]   solar     :    3.669
[13:48:14]   diesel    :    4.697
[13:48:14]   battery   :    3.883
[13:48:14]   customer  :  -18.266
[13:48:14] Buffer大小:  4080
[13:48:14] 噪声水平: 0.0844
[13:48:14] 
动作统计:
[13:48:14]   wind      : mean= 0.235, std= 0.241, min=-0.072, max= 0.830
[13:48:14]   solar     : mean=-0.127, std= 0.277, min=-0.585, max= 0.372
[13:48:14]   diesel    : mean= 0.549, std= 0.434, min=-0.212, max= 1.000
[13:48:14]   battery   : mean= 0.711, std= 0.296, min=-0.028, max= 1.000
[13:48:14]   customer  : mean= 0.870, std= 0.131, min= 0.557, max= 1.000
[13:48:14] 
======================================================================
[13:48:14] Episode 166/200
[13:48:14] ======================================================================
[13:48:14] 总奖励:    -0.53 | 步数: 24
[13:48:14] 最近10个episodes平均:    -0.27
[13:48:14] 各Agent奖励:
[13:48:14]   wind      :    3.635
[13:48:14]   solar     :    7.171
[13:48:14]   diesel    :    2.149
[13:48:14]   battery   :    4.348
[13:48:14]   customer  :  -17.832
[13:48:14] Buffer大小:  4104
[13:48:14] 噪声水平: 0.0843
[13:48:14] 
动作统计:
[13:48:14]   wind      : mean= 0.206, std= 0.187, min=-0.009, max= 0.896
[13:48:14]   solar     : mean=-0.103, std= 0.270, min=-0.543, max= 0.354
[13:48:14]   diesel    : mean= 0.546, std= 0.441, min=-0.230, max= 1.000
[13:48:14]   battery   : mean= 0.737, std= 0.296, min=-0.074, max= 1.000
[13:48:14]   customer  : mean= 0.859, std= 0.161, min= 0.387, max= 1.000
[13:48:14] 
======================================================================
[13:48:14] Episode 167/200
[13:48:14] ======================================================================
[13:48:14] 总奖励:    -4.70 | 步数: 24
[13:48:14] 最近10个episodes平均:    -0.08
[13:48:14] 各Agent奖励:
[13:48:14]   wind      :    1.016
[13:48:14]   solar     :    3.321
[13:48:14]   diesel    :    5.924
[13:48:14]   battery   :    3.241
[13:48:14]   customer  :  -18.206
[13:48:14] Buffer大小:  4128
[13:48:14] 噪声水平: 0.0842
[13:48:14] 
动作统计:
[13:48:14]   wind      : mean= 0.230, std= 0.129, min=-0.003, max= 0.533
[13:48:14]   solar     : mean=-0.150, std= 0.257, min=-0.510, max= 0.340
[13:48:14]   diesel    : mean= 0.563, std= 0.442, min=-0.101, max= 1.000
[13:48:14]   battery   : mean= 0.730, std= 0.298, min=-0.108, max= 1.000
[13:48:14]   customer  : mean= 0.857, std= 0.181, min= 0.304, max= 1.000
[13:48:15] 
======================================================================
[13:48:15] Episode 168/200
[13:48:15] ======================================================================
[13:48:15] 总奖励:    -0.77 | 步数: 24
[13:48:15] 最近10个episodes平均:     0.10
[13:48:15] 各Agent奖励:
[13:48:15]   wind      :    3.988
[13:48:15]   solar     :    6.062
[13:48:15]   diesel    :    3.963
[13:48:15]   battery   :    3.190
[13:48:15]   customer  :  -17.973
[13:48:15] Buffer大小:  4152
[13:48:15] 噪声水平: 0.0841
[13:48:15] 
动作统计:
[13:48:15]   wind      : mean= 0.237, std= 0.163, min=-0.048, max= 0.740
[13:48:15]   solar     : mean=-0.126, std= 0.326, min=-0.656, max= 0.583
[13:48:15]   diesel    : mean= 0.551, std= 0.419, min=-0.033, max= 1.000
[13:48:15]   battery   : mean= 0.705, std= 0.311, min=-0.085, max= 1.000
[13:48:15]   customer  : mean= 0.850, std= 0.153, min= 0.437, max= 1.000
[13:48:15] 
======================================================================
[13:48:15] Episode 169/200
[13:48:15] ======================================================================
[13:48:15] 总奖励:     7.79 | 步数: 24
[13:48:15] 最近10个episodes平均:     1.33
[13:48:15] 各Agent奖励:
[13:48:15]   wind      :    2.017
[13:48:15]   solar     :   11.781
[13:48:15]   diesel    :    5.962
[13:48:15]   battery   :    6.486
[13:48:15]   customer  :  -18.460
[13:48:15] Buffer大小:  4176
[13:48:15] 噪声水平: 0.0840
[13:48:15] 
动作统计:
[13:48:15]   wind      : mean= 0.232, std= 0.146, min=-0.003, max= 0.754
[13:48:15]   solar     : mean=-0.144, std= 0.289, min=-0.582, max= 0.439
[13:48:15]   diesel    : mean= 0.561, std= 0.430, min=-0.131, max= 1.000
[13:48:15]   battery   : mean= 0.722, std= 0.293, min= 0.114, max= 1.000
[13:48:15]   customer  : mean= 0.832, std= 0.156, min= 0.504, max= 1.000
[13:48:15] 
======================================================================
[13:48:15] Episode 170/200
[13:48:15] ======================================================================
[13:48:15] 总奖励:     5.35 | 步数: 24
[13:48:15] 最近10个episodes平均:     1.57
[13:48:15] 各Agent奖励:
[13:48:15]   wind      :    5.965
[13:48:15]   solar     :    7.602
[13:48:15]   diesel    :    5.093
[13:48:15]   battery   :    5.177
[13:48:15]   customer  :  -18.485
[13:48:15] Buffer大小:  4200
[13:48:15] 噪声水平: 0.0839
[13:48:15] 
动作统计:
[13:48:15]   wind      : mean= 0.242, std= 0.152, min= 0.011, max= 0.774
[13:48:15]   solar     : mean=-0.133, std= 0.285, min=-0.520, max= 0.480
[13:48:15]   diesel    : mean= 0.574, std= 0.412, min=-0.078, max= 1.000
[13:48:15]   battery   : mean= 0.711, std= 0.291, min= 0.071, max= 1.000
[13:48:15]   customer  : mean= 0.827, std= 0.161, min= 0.521, max= 1.000
[13:48:15] 
📊 生成可视化图表...
[13:48:16]   ✓ 训练曲线: debug_plots/training_ep0170.png
[13:48:16]   ✓ Agent分析: debug_plots/agents_ep0170.png
[13:48:16] 
======================================================================
[13:48:16] Episode 171/200
[13:48:16] ======================================================================
[13:48:16] 总奖励:     0.27 | 步数: 24
[13:48:16] 最近10个episodes平均:     1.66
[13:48:16] 各Agent奖励:
[13:48:16]   wind      :    2.543
[13:48:16]   solar     :    6.457
[13:48:16]   diesel    :    6.856
[13:48:16]   battery   :    2.470
[13:48:16]   customer  :  -18.057
[13:48:16] Buffer大小:  4224
[13:48:16] 噪声水平: 0.0839
[13:48:16] 
动作统计:
[13:48:16]   wind      : mean= 0.230, std= 0.118, min= 0.003, max= 0.629
[13:48:16]   solar     : mean=-0.150, std= 0.250, min=-0.647, max= 0.351
[13:48:16]   diesel    : mean= 0.558, std= 0.442, min=-0.239, max= 1.000
[13:48:16]   battery   : mean= 0.734, std= 0.299, min=-0.043, max= 1.000
[13:48:16]   customer  : mean= 0.853, std= 0.152, min= 0.548, max= 1.000
[13:48:16] 
======================================================================
[13:48:16] Episode 172/200
[13:48:16] ======================================================================
[13:48:16] 总奖励:     4.87 | 步数: 24
[13:48:16] 最近10个episodes平均:     2.45
[13:48:16] 各Agent奖励:
[13:48:16]   wind      :    7.646
[13:48:16]   solar     :    5.964
[13:48:16]   diesel    :    5.613
[13:48:16]   battery   :    4.696
[13:48:16]   customer  :  -19.051
[13:48:16] Buffer大小:  4248
[13:48:16] 噪声水平: 0.0838
[13:48:16] 
动作统计:
[13:48:16]   wind      : mean= 0.259, std= 0.191, min=-0.028, max= 0.776
[13:48:16]   solar     : mean=-0.155, std= 0.318, min=-0.631, max= 0.448
[13:48:16]   diesel    : mean= 0.555, std= 0.440, min=-0.177, max= 1.000
[13:48:16]   battery   : mean= 0.724, std= 0.299, min= 0.057, max= 1.000
[13:48:16]   customer  : mean= 0.862, std= 0.147, min= 0.491, max= 1.000
[13:48:16] 
======================================================================
[13:48:16] Episode 173/200
[13:48:16] ======================================================================
[13:48:16] 总奖励:    -6.12 | 步数: 24
[13:48:16] 最近10个episodes平均:     1.27
[13:48:16] 各Agent奖励:
[13:48:16]   wind      :    4.022
[13:48:16]   solar     :    4.649
[13:48:16]   diesel    :    2.731
[13:48:16]   battery   :   -0.467
[13:48:16]   customer  :  -17.052
[13:48:16] Buffer大小:  4272
[13:48:16] 噪声水平: 0.0837
[13:48:16] 
动作统计:
[13:48:16]   wind      : mean= 0.236, std= 0.190, min= 0.002, max= 0.848
[13:48:16]   solar     : mean=-0.156, std= 0.253, min=-0.591, max= 0.303
[13:48:16]   diesel    : mean= 0.543, std= 0.437, min=-0.141, max= 1.000
[13:48:16]   battery   : mean= 0.717, std= 0.316, min=-0.156, max= 1.000
[13:48:16]   customer  : mean= 0.838, std= 0.187, min= 0.401, max= 1.000
[13:48:16] 
======================================================================
[13:48:16] Episode 174/200
[13:48:16] ======================================================================
[13:48:16] 总奖励:     4.52 | 步数: 24
[13:48:16] 最近10个episodes平均:     0.99
[13:48:16] 各Agent奖励:
[13:48:16]   wind      :    6.852
[13:48:16]   solar     :    8.178
[13:48:16]   diesel    :    3.677
[13:48:16]   battery   :    4.242
[13:48:16]   customer  :  -18.434
[13:48:16] Buffer大小:  4296
[13:48:16] 噪声水平: 0.0836
[13:48:16] 
动作统计:
[13:48:16]   wind      : mean= 0.236, std= 0.187, min=-0.002, max= 0.733
[13:48:16]   solar     : mean=-0.156, std= 0.266, min=-0.576, max= 0.401
[13:48:16]   diesel    : mean= 0.559, std= 0.439, min=-0.129, max= 1.000
[13:48:16]   battery   : mean= 0.731, std= 0.311, min=-0.014, max= 1.000
[13:48:16]   customer  : mean= 0.834, std= 0.165, min= 0.450, max= 1.000
[13:48:16] 
======================================================================
[13:48:16] Episode 175/200
[13:48:16] ======================================================================
[13:48:16] 总奖励:     3.22 | 步数: 24
[13:48:16] 最近10个episodes平均:     1.39
[13:48:16] 各Agent奖励:
[13:48:16]   wind      :    4.471
[13:48:16]   solar     :    7.275
[13:48:16]   diesel    :    6.578
[13:48:16]   battery   :    3.523
[13:48:16]   customer  :  -18.627
[13:48:16] Buffer大小:  4320
[13:48:16] 噪声水平: 0.0835
[13:48:16] 
动作统计:
[13:48:16]   wind      : mean= 0.237, std= 0.221, min= 0.026, max= 0.996
[13:48:16]   solar     : mean=-0.139, std= 0.245, min=-0.516, max= 0.299
[13:48:16]   diesel    : mean= 0.576, std= 0.428, min=-0.110, max= 1.000
[13:48:16]   battery   : mean= 0.718, std= 0.302, min= 0.052, max= 1.000
[13:48:16]   customer  : mean= 0.832, std= 0.181, min= 0.378, max= 1.000
[13:48:17] 
======================================================================
[13:48:17] Episode 176/200
[13:48:17] ======================================================================
[13:48:17] 总奖励:     1.76 | 步数: 24
[13:48:17] 最近10个episodes平均:     1.62
[13:48:17] 各Agent奖励:
[13:48:17]   wind      :    2.896
[13:48:17]   solar     :    3.597
[13:48:17]   diesel    :   11.207
[13:48:17]   battery   :    3.028
[13:48:17]   customer  :  -18.964
[13:48:17] Buffer大小:  4344
[13:48:17] 噪声水平: 0.0834
[13:48:17] 
动作统计:
[13:48:17]   wind      : mean= 0.234, std= 0.125, min= 0.065, max= 0.575
[13:48:17]   solar     : mean=-0.144, std= 0.334, min=-0.590, max= 0.602
[13:48:17]   diesel    : mean= 0.552, std= 0.428, min=-0.097, max= 1.000
[13:48:17]   battery   : mean= 0.729, std= 0.301, min= 0.008, max= 1.000
[13:48:17]   customer  : mean= 0.833, std= 0.152, min= 0.455, max= 1.000
[13:48:17] 
======================================================================
[13:48:17] Episode 177/200
[13:48:17] ======================================================================
[13:48:17] 总奖励:     1.82 | 步数: 24
[13:48:17] 最近10个episodes平均:     2.27
[13:48:17] 各Agent奖励:
[13:48:17]   wind      :   12.119
[13:48:17]   solar     :    2.769
[13:48:17]   diesel    :    2.334
[13:48:17]   battery   :    2.474
[13:48:17]   customer  :  -17.880
[13:48:17] Buffer大小:  4368
[13:48:17] 噪声水平: 0.0834
[13:48:17] 
动作统计:
[13:48:17]   wind      : mean= 0.280, std= 0.255, min= 0.024, max= 1.000
[13:48:17]   solar     : mean=-0.145, std= 0.303, min=-0.578, max= 0.421
[13:48:17]   diesel    : mean= 0.534, std= 0.417, min=-0.135, max= 1.000
[13:48:17]   battery   : mean= 0.719, std= 0.303, min=-0.086, max= 1.000
[13:48:17]   customer  : mean= 0.842, std= 0.140, min= 0.547, max= 1.000
[13:48:17] 
======================================================================
[13:48:17] Episode 178/200
[13:48:17] ======================================================================
[13:48:17] 总奖励:     8.27 | 步数: 24
[13:48:17] 最近10个episodes平均:     3.17
[13:48:17] 各Agent奖励:
[13:48:17]   wind      :    2.488
[13:48:17]   solar     :   13.692
[13:48:17]   diesel    :    7.299
[13:48:17]   battery   :    3.284
[13:48:17]   customer  :  -18.492
[13:48:17] Buffer大小:  4392
[13:48:17] 噪声水平: 0.0833
[13:48:17] 
动作统计:
[13:48:17]   wind      : mean= 0.228, std= 0.128, min=-0.032, max= 0.586
[13:48:17]   solar     : mean=-0.116, std= 0.248, min=-0.493, max= 0.439
[13:48:17]   diesel    : mean= 0.564, std= 0.435, min=-0.154, max= 1.000
[13:48:17]   battery   : mean= 0.717, std= 0.304, min=-0.004, max= 1.000
[13:48:17]   customer  : mean= 0.818, std= 0.167, min= 0.413, max= 1.000
[13:48:17] 
======================================================================
[13:48:17] Episode 179/200
[13:48:17] ======================================================================
[13:48:17] 总奖励:     7.53 | 步数: 24
[13:48:17] 最近10个episodes平均:     3.15
[13:48:17] 各Agent奖励:
[13:48:17]   wind      :    2.050
[13:48:17]   solar     :   12.415
[13:48:17]   diesel    :    5.706
[13:48:17]   battery   :    5.729
[13:48:17]   customer  :  -18.373
[13:48:17] Buffer大小:  4416
[13:48:17] 噪声水平: 0.0832
[13:48:17] 
动作统计:
[13:48:17]   wind      : mean= 0.196, std= 0.116, min=-0.008, max= 0.549
[13:48:17]   solar     : mean=-0.103, std= 0.257, min=-0.503, max= 0.380
[13:48:17]   diesel    : mean= 0.559, std= 0.420, min=-0.087, max= 1.000
[13:48:17]   battery   : mean= 0.737, std= 0.278, min= 0.058, max= 1.000
[13:48:17]   customer  : mean= 0.823, std= 0.147, min= 0.577, max= 1.000
[13:48:17] 
======================================================================
[13:48:17] Episode 180/200
[13:48:17] ======================================================================
[13:48:17] 总奖励:     3.82 | 步数: 24
[13:48:17] 最近10个episodes平均:     3.00
[13:48:17] 各Agent奖励:
[13:48:17]   wind      :    1.493
[13:48:17]   solar     :    7.632
[13:48:17]   diesel    :    7.070
[13:48:17]   battery   :    6.319
[13:48:17]   customer  :  -18.694
[13:48:17] Buffer大小:  4440
[13:48:17] 噪声水平: 0.0831
[13:48:17] 
动作统计:
[13:48:17]   wind      : mean= 0.218, std= 0.134, min=-0.046, max= 0.616
[13:48:17]   solar     : mean=-0.109, std= 0.216, min=-0.481, max= 0.286
[13:48:17]   diesel    : mean= 0.553, std= 0.434, min=-0.220, max= 1.000
[13:48:17]   battery   : mean= 0.711, std= 0.293, min=-0.002, max= 1.000
[13:48:17]   customer  : mean= 0.838, std= 0.187, min= 0.351, max= 1.000
[13:48:17] 
📊 生成可视化图表...
[13:48:18]   ✓ 训练曲线: debug_plots/training_ep0180.png
[13:48:18]   ✓ Agent分析: debug_plots/agents_ep0180.png
[13:48:18] 
======================================================================
[13:48:18] Episode 181/200
[13:48:18] ======================================================================
[13:48:18] 总奖励:     2.13 | 步数: 24
[13:48:18] 最近10个episodes平均:     3.18
[13:48:18] 各Agent奖励:
[13:48:18]   wind      :    5.042
[13:48:18]   solar     :    6.705
[13:48:18]   diesel    :    6.448
[13:48:18]   battery   :    2.192
[13:48:18]   customer  :  -18.255
[13:48:18] Buffer大小:  4464
[13:48:18] 噪声水平: 0.0830
[13:48:18] 
动作统计:
[13:48:18]   wind      : mean= 0.235, std= 0.158, min=-0.059, max= 0.735
[13:48:18]   solar     : mean=-0.097, std= 0.269, min=-0.473, max= 0.416
[13:48:18]   diesel    : mean= 0.562, std= 0.426, min=-0.224, max= 1.000
[13:48:18]   battery   : mean= 0.712, std= 0.310, min=-0.114, max= 1.000
[13:48:18]   customer  : mean= 0.842, std= 0.139, min= 0.456, max= 1.000
[13:48:18] 
======================================================================
[13:48:18] Episode 182/200
[13:48:18] ======================================================================
[13:48:18] 总奖励:    -0.43 | 步数: 24
[13:48:18] 最近10个episodes平均:     2.65
[13:48:18] 各Agent奖励:
[13:48:18]   wind      :    3.730
[13:48:18]   solar     :    2.246
[13:48:18]   diesel    :    8.109
[13:48:18]   battery   :    3.815
[13:48:18]   customer  :  -18.330
[13:48:18] Buffer大小:  4488
[13:48:18] 噪声水平: 0.0829
[13:48:18] 
动作统计:
[13:48:18]   wind      : mean= 0.224, std= 0.100, min= 0.023, max= 0.491
[13:48:18]   solar     : mean=-0.081, std= 0.276, min=-0.494, max= 0.353
[13:48:18]   diesel    : mean= 0.555, std= 0.412, min=-0.095, max= 1.000
[13:48:18]   battery   : mean= 0.722, std= 0.301, min=-0.066, max= 1.000
[13:48:18]   customer  : mean= 0.838, std= 0.159, min= 0.437, max= 1.000
[13:48:18] 
======================================================================
[13:48:18] Episode 183/200
[13:48:18] ======================================================================
[13:48:18] 总奖励:     5.90 | 步数: 24
[13:48:18] 最近10个episodes平均:     3.85
[13:48:18] 各Agent奖励:
[13:48:18]   wind      :    2.198
[13:48:18]   solar     :    9.701
[13:48:18]   diesel    :    9.683
[13:48:18]   battery   :    2.547
[13:48:18]   customer  :  -18.228
[13:48:18] Buffer大小:  4512
[13:48:18] 噪声水平: 0.0829
[13:48:18] 
动作统计:
[13:48:18]   wind      : mean= 0.229, std= 0.137, min= 0.066, max= 0.800
[13:48:18]   solar     : mean=-0.096, std= 0.233, min=-0.372, max= 0.393
[13:48:18]   diesel    : mean= 0.571, std= 0.405, min=-0.009, max= 1.000
[13:48:18]   battery   : mean= 0.697, std= 0.307, min=-0.029, max= 1.000
[13:48:18]   customer  : mean= 0.844, std= 0.153, min= 0.519, max= 1.000
[13:48:18] 
======================================================================
[13:48:18] Episode 184/200
[13:48:18] ======================================================================
[13:48:18] 总奖励:     2.17 | 步数: 24
[13:48:18] 最近10个episodes平均:     3.62
[13:48:18] 各Agent奖励:
[13:48:18]   wind      :    2.508
[13:48:18]   solar     :    8.608
[13:48:18]   diesel    :    7.444
[13:48:18]   battery   :    1.951
[13:48:18]   customer  :  -18.345
[13:48:18] Buffer大小:  4536
[13:48:18] 噪声水平: 0.0828
[13:48:18] 
动作统计:
[13:48:18]   wind      : mean= 0.220, std= 0.112, min= 0.009, max= 0.504
[13:48:18]   solar     : mean=-0.097, std= 0.253, min=-0.557, max= 0.462
[13:48:18]   diesel    : mean= 0.560, std= 0.433, min=-0.170, max= 1.000
[13:48:18]   battery   : mean= 0.710, std= 0.300, min=-0.051, max= 1.000
[13:48:18]   customer  : mean= 0.834, std= 0.171, min= 0.399, max= 1.000
[13:48:19] 
======================================================================
[13:48:19] Episode 185/200
[13:48:19] ======================================================================
[13:48:19] 总奖励:     3.97 | 步数: 24
[13:48:19] 最近10个episodes平均:     3.69
[13:48:19] 各Agent奖励:
[13:48:19]   wind      :    8.563
[13:48:19]   solar     :    0.183
[13:48:19]   diesel    :    9.119
[13:48:19]   battery   :    5.053
[13:48:19]   customer  :  -18.950
[13:48:19] Buffer大小:  4560
[13:48:19] 噪声水平: 0.0827
[13:48:19] 
动作统计:
[13:48:19]   wind      : mean= 0.233, std= 0.170, min= 0.033, max= 0.849
[13:48:19]   solar     : mean=-0.064, std= 0.252, min=-0.502, max= 0.427
[13:48:19]   diesel    : mean= 0.580, std= 0.411, min=-0.060, max= 1.000
[13:48:19]   battery   : mean= 0.739, std= 0.285, min=-0.068, max= 1.000
[13:48:19]   customer  : mean= 0.830, std= 0.177, min= 0.418, max= 1.000
[13:48:19] 
======================================================================
[13:48:19] Episode 186/200
[13:48:19] ======================================================================
[13:48:19] 总奖励:     5.55 | 步数: 24
[13:48:19] 最近10个episodes平均:     4.07
[13:48:19] 各Agent奖励:
[13:48:19]   wind      :    9.374
[13:48:19]   solar     :    6.658
[13:48:19]   diesel    :    4.778
[13:48:19]   battery   :    2.736
[13:48:19]   customer  :  -17.992
[13:48:19] Buffer大小:  4584
[13:48:19] 噪声水平: 0.0826
[13:48:19] 
动作统计:
[13:48:19]   wind      : mean= 0.280, std= 0.219, min= 0.030, max= 1.000
[13:48:19]   solar     : mean=-0.059, std= 0.259, min=-0.492, max= 0.446
[13:48:19]   diesel    : mean= 0.547, std= 0.436, min=-0.092, max= 1.000
[13:48:19]   battery   : mean= 0.702, std= 0.308, min=-0.008, max= 1.000
[13:48:19]   customer  : mean= 0.825, std= 0.161, min= 0.464, max= 1.000
[13:48:19] 
======================================================================
[13:48:19] Episode 187/200
[13:48:19] ======================================================================
[13:48:19] 总奖励:     3.95 | 步数: 24
[13:48:19] 最近10个episodes平均:     4.29
[13:48:19] 各Agent奖励:
[13:48:19]   wind      :    1.521
[13:48:19]   solar     :    6.678
[13:48:19]   diesel    :    7.280
[13:48:19]   battery   :    6.085
[13:48:19]   customer  :  -17.612
[13:48:19] Buffer大小:  4608
[13:48:19] 噪声水平: 0.0825
[13:48:19] 
动作统计:
[13:48:19]   wind      : mean= 0.222, std= 0.131, min=-0.039, max= 0.532
[13:48:19]   solar     : mean=-0.090, std= 0.223, min=-0.463, max= 0.298
[13:48:19]   diesel    : mean= 0.560, std= 0.420, min=-0.236, max= 1.000
[13:48:19]   battery   : mean= 0.718, std= 0.320, min=-0.092, max= 1.000
[13:48:19]   customer  : mean= 0.821, std= 0.172, min= 0.456, max= 1.000
[13:48:19] 
======================================================================
[13:48:19] Episode 188/200
[13:48:19] ======================================================================
[13:48:19] 总奖励:     0.62 | 步数: 24
[13:48:19] 最近10个episodes平均:     3.52
[13:48:19] 各Agent奖励:
[13:48:19]   wind      :    3.935
[13:48:19]   solar     :    6.629
[13:48:19]   diesel    :    7.459
[13:48:19]   battery   :    0.646
[13:48:19]   customer  :  -18.051
[13:48:19] Buffer大小:  4632
[13:48:19] 噪声水平: 0.0824
[13:48:19] 
动作统计:
[13:48:19]   wind      : mean= 0.251, std= 0.135, min= 0.004, max= 0.644
[13:48:19]   solar     : mean=-0.101, std= 0.237, min=-0.480, max= 0.380
[13:48:19]   diesel    : mean= 0.531, std= 0.443, min=-0.142, max= 1.000
[13:48:19]   battery   : mean= 0.704, std= 0.328, min=-0.167, max= 1.000
[13:48:19]   customer  : mean= 0.839, std= 0.144, min= 0.492, max= 1.000
[13:48:19] 
======================================================================
[13:48:19] Episode 189/200
[13:48:19] ======================================================================
[13:48:19] 总奖励:     3.96 | 步数: 24
[13:48:19] 最近10个episodes平均:     3.16
[13:48:19] 各Agent奖励:
[13:48:19]   wind      :    1.210
[13:48:19]   solar     :   15.406
[13:48:19]   diesel    :    4.084
[13:48:19]   battery   :    1.095
[13:48:19]   customer  :  -17.831
[13:48:19] Buffer大小:  4656
[13:48:19] 噪声水平: 0.0824
[13:48:19] 
动作统计:
[13:48:19]   wind      : mean= 0.173, std= 0.097, min=-0.056, max= 0.401
[13:48:19]   solar     : mean=-0.110, std= 0.233, min=-0.465, max= 0.486
[13:48:19]   diesel    : mean= 0.537, std= 0.446, min=-0.093, max= 1.000
[13:48:19]   battery   : mean= 0.688, std= 0.304, min=-0.065, max= 1.000
[13:48:19]   customer  : mean= 0.837, std= 0.139, min= 0.532, max= 1.000
[13:48:19] 
======================================================================
[13:48:19] Episode 190/200
[13:48:19] ======================================================================
[13:48:19] 总奖励:     7.32 | 步数: 24
[13:48:19] 最近10个episodes平均:     3.51
[13:48:19] 各Agent奖励:
[13:48:19]   wind      :    3.406
[13:48:19]   solar     :    9.591
[13:48:19]   diesel    :    7.129
[13:48:19]   battery   :    5.664
[13:48:19]   customer  :  -18.469
[13:48:19] Buffer大小:  4680
[13:48:19] 噪声水平: 0.0823
[13:48:19] 
动作统计:
[13:48:19]   wind      : mean= 0.196, std= 0.157, min=-0.054, max= 0.696
[13:48:19]   solar     : mean=-0.115, std= 0.245, min=-0.462, max= 0.358
[13:48:19]   diesel    : mean= 0.512, std= 0.456, min=-0.312, max= 1.000
[13:48:19]   battery   : mean= 0.702, std= 0.322, min= 0.033, max= 1.000
[13:48:19]   customer  : mean= 0.809, std= 0.189, min= 0.386, max= 1.000
[13:48:19] 
📊 生成可视化图表...
[13:48:20]   ✓ 训练曲线: debug_plots/training_ep0190.png
[13:48:20]   ✓ Agent分析: debug_plots/agents_ep0190.png
[13:48:20] 
======================================================================
[13:48:20] Episode 191/200
[13:48:20] ======================================================================
[13:48:20] 总奖励:    -0.24 | 步数: 24
[13:48:20] 最近10个episodes平均:     3.28
[13:48:20] 各Agent奖励:
[13:48:20]   wind      :    2.785
[13:48:20]   solar     :    3.136
[13:48:20]   diesel    :    5.857
[13:48:20]   battery   :    6.665
[13:48:20]   customer  :  -18.683
[13:48:20] Buffer大小:  4704
[13:48:20] 噪声水平: 0.0822
[13:48:20] 
动作统计:
[13:48:20]   wind      : mean= 0.239, std= 0.141, min= 0.074, max= 0.694
[13:48:20]   solar     : mean=-0.072, std= 0.262, min=-0.461, max= 0.420
[13:48:20]   diesel    : mean= 0.479, std= 0.438, min=-0.269, max= 1.000
[13:48:20]   battery   : mean= 0.707, std= 0.306, min= 0.138, max= 1.000
[13:48:20]   customer  : mean= 0.848, std= 0.147, min= 0.493, max= 1.000
[13:48:20] 
======================================================================
[13:48:20] Episode 192/200
[13:48:20] ======================================================================
[13:48:20] 总奖励:    -4.44 | 步数: 24
[13:48:20] 最近10个episodes平均:     2.88
[13:48:20] 各Agent奖励:
[13:48:20]   wind      :    0.000
[13:48:20]   solar     :    7.028
[13:48:20]   diesel    :    3.045
[13:48:20]   battery   :    3.025
[13:48:20]   customer  :  -17.534
[13:48:20] Buffer大小:  4728
[13:48:20] 噪声水平: 0.0821
[13:48:20] 
动作统计:
[13:48:20]   wind      : mean= 0.203, std= 0.106, min= 0.024, max= 0.387
[13:48:20]   solar     : mean=-0.094, std= 0.249, min=-0.450, max= 0.406
[13:48:20]   diesel    : mean= 0.425, std= 0.446, min=-0.348, max= 1.000
[13:48:20]   battery   : mean= 0.694, std= 0.311, min=-0.041, max= 1.000
[13:48:20]   customer  : mean= 0.841, std= 0.149, min= 0.479, max= 1.000
[13:48:20] 
======================================================================
[13:48:20] Episode 193/200
[13:48:20] ======================================================================
[13:48:20] 总奖励:   -11.89 | 步数: 24
[13:48:20] 最近10个episodes平均:     1.10
[13:48:20] 各Agent奖励:
[13:48:20]   wind      :    2.748
[13:48:20]   solar     :   -0.803
[13:48:20]   diesel    :    1.368
[13:48:20]   battery   :    2.088
[13:48:20]   customer  :  -17.291
[13:48:20] Buffer大小:  4752
[13:48:20] 噪声水平: 0.0820
[13:48:20] 
动作统计:
[13:48:20]   wind      : mean= 0.220, std= 0.138, min= 0.015, max= 0.610
[13:48:20]   solar     : mean=-0.100, std= 0.246, min=-0.435, max= 0.396
[13:48:20]   diesel    : mean= 0.376, std= 0.440, min=-0.247, max= 0.978
[13:48:20]   battery   : mean= 0.720, std= 0.305, min=-0.168, max= 1.000
[13:48:20]   customer  : mean= 0.854, std= 0.134, min= 0.508, max= 1.000
[13:48:20] 
======================================================================
[13:48:20] Episode 194/200
[13:48:20] ======================================================================
[13:48:20] 总奖励:   -13.14 | 步数: 24
[13:48:20] 最近10个episodes平均:    -0.43
[13:48:20] 各Agent奖励:
[13:48:20]   wind      :    1.731
[13:48:20]   solar     :    0.000
[13:48:20]   diesel    :   -1.119
[13:48:20]   battery   :    3.029
[13:48:20]   customer  :  -16.783
[13:48:20] Buffer大小:  4776
[13:48:20] 噪声水平: 0.0819
[13:48:20] 
动作统计:
[13:48:20]   wind      : mean= 0.211, std= 0.115, min= 0.009, max= 0.653
[13:48:20]   solar     : mean=-0.064, std= 0.229, min=-0.392, max= 0.376
[13:48:20]   diesel    : mean= 0.334, std= 0.417, min=-0.290, max= 0.944
[13:48:20]   battery   : mean= 0.697, std= 0.322, min=-0.090, max= 1.000
[13:48:20]   customer  : mean= 0.816, std= 0.139, min= 0.529, max= 1.000
[13:48:21] 
======================================================================
[13:48:21] Episode 195/200
[13:48:21] ======================================================================
[13:48:21] 总奖励:    -5.33 | 步数: 24
[13:48:21] 最近10个episodes平均:    -1.36
[13:48:21] 各Agent奖励:
[13:48:21]   wind      :    2.163
[13:48:21]   solar     :    4.878
[13:48:21]   diesel    :    2.117
[13:48:21]   battery   :    2.993
[13:48:21]   customer  :  -17.485
[13:48:21] Buffer大小:  4800
[13:48:21] 噪声水平: 0.0819
[13:48:21] 
动作统计:
[13:48:21]   wind      : mean= 0.216, std= 0.122, min= 0.026, max= 0.633
[13:48:21]   solar     : mean=-0.060, std= 0.247, min=-0.432, max= 0.420
[13:48:21]   diesel    : mean= 0.267, std= 0.388, min=-0.380, max= 0.871
[13:48:21]   battery   : mean= 0.702, std= 0.293, min= 0.093, max= 1.000
[13:48:21]   customer  : mean= 0.838, std= 0.155, min= 0.510, max= 1.000
[13:48:21] 
======================================================================
[13:48:21] Episode 196/200
[13:48:21] ======================================================================
[13:48:21] 总奖励:    -8.93 | 步数: 24
[13:48:21] 最近10个episodes平均:    -2.81
[13:48:21] 各Agent奖励:
[13:48:21]   wind      :    6.139
[13:48:21]   solar     :    1.350
[13:48:21]   diesel    :   -1.024
[13:48:21]   battery   :    2.185
[13:48:21]   customer  :  -17.576
[13:48:21] Buffer大小:  4824
[13:48:21] 噪声水平: 0.0818
[13:48:21] 
动作统计:
[13:48:21]   wind      : mean= 0.247, std= 0.183, min= 0.053, max= 0.952
[13:48:21]   solar     : mean=-0.076, std= 0.215, min=-0.397, max= 0.320
[13:48:21]   diesel    : mean= 0.239, std= 0.374, min=-0.426, max= 0.910
[13:48:21]   battery   : mean= 0.695, std= 0.299, min= 0.032, max= 1.000
[13:48:21]   customer  : mean= 0.831, std= 0.125, min= 0.564, max= 1.000
[13:48:21] 
======================================================================
[13:48:21] Episode 197/200
[13:48:21] ======================================================================
[13:48:21] 总奖励:   -15.65 | 步数: 24
[13:48:21] 最近10个episodes平均:    -4.77
[13:48:21] 各Agent奖励:
[13:48:21]   wind      :    0.382
[13:48:21]   solar     :    1.315
[13:48:21]   diesel    :   -3.793
[13:48:21]   battery   :    3.551
[13:48:21]   customer  :  -17.107
[13:48:21] Buffer大小:  4848
[13:48:21] 噪声水平: 0.0817
[13:48:21] 
动作统计:
[13:48:21]   wind      : mean= 0.182, std= 0.090, min= 0.003, max= 0.368
[13:48:21]   solar     : mean=-0.053, std= 0.216, min=-0.443, max= 0.423
[13:48:21]   diesel    : mean= 0.198, std= 0.387, min=-0.443, max= 0.860
[13:48:21]   battery   : mean= 0.706, std= 0.282, min= 0.175, max= 1.000
[13:48:21]   customer  : mean= 0.856, std= 0.137, min= 0.612, max= 1.000
[13:48:21] 
======================================================================
[13:48:21] Episode 198/200
[13:48:21] ======================================================================
[13:48:21] 总奖励:    -2.35 | 步数: 24
[13:48:21] 最近10个episodes平均:    -5.07
[13:48:21] 各Agent奖励:
[13:48:21]   wind      :    2.118
[13:48:21]   solar     :    8.858
[13:48:21]   diesel    :    1.234
[13:48:21]   battery   :    3.312
[13:48:21]   customer  :  -17.875
[13:48:21] Buffer大小:  4872
[13:48:21] 噪声水平: 0.0816
[13:48:21] 
动作统计:
[13:48:21]   wind      : mean= 0.195, std= 0.083, min=-0.006, max= 0.356
[13:48:21]   solar     : mean=-0.058, std= 0.236, min=-0.335, max= 0.605
[13:48:21]   diesel    : mean= 0.172, std= 0.372, min=-0.488, max= 0.947
[13:48:21]   battery   : mean= 0.724, std= 0.286, min= 0.137, max= 1.000
[13:48:21]   customer  : mean= 0.855, std= 0.151, min= 0.533, max= 1.000
[13:48:21] 
======================================================================
[13:48:21] Episode 199/200
[13:48:21] ======================================================================
[13:48:21] 总奖励:    -5.58 | 步数: 24
[13:48:21] 最近10个episodes平均:    -6.02
[13:48:21] 各Agent奖励:
[13:48:21]   wind      :    2.540
[13:48:21]   solar     :    6.348
[13:48:21]   diesel    :   -0.102
[13:48:21]   battery   :    3.272
[13:48:21]   customer  :  -17.638
[13:48:21] Buffer大小:  4896
[13:48:21] 噪声水平: 0.0815
[13:48:21] 
动作统计:
[13:48:21]   wind      : mean= 0.231, std= 0.120, min= 0.088, max= 0.640
[13:48:21]   solar     : mean=-0.087, std= 0.218, min=-0.414, max= 0.391
[13:48:21]   diesel    : mean= 0.116, std= 0.327, min=-0.432, max= 0.834
[13:48:21]   battery   : mean= 0.720, std= 0.300, min= 0.082, max= 1.000
[13:48:21]   customer  : mean= 0.866, std= 0.123, min= 0.574, max= 1.000
[13:48:21] 
======================================================================
[13:48:21] Episode 200/200
[13:48:21] ======================================================================
[13:48:21] 总奖励:    -3.68 | 步数: 24
[13:48:21] 最近10个episodes平均:    -7.12
[13:48:21] 各Agent奖励:
[13:48:21]   wind      :    5.519
[13:48:21]   solar     :    6.929
[13:48:21]   diesel    :   -0.895
[13:48:21]   battery   :    2.888
[13:48:21]   customer  :  -18.118
[13:48:21] Buffer大小:  4920
[13:48:21] 噪声水平: 0.0815
[13:48:21] 
动作统计:
[13:48:21]   wind      : mean= 0.262, std= 0.165, min= 0.045, max= 0.673
[13:48:21]   solar     : mean=-0.052, std= 0.214, min=-0.425, max= 0.399
[13:48:21]   diesel    : mean= 0.085, std= 0.344, min=-0.429, max= 0.914
[13:48:21]   battery   : mean= 0.705, std= 0.302, min= 0.037, max= 1.000
[13:48:21]   customer  : mean= 0.866, std= 0.155, min= 0.501, max= 1.000
[13:48:21] 
📊 生成可视化图表...
[13:48:22]   ✓ 训练曲线: debug_plots/training_ep0200.png
[13:48:22]   ✓ Agent分析: debug_plots/agents_ep0200.png
[13:48:22] 💾 保存检查点: debug_checkpoints/debug_maddpg_20251122_134737_ep0200.pt
[13:48:22] 
======================================================================
[13:48:22] 🎉 训练完成！
[13:48:22] ======================================================================
[13:48:22] 
💾 统计数据已保存: debug_logs/debug_maddpg_20251122_134737_stats.json
[13:48:22] 📊 总结图表: debug_plots/summary_final.png
[13:48:22] 💾 保存检查点: debug_checkpoints/debug_maddpg_20251122_134737_final.pt
