[04:53:25] 
======================================================================
[04:53:25] 🚀 开始调试训练
[04:53:25] ======================================================================
[04:53:25] 
🔥 预热阶段 (5 episodes)
[04:53:25]   预热 1/5 - Buffer: 24
[04:53:25]   预热 2/5 - Buffer: 48
[04:53:25]   预热 3/5 - Buffer: 72
[04:53:25]   预热 4/5 - Buffer: 96
[04:53:25]   预热 5/5 - Buffer: 120
[04:53:25] 
🏋️  训练阶段
[04:53:25] ======================================================================
[04:53:25] 
======================================================================
[04:53:25] Episode 1/200
[04:53:25] ======================================================================
[04:53:25] 总奖励: 13553.02 | 步数: 24
[04:53:25] 最近10个episodes平均: 13553.02
[04:53:25] 各Agent奖励:
[04:53:25]   wind      : 11237.576
[04:53:25]   solar     : 1862.822
[04:53:25]   diesel    :  600.760
[04:53:25]   battery   :    6.605
[04:53:25]   customer  : -154.747
[04:53:25] Buffer大小:   144
[04:53:25] 噪声水平: 0.0994
[04:53:25] 
动作统计:
[04:53:25]   wind      : mean= 0.063, std= 0.125, min=-0.167, max= 0.313
[04:53:25]   solar     : mean= 0.105, std= 0.089, min=-0.071, max= 0.286
[04:53:25]   diesel    : mean=-0.053, std= 0.124, min=-0.340, max= 0.228
[04:53:25]   battery   : mean= 0.032, std= 0.082, min=-0.158, max= 0.249
[04:53:25]   customer  : mean=-0.027, std= 0.099, min=-0.241, max= 0.166
[04:53:25] 
======================================================================
[04:53:25] Episode 2/200
[04:53:25] ======================================================================
[04:53:25] 总奖励: 12812.28 | 步数: 24
[04:53:25] 最近10个episodes平均: 13182.65
[04:53:25] 各Agent奖励:
[04:53:25]   wind      : 10732.632
[04:53:25]   solar     : 1732.425
[04:53:25]   diesel    :  491.667
[04:53:25]   battery   :   -0.319
[04:53:25]   customer  : -144.124
[04:53:25] Buffer大小:   168
[04:53:25] 噪声水平: 0.0993
[04:53:25] 
动作统计:
[04:53:25]   wind      : mean= 0.007, std= 0.084, min=-0.129, max= 0.238
[04:53:25]   solar     : mean= 0.078, std= 0.097, min=-0.070, max= 0.298
[04:53:25]   diesel    : mean=-0.047, std= 0.099, min=-0.278, max= 0.117
[04:53:25]   battery   : mean= 0.026, std= 0.087, min=-0.198, max= 0.227
[04:53:25]   customer  : mean= 0.024, std= 0.079, min=-0.112, max= 0.169
[04:53:25] 
======================================================================
[04:53:25] Episode 3/200
[04:53:25] ======================================================================
[04:53:25] 总奖励: 13762.06 | 步数: 24
[04:53:25] 最近10个episodes平均: 13375.78
[04:53:25] 各Agent奖励:
[04:53:25]   wind      : 11689.961
[04:53:25]   solar     : 2080.569
[04:53:25]   diesel    :  138.614
[04:53:25]   battery   :    7.112
[04:53:25]   customer  : -154.201
[04:53:25] Buffer大小:   192
[04:53:25] 噪声水平: 0.0992
[04:53:25] 
动作统计:
[04:53:25]   wind      : mean= 0.040, std= 0.109, min=-0.130, max= 0.283
[04:53:25]   solar     : mean= 0.040, std= 0.090, min=-0.155, max= 0.208
[04:53:25]   diesel    : mean=-0.069, std= 0.085, min=-0.259, max= 0.141
[04:53:25]   battery   : mean= 0.013, std= 0.102, min=-0.209, max= 0.247
[04:53:25]   customer  : mean=-0.020, std= 0.081, min=-0.175, max= 0.154
[04:53:25] 
======================================================================
[04:53:25] Episode 4/200
[04:53:25] ======================================================================
[04:53:25] 总奖励: 15453.80 | 步数: 24
[04:53:25] 最近10个episodes平均: 13895.29
[04:53:25] 各Agent奖励:
[04:53:25]   wind      : 12955.420
[04:53:25]   solar     : 2448.421
[04:53:25]   diesel    :  206.425
[04:53:25]   battery   :   10.565
[04:53:25]   customer  : -167.029
[04:53:25] Buffer大小:   216
[04:53:25] 噪声水平: 0.0991
[04:53:25] 
动作统计:
[04:53:25]   wind      : mean= 0.081, std= 0.104, min=-0.083, max= 0.307
[04:53:25]   solar     : mean= 0.071, std= 0.090, min=-0.102, max= 0.235
[04:53:25]   diesel    : mean=-0.097, std= 0.093, min=-0.305, max= 0.197
[04:53:25]   battery   : mean= 0.034, std= 0.092, min=-0.157, max= 0.293
[04:53:25]   customer  : mean=-0.069, std= 0.100, min=-0.287, max= 0.073
[04:53:25] 
======================================================================
[04:53:25] Episode 5/200
[04:53:25] ======================================================================
[04:53:25] 总奖励: 18768.62 | 步数: 24
[04:53:25] 最近10个episodes平均: 14869.95
[04:53:25] 各Agent奖励:
[04:53:25]   wind      : 13820.752
[04:53:25]   solar     : 4490.639
[04:53:25]   diesel    :  654.028
[04:53:25]   battery   :   14.431
[04:53:25]   customer  : -211.232
[04:53:25] Buffer大小:   240
[04:53:25] 噪声水平: 0.0990
[04:53:25] 
动作统计:
[04:53:25]   wind      : mean= 0.181, std= 0.097, min=-0.054, max= 0.412
[04:53:25]   solar     : mean= 0.124, std= 0.094, min=-0.081, max= 0.296
[04:53:25]   diesel    : mean=-0.123, std= 0.140, min=-0.519, max= 0.171
[04:53:25]   battery   : mean= 0.082, std= 0.139, min=-0.235, max= 0.389
[04:53:25]   customer  : mean=-0.145, std= 0.113, min=-0.315, max= 0.080
[04:53:26] 
======================================================================
[04:53:26] Episode 6/200
[04:53:26] ======================================================================
[04:53:26] 总奖励: 30771.49 | 步数: 24
[04:53:26] 最近10个episodes平均: 17520.21
[04:53:26] 各Agent奖励:
[04:53:26]   wind      : 24399.436
[04:53:26]   solar     : 5131.377
[04:53:26]   diesel    : 1516.770
[04:53:26]   battery   :   19.741
[04:53:26]   customer  : -295.838
[04:53:26] Buffer大小:   264
[04:53:26] 噪声水平: 0.0989
[04:53:26] 
动作统计:
[04:53:26]   wind      : mean= 0.319, std= 0.081, min= 0.178, max= 0.496
[04:53:26]   solar     : mean= 0.305, std= 0.108, min= 0.068, max= 0.508
[04:53:26]   diesel    : mean=-0.160, std= 0.209, min=-0.564, max= 0.149
[04:53:26]   battery   : mean= 0.107, std= 0.234, min=-0.378, max= 0.496
[04:53:26]   customer  : mean=-0.330, std= 0.120, min=-0.682, max=-0.095
[04:53:26] 
======================================================================
[04:53:26] Episode 7/200
[04:53:26] ======================================================================
[04:53:26] 总奖励: 44544.08 | 步数: 24
[04:53:26] 最近10个episodes平均: 21380.76
[04:53:26] 各Agent奖励:
[04:53:26]   wind      : 29563.919
[04:53:26]   solar     : 5098.645
[04:53:26]   diesel    : 10275.761
[04:53:26]   battery   :   23.501
[04:53:26]   customer  : -417.748
[04:53:26] Buffer大小:   288
[04:53:26] 噪声水平: 0.0988
[04:53:26] 
动作统计:
[04:53:26]   wind      : mean= 0.503, std= 0.096, min= 0.309, max= 0.693
[04:53:26]   solar     : mean= 0.459, std= 0.118, min= 0.255, max= 0.680
[04:53:26]   diesel    : mean=-0.135, std= 0.361, min=-0.752, max= 0.369
[04:53:26]   battery   : mean= 0.236, std= 0.292, min=-0.383, max= 0.752
[04:53:26]   customer  : mean=-0.441, std= 0.078, min=-0.577, max=-0.274
[04:53:26] 
======================================================================
[04:53:26] Episode 8/200
[04:53:26] ======================================================================
[04:53:26] 总奖励: 51404.39 | 步数: 24
[04:53:26] 最近10个episodes平均: 25133.72
[04:53:26] 各Agent奖励:
[04:53:26]   wind      : 23627.925
[04:53:26]   solar     : 6272.795
[04:53:26]   diesel    : 21995.764
[04:53:26]   battery   :   33.588
[04:53:26]   customer  : -525.684
[04:53:26] Buffer大小:   312
[04:53:26] 噪声水平: 0.0987
[04:53:26] 
动作统计:
[04:53:26]   wind      : mean= 0.678, std= 0.083, min= 0.527, max= 0.817
[04:53:26]   solar     : mean= 0.645, std= 0.125, min= 0.430, max= 0.932
[04:53:26]   diesel    : mean=-0.104, std= 0.544, min=-0.787, max= 0.591
[04:53:26]   battery   : mean= 0.308, std= 0.340, min=-0.156, max= 0.796
[04:53:26]   customer  : mean=-0.521, std= 0.093, min=-0.710, max=-0.368
[04:53:26] 
======================================================================
[04:53:26] Episode 9/200
[04:53:26] ======================================================================
[04:53:26] 总奖励: 50681.43 | 步数: 24
[04:53:26] 最近10个episodes平均: 27972.35
[04:53:26] 各Agent奖励:
[04:53:26]   wind      : 19837.653
[04:53:26]   solar     : 2699.273
[04:53:26]   diesel    : 28634.376
[04:53:26]   battery   :   34.296
[04:53:26]   customer  : -524.166
[04:53:26] Buffer大小:   336
[04:53:26] 噪声水平: 0.0986
[04:53:26] 
动作统计:
[04:53:26]   wind      : mean= 0.786, std= 0.088, min= 0.586, max= 0.953
[04:53:26]   solar     : mean= 0.761, std= 0.101, min= 0.500, max= 0.968
[04:53:26]   diesel    : mean=-0.069, std= 0.720, min=-0.952, max= 0.834
[04:53:26]   battery   : mean= 0.365, std= 0.368, min=-0.185, max= 1.000
[04:53:26]   customer  : mean=-0.499, std= 0.089, min=-0.724, max=-0.319
[04:53:26] 
======================================================================
[04:53:26] Episode 10/200
[04:53:26] ======================================================================
[04:53:26] 总奖励: 43447.80 | 步数: 24
[04:53:26] 最近10个episodes平均: 29519.90
[04:53:26] 各Agent奖励:
[04:53:26]   wind      : 16805.315
[04:53:26]   solar     : 4787.465
[04:53:26]   diesel    : 22248.800
[04:53:26]   battery   :   26.924
[04:53:26]   customer  : -420.708
[04:53:26] Buffer大小:   360
[04:53:26] 噪声水平: 0.0985
[04:53:26] 
动作统计:
[04:53:26]   wind      : mean= 0.891, std= 0.087, min= 0.709, max= 1.000
[04:53:26]   solar     : mean= 0.853, std= 0.091, min= 0.699, max= 1.000
[04:53:26]   diesel    : mean=-0.058, std= 0.833, min=-1.000, max= 0.878
[04:53:26]   battery   : mean= 0.452, std= 0.348, min=-0.099, max= 1.000
[04:53:26]   customer  : mean=-0.414, std= 0.101, min=-0.611, max=-0.225
[04:53:26] 
📊 生成可视化图表...
[04:53:27]   ✓ 训练曲线: debug_plots/training_ep0010.png
[04:53:27]   ✓ Agent分析: debug_plots/agents_ep0010.png
[04:53:27] 
======================================================================
[04:53:27] Episode 11/200
[04:53:27] ======================================================================
[04:53:27] 总奖励: 33289.62 | 步数: 24
[04:53:27] 最近10个episodes平均: 31493.56
[04:53:27] 各Agent奖励:
[04:53:27]   wind      : 12064.886
[04:53:27]   solar     : 3058.136
[04:53:27]   diesel    : 18467.376
[04:53:27]   battery   :   20.690
[04:53:27]   customer  : -321.469
[04:53:27] Buffer大小:   384
[04:53:27] 噪声水平: 0.0984
[04:53:27] 
动作统计:
[04:53:27]   wind      : mean= 0.916, std= 0.079, min= 0.707, max= 1.000
[04:53:27]   solar     : mean= 0.945, std= 0.065, min= 0.812, max= 1.000
[04:53:27]   diesel    : mean= 0.001, std= 0.921, min=-1.000, max= 1.000
[04:53:27]   battery   : mean= 0.526, std= 0.340, min= 0.008, max= 1.000
[04:53:27]   customer  : mean=-0.255, std= 0.087, min=-0.404, max=-0.085
[04:53:27] 
======================================================================
[04:53:27] Episode 12/200
[04:53:27] ======================================================================
[04:53:27] 总奖励: 37776.97 | 步数: 24
[04:53:27] 最近10个episodes平均: 33990.02
[04:53:27] 各Agent奖励:
[04:53:27]   wind      : 9888.832
[04:53:27]   solar     : 2409.200
[04:53:27]   diesel    : 25849.712
[04:53:27]   battery   :   23.649
[04:53:27]   customer  : -394.426
[04:53:27] Buffer大小:   408
[04:53:27] 噪声水平: 0.0983
[04:53:27] 
动作统计:
[04:53:27]   wind      : mean= 0.931, std= 0.078, min= 0.725, max= 1.000
[04:53:27]   solar     : mean= 0.938, std= 0.073, min= 0.803, max= 1.000
[04:53:27]   diesel    : mean= 0.003, std= 0.946, min=-1.000, max= 1.000
[04:53:27]   battery   : mean= 0.646, std= 0.298, min= 0.238, max= 1.000
[04:53:27]   customer  : mean=-0.164, std= 0.075, min=-0.296, max=-0.008
[04:53:27] 
======================================================================
[04:53:27] Episode 13/200
[04:53:27] ======================================================================
[04:53:27] 总奖励: 13394.08 | 步数: 24
[04:53:27] 最近10个episodes平均: 33953.23
[04:53:27] 各Agent奖励:
[04:53:27]   wind      : 5608.545
[04:53:27]   solar     : 4004.585
[04:53:27]   diesel    : 3908.981
[04:53:27]   battery   :   28.690
[04:53:27]   customer  : -156.722
[04:53:27] Buffer大小:   432
[04:53:27] 噪声水平: 0.0982
[04:53:27] 
动作统计:
[04:53:27]   wind      : mean= 0.960, std= 0.062, min= 0.777, max= 1.000
[04:53:27]   solar     : mean= 0.956, std= 0.063, min= 0.758, max= 1.000
[04:53:27]   diesel    : mean=-0.000, std= 0.963, min=-1.000, max= 1.000
[04:53:27]   battery   : mean= 0.716, std= 0.263, min= 0.152, max= 1.000
[04:53:27]   customer  : mean= 0.117, std= 0.092, min=-0.036, max= 0.289
[04:53:27] 
======================================================================
[04:53:27] Episode 14/200
[04:53:27] ======================================================================
[04:53:27] 总奖励: -1181.03 | 步数: 24
[04:53:27] 最近10个episodes平均: 32289.74
[04:53:27] 各Agent奖励:
[04:53:27]   wind      : 1340.833
[04:53:27]   solar     :    0.000
[04:53:27]   diesel    : -2479.355
[04:53:27]   battery   :   32.485
[04:53:27]   customer  :  -74.991
[04:53:27] Buffer大小:   456
[04:53:27] 噪声水平: 0.0981
[04:53:27] 
动作统计:
[04:53:27]   wind      : mean= 0.964, std= 0.050, min= 0.820, max= 1.000
[04:53:27]   solar     : mean= 0.967, std= 0.046, min= 0.855, max= 1.000
[04:53:27]   diesel    : mean= 0.009, std= 0.966, min=-1.000, max= 1.000
[04:53:27]   battery   : mean= 0.746, std= 0.216, min= 0.344, max= 1.000
[04:53:27]   customer  : mean= 0.307, std= 0.112, min= 0.088, max= 0.526
[04:53:27] 
======================================================================
[04:53:27] Episode 15/200
[04:53:27] ======================================================================
[04:53:27] 总奖励: -24433.40 | 步数: 24
[04:53:27] 最近10个episodes平均: 27969.54
[04:53:27] 各Agent奖励:
[04:53:27]   wind      :    0.000
[04:53:27]   solar     :    0.000
[04:53:27]   diesel    : -24588.169
[04:53:27]   battery   :    5.513
[04:53:27]   customer  :  149.253
[04:53:27] Buffer大小:   480
[04:53:27] 噪声水平: 0.0980
[04:53:27] 
动作统计:
[04:53:27]   wind      : mean= 0.974, std= 0.037, min= 0.896, max= 1.000
[04:53:27]   solar     : mean= 0.955, std= 0.051, min= 0.833, max= 1.000
[04:53:27]   diesel    : mean= 0.012, std= 0.963, min=-1.000, max= 1.000
[04:53:27]   battery   : mean= 0.769, std= 0.207, min= 0.372, max= 1.000
[04:53:27]   customer  : mean= 0.491, std= 0.129, min= 0.227, max= 0.796
[04:53:28] 
======================================================================
[04:53:28] Episode 16/200
[04:53:28] ======================================================================
[04:53:28] 总奖励: -24549.27 | 步数: 24
[04:53:28] 最近10个episodes平均: 22437.47
[04:53:28] 各Agent奖励:
[04:53:28]   wind      :    0.000
[04:53:28]   solar     :    0.000
[04:53:28]   diesel    : -24672.990
[04:53:28]   battery   :    0.000
[04:53:28]   customer  :  123.725
[04:53:28] Buffer大小:   504
[04:53:28] 噪声水平: 0.0979
[04:53:28] 
动作统计:
[04:53:28]   wind      : mean= 0.942, std= 0.060, min= 0.813, max= 1.000
[04:53:28]   solar     : mean= 0.954, std= 0.061, min= 0.778, max= 1.000
[04:53:28]   diesel    : mean= 0.009, std= 0.974, min=-1.000, max= 1.000
[04:53:28]   battery   : mean= 0.791, std= 0.171, min= 0.446, max= 1.000
[04:53:28]   customer  : mean= 0.647, std= 0.112, min= 0.382, max= 0.836
[04:53:28] 
======================================================================
[04:53:28] Episode 17/200
[04:53:28] ======================================================================
[04:53:28] 总奖励: -12369.82 | 步数: 24
[04:53:28] 最近10个episodes平均: 16746.08
[04:53:28] 各Agent奖励:
[04:53:28]   wind      :    0.000
[04:53:28]   solar     :    0.000
[04:53:28]   diesel    : -12336.771
[04:53:28]   battery   :    0.000
[04:53:28]   customer  :  -33.049
[04:53:28] Buffer大小:   528
[04:53:28] 噪声水平: 0.0978
[04:53:28] 
动作统计:
[04:53:28]   wind      : mean= 0.957, std= 0.065, min= 0.771, max= 1.000
[04:53:28]   solar     : mean= 0.946, std= 0.058, min= 0.798, max= 1.000
[04:53:28]   diesel    : mean= 0.003, std= 0.939, min=-1.000, max= 1.000
[04:53:28]   battery   : mean= 0.800, std= 0.181, min= 0.431, max= 1.000
[04:53:28]   customer  : mean= 0.806, std= 0.110, min= 0.505, max= 1.000
[04:53:28] 
======================================================================
[04:53:28] Episode 18/200
[04:53:28] ======================================================================
[04:53:28] 总奖励: -9930.26 | 步数: 24
[04:53:28] 最近10个episodes平均: 10612.61
[04:53:28] 各Agent奖励:
[04:53:28]   wind      :    0.000
[04:53:28]   solar     :    0.000
[04:53:28]   diesel    : -9863.294
[04:53:28]   battery   :    0.000
[04:53:28]   customer  :  -66.962
[04:53:28] Buffer大小:   552
[04:53:28] 噪声水平: 0.0977
[04:53:28] 
动作统计:
[04:53:28]   wind      : mean= 0.958, std= 0.050, min= 0.855, max= 1.000
[04:53:28]   solar     : mean= 0.947, std= 0.075, min= 0.751, max= 1.000
[04:53:28]   diesel    : mean=-0.003, std= 0.974, min=-1.000, max= 1.000
[04:53:28]   battery   : mean= 0.795, std= 0.172, min= 0.456, max= 1.000
[04:53:28]   customer  : mean= 0.866, std= 0.087, min= 0.671, max= 1.000
[04:53:28] 
======================================================================
[04:53:28] Episode 19/200
[04:53:28] ======================================================================
[04:53:28] 总奖励: -6038.24 | 步数: 24
[04:53:28] 最近10个episodes平均:  4940.64
[04:53:28] 各Agent奖励:
[04:53:28]   wind      :    0.000
[04:53:28]   solar     :    0.000
[04:53:28]   diesel    : -5921.950
[04:53:28]   battery   :    0.000
[04:53:28]   customer  : -116.291
[04:53:28] Buffer大小:   576
[04:53:28] 噪声水平: 0.0976
[04:53:28] 
动作统计:
[04:53:28]   wind      : mean= 0.964, std= 0.047, min= 0.856, max= 1.000
[04:53:28]   solar     : mean= 0.952, std= 0.063, min= 0.761, max= 1.000
[04:53:28]   diesel    : mean=-0.002, std= 0.962, min=-1.000, max= 1.000
[04:53:28]   battery   : mean= 0.778, std= 0.193, min= 0.432, max= 1.000
[04:53:28]   customer  : mean= 0.906, std= 0.084, min= 0.738, max= 1.000
[04:53:28] 
======================================================================
[04:53:28] Episode 20/200
[04:53:28] ======================================================================
[04:53:28] 总奖励: -4253.13 | 步数: 24
[04:53:28] 最近10个episodes平均:   170.55
[04:53:28] 各Agent奖励:
[04:53:28]   wind      :    0.000
[04:53:28]   solar     :    0.000
[04:53:28]   diesel    : -4117.474
[04:53:28]   battery   :    0.000
[04:53:28]   customer  : -135.660
[04:53:28] Buffer大小:   600
[04:53:28] 噪声水平: 0.0975
[04:53:28] 
动作统计:
[04:53:28]   wind      : mean= 0.958, std= 0.063, min= 0.793, max= 1.000
[04:53:28]   solar     : mean= 0.965, std= 0.067, min= 0.752, max= 1.000
[04:53:28]   diesel    : mean= 0.009, std= 0.968, min=-1.000, max= 1.000
[04:53:28]   battery   : mean= 0.777, std= 0.214, min= 0.291, max= 1.000
[04:53:28]   customer  : mean= 0.945, std= 0.069, min= 0.789, max= 1.000
[04:53:28] 
📊 生成可视化图表...
[04:53:29]   ✓ 训练曲线: debug_plots/training_ep0020.png
[04:53:29]   ✓ Agent分析: debug_plots/agents_ep0020.png
[04:53:29] 
======================================================================
[04:53:29] Episode 21/200
[04:53:29] ======================================================================
[04:53:29] 总奖励: -3324.93 | 步数: 24
[04:53:29] 最近10个episodes平均: -3490.90
[04:53:29] 各Agent奖励:
[04:53:29]   wind      :    0.000
[04:53:29]   solar     :    0.000
[04:53:29]   diesel    : -3178.000
[04:53:29]   battery   :    0.000
[04:53:29]   customer  : -146.926
[04:53:29] Buffer大小:   624
[04:53:29] 噪声水平: 0.0974
[04:53:29] 
动作统计:
[04:53:29]   wind      : mean= 0.965, std= 0.057, min= 0.785, max= 1.000
[04:53:29]   solar     : mean= 0.952, std= 0.059, min= 0.819, max= 1.000
[04:53:29]   diesel    : mean= 0.006, std= 0.959, min=-1.000, max= 1.000
[04:53:29]   battery   : mean= 0.728, std= 0.246, min= 0.332, max= 1.000
[04:53:29]   customer  : mean= 0.940, std= 0.062, min= 0.824, max= 1.000
[04:53:29] 
======================================================================
[04:53:29] Episode 22/200
[04:53:29] ======================================================================
[04:53:29] 总奖励: -3026.29 | 步数: 24
[04:53:29] 最近10个episodes平均: -7571.23
[04:53:29] 各Agent奖励:
[04:53:29]   wind      :    0.000
[04:53:29]   solar     :    0.000
[04:53:29]   diesel    : -2871.813
[04:53:29]   battery   :    0.000
[04:53:29]   customer  : -154.475
[04:53:29] Buffer大小:   648
[04:53:29] 噪声水平: 0.0973
[04:53:29] 
动作统计:
[04:53:29]   wind      : mean= 0.955, std= 0.054, min= 0.823, max= 1.000
[04:53:29]   solar     : mean= 0.971, std= 0.052, min= 0.808, max= 1.000
[04:53:29]   diesel    : mean=-0.014, std= 0.956, min=-1.000, max= 1.000
[04:53:29]   battery   : mean= 0.678, std= 0.262, min= 0.248, max= 1.000
[04:53:29]   customer  : mean= 0.955, std= 0.055, min= 0.827, max= 1.000
[04:53:29] 
======================================================================
[04:53:29] Episode 23/200
[04:53:29] ======================================================================
[04:53:29] 总奖励: -5211.65 | 步数: 24
[04:53:29] 最近10个episodes平均: -9431.80
[04:53:29] 各Agent奖励:
[04:53:29]   wind      :    0.000
[04:53:29]   solar     :    0.000
[04:53:29]   diesel    : -5081.727
[04:53:29]   battery   :    0.000
[04:53:29]   customer  : -129.927
[04:53:29] Buffer大小:   672
[04:53:29] 噪声水平: 0.0972
[04:53:29] 
动作统计:
[04:53:29]   wind      : mean= 0.972, std= 0.039, min= 0.849, max= 1.000
[04:53:29]   solar     : mean= 0.962, std= 0.049, min= 0.867, max= 1.000
[04:53:29]   diesel    : mean=-0.003, std= 0.963, min=-1.000, max= 1.000
[04:53:29]   battery   : mean= 0.625, std= 0.320, min= 0.147, max= 1.000
[04:53:29]   customer  : mean= 0.926, std= 0.086, min= 0.662, max= 1.000
[04:53:29] 
======================================================================
[04:53:29] Episode 24/200
[04:53:29] ======================================================================
[04:53:29] 总奖励: -3341.47 | 步数: 24
[04:53:29] 最近10个episodes平均: -9647.85
[04:53:29] 各Agent奖励:
[04:53:29]   wind      :    0.000
[04:53:29]   solar     :    0.000
[04:53:29]   diesel    : -3189.282
[04:53:29]   battery   :    0.000
[04:53:29]   customer  : -152.186
[04:53:29] Buffer大小:   696
[04:53:29] 噪声水平: 0.0971
[04:53:29] 
动作统计:
[04:53:29]   wind      : mean= 0.977, std= 0.032, min= 0.901, max= 1.000
[04:53:29]   solar     : mean= 0.971, std= 0.047, min= 0.811, max= 1.000
[04:53:29]   diesel    : mean= 0.014, std= 0.958, min=-1.000, max= 1.000
[04:53:29]   battery   : mean= 0.599, std= 0.365, min= 0.033, max= 1.000
[04:53:29]   customer  : mean= 0.956, std= 0.053, min= 0.846, max= 1.000
[04:53:29] 
======================================================================
[04:53:29] Episode 25/200
[04:53:29] ======================================================================
[04:53:29] 总奖励: -3138.60 | 步数: 24
[04:53:29] 最近10个episodes平均: -7518.36
[04:53:29] 各Agent奖励:
[04:53:29]   wind      :    0.000
[04:53:29]   solar     :    0.000
[04:53:29]   diesel    : -2986.099
[04:53:29]   battery   :    0.000
[04:53:29]   customer  : -152.496
[04:53:29] Buffer大小:   720
[04:53:29] 噪声水平: 0.0970
[04:53:29] 
动作统计:
[04:53:29]   wind      : mean= 0.966, std= 0.046, min= 0.814, max= 1.000
[04:53:29]   solar     : mean= 0.971, std= 0.047, min= 0.834, max= 1.000
[04:53:29]   diesel    : mean= 0.007, std= 0.956, min=-1.000, max= 1.000
[04:53:29]   battery   : mean= 0.545, std= 0.410, min=-0.064, max= 1.000
[04:53:29]   customer  : mean= 0.960, std= 0.051, min= 0.818, max= 1.000
[04:53:30] 
======================================================================
[04:53:30] Episode 26/200
[04:53:30] ======================================================================
[04:53:30] 总奖励: -2880.48 | 步数: 24
[04:53:30] 最近10个episodes平均: -5351.49
[04:53:30] 各Agent奖励:
[04:53:30]   wind      :    0.000
[04:53:30]   solar     :    0.000
[04:53:30]   diesel    : -2722.365
[04:53:30]   battery   :    0.000
[04:53:30]   customer  : -158.111
[04:53:30] Buffer大小:   744
[04:53:30] 噪声水平: 0.0969
[04:53:30] 
动作统计:
[04:53:30]   wind      : mean= 0.953, std= 0.070, min= 0.738, max= 1.000
[04:53:30]   solar     : mean= 0.953, std= 0.057, min= 0.817, max= 1.000
[04:53:30]   diesel    : mean=-0.004, std= 0.964, min=-1.000, max= 1.000
[04:53:30]   battery   : mean= 0.499, std= 0.478, min=-0.170, max= 1.000
[04:53:30]   customer  : mean= 0.956, std= 0.065, min= 0.793, max= 1.000
[04:53:30] 
======================================================================
[04:53:30] Episode 27/200
[04:53:30] ======================================================================
[04:53:30] 总奖励: -2503.14 | 步数: 24
[04:53:30] 最近10个episodes平均: -4364.82
[04:53:30] 各Agent奖励:
[04:53:30]   wind      :    0.000
[04:53:30]   solar     :    0.000
[04:53:30]   diesel    : -2340.268
[04:53:30]   battery   :    0.000
[04:53:30]   customer  : -162.871
[04:53:30] Buffer大小:   768
[04:53:30] 噪声水平: 0.0968
[04:53:30] 
动作统计:
[04:53:30]   wind      : mean= 0.968, std= 0.042, min= 0.869, max= 1.000
[04:53:30]   solar     : mean= 0.961, std= 0.048, min= 0.867, max= 1.000
[04:53:30]   diesel    : mean=-0.009, std= 0.962, min=-1.000, max= 1.000
[04:53:30]   battery   : mean= 0.439, std= 0.530, min=-0.247, max= 1.000
[04:53:30]   customer  : mean= 0.968, std= 0.037, min= 0.869, max= 1.000
[04:53:30] 
======================================================================
[04:53:30] Episode 28/200
[04:53:30] ======================================================================
[04:53:30] 总奖励: -3498.68 | 步数: 24
[04:53:30] 最近10个episodes平均: -3721.66
[04:53:30] 各Agent奖励:
[04:53:30]   wind      :    0.000
[04:53:30]   solar     :    0.000
[04:53:30]   diesel    : -3356.298
[04:53:30]   battery   :    0.000
[04:53:30]   customer  : -142.379
[04:53:30] Buffer大小:   792
[04:53:30] 噪声水平: 0.0968
[04:53:30] 
动作统计:
[04:53:30]   wind      : mean= 0.949, std= 0.054, min= 0.791, max= 1.000
[04:53:30]   solar     : mean= 0.952, std= 0.053, min= 0.825, max= 1.000
[04:53:30]   diesel    : mean= 0.009, std= 0.972, min=-1.000, max= 1.000
[04:53:30]   battery   : mean= 0.408, std= 0.570, min=-0.463, max= 1.000
[04:53:30]   customer  : mean= 0.937, std= 0.057, min= 0.824, max= 1.000
[04:53:30] 
======================================================================
[04:53:30] Episode 29/200
[04:53:30] ======================================================================
[04:53:30] 总奖励: -3138.18 | 步数: 24
[04:53:30] 最近10个episodes平均: -3431.65
[04:53:30] 各Agent奖励:
[04:53:30]   wind      :    0.000
[04:53:30]   solar     :    0.000
[04:53:30]   diesel    : -2980.612
[04:53:30]   battery   :    0.000
[04:53:30]   customer  : -157.568
[04:53:30] Buffer大小:   816
[04:53:30] 噪声水平: 0.0967
[04:53:30] 
动作统计:
[04:53:30]   wind      : mean= 0.970, std= 0.026, min= 0.924, max= 1.000
[04:53:30]   solar     : mean= 0.948, std= 0.070, min= 0.697, max= 1.000
[04:53:30]   diesel    : mean=-0.001, std= 0.964, min=-1.000, max= 1.000
[04:53:30]   battery   : mean= 0.388, std= 0.597, min=-0.425, max= 1.000
[04:53:30]   customer  : mean= 0.959, std= 0.063, min= 0.792, max= 1.000
[04:53:30] 
======================================================================
[04:53:30] Episode 30/200
[04:53:30] ======================================================================
[04:53:30] 总奖励: -3947.40 | 步数: 24
[04:53:30] 最近10个episodes平均: -3401.08
[04:53:30] 各Agent奖励:
[04:53:30]   wind      :    0.000
[04:53:30]   solar     :    0.000
[04:53:30]   diesel    : -3802.038
[04:53:30]   battery   :    0.000
[04:53:30]   customer  : -145.359
[04:53:30] Buffer大小:   840
[04:53:30] 噪声水平: 0.0966
[04:53:30] 
动作统计:
[04:53:30]   wind      : mean= 0.956, std= 0.063, min= 0.743, max= 1.000
[04:53:30]   solar     : mean= 0.948, std= 0.065, min= 0.784, max= 1.000
[04:53:30]   diesel    : mean= 0.016, std= 0.961, min=-1.000, max= 1.000
[04:53:30]   battery   : mean= 0.344, std= 0.634, min=-0.512, max= 1.000
[04:53:30]   customer  : mean= 0.949, std= 0.068, min= 0.710, max= 1.000
[04:53:30] 
📊 生成可视化图表...
[04:53:31]   ✓ 训练曲线: debug_plots/training_ep0030.png
[04:53:31]   ✓ Agent分析: debug_plots/agents_ep0030.png
[04:53:31] 
======================================================================
[04:53:31] Episode 31/200
[04:53:31] ======================================================================
[04:53:31] 总奖励: -1408.97 | 步数: 24
[04:53:31] 最近10个episodes平均: -3209.48
[04:53:31] 各Agent奖励:
[04:53:31]   wind      :    0.000
[04:53:31]   solar     :    0.000
[04:53:31]   diesel    : -1234.252
[04:53:31]   battery   :    0.000
[04:53:31]   customer  : -174.722
[04:53:31] Buffer大小:   864
[04:53:31] 噪声水平: 0.0965
[04:53:31] 
动作统计:
[04:53:31]   wind      : mean= 0.937, std= 0.075, min= 0.730, max= 1.000
[04:53:31]   solar     : mean= 0.945, std= 0.055, min= 0.823, max= 1.000
[04:53:31]   diesel    : mean=-0.005, std= 0.953, min=-1.000, max= 1.000
[04:53:31]   battery   : mean= 0.326, std= 0.661, min=-0.629, max= 1.000
[04:53:31]   customer  : mean= 0.983, std= 0.039, min= 0.839, max= 1.000
[04:53:31] 
======================================================================
[04:53:31] Episode 32/200
[04:53:31] ======================================================================
[04:53:31] 总奖励: -3910.66 | 步数: 24
[04:53:31] 最近10个episodes平均: -3297.92
[04:53:31] 各Agent奖励:
[04:53:31]   wind      :    0.000
[04:53:31]   solar     :    0.000
[04:53:31]   diesel    : -3765.807
[04:53:31]   battery   :    0.000
[04:53:31]   customer  : -144.851
[04:53:31] Buffer大小:   888
[04:53:31] 噪声水平: 0.0964
[04:53:31] 
动作统计:
[04:53:31]   wind      : mean= 0.967, std= 0.062, min= 0.789, max= 1.000
[04:53:31]   solar     : mean= 0.963, std= 0.055, min= 0.822, max= 1.000
[04:53:31]   diesel    : mean= 0.002, std= 0.963, min=-1.000, max= 1.000
[04:53:31]   battery   : mean= 0.333, std= 0.646, min=-0.564, max= 1.000
[04:53:31]   customer  : mean= 0.942, std= 0.076, min= 0.757, max= 1.000
[04:53:31] 
======================================================================
[04:53:31] Episode 33/200
[04:53:31] ======================================================================
[04:53:31] 总奖励: -3134.44 | 步数: 24
[04:53:31] 最近10个episodes平均: -3090.20
[04:53:31] 各Agent奖励:
[04:53:31]   wind      :    0.000
[04:53:31]   solar     :    0.000
[04:53:31]   diesel    : -2975.762
[04:53:31]   battery   :    0.000
[04:53:31]   customer  : -158.681
[04:53:31] Buffer大小:   912
[04:53:31] 噪声水平: 0.0963
[04:53:31] 
动作统计:
[04:53:31]   wind      : mean= 0.967, std= 0.039, min= 0.890, max= 1.000
[04:53:31]   solar     : mean= 0.965, std= 0.071, min= 0.726, max= 1.000
[04:53:31]   diesel    : mean=-0.005, std= 0.972, min=-1.000, max= 1.000
[04:53:31]   battery   : mean= 0.323, std= 0.656, min=-0.538, max= 1.000
[04:53:31]   customer  : mean= 0.960, std= 0.049, min= 0.849, max= 1.000
[04:53:32] 
======================================================================
[04:53:32] Episode 34/200
[04:53:32] ======================================================================
[04:53:32] 总奖励: -3652.14 | 步数: 24
[04:53:32] 最近10个episodes平均: -3121.27
[04:53:32] 各Agent奖励:
[04:53:32]   wind      :    0.000
[04:53:32]   solar     :    0.000
[04:53:32]   diesel    : -3507.499
[04:53:32]   battery   :    0.000
[04:53:32]   customer  : -144.639
[04:53:32] Buffer大小:   936
[04:53:32] 噪声水平: 0.0962
[04:53:32] 
动作统计:
[04:53:32]   wind      : mean= 0.962, std= 0.049, min= 0.817, max= 1.000
[04:53:32]   solar     : mean= 0.963, std= 0.047, min= 0.831, max= 1.000
[04:53:32]   diesel    : mean=-0.001, std= 0.962, min=-1.000, max= 1.000
[04:53:32]   battery   : mean= 0.330, std= 0.647, min=-0.497, max= 1.000
[04:53:32]   customer  : mean= 0.947, std= 0.051, min= 0.852, max= 1.000
[04:53:32] 
======================================================================
[04:53:32] Episode 35/200
[04:53:32] ======================================================================
[04:53:32] 总奖励: -3871.73 | 步数: 24
[04:53:32] 最近10个episodes平均: -3194.58
[04:53:32] 各Agent奖励:
[04:53:32]   wind      :    0.000
[04:53:32]   solar     :    0.000
[04:53:32]   diesel    : -3724.970
[04:53:32]   battery   :    0.000
[04:53:32]   customer  : -146.760
[04:53:32] Buffer大小:   960
[04:53:32] 噪声水平: 0.0961
[04:53:32] 
动作统计:
[04:53:32]   wind      : mean= 0.964, std= 0.060, min= 0.777, max= 1.000
[04:53:32]   solar     : mean= 0.867, std= 0.093, min= 0.658, max= 1.000
[04:53:32]   diesel    : mean= 0.008, std= 0.958, min=-1.000, max= 1.000
[04:53:32]   battery   : mean= 0.314, std= 0.659, min=-0.618, max= 1.000
[04:53:32]   customer  : mean= 0.941, std= 0.065, min= 0.789, max= 1.000
[04:53:32] 
======================================================================
[04:53:32] Episode 36/200
[04:53:32] ======================================================================
[04:53:32] 总奖励: -2156.32 | 步数: 24
[04:53:32] 最近10个episodes平均: -3122.17
[04:53:32] 各Agent奖励:
[04:53:32]   wind      :    0.000
[04:53:32]   solar     :    0.000
[04:53:32]   diesel    : -1990.305
[04:53:32]   battery   :    0.000
[04:53:32]   customer  : -166.016
[04:53:32] Buffer大小:   984
[04:53:32] 噪声水平: 0.0960
[04:53:32] 
动作统计:
[04:53:32]   wind      : mean= 0.959, std= 0.055, min= 0.805, max= 1.000
[04:53:32]   solar     : mean= 0.804, std= 0.105, min= 0.603, max= 0.961
[04:53:32]   diesel    : mean= 0.018, std= 0.960, min=-1.000, max= 1.000
[04:53:32]   battery   : mean= 0.310, std= 0.656, min=-0.563, max= 1.000
[04:53:32]   customer  : mean= 0.969, std= 0.052, min= 0.823, max= 1.000
[04:53:32] 
======================================================================
[04:53:32] Episode 37/200
[04:53:32] ======================================================================
[04:53:32] 总奖励: -2773.77 | 步数: 24
[04:53:32] 最近10个episodes平均: -3149.23
[04:53:32] 各Agent奖励:
[04:53:32]   wind      :    0.000
[04:53:32]   solar     :    0.000
[04:53:32]   diesel    : -2608.519
[04:53:32]   battery   :    0.000
[04:53:32]   customer  : -165.255
[04:53:32] Buffer大小:  1008
[04:53:32] 噪声水平: 0.0959
[04:53:32] 
动作统计:
[04:53:32]   wind      : mean= 0.957, std= 0.065, min= 0.773, max= 1.000
[04:53:32]   solar     : mean= 0.488, std= 0.114, min= 0.203, max= 0.727
[04:53:32]   diesel    : mean=-0.012, std= 0.965, min=-1.000, max= 1.000
[04:53:32]   battery   : mean= 0.319, std= 0.663, min=-0.640, max= 1.000
[04:53:32]   customer  : mean= 0.958, std= 0.058, min= 0.798, max= 1.000
[04:53:32] 
======================================================================
[04:53:32] Episode 38/200
[04:53:32] ======================================================================
[04:53:32] 总奖励: -8018.33 | 步数: 24
[04:53:32] 最近10个episodes平均: -3601.19
[04:53:32] 各Agent奖励:
[04:53:32]   wind      :    0.000
[04:53:32]   solar     :    0.000
[04:53:32]   diesel    : -7925.784
[04:53:32]   battery   :    0.000
[04:53:32]   customer  :  -92.547
[04:53:32] Buffer大小:  1032
[04:53:32] 噪声水平: 0.0958
[04:53:32] 
动作统计:
[04:53:32]   wind      : mean= 0.933, std= 0.063, min= 0.759, max= 1.000
[04:53:32]   solar     : mean= 0.177, std= 0.082, min= 0.017, max= 0.381
[04:53:32]   diesel    : mean=-0.008, std= 0.955, min=-1.000, max= 1.000
[04:53:32]   battery   : mean= 0.331, std= 0.654, min=-0.629, max= 1.000
[04:53:32]   customer  : mean= 0.869, std= 0.100, min= 0.611, max= 1.000
[04:53:32] 
======================================================================
[04:53:32] Episode 39/200
[04:53:32] ======================================================================
[04:53:32] 总奖励: -12693.33 | 步数: 24
[04:53:32] 最近10个episodes平均: -4556.71
[04:53:32] 各Agent奖励:
[04:53:32]   wind      :    0.000
[04:53:32]   solar     :    0.000
[04:53:32]   diesel    : -12659.619
[04:53:32]   battery   :    0.000
[04:53:32]   customer  :  -33.711
[04:53:32] Buffer大小:  1056
[04:53:32] 噪声水平: 0.0957
[04:53:32] 
动作统计:
[04:53:32]   wind      : mean= 0.960, std= 0.057, min= 0.832, max= 1.000
[04:53:32]   solar     : mean=-0.247, std= 0.125, min=-0.435, max=-0.008
[04:53:32]   diesel    : mean= 0.004, std= 0.957, min=-1.000, max= 1.000
[04:53:32]   battery   : mean= 0.347, std= 0.618, min=-0.668, max= 1.000
[04:53:32]   customer  : mean= 0.796, std= 0.106, min= 0.619, max= 1.000
[04:53:32] 
======================================================================
[04:53:32] Episode 40/200
[04:53:32] ======================================================================
[04:53:32] 总奖励: -17901.85 | 步数: 24
[04:53:32] 最近10个episodes平均: -5952.15
[04:53:32] 各Agent奖励:
[04:53:32]   wind      :    0.000
[04:53:32]   solar     :    0.000
[04:53:32]   diesel    : -17945.105
[04:53:32]   battery   :    0.000
[04:53:32]   customer  :   43.258
[04:53:32] Buffer大小:  1080
[04:53:32] 噪声水平: 0.0956
[04:53:32] 
动作统计:
[04:53:32]   wind      : mean= 0.973, std= 0.044, min= 0.829, max= 1.000
[04:53:32]   solar     : mean=-0.528, std= 0.128, min=-0.857, max=-0.350
[04:53:32]   diesel    : mean= 0.005, std= 0.961, min=-1.000, max= 1.000
[04:53:32]   battery   : mean= 0.358, std= 0.611, min=-0.648, max= 1.000
[04:53:32]   customer  : mean= 0.685, std= 0.121, min= 0.420, max= 0.901
[04:53:32] 
📊 生成可视化图表...
[04:53:33]   ✓ 训练曲线: debug_plots/training_ep0040.png
[04:53:33]   ✓ Agent分析: debug_plots/agents_ep0040.png
[04:53:33] 
======================================================================
[04:53:33] Episode 41/200
[04:53:33] ======================================================================
[04:53:33] 总奖励: -26395.30 | 步数: 24
[04:53:33] 最近10个episodes平均: -8450.79
[04:53:33] 各Agent奖励:
[04:53:33]   wind      :    0.000
[04:53:33]   solar     :    0.000
[04:53:33]   diesel    : -26549.804
[04:53:33]   battery   :    0.000
[04:53:33]   customer  :  154.501
[04:53:33] Buffer大小:  1104
[04:53:33] 噪声水平: 0.0955
[04:53:33] 
动作统计:
[04:53:33]   wind      : mean= 0.966, std= 0.037, min= 0.849, max= 1.000
[04:53:33]   solar     : mean=-0.701, std= 0.096, min=-0.930, max=-0.540
[04:53:33]   diesel    : mean= 0.004, std= 0.969, min=-1.000, max= 1.000
[04:53:33]   battery   : mean= 0.399, std= 0.576, min=-0.414, max= 1.000
[04:53:33]   customer  : mean= 0.539, std= 0.170, min= 0.271, max= 0.842
[04:53:33] 
======================================================================
[04:53:33] Episode 42/200
[04:53:33] ======================================================================
[04:53:33] 总奖励: -29965.42 | 步数: 24
[04:53:33] 最近10个episodes平均: -11056.26
[04:53:33] 各Agent奖励:
[04:53:33]   wind      :    0.000
[04:53:33]   solar     : -715.865
[04:53:33]   diesel    : -29443.260
[04:53:33]   battery   :    0.000
[04:53:33]   customer  :  193.709
[04:53:33] Buffer大小:  1128
[04:53:33] 噪声水平: 0.0954
[04:53:33] 
动作统计:
[04:53:33]   wind      : mean= 0.968, std= 0.039, min= 0.855, max= 1.000
[04:53:33]   solar     : mean=-0.809, std= 0.088, min=-1.000, max=-0.645
[04:53:33]   diesel    : mean= 0.000, std= 0.973, min=-1.000, max= 1.000
[04:53:33]   battery   : mean= 0.403, std= 0.584, min=-0.485, max= 1.000
[04:53:33]   customer  : mean= 0.489, std= 0.199, min= 0.176, max= 0.869
[04:53:33] 
======================================================================
[04:53:33] Episode 43/200
[04:53:33] ======================================================================
[04:53:33] 总奖励: -32518.70 | 步数: 24
[04:53:33] 最近10个episodes平均: -13994.69
[04:53:33] 各Agent奖励:
[04:53:33]   wind      :    0.000
[04:53:33]   solar     : -5264.599
[04:53:33]   diesel    : -27467.525
[04:53:33]   battery   :    0.000
[04:53:33]   customer  :  213.419
[04:53:33] Buffer大小:  1152
[04:53:33] 噪声水平: 0.0953
[04:53:33] 
动作统计:
[04:53:33]   wind      : mean= 0.951, std= 0.070, min= 0.736, max= 1.000
[04:53:33]   solar     : mean=-0.881, std= 0.092, min=-1.000, max=-0.728
[04:53:33]   diesel    : mean= 0.003, std= 0.959, min=-1.000, max= 1.000
[04:53:33]   battery   : mean= 0.404, std= 0.565, min=-0.423, max= 1.000
[04:53:33]   customer  : mean= 0.432, std= 0.233, min= 0.006, max= 0.842
[04:53:34] 
======================================================================
[04:53:34] Episode 44/200
[04:53:34] ======================================================================
[04:53:34] 总奖励: -35333.03 | 步数: 24
[04:53:34] 最近10个episodes平均: -17162.78
[04:53:34] 各Agent奖励:
[04:53:34]   wind      :    0.000
[04:53:34]   solar     : -3435.951
[04:53:34]   diesel    : -32158.646
[04:53:34]   battery   :    0.000
[04:53:34]   customer  :  261.566
[04:53:34] Buffer大小:  1176
[04:53:34] 噪声水平: 0.0952
[04:53:34] 
动作统计:
[04:53:34]   wind      : mean= 0.952, std= 0.056, min= 0.814, max= 1.000
[04:53:34]   solar     : mean=-0.899, std= 0.071, min=-1.000, max=-0.776
[04:53:34]   diesel    : mean=-0.001, std= 0.962, min=-1.000, max= 1.000
[04:53:34]   battery   : mean= 0.411, std= 0.547, min=-0.359, max= 1.000
[04:53:34]   customer  : mean= 0.358, std= 0.256, min=-0.135, max= 0.756
[04:53:34] 
======================================================================
[04:53:34] Episode 45/200
[04:53:34] ======================================================================
[04:53:34] 总奖励: -32832.67 | 步数: 24
[04:53:34] 最近10个episodes平均: -20058.87
[04:53:34] 各Agent奖励:
[04:53:34]   wind      :    0.000
[04:53:34]   solar     : -5311.512
[04:53:34]   diesel    : -27750.998
[04:53:34]   battery   :    0.080
[04:53:34]   customer  :  229.761
[04:53:34] Buffer大小:  1200
[04:53:34] 噪声水平: 0.0951
[04:53:34] 
动作统计:
[04:53:34]   wind      : mean= 0.958, std= 0.055, min= 0.804, max= 1.000
[04:53:34]   solar     : mean=-0.960, std= 0.075, min=-1.000, max=-0.720
[04:53:34]   diesel    : mean=-0.007, std= 0.950, min=-1.000, max= 1.000
[04:53:34]   battery   : mean= 0.425, std= 0.538, min=-0.483, max= 1.000
[04:53:34]   customer  : mean= 0.362, std= 0.258, min=-0.134, max= 0.770
[04:53:34] 
======================================================================
[04:53:34] Episode 46/200
[04:53:34] ======================================================================
[04:53:34] 总奖励: -36502.77 | 步数: 24
[04:53:34] 最近10个episodes平均: -23493.52
[04:53:34] 各Agent奖励:
[04:53:34]   wind      :    0.000
[04:53:34]   solar     : -5675.929
[04:53:34]   diesel    : -31092.278
[04:53:34]   battery   :    0.000
[04:53:34]   customer  :  265.433
[04:53:34] Buffer大小:  1224
[04:53:34] 噪声水平: 0.0950
[04:53:34] 
动作统计:
[04:53:34]   wind      : mean= 0.954, std= 0.069, min= 0.789, max= 1.000
[04:53:34]   solar     : mean=-0.930, std= 0.071, min=-1.000, max=-0.788
[04:53:34]   diesel    : mean= 0.009, std= 0.973, min=-1.000, max= 1.000
[04:53:34]   battery   : mean= 0.426, std= 0.558, min=-0.407, max= 1.000
[04:53:34]   customer  : mean= 0.359, std= 0.268, min=-0.098, max= 0.772
[04:53:34] 
======================================================================
[04:53:34] Episode 47/200
[04:53:34] ======================================================================
[04:53:34] 总奖励: -32884.40 | 步数: 24
[04:53:34] 最近10个episodes平均: -26504.58
[04:53:34] 各Agent奖励:
[04:53:34]   wind      :    0.000
[04:53:34]   solar     : -5746.615
[04:53:34]   diesel    : -27362.383
[04:53:34]   battery   :   -0.211
[04:53:34]   customer  :  224.806
[04:53:34] Buffer大小:  1248
[04:53:34] 噪声水平: 0.0949
[04:53:34] 
动作统计:
[04:53:34]   wind      : mean= 0.964, std= 0.062, min= 0.771, max= 1.000
[04:53:34]   solar     : mean=-0.964, std= 0.047, min=-1.000, max=-0.837
[04:53:34]   diesel    : mean=-0.010, std= 0.955, min=-1.000, max= 1.000
[04:53:34]   battery   : mean= 0.446, std= 0.520, min=-0.265, max= 1.000
[04:53:34]   customer  : mean= 0.357, std= 0.323, min=-0.269, max= 0.810
[04:53:34] 
======================================================================
[04:53:34] Episode 48/200
[04:53:34] ======================================================================
[04:53:34] 总奖励: -34531.36 | 步数: 24
[04:53:34] 最近10个episodes平均: -29155.88
[04:53:34] 各Agent奖励:
[04:53:34]   wind      :    0.000
[04:53:34]   solar     : -7700.221
[04:53:34]   diesel    : -27074.832
[04:53:34]   battery   :   -0.020
[04:53:34]   customer  :  243.712
[04:53:34] Buffer大小:  1272
[04:53:34] 噪声水平: 0.0948
[04:53:34] 
动作统计:
[04:53:34]   wind      : mean= 0.971, std= 0.049, min= 0.783, max= 1.000
[04:53:34]   solar     : mean=-0.959, std= 0.050, min=-1.000, max=-0.812
[04:53:34]   diesel    : mean= 0.005, std= 0.953, min=-1.000, max= 1.000
[04:53:34]   battery   : mean= 0.429, std= 0.540, min=-0.385, max= 1.000
[04:53:34]   customer  : mean= 0.327, std= 0.297, min=-0.166, max= 0.821
[04:53:35] 
======================================================================
[04:53:35] Episode 49/200
[04:53:35] ======================================================================
[04:53:35] 总奖励: -37202.36 | 步数: 24
[04:53:35] 最近10个episodes平均: -31606.79
[04:53:35] 各Agent奖励:
[04:53:35]   wind      :    0.000
[04:53:35]   solar     : -4259.982
[04:53:35]   diesel    : -33224.413
[04:53:35]   battery   :    0.000
[04:53:35]   customer  :  282.035
[04:53:35] Buffer大小:  1296
[04:53:35] 噪声水平: 0.0947
[04:53:35] 
动作统计:
[04:53:35]   wind      : mean= 0.966, std= 0.040, min= 0.865, max= 1.000
[04:53:35]   solar     : mean=-0.956, std= 0.039, min=-1.000, max=-0.892
[04:53:35]   diesel    : mean=-0.013, std= 0.955, min=-1.000, max= 1.000
[04:53:35]   battery   : mean= 0.393, std= 0.578, min=-0.536, max= 1.000
[04:53:35]   customer  : mean= 0.315, std= 0.310, min=-0.324, max= 0.835
[04:53:35] 
======================================================================
[04:53:35] Episode 50/200
[04:53:35] ======================================================================
[04:53:35] 总奖励: -36656.67 | 步数: 24
[04:53:35] 最近10个episodes平均: -33482.27
[04:53:35] 各Agent奖励:
[04:53:35]   wind      :    0.000
[04:53:35]   solar     : -5038.676
[04:53:35]   diesel    : -31891.044
[04:53:35]   battery   :    0.000
[04:53:35]   customer  :  273.051
[04:53:35] Buffer大小:  1320
[04:53:35] 噪声水平: 0.0946
[04:53:35] 
动作统计:
[04:53:35]   wind      : mean= 0.952, std= 0.051, min= 0.806, max= 1.000
[04:53:35]   solar     : mean=-0.962, std= 0.041, min=-1.000, max=-0.861
[04:53:35]   diesel    : mean= 0.013, std= 0.961, min=-1.000, max= 1.000
[04:53:35]   battery   : mean= 0.417, std= 0.558, min=-0.425, max= 1.000
[04:53:35]   customer  : mean= 0.292, std= 0.356, min=-0.530, max= 0.796
[04:53:35] 
📊 生成可视化图表...
[04:53:35]   ✓ 训练曲线: debug_plots/training_ep0050.png
[04:53:35]   ✓ Agent分析: debug_plots/agents_ep0050.png
[04:53:35] 💾 保存检查点: debug_checkpoints/debug_maddpg_20251124_045324_ep0050.pt
[04:53:35] 
======================================================================
[04:53:35] Episode 51/200
[04:53:35] ======================================================================
[04:53:35] 总奖励: -37735.96 | 步数: 24
[04:53:35] 最近10个episodes平均: -34616.33
[04:53:35] 各Agent奖励:
[04:53:35]   wind      :    0.000
[04:53:35]   solar     : -5964.506
[04:53:35]   diesel    : -32054.555
[04:53:35]   battery   :    0.000
[04:53:35]   customer  :  283.100
[04:53:35] Buffer大小:  1344
[04:53:35] 噪声水平: 0.0946
[04:53:35] 
动作统计:
[04:53:35]   wind      : mean= 0.973, std= 0.054, min= 0.764, max= 1.000
[04:53:35]   solar     : mean=-0.981, std= 0.031, min=-1.000, max=-0.877
[04:53:35]   diesel    : mean=-0.006, std= 0.958, min=-1.000, max= 1.000
[04:53:35]   battery   : mean= 0.412, std= 0.547, min=-0.434, max= 1.000
[04:53:35]   customer  : mean= 0.310, std= 0.286, min=-0.182, max= 0.772
[04:53:36] 
======================================================================
[04:53:36] Episode 52/200
[04:53:36] ======================================================================
[04:53:36] 总奖励: -37819.28 | 步数: 24
[04:53:36] 最近10个episodes平均: -35401.72
[04:53:36] 各Agent奖励:
[04:53:36]   wind      :    0.000
[04:53:36]   solar     : -5508.385
[04:53:36]   diesel    : -32595.678
[04:53:36]   battery   :    0.000
[04:53:36]   customer  :  284.782
[04:53:36] Buffer大小:  1368
[04:53:36] 噪声水平: 0.0945
[04:53:36] 
动作统计:
[04:53:36]   wind      : mean= 0.960, std= 0.050, min= 0.856, max= 1.000
[04:53:36]   solar     : mean=-0.956, std= 0.055, min=-1.000, max=-0.797
[04:53:36]   diesel    : mean=-0.003, std= 0.970, min=-1.000, max= 1.000
[04:53:36]   battery   : mean= 0.413, std= 0.587, min=-0.509, max= 1.000
[04:53:36]   customer  : mean= 0.297, std= 0.336, min=-0.320, max= 0.928
[04:53:36] 
======================================================================
[04:53:36] Episode 53/200
[04:53:36] ======================================================================
[04:53:36] 总奖励: -35745.83 | 步数: 24
[04:53:36] 最近10个episodes平均: -35724.43
[04:53:36] 各Agent奖励:
[04:53:36]   wind      :    0.000
[04:53:36]   solar     : -6842.471
[04:53:36]   diesel    : -29166.929
[04:53:36]   battery   :   -0.332
[04:53:36]   customer  :  263.907
[04:53:36] Buffer大小:  1392
[04:53:36] 噪声水平: 0.0944
[04:53:36] 
动作统计:
[04:53:36]   wind      : mean= 0.973, std= 0.040, min= 0.882, max= 1.000
[04:53:36]   solar     : mean=-0.956, std= 0.055, min=-1.000, max=-0.819
[04:53:36]   diesel    : mean=-0.004, std= 0.956, min=-1.000, max= 1.000
[04:53:36]   battery   : mean= 0.417, std= 0.550, min=-0.463, max= 1.000
[04:53:36]   customer  : mean= 0.278, std= 0.337, min=-0.332, max= 0.842
[04:53:36] 
======================================================================
[04:53:36] Episode 54/200
[04:53:36] ======================================================================
[04:53:36] 总奖励: -28519.76 | 步数: 24
[04:53:36] 最近10个episodes平均: -35043.11
[04:53:36] 各Agent奖励:
[04:53:36]   wind      :    0.000
[04:53:36]   solar     : -7874.026
[04:53:36]   diesel    : -20832.598
[04:53:36]   battery   :   -0.972
[04:53:36]   customer  :  187.837
[04:53:36] Buffer大小:  1416
[04:53:36] 噪声水平: 0.0943
[04:53:36] 
动作统计:
[04:53:36]   wind      : mean= 0.968, std= 0.039, min= 0.877, max= 1.000
[04:53:36]   solar     : mean=-0.980, std= 0.041, min=-1.000, max=-0.844
[04:53:36]   diesel    : mean= 0.009, std= 0.962, min=-1.000, max= 1.000
[04:53:36]   battery   : mean= 0.522, std= 0.468, min=-0.260, max= 1.000
[04:53:36]   customer  : mean= 0.270, std= 0.424, min=-0.496, max= 0.983
[04:53:36] 
======================================================================
[04:53:36] Episode 55/200
[04:53:36] ======================================================================
[04:53:36] 总奖励: -27556.45 | 步数: 24
[04:53:36] 最近10个episodes平均: -34515.48
[04:53:36] 各Agent奖励:
[04:53:36]   wind      :    0.000
[04:53:36]   solar     : -8370.693
[04:53:36]   diesel    : -19365.452
[04:53:36]   battery   :   -0.043
[04:53:36]   customer  :  179.736
[04:53:36] Buffer大小:  1440
[04:53:36] 噪声水平: 0.0942
[04:53:36] 
动作统计:
[04:53:36]   wind      : mean= 0.972, std= 0.055, min= 0.789, max= 1.000
[04:53:36]   solar     : mean=-0.944, std= 0.070, min=-1.000, max=-0.770
[04:53:36]   diesel    : mean= 0.050, std= 0.901, min=-1.000, max= 1.000
[04:53:36]   battery   : mean= 0.406, std= 0.576, min=-0.584, max= 1.000
[04:53:36]   customer  : mean= 0.272, std= 0.321, min=-0.233, max= 0.846
[04:53:36] 
======================================================================
[04:53:36] Episode 56/200
[04:53:36] ======================================================================
[04:53:36] 总奖励: -1865.83 | 步数: 24
[04:53:36] 最近10个episodes平均: -31051.79
[04:53:36] 各Agent奖励:
[04:53:36]   wind      :    0.000
[04:53:36]   solar     : -1275.240
[04:53:36]   diesel    : -533.973
[04:53:36]   battery   :   -2.660
[04:53:36]   customer  :  -53.959
[04:53:36] Buffer大小:  1464
[04:53:36] 噪声水平: 0.0941
[04:53:36] 
动作统计:
[04:53:36]   wind      : mean= 0.922, std= 0.077, min= 0.726, max= 1.000
[04:53:36]   solar     : mean=-0.909, std= 0.082, min=-1.000, max=-0.760
[04:53:36]   diesel    : mean= 0.384, std= 0.593, min=-0.716, max= 1.000
[04:53:36]   battery   : mean= 0.617, std= 0.446, min=-0.261, max= 1.000
[04:53:36]   customer  : mean= 0.270, std= 0.306, min=-0.279, max= 0.830
[04:53:36] 
======================================================================
[04:53:36] Episode 57/200
[04:53:36] ======================================================================
[04:53:36] 总奖励: 27129.26 | 步数: 24
[04:53:36] 最近10个episodes平均: -25050.42
[04:53:36] 各Agent奖励:
[04:53:36]   wind      : 1304.392
[04:53:36]   solar     : 4252.604
[04:53:36]   diesel    : 21902.138
[04:53:36]   battery   :   22.959
[04:53:36]   customer  : -352.829
[04:53:36] Buffer大小:  1488
[04:53:36] 噪声水平: 0.0940
[04:53:36] 
动作统计:
[04:53:36]   wind      : mean= 0.970, std= 0.054, min= 0.813, max= 1.000
[04:53:36]   solar     : mean=-0.978, std= 0.039, min=-1.000, max=-0.865
[04:53:36]   diesel    : mean= 0.597, std= 0.226, min=-0.027, max= 0.956
[04:53:36]   battery   : mean= 0.822, std= 0.230, min=-0.105, max= 1.000
[04:53:36]   customer  : mean= 0.258, std= 0.328, min=-0.347, max= 0.719
[04:53:37] 
======================================================================
[04:53:37] Episode 58/200
[04:53:37] ======================================================================
[04:53:37] 总奖励: 36353.69 | 步数: 24
[04:53:37] 最近10个episodes平均: -17961.92
[04:53:37] 各Agent奖励:
[04:53:37]   wind      : 23221.900
[04:53:37]   solar     : 8321.085
[04:53:37]   diesel    : 5225.249
[04:53:37]   battery   :   34.870
[04:53:37]   customer  : -449.414
[04:53:37] Buffer大小:  1512
[04:53:37] 噪声水平: 0.0939
[04:53:37] 
动作统计:
[04:53:37]   wind      : mean= 0.965, std= 0.047, min= 0.843, max= 1.000
[04:53:37]   solar     : mean=-0.948, std= 0.059, min=-1.000, max=-0.816
[04:53:37]   diesel    : mean= 0.466, std= 0.463, min=-0.323, max= 1.000
[04:53:37]   battery   : mean= 0.828, std= 0.203, min= 0.050, max= 1.000
[04:53:37]   customer  : mean= 0.254, std= 0.348, min=-0.288, max= 0.833
[04:53:37] 
======================================================================
[04:53:37] Episode 59/200
[04:53:37] ======================================================================
[04:53:37] 总奖励: 39746.63 | 步数: 24
[04:53:37] 最近10个episodes平均: -10267.02
[04:53:37] 各Agent奖励:
[04:53:37]   wind      : 30781.413
[04:53:37]   solar     : 9366.109
[04:53:37]   diesel    :    0.000
[04:53:37]   battery   :   33.955
[04:53:37]   customer  : -434.846
[04:53:37] Buffer大小:  1536
[04:53:37] 噪声水平: 0.0938
[04:53:37] 
动作统计:
[04:53:37]   wind      : mean= 0.964, std= 0.057, min= 0.780, max= 1.000
[04:53:37]   solar     : mean=-0.943, std= 0.067, min=-1.000, max=-0.725
[04:53:37]   diesel    : mean= 0.239, std= 0.715, min=-0.829, max= 1.000
[04:53:37]   battery   : mean= 0.850, std= 0.177, min= 0.173, max= 1.000
[04:53:37]   customer  : mean= 0.221, std= 0.350, min=-0.287, max= 0.801
[04:53:37] 
======================================================================
[04:53:37] Episode 60/200
[04:53:37] ======================================================================
[04:53:37] 总奖励: 44152.90 | 步数: 24
[04:53:37] 最近10个episodes平均: -2186.06
[04:53:37] 各Agent奖励:
[04:53:37]   wind      : 33752.601
[04:53:37]   solar     : 10820.554
[04:53:37]   diesel    :    0.000
[04:53:37]   battery   :   36.327
[04:53:37]   customer  : -456.579
[04:53:37] Buffer大小:  1560
[04:53:37] 噪声水平: 0.0937
[04:53:37] 
动作统计:
[04:53:37]   wind      : mean= 0.951, std= 0.071, min= 0.778, max= 1.000
[04:53:37]   solar     : mean=-0.951, std= 0.051, min=-1.000, max=-0.818
[04:53:37]   diesel    : mean= 0.119, std= 0.838, min=-1.000, max= 1.000
[04:53:37]   battery   : mean= 0.835, std= 0.196, min= 0.103, max= 1.000
[04:53:37]   customer  : mean= 0.214, std= 0.363, min=-0.343, max= 0.878
[04:53:37] 
📊 生成可视化图表...
[04:53:37]   ✓ 训练曲线: debug_plots/training_ep0060.png
[04:53:37]   ✓ Agent分析: debug_plots/agents_ep0060.png
[04:53:38] 
======================================================================
[04:53:38] Episode 61/200
[04:53:38] ======================================================================
[04:53:38] 总奖励: 47272.10 | 步数: 24
[04:53:38] 最近10个episodes平均:  6314.74
[04:53:38] 各Agent奖励:
[04:53:38]   wind      : 33894.134
[04:53:38]   solar     : 13833.335
[04:53:38]   diesel    :    0.000
[04:53:38]   battery   :   32.346
[04:53:38]   customer  : -487.719
[04:53:38] Buffer大小:  1584
[04:53:38] 噪声水平: 0.0936
[04:53:38] 
动作统计:
[04:53:38]   wind      : mean= 0.955, std= 0.049, min= 0.864, max= 1.000
[04:53:38]   solar     : mean=-0.923, std= 0.080, min=-1.000, max=-0.757
[04:53:38]   diesel    : mean= 0.067, std= 0.899, min=-1.000, max= 1.000
[04:53:38]   battery   : mean= 0.793, std= 0.203, min= 0.125, max= 1.000
[04:53:38]   customer  : mean= 0.223, std= 0.225, min=-0.201, max= 0.679
[04:53:38] 
======================================================================
[04:53:38] Episode 62/200
[04:53:38] ======================================================================
[04:53:38] 总奖励: 44617.68 | 步数: 24
[04:53:38] 最近10个episodes平均: 14558.44
[04:53:38] 各Agent奖励:
[04:53:38]   wind      : 33091.006
[04:53:38]   solar     : 11966.534
[04:53:38]   diesel    :    0.000
[04:53:38]   battery   :   37.145
[04:53:38]   customer  : -477.003
[04:53:38] Buffer大小:  1608
[04:53:38] 噪声水平: 0.0935
[04:53:38] 
动作统计:
[04:53:38]   wind      : mean= 0.972, std= 0.051, min= 0.779, max= 1.000
[04:53:38]   solar     : mean=-0.835, std= 0.100, min=-1.000, max=-0.693
[04:53:38]   diesel    : mean= 0.043, std= 0.905, min=-1.000, max= 1.000
[04:53:38]   battery   : mean= 0.753, std= 0.249, min= 0.030, max= 1.000
[04:53:38]   customer  : mean= 0.245, std= 0.250, min=-0.170, max= 0.741
[04:53:38] 
======================================================================
[04:53:38] Episode 63/200
[04:53:38] ======================================================================
[04:53:38] 总奖励: 45614.26 | 步数: 24
[04:53:38] 最近10个episodes平均: 22694.45
[04:53:38] 各Agent奖励:
[04:53:38]   wind      : 34846.841
[04:53:38]   solar     : 11202.658
[04:53:38]   diesel    :    0.000
[04:53:38]   battery   :   38.393
[04:53:38]   customer  : -473.636
[04:53:38] Buffer大小:  1632
[04:53:38] 噪声水平: 0.0934
[04:53:38] 
动作统计:
[04:53:38]   wind      : mean= 0.944, std= 0.061, min= 0.796, max= 1.000
[04:53:38]   solar     : mean=-0.771, std= 0.091, min=-0.926, max=-0.557
[04:53:38]   diesel    : mean= 0.012, std= 0.949, min=-1.000, max= 1.000
[04:53:38]   battery   : mean= 0.640, std= 0.341, min=-0.265, max= 1.000
[04:53:38]   customer  : mean= 0.232, std= 0.238, min=-0.108, max= 0.726
[04:53:38] 
======================================================================
[04:53:38] Episode 64/200
[04:53:38] ======================================================================
[04:53:38] 总奖励: 44089.23 | 步数: 24
[04:53:38] 最近10个episodes平均: 29955.35
[04:53:38] 各Agent奖励:
[04:53:38]   wind      : 30521.619
[04:53:38]   solar     : 14001.370
[04:53:38]   diesel    :    0.000
[04:53:38]   battery   :   23.927
[04:53:38]   customer  : -457.688
[04:53:38] Buffer大小:  1656
[04:53:38] 噪声水平: 0.0933
[04:53:38] 
动作统计:
[04:53:38]   wind      : mean= 0.944, std= 0.052, min= 0.805, max= 1.000
[04:53:38]   solar     : mean=-0.622, std= 0.109, min=-0.780, max=-0.436
[04:53:38]   diesel    : mean= 0.013, std= 0.952, min=-1.000, max= 1.000
[04:53:38]   battery   : mean= 0.575, std= 0.427, min=-0.353, max= 1.000
[04:53:38]   customer  : mean= 0.247, std= 0.204, min=-0.137, max= 0.557
[04:53:38] 
======================================================================
[04:53:38] Episode 65/200
[04:53:38] ======================================================================
[04:53:38] 总奖励: 45556.77 | 步数: 24
[04:53:38] 最近10个episodes平均: 37266.67
[04:53:38] 各Agent奖励:
[04:53:38]   wind      : 31259.431
[04:53:38]   solar     : 14725.961
[04:53:38]   diesel    :    0.000
[04:53:38]   battery   :   29.331
[04:53:38]   customer  : -457.956
[04:53:38] Buffer大小:  1680
[04:53:38] 噪声水平: 0.0932
[04:53:38] 
动作统计:
[04:53:38]   wind      : mean= 0.977, std= 0.039, min= 0.829, max= 1.000
[04:53:38]   solar     : mean=-0.438, std= 0.110, min=-0.642, max=-0.206
[04:53:38]   diesel    : mean= 0.015, std= 0.948, min=-1.000, max= 1.000
[04:53:38]   battery   : mean= 0.500, std= 0.492, min=-0.330, max= 1.000
[04:53:38]   customer  : mean= 0.239, std= 0.255, min=-0.156, max= 0.639
[04:53:38] 
======================================================================
[04:53:38] Episode 66/200
[04:53:38] ======================================================================
[04:53:38] 总奖励: 48290.71 | 步数: 24
[04:53:38] 最近10个episodes平均: 42282.32
[04:53:38] 各Agent奖励:
[04:53:38]   wind      : 35356.751
[04:53:38]   solar     : 13387.140
[04:53:38]   diesel    :    0.000
[04:53:38]   battery   :   39.093
[04:53:38]   customer  : -492.271
[04:53:38] Buffer大小:  1704
[04:53:38] 噪声水平: 0.0931
[04:53:38] 
动作统计:
[04:53:38]   wind      : mean= 0.958, std= 0.057, min= 0.785, max= 1.000
[04:53:38]   solar     : mean=-0.270, std= 0.071, min=-0.454, max=-0.091
[04:53:38]   diesel    : mean=-0.002, std= 0.955, min=-1.000, max= 1.000
[04:53:38]   battery   : mean= 0.454, std= 0.549, min=-0.572, max= 1.000
[04:53:38]   customer  : mean= 0.254, std= 0.240, min=-0.177, max= 0.772
[04:53:39] 
======================================================================
[04:53:39] Episode 67/200
[04:53:39] ======================================================================
[04:53:39] 总奖励: 49607.02 | 步数: 24
[04:53:39] 最近10个episodes平均: 44530.10
[04:53:39] 各Agent奖励:
[04:53:39]   wind      : 36526.871
[04:53:39]   solar     : 13521.476
[04:53:39]   diesel    :    0.000
[04:53:39]   battery   :   38.993
[04:53:39]   customer  : -480.319
[04:53:39] Buffer大小:  1728
[04:53:39] 噪声水平: 0.0930
[04:53:39] 
动作统计:
[04:53:39]   wind      : mean= 0.965, std= 0.061, min= 0.777, max= 1.000
[04:53:39]   solar     : mean=-0.044, std= 0.094, min=-0.260, max= 0.185
[04:53:39]   diesel    : mean= 0.015, std= 0.969, min=-1.000, max= 1.000
[04:53:39]   battery   : mean= 0.444, std= 0.563, min=-0.534, max= 1.000
[04:53:39]   customer  : mean= 0.253, std= 0.228, min=-0.174, max= 0.773
[04:53:39] 
======================================================================
[04:53:39] Episode 68/200
[04:53:39] ======================================================================
[04:53:39] 总奖励: 44366.55 | 步数: 24
[04:53:39] 最近10个episodes平均: 45331.38
[04:53:39] 各Agent奖励:
[04:53:39]   wind      : 32341.993
[04:53:39]   solar     : 12469.305
[04:53:39]   diesel    :    0.000
[04:53:39]   battery   :   42.420
[04:53:39]   customer  : -487.163
[04:53:39] Buffer大小:  1752
[04:53:39] 噪声水平: 0.0930
[04:53:39] 
动作统计:
[04:53:39]   wind      : mean= 0.963, std= 0.052, min= 0.815, max= 1.000
[04:53:39]   solar     : mean= 0.227, std= 0.112, min= 0.036, max= 0.587
[04:53:39]   diesel    : mean= 0.006, std= 0.966, min=-1.000, max= 1.000
[04:53:39]   battery   : mean= 0.446, std= 0.548, min=-0.470, max= 1.000
[04:53:39]   customer  : mean= 0.248, std= 0.243, min=-0.205, max= 0.632
[04:53:39] 
======================================================================
[04:53:39] Episode 69/200
[04:53:39] ======================================================================
[04:53:39] 总奖励: 50642.17 | 步数: 24
[04:53:39] 最近10个episodes平均: 46420.94
[04:53:39] 各Agent奖励:
[04:53:39]   wind      : 36130.663
[04:53:39]   solar     : 14950.868
[04:53:39]   diesel    :    0.000
[04:53:39]   battery   :   32.531
[04:53:39]   customer  : -471.890
[04:53:39] Buffer大小:  1776
[04:53:39] 噪声水平: 0.0929
[04:53:39] 
动作统计:
[04:53:39]   wind      : mean= 0.972, std= 0.044, min= 0.858, max= 1.000
[04:53:39]   solar     : mean= 0.429, std= 0.180, min= 0.095, max= 0.791
[04:53:39]   diesel    : mean= 0.004, std= 0.968, min=-1.000, max= 1.000
[04:53:39]   battery   : mean= 0.496, std= 0.496, min=-0.270, max= 1.000
[04:53:39]   customer  : mean= 0.277, std= 0.200, min=-0.260, max= 0.521
[04:53:39] 
======================================================================
[04:53:39] Episode 70/200
[04:53:39] ======================================================================
[04:53:39] 总奖励: 47379.39 | 步数: 24
[04:53:39] 最近10个episodes平均: 46743.59
[04:53:39] 各Agent奖励:
[04:53:39]   wind      : 32588.933
[04:53:39]   solar     : 15237.304
[04:53:39]   diesel    :    0.000
[04:53:39]   battery   :   34.026
[04:53:39]   customer  : -480.877
[04:53:39] Buffer大小:  1800
[04:53:39] 噪声水平: 0.0928
[04:53:39] 
动作统计:
[04:53:39]   wind      : mean= 0.975, std= 0.049, min= 0.829, max= 1.000
[04:53:39]   solar     : mean= 0.600, std= 0.157, min= 0.319, max= 0.965
[04:53:39]   diesel    : mean=-0.005, std= 0.961, min=-1.000, max= 1.000
[04:53:39]   battery   : mean= 0.451, std= 0.537, min=-0.547, max= 1.000
[04:53:39]   customer  : mean= 0.251, std= 0.217, min=-0.179, max= 0.637
[04:53:39] 
📊 生成可视化图表...
[04:53:40]   ✓ 训练曲线: debug_plots/training_ep0070.png
[04:53:40]   ✓ Agent分析: debug_plots/agents_ep0070.png
[04:53:40] 
======================================================================
[04:53:40] Episode 71/200
[04:53:40] ======================================================================
[04:53:40] 总奖励: 46468.60 | 步数: 24
[04:53:40] 最近10个episodes平均: 46663.24
[04:53:40] 各Agent奖励:
[04:53:40]   wind      : 31793.970
[04:53:40]   solar     : 15138.477
[04:53:40]   diesel    :    0.000
[04:53:40]   battery   :   34.255
[04:53:40]   customer  : -498.106
[04:53:40] Buffer大小:  1824
[04:53:40] 噪声水平: 0.0927
[04:53:40] 
动作统计:
[04:53:40]   wind      : mean= 0.975, std= 0.034, min= 0.884, max= 1.000
[04:53:40]   solar     : mean= 0.713, std= 0.147, min= 0.416, max= 1.000
[04:53:40]   diesel    : mean= 0.011, std= 0.963, min=-1.000, max= 1.000
[04:53:40]   battery   : mean= 0.458, std= 0.533, min=-0.436, max= 1.000
[04:53:40]   customer  : mean= 0.266, std= 0.194, min=-0.042, max= 0.588
[04:53:40] 
======================================================================
[04:53:40] Episode 72/200
[04:53:40] ======================================================================
[04:53:40] 总奖励: 48030.32 | 步数: 24
[04:53:40] 最近10个episodes平均: 47004.50
[04:53:40] 各Agent奖励:
[04:53:40]   wind      : 37896.242
[04:53:40]   solar     : 10565.209
[04:53:40]   diesel    :    0.000
[04:53:40]   battery   :   29.912
[04:53:40]   customer  : -461.042
[04:53:40] Buffer大小:  1848
[04:53:40] 噪声水平: 0.0926
[04:53:40] 
动作统计:
[04:53:40]   wind      : mean= 0.945, std= 0.058, min= 0.809, max= 1.000
[04:53:40]   solar     : mean= 0.779, std= 0.132, min= 0.511, max= 1.000
[04:53:40]   diesel    : mean=-0.002, std= 0.963, min=-1.000, max= 1.000
[04:53:40]   battery   : mean= 0.442, std= 0.545, min=-0.603, max= 1.000
[04:53:40]   customer  : mean= 0.236, std= 0.214, min=-0.152, max= 0.592
[04:53:40] 
======================================================================
[04:53:40] Episode 73/200
[04:53:40] ======================================================================
[04:53:40] 总奖励: 41628.11 | 步数: 24
[04:53:40] 最近10个episodes平均: 46605.89
[04:53:40] 各Agent奖励:
[04:53:40]   wind      : 29113.960
[04:53:40]   solar     : 12946.090
[04:53:40]   diesel    :    0.000
[04:53:40]   battery   :   32.901
[04:53:40]   customer  : -464.839
[04:53:40] Buffer大小:  1872
[04:53:40] 噪声水平: 0.0925
[04:53:40] 
动作统计:
[04:53:40]   wind      : mean= 0.961, std= 0.058, min= 0.773, max= 1.000
[04:53:40]   solar     : mean= 0.812, std= 0.152, min= 0.526, max= 1.000
[04:53:40]   diesel    : mean= 0.018, std= 0.962, min=-1.000, max= 1.000
[04:53:40]   battery   : mean= 0.490, std= 0.504, min=-0.654, max= 1.000
[04:53:40]   customer  : mean= 0.235, std= 0.239, min=-0.174, max= 0.641
[04:53:41] 
======================================================================
[04:53:41] Episode 74/200
[04:53:41] ======================================================================
[04:53:41] 总奖励: 44028.98 | 步数: 24
[04:53:41] 最近10个episodes平均: 46599.86
[04:53:41] 各Agent奖励:
[04:53:41]   wind      : 34185.065
[04:53:41]   solar     : 10302.945
[04:53:41]   diesel    :    0.000
[04:53:41]   battery   :   31.674
[04:53:41]   customer  : -490.700
[04:53:41] Buffer大小:  1896
[04:53:41] 噪声水平: 0.0924
[04:53:41] 
动作统计:
[04:53:41]   wind      : mean= 0.970, std= 0.051, min= 0.794, max= 1.000
[04:53:41]   solar     : mean= 0.863, std= 0.127, min= 0.541, max= 1.000
[04:53:41]   diesel    : mean= 0.018, std= 0.947, min=-1.000, max= 1.000
[04:53:41]   battery   : mean= 0.493, std= 0.518, min=-0.718, max= 1.000
[04:53:41]   customer  : mean= 0.239, std= 0.247, min=-0.210, max= 0.645
[04:53:41] 
======================================================================
[04:53:41] Episode 75/200
[04:53:41] ======================================================================
[04:53:41] 总奖励: 44776.33 | 步数: 24
[04:53:41] 最近10个episodes平均: 46521.82
[04:53:41] 各Agent奖励:
[04:53:41]   wind      : 34620.634
[04:53:41]   solar     : 10596.884
[04:53:41]   diesel    :    0.000
[04:53:41]   battery   :   23.182
[04:53:41]   customer  : -464.369
[04:53:41] Buffer大小:  1920
[04:53:41] 噪声水平: 0.0923
[04:53:41] 
动作统计:
[04:53:41]   wind      : mean= 0.977, std= 0.044, min= 0.849, max= 1.000
[04:53:41]   solar     : mean= 0.884, std= 0.105, min= 0.655, max= 1.000
[04:53:41]   diesel    : mean= 0.056, std= 0.934, min=-1.000, max= 1.000
[04:53:41]   battery   : mean= 0.485, std= 0.512, min=-0.712, max= 1.000
[04:53:41]   customer  : mean= 0.234, std= 0.233, min=-0.114, max= 0.677
[04:53:41] 
======================================================================
[04:53:41] Episode 76/200
[04:53:41] ======================================================================
[04:53:41] 总奖励: 44685.28 | 步数: 24
[04:53:41] 最近10个episodes平均: 46161.28
[04:53:41] 各Agent奖励:
[04:53:41]   wind      : 36764.265
[04:53:41]   solar     : 7839.046
[04:53:41]   diesel    :  523.289
[04:53:41]   battery   :   27.849
[04:53:41]   customer  : -469.170
[04:53:41] Buffer大小:  1944
[04:53:41] 噪声水平: 0.0922
[04:53:41] 
动作统计:
[04:53:41]   wind      : mean= 0.964, std= 0.056, min= 0.767, max= 1.000
[04:53:41]   solar     : mean= 0.873, std= 0.119, min= 0.638, max= 1.000
[04:53:41]   diesel    : mean= 0.203, std= 0.829, min=-1.000, max= 1.000
[04:53:41]   battery   : mean= 0.533, std= 0.484, min=-0.694, max= 1.000
[04:53:41]   customer  : mean= 0.218, std= 0.270, min=-0.275, max= 0.715
[04:53:41] 
======================================================================
[04:53:41] Episode 77/200
[04:53:41] ======================================================================
[04:53:41] 总奖励: 49483.68 | 步数: 24
[04:53:41] 最近10个episodes平均: 46148.94
[04:53:41] 各Agent奖励:
[04:53:41]   wind      : 27320.217
[04:53:41]   solar     : 7312.511
[04:53:41]   diesel    : 15333.277
[04:53:41]   battery   :   29.918
[04:53:41]   customer  : -512.239
[04:53:41] Buffer大小:  1968
[04:53:41] 噪声水平: 0.0921
[04:53:41] 
动作统计:
[04:53:41]   wind      : mean= 0.955, std= 0.062, min= 0.744, max= 1.000
[04:53:41]   solar     : mean= 0.870, std= 0.132, min= 0.558, max= 1.000
[04:53:41]   diesel    : mean= 0.511, std= 0.682, min=-0.960, max= 1.000
[04:53:41]   battery   : mean= 0.550, std= 0.473, min=-0.661, max= 1.000
[04:53:41]   customer  : mean= 0.243, std= 0.199, min=-0.064, max= 0.623
[04:53:41] 
======================================================================
[04:53:41] Episode 78/200
[04:53:41] ======================================================================
[04:53:41] 总奖励: 48573.80 | 步数: 24
[04:53:41] 最近10个episodes平均: 46569.67
[04:53:41] 各Agent奖励:
[04:53:41]   wind      : 30406.629
[04:53:41]   solar     : 9433.662
[04:53:41]   diesel    : 9196.068
[04:53:41]   battery   :   26.432
[04:53:41]   customer  : -488.994
[04:53:41] Buffer大小:  1992
[04:53:41] 噪声水平: 0.0920
[04:53:41] 
动作统计:
[04:53:41]   wind      : mean= 0.954, std= 0.066, min= 0.789, max= 1.000
[04:53:41]   solar     : mean= 0.911, std= 0.094, min= 0.668, max= 1.000
[04:53:41]   diesel    : mean= 0.652, std= 0.507, min=-0.618, max= 1.000
[04:53:41]   battery   : mean= 0.557, std= 0.496, min=-0.834, max= 1.000
[04:53:41]   customer  : mean= 0.254, std= 0.188, min=-0.079, max= 0.617
[04:53:42] 
======================================================================
[04:53:42] Episode 79/200
[04:53:42] ======================================================================
[04:53:42] 总奖励: 51468.09 | 步数: 24
[04:53:42] 最近10个episodes平均: 46652.26
[04:53:42] 各Agent奖励:
[04:53:42]   wind      : 26778.050
[04:53:42]   solar     : 9818.266
[04:53:42]   diesel    : 15351.288
[04:53:42]   battery   :   24.751
[04:53:42]   customer  : -504.266
[04:53:42] Buffer大小:  2016
[04:53:42] 噪声水平: 0.0919
[04:53:42] 
动作统计:
[04:53:42]   wind      : mean= 0.953, std= 0.066, min= 0.757, max= 1.000
[04:53:42]   solar     : mean= 0.902, std= 0.094, min= 0.692, max= 1.000
[04:53:42]   diesel    : mean= 0.835, std= 0.299, min=-0.351, max= 1.000
[04:53:42]   battery   : mean= 0.588, std= 0.451, min=-0.695, max= 1.000
[04:53:42]   customer  : mean= 0.281, std= 0.157, min=-0.034, max= 0.625
[04:53:42] 
======================================================================
[04:53:42] Episode 80/200
[04:53:42] ======================================================================
[04:53:42] 总奖励: 47001.33 | 步数: 24
[04:53:42] 最近10个episodes平均: 46614.45
[04:53:42] 各Agent奖励:
[04:53:42]   wind      : 20346.395
[04:53:42]   solar     : 7605.976
[04:53:42]   diesel    : 19514.175
[04:53:42]   battery   :   35.682
[04:53:42]   customer  : -500.899
[04:53:42] Buffer大小:  2040
[04:53:42] 噪声水平: 0.0918
[04:53:42] 
动作统计:
[04:53:42]   wind      : mean= 0.963, std= 0.063, min= 0.784, max= 1.000
[04:53:42]   solar     : mean= 0.913, std= 0.107, min= 0.646, max= 1.000
[04:53:42]   diesel    : mean= 0.878, std= 0.171, min= 0.302, max= 1.000
[04:53:42]   battery   : mean= 0.587, std= 0.462, min=-0.663, max= 1.000
[04:53:42]   customer  : mean= 0.271, std= 0.249, min=-0.238, max= 0.684
[04:53:42] 
📊 生成可视化图表...
[04:53:43]   ✓ 训练曲线: debug_plots/training_ep0080.png
[04:53:43]   ✓ Agent分析: debug_plots/agents_ep0080.png
[04:53:43] 
======================================================================
[04:53:43] Episode 81/200
[04:53:43] ======================================================================
[04:53:43] 总奖励: 45413.54 | 步数: 24
[04:53:43] 最近10个episodes平均: 46508.95
[04:53:43] 各Agent奖励:
[04:53:43]   wind      : 18835.891
[04:53:43]   solar     : 7412.934
[04:53:43]   diesel    : 19614.746
[04:53:43]   battery   :   30.814
[04:53:43]   customer  : -480.846
[04:53:43] Buffer大小:  2064
[04:53:43] 噪声水平: 0.0918
[04:53:43] 
动作统计:
[04:53:43]   wind      : mean= 0.961, std= 0.047, min= 0.835, max= 1.000
[04:53:43]   solar     : mean= 0.930, std= 0.075, min= 0.756, max= 1.000
[04:53:43]   diesel    : mean= 0.925, std= 0.109, min= 0.520, max= 1.000
[04:53:43]   battery   : mean= 0.570, std= 0.506, min=-0.922, max= 1.000
[04:53:43]   customer  : mean= 0.309, std= 0.211, min=-0.135, max= 0.581
[04:53:43] 
======================================================================
[04:53:43] Episode 82/200
[04:53:43] ======================================================================
[04:53:43] 总奖励: 45206.28 | 步数: 24
[04:53:43] 最近10个episodes平均: 46226.54
[04:53:43] 各Agent奖励:
[04:53:43]   wind      : 25360.805
[04:53:43]   solar     : 6552.253
[04:53:43]   diesel    : 13726.537
[04:53:43]   battery   :    4.335
[04:53:43]   customer  : -437.644
[04:53:43] Buffer大小:  2088
[04:53:43] 噪声水平: 0.0917
[04:53:43] 
动作统计:
[04:53:43]   wind      : mean= 0.962, std= 0.054, min= 0.847, max= 1.000
[04:53:43]   solar     : mean= 0.933, std= 0.082, min= 0.664, max= 1.000
[04:53:43]   diesel    : mean= 0.942, std= 0.077, min= 0.742, max= 1.000
[04:53:43]   battery   : mean= 0.581, std= 0.473, min=-0.615, max= 1.000
[04:53:43]   customer  : mean= 0.306, std= 0.241, min=-0.222, max= 0.678
[04:53:43] 
======================================================================
[04:53:43] Episode 83/200
[04:53:43] ======================================================================
[04:53:43] 总奖励: 44802.36 | 步数: 24
[04:53:43] 最近10个episodes平均: 46543.97
[04:53:43] 各Agent奖励:
[04:53:43]   wind      : 16670.795
[04:53:43]   solar     : 5779.374
[04:53:43]   diesel    : 22811.697
[04:53:43]   battery   :   32.811
[04:53:43]   customer  : -492.319
[04:53:43] Buffer大小:  2112
[04:53:43] 噪声水平: 0.0916
[04:53:43] 
动作统计:
[04:53:43]   wind      : mean= 0.963, std= 0.053, min= 0.842, max= 1.000
[04:53:43]   solar     : mean= 0.936, std= 0.063, min= 0.819, max= 1.000
[04:53:43]   diesel    : mean= 0.940, std= 0.073, min= 0.733, max= 1.000
[04:53:43]   battery   : mean= 0.575, std= 0.489, min=-0.883, max= 1.000
[04:53:43]   customer  : mean= 0.317, std= 0.255, min=-0.231, max= 0.700
[04:53:43] 
======================================================================
[04:53:43] Episode 84/200
[04:53:43] ======================================================================
[04:53:43] 总奖励: 44042.75 | 步数: 24
[04:53:43] 最近10个episodes平均: 46545.34
[04:53:43] 各Agent奖励:
[04:53:43]   wind      : 17149.736
[04:53:43]   solar     : 5786.830
[04:53:43]   diesel    : 21556.890
[04:53:43]   battery   :   12.438
[04:53:43]   customer  : -463.146
[04:53:43] Buffer大小:  2136
[04:53:43] 噪声水平: 0.0915
[04:53:43] 
动作统计:
[04:53:43]   wind      : mean= 0.959, std= 0.059, min= 0.830, max= 1.000
[04:53:43]   solar     : mean= 0.943, std= 0.076, min= 0.748, max= 1.000
[04:53:43]   diesel    : mean= 0.951, std= 0.069, min= 0.718, max= 1.000
[04:53:43]   battery   : mean= 0.591, std= 0.466, min=-0.793, max= 1.000
[04:53:43]   customer  : mean= 0.337, std= 0.194, min= 0.046, max= 0.808
[04:53:43] 
======================================================================
[04:53:43] Episode 85/200
[04:53:43] ======================================================================
[04:53:43] 总奖励: 43737.13 | 步数: 24
[04:53:43] 最近10个episodes平均: 46441.42
[04:53:43] 各Agent奖励:
[04:53:43]   wind      : 23846.936
[04:53:43]   solar     : 6955.345
[04:53:43]   diesel    : 13377.185
[04:53:43]   battery   :   12.228
[04:53:43]   customer  : -454.563
[04:53:43] Buffer大小:  2160
[04:53:43] 噪声水平: 0.0914
[04:53:43] 
动作统计:
[04:53:43]   wind      : mean= 0.960, std= 0.052, min= 0.829, max= 1.000
[04:53:43]   solar     : mean= 0.937, std= 0.073, min= 0.781, max= 1.000
[04:53:43]   diesel    : mean= 0.958, std= 0.067, min= 0.758, max= 1.000
[04:53:43]   battery   : mean= 0.616, std= 0.481, min=-0.761, max= 1.000
[04:53:43]   customer  : mean= 0.360, std= 0.216, min=-0.137, max= 0.758
[04:53:44] 
======================================================================
[04:53:44] Episode 86/200
[04:53:44] ======================================================================
[04:53:44] 总奖励: 47146.97 | 步数: 24
[04:53:44] 最近10个episodes平均: 46687.59
[04:53:44] 各Agent奖励:
[04:53:44]   wind      : 19779.842
[04:53:44]   solar     : 7089.985
[04:53:44]   diesel    : 20747.420
[04:53:44]   battery   :   37.003
[04:53:44]   customer  : -507.284
[04:53:44] Buffer大小:  2184
[04:53:44] 噪声水平: 0.0913
[04:53:44] 
动作统计:
[04:53:44]   wind      : mean= 0.983, std= 0.029, min= 0.900, max= 1.000
[04:53:44]   solar     : mean= 0.954, std= 0.054, min= 0.829, max= 1.000
[04:53:44]   diesel    : mean= 0.962, std= 0.065, min= 0.732, max= 1.000
[04:53:44]   battery   : mean= 0.628, std= 0.472, min=-0.661, max= 1.000
[04:53:44]   customer  : mean= 0.343, std= 0.186, min= 0.048, max= 0.710
[04:53:44] 
======================================================================
[04:53:44] Episode 87/200
[04:53:44] ======================================================================
[04:53:44] 总奖励: 45109.11 | 步数: 24
[04:53:44] 最近10个episodes平均: 46250.14
[04:53:44] 各Agent奖励:
[04:53:44]   wind      : 18115.498
[04:53:44]   solar     : 6687.707
[04:53:44]   diesel    : 20768.827
[04:53:44]   battery   :   32.030
[04:53:44]   customer  : -494.948
[04:53:44] Buffer大小:  2208
[04:53:44] 噪声水平: 0.0912
[04:53:44] 
动作统计:
[04:53:44]   wind      : mean= 0.959, std= 0.050, min= 0.818, max= 1.000
[04:53:44]   solar     : mean= 0.923, std= 0.081, min= 0.726, max= 1.000
[04:53:44]   diesel    : mean= 0.966, std= 0.044, min= 0.854, max= 1.000
[04:53:44]   battery   : mean= 0.645, std= 0.453, min=-0.766, max= 1.000
[04:53:44]   customer  : mean= 0.354, std= 0.186, min= 0.069, max= 0.695
[04:53:44] 
======================================================================
[04:53:44] Episode 88/200
[04:53:44] ======================================================================
[04:53:44] 总奖励: 41899.28 | 步数: 24
[04:53:44] 最近10个episodes平均: 45582.68
[04:53:44] 各Agent奖励:
[04:53:44]   wind      : 19236.193
[04:53:44]   solar     : 7781.678
[04:53:44]   diesel    : 15310.213
[04:53:44]   battery   :    1.092
[04:53:44]   customer  : -429.893
[04:53:44] Buffer大小:  2232
[04:53:44] 噪声水平: 0.0911
[04:53:44] 
动作统计:
[04:53:44]   wind      : mean= 0.982, std= 0.028, min= 0.911, max= 1.000
[04:53:44]   solar     : mean= 0.953, std= 0.056, min= 0.805, max= 1.000
[04:53:44]   diesel    : mean= 0.959, std= 0.053, min= 0.826, max= 1.000
[04:53:44]   battery   : mean= 0.652, std= 0.462, min=-0.945, max= 1.000
[04:53:44]   customer  : mean= 0.396, std= 0.186, min= 0.083, max= 0.654
[04:53:44] 
======================================================================
[04:53:44] Episode 89/200
[04:53:44] ======================================================================
[04:53:44] 总奖励: 42227.55 | 步数: 24
[04:53:44] 最近10个episodes平均: 44658.63
[04:53:44] 各Agent奖励:
[04:53:44]   wind      : 20272.372
[04:53:44]   solar     :  848.287
[04:53:44]   diesel    : 21554.318
[04:53:44]   battery   :   37.582
[04:53:44]   customer  : -485.006
[04:53:44] Buffer大小:  2256
[04:53:44] 噪声水平: 0.0910
[04:53:44] 
动作统计:
[04:53:44]   wind      : mean= 0.950, std= 0.064, min= 0.786, max= 1.000
[04:53:44]   solar     : mean= 0.951, std= 0.068, min= 0.745, max= 1.000
[04:53:44]   diesel    : mean= 0.963, std= 0.046, min= 0.813, max= 1.000
[04:53:44]   battery   : mean= 0.658, std= 0.450, min=-0.726, max= 1.000
[04:53:44]   customer  : mean= 0.369, std= 0.225, min=-0.050, max= 0.762
[04:53:45] 
======================================================================
[04:53:45] Episode 90/200
[04:53:45] ======================================================================
[04:53:45] 总奖励: 44573.96 | 步数: 24
[04:53:45] 最近10个episodes平均: 44415.89
[04:53:45] 各Agent奖励:
[04:53:45]   wind      : 26264.216
[04:53:45]   solar     : 7448.710
[04:53:45]   diesel    : 11290.934
[04:53:45]   battery   :   31.596
[04:53:45]   customer  : -461.494
[04:53:45] Buffer大小:  2280
[04:53:45] 噪声水平: 0.0909
[04:53:45] 
动作统计:
[04:53:45]   wind      : mean= 0.968, std= 0.051, min= 0.824, max= 1.000
[04:53:45]   solar     : mean= 0.949, std= 0.049, min= 0.813, max= 1.000
[04:53:45]   diesel    : mean= 0.962, std= 0.057, min= 0.801, max= 1.000
[04:53:45]   battery   : mean= 0.664, std= 0.425, min=-0.827, max= 1.000
[04:53:45]   customer  : mean= 0.370, std= 0.157, min= 0.067, max= 0.714
[04:53:45] 
📊 生成可视化图表...
[04:53:45]   ✓ 训练曲线: debug_plots/training_ep0090.png
[04:53:45]   ✓ Agent分析: debug_plots/agents_ep0090.png
[04:53:45] 
======================================================================
[04:53:45] Episode 91/200
[04:53:45] ======================================================================
[04:53:45] 总奖励: 42790.33 | 步数: 24
[04:53:45] 最近10个episodes平均: 44153.57
[04:53:45] 各Agent奖励:
[04:53:45]   wind      : 27308.633
[04:53:45]   solar     : 4502.068
[04:53:45]   diesel    : 11400.595
[04:53:45]   battery   :   34.969
[04:53:45]   customer  : -455.933
[04:53:45] Buffer大小:  2304
[04:53:45] 噪声水平: 0.0908
[04:53:45] 
动作统计:
[04:53:45]   wind      : mean= 0.963, std= 0.053, min= 0.833, max= 1.000
[04:53:45]   solar     : mean= 0.937, std= 0.079, min= 0.714, max= 1.000
[04:53:45]   diesel    : mean= 0.957, std= 0.050, min= 0.805, max= 1.000
[04:53:45]   battery   : mean= 0.695, std= 0.418, min=-0.699, max= 1.000
[04:53:45]   customer  : mean= 0.370, std= 0.228, min=-0.178, max= 0.775
[04:53:46] 
======================================================================
[04:53:46] Episode 92/200
[04:53:46] ======================================================================
[04:53:46] 总奖励: 39756.21 | 步数: 24
[04:53:46] 最近10个episodes平均: 43608.57
[04:53:46] 各Agent奖励:
[04:53:46]   wind      : 21413.207
[04:53:46]   solar     : 4194.955
[04:53:46]   diesel    : 14560.845
[04:53:46]   battery   :   38.519
[04:53:46]   customer  : -451.317
[04:53:46] Buffer大小:  2328
[04:53:46] 噪声水平: 0.0908
[04:53:46] 
动作统计:
[04:53:46]   wind      : mean= 0.977, std= 0.041, min= 0.838, max= 1.000
[04:53:46]   solar     : mean= 0.952, std= 0.067, min= 0.743, max= 1.000
[04:53:46]   diesel    : mean= 0.972, std= 0.040, min= 0.842, max= 1.000
[04:53:46]   battery   : mean= 0.681, std= 0.425, min=-0.641, max= 1.000
[04:53:46]   customer  : mean= 0.402, std= 0.189, min= 0.076, max= 0.725
[04:53:46] 
======================================================================
[04:53:46] Episode 93/200
[04:53:46] ======================================================================
[04:53:46] 总奖励: 43986.58 | 步数: 24
[04:53:46] 最近10个episodes平均: 43526.99
[04:53:46] 各Agent奖励:
[04:53:46]   wind      : 26498.831
[04:53:46]   solar     : 7564.622
[04:53:46]   diesel    : 10346.605
[04:53:46]   battery   :   33.080
[04:53:46]   customer  : -456.554
[04:53:46] Buffer大小:  2352
[04:53:46] 噪声水平: 0.0907
[04:53:46] 
动作统计:
[04:53:46]   wind      : mean= 0.968, std= 0.060, min= 0.774, max= 1.000
[04:53:46]   solar     : mean= 0.942, std= 0.081, min= 0.715, max= 1.000
[04:53:46]   diesel    : mean= 0.966, std= 0.044, min= 0.810, max= 1.000
[04:53:46]   battery   : mean= 0.700, std= 0.402, min=-0.712, max= 1.000
[04:53:46]   customer  : mean= 0.365, std= 0.205, min=-0.105, max= 0.665
[04:53:46] 
======================================================================
[04:53:46] Episode 94/200
[04:53:46] ======================================================================
[04:53:46] 总奖励: 39773.03 | 步数: 24
[04:53:46] 最近10个episodes平均: 43100.02
[04:53:46] 各Agent奖励:
[04:53:46]   wind      : 15497.920
[04:53:46]   solar     : 5047.367
[04:53:46]   diesel    : 19662.144
[04:53:46]   battery   :   14.604
[04:53:46]   customer  : -449.000
[04:53:46] Buffer大小:  2376
[04:53:46] 噪声水平: 0.0906
[04:53:46] 
动作统计:
[04:53:46]   wind      : mean= 0.987, std= 0.025, min= 0.922, max= 1.000
[04:53:46]   solar     : mean= 0.926, std= 0.093, min= 0.680, max= 1.000
[04:53:46]   diesel    : mean= 0.963, std= 0.051, min= 0.826, max= 1.000
[04:53:46]   battery   : mean= 0.715, std= 0.403, min=-0.590, max= 1.000
[04:53:46]   customer  : mean= 0.408, std= 0.246, min= 0.024, max= 0.830
[04:53:46] 
======================================================================
[04:53:46] Episode 95/200
[04:53:46] ======================================================================
[04:53:46] 总奖励: 40927.01 | 步数: 24
[04:53:46] 最近10个episodes平均: 42819.00
[04:53:46] 各Agent奖励:
[04:53:46]   wind      : 19390.030
[04:53:46]   solar     : 3168.353
[04:53:46]   diesel    : 18803.098
[04:53:46]   battery   :   34.533
[04:53:46]   customer  : -468.999
[04:53:46] Buffer大小:  2400
[04:53:46] 噪声水平: 0.0905
[04:53:46] 
动作统计:
[04:53:46]   wind      : mean= 0.975, std= 0.041, min= 0.852, max= 1.000
[04:53:46]   solar     : mean= 0.941, std= 0.068, min= 0.782, max= 1.000
[04:53:46]   diesel    : mean= 0.966, std= 0.046, min= 0.828, max= 1.000
[04:53:46]   battery   : mean= 0.731, std= 0.403, min=-0.787, max= 1.000
[04:53:46]   customer  : mean= 0.392, std= 0.185, min= 0.073, max= 0.710
[04:53:46] 
======================================================================
[04:53:46] Episode 96/200
[04:53:46] ======================================================================
[04:53:46] 总奖励: 40568.54 | 步数: 24
[04:53:46] 最近10个episodes平均: 42161.16
[04:53:46] 各Agent奖励:
[04:53:46]   wind      : 15452.897
[04:53:46]   solar     : 8600.569
[04:53:46]   diesel    : 16943.435
[04:53:46]   battery   :   33.381
[04:53:46]   customer  : -461.738
[04:53:46] Buffer大小:  2424
[04:53:46] 噪声水平: 0.0904
[04:53:46] 
动作统计:
[04:53:46]   wind      : mean= 0.965, std= 0.062, min= 0.760, max= 1.000
[04:53:46]   solar     : mean= 0.936, std= 0.064, min= 0.801, max= 1.000
[04:53:46]   diesel    : mean= 0.966, std= 0.048, min= 0.812, max= 1.000
[04:53:46]   battery   : mean= 0.738, std= 0.391, min=-0.714, max= 1.000
[04:53:46]   customer  : mean= 0.405, std= 0.213, min= 0.070, max= 0.814
[04:53:47] 
======================================================================
[04:53:47] Episode 97/200
[04:53:47] ======================================================================
[04:53:47] 总奖励: 41028.54 | 步数: 24
[04:53:47] 最近10个episodes平均: 41753.11
[04:53:47] 各Agent奖励:
[04:53:47]   wind      : 22812.689
[04:53:47]   solar     : 3026.818
[04:53:47]   diesel    : 15612.676
[04:53:47]   battery   :   18.832
[04:53:47]   customer  : -442.472
[04:53:47] Buffer大小:  2448
[04:53:47] 噪声水平: 0.0903
[04:53:47] 
动作统计:
[04:53:47]   wind      : mean= 0.943, std= 0.038, min= 0.865, max= 1.000
[04:53:47]   solar     : mean= 0.930, std= 0.077, min= 0.703, max= 1.000
[04:53:47]   diesel    : mean= 0.973, std= 0.050, min= 0.787, max= 1.000
[04:53:47]   battery   : mean= 0.753, std= 0.360, min=-0.403, max= 1.000
[04:53:47]   customer  : mean= 0.387, std= 0.199, min= 0.014, max= 0.682
[04:53:47] 
======================================================================
[04:53:47] Episode 98/200
[04:53:47] ======================================================================
[04:53:47] 总奖励: 40048.66 | 步数: 24
[04:53:47] 最近10个episodes平均: 41568.04
[04:53:47] 各Agent奖励:
[04:53:47]   wind      : 18304.104
[04:53:47]   solar     : 6507.954
[04:53:47]   diesel    : 15655.287
[04:53:47]   battery   :    0.174
[04:53:47]   customer  : -418.860
[04:53:47] Buffer大小:  2472
[04:53:47] 噪声水平: 0.0902
[04:53:47] 
动作统计:
[04:53:47]   wind      : mean= 0.970, std= 0.044, min= 0.853, max= 1.000
[04:53:47]   solar     : mean= 0.926, std= 0.070, min= 0.698, max= 1.000
[04:53:47]   diesel    : mean= 0.967, std= 0.057, min= 0.770, max= 1.000
[04:53:47]   battery   : mean= 0.767, std= 0.365, min=-0.574, max= 1.000
[04:53:47]   customer  : mean= 0.405, std= 0.201, min= 0.038, max= 0.769
[04:53:47] 
======================================================================
[04:53:47] Episode 99/200
[04:53:47] ======================================================================
[04:53:47] 总奖励: 41343.40 | 步数: 24
[04:53:47] 最近10个episodes平均: 41479.63
[04:53:47] 各Agent奖励:
[04:53:47]   wind      : 19683.589
[04:53:47]   solar     : 4908.894
[04:53:47]   diesel    : 17185.163
[04:53:47]   battery   :   18.496
[04:53:47]   customer  : -452.738
[04:53:47] Buffer大小:  2496
[04:53:47] 噪声水平: 0.0901
[04:53:47] 
动作统计:
[04:53:47]   wind      : mean= 0.955, std= 0.061, min= 0.743, max= 1.000
[04:53:47]   solar     : mean= 0.905, std= 0.103, min= 0.651, max= 1.000
[04:53:47]   diesel    : mean= 0.969, std= 0.044, min= 0.833, max= 1.000
[04:53:47]   battery   : mean= 0.786, std= 0.346, min=-0.506, max= 1.000
[04:53:47]   customer  : mean= 0.397, std= 0.213, min= 0.045, max= 0.765
[04:53:47] 
======================================================================
[04:53:47] Episode 100/200
[04:53:47] ======================================================================
[04:53:47] 总奖励: 40503.52 | 步数: 24
[04:53:47] 最近10个episodes平均: 41072.58
[04:53:47] 各Agent奖励:
[04:53:47]   wind      : 16172.404
[04:53:47]   solar     : 5572.612
[04:53:47]   diesel    : 19187.625
[04:53:47]   battery   :   40.379
[04:53:47]   customer  : -469.496
[04:53:47] Buffer大小:  2520
[04:53:47] 噪声水平: 0.0900
[04:53:47] 
动作统计:
[04:53:47]   wind      : mean= 0.962, std= 0.047, min= 0.871, max= 1.000
[04:53:47]   solar     : mean= 0.895, std= 0.103, min= 0.697, max= 1.000
[04:53:47]   diesel    : mean= 0.965, std= 0.051, min= 0.821, max= 1.000
[04:53:47]   battery   : mean= 0.795, std= 0.329, min=-0.491, max= 1.000
[04:53:47]   customer  : mean= 0.382, std= 0.222, min= 0.038, max= 0.886
[04:53:47] 
📊 生成可视化图表...
[04:53:48]   ✓ 训练曲线: debug_plots/training_ep0100.png
[04:53:48]   ✓ Agent分析: debug_plots/agents_ep0100.png
[04:53:48] 💾 保存检查点: debug_checkpoints/debug_maddpg_20251124_045324_ep0100.pt
[04:53:48] 
======================================================================
[04:53:48] Episode 101/200
[04:53:48] ======================================================================
[04:53:48] 总奖励: 39303.15 | 步数: 24
[04:53:48] 最近10个episodes平均: 40723.87
[04:53:48] 各Agent奖励:
[04:53:48]   wind      : 23043.268
[04:53:48]   solar     : 7326.222
[04:53:48]   diesel    : 9334.934
[04:53:48]   battery   :   27.238
[04:53:48]   customer  : -428.512
[04:53:48] Buffer大小:  2544
[04:53:48] 噪声水平: 0.0899
[04:53:48] 
动作统计:
[04:53:48]   wind      : mean= 0.980, std= 0.031, min= 0.900, max= 1.000
[04:53:48]   solar     : mean= 0.892, std= 0.136, min= 0.539, max= 1.000
[04:53:48]   diesel    : mean= 0.975, std= 0.041, min= 0.796, max= 1.000
[04:53:48]   battery   : mean= 0.796, std= 0.305, min=-0.423, max= 1.000
[04:53:48]   customer  : mean= 0.420, std= 0.222, min= 0.059, max= 0.763
[04:53:48] 
======================================================================
[04:53:48] Episode 102/200
[04:53:48] ======================================================================
[04:53:48] 总奖励: 38321.97 | 步数: 24
[04:53:48] 最近10个episodes平均: 40580.44
[04:53:48] 各Agent奖励:
[04:53:48]   wind      : 17471.609
[04:53:48]   solar     : 4629.875
[04:53:48]   diesel    : 16627.803
[04:53:48]   battery   :    4.975
[04:53:48]   customer  : -412.294
[04:53:48] Buffer大小:  2568
[04:53:48] 噪声水平: 0.0898
[04:53:48] 
动作统计:
[04:53:48]   wind      : mean= 0.961, std= 0.055, min= 0.826, max= 1.000
[04:53:48]   solar     : mean= 0.880, std= 0.150, min= 0.489, max= 1.000
[04:53:48]   diesel    : mean= 0.956, std= 0.063, min= 0.765, max= 1.000
[04:53:48]   battery   : mean= 0.803, std= 0.312, min=-0.381, max= 1.000
[04:53:48]   customer  : mean= 0.397, std= 0.221, min= 0.040, max= 0.735
[04:53:48] 
======================================================================
[04:53:48] Episode 103/200
[04:53:48] ======================================================================
[04:53:48] 总奖励: 37488.22 | 步数: 24
[04:53:48] 最近10个episodes平均: 39930.61
[04:53:48] 各Agent奖励:
[04:53:48]   wind      : 16228.487
[04:53:48]   solar     : 7815.080
[04:53:48]   diesel    : 13841.725
[04:53:48]   battery   :    9.578
[04:53:48]   customer  : -406.647
[04:53:48] Buffer大小:  2592
[04:53:48] 噪声水平: 0.0898
[04:53:48] 
动作统计:
[04:53:48]   wind      : mean= 0.956, std= 0.043, min= 0.874, max= 1.000
[04:53:48]   solar     : mean= 0.822, std= 0.191, min= 0.429, max= 1.000
[04:53:48]   diesel    : mean= 0.956, std= 0.052, min= 0.786, max= 1.000
[04:53:48]   battery   : mean= 0.804, std= 0.290, min=-0.097, max= 1.000
[04:53:48]   customer  : mean= 0.412, std= 0.196, min= 0.047, max= 0.728
[04:53:48] 
======================================================================
[04:53:48] Episode 104/200
[04:53:48] ======================================================================
[04:53:48] 总奖励: 41022.35 | 步数: 24
[04:53:48] 最近10个episodes平均: 40055.54
[04:53:48] 各Agent奖励:
[04:53:48]   wind      : 26840.861
[04:53:48]   solar     : 7364.908
[04:53:48]   diesel    : 7212.270
[04:53:48]   battery   :   29.093
[04:53:48]   customer  : -424.783
[04:53:48] Buffer大小:  2616
[04:53:48] 噪声水平: 0.0897
[04:53:48] 
动作统计:
[04:53:48]   wind      : mean= 0.951, std= 0.056, min= 0.847, max= 1.000
[04:53:48]   solar     : mean= 0.816, std= 0.188, min= 0.430, max= 1.000
[04:53:48]   diesel    : mean= 0.977, std= 0.036, min= 0.844, max= 1.000
[04:53:48]   battery   : mean= 0.818, std= 0.274, min=-0.309, max= 1.000
[04:53:48]   customer  : mean= 0.389, std= 0.226, min=-0.003, max= 0.889
[04:53:48] 
======================================================================
[04:53:48] Episode 105/200
[04:53:48] ======================================================================
[04:53:48] 总奖励: 38421.73 | 步数: 24
[04:53:48] 最近10个episodes平均: 39805.01
[04:53:48] 各Agent奖励:
[04:53:48]   wind      : 17475.166
[04:53:48]   solar     : 5408.319
[04:53:48]   diesel    : 15948.338
[04:53:48]   battery   :   26.748
[04:53:48]   customer  : -436.837
[04:53:48] Buffer大小:  2640
[04:53:48] 噪声水平: 0.0896
[04:53:48] 
动作统计:
[04:53:48]   wind      : mean= 0.943, std= 0.064, min= 0.806, max= 1.000
[04:53:48]   solar     : mean= 0.751, std= 0.284, min= 0.196, max= 1.000
[04:53:48]   diesel    : mean= 0.959, std= 0.060, min= 0.768, max= 1.000
[04:53:48]   battery   : mean= 0.841, std= 0.262, min=-0.104, max= 1.000
[04:53:48]   customer  : mean= 0.410, std= 0.206, min=-0.063, max= 0.790
[04:53:49] 
======================================================================
[04:53:49] Episode 106/200
[04:53:49] ======================================================================
[04:53:49] 总奖励: 39695.80 | 步数: 24
[04:53:49] 最近10个episodes平均: 39717.74
[04:53:49] 各Agent奖励:
[04:53:49]   wind      : 16637.559
[04:53:49]   solar     : 6914.228
[04:53:49]   diesel    : 16564.925
[04:53:49]   battery   :   18.507
[04:53:49]   customer  : -439.420
[04:53:49] Buffer大小:  2664
[04:53:49] 噪声水平: 0.0895
[04:53:49] 
动作统计:
[04:53:49]   wind      : mean= 0.965, std= 0.050, min= 0.819, max= 1.000
[04:53:49]   solar     : mean= 0.691, std= 0.375, min=-0.061, max= 1.000
[04:53:49]   diesel    : mean= 0.960, std= 0.055, min= 0.771, max= 1.000
[04:53:49]   battery   : mean= 0.824, std= 0.245, min=-0.120, max= 1.000
[04:53:49]   customer  : mean= 0.402, std= 0.189, min= 0.100, max= 0.714
[04:53:49] 
======================================================================
[04:53:49] Episode 107/200
[04:53:49] ======================================================================
[04:53:49] 总奖励: 40353.28 | 步数: 24
[04:53:49] 最近10个episodes平均: 39650.21
[04:53:49] 各Agent奖励:
[04:53:49]   wind      : 16647.123
[04:53:49]   solar     : 4708.149
[04:53:49]   diesel    : 19424.006
[04:53:49]   battery   :   41.087
[04:53:49]   customer  : -467.083
[04:53:49] Buffer大小:  2688
[04:53:49] 噪声水平: 0.0894
[04:53:49] 
动作统计:
[04:53:49]   wind      : mean= 0.984, std= 0.025, min= 0.893, max= 1.000
[04:53:49]   solar     : mean= 0.653, std= 0.440, min=-0.160, max= 1.000
[04:53:49]   diesel    : mean= 0.971, std= 0.051, min= 0.819, max= 1.000
[04:53:49]   battery   : mean= 0.862, std= 0.212, min=-0.045, max= 1.000
[04:53:49]   customer  : mean= 0.384, std= 0.200, min= 0.007, max= 0.726
[04:53:49] 
======================================================================
[04:53:49] Episode 108/200
[04:53:49] ======================================================================
[04:53:49] 总奖励: 38792.22 | 步数: 24
[04:53:49] 最近10个episodes平均: 39524.57
[04:53:49] 各Agent奖励:
[04:53:49]   wind      : 20082.856
[04:53:49]   solar     : 5086.555
[04:53:49]   diesel    : 14029.046
[04:53:49]   battery   :   31.679
[04:53:49]   customer  : -437.913
[04:53:49] Buffer大小:  2712
[04:53:49] 噪声水平: 0.0893
[04:53:49] 
动作统计:
[04:53:49]   wind      : mean= 0.960, std= 0.045, min= 0.832, max= 1.000
[04:53:49]   solar     : mean= 0.606, std= 0.485, min=-0.276, max= 1.000
[04:53:49]   diesel    : mean= 0.980, std= 0.038, min= 0.852, max= 1.000
[04:53:49]   battery   : mean= 0.852, std= 0.221, min=-0.046, max= 1.000
[04:53:49]   customer  : mean= 0.406, std= 0.223, min= 0.041, max= 0.748
[04:53:50] 
======================================================================
[04:53:50] Episode 109/200
[04:53:50] ======================================================================
[04:53:50] 总奖励: 41711.17 | 步数: 24
[04:53:50] 最近10个episodes平均: 39561.34
[04:53:50] 各Agent奖励:
[04:53:50]   wind      : 22384.344
[04:53:50]   solar     : 8163.258
[04:53:50]   diesel    : 11576.332
[04:53:50]   battery   :   28.256
[04:53:50]   customer  : -441.018
[04:53:50] Buffer大小:  2736
[04:53:50] 噪声水平: 0.0892
[04:53:50] 
动作统计:
[04:53:50]   wind      : mean= 0.953, std= 0.064, min= 0.807, max= 1.000
[04:53:50]   solar     : mean= 0.566, std= 0.554, min=-0.432, max= 1.000
[04:53:50]   diesel    : mean= 0.966, std= 0.043, min= 0.828, max= 1.000
[04:53:50]   battery   : mean= 0.860, std= 0.208, min= 0.113, max= 1.000
[04:53:50]   customer  : mean= 0.374, std= 0.212, min= 0.053, max= 0.721
[04:53:50] 
======================================================================
[04:53:50] Episode 110/200
[04:53:50] ======================================================================
[04:53:50] 总奖励: 39092.75 | 步数: 24
[04:53:50] 最近10个episodes平均: 39420.26
[04:53:50] 各Agent奖励:
[04:53:50]   wind      : 14871.317
[04:53:50]   solar     : 5125.367
[04:53:50]   diesel    : 19518.830
[04:53:50]   battery   :   31.679
[04:53:50]   customer  : -454.445
[04:53:50] Buffer大小:  2760
[04:53:50] 噪声水平: 0.0891
[04:53:50] 
动作统计:
[04:53:50]   wind      : mean= 0.962, std= 0.050, min= 0.821, max= 1.000
[04:53:50]   solar     : mean= 0.523, std= 0.622, min=-0.535, max= 1.000
[04:53:50]   diesel    : mean= 0.969, std= 0.039, min= 0.857, max= 1.000
[04:53:50]   battery   : mean= 0.870, std= 0.197, min= 0.196, max= 1.000
[04:53:50]   customer  : mean= 0.393, std= 0.221, min= 0.004, max= 0.878
[04:53:50] 
📊 生成可视化图表...
[04:53:50]   ✓ 训练曲线: debug_plots/training_ep0110.png
[04:53:50]   ✓ Agent分析: debug_plots/agents_ep0110.png
[04:53:51] 
======================================================================
[04:53:51] Episode 111/200
[04:53:51] ======================================================================
[04:53:51] 总奖励: 41521.36 | 步数: 24
[04:53:51] 最近10个episodes平均: 39642.09
[04:53:51] 各Agent奖励:
[04:53:51]   wind      : 11780.463
[04:53:51]   solar     : 8430.834
[04:53:51]   diesel    : 21760.651
[04:53:51]   battery   :   26.350
[04:53:51]   customer  : -476.936
[04:53:51] Buffer大小:  2784
[04:53:51] 噪声水平: 0.0890
[04:53:51] 
动作统计:
[04:53:51]   wind      : mean= 0.978, std= 0.046, min= 0.793, max= 1.000
[04:53:51]   solar     : mean= 0.498, std= 0.644, min=-0.638, max= 1.000
[04:53:51]   diesel    : mean= 0.971, std= 0.043, min= 0.809, max= 1.000
[04:53:51]   battery   : mean= 0.862, std= 0.198, min= 0.124, max= 1.000
[04:53:51]   customer  : mean= 0.399, std= 0.212, min= 0.051, max= 0.766
[04:53:51] 
======================================================================
[04:53:51] Episode 112/200
[04:53:51] ======================================================================
[04:53:51] 总奖励: 39948.67 | 步数: 24
[04:53:51] 最近10个episodes平均: 39804.76
[04:53:51] 各Agent奖励:
[04:53:51]   wind      : 22594.159
[04:53:51]   solar     : 5368.779
[04:53:51]   diesel    : 12392.830
[04:53:51]   battery   :   27.465
[04:53:51]   customer  : -434.568
[04:53:51] Buffer大小:  2808
[04:53:51] 噪声水平: 0.0890
[04:53:51] 
动作统计:
[04:53:51]   wind      : mean= 0.960, std= 0.055, min= 0.824, max= 1.000
[04:53:51]   solar     : mean= 0.466, std= 0.685, min=-0.680, max= 1.000
[04:53:51]   diesel    : mean= 0.964, std= 0.055, min= 0.793, max= 1.000
[04:53:51]   battery   : mean= 0.844, std= 0.222, min= 0.071, max= 1.000
[04:53:51]   customer  : mean= 0.407, std= 0.199, min= 0.007, max= 0.771
[04:53:51] 
======================================================================
[04:53:51] Episode 113/200
[04:53:51] ======================================================================
[04:53:51] 总奖励: 37853.47 | 步数: 24
[04:53:51] 最近10个episodes平均: 39841.28
[04:53:51] 各Agent奖励:
[04:53:51]   wind      : 14614.125
[04:53:51]   solar     : 6805.799
[04:53:51]   diesel    : 16844.065
[04:53:51]   battery   :   25.131
[04:53:51]   customer  : -435.653
[04:53:51] Buffer大小:  2832
[04:53:51] 噪声水平: 0.0889
[04:53:51] 
动作统计:
[04:53:51]   wind      : mean= 0.972, std= 0.043, min= 0.842, max= 1.000
[04:53:51]   solar     : mean= 0.446, std= 0.704, min=-0.744, max= 1.000
[04:53:51]   diesel    : mean= 0.966, std= 0.045, min= 0.846, max= 1.000
[04:53:51]   battery   : mean= 0.862, std= 0.192, min= 0.106, max= 1.000
[04:53:51]   customer  : mean= 0.422, std= 0.230, min=-0.052, max= 0.909
[04:53:51] 
======================================================================
[04:53:51] Episode 114/200
[04:53:51] ======================================================================
[04:53:51] 总奖励: 38251.70 | 步数: 24
[04:53:51] 最近10个episodes平均: 39564.22
[04:53:51] 各Agent奖励:
[04:53:51]   wind      : 15296.353
[04:53:51]   solar     : 5726.617
[04:53:51]   diesel    : 17643.747
[04:53:51]   battery   :   33.877
[04:53:51]   customer  : -448.890
[04:53:51] Buffer大小:  2856
[04:53:51] 噪声水平: 0.0888
[04:53:51] 
动作统计:
[04:53:51]   wind      : mean= 0.976, std= 0.036, min= 0.870, max= 1.000
[04:53:51]   solar     : mean= 0.424, std= 0.733, min=-0.779, max= 1.000
[04:53:51]   diesel    : mean= 0.961, std= 0.041, min= 0.856, max= 1.000
[04:53:51]   battery   : mean= 0.868, std= 0.165, min= 0.292, max= 1.000
[04:53:51]   customer  : mean= 0.419, std= 0.217, min=-0.044, max= 0.707
[04:53:51] 
======================================================================
[04:53:51] Episode 115/200
[04:53:51] ======================================================================
[04:53:51] 总奖励: 38272.15 | 步数: 24
[04:53:51] 最近10个episodes平均: 39549.26
[04:53:51] 各Agent奖励:
[04:53:51]   wind      : 22143.395
[04:53:51]   solar     : 5646.245
[04:53:51]   diesel    : 10872.801
[04:53:51]   battery   :   40.653
[04:53:51]   customer  : -430.947
[04:53:51] Buffer大小:  2880
[04:53:51] 噪声水平: 0.0887
[04:53:51] 
动作统计:
[04:53:51]   wind      : mean= 0.945, std= 0.065, min= 0.774, max= 1.000
[04:53:51]   solar     : mean= 0.420, std= 0.766, min=-0.848, max= 1.000
[04:53:51]   diesel    : mean= 0.977, std= 0.041, min= 0.797, max= 1.000
[04:53:51]   battery   : mean= 0.879, std= 0.185, min= 0.152, max= 1.000
[04:53:51]   customer  : mean= 0.395, std= 0.237, min=-0.036, max= 0.829
[04:53:52] 
======================================================================
[04:53:52] Episode 116/200
[04:53:52] ======================================================================
[04:53:52] 总奖励: 40454.75 | 步数: 24
[04:53:52] 最近10个episodes平均: 39625.15
[04:53:52] 各Agent奖励:
[04:53:52]   wind      : 18632.651
[04:53:52]   solar     : 3485.953
[04:53:52]   diesel    : 18761.108
[04:53:52]   battery   :   36.159
[04:53:52]   customer  : -461.123
[04:53:52] Buffer大小:  2904
[04:53:52] 噪声水平: 0.0886
[04:53:52] 
动作统计:
[04:53:52]   wind      : mean= 0.964, std= 0.053, min= 0.793, max= 1.000
[04:53:52]   solar     : mean= 0.430, std= 0.781, min=-0.873, max= 1.000
[04:53:52]   diesel    : mean= 0.970, std= 0.037, min= 0.886, max= 1.000
[04:53:52]   battery   : mean= 0.894, std= 0.132, min= 0.424, max= 1.000
[04:53:52]   customer  : mean= 0.369, std= 0.225, min=-0.052, max= 0.721
[04:53:52] 
======================================================================
[04:53:52] Episode 117/200
[04:53:52] ======================================================================
[04:53:52] 总奖励: 38495.55 | 步数: 24
[04:53:52] 最近10个episodes平均: 39439.38
[04:53:52] 各Agent奖励:
[04:53:52]   wind      : 14178.940
[04:53:52]   solar     : 8933.439
[04:53:52]   diesel    : 15792.460
[04:53:52]   battery   :   33.274
[04:53:52]   customer  : -442.561
[04:53:52] Buffer大小:  2928
[04:53:52] 噪声水平: 0.0885
[04:53:52] 
动作统计:
[04:53:52]   wind      : mean= 0.967, std= 0.050, min= 0.821, max= 1.000
[04:53:52]   solar     : mean= 0.407, std= 0.765, min=-0.792, max= 1.000
[04:53:52]   diesel    : mean= 0.957, std= 0.051, min= 0.811, max= 1.000
[04:53:52]   battery   : mean= 0.902, std= 0.149, min= 0.354, max= 1.000
[04:53:52]   customer  : mean= 0.398, std= 0.238, min=-0.111, max= 0.716
[04:53:52] 
======================================================================
[04:53:52] Episode 118/200
[04:53:52] ======================================================================
[04:53:52] 总奖励: 42677.16 | 步数: 24
[04:53:52] 最近10个episodes平均: 39827.87
[04:53:52] 各Agent奖励:
[04:53:52]   wind      : 24723.733
[04:53:52]   solar     : 3916.995
[04:53:52]   diesel    : 14467.333
[04:53:52]   battery   :   43.562
[04:53:52]   customer  : -474.465
[04:53:52] Buffer大小:  2952
[04:53:52] 噪声水平: 0.0884
[04:53:52] 
动作统计:
[04:53:52]   wind      : mean= 0.971, std= 0.044, min= 0.836, max= 1.000
[04:53:52]   solar     : mean= 0.414, std= 0.776, min=-0.816, max= 1.000
[04:53:52]   diesel    : mean= 0.969, std= 0.048, min= 0.811, max= 1.000
[04:53:52]   battery   : mean= 0.913, std= 0.119, min= 0.494, max= 1.000
[04:53:52]   customer  : mean= 0.380, std= 0.233, min=-0.093, max= 0.759
[04:53:52] 
======================================================================
[04:53:52] Episode 119/200
[04:53:52] ======================================================================
[04:53:52] 总奖励: 38353.35 | 步数: 24
[04:53:52] 最近10个episodes平均: 39492.09
[04:53:52] 各Agent奖励:
[04:53:52]   wind      : 17147.336
[04:53:52]   solar     : 3284.308
[04:53:52]   diesel    : 18338.622
[04:53:52]   battery   :   35.598
[04:53:52]   customer  : -452.513
[04:53:52] Buffer大小:  2976
[04:53:52] 噪声水平: 0.0883
[04:53:52] 
动作统计:
[04:53:52]   wind      : mean= 0.966, std= 0.044, min= 0.860, max= 1.000
[04:53:52]   solar     : mean= 0.406, std= 0.783, min=-0.895, max= 1.000
[04:53:52]   diesel    : mean= 0.957, std= 0.060, min= 0.775, max= 1.000
[04:53:52]   battery   : mean= 0.910, std= 0.130, min= 0.540, max= 1.000
[04:53:52]   customer  : mean= 0.399, std= 0.246, min=-0.111, max= 0.796
[04:53:52] 
======================================================================
[04:53:52] Episode 120/200
[04:53:52] ======================================================================
[04:53:52] 总奖励: 39252.80 | 步数: 24
[04:53:52] 最近10个episodes平均: 39508.10
[04:53:52] 各Agent奖励:
[04:53:52]   wind      : 18847.052
[04:53:52]   solar     : 7377.688
[04:53:52]   diesel    : 13433.401
[04:53:52]   battery   :   40.331
[04:53:52]   customer  : -445.673
[04:53:52] Buffer大小:  3000
[04:53:52] 噪声水平: 0.0882
[04:53:52] 
动作统计:
[04:53:52]   wind      : mean= 0.952, std= 0.054, min= 0.832, max= 1.000
[04:53:52]   solar     : mean= 0.355, std= 0.854, min=-1.000, max= 1.000
[04:53:52]   diesel    : mean= 0.965, std= 0.049, min= 0.775, max= 1.000
[04:53:52]   battery   : mean= 0.903, std= 0.128, min= 0.514, max= 1.000
[04:53:52]   customer  : mean= 0.384, std= 0.243, min= 0.004, max= 0.821
[04:53:52] 
📊 生成可视化图表...
[04:53:53]   ✓ 训练曲线: debug_plots/training_ep0120.png
[04:53:53]   ✓ Agent分析: debug_plots/agents_ep0120.png
[04:53:53] 
======================================================================
[04:53:53] Episode 121/200
[04:53:53] ======================================================================
[04:53:53] 总奖励: 40979.81 | 步数: 24
[04:53:53] 最近10个episodes平均: 39453.94
[04:53:53] 各Agent奖励:
[04:53:53]   wind      : 24165.748
[04:53:53]   solar     : 1438.214
[04:53:53]   diesel    : 15800.534
[04:53:53]   battery   :   36.855
[04:53:53]   customer  : -461.544
[04:53:53] Buffer大小:  3024
[04:53:53] 噪声水平: 0.0882
[04:53:53] 
动作统计:
[04:53:53]   wind      : mean= 0.968, std= 0.043, min= 0.867, max= 1.000
[04:53:53]   solar     : mean= 0.382, std= 0.808, min=-0.962, max= 1.000
[04:53:53]   diesel    : mean= 0.978, std= 0.033, min= 0.894, max= 1.000
[04:53:53]   battery   : mean= 0.921, std= 0.089, min= 0.574, max= 1.000
[04:53:53]   customer  : mean= 0.378, std= 0.229, min=-0.068, max= 0.700
[04:53:53] 
======================================================================
[04:53:53] Episode 122/200
[04:53:53] ======================================================================
[04:53:53] 总奖励: 39269.94 | 步数: 24
[04:53:53] 最近10个episodes平均: 39386.07
[04:53:53] 各Agent奖励:
[04:53:53]   wind      : 20272.951
[04:53:53]   solar     : 1673.597
[04:53:53]   diesel    : 17739.992
[04:53:53]   battery   :   34.745
[04:53:53]   customer  : -451.346
[04:53:53] Buffer大小:  3048
[04:53:53] 噪声水平: 0.0881
[04:53:53] 
动作统计:
[04:53:53]   wind      : mean= 0.963, std= 0.048, min= 0.853, max= 1.000
[04:53:53]   solar     : mean= 0.381, std= 0.833, min=-0.970, max= 1.000
[04:53:53]   diesel    : mean= 0.960, std= 0.056, min= 0.803, max= 1.000
[04:53:53]   battery   : mean= 0.924, std= 0.097, min= 0.607, max= 1.000
[04:53:53]   customer  : mean= 0.387, std= 0.235, min=-0.075, max= 0.742
[04:53:53] 
======================================================================
[04:53:53] Episode 123/200
[04:53:53] ======================================================================
[04:53:53] 总奖励: 36395.55 | 步数: 24
[04:53:53] 最近10个episodes平均: 39240.28
[04:53:53] 各Agent奖励:
[04:53:53]   wind      : 20384.301
[04:53:53]   solar     : 7314.856
[04:53:53]   diesel    : 9077.334
[04:53:53]   battery   :   34.062
[04:53:53]   customer  : -415.001
[04:53:53] Buffer大小:  3072
[04:53:53] 噪声水平: 0.0880
[04:53:53] 
动作统计:
[04:53:53]   wind      : mean= 0.956, std= 0.076, min= 0.663, max= 1.000
[04:53:53]   solar     : mean= 0.359, std= 0.848, min=-1.000, max= 1.000
[04:53:53]   diesel    : mean= 0.958, std= 0.065, min= 0.744, max= 1.000
[04:53:53]   battery   : mean= 0.922, std= 0.105, min= 0.565, max= 1.000
[04:53:53]   customer  : mean= 0.415, std= 0.257, min=-0.128, max= 0.807
[04:53:53] 
======================================================================
[04:53:53] Episode 124/200
[04:53:53] ======================================================================
[04:53:53] 总奖励: 40512.67 | 步数: 24
[04:53:53] 最近10个episodes平均: 39466.37
[04:53:53] 各Agent奖励:
[04:53:53]   wind      : 18207.737
[04:53:53]   solar     : 6074.397
[04:53:53]   diesel    : 16656.615
[04:53:53]   battery   :   33.178
[04:53:53]   customer  : -459.253
[04:53:53] Buffer大小:  3096
[04:53:53] 噪声水平: 0.0879
[04:53:53] 
动作统计:
[04:53:53]   wind      : mean= 0.980, std= 0.034, min= 0.878, max= 1.000
[04:53:53]   solar     : mean= 0.351, std= 0.853, min=-0.948, max= 1.000
[04:53:53]   diesel    : mean= 0.968, std= 0.046, min= 0.831, max= 1.000
[04:53:53]   battery   : mean= 0.926, std= 0.100, min= 0.559, max= 1.000
[04:53:53]   customer  : mean= 0.400, std= 0.233, min= 0.088, max= 0.754
[04:53:53] 
======================================================================
[04:53:53] Episode 125/200
[04:53:53] ======================================================================
[04:53:53] 总奖励: 38790.16 | 步数: 24
[04:53:53] 最近10个episodes平均: 39518.17
[04:53:53] 各Agent奖励:
[04:53:53]   wind      : 16478.837
[04:53:53]   solar     : 7140.098
[04:53:53]   diesel    : 15581.858
[04:53:53]   battery   :   36.500
[04:53:53]   customer  : -447.133
[04:53:53] Buffer大小:  3120
[04:53:53] 噪声水平: 0.0878
[04:53:53] 
动作统计:
[04:53:53]   wind      : mean= 0.957, std= 0.044, min= 0.868, max= 1.000
[04:53:53]   solar     : mean= 0.362, std= 0.818, min=-0.903, max= 1.000
[04:53:53]   diesel    : mean= 0.960, std= 0.057, min= 0.792, max= 1.000
[04:53:53]   battery   : mean= 0.920, std= 0.090, min= 0.583, max= 1.000
[04:53:53]   customer  : mean= 0.398, std= 0.227, min=-0.015, max= 0.749
[04:53:54] 
======================================================================
[04:53:54] Episode 126/200
[04:53:54] ======================================================================
[04:53:54] 总奖励: 38710.29 | 步数: 24
[04:53:54] 最近10个episodes平均: 39343.73
[04:53:54] 各Agent奖励:
[04:53:54]   wind      : 16743.611
[04:53:54]   solar     : 9901.344
[04:53:54]   diesel    : 12465.742
[04:53:54]   battery   :   38.653
[04:53:54]   customer  : -439.058
[04:53:54] Buffer大小:  3144
[04:53:54] 噪声水平: 0.0877
[04:53:54] 
动作统计:
[04:53:54]   wind      : mean= 0.965, std= 0.052, min= 0.813, max= 1.000
[04:53:54]   solar     : mean= 0.376, std= 0.846, min=-0.928, max= 1.000
[04:53:54]   diesel    : mean= 0.966, std= 0.046, min= 0.839, max= 1.000
[04:53:54]   battery   : mean= 0.953, std= 0.088, min= 0.615, max= 1.000
[04:53:54]   customer  : mean= 0.401, std= 0.245, min=-0.010, max= 0.816
[04:53:54] 
======================================================================
[04:53:54] Episode 127/200
[04:53:54] ======================================================================
[04:53:54] 总奖励: 38871.57 | 步数: 24
[04:53:54] 最近10个episodes平均: 39381.33
[04:53:54] 各Agent奖励:
[04:53:54]   wind      : 14047.284
[04:53:54]   solar     : 5301.569
[04:53:54]   diesel    : 19948.427
[04:53:54]   battery   :   38.504
[04:53:54]   customer  : -464.214
[04:53:54] Buffer大小:  3168
[04:53:54] 噪声水平: 0.0876
[04:53:54] 
动作统计:
[04:53:54]   wind      : mean= 0.976, std= 0.032, min= 0.875, max= 1.000
[04:53:54]   solar     : mean= 0.358, std= 0.864, min=-1.000, max= 1.000
[04:53:54]   diesel    : mean= 0.961, std= 0.054, min= 0.815, max= 1.000
[04:53:54]   battery   : mean= 0.927, std= 0.084, min= 0.693, max= 1.000
[04:53:54]   customer  : mean= 0.398, std= 0.255, min=-0.133, max= 0.746
[04:53:54] 
======================================================================
[04:53:54] Episode 128/200
[04:53:54] ======================================================================
[04:53:54] 总奖励: 40226.19 | 步数: 24
[04:53:54] 最近10个episodes平均: 39136.23
[04:53:54] 各Agent奖励:
[04:53:54]   wind      : 17451.180
[04:53:54]   solar     : 6317.272
[04:53:54]   diesel    : 16880.649
[04:53:54]   battery   :   38.570
[04:53:54]   customer  : -461.485
[04:53:54] Buffer大小:  3192
[04:53:54] 噪声水平: 0.0875
[04:53:54] 
动作统计:
[04:53:54]   wind      : mean= 0.959, std= 0.057, min= 0.832, max= 1.000
[04:53:54]   solar     : mean= 0.369, std= 0.851, min=-1.000, max= 1.000
[04:53:54]   diesel    : mean= 0.976, std= 0.048, min= 0.771, max= 1.000
[04:53:54]   battery   : mean= 0.945, std= 0.068, min= 0.755, max= 1.000
[04:53:54]   customer  : mean= 0.377, std= 0.273, min=-0.075, max= 0.886
[04:53:54] 
======================================================================
[04:53:54] Episode 129/200
[04:53:54] ======================================================================
[04:53:54] 总奖励: 38458.59 | 步数: 24
[04:53:54] 最近10个episodes平均: 39146.76
[04:53:54] 各Agent奖励:
[04:53:54]   wind      : 13437.057
[04:53:54]   solar     : 7249.861
[04:53:54]   diesel    : 18186.726
[04:53:54]   battery   :   39.981
[04:53:54]   customer  : -455.035
[04:53:54] Buffer大小:  3216
[04:53:54] 噪声水平: 0.0875
[04:53:54] 
动作统计:
[04:53:54]   wind      : mean= 0.965, std= 0.046, min= 0.836, max= 1.000
[04:53:54]   solar     : mean= 0.367, std= 0.851, min=-0.966, max= 1.000
[04:53:54]   diesel    : mean= 0.970, std= 0.043, min= 0.832, max= 1.000
[04:53:54]   battery   : mean= 0.953, std= 0.070, min= 0.666, max= 1.000
[04:53:54]   customer  : mean= 0.386, std= 0.251, min=-0.016, max= 0.791
[04:53:54] 
======================================================================
[04:53:54] Episode 130/200
[04:53:54] ======================================================================
[04:53:54] 总奖励: 40216.87 | 步数: 24
[04:53:54] 最近10个episodes平均: 39243.16
[04:53:54] 各Agent奖励:
[04:53:54]   wind      : 17245.679
[04:53:54]   solar     : 7375.149
[04:53:54]   diesel    : 16019.435
[04:53:54]   battery   :   39.799
[04:53:54]   customer  : -463.196
[04:53:54] Buffer大小:  3240
[04:53:54] 噪声水平: 0.0874
[04:53:54] 
动作统计:
[04:53:54]   wind      : mean= 0.971, std= 0.040, min= 0.852, max= 1.000
[04:53:54]   solar     : mean= 0.360, std= 0.837, min=-0.920, max= 1.000
[04:53:54]   diesel    : mean= 0.959, std= 0.054, min= 0.791, max= 1.000
[04:53:54]   battery   : mean= 0.955, std= 0.069, min= 0.758, max= 1.000
[04:53:54]   customer  : mean= 0.399, std= 0.228, min= 0.008, max= 0.748
[04:53:54] 
📊 生成可视化图表...
[04:53:55]   ✓ 训练曲线: debug_plots/training_ep0130.png
[04:53:55]   ✓ Agent分析: debug_plots/agents_ep0130.png
[04:53:55] 
======================================================================
[04:53:55] Episode 131/200
[04:53:55] ======================================================================
[04:53:55] 总奖励: 39393.92 | 步数: 24
[04:53:55] 最近10个episodes平均: 39084.58
[04:53:55] 各Agent奖励:
[04:53:55]   wind      : 21720.277
[04:53:55]   solar     : 4319.999
[04:53:55]   diesel    : 13765.566
[04:53:55]   battery   :   40.751
[04:53:55]   customer  : -452.669
[04:53:55] Buffer大小:  3264
[04:53:55] 噪声水平: 0.0873
[04:53:55] 
动作统计:
[04:53:55]   wind      : mean= 0.959, std= 0.054, min= 0.797, max= 1.000
[04:53:55]   solar     : mean= 0.360, std= 0.855, min=-1.000, max= 1.000
[04:53:55]   diesel    : mean= 0.967, std= 0.061, min= 0.716, max= 1.000
[04:53:55]   battery   : mean= 0.958, std= 0.051, min= 0.832, max= 1.000
[04:53:55]   customer  : mean= 0.401, std= 0.239, min=-0.063, max= 0.849
[04:53:55] 
======================================================================
[04:53:55] Episode 132/200
[04:53:55] ======================================================================
[04:53:55] 总奖励: 40650.07 | 步数: 24
[04:53:55] 最近10个episodes平均: 39222.59
[04:53:55] 各Agent奖励:
[04:53:55]   wind      : 10420.710
[04:53:55]   solar     : 9928.469
[04:53:55]   diesel    : 20743.998
[04:53:55]   battery   :   38.573
[04:53:55]   customer  : -481.676
[04:53:55] Buffer大小:  3288
[04:53:55] 噪声水平: 0.0872
[04:53:55] 
动作统计:
[04:53:55]   wind      : mean= 0.971, std= 0.047, min= 0.851, max= 1.000
[04:53:55]   solar     : mean= 0.354, std= 0.859, min=-1.000, max= 1.000
[04:53:55]   diesel    : mean= 0.957, std= 0.057, min= 0.807, max= 1.000
[04:53:55]   battery   : mean= 0.949, std= 0.063, min= 0.787, max= 1.000
[04:53:55]   customer  : mean= 0.401, std= 0.250, min=-0.059, max= 0.799
[04:53:55] 
======================================================================
[04:53:55] Episode 133/200
[04:53:55] ======================================================================
[04:53:55] 总奖励: 39793.00 | 步数: 24
[04:53:55] 最近10个episodes平均: 39562.33
[04:53:55] 各Agent奖励:
[04:53:55]   wind      : 17690.158
[04:53:55]   solar     : 5130.706
[04:53:55]   diesel    : 17399.343
[04:53:55]   battery   :   38.110
[04:53:55]   customer  : -465.314
[04:53:55] Buffer大小:  3312
[04:53:55] 噪声水平: 0.0871
[04:53:55] 
动作统计:
[04:53:55]   wind      : mean= 0.975, std= 0.042, min= 0.849, max= 1.000
[04:53:55]   solar     : mean= 0.371, std= 0.864, min=-1.000, max= 1.000
[04:53:55]   diesel    : mean= 0.967, std= 0.040, min= 0.876, max= 1.000
[04:53:55]   battery   : mean= 0.956, std= 0.074, min= 0.702, max= 1.000
[04:53:55]   customer  : mean= 0.395, std= 0.251, min=-0.058, max= 0.703
[04:53:55] 
======================================================================
[04:53:55] Episode 134/200
[04:53:55] ======================================================================
[04:53:55] 总奖励: 41723.19 | 步数: 24
[04:53:55] 最近10个episodes平均: 39683.39
[04:53:55] 各Agent奖励:
[04:53:55]   wind      : 21122.969
[04:53:55]   solar     : 5108.384
[04:53:55]   diesel    : 15919.947
[04:53:55]   battery   :   39.726
[04:53:55]   customer  : -467.834
[04:53:55] Buffer大小:  3336
[04:53:55] 噪声水平: 0.0870
[04:53:55] 
动作统计:
[04:53:55]   wind      : mean= 0.946, std= 0.062, min= 0.748, max= 1.000
[04:53:55]   solar     : mean= 0.378, std= 0.829, min=-1.000, max= 1.000
[04:53:55]   diesel    : mean= 0.968, std= 0.049, min= 0.811, max= 1.000
[04:53:55]   battery   : mean= 0.941, std= 0.072, min= 0.710, max= 1.000
[04:53:55]   customer  : mean= 0.360, std= 0.267, min=-0.101, max= 0.823
[04:53:56] 
======================================================================
[04:53:56] Episode 135/200
[04:53:56] ======================================================================
[04:53:56] 总奖励: 41563.84 | 步数: 24
[04:53:56] 最近10个episodes平均: 39960.75
[04:53:56] 各Agent奖励:
[04:53:56]   wind      : 23403.340
[04:53:56]   solar     : 5395.794
[04:53:56]   diesel    : 13180.658
[04:53:56]   battery   :   40.797
[04:53:56]   customer  : -456.754
[04:53:56] Buffer大小:  3360
[04:53:56] 噪声水平: 0.0869
[04:53:56] 
动作统计:
[04:53:56]   wind      : mean= 0.959, std= 0.042, min= 0.857, max= 1.000
[04:53:56]   solar     : mean= 0.355, std= 0.871, min=-1.000, max= 1.000
[04:53:56]   diesel    : mean= 0.972, std= 0.042, min= 0.842, max= 1.000
[04:53:56]   battery   : mean= 0.949, std= 0.063, min= 0.779, max= 1.000
[04:53:56]   customer  : mean= 0.352, std= 0.254, min=-0.043, max= 0.855
[04:53:56] 
======================================================================
[04:53:56] Episode 136/200
[04:53:56] ======================================================================
[04:53:56] 总奖励: 39149.74 | 步数: 24
[04:53:56] 最近10个episodes平均: 40004.70
[04:53:56] 各Agent奖励:
[04:53:56]   wind      : 21030.680
[04:53:56]   solar     : 6581.330
[04:53:56]   diesel    : 11939.342
[04:53:56]   battery   :   35.854
[04:53:56]   customer  : -437.462
[04:53:56] Buffer大小:  3384
[04:53:56] 噪声水平: 0.0868
[04:53:56] 
动作统计:
[04:53:56]   wind      : mean= 0.963, std= 0.041, min= 0.870, max= 1.000
[04:53:56]   solar     : mean= 0.379, std= 0.841, min=-0.906, max= 1.000
[04:53:56]   diesel    : mean= 0.951, std= 0.056, min= 0.808, max= 1.000
[04:53:56]   battery   : mean= 0.949, std= 0.076, min= 0.605, max= 1.000
[04:53:56]   customer  : mean= 0.367, std= 0.326, min=-0.325, max= 0.926
[04:53:56] 
======================================================================
[04:53:56] Episode 137/200
[04:53:56] ======================================================================
[04:53:56] 总奖励: 38713.86 | 步数: 24
[04:53:56] 最近10个episodes平均: 39988.93
[04:53:56] 各Agent奖励:
[04:53:56]   wind      : 18624.987
[04:53:56]   solar     : 6818.704
[04:53:56]   diesel    : 13678.503
[04:53:56]   battery   :   39.254
[04:53:56]   customer  : -447.590
[04:53:56] Buffer大小:  3408
[04:53:56] 噪声水平: 0.0868
[04:53:56] 
动作统计:
[04:53:56]   wind      : mean= 0.968, std= 0.046, min= 0.845, max= 1.000
[04:53:56]   solar     : mean= 0.371, std= 0.843, min=-1.000, max= 1.000
[04:53:56]   diesel    : mean= 0.960, std= 0.062, min= 0.764, max= 1.000
[04:53:56]   battery   : mean= 0.959, std= 0.053, min= 0.786, max= 1.000
[04:53:56]   customer  : mean= 0.385, std= 0.300, min=-0.183, max= 0.862
[04:53:56] 
======================================================================
[04:53:56] Episode 138/200
[04:53:56] ======================================================================
[04:53:56] 总奖励: 38289.33 | 步数: 24
[04:53:56] 最近10个episodes平均: 39795.24
[04:53:56] 各Agent奖励:
[04:53:56]   wind      : 20574.497
[04:53:56]   solar     : 5121.018
[04:53:56]   diesel    : 12997.277
[04:53:56]   battery   :   36.621
[04:53:56]   customer  : -440.085
[04:53:56] Buffer大小:  3432
[04:53:56] 噪声水平: 0.0867
[04:53:56] 
动作统计:
[04:53:56]   wind      : mean= 0.969, std= 0.043, min= 0.861, max= 1.000
[04:53:56]   solar     : mean= 0.374, std= 0.823, min=-0.939, max= 1.000
[04:53:56]   diesel    : mean= 0.977, std= 0.044, min= 0.840, max= 1.000
[04:53:56]   battery   : mean= 0.951, std= 0.075, min= 0.675, max= 1.000
[04:53:56]   customer  : mean= 0.390, std= 0.286, min=-0.098, max= 0.846
[04:53:57] 
======================================================================
[04:53:57] Episode 139/200
[04:53:57] ======================================================================
[04:53:57] 总奖励: 39671.76 | 步数: 24
[04:53:57] 最近10个episodes平均: 39916.56
[04:53:57] 各Agent奖励:
[04:53:57]   wind      : 20457.352
[04:53:57]   solar     : 2332.947
[04:53:57]   diesel    : 17307.521
[04:53:57]   battery   :   42.904
[04:53:57]   customer  : -468.964
[04:53:57] Buffer大小:  3456
[04:53:57] 噪声水平: 0.0866
[04:53:57] 
动作统计:
[04:53:57]   wind      : mean= 0.959, std= 0.069, min= 0.684, max= 1.000
[04:53:57]   solar     : mean= 0.376, std= 0.841, min=-0.931, max= 1.000
[04:53:57]   diesel    : mean= 0.969, std= 0.042, min= 0.870, max= 1.000
[04:53:57]   battery   : mean= 0.944, std= 0.074, min= 0.657, max= 1.000
[04:53:57]   customer  : mean= 0.380, std= 0.284, min=-0.109, max= 0.824
[04:53:57] 
======================================================================
[04:53:57] Episode 140/200
[04:53:57] ======================================================================
[04:53:57] 总奖励: 40911.54 | 步数: 24
[04:53:57] 最近10个episodes平均: 39986.03
[04:53:57] 各Agent奖励:
[04:53:57]   wind      : 17492.501
[04:53:57]   solar     : 9857.044
[04:53:57]   diesel    : 13983.785
[04:53:57]   battery   :   41.837
[04:53:57]   customer  : -463.631
[04:53:57] Buffer大小:  3480
[04:53:57] 噪声水平: 0.0865
[04:53:57] 
动作统计:
[04:53:57]   wind      : mean= 0.973, std= 0.049, min= 0.811, max= 1.000
[04:53:57]   solar     : mean= 0.354, std= 0.858, min=-1.000, max= 1.000
[04:53:57]   diesel    : mean= 0.966, std= 0.061, min= 0.755, max= 1.000
[04:53:57]   battery   : mean= 0.946, std= 0.066, min= 0.657, max= 1.000
[04:53:57]   customer  : mean= 0.371, std= 0.289, min=-0.188, max= 0.859
[04:53:57] 
📊 生成可视化图表...
[04:53:57]   ✓ 训练曲线: debug_plots/training_ep0140.png
[04:53:57]   ✓ Agent分析: debug_plots/agents_ep0140.png
[04:53:57] 
======================================================================
[04:53:57] Episode 141/200
[04:53:57] ======================================================================
[04:53:57] 总奖励: 38959.77 | 步数: 24
[04:53:57] 最近10个episodes平均: 39942.61
[04:53:57] 各Agent奖励:
[04:53:57]   wind      : 16628.732
[04:53:57]   solar     : 7521.810
[04:53:57]   diesel    : 15217.908
[04:53:57]   battery   :   40.229
[04:53:57]   customer  : -448.910
[04:53:57] Buffer大小:  3504
[04:53:57] 噪声水平: 0.0864
[04:53:57] 
动作统计:
[04:53:57]   wind      : mean= 0.977, std= 0.032, min= 0.884, max= 1.000
[04:53:57]   solar     : mean= 0.375, std= 0.823, min=-0.927, max= 1.000
[04:53:57]   diesel    : mean= 0.967, std= 0.045, min= 0.853, max= 1.000
[04:53:57]   battery   : mean= 0.924, std= 0.081, min= 0.580, max= 1.000
[04:53:57]   customer  : mean= 0.380, std= 0.288, min=-0.128, max= 0.897
[04:53:58] 
======================================================================
[04:53:58] Episode 142/200
[04:53:58] ======================================================================
[04:53:58] 总奖励: 40325.48 | 步数: 24
[04:53:58] 最近10个episodes平均: 39910.15
[04:53:58] 各Agent奖励:
[04:53:58]   wind      : 14808.630
[04:53:58]   solar     : 5310.275
[04:53:58]   diesel    : 20640.400
[04:53:58]   battery   :   39.921
[04:53:58]   customer  : -473.744
[04:53:58] Buffer大小:  3528
[04:53:58] 噪声水平: 0.0863
[04:53:58] 
动作统计:
[04:53:58]   wind      : mean= 0.980, std= 0.033, min= 0.876, max= 1.000
[04:53:58]   solar     : mean= 0.377, std= 0.846, min=-0.961, max= 1.000
[04:53:58]   diesel    : mean= 0.964, std= 0.046, min= 0.825, max= 1.000
[04:53:58]   battery   : mean= 0.896, std= 0.095, min= 0.659, max= 1.000
[04:53:58]   customer  : mean= 0.374, std= 0.248, min=-0.026, max= 0.727
[04:53:58] 
======================================================================
[04:53:58] Episode 143/200
[04:53:58] ======================================================================
[04:53:58] 总奖励: 38631.26 | 步数: 24
[04:53:58] 最近10个episodes平均: 39793.98
[04:53:58] 各Agent奖励:
[04:53:58]   wind      : 20026.591
[04:53:58]   solar     : 2520.642
[04:53:58]   diesel    : 16497.945
[04:53:58]   battery   :   39.665
[04:53:58]   customer  : -453.585
[04:53:58] Buffer大小:  3552
[04:53:58] 噪声水平: 0.0862
[04:53:58] 
动作统计:
[04:53:58]   wind      : mean= 0.959, std= 0.059, min= 0.792, max= 1.000
[04:53:58]   solar     : mean= 0.369, std= 0.843, min=-1.000, max= 1.000
[04:53:58]   diesel    : mean= 0.963, std= 0.051, min= 0.759, max= 1.000
[04:53:58]   battery   : mean= 0.863, std= 0.117, min= 0.578, max= 1.000
[04:53:58]   customer  : mean= 0.391, std= 0.285, min=-0.170, max= 0.835
[04:53:58] 
======================================================================
[04:53:58] Episode 144/200
[04:53:58] ======================================================================
[04:53:58] 总奖励: 37596.45 | 步数: 24
[04:53:58] 最近10个episodes平均: 39381.30
[04:53:58] 各Agent奖励:
[04:53:58]   wind      : 11315.023
[04:53:58]   solar     : 4305.315
[04:53:58]   diesel    : 22400.341
[04:53:58]   battery   :   43.131
[04:53:58]   customer  : -467.360
[04:53:58] Buffer大小:  3576
[04:53:58] 噪声水平: 0.0862
[04:53:58] 
动作统计:
[04:53:58]   wind      : mean= 0.964, std= 0.055, min= 0.839, max= 1.000
[04:53:58]   solar     : mean= 0.396, std= 0.830, min=-0.888, max= 1.000
[04:53:58]   diesel    : mean= 0.955, std= 0.055, min= 0.809, max= 1.000
[04:53:58]   battery   : mean= 0.784, std= 0.193, min= 0.410, max= 1.000
[04:53:58]   customer  : mean= 0.384, std= 0.280, min=-0.202, max= 0.813
[04:53:58] 
======================================================================
[04:53:58] Episode 145/200
[04:53:58] ======================================================================
[04:53:58] 总奖励: 39173.04 | 步数: 24
[04:53:58] 最近10个episodes平均: 39142.22
[04:53:58] 各Agent奖励:
[04:53:58]   wind      : 21276.656
[04:53:58]   solar     : 7640.272
[04:53:58]   diesel    : 10658.256
[04:53:58]   battery   :   41.358
[04:53:58]   customer  : -443.505
[04:53:58] Buffer大小:  3600
[04:53:58] 噪声水平: 0.0861
[04:53:58] 
动作统计:
[04:53:58]   wind      : mean= 0.966, std= 0.047, min= 0.851, max= 1.000
[04:53:58]   solar     : mean= 0.379, std= 0.808, min=-0.901, max= 1.000
[04:53:58]   diesel    : mean= 0.975, std= 0.036, min= 0.842, max= 1.000
[04:53:58]   battery   : mean= 0.714, std= 0.259, min=-0.009, max= 1.000
[04:53:58]   customer  : mean= 0.413, std= 0.257, min=-0.027, max= 0.776
[04:53:58] 
======================================================================
[04:53:58] Episode 146/200
[04:53:58] ======================================================================
[04:53:58] 总奖励: 36676.42 | 步数: 24
[04:53:58] 最近10个episodes平均: 38894.89
[04:53:58] 各Agent奖励:
[04:53:58]   wind      : 19233.661
[04:53:58]   solar     : 3986.142
[04:53:58]   diesel    : 13854.686
[04:53:58]   battery   :   36.688
[04:53:58]   customer  : -434.755
[04:53:58] Buffer大小:  3624
[04:53:58] 噪声水平: 0.0860
[04:53:58] 
动作统计:
[04:53:58]   wind      : mean= 0.964, std= 0.039, min= 0.868, max= 1.000
[04:53:58]   solar     : mean= 0.387, std= 0.815, min=-0.938, max= 1.000
[04:53:58]   diesel    : mean= 0.966, std= 0.048, min= 0.806, max= 1.000
[04:53:58]   battery   : mean= 0.690, std= 0.290, min=-0.162, max= 1.000
[04:53:58]   customer  : mean= 0.399, std= 0.299, min=-0.114, max= 0.898
[04:53:59] 
======================================================================
[04:53:59] Episode 147/200
[04:53:59] ======================================================================
[04:53:59] 总奖励: 38450.92 | 步数: 24
[04:53:59] 最近10个episodes平均: 38868.60
[04:53:59] 各Agent奖励:
[04:53:59]   wind      : 13220.687
[04:53:59]   solar     : 8376.178
[04:53:59]   diesel    : 17275.240
[04:53:59]   battery   :   42.464
[04:53:59]   customer  : -463.646
[04:53:59] Buffer大小:  3648
[04:53:59] 噪声水平: 0.0859
[04:53:59] 
动作统计:
[04:53:59]   wind      : mean= 0.974, std= 0.041, min= 0.878, max= 1.000
[04:53:59]   solar     : mean= 0.391, std= 0.804, min=-0.902, max= 1.000
[04:53:59]   diesel    : mean= 0.952, std= 0.069, min= 0.667, max= 1.000
[04:53:59]   battery   : mean= 0.643, std= 0.336, min=-0.199, max= 1.000
[04:53:59]   customer  : mean= 0.372, std= 0.304, min=-0.106, max= 0.832
[04:53:59] 
======================================================================
[04:53:59] Episode 148/200
[04:53:59] ======================================================================
[04:53:59] 总奖励: 38209.45 | 步数: 24
[04:53:59] 最近10个episodes平均: 38860.61
[04:53:59] 各Agent奖励:
[04:53:59]   wind      : 25380.361
[04:53:59]   solar     : 7661.244
[04:53:59]   diesel    : 5555.090
[04:53:59]   battery   :   33.564
[04:53:59]   customer  : -420.812
[04:53:59] Buffer大小:  3672
[04:53:59] 噪声水平: 0.0858
[04:53:59] 
动作统计:
[04:53:59]   wind      : mean= 0.967, std= 0.048, min= 0.809, max= 1.000
[04:53:59]   solar     : mean= 0.411, std= 0.781, min=-1.000, max= 1.000
[04:53:59]   diesel    : mean= 0.971, std= 0.046, min= 0.804, max= 1.000
[04:53:59]   battery   : mean= 0.609, std= 0.376, min=-0.253, max= 1.000
[04:53:59]   customer  : mean= 0.370, std= 0.277, min=-0.157, max= 0.787
[04:53:59] 
======================================================================
[04:53:59] Episode 149/200
[04:53:59] ======================================================================
[04:53:59] 总奖励: 36185.70 | 步数: 24
[04:53:59] 最近10个episodes平均: 38512.00
[04:53:59] 各Agent奖励:
[04:53:59]   wind      : 10708.271
[04:53:59]   solar     : 1354.936
[04:53:59]   diesel    : 24548.728
[04:53:59]   battery   :   41.822
[04:53:59]   customer  : -468.059
[04:53:59] Buffer大小:  3696
[04:53:59] 噪声水平: 0.0857
[04:53:59] 
动作统计:
[04:53:59]   wind      : mean= 0.968, std= 0.052, min= 0.801, max= 1.000
[04:53:59]   solar     : mean= 0.425, std= 0.792, min=-0.874, max= 1.000
[04:53:59]   diesel    : mean= 0.942, std= 0.062, min= 0.758, max= 1.000
[04:53:59]   battery   : mean= 0.640, std= 0.342, min=-0.015, max= 1.000
[04:53:59]   customer  : mean= 0.407, std= 0.291, min=-0.122, max= 0.787
[04:53:59] 
======================================================================
[04:53:59] Episode 150/200
[04:53:59] ======================================================================
[04:53:59] 总奖励: 37323.79 | 步数: 24
[04:53:59] 最近10个episodes平均: 38153.23
[04:53:59] 各Agent奖励:
[04:53:59]   wind      : 14380.091
[04:53:59]   solar     : 6840.512
[04:53:59]   diesel    : 16517.105
[04:53:59]   battery   :   43.184
[04:53:59]   customer  : -457.100
[04:53:59] Buffer大小:  3720
[04:53:59] 噪声水平: 0.0856
[04:53:59] 
动作统计:
[04:53:59]   wind      : mean= 0.966, std= 0.046, min= 0.855, max= 1.000
[04:53:59]   solar     : mean= 0.417, std= 0.784, min=-0.878, max= 1.000
[04:53:59]   diesel    : mean= 0.954, std= 0.061, min= 0.752, max= 1.000
[04:53:59]   battery   : mean= 0.654, std= 0.308, min= 0.116, max= 1.000
[04:53:59]   customer  : mean= 0.404, std= 0.311, min=-0.273, max= 0.849
[04:53:59] 
📊 生成可视化图表...
[04:54:00]   ✓ 训练曲线: debug_plots/training_ep0150.png
[04:54:00]   ✓ Agent分析: debug_plots/agents_ep0150.png
[04:54:00] 💾 保存检查点: debug_checkpoints/debug_maddpg_20251124_045324_ep0150.pt
[04:54:00] 
======================================================================
[04:54:00] Episode 151/200
[04:54:00] ======================================================================
[04:54:00] 总奖励: 38933.37 | 步数: 24
[04:54:00] 最近10个episodes平均: 38150.59
[04:54:00] 各Agent奖励:
[04:54:00]   wind      : 16585.810
[04:54:00]   solar     : 5417.605
[04:54:00]   diesel    : 17356.679
[04:54:00]   battery   :   43.564
[04:54:00]   customer  : -470.291
[04:54:00] Buffer大小:  3744
[04:54:00] 噪声水平: 0.0855
[04:54:00] 
动作统计:
[04:54:00]   wind      : mean= 0.966, std= 0.053, min= 0.805, max= 1.000
[04:54:00]   solar     : mean= 0.444, std= 0.757, min=-0.881, max= 1.000
[04:54:00]   diesel    : mean= 0.970, std= 0.041, min= 0.829, max= 1.000
[04:54:00]   battery   : mean= 0.683, std= 0.318, min=-0.198, max= 1.000
[04:54:00]   customer  : mean= 0.372, std= 0.280, min=-0.185, max= 0.737
[04:54:00] 
======================================================================
[04:54:00] Episode 152/200
[04:54:00] ======================================================================
[04:54:00] 总奖励: 37071.46 | 步数: 24
[04:54:00] 最近10个episodes平均: 37825.19
[04:54:00] 各Agent奖励:
[04:54:00]   wind      : 18094.261
[04:54:00]   solar     : 4878.045
[04:54:00]   diesel    : 14500.976
[04:54:00]   battery   :   39.925
[04:54:00]   customer  : -441.751
[04:54:00] Buffer大小:  3768
[04:54:00] 噪声水平: 0.0855
[04:54:00] 
动作统计:
[04:54:00]   wind      : mean= 0.983, std= 0.040, min= 0.818, max= 1.000
[04:54:00]   solar     : mean= 0.472, std= 0.722, min=-0.809, max= 1.000
[04:54:00]   diesel    : mean= 0.982, std= 0.034, min= 0.862, max= 1.000
[04:54:00]   battery   : mean= 0.732, std= 0.275, min=-0.044, max= 1.000
[04:54:00]   customer  : mean= 0.400, std= 0.278, min=-0.086, max= 0.788
[04:54:00] 
======================================================================
[04:54:00] Episode 153/200
[04:54:00] ======================================================================
[04:54:00] 总奖励: 37808.28 | 步数: 24
[04:54:00] 最近10个episodes平均: 37742.89
[04:54:00] 各Agent奖励:
[04:54:00]   wind      : 23644.475
[04:54:00]   solar     : 4180.321
[04:54:00]   diesel    : 10372.708
[04:54:00]   battery   :   44.242
[04:54:00]   customer  : -433.470
[04:54:00] Buffer大小:  3792
[04:54:00] 噪声水平: 0.0854
[04:54:00] 
动作统计:
[04:54:00]   wind      : mean= 0.952, std= 0.073, min= 0.779, max= 1.000
[04:54:00]   solar     : mean= 0.526, std= 0.661, min=-0.565, max= 1.000
[04:54:00]   diesel    : mean= 0.967, std= 0.051, min= 0.793, max= 1.000
[04:54:00]   battery   : mean= 0.780, std= 0.205, min= 0.241, max= 1.000
[04:54:00]   customer  : mean= 0.398, std= 0.286, min=-0.055, max= 0.844
[04:54:00] 
======================================================================
[04:54:00] Episode 154/200
[04:54:00] ======================================================================
[04:54:00] 总奖励: 38555.37 | 步数: 24
[04:54:00] 最近10个episodes平均: 37838.78
[04:54:00] 各Agent奖励:
[04:54:00]   wind      : 13649.459
[04:54:00]   solar     : 2499.835
[04:54:00]   diesel    : 22841.722
[04:54:00]   battery   :   34.651
[04:54:00]   customer  : -470.292
[04:54:00] Buffer大小:  3816
[04:54:00] 噪声水平: 0.0853
[04:54:00] 
动作统计:
[04:54:00]   wind      : mean= 0.959, std= 0.055, min= 0.817, max= 1.000
[04:54:00]   solar     : mean= 0.510, std= 0.685, min=-0.693, max= 1.000
[04:54:00]   diesel    : mean= 0.962, std= 0.048, min= 0.834, max= 1.000
[04:54:00]   battery   : mean= 0.734, std= 0.259, min=-0.064, max= 1.000
[04:54:00]   customer  : mean= 0.402, std= 0.259, min=-0.018, max= 0.824
[04:54:01] 
======================================================================
[04:54:01] Episode 155/200
[04:54:01] ======================================================================
[04:54:01] 总奖励: 35369.91 | 步数: 24
[04:54:01] 最近10个episodes平均: 37458.47
[04:54:01] 各Agent奖励:
[04:54:01]   wind      : 19889.741
[04:54:01]   solar     : 8271.629
[04:54:01]   diesel    : 7578.624
[04:54:01]   battery   :   37.927
[04:54:01]   customer  : -408.011
[04:54:01] Buffer大小:  3840
[04:54:01] 噪声水平: 0.0852
[04:54:01] 
动作统计:
[04:54:01]   wind      : mean= 0.956, std= 0.057, min= 0.757, max= 1.000
[04:54:01]   solar     : mean= 0.483, std= 0.673, min=-0.725, max= 1.000
[04:54:01]   diesel    : mean= 0.963, std= 0.044, min= 0.857, max= 1.000
[04:54:01]   battery   : mean= 0.711, std= 0.258, min= 0.133, max= 1.000
[04:54:01]   customer  : mean= 0.413, std= 0.298, min=-0.134, max= 0.913
[04:54:01] 
======================================================================
[04:54:01] Episode 156/200
[04:54:01] ======================================================================
[04:54:01] 总奖励: 36255.98 | 步数: 24
[04:54:01] 最近10个episodes平均: 37416.42
[04:54:01] 各Agent奖励:
[04:54:01]   wind      : 19556.528
[04:54:01]   solar     : 4289.103
[04:54:01]   diesel    : 12798.229
[04:54:01]   battery   :   39.519
[04:54:01]   customer  : -427.399
[04:54:01] Buffer大小:  3864
[04:54:01] 噪声水平: 0.0851
[04:54:01] 
动作统计:
[04:54:01]   wind      : mean= 0.960, std= 0.047, min= 0.867, max= 1.000
[04:54:01]   solar     : mean= 0.509, std= 0.676, min=-0.634, max= 1.000
[04:54:01]   diesel    : mean= 0.962, std= 0.050, min= 0.802, max= 1.000
[04:54:01]   battery   : mean= 0.744, std= 0.229, min= 0.034, max= 1.000
[04:54:01]   customer  : mean= 0.405, std= 0.281, min=-0.027, max= 0.956
[04:54:01] 
======================================================================
[04:54:01] Episode 157/200
[04:54:01] ======================================================================
[04:54:01] 总奖励: 37268.31 | 步数: 24
[04:54:01] 最近10个episodes平均: 37298.16
[04:54:01] 各Agent奖励:
[04:54:01]   wind      : 16795.299
[04:54:01]   solar     : 9126.472
[04:54:01]   diesel    : 11736.764
[04:54:01]   battery   :   40.655
[04:54:01]   customer  : -430.884
[04:54:01] Buffer大小:  3888
[04:54:01] 噪声水平: 0.0850
[04:54:01] 
动作统计:
[04:54:01]   wind      : mean= 0.943, std= 0.059, min= 0.777, max= 1.000
[04:54:01]   solar     : mean= 0.495, std= 0.660, min=-0.631, max= 1.000
[04:54:01]   diesel    : mean= 0.969, std= 0.049, min= 0.824, max= 1.000
[04:54:01]   battery   : mean= 0.700, std= 0.249, min= 0.101, max= 1.000
[04:54:01]   customer  : mean= 0.406, std= 0.266, min=-0.047, max= 0.777
[04:54:01] 
======================================================================
[04:54:01] Episode 158/200
[04:54:01] ======================================================================
[04:54:01] 总奖励: 36675.54 | 步数: 24
[04:54:01] 最近10个episodes平均: 37144.77
[04:54:01] 各Agent奖励:
[04:54:01]   wind      : 15089.895
[04:54:01]   solar     : 3861.510
[04:54:01]   diesel    : 18138.231
[04:54:01]   battery   :   36.306
[04:54:01]   customer  : -450.403
[04:54:01] Buffer大小:  3912
[04:54:01] 噪声水平: 0.0850
[04:54:01] 
动作统计:
[04:54:01]   wind      : mean= 0.988, std= 0.036, min= 0.840, max= 1.000
[04:54:01]   solar     : mean= 0.492, std= 0.679, min=-0.661, max= 1.000
[04:54:01]   diesel    : mean= 0.971, std= 0.049, min= 0.803, max= 1.000
[04:54:01]   battery   : mean= 0.668, std= 0.294, min= 0.038, max= 1.000
[04:54:01]   customer  : mean= 0.429, std= 0.249, min= 0.030, max= 0.776
[04:54:01] 
======================================================================
[04:54:01] Episode 159/200
[04:54:01] ======================================================================
[04:54:01] 总奖励: 36757.59 | 步数: 24
[04:54:01] 最近10个episodes平均: 37201.96
[04:54:01] 各Agent奖励:
[04:54:01]   wind      : 13908.499
[04:54:01]   solar     : 8999.100
[04:54:01]   diesel    : 14246.756
[04:54:01]   battery   :   37.617
[04:54:01]   customer  : -434.387
[04:54:01] Buffer大小:  3936
[04:54:01] 噪声水平: 0.0849
[04:54:01] 
动作统计:
[04:54:01]   wind      : mean= 0.963, std= 0.051, min= 0.814, max= 1.000
[04:54:01]   solar     : mean= 0.456, std= 0.675, min=-0.657, max= 1.000
[04:54:01]   diesel    : mean= 0.954, std= 0.059, min= 0.781, max= 1.000
[04:54:01]   battery   : mean= 0.675, std= 0.272, min= 0.068, max= 1.000
[04:54:01]   customer  : mean= 0.416, std= 0.234, min= 0.040, max= 0.852
[04:54:01] 
======================================================================
[04:54:01] Episode 160/200
[04:54:01] ======================================================================
[04:54:01] 总奖励: 35826.22 | 步数: 24
[04:54:01] 最近10个episodes平均: 37052.20
[04:54:01] 各Agent奖励:
[04:54:01]   wind      : 22695.895
[04:54:01]   solar     : 4718.594
[04:54:01]   diesel    : 8792.224
[04:54:01]   battery   :   33.703
[04:54:01]   customer  : -414.192
[04:54:01] Buffer大小:  3960
[04:54:01] 噪声水平: 0.0848
[04:54:01] 
动作统计:
[04:54:01]   wind      : mean= 0.960, std= 0.061, min= 0.800, max= 1.000
[04:54:01]   solar     : mean= 0.516, std= 0.651, min=-0.654, max= 1.000
[04:54:01]   diesel    : mean= 0.974, std= 0.040, min= 0.836, max= 1.000
[04:54:01]   battery   : mean= 0.630, std= 0.274, min= 0.061, max= 1.000
[04:54:01]   customer  : mean= 0.430, std= 0.284, min=-0.036, max= 0.815
[04:54:01] 
📊 生成可视化图表...
[04:54:02]   ✓ 训练曲线: debug_plots/training_ep0160.png
[04:54:02]   ✓ Agent分析: debug_plots/agents_ep0160.png
[04:54:02] 
======================================================================
[04:54:02] Episode 161/200
[04:54:02] ======================================================================
[04:54:02] 总奖励: 34558.51 | 步数: 24
[04:54:02] 最近10个episodes平均: 36614.72
[04:54:02] 各Agent奖励:
[04:54:02]   wind      : 11037.771
[04:54:02]   solar     : 2685.389
[04:54:02]   diesel    : 21243.018
[04:54:02]   battery   :   36.525
[04:54:02]   customer  : -444.196
[04:54:02] Buffer大小:  3984
[04:54:02] 噪声水平: 0.0847
[04:54:02] 
动作统计:
[04:54:02]   wind      : mean= 0.956, std= 0.055, min= 0.847, max= 1.000
[04:54:02]   solar     : mean= 0.543, std= 0.619, min=-0.460, max= 1.000
[04:54:02]   diesel    : mean= 0.977, std= 0.035, min= 0.840, max= 1.000
[04:54:02]   battery   : mean= 0.614, std= 0.290, min= 0.038, max= 1.000
[04:54:02]   customer  : mean= 0.444, std= 0.261, min=-0.101, max= 0.864
[04:54:02] 
======================================================================
[04:54:02] Episode 162/200
[04:54:02] ======================================================================
[04:54:02] 总奖励: 35298.83 | 步数: 24
[04:54:02] 最近10个episodes平均: 36437.45
[04:54:02] 各Agent奖励:
[04:54:02]   wind      : 17662.992
[04:54:02]   solar     : 4478.574
[04:54:02]   diesel    : 13550.690
[04:54:02]   battery   :   36.029
[04:54:02]   customer  : -429.459
[04:54:02] Buffer大小:  4008
[04:54:02] 噪声水平: 0.0846
[04:54:02] 
动作统计:
[04:54:02]   wind      : mean= 0.971, std= 0.036, min= 0.859, max= 1.000
[04:54:02]   solar     : mean= 0.524, std= 0.642, min=-0.551, max= 1.000
[04:54:02]   diesel    : mean= 0.952, std= 0.057, min= 0.794, max= 1.000
[04:54:02]   battery   : mean= 0.582, std= 0.301, min= 0.053, max= 1.000
[04:54:02]   customer  : mean= 0.438, std= 0.268, min=-0.026, max= 0.969
[04:54:02] 
======================================================================
[04:54:02] Episode 163/200
[04:54:02] ======================================================================
[04:54:02] 总奖励: 33713.96 | 步数: 24
[04:54:02] 最近10个episodes平均: 36028.02
[04:54:02] 各Agent奖励:
[04:54:02]   wind      : 14642.556
[04:54:02]   solar     : 4250.269
[04:54:02]   diesel    : 15209.514
[04:54:02]   battery   :   35.690
[04:54:02]   customer  : -424.073
[04:54:02] Buffer大小:  4032
[04:54:02] 噪声水平: 0.0845
[04:54:02] 
动作统计:
[04:54:02]   wind      : mean= 0.955, std= 0.060, min= 0.770, max= 1.000
[04:54:02]   solar     : mean= 0.524, std= 0.652, min=-0.588, max= 1.000
[04:54:02]   diesel    : mean= 0.960, std= 0.049, min= 0.783, max= 1.000
[04:54:02]   battery   : mean= 0.620, std= 0.262, min= 0.168, max= 1.000
[04:54:02]   customer  : mean= 0.453, std= 0.266, min= 0.004, max= 0.807
[04:54:03] 
======================================================================
[04:54:03] Episode 164/200
[04:54:03] ======================================================================
[04:54:03] 总奖励: 33005.08 | 步数: 24
[04:54:03] 最近10个episodes平均: 35472.99
[04:54:03] 各Agent奖励:
[04:54:03]   wind      : 6022.150
[04:54:03]   solar     : 4012.307
[04:54:03]   diesel    : 23378.414
[04:54:03]   battery   :   37.431
[04:54:03]   customer  : -445.224
[04:54:03] Buffer大小:  4056
[04:54:03] 噪声水平: 0.0844
[04:54:03] 
动作统计:
[04:54:03]   wind      : mean= 0.970, std= 0.041, min= 0.853, max= 1.000
[04:54:03]   solar     : mean= 0.528, std= 0.618, min=-0.518, max= 1.000
[04:54:03]   diesel    : mean= 0.963, std= 0.054, min= 0.780, max= 1.000
[04:54:03]   battery   : mean= 0.591, std= 0.277, min= 0.128, max= 1.000
[04:54:03]   customer  : mean= 0.462, std= 0.237, min= 0.069, max= 0.854
[04:54:03] 
======================================================================
[04:54:03] Episode 165/200
[04:54:03] ======================================================================
[04:54:03] 总奖励: 37322.14 | 步数: 24
[04:54:03] 最近10个episodes平均: 35668.21
[04:54:03] 各Agent奖励:
[04:54:03]   wind      : 16633.990
[04:54:03]   solar     : 3201.359
[04:54:03]   diesel    : 17899.631
[04:54:03]   battery   :   36.024
[04:54:03]   customer  : -448.869
[04:54:03] Buffer大小:  4080
[04:54:03] 噪声水平: 0.0844
[04:54:03] 
动作统计:
[04:54:03]   wind      : mean= 0.973, std= 0.034, min= 0.894, max= 1.000
[04:54:03]   solar     : mean= 0.530, std= 0.642, min=-0.566, max= 1.000
[04:54:03]   diesel    : mean= 0.960, std= 0.051, min= 0.793, max= 1.000
[04:54:03]   battery   : mean= 0.535, std= 0.266, min= 0.048, max= 1.000
[04:54:03]   customer  : mean= 0.414, std= 0.261, min=-0.057, max= 0.891
[04:54:03] 
======================================================================
[04:54:03] Episode 166/200
[04:54:03] ======================================================================
[04:54:03] 总奖励: 35416.73 | 步数: 24
[04:54:03] 最近10个episodes平均: 35584.29
[04:54:03] 各Agent奖励:
[04:54:03]   wind      : 22176.577
[04:54:03]   solar     : 5718.012
[04:54:03]   diesel    : 7893.564
[04:54:03]   battery   :   39.467
[04:54:03]   customer  : -410.890
[04:54:03] Buffer大小:  4104
[04:54:03] 噪声水平: 0.0843
[04:54:03] 
动作统计:
[04:54:03]   wind      : mean= 0.968, std= 0.052, min= 0.847, max= 1.000
[04:54:03]   solar     : mean= 0.541, std= 0.633, min=-0.508, max= 1.000
[04:54:03]   diesel    : mean= 0.975, std= 0.045, min= 0.834, max= 1.000
[04:54:03]   battery   : mean= 0.528, std= 0.270, min= 0.068, max= 1.000
[04:54:03]   customer  : mean= 0.437, std= 0.270, min=-0.016, max= 0.945
[04:54:03] 
======================================================================
[04:54:03] Episode 167/200
[04:54:03] ======================================================================
[04:54:03] 总奖励: 34818.70 | 步数: 24
[04:54:03] 最近10个episodes平均: 35339.33
[04:54:03] 各Agent奖励:
[04:54:03]   wind      : 21436.714
[04:54:03]   solar     : 3446.218
[04:54:03]   diesel    : 10309.826
[04:54:03]   battery   :   38.186
[04:54:03]   customer  : -412.249
[04:54:03] Buffer大小:  4128
[04:54:03] 噪声水平: 0.0842
[04:54:03] 
动作统计:
[04:54:03]   wind      : mean= 0.977, std= 0.036, min= 0.854, max= 1.000
[04:54:03]   solar     : mean= 0.536, std= 0.647, min=-0.529, max= 1.000
[04:54:03]   diesel    : mean= 0.967, std= 0.043, min= 0.847, max= 1.000
[04:54:03]   battery   : mean= 0.505, std= 0.277, min=-0.005, max= 1.000
[04:54:03]   customer  : mean= 0.444, std= 0.251, min= 0.048, max= 0.833
[04:54:03] 
======================================================================
[04:54:03] Episode 168/200
[04:54:03] ======================================================================
[04:54:03] 总奖励: 33890.69 | 步数: 24
[04:54:03] 最近10个episodes平均: 35060.84
[04:54:03] 各Agent奖励:
[04:54:03]   wind      : 16666.643
[04:54:03]   solar     : 5033.936
[04:54:03]   diesel    : 12570.267
[04:54:03]   battery   :   40.245
[04:54:03]   customer  : -420.400
[04:54:03] Buffer大小:  4152
[04:54:03] 噪声水平: 0.0841
[04:54:03] 
动作统计:
[04:54:03]   wind      : mean= 0.964, std= 0.051, min= 0.839, max= 1.000
[04:54:03]   solar     : mean= 0.549, std= 0.624, min=-0.622, max= 1.000
[04:54:03]   diesel    : mean= 0.968, std= 0.050, min= 0.814, max= 1.000
[04:54:03]   battery   : mean= 0.456, std= 0.282, min=-0.105, max= 1.000
[04:54:03]   customer  : mean= 0.449, std= 0.254, min=-0.024, max= 0.907
[04:54:03] 
======================================================================
[04:54:03] Episode 169/200
[04:54:03] ======================================================================
[04:54:03] 总奖励: 33162.08 | 步数: 24
[04:54:03] 最近10个episodes平均: 34701.29
[04:54:03] 各Agent奖励:
[04:54:03]   wind      : 15426.479
[04:54:03]   solar     : 3642.619
[04:54:03]   diesel    : 14476.682
[04:54:03]   battery   :   38.430
[04:54:03]   customer  : -422.132
[04:54:03] Buffer大小:  4176
[04:54:03] 噪声水平: 0.0840
[04:54:03] 
动作统计:
[04:54:03]   wind      : mean= 0.955, std= 0.059, min= 0.780, max= 1.000
[04:54:03]   solar     : mean= 0.542, std= 0.609, min=-0.530, max= 1.000
[04:54:03]   diesel    : mean= 0.975, std= 0.039, min= 0.809, max= 1.000
[04:54:03]   battery   : mean= 0.498, std= 0.274, min=-0.053, max= 1.000
[04:54:03]   customer  : mean= 0.473, std= 0.231, min=-0.005, max= 0.841
[04:54:03] 
======================================================================
[04:54:03] Episode 170/200
[04:54:03] ======================================================================
[04:54:03] 总奖励: 32268.88 | 步数: 24
[04:54:03] 最近10个episodes平均: 34345.56
[04:54:03] 各Agent奖励:
[04:54:03]   wind      : 20024.657
[04:54:03]   solar     : 3338.981
[04:54:03]   diesel    : 9264.248
[04:54:03]   battery   :   35.039
[04:54:03]   customer  : -394.048
[04:54:03] Buffer大小:  4200
[04:54:03] 噪声水平: 0.0839
[04:54:03] 
动作统计:
[04:54:03]   wind      : mean= 0.972, std= 0.042, min= 0.866, max= 1.000
[04:54:03]   solar     : mean= 0.504, std= 0.652, min=-0.508, max= 1.000
[04:54:03]   diesel    : mean= 0.965, std= 0.050, min= 0.789, max= 1.000
[04:54:03]   battery   : mean= 0.465, std= 0.273, min=-0.037, max= 0.958
[04:54:03]   customer  : mean= 0.463, std= 0.252, min=-0.116, max= 0.829
[04:54:03] 
📊 生成可视化图表...
[04:54:04]   ✓ 训练曲线: debug_plots/training_ep0170.png
[04:54:04]   ✓ Agent分析: debug_plots/agents_ep0170.png
[04:54:04] 
======================================================================
[04:54:04] Episode 171/200
[04:54:04] ======================================================================
[04:54:04] 总奖励: 32788.38 | 步数: 24
[04:54:04] 最近10个episodes平均: 34168.55
[04:54:04] 各Agent奖励:
[04:54:04]   wind      : 14986.596
[04:54:04]   solar     : 4427.197
[04:54:04]   diesel    : 13753.407
[04:54:04]   battery   :   36.144
[04:54:04]   customer  : -414.964
[04:54:04] Buffer大小:  4224
[04:54:04] 噪声水平: 0.0839
[04:54:04] 
动作统计:
[04:54:04]   wind      : mean= 0.976, std= 0.042, min= 0.865, max= 1.000
[04:54:04]   solar     : mean= 0.535, std= 0.615, min=-0.489, max= 1.000
[04:54:04]   diesel    : mean= 0.967, std= 0.051, min= 0.786, max= 1.000
[04:54:04]   battery   : mean= 0.423, std= 0.273, min=-0.088, max= 0.988
[04:54:04]   customer  : mean= 0.476, std= 0.239, min= 0.082, max= 0.876
[04:54:04] 
======================================================================
[04:54:04] Episode 172/200
[04:54:04] ======================================================================
[04:54:04] 总奖励: 33273.66 | 步数: 24
[04:54:04] 最近10个episodes平均: 33966.03
[04:54:04] 各Agent奖励:
[04:54:04]   wind      : 15968.861
[04:54:04]   solar     : 6347.569
[04:54:04]   diesel    : 11328.043
[04:54:04]   battery   :   40.017
[04:54:04]   customer  : -410.832
[04:54:04] Buffer大小:  4248
[04:54:04] 噪声水平: 0.0838
[04:54:04] 
动作统计:
[04:54:04]   wind      : mean= 0.965, std= 0.052, min= 0.800, max= 1.000
[04:54:04]   solar     : mean= 0.507, std= 0.614, min=-0.448, max= 1.000
[04:54:04]   diesel    : mean= 0.977, std= 0.036, min= 0.880, max= 1.000
[04:54:04]   battery   : mean= 0.415, std= 0.284, min=-0.133, max= 1.000
[04:54:04]   customer  : mean= 0.466, std= 0.229, min= 0.083, max= 0.951
[04:54:04] 
======================================================================
[04:54:04] Episode 173/200
[04:54:04] ======================================================================
[04:54:04] 总奖励: 34743.24 | 步数: 24
[04:54:04] 最近10个episodes平均: 34068.96
[04:54:04] 各Agent奖励:
[04:54:04]   wind      : 22007.179
[04:54:04]   solar     : 5307.855
[04:54:04]   diesel    : 7795.287
[04:54:04]   battery   :   30.322
[04:54:04]   customer  : -397.401
[04:54:04] Buffer大小:  4272
[04:54:04] 噪声水平: 0.0837
[04:54:04] 
动作统计:
[04:54:04]   wind      : mean= 0.942, std= 0.063, min= 0.763, max= 1.000
[04:54:04]   solar     : mean= 0.541, std= 0.618, min=-0.506, max= 1.000
[04:54:04]   diesel    : mean= 0.974, std= 0.051, min= 0.769, max= 1.000
[04:54:04]   battery   : mean= 0.386, std= 0.280, min=-0.161, max= 1.000
[04:54:04]   customer  : mean= 0.443, std= 0.243, min= 0.000, max= 0.865
[04:54:05] 
======================================================================
[04:54:05] Episode 174/200
[04:54:05] ======================================================================
[04:54:05] 总奖励: 30627.63 | 步数: 24
[04:54:05] 最近10个episodes平均: 33831.21
[04:54:05] 各Agent奖励:
[04:54:05]   wind      : 18667.477
[04:54:05]   solar     : 6516.477
[04:54:05]   diesel    : 5784.211
[04:54:05]   battery   :   32.076
[04:54:05]   customer  : -372.608
[04:54:05] Buffer大小:  4296
[04:54:05] 噪声水平: 0.0836
[04:54:05] 
动作统计:
[04:54:05]   wind      : mean= 0.960, std= 0.055, min= 0.805, max= 1.000
[04:54:05]   solar     : mean= 0.565, std= 0.563, min=-0.480, max= 1.000
[04:54:05]   diesel    : mean= 0.967, std= 0.043, min= 0.836, max= 1.000
[04:54:05]   battery   : mean= 0.372, std= 0.284, min=-0.262, max= 1.000
[04:54:05]   customer  : mean= 0.476, std= 0.273, min= 0.013, max= 0.908
[04:54:05] 
======================================================================
[04:54:05] Episode 175/200
[04:54:05] ======================================================================
[04:54:05] 总奖励: 34240.10 | 步数: 24
[04:54:05] 最近10个episodes平均: 33523.01
[04:54:05] 各Agent奖励:
[04:54:05]   wind      : 17598.750
[04:54:05]   solar     : 8965.543
[04:54:05]   diesel    : 8047.792
[04:54:05]   battery   :   39.614
[04:54:05]   customer  : -411.601
[04:54:05] Buffer大小:  4320
[04:54:05] 噪声水平: 0.0835
[04:54:05] 
动作统计:
[04:54:05]   wind      : mean= 0.978, std= 0.041, min= 0.856, max= 1.000
[04:54:05]   solar     : mean= 0.569, std= 0.561, min=-0.319, max= 1.000
[04:54:05]   diesel    : mean= 0.967, std= 0.053, min= 0.779, max= 1.000
[04:54:05]   battery   : mean= 0.383, std= 0.279, min=-0.137, max= 1.000
[04:54:05]   customer  : mean= 0.480, std= 0.262, min=-0.064, max= 0.863
[04:54:05] 
======================================================================
[04:54:05] Episode 176/200
[04:54:05] ======================================================================
[04:54:05] 总奖励: 32706.42 | 步数: 24
[04:54:05] 最近10个episodes平均: 33251.98
[04:54:05] 各Agent奖励:
[04:54:05]   wind      : 18079.022
[04:54:05]   solar     : 5241.663
[04:54:05]   diesel    : 9756.533
[04:54:05]   battery   :   33.953
[04:54:05]   customer  : -404.752
[04:54:05] Buffer大小:  4344
[04:54:05] 噪声水平: 0.0834
[04:54:05] 
动作统计:
[04:54:05]   wind      : mean= 0.972, std= 0.038, min= 0.876, max= 1.000
[04:54:05]   solar     : mean= 0.576, std= 0.544, min=-0.305, max= 1.000
[04:54:05]   diesel    : mean= 0.968, std= 0.055, min= 0.781, max= 1.000
[04:54:05]   battery   : mean= 0.372, std= 0.274, min=-0.171, max= 0.991
[04:54:05]   customer  : mean= 0.483, std= 0.247, min=-0.054, max= 1.000
[04:54:05] 
======================================================================
[04:54:05] Episode 177/200
[04:54:05] ======================================================================
[04:54:05] 总奖励: 33064.18 | 步数: 24
[04:54:05] 最近10个episodes平均: 33076.53
[04:54:05] 各Agent奖励:
[04:54:05]   wind      : 15747.999
[04:54:05]   solar     : 5727.022
[04:54:05]   diesel    : 11964.709
[04:54:05]   battery   :   36.022
[04:54:05]   customer  : -411.576
[04:54:05] Buffer大小:  4368
[04:54:05] 噪声水平: 0.0834
[04:54:05] 
动作统计:
[04:54:05]   wind      : mean= 0.979, std= 0.033, min= 0.897, max= 1.000
[04:54:05]   solar     : mean= 0.570, std= 0.585, min=-0.371, max= 1.000
[04:54:05]   diesel    : mean= 0.970, std= 0.046, min= 0.841, max= 1.000
[04:54:05]   battery   : mean= 0.408, std= 0.270, min=-0.060, max= 0.961
[04:54:05]   customer  : mean= 0.473, std= 0.254, min=-0.029, max= 0.828
[04:54:05] 
======================================================================
[04:54:05] Episode 178/200
[04:54:05] ======================================================================
[04:54:05] 总奖励: 31988.97 | 步数: 24
[04:54:05] 最近10个episodes平均: 32886.35
[04:54:05] 各Agent奖励:
[04:54:05]   wind      : 8713.537
[04:54:05]   solar     : 3339.031
[04:54:05]   diesel    : 20333.915
[04:54:05]   battery   :   35.821
[04:54:05]   customer  : -433.330
[04:54:05] Buffer大小:  4392
[04:54:05] 噪声水平: 0.0833
[04:54:05] 
动作统计:
[04:54:05]   wind      : mean= 0.974, std= 0.044, min= 0.826, max= 1.000
[04:54:05]   solar     : mean= 0.553, std= 0.588, min=-0.453, max= 1.000
[04:54:05]   diesel    : mean= 0.972, std= 0.046, min= 0.825, max= 1.000
[04:54:05]   battery   : mean= 0.405, std= 0.262, min=-0.051, max= 1.000
[04:54:05]   customer  : mean= 0.491, std= 0.242, min=-0.148, max= 0.827
[04:54:05] 
======================================================================
[04:54:05] Episode 179/200
[04:54:05] ======================================================================
[04:54:05] 总奖励: 29847.37 | 步数: 24
[04:54:05] 最近10个episodes平均: 32554.88
[04:54:05] 各Agent奖励:
[04:54:05]   wind      : 10607.238
[04:54:05]   solar     : 6640.584
[04:54:05]   diesel    : 12956.260
[04:54:05]   battery   :   35.652
[04:54:05]   customer  : -392.363
[04:54:05] Buffer大小:  4416
[04:54:05] 噪声水平: 0.0832
[04:54:05] 
动作统计:
[04:54:05]   wind      : mean= 0.969, std= 0.038, min= 0.868, max= 1.000
[04:54:05]   solar     : mean= 0.541, std= 0.585, min=-0.522, max= 1.000
[04:54:05]   diesel    : mean= 0.957, std= 0.053, min= 0.776, max= 1.000
[04:54:05]   battery   : mean= 0.422, std= 0.258, min=-0.078, max= 1.000
[04:54:05]   customer  : mean= 0.502, std= 0.212, min= 0.071, max= 0.791
[04:54:06] 
======================================================================
[04:54:06] Episode 180/200
[04:54:06] ======================================================================
[04:54:06] 总奖励: 31862.93 | 步数: 24
[04:54:06] 最近10个episodes平均: 32514.29
[04:54:06] 各Agent奖励:
[04:54:06]   wind      : 19155.676
[04:54:06]   solar     : 6131.032
[04:54:06]   diesel    : 6932.007
[04:54:06]   battery   :   35.055
[04:54:06]   customer  : -390.840
[04:54:06] Buffer大小:  4440
[04:54:06] 噪声水平: 0.0831
[04:54:06] 
动作统计:
[04:54:06]   wind      : mean= 0.949, std= 0.047, min= 0.824, max= 1.000
[04:54:06]   solar     : mean= 0.515, std= 0.608, min=-0.523, max= 1.000
[04:54:06]   diesel    : mean= 0.963, std= 0.048, min= 0.839, max= 1.000
[04:54:06]   battery   : mean= 0.444, std= 0.241, min= 0.053, max= 1.000
[04:54:06]   customer  : mean= 0.495, std= 0.226, min= 0.065, max= 0.887
[04:54:06] 
📊 生成可视化图表...
[04:54:06]   ✓ 训练曲线: debug_plots/training_ep0180.png
[04:54:06]   ✓ Agent分析: debug_plots/agents_ep0180.png
[04:54:06] 
======================================================================
[04:54:06] Episode 181/200
[04:54:06] ======================================================================
[04:54:06] 总奖励: 29814.53 | 步数: 24
[04:54:06] 最近10个episodes平均: 32216.90
[04:54:06] 各Agent奖励:
[04:54:06]   wind      : 9913.332
[04:54:06]   solar     : 7285.582
[04:54:06]   diesel    : 12977.184
[04:54:06]   battery   :   35.084
[04:54:06]   customer  : -396.653
[04:54:06] Buffer大小:  4464
[04:54:06] 噪声水平: 0.0830
[04:54:06] 
动作统计:
[04:54:06]   wind      : mean= 0.979, std= 0.041, min= 0.863, max= 1.000
[04:54:06]   solar     : mean= 0.536, std= 0.618, min=-0.500, max= 1.000
[04:54:06]   diesel    : mean= 0.964, std= 0.050, min= 0.800, max= 1.000
[04:54:06]   battery   : mean= 0.502, std= 0.242, min= 0.109, max= 1.000
[04:54:06]   customer  : mean= 0.514, std= 0.232, min=-0.003, max= 0.906
[04:54:06] 
======================================================================
[04:54:06] Episode 182/200
[04:54:06] ======================================================================
[04:54:06] 总奖励: 31382.81 | 步数: 24
[04:54:06] 最近10个episodes平均: 32027.82
[04:54:06] 各Agent奖励:
[04:54:06]   wind      : 21410.483
[04:54:06]   solar     : 2033.971
[04:54:06]   diesel    : 8291.803
[04:54:06]   battery   :   38.860
[04:54:06]   customer  : -392.307
[04:54:06] Buffer大小:  4488
[04:54:06] 噪声水平: 0.0829
[04:54:06] 
动作统计:
[04:54:06]   wind      : mean= 0.962, std= 0.057, min= 0.785, max= 1.000
[04:54:06]   solar     : mean= 0.510, std= 0.652, min=-0.528, max= 1.000
[04:54:06]   diesel    : mean= 0.975, std= 0.038, min= 0.841, max= 1.000
[04:54:06]   battery   : mean= 0.485, std= 0.247, min= 0.092, max= 1.000
[04:54:06]   customer  : mean= 0.472, std= 0.255, min=-0.045, max= 0.850
[04:54:07] 
======================================================================
[04:54:07] Episode 183/200
[04:54:07] ======================================================================
[04:54:07] 总奖励: 31730.00 | 步数: 24
[04:54:07] 最近10个episodes平均: 31726.49
[04:54:07] 各Agent奖励:
[04:54:07]   wind      : 14904.955
[04:54:07]   solar     : 6166.609
[04:54:07]   diesel    : 11025.882
[04:54:07]   battery   :   38.747
[04:54:07]   customer  : -406.193
[04:54:07] Buffer大小:  4512
[04:54:07] 噪声水平: 0.0829
[04:54:07] 
动作统计:
[04:54:07]   wind      : mean= 0.974, std= 0.035, min= 0.861, max= 1.000
[04:54:07]   solar     : mean= 0.554, std= 0.600, min=-0.393, max= 1.000
[04:54:07]   diesel    : mean= 0.965, std= 0.055, min= 0.759, max= 1.000
[04:54:07]   battery   : mean= 0.476, std= 0.219, min= 0.029, max= 1.000
[04:54:07]   customer  : mean= 0.500, std= 0.241, min= 0.117, max= 1.000
[04:54:07] 
======================================================================
[04:54:07] Episode 184/200
[04:54:07] ======================================================================
[04:54:07] 总奖励: 30560.01 | 步数: 24
[04:54:07] 最近10个episodes平均: 31719.73
[04:54:07] 各Agent奖励:
[04:54:07]   wind      : 14455.862
[04:54:07]   solar     : 6233.206
[04:54:07]   diesel    : 10230.946
[04:54:07]   battery   :   40.876
[04:54:07]   customer  : -400.883
[04:54:07] Buffer大小:  4536
[04:54:07] 噪声水平: 0.0828
[04:54:07] 
动作统计:
[04:54:07]   wind      : mean= 0.956, std= 0.049, min= 0.860, max= 1.000
[04:54:07]   solar     : mean= 0.558, std= 0.589, min=-0.415, max= 1.000
[04:54:07]   diesel    : mean= 0.969, std= 0.046, min= 0.770, max= 1.000
[04:54:07]   battery   : mean= 0.499, std= 0.204, min= 0.110, max= 1.000
[04:54:07]   customer  : mean= 0.505, std= 0.257, min=-0.063, max= 0.881
[04:54:07] 
======================================================================
[04:54:07] Episode 185/200
[04:54:07] ======================================================================
[04:54:07] 总奖励: 28703.53 | 步数: 24
[04:54:07] 最近10个episodes平均: 31166.07
[04:54:07] 各Agent奖励:
[04:54:07]   wind      : 11328.142
[04:54:07]   solar     : 5591.285
[04:54:07]   diesel    : 12138.281
[04:54:07]   battery   :   36.922
[04:54:07]   customer  : -391.102
[04:54:07] Buffer大小:  4560
[04:54:07] 噪声水平: 0.0827
[04:54:07] 
动作统计:
[04:54:07]   wind      : mean= 0.965, std= 0.046, min= 0.850, max= 1.000
[04:54:07]   solar     : mean= 0.554, std= 0.593, min=-0.434, max= 1.000
[04:54:07]   diesel    : mean= 0.962, std= 0.054, min= 0.795, max= 1.000
[04:54:07]   battery   : mean= 0.580, std= 0.233, min= 0.053, max= 0.983
[04:54:07]   customer  : mean= 0.519, std= 0.228, min=-0.012, max= 0.847
[04:54:07] 
======================================================================
[04:54:07] Episode 186/200
[04:54:07] ======================================================================
[04:54:07] 总奖励: 31922.97 | 步数: 24
[04:54:07] 最近10个episodes平均: 31087.73
[04:54:07] 各Agent奖励:
[04:54:07]   wind      : 16866.075
[04:54:07]   solar     : 3870.470
[04:54:07]   diesel    : 11554.821
[04:54:07]   battery   :   37.614
[04:54:07]   customer  : -406.008
[04:54:07] Buffer大小:  4584
[04:54:07] 噪声水平: 0.0826
[04:54:07] 
动作统计:
[04:54:07]   wind      : mean= 0.956, std= 0.053, min= 0.809, max= 1.000
[04:54:07]   solar     : mean= 0.554, std= 0.587, min=-0.528, max= 1.000
[04:54:07]   diesel    : mean= 0.952, std= 0.051, min= 0.812, max= 1.000
[04:54:07]   battery   : mean= 0.555, std= 0.172, min= 0.252, max= 0.965
[04:54:07]   customer  : mean= 0.500, std= 0.241, min= 0.088, max= 0.990
[04:54:07] 
======================================================================
[04:54:07] Episode 187/200
[04:54:07] ======================================================================
[04:54:07] 总奖励: 30133.97 | 步数: 24
[04:54:07] 最近10个episodes平均: 30794.71
[04:54:07] 各Agent奖励:
[04:54:07]   wind      : 14864.567
[04:54:07]   solar     : 3016.768
[04:54:07]   diesel    : 12615.144
[04:54:07]   battery   :   39.084
[04:54:07]   customer  : -401.594
[04:54:07] Buffer大小:  4608
[04:54:07] 噪声水平: 0.0825
[04:54:07] 
动作统计:
[04:54:07]   wind      : mean= 0.963, std= 0.041, min= 0.873, max= 1.000
[04:54:07]   solar     : mean= 0.553, std= 0.576, min=-0.362, max= 1.000
[04:54:07]   diesel    : mean= 0.972, std= 0.043, min= 0.868, max= 1.000
[04:54:07]   battery   : mean= 0.583, std= 0.199, min= 0.220, max= 1.000
[04:54:07]   customer  : mean= 0.506, std= 0.230, min=-0.049, max= 0.849
[04:54:07] 
======================================================================
[04:54:07] Episode 188/200
[04:54:07] ======================================================================
[04:54:07] 总奖励: 29973.99 | 步数: 24
[04:54:07] 最近10个episodes平均: 30593.21
[04:54:07] 各Agent奖励:
[04:54:07]   wind      : 12944.274
[04:54:07]   solar     : 5641.739
[04:54:07]   diesel    : 11744.206
[04:54:07]   battery   :   39.298
[04:54:07]   customer  : -395.527
[04:54:07] Buffer大小:  4632
[04:54:07] 噪声水平: 0.0824
[04:54:07] 
动作统计:
[04:54:07]   wind      : mean= 0.955, std= 0.062, min= 0.787, max= 1.000
[04:54:07]   solar     : mean= 0.558, std= 0.596, min=-0.436, max= 1.000
[04:54:07]   diesel    : mean= 0.968, std= 0.050, min= 0.837, max= 1.000
[04:54:07]   battery   : mean= 0.603, std= 0.187, min= 0.220, max= 0.968
[04:54:07]   customer  : mean= 0.497, std= 0.234, min= 0.127, max= 0.789
[04:54:07] 
======================================================================
[04:54:07] Episode 189/200
[04:54:07] ======================================================================
[04:54:07] 总奖励: 32071.84 | 步数: 24
[04:54:07] 最近10个episodes平均: 30815.66
[04:54:07] 各Agent奖励:
[04:54:07]   wind      : 17102.742
[04:54:07]   solar     : 5935.402
[04:54:07]   diesel    : 9392.153
[04:54:07]   battery   :   36.968
[04:54:07]   customer  : -395.428
[04:54:07] Buffer大小:  4656
[04:54:07] 噪声水平: 0.0824
[04:54:07] 
动作统计:
[04:54:07]   wind      : mean= 0.961, std= 0.067, min= 0.753, max= 1.000
[04:54:07]   solar     : mean= 0.540, std= 0.607, min=-0.411, max= 1.000
[04:54:07]   diesel    : mean= 0.978, std= 0.031, min= 0.873, max= 1.000
[04:54:07]   battery   : mean= 0.564, std= 0.210, min= 0.120, max= 1.000
[04:54:07]   customer  : mean= 0.487, std= 0.233, min= 0.093, max= 0.883
[04:54:08] 
======================================================================
[04:54:08] Episode 190/200
[04:54:08] ======================================================================
[04:54:08] 总奖励: 29199.46 | 步数: 24
[04:54:08] 最近10个episodes平均: 30549.31
[04:54:08] 各Agent奖励:
[04:54:08]   wind      : 14042.293
[04:54:08]   solar     : 5175.846
[04:54:08]   diesel    : 10329.998
[04:54:08]   battery   :   38.594
[04:54:08]   customer  : -387.274
[04:54:08] Buffer大小:  4680
[04:54:08] 噪声水平: 0.0823
[04:54:08] 
动作统计:
[04:54:08]   wind      : mean= 0.947, std= 0.066, min= 0.786, max= 1.000
[04:54:08]   solar     : mean= 0.549, std= 0.605, min=-0.427, max= 1.000
[04:54:08]   diesel    : mean= 0.969, std= 0.054, min= 0.766, max= 1.000
[04:54:08]   battery   : mean= 0.588, std= 0.184, min= 0.190, max= 1.000
[04:54:08]   customer  : mean= 0.514, std= 0.222, min= 0.105, max= 0.940
[04:54:08] 
📊 生成可视化图表...
[04:54:08]   ✓ 训练曲线: debug_plots/training_ep0190.png
[04:54:08]   ✓ Agent分析: debug_plots/agents_ep0190.png
[04:54:08] 
======================================================================
[04:54:08] Episode 191/200
[04:54:08] ======================================================================
[04:54:08] 总奖励: 30265.00 | 步数: 24
[04:54:08] 最近10个episodes平均: 30594.36
[04:54:08] 各Agent奖励:
[04:54:08]   wind      : 10717.871
[04:54:08]   solar     : 6331.837
[04:54:08]   diesel    : 13581.361
[04:54:08]   battery   :   37.447
[04:54:08]   customer  : -403.517
[04:54:08] Buffer大小:  4704
[04:54:08] 噪声水平: 0.0822
[04:54:08] 
动作统计:
[04:54:08]   wind      : mean= 0.963, std= 0.052, min= 0.801, max= 1.000
[04:54:08]   solar     : mean= 0.532, std= 0.606, min=-0.434, max= 1.000
[04:54:08]   diesel    : mean= 0.970, std= 0.044, min= 0.830, max= 1.000
[04:54:08]   battery   : mean= 0.584, std= 0.182, min= 0.239, max= 1.000
[04:54:08]   customer  : mean= 0.510, std= 0.211, min= 0.190, max= 0.913
[04:54:08] 
======================================================================
[04:54:08] Episode 192/200
[04:54:08] ======================================================================
[04:54:08] 总奖励: 30701.88 | 步数: 24
[04:54:08] 最近10个episodes平均: 30526.26
[04:54:08] 各Agent奖励:
[04:54:08]   wind      : 11941.619
[04:54:08]   solar     : 7004.403
[04:54:08]   diesel    : 12116.570
[04:54:08]   battery   :   35.344
[04:54:08]   customer  : -396.051
[04:54:08] Buffer大小:  4728
[04:54:08] 噪声水平: 0.0821
[04:54:08] 
动作统计:
[04:54:08]   wind      : mean= 0.953, std= 0.063, min= 0.820, max= 1.000
[04:54:08]   solar     : mean= 0.516, std= 0.626, min=-0.453, max= 1.000
[04:54:08]   diesel    : mean= 0.969, std= 0.056, min= 0.769, max= 1.000
[04:54:08]   battery   : mean= 0.581, std= 0.201, min= 0.045, max= 1.000
[04:54:08]   customer  : mean= 0.495, std= 0.235, min= 0.100, max= 0.877
[04:54:09] 
======================================================================
[04:54:09] Episode 193/200
[04:54:09] ======================================================================
[04:54:09] 总奖励: 31001.49 | 步数: 24
[04:54:09] 最近10个episodes平均: 30453.41
[04:54:09] 各Agent奖励:
[04:54:09]   wind      : 16070.039
[04:54:09]   solar     : 5803.493
[04:54:09]   diesel    : 9484.667
[04:54:09]   battery   :   34.412
[04:54:09]   customer  : -391.121
[04:54:09] Buffer大小:  4752
[04:54:09] 噪声水平: 0.0820
[04:54:09] 
动作统计:
[04:54:09]   wind      : mean= 0.955, std= 0.056, min= 0.824, max= 1.000
[04:54:09]   solar     : mean= 0.541, std= 0.608, min=-0.488, max= 1.000
[04:54:09]   diesel    : mean= 0.970, std= 0.047, min= 0.827, max= 1.000
[04:54:09]   battery   : mean= 0.590, std= 0.198, min= 0.189, max= 1.000
[04:54:09]   customer  : mean= 0.501, std= 0.216, min=-0.007, max= 0.866
[04:54:09] 
======================================================================
[04:54:09] Episode 194/200
[04:54:09] ======================================================================
[04:54:09] 总奖励: 29232.95 | 步数: 24
[04:54:09] 最近10个episodes平均: 30320.71
[04:54:09] 各Agent奖励:
[04:54:09]   wind      : 13830.193
[04:54:09]   solar     : 1498.238
[04:54:09]   diesel    : 14265.533
[04:54:09]   battery   :   31.997
[04:54:09]   customer  : -393.008
[04:54:09] Buffer大小:  4776
[04:54:09] 噪声水平: 0.0819
[04:54:09] 
动作统计:
[04:54:09]   wind      : mean= 0.968, std= 0.045, min= 0.839, max= 1.000
[04:54:09]   solar     : mean= 0.534, std= 0.617, min=-0.493, max= 1.000
[04:54:09]   diesel    : mean= 0.953, std= 0.063, min= 0.761, max= 1.000
[04:54:09]   battery   : mean= 0.585, std= 0.184, min= 0.291, max= 1.000
[04:54:09]   customer  : mean= 0.519, std= 0.214, min= 0.110, max= 0.937
[04:54:09] 
======================================================================
[04:54:09] Episode 195/200
[04:54:09] ======================================================================
[04:54:09] 总奖励: 29626.58 | 步数: 24
[04:54:09] 最近10个episodes平均: 30413.01
[04:54:09] 各Agent奖励:
[04:54:09]   wind      : 20040.868
[04:54:09]   solar     : 2618.354
[04:54:09]   diesel    : 7318.949
[04:54:09]   battery   :   38.724
[04:54:09]   customer  : -390.317
[04:54:09] Buffer大小:  4800
[04:54:09] 噪声水平: 0.0819
[04:54:09] 
动作统计:
[04:54:09]   wind      : mean= 0.954, std= 0.060, min= 0.759, max= 1.000
[04:54:09]   solar     : mean= 0.539, std= 0.633, min=-0.457, max= 1.000
[04:54:09]   diesel    : mean= 0.969, std= 0.040, min= 0.864, max= 1.000
[04:54:09]   battery   : mean= 0.616, std= 0.174, min= 0.224, max= 1.000
[04:54:09]   customer  : mean= 0.534, std= 0.237, min= 0.058, max= 0.856
[04:54:09] 
======================================================================
[04:54:09] Episode 196/200
[04:54:09] ======================================================================
[04:54:09] 总奖励: 27464.63 | 步数: 24
[04:54:09] 最近10个episodes平均: 29967.18
[04:54:09] 各Agent奖励:
[04:54:09]   wind      : 14737.312
[04:54:09]   solar     : 1758.133
[04:54:09]   diesel    : 11316.770
[04:54:09]   battery   :   41.219
[04:54:09]   customer  : -388.805
[04:54:09] Buffer大小:  4824
[04:54:09] 噪声水平: 0.0818
[04:54:09] 
动作统计:
[04:54:09]   wind      : mean= 0.971, std= 0.049, min= 0.821, max= 1.000
[04:54:09]   solar     : mean= 0.547, std= 0.626, min=-0.406, max= 1.000
[04:54:09]   diesel    : mean= 0.967, std= 0.053, min= 0.782, max= 1.000
[04:54:09]   battery   : mean= 0.635, std= 0.191, min= 0.225, max= 0.980
[04:54:09]   customer  : mean= 0.546, std= 0.218, min= 0.140, max= 0.908
[04:54:09] 
======================================================================
[04:54:09] Episode 197/200
[04:54:09] ======================================================================
[04:54:09] 总奖励: 31106.60 | 步数: 24
[04:54:09] 最近10个episodes平均: 30064.44
[04:54:09] 各Agent奖励:
[04:54:09]   wind      : 9690.782
[04:54:09]   solar     : 7627.956
[04:54:09]   diesel    : 14160.845
[04:54:09]   battery   :   35.505
[04:54:09]   customer  : -408.492
[04:54:09] Buffer大小:  4848
[04:54:09] 噪声水平: 0.0817
[04:54:09] 
动作统计:
[04:54:09]   wind      : mean= 0.965, std= 0.057, min= 0.774, max= 1.000
[04:54:09]   solar     : mean= 0.527, std= 0.616, min=-0.430, max= 1.000
[04:54:09]   diesel    : mean= 0.971, std= 0.044, min= 0.792, max= 1.000
[04:54:09]   battery   : mean= 0.590, std= 0.179, min= 0.216, max= 1.000
[04:54:09]   customer  : mean= 0.510, std= 0.218, min= 0.144, max= 0.963
[04:54:09] 
======================================================================
[04:54:09] Episode 198/200
[04:54:09] ======================================================================
[04:54:09] 总奖励: 29667.41 | 步数: 24
[04:54:09] 最近10个episodes平均: 30033.78
[04:54:09] 各Agent奖励:
[04:54:09]   wind      : 15524.823
[04:54:09]   solar     : 7869.395
[04:54:09]   diesel    : 6620.460
[04:54:09]   battery   :   35.692
[04:54:09]   customer  : -382.961
[04:54:09] Buffer大小:  4872
[04:54:09] 噪声水平: 0.0816
[04:54:09] 
动作统计:
[04:54:09]   wind      : mean= 0.957, std= 0.055, min= 0.850, max= 1.000
[04:54:09]   solar     : mean= 0.531, std= 0.604, min=-0.492, max= 1.000
[04:54:09]   diesel    : mean= 0.969, std= 0.050, min= 0.746, max= 1.000
[04:54:09]   battery   : mean= 0.587, std= 0.183, min= 0.090, max= 0.976
[04:54:09]   customer  : mean= 0.534, std= 0.230, min=-0.033, max= 0.852
[04:54:10] 
======================================================================
[04:54:10] Episode 199/200
[04:54:10] ======================================================================
[04:54:10] 总奖励: 28101.86 | 步数: 24
[04:54:10] 最近10个episodes平均: 29636.79
[04:54:10] 各Agent奖励:
[04:54:10]   wind      : 17836.041
[04:54:10]   solar     :  846.673
[04:54:10]   diesel    : 9761.956
[04:54:10]   battery   :   37.473
[04:54:10]   customer  : -380.279
[04:54:10] Buffer大小:  4896
[04:54:10] 噪声水平: 0.0815
[04:54:10] 
动作统计:
[04:54:10]   wind      : mean= 0.956, std= 0.064, min= 0.770, max= 1.000
[04:54:10]   solar     : mean= 0.560, std= 0.611, min=-0.370, max= 1.000
[04:54:10]   diesel    : mean= 0.969, std= 0.054, min= 0.713, max= 1.000
[04:54:10]   battery   : mean= 0.601, std= 0.186, min= 0.206, max= 0.908
[04:54:10]   customer  : mean= 0.524, std= 0.251, min= 0.054, max= 0.933
[04:54:10] 
======================================================================
[04:54:10] Episode 200/200
[04:54:10] ======================================================================
[04:54:10] 总奖励: 29534.66 | 步数: 24
[04:54:10] 最近10个episodes平均: 29670.31
[04:54:10] 各Agent奖励:
[04:54:10]   wind      : 16545.146
[04:54:10]   solar     : 2710.350
[04:54:10]   diesel    : 10633.402
[04:54:10]   battery   :   37.910
[04:54:10]   customer  : -392.147
[04:54:10] Buffer大小:  4920
[04:54:10] 噪声水平: 0.0815
[04:54:10] 
动作统计:
[04:54:10]   wind      : mean= 0.981, std= 0.029, min= 0.914, max= 1.000
[04:54:10]   solar     : mean= 0.554, std= 0.612, min=-0.392, max= 1.000
[04:54:10]   diesel    : mean= 0.971, std= 0.040, min= 0.851, max= 1.000
[04:54:10]   battery   : mean= 0.602, std= 0.184, min= 0.157, max= 1.000
[04:54:10]   customer  : mean= 0.516, std= 0.255, min=-0.035, max= 0.905
[04:54:10] 
📊 生成可视化图表...
[04:54:10]   ✓ 训练曲线: debug_plots/training_ep0200.png
[04:54:10]   ✓ Agent分析: debug_plots/agents_ep0200.png
[04:54:10] 💾 保存检查点: debug_checkpoints/debug_maddpg_20251124_045324_ep0200.pt
[04:54:10] 
======================================================================
[04:54:10] 🎉 训练完成！
[04:54:10] ======================================================================
[04:54:10] 
💾 统计数据已保存: debug_logs/debug_maddpg_20251124_045324_stats.json
[04:54:11] 📊 总结图表: debug_plots/summary_final.png
[04:54:11] 💾 保存检查点: debug_checkpoints/debug_maddpg_20251124_045324_final.pt
