[20:27:13] 
======================================================================
[20:27:13] 🚀 开始训练 (Transformer Agents + Strategy Logging)
[20:27:13] ======================================================================
[20:27:13] 🔥 DEBUG: Wind Capacity = 30 kW
[20:27:13] 🔥 DEBUG: PV Capacity = 15 kW
[20:27:13] Warmup 0/20
[20:27:13] Warmup 5/20
[20:27:14] Warmup 10/20
[20:27:14] Warmup 15/20
[20:27:16] 
============================================================
[20:27:16] Episode 1/200 | Steps: 24
[20:27:16] 总奖励:  -239.15 (Avg10:  -239.15)
[20:27:16] Agent奖励:
[20:27:16]   wind      :   17.835
[20:27:16]   solar     :    7.103
[20:27:16]   diesel    :   15.197
[20:27:16]   battery   :   -2.422
[20:27:16]   customer  : -276.859
[20:27:16] Grid交易: Import=267.6 | Export=258.9
[20:27:16] ------------------------------------------------------------
[20:27:16] 📊 每日策略详情 (Avg Bid / Total Gen):
[20:27:16]   Wind    : Bid  29.5¢ | Gen   81.6 kWh
[20:27:16]   Solar   : Bid  33.6¢ | Gen   20.9 kWh
[20:27:16]   Diesel  : Bid  32.2¢ | Gen  104.7 kWh
[20:27:16]   Battery : Bid  31.9¢ | Net  -14.9 kWh (Charge)
[20:27:16] ------------------------------------------------------------
[20:27:17] 
============================================================
[20:27:17] Episode 2/200 | Steps: 24
[20:27:17] 总奖励:  -228.48 (Avg10:  -233.81)
[20:27:17] Agent奖励:
[20:27:17]   wind      :   33.742
[20:27:17]   solar     :   20.474
[20:27:17]   diesel    :    5.798
[20:27:17]   battery   :    0.000
[20:27:17]   customer  : -288.496
[20:27:17] Grid交易: Import=284.4 | Export=364.8
[20:27:17] ------------------------------------------------------------
[20:27:17] 📊 每日策略详情 (Avg Bid / Total Gen):
[20:27:17]   Wind    : Bid  26.4¢ | Gen  108.4 kWh
[20:27:17]   Solar   : Bid  29.9¢ | Gen   59.8 kWh
[20:27:17]   Diesel  : Bid  32.1¢ | Gen   61.7 kWh
[20:27:17]   Battery : Bid  24.8¢ | Net    0.0 kWh (Idle)
[20:27:17] ------------------------------------------------------------
[20:27:18] 
============================================================
[20:27:18] Episode 3/200 | Steps: 24
[20:27:18] 总奖励:  -176.77 (Avg10:  -214.80)
[20:27:18] Agent奖励:
[20:27:18]   wind      :   52.705
[20:27:18]   solar     :   21.765
[20:27:18]   diesel    :   36.856
[20:27:18]   battery   :   -0.454
[20:27:18]   customer  : -287.646
[20:27:18] Grid交易: Import=109.5 | Export=535.2
[20:27:18] ------------------------------------------------------------
[20:27:18] 📊 每日策略详情 (Avg Bid / Total Gen):
[20:27:18]   Wind    : Bid  26.4¢ | Gen  219.5 kWh
[20:27:18]   Solar   : Bid  27.0¢ | Gen   77.8 kWh
[20:27:18]   Diesel  : Bid  27.0¢ | Gen  328.3 kWh
[20:27:18]   Battery : Bid  21.2¢ | Net   24.3 kWh (Dischg)
[20:27:18] ------------------------------------------------------------
[20:27:20] 
============================================================
[20:27:20] Episode 4/200 | Steps: 24
[20:27:20] 总奖励:  -206.89 (Avg10:  -212.82)
[20:27:20] Agent奖励:
[20:27:20]   wind      :   62.382
[20:27:20]   solar     :   19.570
[20:27:20]   diesel    :   18.441
[20:27:20]   battery   :    0.000
[20:27:20]   customer  : -307.286
[20:27:20] Grid交易: Import=375.9 | Export=319.8
[20:27:20] ------------------------------------------------------------
[20:27:20] 📊 每日策略详情 (Avg Bid / Total Gen):
[20:27:20]   Wind    : Bid  21.2¢ | Gen  234.9 kWh
[20:27:20]   Solar   : Bid  20.2¢ | Gen   62.1 kWh
[20:27:20]   Diesel  : Bid  27.0¢ | Gen  162.4 kWh
[20:27:20]   Battery : Bid  25.3¢ | Net    0.0 kWh (Idle)
[20:27:20] ------------------------------------------------------------
[20:27:22] 
============================================================
[20:27:22] Episode 5/200 | Steps: 24
[20:27:22] 总奖励:  -216.46 (Avg10:  -213.55)
[20:27:22] Agent奖励:
[20:27:22]   wind      :   23.297
[20:27:22]   solar     :   13.225
[20:27:22]   diesel    :    3.793
[20:27:22]   battery   :    0.694
[20:27:22]   customer  : -257.466
[20:27:22] Grid交易: Import=141.3 | Export=568.3
[20:27:22] ------------------------------------------------------------
[20:27:22] 📊 每日策略详情 (Avg Bid / Total Gen):
[20:27:22]   Wind    : Bid  14.0¢ | Gen  146.8 kWh
[20:27:22]   Solar   : Bid  16.4¢ | Gen   50.5 kWh
[20:27:22]   Diesel  : Bid  12.0¢ | Gen  809.2 kWh
[20:27:22]   Battery : Bid  15.1¢ | Net    8.8 kWh (Dischg)
[20:27:22] ------------------------------------------------------------
[20:27:23] 
============================================================
[20:27:23] Episode 6/200 | Steps: 24
[20:27:23] 总奖励:  -162.21 (Avg10:  -204.99)
[20:27:23] Agent奖励:
[20:27:23]   wind      :   52.531
[20:27:23]   solar     :    9.473
[20:27:23]   diesel    :  -24.218
[20:27:23]   battery   :    0.503
[20:27:23]   customer  : -200.503
[20:27:23] Grid交易: Import=228.3 | Export=685.8
[20:27:23] ------------------------------------------------------------
[20:27:23] 📊 每日策略详情 (Avg Bid / Total Gen):
[20:27:23]   Wind    : Bid   8.2¢ | Gen  321.2 kWh
[20:27:23]   Solar   : Bid  11.7¢ | Gen   42.6 kWh
[20:27:23]   Diesel  : Bid  12.1¢ | Gen  751.8 kWh
[20:27:23]   Battery : Bid  16.5¢ | Net    9.5 kWh (Dischg)
[20:27:23] ------------------------------------------------------------
[20:27:24] 
============================================================
[20:27:24] Episode 7/200 | Steps: 24
[20:27:24] 总奖励:  -159.85 (Avg10:  -198.55)
[20:27:24] Agent奖励:
[20:27:24]   wind      :   51.119
[20:27:24]   solar     :   11.831
[20:27:24]   diesel    :  -10.521
[20:27:24]   battery   :    0.591
[20:27:24]   customer  : -212.874
[20:27:24] Grid交易: Import=115.0 | Export=582.7
[20:27:24] ------------------------------------------------------------
[20:27:24] 📊 每日策略详情 (Avg Bid / Total Gen):
[20:27:24]   Wind    : Bid   7.3¢ | Gen  317.4 kWh
[20:27:24]   Solar   : Bid   4.6¢ | Gen   63.1 kWh
[20:27:24]   Diesel  : Bid   8.0¢ | Gen  844.4 kWh
[20:27:24]   Battery : Bid  14.9¢ | Net   18.3 kWh (Dischg)
[20:27:24] ------------------------------------------------------------
[20:27:26] 
============================================================
[20:27:26] Episode 8/200 | Steps: 24
[20:27:26] 总奖励:  -183.05 (Avg10:  -196.61)
[20:27:26] Agent奖励:
[20:27:26]   wind      :   40.880
[20:27:26]   solar     :   12.672
[20:27:26]   diesel    :  -25.420
[20:27:26]   battery   :   -3.884
[20:27:26]   customer  : -207.293
[20:27:26] Grid交易: Import=54.0 | Export=654.8
[20:27:26] ------------------------------------------------------------
[20:27:26] 📊 每日策略详情 (Avg Bid / Total Gen):
[20:27:26]   Wind    : Bid   6.8¢ | Gen  207.9 kWh
[20:27:26]   Solar   : Bid   6.5¢ | Gen   79.5 kWh
[20:27:26]   Diesel  : Bid   6.7¢ | Gen 1028.3 kWh
[20:27:26]   Battery : Bid   9.6¢ | Net   34.2 kWh (Dischg)
[20:27:26] ------------------------------------------------------------
[20:27:28] 
============================================================
[20:27:28] Episode 9/200 | Steps: 24
[20:27:28] 总奖励:  -175.34 (Avg10:  -194.25)
[20:27:28] Agent奖励:
[20:27:28]   wind      :   37.030
[20:27:28]   solar     :   12.856
[20:27:28]   diesel    :  -20.471
[20:27:28]   battery   :    0.088
[20:27:28]   customer  : -204.847
[20:27:28] Grid交易: Import=99.3 | Export=692.5
[20:27:28] ------------------------------------------------------------
[20:27:28] 📊 每日策略详情 (Avg Bid / Total Gen):
[20:27:28]   Wind    : Bid   5.4¢ | Gen  272.2 kWh
[20:27:28]   Solar   : Bid   2.0¢ | Gen   74.1 kWh
[20:27:28]   Diesel  : Bid   4.7¢ | Gen 1003.0 kWh
[20:27:28]   Battery : Bid   6.2¢ | Net   48.6 kWh (Dischg)
[20:27:28] ------------------------------------------------------------
[20:27:29] 
============================================================
[20:27:29] Episode 10/200 | Steps: 24
[20:27:29] 总奖励:  -179.11 (Avg10:  -192.73)
[20:27:29] Agent奖励:
[20:27:29]   wind      :   36.587
[20:27:29]   solar     :   13.003
[20:27:29]   diesel    :  -50.104
[20:27:29]   battery   :    1.738
[20:27:29]   customer  : -180.335
[20:27:29] Grid交易: Import=205.5 | Export=470.6
[20:27:29] ------------------------------------------------------------
[20:27:29] 📊 每日策略详情 (Avg Bid / Total Gen):
[20:27:29]   Wind    : Bid   4.9¢ | Gen  202.6 kWh
[20:27:29]   Solar   : Bid   0.9¢ | Gen   78.2 kWh
[20:27:29]   Diesel  : Bid   3.5¢ | Gen  980.3 kWh
[20:27:29]   Battery : Bid   9.1¢ | Net   23.4 kWh (Dischg)
[20:27:29] ------------------------------------------------------------
[20:27:30] 
============================================================
[20:27:30] Episode 11/200 | Steps: 24
[20:27:30] 总奖励:  -181.00 (Avg10:  -186.92)
[20:27:30] Agent奖励:
[20:27:30]   wind      :   49.800
[20:27:30]   solar     :   21.224
[20:27:30]   diesel    :    4.443
[20:27:30]   battery   :   -0.428
[20:27:30]   customer  : -256.035
[20:27:30] Grid交易: Import=244.3 | Export=343.5
[20:27:30] ------------------------------------------------------------
[20:27:30] 📊 每日策略详情 (Avg Bid / Total Gen):
[20:27:30]   Wind    : Bid   8.5¢ | Gen  249.2 kWh
[20:27:30]   Solar   : Bid   4.1¢ | Gen   80.8 kWh
[20:27:30]   Diesel  : Bid   5.6¢ | Gen  921.3 kWh
[20:27:30]   Battery : Bid   9.4¢ | Net   32.8 kWh (Dischg)
[20:27:30] ------------------------------------------------------------
[20:27:31] 
============================================================
[20:27:31] Episode 12/200 | Steps: 24
[20:27:31] 总奖励:  -156.59 (Avg10:  -179.73)
[20:27:31] Agent奖励:
[20:27:31]   wind      :   62.173
[20:27:31]   solar     :   16.861
[20:27:31]   diesel    :   -0.524
[20:27:31]   battery   :    1.844
[20:27:31]   customer  : -236.939
[20:27:31] Grid交易: Import=239.6 | Export=263.4
[20:27:31] ------------------------------------------------------------
[20:27:31] 📊 每日策略详情 (Avg Bid / Total Gen):
[20:27:31]   Wind    : Bid   6.7¢ | Gen  318.1 kWh
[20:27:31]   Solar   : Bid   7.3¢ | Gen   69.3 kWh
[20:27:31]   Diesel  : Bid   3.4¢ | Gen  673.2 kWh
[20:27:31]   Battery : Bid   7.4¢ | Net   47.1 kWh (Dischg)
[20:27:31] ------------------------------------------------------------
[20:27:33] 
============================================================
[20:27:33] Episode 13/200 | Steps: 24
[20:27:33] 总奖励:  -165.93 (Avg10:  -178.64)
[20:27:33] Agent奖励:
[20:27:33]   wind      :   73.765
[20:27:33]   solar     :   23.851
[20:27:33]   diesel    :   19.792
[20:27:33]   battery   :   -1.687
[20:27:33]   customer  : -281.651
[20:27:33] Grid交易: Import=460.9 | Export=245.3
[20:27:33] ------------------------------------------------------------
[20:27:33] 📊 每日策略详情 (Avg Bid / Total Gen):
[20:27:33]   Wind    : Bid   2.8¢ | Gen  327.9 kWh
[20:27:33]   Solar   : Bid   6.5¢ | Gen   79.1 kWh
[20:27:33]   Diesel  : Bid  -0.0¢ | Gen  783.4 kWh
[20:27:33]   Battery : Bid   4.2¢ | Net   36.9 kWh (Dischg)
[20:27:33] ------------------------------------------------------------
[20:27:34] 
============================================================
[20:27:34] Episode 14/200 | Steps: 24
[20:27:34] 总奖励:  -137.62 (Avg10:  -171.72)
[20:27:34] Agent奖励:
[20:27:34]   wind      :  103.592
[20:27:34]   solar     :   25.425
[20:27:34]   diesel    :   24.597
[20:27:34]   battery   :    2.261
[20:27:34]   customer  : -293.495
[20:27:34] Grid交易: Import=504.5 | Export=225.7
[20:27:34] ------------------------------------------------------------
[20:27:34] 📊 每日策略详情 (Avg Bid / Total Gen):
[20:27:34]   Wind    : Bid   3.3¢ | Gen  463.4 kWh
[20:27:34]   Solar   : Bid   4.1¢ | Gen   76.1 kWh
[20:27:34]   Diesel  : Bid   7.0¢ | Gen  399.6 kWh
[20:27:34]   Battery : Bid  10.4¢ | Net   39.8 kWh (Dischg)
[20:27:34] ------------------------------------------------------------
[20:27:35] 
============================================================
[20:27:35] Episode 15/200 | Steps: 24
[20:27:35] 总奖励:  -155.22 (Avg10:  -165.59)
[20:27:35] Agent奖励:
[20:27:35]   wind      :   97.175
[20:27:35]   solar     :   30.930
[20:27:35]   diesel    :    8.396
[20:27:35]   battery   :   -1.937
[20:27:35]   customer  : -289.780
[20:27:35] Grid交易: Import=537.5 | Export=78.6
[20:27:35] ------------------------------------------------------------
[20:27:35] 📊 每日策略详情 (Avg Bid / Total Gen):
[20:27:35]   Wind    : Bid   4.1¢ | Gen  378.8 kWh
[20:27:35]   Solar   : Bid   5.6¢ | Gen   89.8 kWh
[20:27:35]   Diesel  : Bid   5.4¢ | Gen  534.3 kWh
[20:27:35]   Battery : Bid   3.2¢ | Net   26.8 kWh (Dischg)
[20:27:35] ------------------------------------------------------------
[20:27:37] 
============================================================
[20:27:37] Episode 16/200 | Steps: 24
[20:27:37] 总奖励:  -186.59 (Avg10:  -168.03)
[20:27:37] Agent奖励:
[20:27:37]   wind      :   71.327
[20:27:37]   solar     :   27.100
[20:27:37]   diesel    :   45.446
[20:27:37]   battery   :    0.947
[20:27:37]   customer  : -331.413
[20:27:37] Grid交易: Import=606.0 | Export=170.6
[20:27:37] ------------------------------------------------------------
[20:27:37] 📊 每日策略详情 (Avg Bid / Total Gen):
[20:27:37]   Wind    : Bid   9.0¢ | Gen  310.2 kWh
[20:27:37]   Solar   : Bid   4.8¢ | Gen   84.2 kWh
[20:27:37]   Diesel  : Bid   4.4¢ | Gen  601.6 kWh
[20:27:37]   Battery : Bid   5.3¢ | Net   39.4 kWh (Dischg)
[20:27:37] ------------------------------------------------------------
[20:27:38] 
============================================================
[20:27:38] Episode 17/200 | Steps: 24
[20:27:38] 总奖励:  -166.32 (Avg10:  -168.68)
[20:27:38] Agent奖励:
[20:27:38]   wind      :   65.440
[20:27:38]   solar     :   23.217
[20:27:38]   diesel    :   13.564
[20:27:38]   battery   :    1.258
[20:27:38]   customer  : -269.803
[20:27:38] Grid交易: Import=480.4 | Export=214.1
[20:27:38] ------------------------------------------------------------
[20:27:38] 📊 每日策略详情 (Avg Bid / Total Gen):
[20:27:38]   Wind    : Bid   7.3¢ | Gen  348.1 kWh
[20:27:38]   Solar   : Bid   0.7¢ | Gen   96.6 kWh
[20:27:38]   Diesel  : Bid   3.6¢ | Gen  612.1 kWh
[20:27:38]   Battery : Bid   4.5¢ | Net   40.5 kWh (Dischg)
[20:27:38] ------------------------------------------------------------
[20:27:40] 
============================================================
[20:27:40] Episode 18/200 | Steps: 24
[20:27:40] 总奖励:  -150.94 (Avg10:  -165.47)
[20:27:40] Agent奖励:
[20:27:40]   wind      :  106.497
[20:27:40]   solar     :   25.824
[20:27:40]   diesel    :   49.144
[20:27:40]   battery   :   -3.635
[20:27:40]   customer  : -328.768
[20:27:40] Grid交易: Import=639.9 | Export=159.6
[20:27:40] ------------------------------------------------------------
[20:27:40] 📊 每日策略详情 (Avg Bid / Total Gen):
[20:27:40]   Wind    : Bid   6.6¢ | Gen  446.0 kWh
[20:27:40]   Solar   : Bid   6.2¢ | Gen   80.3 kWh
[20:27:40]   Diesel  : Bid   9.0¢ | Gen  451.2 kWh
[20:27:40]   Battery : Bid   4.9¢ | Net   12.0 kWh (Dischg)
[20:27:40] ------------------------------------------------------------
[20:27:41] 
============================================================
[20:27:41] Episode 19/200 | Steps: 24
[20:27:41] 总奖励:  -169.70 (Avg10:  -164.90)
[20:27:41] Agent奖励:
[20:27:41]   wind      :   89.484
[20:27:41]   solar     :   23.460
[20:27:41]   diesel    :   12.936
[20:27:41]   battery   :    0.664
[20:27:41]   customer  : -296.246
[20:27:41] Grid交易: Import=615.6 | Export=137.9
[20:27:41] ------------------------------------------------------------
[20:27:41] 📊 每日策略详情 (Avg Bid / Total Gen):
[20:27:41]   Wind    : Bid   4.6¢ | Gen  414.3 kWh
[20:27:41]   Solar   : Bid   8.3¢ | Gen   67.1 kWh
[20:27:41]   Diesel  : Bid   4.7¢ | Gen  432.3 kWh
[20:27:41]   Battery : Bid   5.9¢ | Net   28.5 kWh (Dischg)
[20:27:41] ------------------------------------------------------------
[20:27:43] 
============================================================
[20:27:43] Episode 20/200 | Steps: 24
[20:27:43] 总奖励:  -166.30 (Avg10:  -163.62)
[20:27:43] Agent奖励:
[20:27:43]   wind      :   90.833
[20:27:43]   solar     :   27.826
[20:27:43]   diesel    :   10.250
[20:27:43]   battery   :    0.915
[20:27:43]   customer  : -296.123
[20:27:43] Grid交易: Import=506.1 | Export=133.7
[20:27:43] ------------------------------------------------------------
[20:27:43] 📊 每日策略详情 (Avg Bid / Total Gen):
[20:27:43]   Wind    : Bid   2.5¢ | Gen  378.1 kWh
[20:27:43]   Solar   : Bid   1.2¢ | Gen   79.3 kWh
[20:27:43]   Diesel  : Bid   2.4¢ | Gen  577.3 kWh
[20:27:43]   Battery : Bid   5.4¢ | Net   29.4 kWh (Dischg)
[20:27:43] ------------------------------------------------------------
[20:27:43] 
📊 生成图表...
[20:27:43]   ✓ debug_plots/training_status_ep0020.png
[20:27:43]   ✓ debug_plots/grid_status_ep0020.png
[20:27:44] 
============================================================
[20:27:44] Episode 21/200 | Steps: 24
[20:27:44] 总奖励:  -169.26 (Avg10:  -162.45)
[20:27:44] Agent奖励:
[20:27:44]   wind      :   83.173
[20:27:44]   solar     :   26.134
[20:27:44]   diesel    :   46.219
[20:27:44]   battery   :   -3.001
[20:27:44]   customer  : -321.783
[20:27:44] Grid交易: Import=713.2 | Export=70.8
[20:27:44] ------------------------------------------------------------
[20:27:44] 📊 每日策略详情 (Avg Bid / Total Gen):
[20:27:44]   Wind    : Bid   3.6¢ | Gen  372.4 kWh
[20:27:44]   Solar   : Bid   6.6¢ | Gen   83.3 kWh
[20:27:44]   Diesel  : Bid   2.7¢ | Gen  522.1 kWh
[20:27:44]   Battery : Bid   3.0¢ | Net    7.4 kWh (Dischg)
[20:27:44] ------------------------------------------------------------
[20:27:46] 
============================================================
[20:27:46] Episode 22/200 | Steps: 24
[20:27:46] 总奖励:  -165.41 (Avg10:  -163.33)
[20:27:46] Agent奖励:
[20:27:46]   wind      :   65.875
[20:27:46]   solar     :   24.463
[20:27:46]   diesel    :    5.285
[20:27:46]   battery   :    0.949
[20:27:46]   customer  : -261.985
[20:27:46] Grid交易: Import=477.0 | Export=186.6
[20:27:46] ------------------------------------------------------------
[20:27:46] 📊 每日策略详情 (Avg Bid / Total Gen):
[20:27:46]   Wind    : Bid   4.3¢ | Gen  355.1 kWh
[20:27:46]   Solar   : Bid   1.3¢ | Gen   89.3 kWh
[20:27:46]   Diesel  : Bid   1.0¢ | Gen  513.8 kWh
[20:27:46]   Battery : Bid   7.8¢ | Net   24.7 kWh (Dischg)
[20:27:46] ------------------------------------------------------------
[20:27:47] 
============================================================
[20:27:47] Episode 23/200 | Steps: 24
[20:27:47] 总奖励:  -145.76 (Avg10:  -161.31)
[20:27:47] Agent奖励:
[20:27:47]   wind      :   79.372
[20:27:47]   solar     :   29.687
[20:27:47]   diesel    :   20.357
[20:27:47]   battery   :   -1.516
[20:27:47]   customer  : -273.658
[20:27:47] Grid交易: Import=483.2 | Export=91.9
[20:27:47] ------------------------------------------------------------
[20:27:47] 📊 每日策略详情 (Avg Bid / Total Gen):
[20:27:47]   Wind    : Bid   5.4¢ | Gen  369.3 kWh
[20:27:47]   Solar   : Bid   6.6¢ | Gen  102.5 kWh
[20:27:47]   Diesel  : Bid   3.6¢ | Gen  413.2 kWh
[20:27:47]   Battery : Bid   6.2¢ | Net   14.5 kWh (Dischg)
[20:27:47] ------------------------------------------------------------
[20:27:48] 
============================================================
[20:27:48] Episode 24/200 | Steps: 24
[20:27:48] 总奖励:  -184.29 (Avg10:  -165.98)
[20:27:48] Agent奖励:
[20:27:48]   wind      :   29.582
[20:27:48]   solar     :   15.482
[20:27:48]   diesel    :    6.479
[20:27:48]   battery   :   -8.170
[20:27:48]   customer  : -227.666
[20:27:48] Grid交易: Import=241.5 | Export=324.0
[20:27:48] ------------------------------------------------------------
[20:27:48] 📊 每日策略详情 (Avg Bid / Total Gen):
[20:27:48]   Wind    : Bid   8.6¢ | Gen  175.7 kWh
[20:27:48]   Solar   : Bid  10.4¢ | Gen   58.5 kWh
[20:27:48]   Diesel  : Bid   4.2¢ | Gen  228.4 kWh
[20:27:48]   Battery : Bid   0.9¢ | Net    8.5 kWh (Dischg)
[20:27:48] ------------------------------------------------------------
[20:27:49] 
============================================================
[20:27:49] Episode 25/200 | Steps: 24
[20:27:49] 总奖励:  -169.87 (Avg10:  -167.45)
[20:27:49] Agent奖励:
[20:27:49]   wind      :   10.701
[20:27:49]   solar     :    8.260
[20:27:49]   diesel    :   -0.648
[20:27:49]   battery   :    0.920
[20:27:49]   customer  : -189.107
[20:27:49] Grid交易: Import=21.8 | Export=655.9
[20:27:49] ------------------------------------------------------------
[20:27:49] 📊 每日策略详情 (Avg Bid / Total Gen):
[20:27:49]   Wind    : Bid   8.5¢ | Gen   78.4 kWh
[20:27:49]   Solar   : Bid   6.8¢ | Gen   48.6 kWh
[20:27:49]   Diesel  : Bid   7.2¢ | Gen  105.9 kWh
[20:27:49]   Battery : Bid   7.8¢ | Net   19.0 kWh (Dischg)
[20:27:49] ------------------------------------------------------------
[20:27:50] 
============================================================
[20:27:50] Episode 26/200 | Steps: 24
[20:27:50] 总奖励:  -178.68 (Avg10:  -166.65)
[20:27:50] Agent奖励:
[20:27:50]   wind      :    6.461
[20:27:50]   solar     :    1.856
[20:27:50]   diesel    :  -15.513
[20:27:50]   battery   :    0.198
[20:27:50]   customer  : -171.685
[20:27:50] Grid交易: Import=25.0 | Export=856.5
[20:27:50] ------------------------------------------------------------
[20:27:50] 📊 每日策略详情 (Avg Bid / Total Gen):
[20:27:50]   Wind    : Bid   7.5¢ | Gen   75.1 kWh
[20:27:50]   Solar   : Bid   5.3¢ | Gen   14.9 kWh
[20:27:50]   Diesel  : Bid   3.1¢ | Gen  141.3 kWh
[20:27:50]   Battery : Bid   7.5¢ | Net   23.2 kWh (Dischg)
[20:27:50] ------------------------------------------------------------
[20:27:52] 
============================================================
[20:27:52] Episode 27/200 | Steps: 24
[20:27:52] 总奖励:  -162.76 (Avg10:  -166.30)
[20:27:52] Agent奖励:
[20:27:52]   wind      :   20.905
[20:27:52]   solar     :    9.123
[20:27:52]   diesel    :    2.190
[20:27:52]   battery   :   -6.941
[20:27:52]   customer  : -188.037
[20:27:52] Grid交易: Import=50.5 | Export=628.6
[20:27:52] ------------------------------------------------------------
[20:27:52] 📊 每日策略详情 (Avg Bid / Total Gen):
[20:27:52]   Wind    : Bid   9.9¢ | Gen  135.6 kWh
[20:27:52]   Solar   : Bid   3.1¢ | Gen   50.5 kWh
[20:27:52]   Diesel  : Bid   5.5¢ | Gen   65.4 kWh
[20:27:52]   Battery : Bid   1.9¢ | Net   22.9 kWh (Dischg)
[20:27:52] ------------------------------------------------------------
[20:27:54] 
============================================================
[20:27:54] Episode 28/200 | Steps: 24
[20:27:54] 总奖励:  -189.37 (Avg10:  -170.14)
[20:27:54] Agent奖励:
[20:27:54]   wind      :    5.039
[20:27:54]   solar     :    0.690
[20:27:54]   diesel    :   -8.149
[20:27:54]   battery   :   -2.178
[20:27:54]   customer  : -184.768
[20:27:54] Grid交易: Import=39.4 | Export=845.9
[20:27:54] ------------------------------------------------------------
[20:27:54] 📊 每日策略详情 (Avg Bid / Total Gen):
[20:27:54]   Wind    : Bid  10.0¢ | Gen   29.2 kWh
[20:27:54]   Solar   : Bid   2.4¢ | Gen    4.1 kWh
[20:27:54]   Diesel  : Bid   3.3¢ | Gen   86.1 kWh
[20:27:54]   Battery : Bid   7.0¢ | Net  -13.4 kWh (Charge)
[20:27:54] ------------------------------------------------------------
[20:27:56] 
============================================================
[20:27:56] Episode 29/200 | Steps: 24
[20:27:56] 总奖励:  -160.02 (Avg10:  -169.17)
[20:27:56] Agent奖励:
[20:27:56]   wind      :   18.463
[20:27:56]   solar     :    3.238
[20:27:56]   diesel    :   -0.876
[20:27:56]   battery   :    0.473
[20:27:56]   customer  : -181.318
[20:27:56] Grid交易: Import=0.0 | Export=791.6
[20:27:56] ------------------------------------------------------------
[20:27:56] 📊 每日策略详情 (Avg Bid / Total Gen):
[20:27:56]   Wind    : Bid   6.1¢ | Gen  160.9 kWh
[20:27:56]   Solar   : Bid   0.4¢ | Gen   17.6 kWh
[20:27:56]   Diesel  : Bid   6.4¢ | Gen   78.5 kWh
[20:27:56]   Battery : Bid   3.0¢ | Net    9.7 kWh (Dischg)
[20:27:56] ------------------------------------------------------------
[20:27:57] 
============================================================
[20:27:57] Episode 30/200 | Steps: 24
[20:27:57] 总奖励:  -181.42 (Avg10:  -170.68)
[20:27:57] Agent奖励:
[20:27:57]   wind      :   10.451
[20:27:57]   solar     :    1.663
[20:27:57]   diesel    :   -1.871
[20:27:57]   battery   :   -7.533
[20:27:57]   customer  : -184.127
[20:27:57] Grid交易: Import=64.0 | Export=665.6
[20:27:57] ------------------------------------------------------------
[20:27:57] 📊 每日策略详情 (Avg Bid / Total Gen):
[20:27:57]   Wind    : Bid   5.8¢ | Gen   79.7 kWh
[20:27:57]   Solar   : Bid   3.1¢ | Gen   47.5 kWh
[20:27:57]   Diesel  : Bid   7.0¢ | Gen   51.2 kWh
[20:27:57]   Battery : Bid   4.2¢ | Net    5.3 kWh (Dischg)
[20:27:57] ------------------------------------------------------------
[20:27:59] 
============================================================
[20:27:59] Episode 31/200 | Steps: 24
[20:27:59] 总奖励:  -183.34 (Avg10:  -172.09)
[20:27:59] Agent奖励:
[20:27:59]   wind      :    3.053
[20:27:59]   solar     :    4.843
[20:27:59]   diesel    :    1.065
[20:27:59]   battery   :   -0.080
[20:27:59]   customer  : -192.217
[20:27:59] Grid交易: Import=28.8 | Export=832.7
[20:27:59] ------------------------------------------------------------
[20:27:59] 📊 每日策略详情 (Avg Bid / Total Gen):
[20:27:59]   Wind    : Bid   5.8¢ | Gen   57.1 kWh
[20:27:59]   Solar   : Bid   1.5¢ | Gen   26.6 kWh
[20:27:59]   Diesel  : Bid   6.6¢ | Gen   52.7 kWh
[20:27:59]   Battery : Bid   5.7¢ | Net    4.6 kWh (Dischg)
[20:27:59] ------------------------------------------------------------
[20:28:00] 
============================================================
[20:28:00] Episode 32/200 | Steps: 24
[20:28:00] 总奖励:  -185.22 (Avg10:  -174.07)
[20:28:00] Agent奖励:
[20:28:00]   wind      :    8.330
[20:28:00]   solar     :    0.587
[20:28:00]   diesel    :   -4.238
[20:28:00]   battery   :    1.644
[20:28:00]   customer  : -191.538
[20:28:00] Grid交易: Import=33.4 | Export=840.9
[20:28:00] ------------------------------------------------------------
[20:28:00] 📊 每日策略详情 (Avg Bid / Total Gen):
[20:28:00]   Wind    : Bid   4.6¢ | Gen   94.4 kWh
[20:28:00]   Solar   : Bid   4.7¢ | Gen   12.5 kWh
[20:28:00]   Diesel  : Bid   7.7¢ | Gen   77.2 kWh
[20:28:00]   Battery : Bid   7.9¢ | Net    3.5 kWh (Dischg)
[20:28:00] ------------------------------------------------------------
[20:28:01] 
============================================================
[20:28:01] Episode 33/200 | Steps: 24
[20:28:01] 总奖励:  -175.68 (Avg10:  -177.06)
[20:28:01] Agent奖励:
[20:28:01]   wind      :    8.869
[20:28:01]   solar     :    8.891
[20:28:01]   diesel    :    4.497
[20:28:01]   battery   :    0.702
[20:28:01]   customer  : -198.643
[20:28:01] Grid交易: Import=48.9 | Export=781.1
[20:28:01] ------------------------------------------------------------
[20:28:01] 📊 每日策略详情 (Avg Bid / Total Gen):
[20:28:01]   Wind    : Bid   6.7¢ | Gen   65.2 kWh
[20:28:01]   Solar   : Bid   2.5¢ | Gen   42.8 kWh
[20:28:01]   Diesel  : Bid   4.4¢ | Gen   61.4 kWh
[20:28:01]   Battery : Bid   3.3¢ | Net   10.5 kWh (Dischg)
[20:28:01] ------------------------------------------------------------
[20:28:03] 
============================================================
[20:28:03] Episode 34/200 | Steps: 24
[20:28:03] 总奖励:  -185.63 (Avg10:  -177.20)
[20:28:03] Agent奖励:
[20:28:03]   wind      :    1.654
[20:28:03]   solar     :    0.587
[20:28:03]   diesel    :   -2.735
[20:28:03]   battery   :   -0.329
[20:28:03]   customer  : -184.810
[20:28:03] Grid交易: Import=10.4 | Export=896.3
[20:28:03] ------------------------------------------------------------
[20:28:03] 📊 每日策略详情 (Avg Bid / Total Gen):
[20:28:03]   Wind    : Bid   5.1¢ | Gen   44.1 kWh
[20:28:03]   Solar   : Bid   8.7¢ | Gen   10.3 kWh
[20:28:03]   Diesel  : Bid   5.5¢ | Gen   28.3 kWh
[20:28:03]   Battery : Bid   3.7¢ | Net   13.3 kWh (Dischg)
[20:28:03] ------------------------------------------------------------
[20:28:04] 
============================================================
[20:28:04] Episode 35/200 | Steps: 24
[20:28:04] 总奖励:  -182.37 (Avg10:  -178.45)
[20:28:04] Agent奖励:
[20:28:04]   wind      :   10.552
[20:28:04]   solar     :    1.183
[20:28:04]   diesel    :   -4.355
[20:28:04]   battery   :   -1.713
[20:28:04]   customer  : -188.035
[20:28:04] Grid交易: Import=39.2 | Export=934.4
[20:28:04] ------------------------------------------------------------
[20:28:04] 📊 每日策略详情 (Avg Bid / Total Gen):
[20:28:04]   Wind    : Bid   7.4¢ | Gen   82.0 kWh
[20:28:04]   Solar   : Bid   1.3¢ | Gen   11.4 kWh
[20:28:04]   Diesel  : Bid   4.6¢ | Gen   38.9 kWh
[20:28:04]   Battery : Bid   6.7¢ | Net    2.5 kWh (Dischg)
[20:28:04] ------------------------------------------------------------
[20:28:05] 
============================================================
[20:28:05] Episode 36/200 | Steps: 24
[20:28:05] 总奖励:  -177.22 (Avg10:  -178.30)
[20:28:05] Agent奖励:
[20:28:05]   wind      :   11.949
[20:28:05]   solar     :    2.814
[20:28:05]   diesel    :   -3.936
[20:28:05]   battery   :   -5.078
[20:28:05]   customer  : -182.970
[20:28:05] Grid交易: Import=31.4 | Export=866.8
[20:28:05] ------------------------------------------------------------
[20:28:05] 📊 每日策略详情 (Avg Bid / Total Gen):
[20:28:05]   Wind    : Bid   3.4¢ | Gen   92.8 kWh
[20:28:05]   Solar   : Bid   5.0¢ | Gen   18.8 kWh
[20:28:05]   Diesel  : Bid   5.1¢ | Gen   57.1 kWh
[20:28:05]   Battery : Bid   2.8¢ | Net    5.6 kWh (Dischg)
[20:28:05] ------------------------------------------------------------
[20:28:06] 
============================================================
[20:28:06] Episode 37/200 | Steps: 24
[20:28:06] 总奖励:  -187.49 (Avg10:  -180.77)
[20:28:06] Agent奖励:
[20:28:06]   wind      :    3.423
[20:28:06]   solar     :    0.360
[20:28:06]   diesel    :   -8.772
[20:28:06]   battery   :   -2.680
[20:28:06]   customer  : -179.820
[20:28:06] Grid交易: Import=0.5 | Export=1035.9
[20:28:06] ------------------------------------------------------------
[20:28:06] 📊 每日策略详情 (Avg Bid / Total Gen):
[20:28:06]   Wind    : Bid   8.8¢ | Gen   28.4 kWh
[20:28:06]   Solar   : Bid   6.0¢ | Gen    3.6 kWh
[20:28:06]   Diesel  : Bid   5.3¢ | Gen  114.2 kWh
[20:28:06]   Battery : Bid   3.4¢ | Net   19.3 kWh (Dischg)
[20:28:06] ------------------------------------------------------------
[20:28:07] 
============================================================
[20:28:07] Episode 38/200 | Steps: 24
[20:28:07] 总奖励:  -184.97 (Avg10:  -180.33)
[20:28:07] Agent奖励:
[20:28:07]   wind      :    0.148
[20:28:07]   solar     :    4.915
[20:28:07]   diesel    :    0.526
[20:28:07]   battery   :   -2.340
[20:28:07]   customer  : -188.214
[20:28:07] Grid交易: Import=0.0 | Export=1100.7
[20:28:07] ------------------------------------------------------------
[20:28:07] 📊 每日策略详情 (Avg Bid / Total Gen):
[20:28:07]   Wind    : Bid   6.6¢ | Gen   15.8 kWh
[20:28:07]   Solar   : Bid   4.7¢ | Gen   32.7 kWh
[20:28:07]   Diesel  : Bid   7.2¢ | Gen   63.4 kWh
[20:28:07]   Battery : Bid   1.7¢ | Net   -2.5 kWh (Charge)
[20:28:07] ------------------------------------------------------------
[20:28:08] 
============================================================
[20:28:08] Episode 39/200 | Steps: 24
[20:28:08] 总奖励:  -184.06 (Avg10:  -182.74)
[20:28:08] Agent奖励:
[20:28:08]   wind      :    5.597
[20:28:08]   solar     :   -0.144
[20:28:08]   diesel    :  -12.664
[20:28:08]   battery   :   -1.682
[20:28:08]   customer  : -175.162
[20:28:08] Grid交易: Import=0.0 | Export=1297.2
[20:28:08] ------------------------------------------------------------
[20:28:08] 📊 每日策略详情 (Avg Bid / Total Gen):
[20:28:08]   Wind    : Bid   5.2¢ | Gen  125.7 kWh
[20:28:08]   Solar   : Bid   2.0¢ | Gen    3.2 kWh
[20:28:08]   Diesel  : Bid  10.6¢ | Gen   70.2 kWh
[20:28:08]   Battery : Bid   7.3¢ | Net  -15.4 kWh (Charge)
[20:28:08] ------------------------------------------------------------
[20:28:10] 
============================================================
[20:28:10] Episode 40/200 | Steps: 24
[20:28:10] 总奖励:  -174.96 (Avg10:  -182.09)
[20:28:10] Agent奖励:
[20:28:10]   wind      :    9.562
[20:28:10]   solar     :    2.464
[20:28:10]   diesel    :   -0.394
[20:28:10]   battery   :   -5.557
[20:28:10]   customer  : -181.040
[20:28:10] Grid交易: Import=0.0 | Export=1075.8
[20:28:10] ------------------------------------------------------------
[20:28:10] 📊 每日策略详情 (Avg Bid / Total Gen):
[20:28:10]   Wind    : Bid   7.6¢ | Gen   94.9 kWh
[20:28:10]   Solar   : Bid   6.3¢ | Gen   31.5 kWh
[20:28:10]   Diesel  : Bid  12.4¢ | Gen   17.5 kWh
[20:28:10]   Battery : Bid   6.0¢ | Net  -26.6 kWh (Charge)
[20:28:10] ------------------------------------------------------------
[20:28:10] 
📊 生成图表...
[20:28:10]   ✓ debug_plots/training_status_ep0040.png
[20:28:10]   ✓ debug_plots/grid_status_ep0040.png
[20:28:11] 
============================================================
[20:28:11] Episode 41/200 | Steps: 24
[20:28:11] 总奖励:  -167.99 (Avg10:  -180.56)
[20:28:11] Agent奖励:
[20:28:11]   wind      :    9.636
[20:28:11]   solar     :    4.578
[20:28:11]   diesel    :   -7.037
[20:28:11]   battery   :    0.737
[20:28:11]   customer  : -175.906
[20:28:11] Grid交易: Import=15.8 | Export=1086.0
[20:28:11] ------------------------------------------------------------
[20:28:11] 📊 每日策略详情 (Avg Bid / Total Gen):
[20:28:11]   Wind    : Bid   1.0¢ | Gen  125.9 kWh
[20:28:11]   Solar   : Bid   3.0¢ | Gen   39.7 kWh
[20:28:11]   Diesel  : Bid  11.3¢ | Gen   72.1 kWh
[20:28:11]   Battery : Bid   8.0¢ | Net    7.4 kWh (Dischg)
[20:28:11] ------------------------------------------------------------
[20:28:12] 
============================================================
[20:28:12] Episode 42/200 | Steps: 24
[20:28:12] 总奖励:  -182.59 (Avg10:  -180.30)
[20:28:12] Agent奖励:
[20:28:12]   wind      :    5.374
[20:28:12]   solar     :    3.536
[20:28:12]   diesel    :   -2.699
[20:28:12]   battery   :   -5.980
[20:28:12]   customer  : -182.820
[20:28:12] Grid交易: Import=14.2 | Export=1287.2
[20:28:12] ------------------------------------------------------------
[20:28:12] 📊 每日策略详情 (Avg Bid / Total Gen):
[20:28:12]   Wind    : Bid   6.7¢ | Gen   53.3 kWh
[20:28:12]   Solar   : Bid   3.2¢ | Gen   44.2 kWh
[20:28:12]   Diesel  : Bid  12.2¢ | Gen   50.8 kWh
[20:28:12]   Battery : Bid   4.9¢ | Net  -46.6 kWh (Charge)
[20:28:12] ------------------------------------------------------------
[20:28:13] 
============================================================
[20:28:13] Episode 43/200 | Steps: 24
[20:28:13] 总奖励:  -177.19 (Avg10:  -180.45)
[20:28:13] Agent奖励:
[20:28:13]   wind      :    7.761
[20:28:13]   solar     :    5.554
[20:28:13]   diesel    :   -5.594
[20:28:13]   battery   :  -11.867
[20:28:13]   customer  : -173.046
[20:28:13] Grid交易: Import=19.7 | Export=1136.9
[20:28:13] ------------------------------------------------------------
[20:28:13] 📊 每日策略详情 (Avg Bid / Total Gen):
[20:28:13]   Wind    : Bid   5.4¢ | Gen   94.5 kWh
[20:28:13]   Solar   : Bid   2.7¢ | Gen   43.6 kWh
[20:28:13]   Diesel  : Bid  13.7¢ | Gen   91.8 kWh
[20:28:13]   Battery : Bid   7.4¢ | Net  -26.5 kWh (Charge)
[20:28:13] ------------------------------------------------------------
[20:28:14] 
============================================================
[20:28:14] Episode 44/200 | Steps: 24
[20:28:14] 总奖励:  -171.11 (Avg10:  -178.99)
[20:28:14] Agent奖励:
[20:28:14]   wind      :   16.403
[20:28:14]   solar     :    7.798
[20:28:14]   diesel    :    1.978
[20:28:14]   battery   :   -4.964
[20:28:14]   customer  : -192.326
[20:28:14] Grid交易: Import=22.3 | Export=1182.6
[20:28:14] ------------------------------------------------------------
[20:28:14] 📊 每日策略详情 (Avg Bid / Total Gen):
[20:28:14]   Wind    : Bid  10.6¢ | Gen   93.9 kWh
[20:28:14]   Solar   : Bid   6.1¢ | Gen   44.3 kWh
[20:28:14]   Diesel  : Bid  16.3¢ | Gen   94.0 kWh
[20:28:14]   Battery : Bid   7.5¢ | Net   -2.7 kWh (Charge)
[20:28:14] ------------------------------------------------------------
[20:28:16] 
============================================================
[20:28:16] Episode 45/200 | Steps: 24
[20:28:16] 总奖励:  -182.98 (Avg10:  -179.06)
[20:28:16] Agent奖励:
[20:28:16]   wind      :    0.210
[20:28:16]   solar     :    0.501
[20:28:16]   diesel    :   -0.352
[20:28:16]   battery   :    2.113
[20:28:16]   customer  : -185.448
[20:28:16] Grid交易: Import=0.0 | Export=1241.7
[20:28:16] ------------------------------------------------------------
[20:28:16] 📊 每日策略详情 (Avg Bid / Total Gen):
[20:28:16]   Wind    : Bid   1.8¢ | Gen   89.9 kWh
[20:28:16]   Solar   : Bid   5.3¢ | Gen    6.8 kWh
[20:28:16]   Diesel  : Bid  17.9¢ | Gen    6.6 kWh
[20:28:16]   Battery : Bid   6.1¢ | Net  -10.1 kWh (Charge)
[20:28:16] ------------------------------------------------------------
[20:28:18] 
============================================================
[20:28:18] Episode 46/200 | Steps: 24
[20:28:18] 总奖励:  -173.09 (Avg10:  -178.64)
[20:28:18] Agent奖励:
[20:28:18]   wind      :    9.754
[20:28:18]   solar     :    1.642
[20:28:18]   diesel    :   -1.133
[20:28:18]   battery   :   -7.527
[20:28:18]   customer  : -175.822
[20:28:18] Grid交易: Import=3.9 | Export=1139.8
[20:28:18] ------------------------------------------------------------
[20:28:18] 📊 每日策略详情 (Avg Bid / Total Gen):
[20:28:18]   Wind    : Bid   4.3¢ | Gen  133.2 kWh
[20:28:18]   Solar   : Bid   5.9¢ | Gen   31.0 kWh
[20:28:18]   Diesel  : Bid  13.3¢ | Gen   51.5 kWh
[20:28:18]   Battery : Bid   0.5¢ | Net   -6.1 kWh (Charge)
[20:28:18] ------------------------------------------------------------
[20:28:19] 
============================================================
[20:28:19] Episode 47/200 | Steps: 24
[20:28:19] 总奖励:  -185.87 (Avg10:  -178.48)
[20:28:19] Agent奖励:
[20:28:19]   wind      :    5.664
[20:28:19]   solar     :    1.677
[20:28:19]   diesel    :   -4.951
[20:28:19]   battery   :   -3.286
[20:28:19]   customer  : -184.977
[20:28:19] Grid交易: Import=5.9 | Export=1286.5
[20:28:19] ------------------------------------------------------------
[20:28:19] 📊 每日策略详情 (Avg Bid / Total Gen):
[20:28:19]   Wind    : Bid   9.2¢ | Gen   84.3 kWh
[20:28:19]   Solar   : Bid   6.7¢ | Gen   29.0 kWh
[20:28:19]   Diesel  : Bid  16.3¢ | Gen  111.4 kWh
[20:28:19]   Battery : Bid   1.8¢ | Net  -18.6 kWh (Charge)
[20:28:19] ------------------------------------------------------------
[20:28:21] 
============================================================
[20:28:21] Episode 48/200 | Steps: 24
[20:28:21] 总奖励:  -167.08 (Avg10:  -176.69)
[20:28:21] Agent奖励:
[20:28:21]   wind      :   15.277
[20:28:21]   solar     :    4.882
[20:28:21]   diesel    :    2.601
[20:28:21]   battery   :    0.515
[20:28:21]   customer  : -190.351
[20:28:21] Grid交易: Import=0.0 | Export=1159.1
[20:28:21] ------------------------------------------------------------
[20:28:21] 📊 每日策略详情 (Avg Bid / Total Gen):
[20:28:21]   Wind    : Bid   7.2¢ | Gen  133.4 kWh
[20:28:21]   Solar   : Bid   4.5¢ | Gen   22.1 kWh
[20:28:21]   Diesel  : Bid  20.8¢ | Gen   33.4 kWh
[20:28:21]   Battery : Bid   5.8¢ | Net   10.4 kWh (Dischg)
[20:28:21] ------------------------------------------------------------
[20:28:22] 
============================================================
[20:28:22] Episode 49/200 | Steps: 24
[20:28:22] 总奖励:  -185.28 (Avg10:  -176.81)
[20:28:22] Agent奖励:
[20:28:22]   wind      :    3.926
[20:28:22]   solar     :    1.458
[20:28:22]   diesel    :    1.798
[20:28:22]   battery   :   -0.793
[20:28:22]   customer  : -191.665
[20:28:22] Grid交易: Import=8.3 | Export=1431.6
[20:28:22] ------------------------------------------------------------
[20:28:22] 📊 每日策略详情 (Avg Bid / Total Gen):
[20:28:22]   Wind    : Bid   3.6¢ | Gen   61.3 kWh
[20:28:22]   Solar   : Bid   5.1¢ | Gen   12.5 kWh
[20:28:22]   Diesel  : Bid  19.3¢ | Gen   14.9 kWh
[20:28:22]   Battery : Bid   2.4¢ | Net    4.3 kWh (Dischg)
[20:28:22] ------------------------------------------------------------
[20:28:23] 
============================================================
[20:28:23] Episode 50/200 | Steps: 24
[20:28:23] 总奖励:  -176.24 (Avg10:  -176.94)
[20:28:23] Agent奖励:
[20:28:23]   wind      :    4.543
[20:28:23]   solar     :    8.187
[20:28:23]   diesel    :   -2.561
[20:28:23]   battery   :   -0.243
[20:28:23]   customer  : -186.162
[20:28:23] Grid交易: Import=0.0 | Export=1250.4
[20:28:23] ------------------------------------------------------------
[20:28:23] 📊 每日策略详情 (Avg Bid / Total Gen):
[20:28:23]   Wind    : Bid   8.0¢ | Gen   69.4 kWh
[20:28:23]   Solar   : Bid   4.1¢ | Gen   67.6 kWh
[20:28:23]   Diesel  : Bid  17.7¢ | Gen   69.7 kWh
[20:28:23]   Battery : Bid   8.6¢ | Net   -1.0 kWh (Charge)
[20:28:23] ------------------------------------------------------------
[20:28:24] 
============================================================
[20:28:24] Episode 51/200 | Steps: 24
[20:28:24] 总奖励:  -180.25 (Avg10:  -178.17)
[20:28:24] Agent奖励:
[20:28:24]   wind      :    8.401
[20:28:24]   solar     :    0.762
[20:28:24]   diesel    :    1.565
[20:28:24]   battery   :    0.427
[20:28:24]   customer  : -191.405
[20:28:24] Grid交易: Import=0.0 | Export=1429.1
[20:28:24] ------------------------------------------------------------
[20:28:24] 📊 每日策略详情 (Avg Bid / Total Gen):
[20:28:24]   Wind    : Bid   7.5¢ | Gen   58.3 kWh
[20:28:24]   Solar   : Bid   3.4¢ | Gen   10.1 kWh
[20:28:24]   Diesel  : Bid  22.2¢ | Gen   36.2 kWh
[20:28:24]   Battery : Bid   6.3¢ | Net   11.7 kWh (Dischg)
[20:28:24] ------------------------------------------------------------
[20:28:25] 
============================================================
[20:28:25] Episode 52/200 | Steps: 24
[20:28:25] 总奖励:  -175.96 (Avg10:  -177.50)
[20:28:25] Agent奖励:
[20:28:25]   wind      :    6.980
[20:28:25]   solar     :    4.378
[20:28:25]   diesel    :   -2.278
[20:28:25]   battery   :   -0.814
[20:28:25]   customer  : -184.223
[20:28:25] Grid交易: Import=6.8 | Export=1266.6
[20:28:25] ------------------------------------------------------------
[20:28:25] 📊 每日策略详情 (Avg Bid / Total Gen):
[20:28:25]   Wind    : Bid   7.9¢ | Gen   74.5 kWh
[20:28:25]   Solar   : Bid   2.5¢ | Gen   39.6 kWh
[20:28:25]   Diesel  : Bid  19.7¢ | Gen   58.2 kWh
[20:28:25]   Battery : Bid   5.1¢ | Net   10.8 kWh (Dischg)
[20:28:25] ------------------------------------------------------------
[20:28:26] 
============================================================
[20:28:26] Episode 53/200 | Steps: 24
[20:28:26] 总奖励:  -174.59 (Avg10:  -177.24)
[20:28:26] Agent奖励:
[20:28:26]   wind      :    8.755
[20:28:26]   solar     :    3.065
[20:28:26]   diesel    :    1.168
[20:28:26]   battery   :   -2.299
[20:28:26]   customer  : -185.275
[20:28:26] Grid交易: Import=19.3 | Export=1378.6
[20:28:26] ------------------------------------------------------------
[20:28:26] 📊 每日策略详情 (Avg Bid / Total Gen):
[20:28:26]   Wind    : Bid   7.8¢ | Gen   94.0 kWh
[20:28:26]   Solar   : Bid   8.0¢ | Gen   26.4 kWh
[20:28:26]   Diesel  : Bid  23.5¢ | Gen   13.8 kWh
[20:28:26]   Battery : Bid   7.6¢ | Net  -11.9 kWh (Charge)
[20:28:26] ------------------------------------------------------------
[20:28:27] 
============================================================
[20:28:27] Episode 54/200 | Steps: 24
[20:28:27] 总奖励:  -181.27 (Avg10:  -178.26)
[20:28:27] Agent奖励:
[20:28:27]   wind      :    3.400
[20:28:27]   solar     :    1.657
[20:28:27]   diesel    :    0.208
[20:28:27]   battery   :   -2.011
[20:28:27]   customer  : -184.525
[20:28:27] Grid交易: Import=0.0 | Export=1306.5
[20:28:27] ------------------------------------------------------------
[20:28:27] 📊 每日策略详情 (Avg Bid / Total Gen):
[20:28:27]   Wind    : Bid   5.4¢ | Gen   82.7 kWh
[20:28:27]   Solar   : Bid   6.0¢ | Gen   23.2 kWh
[20:28:27]   Diesel  : Bid  22.5¢ | Gen   15.8 kWh
[20:28:27]   Battery : Bid   3.1¢ | Net   -7.1 kWh (Charge)
[20:28:27] ------------------------------------------------------------
[20:28:29] 
============================================================
[20:28:29] Episode 55/200 | Steps: 24
[20:28:29] 总奖励:  -180.17 (Avg10:  -177.98)
[20:28:29] Agent奖励:
[20:28:29]   wind      :    4.405
[20:28:29]   solar     :    2.797
[20:28:29]   diesel    :   -2.746
[20:28:29]   battery   :   -1.242
[20:28:29]   customer  : -183.387
[20:28:29] Grid交易: Import=0.0 | Export=1440.0
[20:28:29] ------------------------------------------------------------
[20:28:29] 📊 每日策略详情 (Avg Bid / Total Gen):
[20:28:29]   Wind    : Bid   8.9¢ | Gen   60.8 kWh
[20:28:29]   Solar   : Bid   7.7¢ | Gen   28.1 kWh
[20:28:29]   Diesel  : Bid  23.1¢ | Gen   57.1 kWh
[20:28:29]   Battery : Bid   3.3¢ | Net    0.9 kWh (Dischg)
[20:28:29] ------------------------------------------------------------
[20:28:30] 
============================================================
[20:28:30] Episode 56/200 | Steps: 24
[20:28:30] 总奖励:  -184.17 (Avg10:  -179.09)
[20:28:30] Agent奖励:
[20:28:30]   wind      :    4.703
[20:28:30]   solar     :   -0.217
[20:28:30]   diesel    :   -0.635
[20:28:30]   battery   :   -3.281
[20:28:30]   customer  : -184.743
[20:28:30] Grid交易: Import=0.0 | Export=1476.3
[20:28:30] ------------------------------------------------------------
[20:28:30] 📊 每日策略详情 (Avg Bid / Total Gen):
[20:28:30]   Wind    : Bid   6.4¢ | Gen   79.9 kWh
[20:28:30]   Solar   : Bid   5.3¢ | Gen   21.4 kWh
[20:28:30]   Diesel  : Bid  21.7¢ | Gen   13.4 kWh
[20:28:30]   Battery : Bid   7.0¢ | Net   -6.1 kWh (Charge)
[20:28:30] ------------------------------------------------------------
[20:28:31] 
============================================================
[20:28:31] Episode 57/200 | Steps: 24
[20:28:31] 总奖励:  -187.62 (Avg10:  -179.26)
[20:28:31] Agent奖励:
[20:28:31]   wind      :    3.625
[20:28:31]   solar     :    3.782
[20:28:31]   diesel    :   -0.972
[20:28:31]   battery   :   -4.401
[20:28:31]   customer  : -189.654
[20:28:31] Grid交易: Import=0.6 | Export=1141.2
[20:28:31] ------------------------------------------------------------
[20:28:31] 📊 每日策略详情 (Avg Bid / Total Gen):
[20:28:31]   Wind    : Bid   6.5¢ | Gen   39.8 kWh
[20:28:31]   Solar   : Bid   7.4¢ | Gen   30.1 kWh
[20:28:31]   Diesel  : Bid  20.2¢ | Gen   31.9 kWh
[20:28:31]   Battery : Bid   2.9¢ | Net  -28.9 kWh (Charge)
[20:28:31] ------------------------------------------------------------
[20:28:32] 
============================================================
[20:28:32] Episode 58/200 | Steps: 24
[20:28:32] 总奖励:  -184.22 (Avg10:  -180.98)
[20:28:32] Agent奖励:
[20:28:32]   wind      :    7.729
[20:28:32]   solar     :    1.873
[20:28:32]   diesel    :    0.126
[20:28:32]   battery   :   -4.683
[20:28:32]   customer  : -189.261
[20:28:32] Grid交易: Import=0.0 | Export=1322.4
[20:28:32] ------------------------------------------------------------
[20:28:32] 📊 每日策略详情 (Avg Bid / Total Gen):
[20:28:32]   Wind    : Bid   9.1¢ | Gen   84.2 kWh
[20:28:32]   Solar   : Bid   6.2¢ | Gen   28.8 kWh
[20:28:32]   Diesel  : Bid  22.8¢ | Gen   16.3 kWh
[20:28:32]   Battery : Bid   5.3¢ | Net  -17.7 kWh (Charge)
[20:28:32] ------------------------------------------------------------
[20:28:34] 
============================================================
[20:28:34] Episode 59/200 | Steps: 24
[20:28:34] 总奖励:  -174.63 (Avg10:  -179.91)
[20:28:34] Agent奖励:
[20:28:34]   wind      :   12.924
[20:28:34]   solar     :    0.092
[20:28:34]   diesel    :   -4.217
[20:28:34]   battery   :   -1.336
[20:28:34]   customer  : -182.088
[20:28:34] Grid交易: Import=49.3 | Export=1193.4
[20:28:34] ------------------------------------------------------------
[20:28:34] 📊 每日策略详情 (Avg Bid / Total Gen):
[20:28:34]   Wind    : Bid   5.8¢ | Gen  131.9 kWh
[20:28:34]   Solar   : Bid   5.4¢ | Gen    1.9 kWh
[20:28:34]   Diesel  : Bid  15.5¢ | Gen   40.5 kWh
[20:28:34]   Battery : Bid   7.5¢ | Net  -15.7 kWh (Charge)
[20:28:34] ------------------------------------------------------------
[20:28:35] 
============================================================
[20:28:35] Episode 60/200 | Steps: 24
[20:28:35] 总奖励:  -179.92 (Avg10:  -180.28)
[20:28:35] Agent奖励:
[20:28:35]   wind      :    6.075
[20:28:35]   solar     :    4.854
[20:28:35]   diesel    :    0.000
[20:28:35]   battery   :   -7.528
[20:28:35]   customer  : -183.319
[20:28:35] Grid交易: Import=30.3 | Export=1130.3
[20:28:35] ------------------------------------------------------------
[20:28:35] 📊 每日策略详情 (Avg Bid / Total Gen):
[20:28:35]   Wind    : Bid   6.0¢ | Gen   61.6 kWh
[20:28:35]   Solar   : Bid   4.9¢ | Gen   46.7 kWh
[20:28:35]   Diesel  : Bid  20.7¢ | Gen    0.0 kWh
[20:28:35]   Battery : Bid   5.3¢ | Net  -22.9 kWh (Charge)
[20:28:35] ------------------------------------------------------------
[20:28:35] 
📊 生成图表...
[20:28:35]   ✓ debug_plots/training_status_ep0060.png
[20:28:35]   ✓ debug_plots/grid_status_ep0060.png
[20:28:36] 
============================================================
[20:28:36] Episode 61/200 | Steps: 24
[20:28:36] 总奖励:  -171.49 (Avg10:  -179.40)
[20:28:36] Agent奖励:
[20:28:36]   wind      :   11.225
[20:28:36]   solar     :    3.943
[20:28:36]   diesel    :    0.926
[20:28:36]   battery   :   -0.798
[20:28:36]   customer  : -186.789
[20:28:36] Grid交易: Import=0.0 | Export=1237.9
[20:28:36] ------------------------------------------------------------
[20:28:36] 📊 每日策略详情 (Avg Bid / Total Gen):
[20:28:36]   Wind    : Bid  10.2¢ | Gen   83.3 kWh
[20:28:36]   Solar   : Bid   5.2¢ | Gen   27.4 kWh
[20:28:36]   Diesel  : Bid  23.8¢ | Gen   42.1 kWh
[20:28:36]   Battery : Bid   7.5¢ | Net   -3.5 kWh (Charge)
[20:28:36] ------------------------------------------------------------
[20:28:38] 
============================================================
[20:28:38] Episode 62/200 | Steps: 24
[20:28:38] 总奖励:  -173.20 (Avg10:  -179.13)
[20:28:38] Agent奖励:
[20:28:38]   wind      :   11.185
[20:28:38]   solar     :    4.191
[20:28:38]   diesel    :   -0.196
[20:28:38]   battery   :   -1.497
[20:28:38]   customer  : -186.881
[20:28:38] Grid交易: Import=2.5 | Export=1115.0
[20:28:38] ------------------------------------------------------------
[20:28:38] 📊 每日策略详情 (Avg Bid / Total Gen):
[20:28:38]   Wind    : Bid   5.8¢ | Gen  106.5 kWh
[20:28:38]   Solar   : Bid   3.0¢ | Gen   33.1 kWh
[20:28:38]   Diesel  : Bid  22.8¢ | Gen   23.4 kWh
[20:28:38]   Battery : Bid   5.4¢ | Net   -1.4 kWh (Charge)
[20:28:38] ------------------------------------------------------------
[20:28:39] 
============================================================
[20:28:39] Episode 63/200 | Steps: 24
[20:28:39] 总奖励:  -168.29 (Avg10:  -178.50)
[20:28:39] Agent奖励:
[20:28:39]   wind      :   18.130
[20:28:39]   solar     :    3.657
[20:28:39]   diesel    :   -0.297
[20:28:39]   battery   :   -1.473
[20:28:39]   customer  : -188.308
[20:28:39] Grid交易: Import=0.0 | Export=1228.0
[20:28:39] ------------------------------------------------------------
[20:28:39] 📊 每日策略详情 (Avg Bid / Total Gen):
[20:28:39]   Wind    : Bid   9.4¢ | Gen  144.2 kWh
[20:28:39]   Solar   : Bid   6.9¢ | Gen   24.2 kWh
[20:28:39]   Diesel  : Bid  22.7¢ | Gen   50.9 kWh
[20:28:39]   Battery : Bid   2.9¢ | Net    2.1 kWh (Dischg)
[20:28:39] ------------------------------------------------------------
[20:28:40] 
============================================================
[20:28:40] Episode 64/200 | Steps: 24
[20:28:40] 总奖励:  -173.69 (Avg10:  -177.74)
[20:28:40] Agent奖励:
[20:28:40]   wind      :   13.312
[20:28:40]   solar     :   10.259
[20:28:40]   diesel    :    0.359
[20:28:40]   battery   :   -0.277
[20:28:40]   customer  : -197.340
[20:28:40] Grid交易: Import=49.0 | Export=1233.9
[20:28:40] ------------------------------------------------------------
[20:28:40] 📊 每日策略详情 (Avg Bid / Total Gen):
[20:28:40]   Wind    : Bid   9.3¢ | Gen   79.4 kWh
[20:28:40]   Solar   : Bid   5.2¢ | Gen   50.9 kWh
[20:28:40]   Diesel  : Bid  20.0¢ | Gen    3.2 kWh
[20:28:40]   Battery : Bid   7.6¢ | Net   -2.5 kWh (Charge)
[20:28:40] ------------------------------------------------------------
[20:28:41] 
============================================================
[20:28:41] Episode 65/200 | Steps: 24
[20:28:41] 总奖励:  -171.38 (Avg10:  -176.86)
[20:28:41] Agent奖励:
[20:28:41]   wind      :   12.189
[20:28:41]   solar     :    7.094
[20:28:41]   diesel    :   -2.265
[20:28:41]   battery   :   -5.832
[20:28:41]   customer  : -182.563
[20:28:41] Grid交易: Import=0.3 | Export=1091.8
[20:28:41] ------------------------------------------------------------
[20:28:41] 📊 每日策略详情 (Avg Bid / Total Gen):
[20:28:41]   Wind    : Bid   9.5¢ | Gen   91.0 kWh
[20:28:41]   Solar   : Bid   6.6¢ | Gen   56.7 kWh
[20:28:41]   Diesel  : Bid  21.3¢ | Gen   41.4 kWh
[20:28:41]   Battery : Bid   4.0¢ | Net   17.2 kWh (Dischg)
[20:28:41] ------------------------------------------------------------
[20:28:44] 
============================================================
[20:28:44] Episode 66/200 | Steps: 24
[20:28:44] 总奖励:  -169.57 (Avg10:  -175.40)
[20:28:44] Agent奖励:
[20:28:44]   wind      :   14.306
[20:28:44]   solar     :    4.751
[20:28:44]   diesel    :   -0.708
[20:28:44]   battery   :   -1.728
[20:28:44]   customer  : -186.195
[20:28:44] Grid交易: Import=0.0 | Export=1240.2
[20:28:44] ------------------------------------------------------------
[20:28:44] 📊 每日策略详情 (Avg Bid / Total Gen):
[20:28:44]   Wind    : Bid  11.0¢ | Gen  112.9 kWh
[20:28:44]   Solar   : Bid   7.2¢ | Gen   25.6 kWh
[20:28:44]   Diesel  : Bid  21.1¢ | Gen   26.3 kWh
[20:28:44]   Battery : Bid   0.6¢ | Net    0.9 kWh (Dischg)
[20:28:44] ------------------------------------------------------------
[20:28:46] 
============================================================
[20:28:46] Episode 67/200 | Steps: 24
[20:28:46] 总奖励:  -171.95 (Avg10:  -173.83)
[20:28:46] Agent奖励:
[20:28:46]   wind      :   12.390
[20:28:46]   solar     :    6.381
[20:28:46]   diesel    :    4.631
[20:28:46]   battery   :   -9.203
[20:28:46]   customer  : -186.149
[20:28:46] Grid交易: Import=0.0 | Export=1044.1
[20:28:46] ------------------------------------------------------------
[20:28:46] 📊 每日策略详情 (Avg Bid / Total Gen):
[20:28:46]   Wind    : Bid   8.9¢ | Gen  125.5 kWh
[20:28:46]   Solar   : Bid   5.3¢ | Gen   33.4 kWh
[20:28:46]   Diesel  : Bid  19.1¢ | Gen   58.6 kWh
[20:28:46]   Battery : Bid   4.0¢ | Net    6.4 kWh (Dischg)
[20:28:46] ------------------------------------------------------------
[20:28:47] 
============================================================
[20:28:47] Episode 68/200 | Steps: 24
[20:28:47] 总奖励:  -179.11 (Avg10:  -173.32)
[20:28:47] Agent奖励:
[20:28:47]   wind      :    4.876
[20:28:47]   solar     :    2.231
[20:28:47]   diesel    :   -0.197
[20:28:47]   battery   :   -3.547
[20:28:47]   customer  : -182.474
[20:28:47] Grid交易: Import=29.4 | Export=1133.8
[20:28:47] ------------------------------------------------------------
[20:28:47] 📊 每日策略详情 (Avg Bid / Total Gen):
[20:28:47]   Wind    : Bid   9.2¢ | Gen  101.4 kWh
[20:28:47]   Solar   : Bid   4.4¢ | Gen   23.2 kWh
[20:28:47]   Diesel  : Bid  20.6¢ | Gen   30.7 kWh
[20:28:47]   Battery : Bid   8.9¢ | Net  -23.2 kWh (Charge)
[20:28:47] ------------------------------------------------------------
[20:28:49] 
============================================================
[20:28:49] Episode 69/200 | Steps: 24
[20:28:49] 总奖励:  -186.15 (Avg10:  -174.48)
[20:28:49] Agent奖励:
[20:28:49]   wind      :    6.155
[20:28:49]   solar     :    3.082
[20:28:49]   diesel    :    1.049
[20:28:49]   battery   :   -4.759
[20:28:49]   customer  : -191.681
[20:28:49] Grid交易: Import=16.1 | Export=1294.3
[20:28:49] ------------------------------------------------------------
[20:28:49] 📊 每日策略详情 (Avg Bid / Total Gen):
[20:28:49]   Wind    : Bid  10.5¢ | Gen   41.1 kWh
[20:28:49]   Solar   : Bid   4.9¢ | Gen   31.3 kWh
[20:28:49]   Diesel  : Bid  21.0¢ | Gen   33.3 kWh
[20:28:49]   Battery : Bid   3.9¢ | Net  -19.4 kWh (Charge)
[20:28:49] ------------------------------------------------------------
[20:28:50] 
============================================================
[20:28:50] Episode 70/200 | Steps: 24
[20:28:50] 总奖励:  -181.52 (Avg10:  -174.64)
[20:28:50] Agent奖励:
[20:28:50]   wind      :    1.815
[20:28:50]   solar     :    0.880
[20:28:50]   diesel    :    0.473
[20:28:50]   battery   :   -1.175
[20:28:50]   customer  : -183.515
[20:28:50] Grid交易: Import=0.0 | Export=1248.4
[20:28:50] ------------------------------------------------------------
[20:28:50] 📊 每日策略详情 (Avg Bid / Total Gen):
[20:28:50]   Wind    : Bid   5.8¢ | Gen   66.9 kWh
[20:28:50]   Solar   : Bid   7.5¢ | Gen   11.9 kWh
[20:28:50]   Diesel  : Bid  20.0¢ | Gen   14.0 kWh
[20:28:50]   Battery : Bid   6.0¢ | Net   -7.4 kWh (Charge)
[20:28:50] ------------------------------------------------------------
[20:28:51] 
============================================================
[20:28:51] Episode 71/200 | Steps: 24
[20:28:51] 总奖励:  -174.78 (Avg10:  -174.96)
[20:28:51] Agent奖励:
[20:28:51]   wind      :   15.404
[20:28:51]   solar     :    3.878
[20:28:51]   diesel    :   -1.056
[20:28:51]   battery   :   -4.427
[20:28:51]   customer  : -188.579
[20:28:51] Grid交易: Import=0.0 | Export=1205.7
[20:28:51] ------------------------------------------------------------
[20:28:51] 📊 每日策略详情 (Avg Bid / Total Gen):
[20:28:51]   Wind    : Bid  10.3¢ | Gen  115.6 kWh
[20:28:51]   Solar   : Bid   7.7¢ | Gen   29.3 kWh
[20:28:51]   Diesel  : Bid  20.6¢ | Gen   40.3 kWh
[20:28:51]   Battery : Bid   1.5¢ | Net  -32.1 kWh (Charge)
[20:28:51] ------------------------------------------------------------
[20:28:52] 
============================================================
[20:28:52] Episode 72/200 | Steps: 24
[20:28:52] 总奖励:  -178.75 (Avg10:  -175.52)
[20:28:52] Agent奖励:
[20:28:52]   wind      :   10.685
[20:28:52]   solar     :    3.422
[20:28:52]   diesel    :    1.467
[20:28:52]   battery   :   -4.339
[20:28:52]   customer  : -189.981
[20:28:52] Grid交易: Import=4.1 | Export=1155.8
[20:28:52] ------------------------------------------------------------
[20:28:52] 📊 每日策略详情 (Avg Bid / Total Gen):
[20:28:52]   Wind    : Bid   6.7¢ | Gen  102.4 kWh
[20:28:52]   Solar   : Bid   7.0¢ | Gen   22.5 kWh
[20:28:52]   Diesel  : Bid  20.0¢ | Gen   29.8 kWh
[20:28:52]   Battery : Bid   3.7¢ | Net  -38.4 kWh (Charge)
[20:28:52] ------------------------------------------------------------
[20:28:54] 
============================================================
[20:28:54] Episode 73/200 | Steps: 24
[20:28:54] 总奖励:  -182.72 (Avg10:  -176.96)
[20:28:54] Agent奖励:
[20:28:54]   wind      :    8.619
[20:28:54]   solar     :    3.618
[20:28:54]   diesel    :   -0.617
[20:28:54]   battery   :   -7.334
[20:28:54]   customer  : -187.008
[20:28:54] Grid交易: Import=0.0 | Export=1167.4
[20:28:54] ------------------------------------------------------------
[20:28:54] 📊 每日策略详情 (Avg Bid / Total Gen):
[20:28:54]   Wind    : Bid   6.9¢ | Gen   99.3 kWh
[20:28:54]   Solar   : Bid  10.3¢ | Gen   31.5 kWh
[20:28:54]   Diesel  : Bid  22.6¢ | Gen   73.4 kWh
[20:28:54]   Battery : Bid   3.6¢ | Net  -22.9 kWh (Charge)
[20:28:54] ------------------------------------------------------------
[20:28:55] 
============================================================
[20:28:55] Episode 74/200 | Steps: 24
[20:28:55] 总奖励:  -185.90 (Avg10:  -178.18)
[20:28:55] Agent奖励:
[20:28:55]   wind      :    8.500
[20:28:55]   solar     :    6.809
[20:28:55]   diesel    :    0.807
[20:28:55]   battery   :   -9.843
[20:28:55]   customer  : -192.169
[20:28:55] Grid交易: Import=5.1 | Export=1011.4
[20:28:55] ------------------------------------------------------------
[20:28:55] 📊 每日策略详情 (Avg Bid / Total Gen):
[20:28:55]   Wind    : Bid  11.5¢ | Gen   57.1 kWh
[20:28:55]   Solar   : Bid   4.6¢ | Gen   53.6 kWh
[20:28:55]   Diesel  : Bid  20.6¢ | Gen   29.2 kWh
[20:28:55]   Battery : Bid   5.6¢ | Net  -30.8 kWh (Charge)
[20:28:55] ------------------------------------------------------------
[20:28:56] 
============================================================
[20:28:56] Episode 75/200 | Steps: 24
[20:28:56] 总奖励:  -180.45 (Avg10:  -179.09)
[20:28:56] Agent奖励:
[20:28:56]   wind      :    7.117
[20:28:56]   solar     :    4.743
[20:28:56]   diesel    :    3.164
[20:28:56]   battery   :   -5.441
[20:28:56]   customer  : -190.036
[20:28:56] Grid交易: Import=18.5 | Export=1077.8
[20:28:56] ------------------------------------------------------------
[20:28:56] 📊 每日策略详情 (Avg Bid / Total Gen):
[20:28:56]   Wind    : Bid   7.1¢ | Gen   93.0 kWh
[20:28:56]   Solar   : Bid   4.5¢ | Gen   24.7 kWh
[20:28:56]   Diesel  : Bid  24.5¢ | Gen   29.8 kWh
[20:28:56]   Battery : Bid   7.1¢ | Net   -2.0 kWh (Charge)
[20:28:56] ------------------------------------------------------------
[20:28:58] 
============================================================
[20:28:58] Episode 76/200 | Steps: 24
[20:28:58] 总奖励:  -180.95 (Avg10:  -180.23)
[20:28:58] Agent奖励:
[20:28:58]   wind      :    3.791
[20:28:58]   solar     :    0.834
[20:28:58]   diesel    :   -0.157
[20:28:58]   battery   :   -3.375
[20:28:58]   customer  : -182.045
[20:28:58] Grid交易: Import=0.0 | Export=1240.1
[20:28:58] ------------------------------------------------------------
[20:28:58] 📊 每日策略详情 (Avg Bid / Total Gen):
[20:28:58]   Wind    : Bid  11.3¢ | Gen   48.3 kWh
[20:28:58]   Solar   : Bid   4.9¢ | Gen   15.3 kWh
[20:28:58]   Diesel  : Bid  20.9¢ | Gen   20.2 kWh
[20:28:58]   Battery : Bid   5.1¢ | Net   20.3 kWh (Dischg)
[20:28:58] ------------------------------------------------------------
[20:28:59] 
============================================================
[20:28:59] Episode 77/200 | Steps: 24
[20:28:59] 总奖励:  -181.33 (Avg10:  -181.17)
[20:28:59] Agent奖励:
[20:28:59]   wind      :    9.202
[20:28:59]   solar     :    0.918
[20:28:59]   diesel    :   -0.318
[20:28:59]   battery   :   -0.916
[20:28:59]   customer  : -190.220
[20:28:59] Grid交易: Import=41.3 | Export=1199.8
[20:28:59] ------------------------------------------------------------
[20:28:59] 📊 每日策略详情 (Avg Bid / Total Gen):
[20:28:59]   Wind    : Bid   8.1¢ | Gen   82.2 kWh
[20:28:59]   Solar   : Bid   5.6¢ | Gen   20.8 kWh
[20:28:59]   Diesel  : Bid  19.8¢ | Gen   44.7 kWh
[20:28:59]   Battery : Bid   7.1¢ | Net   -5.1 kWh (Charge)
[20:28:59] ------------------------------------------------------------
[20:29:01] 
============================================================
[20:29:01] Episode 78/200 | Steps: 24
[20:29:01] 总奖励:  -171.97 (Avg10:  -180.45)
[20:29:01] Agent奖励:
[20:29:01]   wind      :    8.984
[20:29:01]   solar     :    1.063
[20:29:01]   diesel    :    0.164
[20:29:01]   battery   :   -0.680
[20:29:01]   customer  : -181.496
[20:29:01] Grid交易: Import=0.0 | Export=1297.9
[20:29:01] ------------------------------------------------------------
[20:29:01] 📊 每日策略详情 (Avg Bid / Total Gen):
[20:29:01]   Wind    : Bid  10.1¢ | Gen   66.0 kWh
[20:29:01]   Solar   : Bid   7.3¢ | Gen   21.9 kWh
[20:29:01]   Diesel  : Bid  19.9¢ | Gen    3.9 kWh
[20:29:01]   Battery : Bid   7.2¢ | Net    7.8 kWh (Dischg)
[20:29:01] ------------------------------------------------------------
[20:29:02] 
============================================================
[20:29:02] Episode 79/200 | Steps: 24
[20:29:02] 总奖励:  -181.09 (Avg10:  -179.95)
[20:29:02] Agent奖励:
[20:29:02]   wind      :   13.651
[20:29:02]   solar     :    4.987
[20:29:02]   diesel    :   -2.550
[20:29:02]   battery   :   -5.984
[20:29:02]   customer  : -191.194
[20:29:02] Grid交易: Import=0.0 | Export=1286.3
[20:29:02] ------------------------------------------------------------
[20:29:02] 📊 每日策略详情 (Avg Bid / Total Gen):
[20:29:02]   Wind    : Bid   9.9¢ | Gen   66.6 kWh
[20:29:02]   Solar   : Bid   5.0¢ | Gen   40.7 kWh
[20:29:02]   Diesel  : Bid  20.1¢ | Gen   64.2 kWh
[20:29:02]   Battery : Bid   5.4¢ | Net  -32.2 kWh (Charge)
[20:29:02] ------------------------------------------------------------
[20:29:03] 
============================================================
[20:29:03] Episode 80/200 | Steps: 24
[20:29:03] 总奖励:  -182.01 (Avg10:  -180.00)
[20:29:03] Agent奖励:
[20:29:03]   wind      :    5.391
[20:29:03]   solar     :    6.697
[20:29:03]   diesel    :    0.320
[20:29:03]   battery   :   -4.766
[20:29:03]   customer  : -189.657
[20:29:03] Grid交易: Import=13.2 | Export=1076.0
[20:29:03] ------------------------------------------------------------
[20:29:03] 📊 每日策略详情 (Avg Bid / Total Gen):
[20:29:03]   Wind    : Bid   9.2¢ | Gen   32.8 kWh
[20:29:03]   Solar   : Bid   7.6¢ | Gen   34.5 kWh
[20:29:03]   Diesel  : Bid  20.7¢ | Gen    9.6 kWh
[20:29:03]   Battery : Bid   3.8¢ | Net   -1.4 kWh (Charge)
[20:29:03] ------------------------------------------------------------
[20:29:03] 
📊 生成图表...
[20:29:04]   ✓ debug_plots/training_status_ep0080.png
[20:29:04]   ✓ debug_plots/grid_status_ep0080.png
[20:29:05] 
============================================================
[20:29:05] Episode 81/200 | Steps: 24
[20:29:05] 总奖励:  -173.30 (Avg10:  -179.85)
[20:29:05] Agent奖励:
[20:29:05]   wind      :   16.422
[20:29:05]   solar     :    3.394
[20:29:05]   diesel    :    0.840
[20:29:05]   battery   :   -8.152
[20:29:05]   customer  : -185.800
[20:29:05] Grid交易: Import=9.9 | Export=1080.6
[20:29:05] ------------------------------------------------------------
[20:29:05] 📊 每日策略详情 (Avg Bid / Total Gen):
[20:29:05]   Wind    : Bid   7.7¢ | Gen  140.0 kWh
[20:29:05]   Solar   : Bid   3.7¢ | Gen   19.3 kWh
[20:29:05]   Diesel  : Bid  20.1¢ | Gen   34.1 kWh
[20:29:05]   Battery : Bid   1.5¢ | Net  -38.0 kWh (Charge)
[20:29:05] ------------------------------------------------------------
[20:29:06] 
============================================================
[20:29:06] Episode 82/200 | Steps: 24
[20:29:06] 总奖励:  -186.74 (Avg10:  -180.65)
[20:29:06] Agent奖励:
[20:29:06]   wind      :    3.117
[20:29:06]   solar     :    4.990
[20:29:06]   diesel    :    2.130
[20:29:06]   battery   :   -1.879
[20:29:06]   customer  : -195.098
[20:29:06] Grid交易: Import=26.0 | Export=1197.1
[20:29:06] ------------------------------------------------------------
[20:29:06] 📊 每日策略详情 (Avg Bid / Total Gen):
[20:29:06]   Wind    : Bid  11.1¢ | Gen   31.7 kWh
[20:29:06]   Solar   : Bid   6.7¢ | Gen   19.4 kWh
[20:29:06]   Diesel  : Bid  18.1¢ | Gen   13.0 kWh
[20:29:06]   Battery : Bid   7.5¢ | Net  -14.9 kWh (Charge)
[20:29:06] ------------------------------------------------------------
[20:29:07] 
============================================================
[20:29:07] Episode 83/200 | Steps: 24
[20:29:07] 总奖励:  -171.03 (Avg10:  -179.48)
[20:29:07] Agent奖励:
[20:29:07]   wind      :   18.363
[20:29:07]   solar     :    9.882
[20:29:07]   diesel    :    2.407
[20:29:07]   battery   :   -6.542
[20:29:07]   customer  : -195.135
[20:29:07] Grid交易: Import=0.0 | Export=1157.2
[20:29:07] ------------------------------------------------------------
[20:29:07] 📊 每日策略详情 (Avg Bid / Total Gen):
[20:29:07]   Wind    : Bid  10.8¢ | Gen   99.2 kWh
[20:29:07]   Solar   : Bid   3.9¢ | Gen   48.4 kWh
[20:29:07]   Diesel  : Bid  21.4¢ | Gen   38.0 kWh
[20:29:07]   Battery : Bid   4.5¢ | Net   -3.6 kWh (Charge)
[20:29:07] ------------------------------------------------------------
[20:29:08] 
============================================================
[20:29:08] Episode 84/200 | Steps: 24
[20:29:08] 总奖励:  -177.88 (Avg10:  -178.67)
[20:29:08] Agent奖励:
[20:29:08]   wind      :    6.289
[20:29:08]   solar     :    6.585
[20:29:08]   diesel    :   -0.891
[20:29:08]   battery   :   -1.983
[20:29:08]   customer  : -187.878
[20:29:08] Grid交易: Import=0.0 | Export=1212.7
[20:29:08] ------------------------------------------------------------
[20:29:08] 📊 每日策略详情 (Avg Bid / Total Gen):
[20:29:08]   Wind    : Bid  11.9¢ | Gen   66.3 kWh
[20:29:08]   Solar   : Bid   6.0¢ | Gen   42.0 kWh
[20:29:08]   Diesel  : Bid  21.6¢ | Gen   22.6 kWh
[20:29:08]   Battery : Bid   6.6¢ | Net  -11.0 kWh (Charge)
[20:29:08] ------------------------------------------------------------
[20:29:10] 
============================================================
[20:29:10] Episode 85/200 | Steps: 24
[20:29:10] 总奖励:  -183.92 (Avg10:  -179.02)
[20:29:10] Agent奖励:
[20:29:10]   wind      :    7.557
[20:29:10]   solar     :    1.800
[20:29:10]   diesel    :    1.138
[20:29:10]   battery   :   -6.234
[20:29:10]   customer  : -188.179
[20:29:10] Grid交易: Import=78.0 | Export=1069.7
[20:29:10] ------------------------------------------------------------
[20:29:10] 📊 每日策略详情 (Avg Bid / Total Gen):
[20:29:10]   Wind    : Bid  11.9¢ | Gen   82.7 kWh
[20:29:10]   Solar   : Bid   5.8¢ | Gen   20.0 kWh
[20:29:10]   Diesel  : Bid  20.6¢ | Gen   54.2 kWh
[20:29:10]   Battery : Bid   3.4¢ | Net    0.0 kWh (Idle)
[20:29:10] ------------------------------------------------------------
[20:29:12] 
============================================================
[20:29:12] Episode 86/200 | Steps: 24
[20:29:12] 总奖励:  -180.73 (Avg10:  -179.00)
[20:29:12] Agent奖励:
[20:29:12]   wind      :   18.166
[20:29:12]   solar     :    2.482
[20:29:12]   diesel    :    0.484
[20:29:12]   battery   :  -13.545
[20:29:12]   customer  : -188.314
[20:29:12] Grid交易: Import=22.3 | Export=1116.7
[20:29:12] ------------------------------------------------------------
[20:29:12] 📊 每日策略详情 (Avg Bid / Total Gen):
[20:29:12]   Wind    : Bid   8.2¢ | Gen  113.7 kWh
[20:29:12]   Solar   : Bid   6.6¢ | Gen   16.4 kWh
[20:29:12]   Diesel  : Bid  23.8¢ | Gen    4.7 kWh
[20:29:12]   Battery : Bid   4.2¢ | Net  -26.2 kWh (Charge)
[20:29:12] ------------------------------------------------------------
[20:29:14] 
============================================================
[20:29:14] Episode 87/200 | Steps: 24
[20:29:14] 总奖励:  -176.22 (Avg10:  -178.49)
[20:29:14] Agent奖励:
[20:29:14]   wind      :    9.947
[20:29:14]   solar     :    2.894
[20:29:14]   diesel    :   -0.688
[20:29:14]   battery   :   -0.422
[20:29:14]   customer  : -187.954
[20:29:14] Grid交易: Import=14.7 | Export=1129.4
[20:29:14] ------------------------------------------------------------
[20:29:14] 📊 每日策略详情 (Avg Bid / Total Gen):
[20:29:14]   Wind    : Bid   9.7¢ | Gen   84.4 kWh
[20:29:14]   Solar   : Bid   7.5¢ | Gen   31.5 kWh
[20:29:14]   Diesel  : Bid  17.6¢ | Gen   27.6 kWh
[20:29:14]   Battery : Bid   8.8¢ | Net  -12.5 kWh (Charge)
[20:29:14] ------------------------------------------------------------
[20:29:15] 
============================================================
[20:29:15] Episode 88/200 | Steps: 24
[20:29:15] 总奖励:  -173.02 (Avg10:  -178.59)
[20:29:15] Agent奖励:
[20:29:15]   wind      :   12.843
[20:29:15]   solar     :    3.319
[20:29:15]   diesel    :    0.019
[20:29:15]   battery   :   -1.963
[20:29:15]   customer  : -187.241
[20:29:15] Grid交易: Import=0.0 | Export=1149.3
[20:29:15] ------------------------------------------------------------
[20:29:15] 📊 每日策略详情 (Avg Bid / Total Gen):
[20:29:15]   Wind    : Bid  12.7¢ | Gen  102.7 kWh
[20:29:15]   Solar   : Bid   4.2¢ | Gen   29.4 kWh
[20:29:15]   Diesel  : Bid  24.1¢ | Gen    3.6 kWh
[20:29:15]   Battery : Bid   8.6¢ | Net   -7.3 kWh (Charge)
[20:29:15] ------------------------------------------------------------
[20:29:16] 
============================================================
[20:29:16] Episode 89/200 | Steps: 24
[20:29:16] 总奖励:  -163.83 (Avg10:  -176.87)
[20:29:16] Agent奖励:
[20:29:16]   wind      :   11.393
[20:29:16]   solar     :    7.443
[20:29:16]   diesel    :    0.000
[20:29:16]   battery   :   -0.321
[20:29:16]   customer  : -182.345
[20:29:16] Grid交易: Import=0.0 | Export=1215.9
[20:29:16] ------------------------------------------------------------
[20:29:16] 📊 每日策略详情 (Avg Bid / Total Gen):
[20:29:16]   Wind    : Bid  11.4¢ | Gen  130.6 kWh
[20:29:16]   Solar   : Bid   3.0¢ | Gen   63.7 kWh
[20:29:16]   Diesel  : Bid  20.6¢ | Gen    0.0 kWh
[20:29:16]   Battery : Bid   6.2¢ | Net   14.3 kWh (Dischg)
[20:29:16] ------------------------------------------------------------
[20:29:17] 
============================================================
[20:29:17] Episode 90/200 | Steps: 24
[20:29:17] 总奖励:  -165.56 (Avg10:  -175.22)
[20:29:17] Agent奖励:
[20:29:17]   wind      :    9.991
[20:29:17]   solar     :   13.318
[20:29:17]   diesel    :    1.226
[20:29:17]   battery   :   -2.983
[20:29:17]   customer  : -187.110
[20:29:17] Grid交易: Import=9.0 | Export=1182.3
[20:29:17] ------------------------------------------------------------
[20:29:17] 📊 每日策略详情 (Avg Bid / Total Gen):
[20:29:17]   Wind    : Bid  11.9¢ | Gen   97.1 kWh
[20:29:17]   Solar   : Bid   5.9¢ | Gen   67.6 kWh
[20:29:17]   Diesel  : Bid  23.1¢ | Gen   19.1 kWh
[20:29:17]   Battery : Bid   7.1¢ | Net    7.6 kWh (Dischg)
[20:29:17] ------------------------------------------------------------
[20:29:18] 
============================================================
[20:29:18] Episode 91/200 | Steps: 24
[20:29:18] 总奖励:  -176.46 (Avg10:  -175.54)
[20:29:18] Agent奖励:
[20:29:18]   wind      :   10.099
[20:29:18]   solar     :    3.463
[20:29:18]   diesel    :    0.298
[20:29:18]   battery   :   -5.131
[20:29:18]   customer  : -185.193
[20:29:18] Grid交易: Import=31.1 | Export=1182.5
[20:29:18] ------------------------------------------------------------
[20:29:18] 📊 每日策略详情 (Avg Bid / Total Gen):
[20:29:18]   Wind    : Bid  13.3¢ | Gen   79.1 kWh
[20:29:18]   Solar   : Bid   5.0¢ | Gen   28.6 kWh
[20:29:18]   Diesel  : Bid  21.3¢ | Gen   56.8 kWh
[20:29:18]   Battery : Bid   2.8¢ | Net   -7.2 kWh (Charge)
[20:29:18] ------------------------------------------------------------
[20:29:20] 
============================================================
[20:29:20] Episode 92/200 | Steps: 24
[20:29:20] 总奖励:  -168.40 (Avg10:  -173.70)
[20:29:20] Agent奖励:
[20:29:20]   wind      :   15.533
[20:29:20]   solar     :   12.818
[20:29:20]   diesel    :    0.391
[20:29:20]   battery   :   -8.944
[20:29:20]   customer  : -188.194
[20:29:20] Grid交易: Import=0.6 | Export=1021.9
[20:29:20] ------------------------------------------------------------
[20:29:20] 📊 每日策略详情 (Avg Bid / Total Gen):
[20:29:20]   Wind    : Bid  10.5¢ | Gen  120.0 kWh
[20:29:20]   Solar   : Bid   4.4¢ | Gen   73.3 kWh
[20:29:20]   Diesel  : Bid  21.6¢ | Gen    6.9 kWh
[20:29:20]   Battery : Bid   4.4¢ | Net  -26.5 kWh (Charge)
[20:29:20] ------------------------------------------------------------
[20:29:21] 
============================================================
[20:29:21] Episode 93/200 | Steps: 24
[20:29:21] 总奖励:  -182.61 (Avg10:  -174.86)
[20:29:21] Agent奖励:
[20:29:21]   wind      :   14.457
[20:29:21]   solar     :    3.288
[20:29:21]   diesel    :    2.636
[20:29:21]   battery   :   -4.634
[20:29:21]   customer  : -198.361
[20:29:21] Grid交易: Import=20.9 | Export=1096.5
[20:29:21] ------------------------------------------------------------
[20:29:21] 📊 每日策略详情 (Avg Bid / Total Gen):
[20:29:21]   Wind    : Bid   9.3¢ | Gen   99.6 kWh
[20:29:21]   Solar   : Bid   2.2¢ | Gen   21.2 kWh
[20:29:21]   Diesel  : Bid  21.5¢ | Gen   34.5 kWh
[20:29:21]   Battery : Bid   8.4¢ | Net  -16.2 kWh (Charge)
[20:29:21] ------------------------------------------------------------
[20:29:22] 
============================================================
[20:29:22] Episode 94/200 | Steps: 24
[20:29:22] 总奖励:  -159.25 (Avg10:  -173.00)
[20:29:22] Agent奖励:
[20:29:22]   wind      :   10.430
[20:29:22]   solar     :   12.275
[20:29:22]   diesel    :    2.129
[20:29:22]   battery   :   -1.564
[20:29:22]   customer  : -182.516
[20:29:22] Grid交易: Import=0.0 | Export=1124.2
[20:29:22] ------------------------------------------------------------
[20:29:22] 📊 每日策略详情 (Avg Bid / Total Gen):
[20:29:22]   Wind    : Bid  10.8¢ | Gen  122.7 kWh
[20:29:22]   Solar   : Bid   3.3¢ | Gen   74.4 kWh
[20:29:22]   Diesel  : Bid  21.8¢ | Gen   35.1 kWh
[20:29:22]   Battery : Bid   5.6¢ | Net  -10.0 kWh (Charge)
[20:29:22] ------------------------------------------------------------
[20:29:23] 
============================================================
[20:29:23] Episode 95/200 | Steps: 24
[20:29:23] 总奖励:  -174.99 (Avg10:  -172.11)
[20:29:23] Agent奖励:
[20:29:23]   wind      :    8.767
[20:29:23]   solar     :    6.965
[20:29:23]   diesel    :    0.489
[20:29:23]   battery   :   -3.992
[20:29:23]   customer  : -187.218
[20:29:23] Grid交易: Import=64.5 | Export=1202.7
[20:29:23] ------------------------------------------------------------
[20:29:23] 📊 每日策略详情 (Avg Bid / Total Gen):
[20:29:23]   Wind    : Bid  10.4¢ | Gen   92.8 kWh
[20:29:23]   Solar   : Bid   3.3¢ | Gen   52.4 kWh
[20:29:23]   Diesel  : Bid  19.3¢ | Gen    5.1 kWh
[20:29:23]   Battery : Bid   7.9¢ | Net  -26.6 kWh (Charge)
[20:29:23] ------------------------------------------------------------
[20:29:25] 
============================================================
[20:29:25] Episode 96/200 | Steps: 24
[20:29:25] 总奖励:  -164.84 (Avg10:  -170.52)
[20:29:25] Agent奖励:
[20:29:25]   wind      :   15.973
[20:29:25]   solar     :    5.780
[20:29:25]   diesel    :    2.004
[20:29:25]   battery   :   -1.511
[20:29:25]   customer  : -187.089
[20:29:25] Grid交易: Import=0.5 | Export=1200.4
[20:29:25] ------------------------------------------------------------
[20:29:25] 📊 每日策略详情 (Avg Bid / Total Gen):
[20:29:25]   Wind    : Bid  10.0¢ | Gen  127.0 kWh
[20:29:25]   Solar   : Bid   6.0¢ | Gen   23.7 kWh
[20:29:25]   Diesel  : Bid  17.9¢ | Gen   25.2 kWh
[20:29:25]   Battery : Bid   8.1¢ | Net   -0.6 kWh (Charge)
[20:29:25] ------------------------------------------------------------
[20:29:26] 
============================================================
[20:29:26] Episode 97/200 | Steps: 24
[20:29:26] 总奖励:  -179.58 (Avg10:  -170.85)
[20:29:26] Agent奖励:
[20:29:26]   wind      :    5.359
[20:29:26]   solar     :    5.330
[20:29:26]   diesel    :   -3.101
[20:29:26]   battery   :   -0.596
[20:29:26]   customer  : -186.571
[20:29:26] Grid交易: Import=0.0 | Export=1070.2
[20:29:26] ------------------------------------------------------------
[20:29:26] 📊 每日策略详情 (Avg Bid / Total Gen):
[20:29:26]   Wind    : Bid  10.2¢ | Gen   60.1 kWh
[20:29:26]   Solar   : Bid   7.7¢ | Gen   45.8 kWh
[20:29:26]   Diesel  : Bid  21.6¢ | Gen   22.7 kWh
[20:29:26]   Battery : Bid   5.9¢ | Net   -2.1 kWh (Charge)
[20:29:26] ------------------------------------------------------------
[20:29:27] 
============================================================
[20:29:27] Episode 98/200 | Steps: 24
[20:29:27] 总奖励:  -176.40 (Avg10:  -171.19)
[20:29:27] Agent奖励:
[20:29:27]   wind      :    9.186
[20:29:27]   solar     :    6.150
[20:29:27]   diesel    :    0.376
[20:29:27]   battery   :   -7.270
[20:29:27]   customer  : -184.844
[20:29:27] Grid交易: Import=31.9 | Export=1108.1
[20:29:27] ------------------------------------------------------------
[20:29:27] 📊 每日策略详情 (Avg Bid / Total Gen):
[20:29:27]   Wind    : Bid   9.0¢ | Gen   96.4 kWh
[20:29:27]   Solar   : Bid   2.2¢ | Gen   30.8 kWh
[20:29:27]   Diesel  : Bid  19.4¢ | Gen   50.8 kWh
[20:29:27]   Battery : Bid   5.5¢ | Net  -24.7 kWh (Charge)
[20:29:27] ------------------------------------------------------------
[20:29:28] 
============================================================
[20:29:28] Episode 99/200 | Steps: 24
[20:29:28] 总奖励:  -180.42 (Avg10:  -172.85)
[20:29:28] Agent奖励:
[20:29:28]   wind      :   10.534
[20:29:28]   solar     :    5.293
[20:29:28]   diesel    :  -10.585
[20:29:28]   battery   :   -0.505
[20:29:28]   customer  : -185.155
[20:29:28] Grid交易: Import=9.0 | Export=899.7
[20:29:28] ------------------------------------------------------------
[20:29:28] 📊 每日策略详情 (Avg Bid / Total Gen):
[20:29:28]   Wind    : Bid  10.4¢ | Gen   75.8 kWh
[20:29:28]   Solar   : Bid   8.0¢ | Gen   27.4 kWh
[20:29:28]   Diesel  : Bid  18.6¢ | Gen  115.4 kWh
[20:29:28]   Battery : Bid   9.0¢ | Net    2.3 kWh (Dischg)
[20:29:28] ------------------------------------------------------------
[20:29:29] 
============================================================
[20:29:29] Episode 100/200 | Steps: 24
[20:29:29] 总奖励:  -160.86 (Avg10:  -172.38)
[20:29:29] Agent奖励:
[20:29:29]   wind      :   29.138
[20:29:29]   solar     :    7.716
[20:29:29]   diesel    :   -0.274
[20:29:29]   battery   :   -3.121
[20:29:29]   customer  : -194.322
[20:29:29] Grid交易: Import=35.9 | Export=1022.9
[20:29:29] ------------------------------------------------------------
[20:29:29] 📊 每日策略详情 (Avg Bid / Total Gen):
[20:29:29]   Wind    : Bid  14.0¢ | Gen  165.9 kWh
[20:29:29]   Solar   : Bid   4.2¢ | Gen   46.7 kWh
[20:29:29]   Diesel  : Bid  20.6¢ | Gen   14.0 kWh
[20:29:29]   Battery : Bid   7.8¢ | Net    8.6 kWh (Dischg)
[20:29:29] ------------------------------------------------------------
[20:29:29] 
📊 生成图表...
[20:29:30]   ✓ debug_plots/training_status_ep0100.png
[20:29:30]   ✓ debug_plots/grid_status_ep0100.png
[20:29:30] 💾 Checkpoint saved: debug_checkpoints/debug_maddpg_20251203_202712_ep100.pt
[20:29:31] 
============================================================
[20:29:31] Episode 101/200 | Steps: 24
[20:29:31] 总奖励:  -175.61 (Avg10:  -172.30)
[20:29:31] Agent奖励:
[20:29:31]   wind      :   10.118
[20:29:31]   solar     :    5.249
[20:29:31]   diesel    :    4.440
[20:29:31]   battery   :   -0.755
[20:29:31]   customer  : -194.661
[20:29:31] Grid交易: Import=6.8 | Export=1017.7
[20:29:31] ------------------------------------------------------------
[20:29:31] 📊 每日策略详情 (Avg Bid / Total Gen):
[20:29:31]   Wind    : Bid  11.6¢ | Gen   97.5 kWh
[20:29:31]   Solar   : Bid   7.3¢ | Gen   37.5 kWh
[20:29:31]   Diesel  : Bid  21.6¢ | Gen   67.3 kWh
[20:29:31]   Battery : Bid   5.6¢ | Net   11.9 kWh (Dischg)
[20:29:31] ------------------------------------------------------------
[20:29:32] 
============================================================
[20:29:32] Episode 102/200 | Steps: 24
[20:29:32] 总奖励:  -162.56 (Avg10:  -171.71)
[20:29:32] Agent奖励:
[20:29:32]   wind      :   13.470
[20:29:32]   solar     :   14.802
[20:29:32]   diesel    :    4.724
[20:29:32]   battery   :   -5.298
[20:29:32]   customer  : -190.262
[20:29:32] Grid交易: Import=5.5 | Export=954.2
[20:29:32] ------------------------------------------------------------
[20:29:32] 📊 每日策略详情 (Avg Bid / Total Gen):
[20:29:32]   Wind    : Bid  11.4¢ | Gen  107.3 kWh
[20:29:32]   Solar   : Bid   6.6¢ | Gen   69.7 kWh
[20:29:32]   Diesel  : Bid  20.4¢ | Gen   58.2 kWh
[20:29:32]   Battery : Bid   7.8¢ | Net   -9.2 kWh (Charge)
[20:29:32] ------------------------------------------------------------
[20:29:33] 
============================================================
[20:29:33] Episode 103/200 | Steps: 24
[20:29:33] 总奖励:  -176.82 (Avg10:  -171.13)
[20:29:33] Agent奖励:
[20:29:33]   wind      :    5.111
[20:29:33]   solar     :    5.508
[20:29:33]   diesel    :   -0.263
[20:29:33]   battery   :   -0.537
[20:29:33]   customer  : -186.637
[20:29:33] Grid交易: Import=0.0 | Export=1017.0
[20:29:33] ------------------------------------------------------------
[20:29:33] 📊 每日策略详情 (Avg Bid / Total Gen):
[20:29:33]   Wind    : Bid  11.1¢ | Gen   53.0 kWh
[20:29:33]   Solar   : Bid   5.5¢ | Gen   43.5 kWh
[20:29:33]   Diesel  : Bid  20.0¢ | Gen   12.5 kWh
[20:29:33]   Battery : Bid   9.4¢ | Net   -0.4 kWh (Charge)
[20:29:33] ------------------------------------------------------------
[20:29:34] 
============================================================
[20:29:34] Episode 104/200 | Steps: 24
[20:29:34] 总奖励:  -166.28 (Avg10:  -171.84)
[20:29:34] Agent奖励:
[20:29:34]   wind      :   26.445
[20:29:34]   solar     :    6.082
[20:29:34]   diesel    :    6.065
[20:29:34]   battery   :   -1.309
[20:29:34]   customer  : -203.561
[20:29:34] Grid交易: Import=44.4 | Export=1015.8
[20:29:34] ------------------------------------------------------------
[20:29:34] 📊 每日策略详情 (Avg Bid / Total Gen):
[20:29:34]   Wind    : Bid  12.0¢ | Gen  162.7 kWh
[20:29:34]   Solar   : Bid   7.5¢ | Gen   37.0 kWh
[20:29:34]   Diesel  : Bid  20.4¢ | Gen   51.1 kWh
[20:29:34]   Battery : Bid   5.0¢ | Net   13.8 kWh (Dischg)
[20:29:34] ------------------------------------------------------------
[20:29:36] 
============================================================
[20:29:36] Episode 105/200 | Steps: 24
[20:29:36] 总奖励:  -173.09 (Avg10:  -171.65)
[20:29:36] Agent奖励:
[20:29:36]   wind      :   15.608
[20:29:36]   solar     :   11.339
[20:29:36]   diesel    :   -1.990
[20:29:36]   battery   :   -3.959
[20:29:36]   customer  : -194.083
[20:29:36] Grid交易: Import=37.0 | Export=1022.5
[20:29:36] ------------------------------------------------------------
[20:29:36] 📊 每日策略详情 (Avg Bid / Total Gen):
[20:29:36]   Wind    : Bid  12.0¢ | Gen   98.1 kWh
[20:29:36]   Solar   : Bid   5.7¢ | Gen   69.3 kWh
[20:29:36]   Diesel  : Bid  22.1¢ | Gen   66.5 kWh
[20:29:36]   Battery : Bid   7.3¢ | Net    1.8 kWh (Dischg)
[20:29:36] ------------------------------------------------------------
[20:29:38] 
============================================================
[20:29:38] Episode 106/200 | Steps: 24
[20:29:38] 总奖励:  -155.91 (Avg10:  -170.75)
[20:29:38] Agent奖励:
[20:29:38]   wind      :   23.463
[20:29:38]   solar     :   12.411
[20:29:38]   diesel    :    2.517
[20:29:38]   battery   :   -3.812
[20:29:38]   customer  : -190.490
[20:29:38] Grid交易: Import=2.6 | Export=1098.6
[20:29:38] ------------------------------------------------------------
[20:29:38] 📊 每日策略详情 (Avg Bid / Total Gen):
[20:29:38]   Wind    : Bid  11.0¢ | Gen  147.9 kWh
[20:29:38]   Solar   : Bid   4.6¢ | Gen   69.0 kWh
[20:29:38]   Diesel  : Bid  23.5¢ | Gen   27.6 kWh
[20:29:38]   Battery : Bid   7.2¢ | Net    3.0 kWh (Dischg)
[20:29:38] ------------------------------------------------------------
[20:29:39] 
============================================================
[20:29:39] Episode 107/200 | Steps: 24
[20:29:39] 总奖励:  -168.69 (Avg10:  -169.66)
[20:29:39] Agent奖励:
[20:29:39]   wind      :   19.235
[20:29:39]   solar     :    6.714
[20:29:39]   diesel    :   -1.223
[20:29:39]   battery   :   -4.520
[20:29:39]   customer  : -188.900
[20:29:39] Grid交易: Import=24.7 | Export=1037.6
[20:29:39] ------------------------------------------------------------
[20:29:39] 📊 每日策略详情 (Avg Bid / Total Gen):
[20:29:39]   Wind    : Bid  11.3¢ | Gen  149.9 kWh
[20:29:39]   Solar   : Bid   5.8¢ | Gen   52.3 kWh
[20:29:39]   Diesel  : Bid  20.7¢ | Gen   76.1 kWh
[20:29:39]   Battery : Bid   9.3¢ | Net  -10.4 kWh (Charge)
[20:29:39] ------------------------------------------------------------
[20:29:41] 
============================================================
[20:29:41] Episode 108/200 | Steps: 24
[20:29:41] 总奖励:  -172.96 (Avg10:  -169.32)
[20:29:41] Agent奖励:
[20:29:41]   wind      :    8.219
[20:29:41]   solar     :   10.305
[20:29:41]   diesel    :    2.444
[20:29:41]   battery   :   -2.050
[20:29:41]   customer  : -191.876
[20:29:41] Grid交易: Import=21.2 | Export=957.1
[20:29:41] ------------------------------------------------------------
[20:29:41] 📊 每日策略详情 (Avg Bid / Total Gen):
[20:29:41]   Wind    : Bid  12.8¢ | Gen   70.7 kWh
[20:29:41]   Solar   : Bid   4.9¢ | Gen   67.7 kWh
[20:29:41]   Diesel  : Bid  23.3¢ | Gen   43.7 kWh
[20:29:41]   Battery : Bid   6.0¢ | Net    2.4 kWh (Dischg)
[20:29:41] ------------------------------------------------------------
[20:29:43] 
============================================================
[20:29:43] Episode 109/200 | Steps: 24
[20:29:43] 总奖励:  -169.80 (Avg10:  -168.26)
[20:29:43] Agent奖励:
[20:29:43]   wind      :   20.920
[20:29:43]   solar     :    5.951
[20:29:43]   diesel    :   -0.284
[20:29:43]   battery   :   -5.791
[20:29:43]   customer  : -190.600
[20:29:43] Grid交易: Import=8.2 | Export=931.8
[20:29:43] ------------------------------------------------------------
[20:29:43] 📊 每日策略详情 (Avg Bid / Total Gen):
[20:29:43]   Wind    : Bid   7.6¢ | Gen  180.7 kWh
[20:29:43]   Solar   : Bid   7.1¢ | Gen   41.7 kWh
[20:29:43]   Diesel  : Bid  19.5¢ | Gen   66.6 kWh
[20:29:43]   Battery : Bid   6.3¢ | Net  -13.7 kWh (Charge)
[20:29:43] ------------------------------------------------------------
[20:29:44] 
============================================================
[20:29:44] Episode 110/200 | Steps: 24
[20:29:44] 总奖励:  -172.38 (Avg10:  -169.41)
[20:29:44] Agent奖励:
[20:29:44]   wind      :   12.444
[20:29:44]   solar     :   12.342
[20:29:44]   diesel    :    1.768
[20:29:44]   battery   :   -8.822
[20:29:44]   customer  : -190.110
[20:29:44] Grid交易: Import=0.0 | Export=1084.6
[20:29:44] ------------------------------------------------------------
[20:29:44] 📊 每日策略详情 (Avg Bid / Total Gen):
[20:29:44]   Wind    : Bid  11.6¢ | Gen   87.0 kWh
[20:29:44]   Solar   : Bid   7.5¢ | Gen   67.6 kWh
[20:29:44]   Diesel  : Bid  19.6¢ | Gen   40.6 kWh
[20:29:44]   Battery : Bid  11.1¢ | Net  -34.6 kWh (Charge)
[20:29:44] ------------------------------------------------------------
[20:29:46] 
============================================================
[20:29:46] Episode 111/200 | Steps: 24
[20:29:46] 总奖励:  -176.64 (Avg10:  -169.51)
[20:29:46] Agent奖励:
[20:29:46]   wind      :    8.621
[20:29:46]   solar     :    5.917
[20:29:46]   diesel    :   -2.557
[20:29:46]   battery   :   -3.911
[20:29:46]   customer  : -184.708
[20:29:46] Grid交易: Import=30.0 | Export=993.0
[20:29:46] ------------------------------------------------------------
[20:29:46] 📊 每日策略详情 (Avg Bid / Total Gen):
[20:29:46]   Wind    : Bid  13.5¢ | Gen   79.3 kWh
[20:29:46]   Solar   : Bid   6.0¢ | Gen   43.8 kWh
[20:29:46]   Diesel  : Bid  18.6¢ | Gen   67.5 kWh
[20:29:46]   Battery : Bid   8.8¢ | Net   18.9 kWh (Dischg)
[20:29:46] ------------------------------------------------------------
[20:29:47] 
============================================================
[20:29:47] Episode 112/200 | Steps: 24
[20:29:47] 总奖励:  -158.23 (Avg10:  -169.08)
[20:29:47] Agent奖励:
[20:29:47]   wind      :   15.568
[20:29:47]   solar     :   12.450
[20:29:47]   diesel    :    2.203
[20:29:47]   battery   :   -1.215
[20:29:47]   customer  : -187.231
[20:29:47] Grid交易: Import=0.7 | Export=968.0
[20:29:47] ------------------------------------------------------------
[20:29:47] 📊 每日策略详情 (Avg Bid / Total Gen):
[20:29:47]   Wind    : Bid  13.6¢ | Gen  139.7 kWh
[20:29:47]   Solar   : Bid   3.6¢ | Gen   87.9 kWh
[20:29:47]   Diesel  : Bid  20.2¢ | Gen   69.4 kWh
[20:29:47]   Battery : Bid   8.6¢ | Net   12.3 kWh (Dischg)
[20:29:47] ------------------------------------------------------------
[20:29:48] 
============================================================
[20:29:48] Episode 113/200 | Steps: 24
[20:29:48] 总奖励:  -161.22 (Avg10:  -167.52)
[20:29:48] Agent奖励:
[20:29:48]   wind      :   14.603
[20:29:48]   solar     :   11.296
[20:29:48]   diesel    :   -0.965
[20:29:48]   battery   :   -2.031
[20:29:48]   customer  : -184.121
[20:29:48] Grid交易: Import=0.0 | Export=1012.4
[20:29:48] ------------------------------------------------------------
[20:29:48] 📊 每日策略详情 (Avg Bid / Total Gen):
[20:29:48]   Wind    : Bid  10.6¢ | Gen  125.0 kWh
[20:29:48]   Solar   : Bid   6.0¢ | Gen   75.5 kWh
[20:29:48]   Diesel  : Bid  21.2¢ | Gen   22.0 kWh
[20:29:48]   Battery : Bid   7.3¢ | Net    1.8 kWh (Dischg)
[20:29:48] ------------------------------------------------------------
[20:29:49] 
============================================================
[20:29:49] Episode 114/200 | Steps: 24
[20:29:49] 总奖励:  -165.83 (Avg10:  -167.47)
[20:29:49] Agent奖励:
[20:29:49]   wind      :   13.245
[20:29:49]   solar     :    6.903
[20:29:49]   diesel    :    0.587
[20:29:49]   battery   :   -0.170
[20:29:49]   customer  : -186.391
[20:29:49] Grid交易: Import=9.8 | Export=1146.6
[20:29:49] ------------------------------------------------------------
[20:29:49] 📊 每日策略详情 (Avg Bid / Total Gen):
[20:29:49]   Wind    : Bid  10.4¢ | Gen  136.3 kWh
[20:29:49]   Solar   : Bid   6.2¢ | Gen   49.5 kWh
[20:29:49]   Diesel  : Bid  19.3¢ | Gen   18.2 kWh
[20:29:49]   Battery : Bid   8.1¢ | Net    4.6 kWh (Dischg)
[20:29:49] ------------------------------------------------------------
[20:29:51] 
============================================================
[20:29:51] Episode 115/200 | Steps: 24
[20:29:51] 总奖励:  -179.13 (Avg10:  -168.08)
[20:29:51] Agent奖励:
[20:29:51]   wind      :   12.133
[20:29:51]   solar     :    4.835
[20:29:51]   diesel    :   -1.078
[20:29:51]   battery   :   -1.374
[20:29:51]   customer  : -193.648
[20:29:51] Grid交易: Import=0.0 | Export=1096.2
[20:29:51] ------------------------------------------------------------
[20:29:51] 📊 每日策略详情 (Avg Bid / Total Gen):
[20:29:51]   Wind    : Bid  12.2¢ | Gen   73.8 kWh
[20:29:51]   Solar   : Bid   7.8¢ | Gen   39.4 kWh
[20:29:51]   Diesel  : Bid  21.7¢ | Gen   13.3 kWh
[20:29:51]   Battery : Bid   7.1¢ | Net   16.4 kWh (Dischg)
[20:29:51] ------------------------------------------------------------
[20:29:52] 
============================================================
[20:29:52] Episode 116/200 | Steps: 24
[20:29:52] 总奖励:  -151.49 (Avg10:  -167.64)
[20:29:52] Agent奖励:
[20:29:52]   wind      :   24.648
[20:29:52]   solar     :    9.726
[20:29:52]   diesel    :    0.499
[20:29:52]   battery   :   -5.594
[20:29:52]   customer  : -180.770
[20:29:52] Grid交易: Import=0.0 | Export=1071.0
[20:29:52] ------------------------------------------------------------
[20:29:52] 📊 每日策略详情 (Avg Bid / Total Gen):
[20:29:52]   Wind    : Bid  11.4¢ | Gen  155.8 kWh
[20:29:52]   Solar   : Bid   4.8¢ | Gen   51.8 kWh
[20:29:52]   Diesel  : Bid  20.8¢ | Gen   10.6 kWh
[20:29:52]   Battery : Bid   8.5¢ | Net   14.1 kWh (Dischg)
[20:29:52] ------------------------------------------------------------
[20:29:53] 
============================================================
[20:29:53] Episode 117/200 | Steps: 24
[20:29:53] 总奖励:  -168.57 (Avg10:  -167.62)
[20:29:53] Agent奖励:
[20:29:53]   wind      :   14.254
[20:29:53]   solar     :    9.887
[20:29:53]   diesel    :   -0.474
[20:29:53]   battery   :   -5.094
[20:29:53]   customer  : -187.148
[20:29:53] Grid交易: Import=59.4 | Export=1111.5
[20:29:53] ------------------------------------------------------------
[20:29:53] 📊 每日策略详情 (Avg Bid / Total Gen):
[20:29:53]   Wind    : Bid  11.8¢ | Gen  101.3 kWh
[20:29:53]   Solar   : Bid   6.8¢ | Gen   52.1 kWh
[20:29:53]   Diesel  : Bid  21.9¢ | Gen   34.8 kWh
[20:29:53]   Battery : Bid   4.1¢ | Net   29.9 kWh (Dischg)
[20:29:53] ------------------------------------------------------------
[20:29:54] 
============================================================
[20:29:54] Episode 118/200 | Steps: 24
[20:29:54] 总奖励:  -159.80 (Avg10:  -166.31)
[20:29:54] Agent奖励:
[20:29:54]   wind      :   20.123
[20:29:54]   solar     :    5.131
[20:29:54]   diesel    :    1.933
[20:29:54]   battery   :   -1.438
[20:29:54]   customer  : -185.548
[20:29:54] Grid交易: Import=7.3 | Export=1061.4
[20:29:54] ------------------------------------------------------------
[20:29:54] 📊 每日策略详情 (Avg Bid / Total Gen):
[20:29:54]   Wind    : Bid   9.9¢ | Gen  177.4 kWh
[20:29:54]   Solar   : Bid   8.7¢ | Gen   34.5 kWh
[20:29:54]   Diesel  : Bid  18.8¢ | Gen   49.1 kWh
[20:29:54]   Battery : Bid   9.6¢ | Net    8.2 kWh (Dischg)
[20:29:54] ------------------------------------------------------------
[20:29:55] 
============================================================
[20:29:55] Episode 119/200 | Steps: 24
[20:29:55] 总奖励:  -163.32 (Avg10:  -165.66)
[20:29:55] Agent奖励:
[20:29:55]   wind      :   22.568
[20:29:55]   solar     :    9.940
[20:29:55]   diesel    :    0.418
[20:29:55]   battery   :   -9.208
[20:29:55]   customer  : -187.041
[20:29:55] Grid交易: Import=17.8 | Export=932.7
[20:29:55] ------------------------------------------------------------
[20:29:55] 📊 每日策略详情 (Avg Bid / Total Gen):
[20:29:55]   Wind    : Bid   9.2¢ | Gen  143.0 kWh
[20:29:55]   Solar   : Bid   3.9¢ | Gen   71.2 kWh
[20:29:55]   Diesel  : Bid  19.0¢ | Gen   33.7 kWh
[20:29:55]   Battery : Bid   8.9¢ | Net  -33.0 kWh (Charge)
[20:29:55] ------------------------------------------------------------
[20:29:56] 
============================================================
[20:29:56] Episode 120/200 | Steps: 24
[20:29:56] 总奖励:  -150.64 (Avg10:  -163.49)
[20:29:56] Agent奖励:
[20:29:56]   wind      :   30.022
[20:29:56]   solar     :    8.128
[20:29:56]   diesel    :    2.090
[20:29:56]   battery   :   -2.061
[20:29:56]   customer  : -188.823
[20:29:56] Grid交易: Import=13.7 | Export=949.7
[20:29:56] ------------------------------------------------------------
[20:29:56] 📊 每日策略详情 (Avg Bid / Total Gen):
[20:29:56]   Wind    : Bid  12.4¢ | Gen  197.4 kWh
[20:29:56]   Solar   : Bid   4.1¢ | Gen   51.6 kWh
[20:29:56]   Diesel  : Bid  22.3¢ | Gen   71.8 kWh
[20:29:56]   Battery : Bid   8.9¢ | Net   -3.5 kWh (Charge)
[20:29:56] ------------------------------------------------------------
[20:29:56] 
📊 生成图表...
[20:29:57]   ✓ debug_plots/training_status_ep0120.png
[20:29:57]   ✓ debug_plots/grid_status_ep0120.png
[20:29:58] 
============================================================
[20:29:58] Episode 121/200 | Steps: 24
[20:29:58] 总奖励:  -166.48 (Avg10:  -162.47)
[20:29:58] Agent奖励:
[20:29:58]   wind      :   13.131
[20:29:58]   solar     :    4.940
[20:29:58]   diesel    :    3.360
[20:29:58]   battery   :   -1.776
[20:29:58]   customer  : -186.132
[20:29:58] Grid交易: Import=12.9 | Export=1164.8
[20:29:58] ------------------------------------------------------------
[20:29:58] 📊 每日策略详情 (Avg Bid / Total Gen):
[20:29:58]   Wind    : Bid  11.2¢ | Gen  114.6 kWh
[20:29:58]   Solar   : Bid   6.1¢ | Gen   36.5 kWh
[20:29:58]   Diesel  : Bid  20.4¢ | Gen   44.1 kWh
[20:29:58]   Battery : Bid   8.9¢ | Net   14.3 kWh (Dischg)
[20:29:58] ------------------------------------------------------------
[20:29:59] 
============================================================
[20:29:59] Episode 122/200 | Steps: 24
[20:29:59] 总奖励:  -170.99 (Avg10:  -163.75)
[20:29:59] Agent奖励:
[20:29:59]   wind      :   18.445
[20:29:59]   solar     :    8.622
[20:29:59]   diesel    :    2.161
[20:29:59]   battery   :  -10.070
[20:29:59]   customer  : -190.152
[20:29:59] Grid交易: Import=31.6 | Export=1085.0
[20:29:59] ------------------------------------------------------------
[20:29:59] 📊 每日策略详情 (Avg Bid / Total Gen):
[20:29:59]   Wind    : Bid  10.4¢ | Gen  126.3 kWh
[20:29:59]   Solar   : Bid   4.5¢ | Gen   65.1 kWh
[20:29:59]   Diesel  : Bid  21.6¢ | Gen   11.4 kWh
[20:29:59]   Battery : Bid   7.7¢ | Net  -35.1 kWh (Charge)
[20:29:59] ------------------------------------------------------------
[20:30:00] 
============================================================
[20:30:00] Episode 123/200 | Steps: 24
[20:30:00] 总奖励:  -161.93 (Avg10:  -163.82)
[20:30:00] Agent奖励:
[20:30:00]   wind      :   19.902
[20:30:00]   solar     :    7.739
[20:30:00]   diesel    :    0.158
[20:30:00]   battery   :   -4.466
[20:30:00]   customer  : -185.265
[20:30:00] Grid交易: Import=7.5 | Export=1142.5
[20:30:00] ------------------------------------------------------------
[20:30:00] 📊 每日策略详情 (Avg Bid / Total Gen):
[20:30:00]   Wind    : Bid  13.0¢ | Gen  133.0 kWh
[20:30:00]   Solar   : Bid   7.1¢ | Gen   55.8 kWh
[20:30:00]   Diesel  : Bid  19.6¢ | Gen   31.5 kWh
[20:30:00]   Battery : Bid   7.2¢ | Net   22.2 kWh (Dischg)
[20:30:00] ------------------------------------------------------------
[20:30:01] 
============================================================
[20:30:01] Episode 124/200 | Steps: 24
[20:30:01] 总奖励:  -160.59 (Avg10:  -163.30)
[20:30:01] Agent奖励:
[20:30:01]   wind      :   24.928
[20:30:01]   solar     :    8.582
[20:30:01]   diesel    :    2.041
[20:30:01]   battery   :   -4.590
[20:30:01]   customer  : -191.549
[20:30:01] Grid交易: Import=85.1 | Export=924.3
[20:30:01] ------------------------------------------------------------
[20:30:01] 📊 每日策略详情 (Avg Bid / Total Gen):
[20:30:01]   Wind    : Bid  11.6¢ | Gen  176.0 kWh
[20:30:01]   Solar   : Bid   7.8¢ | Gen   52.2 kWh
[20:30:01]   Diesel  : Bid  20.3¢ | Gen   51.7 kWh
[20:30:01]   Battery : Bid   7.6¢ | Net   16.3 kWh (Dischg)
[20:30:01] ------------------------------------------------------------
[20:30:03] 
============================================================
[20:30:03] Episode 125/200 | Steps: 24
[20:30:03] 总奖励:  -174.91 (Avg10:  -162.87)
[20:30:03] Agent奖励:
[20:30:03]   wind      :   12.117
[20:30:03]   solar     :    8.539
[20:30:03]   diesel    :    3.765
[20:30:03]   battery   :   -6.483
[20:30:03]   customer  : -192.846
[20:30:03] Grid交易: Import=27.7 | Export=1056.0
[20:30:03] ------------------------------------------------------------
[20:30:03] 📊 每日策略详情 (Avg Bid / Total Gen):
[20:30:03]   Wind    : Bid  11.6¢ | Gen  119.0 kWh
[20:30:03]   Solar   : Bid   5.3¢ | Gen   47.0 kWh
[20:30:03]   Diesel  : Bid  20.5¢ | Gen   70.1 kWh
[20:30:03]   Battery : Bid   6.7¢ | Net  -44.7 kWh (Charge)
[20:30:03] ------------------------------------------------------------
[20:30:05] 
============================================================
[20:30:05] Episode 126/200 | Steps: 24
[20:30:05] 总奖励:  -171.51 (Avg10:  -164.87)
[20:30:05] Agent奖励:
[20:30:05]   wind      :   21.231
[20:30:05]   solar     :    8.634
[20:30:05]   diesel    :    0.275
[20:30:05]   battery   :   -5.646
[20:30:05]   customer  : -196.005
[20:30:05] Grid交易: Import=23.0 | Export=855.1
[20:30:05] ------------------------------------------------------------
[20:30:05] 📊 每日策略详情 (Avg Bid / Total Gen):
[20:30:05]   Wind    : Bid  10.5¢ | Gen  142.5 kWh
[20:30:05]   Solar   : Bid   7.8¢ | Gen   54.7 kWh
[20:30:05]   Diesel  : Bid  24.0¢ | Gen   54.4 kWh
[20:30:05]   Battery : Bid   8.2¢ | Net  -27.3 kWh (Charge)
[20:30:05] ------------------------------------------------------------
[20:30:07] 
============================================================
[20:30:07] Episode 127/200 | Steps: 24
[20:30:07] 总奖励:  -155.37 (Avg10:  -163.55)
[20:30:07] Agent奖励:
[20:30:07]   wind      :   31.481
[20:30:07]   solar     :    9.942
[20:30:07]   diesel    :    3.838
[20:30:07]   battery   :  -10.612
[20:30:07]   customer  : -190.015
[20:30:07] Grid交易: Import=13.7 | Export=1020.3
[20:30:07] ------------------------------------------------------------
[20:30:07] 📊 每日策略详情 (Avg Bid / Total Gen):
[20:30:07]   Wind    : Bid  10.9¢ | Gen  178.8 kWh
[20:30:07]   Solar   : Bid   8.3¢ | Gen   48.3 kWh
[20:30:07]   Diesel  : Bid  22.0¢ | Gen   32.1 kWh
[20:30:07]   Battery : Bid  11.5¢ | Net  -18.8 kWh (Charge)
[20:30:07] ------------------------------------------------------------
[20:30:08] 
============================================================
[20:30:08] Episode 128/200 | Steps: 24
[20:30:08] 总奖励:  -159.82 (Avg10:  -163.56)
[20:30:08] Agent奖励:
[20:30:08]   wind      :   22.079
[20:30:08]   solar     :    7.968
[20:30:08]   diesel    :    1.589
[20:30:08]   battery   :  -10.476
[20:30:08]   customer  : -180.980
[20:30:08] Grid交易: Import=3.6 | Export=1003.5
[20:30:08] ------------------------------------------------------------
[20:30:08] 📊 每日策略详情 (Avg Bid / Total Gen):
[20:30:08]   Wind    : Bid  11.7¢ | Gen  149.3 kWh
[20:30:08]   Solar   : Bid   3.8¢ | Gen   64.2 kWh
[20:30:08]   Diesel  : Bid  19.9¢ | Gen   67.6 kWh
[20:30:08]   Battery : Bid   6.8¢ | Net  -21.9 kWh (Charge)
[20:30:08] ------------------------------------------------------------
[20:30:09] 
============================================================
[20:30:09] Episode 129/200 | Steps: 24
[20:30:09] 总奖励:  -165.68 (Avg10:  -163.79)
[20:30:09] Agent奖励:
[20:30:09]   wind      :   15.435
[20:30:09]   solar     :    8.234
[20:30:09]   diesel    :    1.498
[20:30:09]   battery   :   -1.885
[20:30:09]   customer  : -188.957
[20:30:09] Grid交易: Import=14.7 | Export=1085.3
[20:30:09] ------------------------------------------------------------
[20:30:09] 📊 每日策略详情 (Avg Bid / Total Gen):
[20:30:09]   Wind    : Bid  10.6¢ | Gen  107.4 kWh
[20:30:09]   Solar   : Bid   5.4¢ | Gen   59.7 kWh
[20:30:09]   Diesel  : Bid  20.9¢ | Gen   24.9 kWh
[20:30:09]   Battery : Bid   8.7¢ | Net    6.4 kWh (Dischg)
[20:30:09] ------------------------------------------------------------
[20:30:10] 
============================================================
[20:30:10] Episode 130/200 | Steps: 24
[20:30:10] 总奖励:  -155.54 (Avg10:  -164.28)
[20:30:10] Agent奖励:
[20:30:10]   wind      :   27.955
[20:30:10]   solar     :   10.634
[20:30:10]   diesel    :    0.433
[20:30:10]   battery   :   -4.465
[20:30:10]   customer  : -190.093
[20:30:10] Grid交易: Import=10.2 | Export=1259.7
[20:30:10] ------------------------------------------------------------
[20:30:10] 📊 每日策略详情 (Avg Bid / Total Gen):
[20:30:10]   Wind    : Bid  10.9¢ | Gen  185.1 kWh
[20:30:10]   Solar   : Bid   6.6¢ | Gen   59.9 kWh
[20:30:10]   Diesel  : Bid  22.1¢ | Gen   31.9 kWh
[20:30:10]   Battery : Bid   9.5¢ | Net   10.1 kWh (Dischg)
[20:30:10] ------------------------------------------------------------
[20:30:12] 
============================================================
[20:30:12] Episode 131/200 | Steps: 24
[20:30:12] 总奖励:  -173.53 (Avg10:  -164.99)
[20:30:12] Agent奖励:
[20:30:12]   wind      :   13.934
[20:30:12]   solar     :    4.525
[20:30:12]   diesel    :   -1.491
[20:30:12]   battery   :   -1.221
[20:30:12]   customer  : -189.275
[20:30:12] Grid交易: Import=4.3 | Export=994.5
[20:30:12] ------------------------------------------------------------
[20:30:12] 📊 每日策略详情 (Avg Bid / Total Gen):
[20:30:12]   Wind    : Bid  11.6¢ | Gen  108.4 kWh
[20:30:12]   Solar   : Bid   5.9¢ | Gen   34.4 kWh
[20:30:12]   Diesel  : Bid  20.9¢ | Gen   39.8 kWh
[20:30:12]   Battery : Bid   8.1¢ | Net    4.1 kWh (Dischg)
[20:30:12] ------------------------------------------------------------
[20:30:13] 
============================================================
[20:30:13] Episode 132/200 | Steps: 24
[20:30:13] 总奖励:  -158.54 (Avg10:  -163.74)
[20:30:13] Agent奖励:
[20:30:13]   wind      :   32.362
[20:30:13]   solar     :    8.928
[20:30:13]   diesel    :    0.502
[20:30:13]   battery   :   -8.485
[20:30:13]   customer  : -191.846
[20:30:13] Grid交易: Import=2.7 | Export=960.3
[20:30:13] ------------------------------------------------------------
[20:30:13] 📊 每日策略详情 (Avg Bid / Total Gen):
[20:30:13]   Wind    : Bid  10.6¢ | Gen  190.5 kWh
[20:30:13]   Solar   : Bid   3.1¢ | Gen   68.9 kWh
[20:30:13]   Diesel  : Bid  21.9¢ | Gen   25.1 kWh
[20:30:13]   Battery : Bid   8.9¢ | Net  -18.3 kWh (Charge)
[20:30:13] ------------------------------------------------------------
[20:30:15] 
============================================================
[20:30:15] Episode 133/200 | Steps: 24
[20:30:15] 总奖励:  -149.92 (Avg10:  -162.54)
[20:30:15] Agent奖励:
[20:30:15]   wind      :   24.943
[20:30:15]   solar     :    9.297
[20:30:15]   diesel    :    0.657
[20:30:15]   battery   :   -0.258
[20:30:15]   customer  : -184.554
[20:30:15] Grid交易: Import=0.0 | Export=1063.7
[20:30:15] ------------------------------------------------------------
[20:30:15] 📊 每日策略详情 (Avg Bid / Total Gen):
[20:30:15]   Wind    : Bid  10.8¢ | Gen  159.1 kWh
[20:30:15]   Solar   : Bid   3.9¢ | Gen   46.4 kWh
[20:30:15]   Diesel  : Bid  22.0¢ | Gen   77.0 kWh
[20:30:15]   Battery : Bid   8.4¢ | Net   11.7 kWh (Dischg)
[20:30:15] ------------------------------------------------------------
[20:30:16] 
============================================================
[20:30:16] Episode 134/200 | Steps: 24
[20:30:16] 总奖励:  -160.72 (Avg10:  -162.55)
[20:30:16] Agent奖励:
[20:30:16]   wind      :   15.337
[20:30:16]   solar     :    5.559
[20:30:16]   diesel    :   -0.014
[20:30:16]   battery   :    0.011
[20:30:16]   customer  : -181.609
[20:30:16] Grid交易: Import=59.5 | Export=961.9
[20:30:16] ------------------------------------------------------------
[20:30:16] 📊 每日策略详情 (Avg Bid / Total Gen):
[20:30:16]   Wind    : Bid  10.2¢ | Gen  164.2 kWh
[20:30:16]   Solar   : Bid   6.9¢ | Gen   36.8 kWh
[20:30:16]   Diesel  : Bid  19.8¢ | Gen   41.8 kWh
[20:30:16]   Battery : Bid   8.6¢ | Net   24.1 kWh (Dischg)
[20:30:16] ------------------------------------------------------------
[20:30:17] 
============================================================
[20:30:17] Episode 135/200 | Steps: 24
[20:30:17] 总奖励:  -170.78 (Avg10:  -162.14)
[20:30:17] Agent奖励:
[20:30:17]   wind      :   12.184
[20:30:17]   solar     :   10.770
[20:30:17]   diesel    :    3.266
[20:30:17]   battery   :   -3.422
[20:30:17]   customer  : -193.577
[20:30:17] Grid交易: Import=0.0 | Export=1008.2
[20:30:17] ------------------------------------------------------------
[20:30:17] 📊 每日策略详情 (Avg Bid / Total Gen):
[20:30:17]   Wind    : Bid  11.9¢ | Gen  101.5 kWh
[20:30:17]   Solar   : Bid   7.0¢ | Gen   55.8 kWh
[20:30:17]   Diesel  : Bid  22.0¢ | Gen  109.5 kWh
[20:30:17]   Battery : Bid   7.7¢ | Net   22.8 kWh (Dischg)
[20:30:17] ------------------------------------------------------------
[20:30:18] 
============================================================
[20:30:18] Episode 136/200 | Steps: 24
[20:30:18] 总奖励:  -158.28 (Avg10:  -160.82)
[20:30:18] Agent奖励:
[20:30:18]   wind      :   28.405
[20:30:18]   solar     :    5.563
[20:30:18]   diesel    :   -1.151
[20:30:18]   battery   :   -0.745
[20:30:18]   customer  : -190.355
[20:30:18] Grid交易: Import=21.6 | Export=952.7
[20:30:18] ------------------------------------------------------------
[20:30:18] 📊 每日策略详情 (Avg Bid / Total Gen):
[20:30:18]   Wind    : Bid  10.5¢ | Gen  178.2 kWh
[20:30:18]   Solar   : Bid   7.1¢ | Gen   33.9 kWh
[20:30:18]   Diesel  : Bid  20.9¢ | Gen   80.7 kWh
[20:30:18]   Battery : Bid   8.6¢ | Net    8.6 kWh (Dischg)
[20:30:18] ------------------------------------------------------------
[20:30:19] 
============================================================
[20:30:19] Episode 137/200 | Steps: 24
[20:30:19] 总奖励:  -149.95 (Avg10:  -160.27)
[20:30:19] Agent奖励:
[20:30:19]   wind      :   26.427
[20:30:19]   solar     :   13.116
[20:30:19]   diesel    :    0.357
[20:30:19]   battery   :   -4.619
[20:30:19]   customer  : -185.226
[20:30:19] Grid交易: Import=7.9 | Export=1011.5
[20:30:19] ------------------------------------------------------------
[20:30:19] 📊 每日策略详情 (Avg Bid / Total Gen):
[20:30:19]   Wind    : Bid   7.6¢ | Gen  183.1 kWh
[20:30:19]   Solar   : Bid   5.3¢ | Gen   67.6 kWh
[20:30:19]   Diesel  : Bid  23.7¢ | Gen   52.7 kWh
[20:30:19]   Battery : Bid  10.8¢ | Net    4.0 kWh (Dischg)
[20:30:19] ------------------------------------------------------------
[20:30:20] 
============================================================
[20:30:20] Episode 138/200 | Steps: 24
[20:30:20] 总奖励:  -159.49 (Avg10:  -160.24)
[20:30:20] Agent奖励:
[20:30:20]   wind      :   20.142
[20:30:20]   solar     :    7.522
[20:30:20]   diesel    :   -0.908
[20:30:20]   battery   :   -2.282
[20:30:20]   customer  : -183.964
[20:30:20] Grid交易: Import=15.4 | Export=1215.5
[20:30:20] ------------------------------------------------------------
[20:30:20] 📊 每日策略详情 (Avg Bid / Total Gen):
[20:30:20]   Wind    : Bid   8.2¢ | Gen  162.7 kWh
[20:30:20]   Solar   : Bid   7.3¢ | Gen   46.3 kWh
[20:30:20]   Diesel  : Bid  22.0¢ | Gen   17.3 kWh
[20:30:20]   Battery : Bid   9.2¢ | Net    5.3 kWh (Dischg)
[20:30:20] ------------------------------------------------------------
[20:30:21] 
============================================================
[20:30:21] Episode 139/200 | Steps: 24
[20:30:21] 总奖励:  -155.52 (Avg10:  -159.22)
[20:30:21] Agent奖励:
[20:30:21]   wind      :   13.918
[20:30:21]   solar     :    5.113
[20:30:21]   diesel    :   -0.097
[20:30:21]   battery   :    0.294
[20:30:21]   customer  : -174.747
[20:30:21] Grid交易: Import=0.0 | Export=1093.6
[20:30:21] ------------------------------------------------------------
[20:30:21] 📊 每日策略详情 (Avg Bid / Total Gen):
[20:30:21]   Wind    : Bid   7.8¢ | Gen  169.5 kWh
[20:30:21]   Solar   : Bid   6.3¢ | Gen   57.2 kWh
[20:30:21]   Diesel  : Bid  21.7¢ | Gen    8.2 kWh
[20:30:21]   Battery : Bid   7.9¢ | Net    5.1 kWh (Dischg)
[20:30:21] ------------------------------------------------------------
[20:30:23] 
============================================================
[20:30:23] Episode 140/200 | Steps: 24
[20:30:23] 总奖励:  -159.99 (Avg10:  -159.67)
[20:30:23] Agent奖励:
[20:30:23]   wind      :   23.664
[20:30:23]   solar     :   13.912
[20:30:23]   diesel    :    6.749
[20:30:23]   battery   :   -6.296
[20:30:23]   customer  : -198.016
[20:30:23] Grid交易: Import=32.1 | Export=874.8
[20:30:23] ------------------------------------------------------------
[20:30:23] 📊 每日策略详情 (Avg Bid / Total Gen):
[20:30:23]   Wind    : Bid  10.9¢ | Gen  166.0 kWh
[20:30:23]   Solar   : Bid   4.1¢ | Gen   78.9 kWh
[20:30:23]   Diesel  : Bid  20.9¢ | Gen   74.6 kWh
[20:30:23]   Battery : Bid   7.6¢ | Net  -13.5 kWh (Charge)
[20:30:23] ------------------------------------------------------------
[20:30:23] 
📊 生成图表...
[20:30:23]   ✓ debug_plots/training_status_ep0140.png
[20:30:23]   ✓ debug_plots/grid_status_ep0140.png
[20:30:24] 
============================================================
[20:30:24] Episode 141/200 | Steps: 24
[20:30:24] 总奖励:  -162.25 (Avg10:  -158.54)
[20:30:24] Agent奖励:
[20:30:24]   wind      :   18.253
[20:30:24]   solar     :   17.074
[20:30:24]   diesel    :    1.047
[20:30:24]   battery   :   -3.327
[20:30:24]   customer  : -195.298
[20:30:24] Grid交易: Import=39.9 | Export=799.9
[20:30:24] ------------------------------------------------------------
[20:30:24] 📊 每日策略详情 (Avg Bid / Total Gen):
[20:30:24]   Wind    : Bid   8.7¢ | Gen  132.3 kWh
[20:30:24]   Solar   : Bid   5.0¢ | Gen   72.7 kWh
[20:30:24]   Diesel  : Bid  20.7¢ | Gen  148.1 kWh
[20:30:24]   Battery : Bid   7.7¢ | Net   28.4 kWh (Dischg)
[20:30:24] ------------------------------------------------------------
[20:30:25] 
============================================================
[20:30:25] Episode 142/200 | Steps: 24
[20:30:25] 总奖励:  -156.59 (Avg10:  -158.35)
[20:30:25] Agent奖励:
[20:30:25]   wind      :   17.766
[20:30:25]   solar     :    2.891
[20:30:25]   diesel    :    0.097
[20:30:25]   battery   :   -2.402
[20:30:25]   customer  : -174.946
[20:30:25] Grid交易: Import=0.0 | Export=1113.4
[20:30:25] ------------------------------------------------------------
[20:30:25] 📊 每日策略详情 (Avg Bid / Total Gen):
[20:30:25]   Wind    : Bid   7.0¢ | Gen  204.1 kWh
[20:30:25]   Solar   : Bid   7.4¢ | Gen   23.1 kWh
[20:30:25]   Diesel  : Bid  21.4¢ | Gen    8.2 kWh
[20:30:25]   Battery : Bid  10.1¢ | Net   -0.9 kWh (Charge)
[20:30:25] ------------------------------------------------------------
[20:30:26] 
============================================================
[20:30:26] Episode 143/200 | Steps: 24
[20:30:26] 总奖励:  -174.24 (Avg10:  -160.78)
[20:30:26] Agent奖励:
[20:30:26]   wind      :   15.102
[20:30:26]   solar     :    1.267
[20:30:26]   diesel    :   -4.031
[20:30:26]   battery   :   -1.795
[20:30:26]   customer  : -184.779
[20:30:26] Grid交易: Import=20.2 | Export=1110.8
[20:30:26] ------------------------------------------------------------
[20:30:26] 📊 每日策略详情 (Avg Bid / Total Gen):
[20:30:26]   Wind    : Bid   9.1¢ | Gen  159.0 kWh
[20:30:26]   Solar   : Bid   7.8¢ | Gen   11.9 kWh
[20:30:26]   Diesel  : Bid  21.8¢ | Gen   53.4 kWh
[20:30:26]   Battery : Bid   8.5¢ | Net    4.5 kWh (Dischg)
[20:30:26] ------------------------------------------------------------
[20:30:28] 
============================================================
[20:30:28] Episode 144/200 | Steps: 24
[20:30:28] 总奖励:  -145.91 (Avg10:  -159.30)
[20:30:28] Agent奖励:
[20:30:28]   wind      :   20.261
[20:30:28]   solar     :   12.006
[20:30:28]   diesel    :   -0.269
[20:30:28]   battery   :   -1.169
[20:30:28]   customer  : -176.736
[20:30:28] Grid交易: Import=2.9 | Export=1092.6
[20:30:28] ------------------------------------------------------------
[20:30:28] 📊 每日策略详情 (Avg Bid / Total Gen):
[20:30:28]   Wind    : Bid   8.8¢ | Gen  177.3 kWh
[20:30:28]   Solar   : Bid   5.0¢ | Gen   61.2 kWh
[20:30:28]   Diesel  : Bid  23.7¢ | Gen    9.5 kWh
[20:30:28]   Battery : Bid   7.9¢ | Net   12.2 kWh (Dischg)
[20:30:28] ------------------------------------------------------------
[20:30:30] 
============================================================
[20:30:30] Episode 145/200 | Steps: 24
[20:30:30] 总奖励:  -152.92 (Avg10:  -157.51)
[20:30:30] Agent奖励:
[20:30:30]   wind      :   23.847
[20:30:30]   solar     :    6.938
[20:30:30]   diesel    :    0.044
[20:30:30]   battery   :   -3.888
[20:30:30]   customer  : -179.861
[20:30:30] Grid交易: Import=0.9 | Export=1005.0
[20:30:30] ------------------------------------------------------------
[20:30:30] 📊 每日策略详情 (Avg Bid / Total Gen):
[20:30:30]   Wind    : Bid   9.2¢ | Gen  180.3 kWh
[20:30:30]   Solar   : Bid   4.7¢ | Gen   45.6 kWh
[20:30:30]   Diesel  : Bid  24.3¢ | Gen   15.8 kWh
[20:30:30]   Battery : Bid   9.5¢ | Net   10.8 kWh (Dischg)
[20:30:30] ------------------------------------------------------------
[20:30:32] 
============================================================
[20:30:32] Episode 146/200 | Steps: 24
[20:30:32] 总奖励:  -153.82 (Avg10:  -157.07)
[20:30:32] Agent奖励:
[20:30:32]   wind      :   19.937
[20:30:32]   solar     :    6.359
[20:30:32]   diesel    :   -0.465
[20:30:32]   battery   :   -2.371
[20:30:32]   customer  : -177.284
[20:30:32] Grid交易: Import=32.9 | Export=990.2
[20:30:32] ------------------------------------------------------------
[20:30:32] 📊 每日策略详情 (Avg Bid / Total Gen):
[20:30:32]   Wind    : Bid   8.1¢ | Gen  177.1 kWh
[20:30:32]   Solar   : Bid   5.4¢ | Gen   51.9 kWh
[20:30:32]   Diesel  : Bid  23.6¢ | Gen   25.2 kWh
[20:30:32]   Battery : Bid   9.4¢ | Net   36.5 kWh (Dischg)
[20:30:32] ------------------------------------------------------------
[20:30:33] 
============================================================
[20:30:33] Episode 147/200 | Steps: 24
[20:30:33] 总奖励:  -165.68 (Avg10:  -158.64)
[20:30:33] Agent奖励:
[20:30:33]   wind      :   12.564
[20:30:33]   solar     :    6.675
[20:30:33]   diesel    :   -2.091
[20:30:33]   battery   :   -2.275
[20:30:33]   customer  : -180.553
[20:30:33] Grid交易: Import=0.0 | Export=1218.4
[20:30:33] ------------------------------------------------------------
[20:30:33] 📊 每日策略详情 (Avg Bid / Total Gen):
[20:30:33]   Wind    : Bid   9.9¢ | Gen  125.3 kWh
[20:30:33]   Solar   : Bid   7.3¢ | Gen   44.7 kWh
[20:30:33]   Diesel  : Bid  23.3¢ | Gen   63.3 kWh
[20:30:33]   Battery : Bid   5.8¢ | Net   11.6 kWh (Dischg)
[20:30:33] ------------------------------------------------------------
[20:30:34] 
============================================================
[20:30:34] Episode 148/200 | Steps: 24
[20:30:34] 总奖励:  -149.75 (Avg10:  -157.67)
[20:30:34] Agent奖励:
[20:30:34]   wind      :   27.410
[20:30:34]   solar     :   12.367
[20:30:34]   diesel    :    1.510
[20:30:34]   battery   :   -4.924
[20:30:34]   customer  : -186.113
[20:30:34] Grid交易: Import=7.6 | Export=1032.1
[20:30:34] ------------------------------------------------------------
[20:30:34] 📊 每日策略详情 (Avg Bid / Total Gen):
[20:30:34]   Wind    : Bid  11.8¢ | Gen  198.9 kWh
[20:30:34]   Solar   : Bid   5.2¢ | Gen   75.9 kWh
[20:30:34]   Diesel  : Bid  22.2¢ | Gen   31.9 kWh
[20:30:34]   Battery : Bid   7.7¢ | Net    0.8 kWh (Dischg)
[20:30:34] ------------------------------------------------------------
[20:30:36] 
============================================================
[20:30:36] Episode 149/200 | Steps: 24
[20:30:36] 总奖励:  -154.92 (Avg10:  -157.61)
[20:30:36] Agent奖励:
[20:30:36]   wind      :   29.892
[20:30:36]   solar     :    8.373
[20:30:36]   diesel    :    1.184
[20:30:36]   battery   :   -3.920
[20:30:36]   customer  : -190.449
[20:30:36] Grid交易: Import=0.0 | Export=981.8
[20:30:36] ------------------------------------------------------------
[20:30:36] 📊 每日策略详情 (Avg Bid / Total Gen):
[20:30:36]   Wind    : Bid   9.8¢ | Gen  220.3 kWh
[20:30:36]   Solar   : Bid   7.1¢ | Gen   56.0 kWh
[20:30:36]   Diesel  : Bid  24.5¢ | Gen   64.9 kWh
[20:30:36]   Battery : Bid   7.1¢ | Net   13.9 kWh (Dischg)
[20:30:36] ------------------------------------------------------------
[20:30:38] 
============================================================
[20:30:38] Episode 150/200 | Steps: 24
[20:30:38] 总奖励:  -166.33 (Avg10:  -158.24)
[20:30:38] Agent奖励:
[20:30:38]   wind      :   17.339
[20:30:38]   solar     :   10.271
[20:30:38]   diesel    :   -1.812
[20:30:38]   battery   :   -6.622
[20:30:38]   customer  : -185.501
[20:30:38] Grid交易: Import=42.0 | Export=1144.5
[20:30:38] ------------------------------------------------------------
[20:30:38] 📊 每日策略详情 (Avg Bid / Total Gen):
[20:30:38]   Wind    : Bid   8.7¢ | Gen  148.2 kWh
[20:30:38]   Solar   : Bid   5.8¢ | Gen   49.0 kWh
[20:30:38]   Diesel  : Bid  25.1¢ | Gen   27.9 kWh
[20:30:38]   Battery : Bid   5.3¢ | Net   30.4 kWh (Dischg)
[20:30:38] ------------------------------------------------------------
[20:30:39] 
============================================================
[20:30:39] Episode 151/200 | Steps: 24
[20:30:39] 总奖励:  -144.84 (Avg10:  -156.50)
[20:30:39] Agent奖励:
[20:30:39]   wind      :   24.493
[20:30:39]   solar     :   12.514
[20:30:39]   diesel    :    3.281
[20:30:39]   battery   :   -3.476
[20:30:39]   customer  : -181.652
[20:30:39] Grid交易: Import=8.3 | Export=984.9
[20:30:39] ------------------------------------------------------------
[20:30:39] 📊 每日策略详情 (Avg Bid / Total Gen):
[20:30:39]   Wind    : Bid   9.4¢ | Gen  187.9 kWh
[20:30:39]   Solar   : Bid   5.1¢ | Gen   72.9 kWh
[20:30:39]   Diesel  : Bid  23.8¢ | Gen   47.3 kWh
[20:30:39]   Battery : Bid   8.5¢ | Net   19.5 kWh (Dischg)
[20:30:39] ------------------------------------------------------------
[20:30:41] 
============================================================
[20:30:41] Episode 152/200 | Steps: 24
[20:30:41] 总奖励:  -158.09 (Avg10:  -156.65)
[20:30:41] Agent奖励:
[20:30:41]   wind      :   15.652
[20:30:41]   solar     :   11.574
[20:30:41]   diesel    :    0.848
[20:30:41]   battery   :   -6.519
[20:30:41]   customer  : -179.640
[20:30:41] Grid交易: Import=0.0 | Export=1058.6
[20:30:41] ------------------------------------------------------------
[20:30:41] 📊 每日策略详情 (Avg Bid / Total Gen):
[20:30:41]   Wind    : Bid   6.8¢ | Gen  193.7 kWh
[20:30:41]   Solar   : Bid   7.0¢ | Gen   63.2 kWh
[20:30:41]   Diesel  : Bid  24.8¢ | Gen   12.8 kWh
[20:30:41]   Battery : Bid   9.0¢ | Net    0.0 kWh (Idle)
[20:30:41] ------------------------------------------------------------
[20:30:42] 
============================================================
[20:30:42] Episode 153/200 | Steps: 24
[20:30:42] 总奖励:  -146.73 (Avg10:  -153.90)
[20:30:42] Agent奖励:
[20:30:42]   wind      :   27.359
[20:30:42]   solar     :    9.079
[20:30:42]   diesel    :   -1.004
[20:30:42]   battery   :   -1.975
[20:30:42]   customer  : -180.191
[20:30:42] Grid交易: Import=49.8 | Export=1070.5
[20:30:42] ------------------------------------------------------------
[20:30:42] 📊 每日策略详情 (Avg Bid / Total Gen):
[20:30:42]   Wind    : Bid   9.5¢ | Gen  214.8 kWh
[20:30:42]   Solar   : Bid   5.2¢ | Gen   68.3 kWh
[20:30:42]   Diesel  : Bid  22.2¢ | Gen   57.4 kWh
[20:30:42]   Battery : Bid   7.8¢ | Net   36.3 kWh (Dischg)
[20:30:42] ------------------------------------------------------------
[20:30:43] 
============================================================
[20:30:43] Episode 154/200 | Steps: 24
[20:30:43] 总奖励:  -166.30 (Avg10:  -155.94)
[20:30:43] Agent奖励:
[20:30:43]   wind      :   19.216
[20:30:43]   solar     :    6.858
[20:30:43]   diesel    :    2.173
[20:30:43]   battery   :   -1.403
[20:30:43]   customer  : -193.145
[20:30:43] Grid交易: Import=35.2 | Export=1071.7
[20:30:43] ------------------------------------------------------------
[20:30:43] 📊 每日策略详情 (Avg Bid / Total Gen):
[20:30:43]   Wind    : Bid  10.2¢ | Gen  123.8 kWh
[20:30:43]   Solar   : Bid   7.3¢ | Gen   51.9 kWh
[20:30:43]   Diesel  : Bid  23.0¢ | Gen   25.9 kWh
[20:30:43]   Battery : Bid   7.6¢ | Net   11.1 kWh (Dischg)
[20:30:43] ------------------------------------------------------------
[20:30:45] 
============================================================
[20:30:45] Episode 155/200 | Steps: 24
[20:30:45] 总奖励:  -168.48 (Avg10:  -157.49)
[20:30:45] Agent奖励:
[20:30:45]   wind      :   11.918
[20:30:45]   solar     :    6.584
[20:30:45]   diesel    :    3.679
[20:30:45]   battery   :   -3.389
[20:30:45]   customer  : -187.274
[20:30:45] Grid交易: Import=26.6 | Export=995.9
[20:30:45] ------------------------------------------------------------
[20:30:45] 📊 每日策略详情 (Avg Bid / Total Gen):
[20:30:45]   Wind    : Bid   7.4¢ | Gen  124.1 kWh
[20:30:45]   Solar   : Bid   7.4¢ | Gen   58.0 kWh
[20:30:45]   Diesel  : Bid  24.5¢ | Gen   67.8 kWh
[20:30:45]   Battery : Bid   7.6¢ | Net    9.0 kWh (Dischg)
[20:30:45] ------------------------------------------------------------
[20:30:46] 
============================================================
[20:30:46] Episode 156/200 | Steps: 24
[20:30:46] 总奖励:  -153.53 (Avg10:  -157.46)
[20:30:46] Agent奖励:
[20:30:46]   wind      :   22.185
[20:30:46]   solar     :    6.345
[20:30:46]   diesel    :   -0.338
[20:30:46]   battery   :   -1.895
[20:30:46]   customer  : -179.827
[20:30:46] Grid交易: Import=0.0 | Export=1022.8
[20:30:46] ------------------------------------------------------------
[20:30:46] 📊 每日策略详情 (Avg Bid / Total Gen):
[20:30:46]   Wind    : Bid   7.9¢ | Gen  185.8 kWh
[20:30:46]   Solar   : Bid   6.2¢ | Gen   45.7 kWh
[20:30:46]   Diesel  : Bid  24.1¢ | Gen   29.1 kWh
[20:30:46]   Battery : Bid   9.3¢ | Net   28.5 kWh (Dischg)
[20:30:46] ------------------------------------------------------------
[20:30:47] 
============================================================
[20:30:47] Episode 157/200 | Steps: 24
[20:30:47] 总奖励:  -160.25 (Avg10:  -156.92)
[20:30:47] Agent奖励:
[20:30:47]   wind      :   23.879
[20:30:47]   solar     :    4.669
[20:30:47]   diesel    :   -0.747
[20:30:47]   battery   :    0.003
[20:30:47]   customer  : -188.059
[20:30:47] Grid交易: Import=15.1 | Export=922.5
[20:30:47] ------------------------------------------------------------
[20:30:47] 📊 每日策略详情 (Avg Bid / Total Gen):
[20:30:47]   Wind    : Bid   9.8¢ | Gen  178.5 kWh
[20:30:47]   Solar   : Bid   4.9¢ | Gen   38.4 kWh
[20:30:47]   Diesel  : Bid  23.5¢ | Gen   17.0 kWh
[20:30:47]   Battery : Bid  11.3¢ | Net   24.0 kWh (Dischg)
[20:30:47] ------------------------------------------------------------
[20:30:48] 
============================================================
[20:30:48] Episode 158/200 | Steps: 24
[20:30:48] 总奖励:  -159.49 (Avg10:  -157.90)
[20:30:48] Agent奖励:
[20:30:48]   wind      :   18.006
[20:30:48]   solar     :    3.900
[20:30:48]   diesel    :   -0.389
[20:30:48]   battery   :   -3.748
[20:30:48]   customer  : -177.257
[20:30:48] Grid交易: Import=2.1 | Export=1065.6
[20:30:48] ------------------------------------------------------------
[20:30:48] 📊 每日策略详情 (Avg Bid / Total Gen):
[20:30:48]   Wind    : Bid   7.7¢ | Gen  179.4 kWh
[20:30:48]   Solar   : Bid   5.3¢ | Gen   39.5 kWh
[20:30:48]   Diesel  : Bid  24.6¢ | Gen    9.7 kWh
[20:30:48]   Battery : Bid   8.8¢ | Net    8.5 kWh (Dischg)
[20:30:48] ------------------------------------------------------------
[20:30:50] 
============================================================
[20:30:50] Episode 159/200 | Steps: 24
[20:30:50] 总奖励:  -143.58 (Avg10:  -156.76)
[20:30:50] Agent奖励:
[20:30:50]   wind      :   27.133
[20:30:50]   solar     :    7.432
[20:30:50]   diesel    :    0.511
[20:30:50]   battery   :    1.238
[20:30:50]   customer  : -179.896
[20:30:50] Grid交易: Import=3.7 | Export=890.6
[20:30:50] ------------------------------------------------------------
[20:30:50] 📊 每日策略详情 (Avg Bid / Total Gen):
[20:30:50]   Wind    : Bid   8.5¢ | Gen  217.4 kWh
[20:30:50]   Solar   : Bid   5.3¢ | Gen   51.9 kWh
[20:30:50]   Diesel  : Bid  23.6¢ | Gen   40.9 kWh
[20:30:50]   Battery : Bid   8.3¢ | Net   43.3 kWh (Dischg)
[20:30:50] ------------------------------------------------------------
[20:30:51] 
============================================================
[20:30:51] Episode 160/200 | Steps: 24
[20:30:51] 总奖励:  -160.05 (Avg10:  -156.13)
[20:30:51] Agent奖励:
[20:30:51]   wind      :   21.510
[20:30:51]   solar     :    7.345
[20:30:51]   diesel    :    0.765
[20:30:51]   battery   :   -0.002
[20:30:51]   customer  : -189.669
[20:30:51] Grid交易: Import=44.3 | Export=972.0
[20:30:51] ------------------------------------------------------------
[20:30:51] 📊 每日策略详情 (Avg Bid / Total Gen):
[20:30:51]   Wind    : Bid   9.9¢ | Gen  141.3 kWh
[20:30:51]   Solar   : Bid   5.4¢ | Gen   53.7 kWh
[20:30:51]   Diesel  : Bid  25.1¢ | Gen   29.0 kWh
[20:30:51]   Battery : Bid   7.7¢ | Net   37.8 kWh (Dischg)
[20:30:51] ------------------------------------------------------------
[20:30:51] 
📊 生成图表...
[20:30:52]   ✓ debug_plots/training_status_ep0160.png
[20:30:52]   ✓ debug_plots/grid_status_ep0160.png
[20:30:53] 
============================================================
[20:30:53] Episode 161/200 | Steps: 24
[20:30:53] 总奖励:  -165.01 (Avg10:  -158.15)
[20:30:53] Agent奖励:
[20:30:53]   wind      :   22.094
[20:30:53]   solar     :    5.659
[20:30:53]   diesel    :    0.001
[20:30:53]   battery   :   -8.391
[20:30:53]   customer  : -184.370
[20:30:53] Grid交易: Import=42.8 | Export=862.9
[20:30:53] ------------------------------------------------------------
[20:30:53] 📊 每日策略详情 (Avg Bid / Total Gen):
[20:30:53]   Wind    : Bid   9.8¢ | Gen  173.8 kWh
[20:30:53]   Solar   : Bid   3.8¢ | Gen   38.0 kWh
[20:30:53]   Diesel  : Bid  24.2¢ | Gen   60.8 kWh
[20:30:53]   Battery : Bid  10.3¢ | Net  -27.2 kWh (Charge)
[20:30:53] ------------------------------------------------------------
[20:30:54] 
============================================================
[20:30:54] Episode 162/200 | Steps: 24
[20:30:54] 总奖励:  -178.41 (Avg10:  -160.18)
[20:30:54] Agent奖励:
[20:30:54]   wind      :   11.611
[20:30:54]   solar     :    8.720
[20:30:54]   diesel    :   -0.440
[20:30:54]   battery   :   -3.960
[20:30:54]   customer  : -194.335
[20:30:54] Grid交易: Import=30.4 | Export=1117.2
[20:30:54] ------------------------------------------------------------
[20:30:54] 📊 每日策略详情 (Avg Bid / Total Gen):
[20:30:54]   Wind    : Bid  12.6¢ | Gen   68.7 kWh
[20:30:54]   Solar   : Bid   4.5¢ | Gen   59.2 kWh
[20:30:54]   Diesel  : Bid  21.1¢ | Gen   55.7 kWh
[20:30:54]   Battery : Bid   6.3¢ | Net   29.5 kWh (Dischg)
[20:30:54] ------------------------------------------------------------
[20:30:56] 
============================================================
[20:30:56] Episode 163/200 | Steps: 24
[20:30:56] 总奖励:  -169.70 (Avg10:  -162.48)
[20:30:56] Agent奖励:
[20:30:56]   wind      :   14.728
[20:30:56]   solar     :    7.674
[20:30:56]   diesel    :   -0.492
[20:30:56]   battery   :   -0.846
[20:30:56]   customer  : -190.766
[20:30:56] Grid交易: Import=2.5 | Export=992.8
[20:30:56] ------------------------------------------------------------
[20:30:56] 📊 每日策略详情 (Avg Bid / Total Gen):
[20:30:56]   Wind    : Bid  10.5¢ | Gen  123.1 kWh
[20:30:56]   Solar   : Bid   5.5¢ | Gen   52.2 kWh
[20:30:56]   Diesel  : Bid  22.2¢ | Gen   49.6 kWh
[20:30:56]   Battery : Bid  10.2¢ | Net   31.2 kWh (Dischg)
[20:30:56] ------------------------------------------------------------
[20:30:57] 
============================================================
[20:30:57] Episode 164/200 | Steps: 24
[20:30:57] 总奖励:  -161.70 (Avg10:  -162.02)
[20:30:57] Agent奖励:
[20:30:57]   wind      :   20.339
[20:30:57]   solar     :    9.633
[20:30:57]   diesel    :    0.876
[20:30:57]   battery   :   -4.690
[20:30:57]   customer  : -187.853
[20:30:57] Grid交易: Import=23.8 | Export=959.1
[20:30:57] ------------------------------------------------------------
[20:30:57] 📊 每日策略详情 (Avg Bid / Total Gen):
[20:30:57]   Wind    : Bid  10.4¢ | Gen  127.2 kWh
[20:30:57]   Solar   : Bid   3.4¢ | Gen   52.6 kWh
[20:30:57]   Diesel  : Bid  24.0¢ | Gen   24.3 kWh
[20:30:57]   Battery : Bid   8.5¢ | Net   -5.1 kWh (Charge)
[20:30:57] ------------------------------------------------------------
[20:30:58] 
============================================================
[20:30:58] Episode 165/200 | Steps: 24
[20:30:58] 总奖励:  -163.96 (Avg10:  -161.57)
[20:30:58] Agent奖励:
[20:30:58]   wind      :   20.165
[20:30:58]   solar     :    6.059
[20:30:58]   diesel    :   -0.017
[20:30:58]   battery   :   -0.028
[20:30:58]   customer  : -190.143
[20:30:58] Grid交易: Import=6.5 | Export=959.3
[20:30:58] ------------------------------------------------------------
[20:30:58] 📊 每日策略详情 (Avg Bid / Total Gen):
[20:30:58]   Wind    : Bid  10.4¢ | Gen  150.9 kWh
[20:30:58]   Solar   : Bid   6.7¢ | Gen   62.3 kWh
[20:30:58]   Diesel  : Bid  24.3¢ | Gen    4.0 kWh
[20:30:58]   Battery : Bid   9.3¢ | Net   10.3 kWh (Dischg)
[20:30:58] ------------------------------------------------------------
[20:31:00] 
============================================================
[20:31:00] Episode 166/200 | Steps: 24
[20:31:00] 总奖励:  -154.98 (Avg10:  -161.71)
[20:31:00] Agent奖励:
[20:31:00]   wind      :   19.974
[20:31:00]   solar     :    7.763
[20:31:00]   diesel    :    2.124
[20:31:00]   battery   :   -5.740
[20:31:00]   customer  : -179.104
[20:31:00] Grid交易: Import=11.0 | Export=867.6
[20:31:00] ------------------------------------------------------------
[20:31:00] 📊 每日策略详情 (Avg Bid / Total Gen):
[20:31:00]   Wind    : Bid   7.9¢ | Gen  215.2 kWh
[20:31:00]   Solar   : Bid   4.9¢ | Gen   55.8 kWh
[20:31:00]   Diesel  : Bid  23.4¢ | Gen   55.9 kWh
[20:31:00]   Battery : Bid   7.2¢ | Net   11.0 kWh (Dischg)
[20:31:00] ------------------------------------------------------------
[20:31:02] 
============================================================
[20:31:02] Episode 167/200 | Steps: 24
[20:31:02] 总奖励:  -151.13 (Avg10:  -160.80)
[20:31:02] Agent奖励:
[20:31:02]   wind      :   21.594
[20:31:02]   solar     :    6.063
[20:31:02]   diesel    :   -1.726
[20:31:02]   battery   :    1.024
[20:31:02]   customer  : -178.085
[20:31:02] Grid交易: Import=22.3 | Export=1166.2
[20:31:02] ------------------------------------------------------------
[20:31:02] 📊 每日策略详情 (Avg Bid / Total Gen):
[20:31:02]   Wind    : Bid   6.8¢ | Gen  211.5 kWh
[20:31:02]   Solar   : Bid   7.6¢ | Gen   38.0 kWh
[20:31:02]   Diesel  : Bid  21.9¢ | Gen   30.8 kWh
[20:31:02]   Battery : Bid   9.9¢ | Net   29.4 kWh (Dischg)
[20:31:02] ------------------------------------------------------------
[20:31:04] 
============================================================
[20:31:04] Episode 168/200 | Steps: 24
[20:31:04] 总奖励:  -154.83 (Avg10:  -160.33)
[20:31:04] Agent奖励:
[20:31:04]   wind      :   25.305
[20:31:04]   solar     :    2.397
[20:31:04]   diesel    :   -2.948
[20:31:04]   battery   :   -2.765
[20:31:04]   customer  : -176.817
[20:31:04] Grid交易: Import=29.3 | Export=1089.6
[20:31:04] ------------------------------------------------------------
[20:31:04] 📊 每日策略详情 (Avg Bid / Total Gen):
[20:31:04]   Wind    : Bid   9.7¢ | Gen  204.9 kWh
[20:31:04]   Solar   : Bid   6.7¢ | Gen   22.9 kWh
[20:31:04]   Diesel  : Bid  22.3¢ | Gen   58.2 kWh
[20:31:04]   Battery : Bid   6.9¢ | Net    7.6 kWh (Dischg)
[20:31:04] ------------------------------------------------------------
[20:31:05] 
============================================================
[20:31:05] Episode 169/200 | Steps: 24
[20:31:05] 总奖励:  -138.86 (Avg10:  -159.86)
[20:31:05] Agent奖励:
[20:31:05]   wind      :   28.636
[20:31:05]   solar     :    9.557
[20:31:05]   diesel    :   -0.418
[20:31:05]   battery   :    0.417
[20:31:05]   customer  : -177.056
[20:31:05] Grid交易: Import=0.0 | Export=954.5
[20:31:05] ------------------------------------------------------------
[20:31:05] 📊 每日策略详情 (Avg Bid / Total Gen):
[20:31:05]   Wind    : Bid   9.2¢ | Gen  220.2 kWh
[20:31:05]   Solar   : Bid   6.2¢ | Gen   75.1 kWh
[20:31:05]   Diesel  : Bid  23.9¢ | Gen    8.3 kWh
[20:31:05]   Battery : Bid   6.0¢ | Net   32.5 kWh (Dischg)
[20:31:05] ------------------------------------------------------------
[20:31:06] 
============================================================
[20:31:06] Episode 170/200 | Steps: 24
[20:31:06] 总奖励:  -153.99 (Avg10:  -159.26)
[20:31:06] Agent奖励:
[20:31:06]   wind      :   22.703
[20:31:06]   solar     :    3.873
[20:31:06]   diesel    :    0.134
[20:31:06]   battery   :   -3.463
[20:31:06]   customer  : -177.235
[20:31:06] Grid交易: Import=15.2 | Export=1033.4
[20:31:06] ------------------------------------------------------------
[20:31:06] 📊 每日策略详情 (Avg Bid / Total Gen):
[20:31:06]   Wind    : Bid   6.8¢ | Gen  225.2 kWh
[20:31:06]   Solar   : Bid   4.3¢ | Gen   43.8 kWh
[20:31:06]   Diesel  : Bid  23.7¢ | Gen    1.8 kWh
[20:31:06]   Battery : Bid   5.7¢ | Net    9.4 kWh (Dischg)
[20:31:06] ------------------------------------------------------------
[20:31:07] 
============================================================
[20:31:07] Episode 171/200 | Steps: 24
[20:31:07] 总奖励:  -164.98 (Avg10:  -159.25)
[20:31:07] Agent奖励:
[20:31:07]   wind      :   16.706
[20:31:07]   solar     :    6.766
[20:31:07]   diesel    :    0.830
[20:31:07]   battery   :   -3.013
[20:31:07]   customer  : -186.273
[20:31:07] Grid交易: Import=35.4 | Export=920.1
[20:31:07] ------------------------------------------------------------
[20:31:07] 📊 每日策略详情 (Avg Bid / Total Gen):
[20:31:07]   Wind    : Bid   8.2¢ | Gen  146.2 kWh
[20:31:07]   Solar   : Bid   6.2¢ | Gen   51.5 kWh
[20:31:07]   Diesel  : Bid  22.3¢ | Gen   25.0 kWh
[20:31:07]   Battery : Bid   7.7¢ | Net   22.3 kWh (Dischg)
[20:31:07] ------------------------------------------------------------
[20:31:08] 
============================================================
[20:31:08] Episode 172/200 | Steps: 24
[20:31:08] 总奖励:  -155.43 (Avg10:  -156.96)
[20:31:08] Agent奖励:
[20:31:08]   wind      :   20.895
[20:31:08]   solar     :   12.605
[20:31:08]   diesel    :    2.175
[20:31:08]   battery   :   -2.397
[20:31:08]   customer  : -188.707
[20:31:08] Grid交易: Import=31.5 | Export=907.1
[20:31:08] ------------------------------------------------------------
[20:31:08] 📊 每日策略详情 (Avg Bid / Total Gen):
[20:31:08]   Wind    : Bid   8.2¢ | Gen  143.1 kWh
[20:31:08]   Solar   : Bid   4.7¢ | Gen   71.7 kWh
[20:31:08]   Diesel  : Bid  24.7¢ | Gen   48.2 kWh
[20:31:08]   Battery : Bid   7.9¢ | Net    9.0 kWh (Dischg)
[20:31:08] ------------------------------------------------------------
[20:31:10] 
============================================================
[20:31:10] Episode 173/200 | Steps: 24
[20:31:10] 总奖励:  -149.55 (Avg10:  -154.94)
[20:31:10] Agent奖励:
[20:31:10]   wind      :   31.407
[20:31:10]   solar     :    6.541
[20:31:10]   diesel    :    4.322
[20:31:10]   battery   :   -1.331
[20:31:10]   customer  : -190.494
[20:31:10] Grid交易: Import=14.2 | Export=993.1
[20:31:10] ------------------------------------------------------------
[20:31:10] 📊 每日策略详情 (Avg Bid / Total Gen):
[20:31:10]   Wind    : Bid  10.3¢ | Gen  217.0 kWh
[20:31:10]   Solar   : Bid   5.4¢ | Gen   51.7 kWh
[20:31:10]   Diesel  : Bid  23.6¢ | Gen   35.9 kWh
[20:31:10]   Battery : Bid   7.7¢ | Net    7.4 kWh (Dischg)
[20:31:10] ------------------------------------------------------------
[20:31:11] 
============================================================
[20:31:11] Episode 174/200 | Steps: 24
[20:31:11] 总奖励:  -163.09 (Avg10:  -155.08)
[20:31:11] Agent奖励:
[20:31:11]   wind      :   18.774
[20:31:11]   solar     :    7.515
[20:31:11]   diesel    :   -0.663
[20:31:11]   battery   :   -9.975
[20:31:11]   customer  : -178.742
[20:31:11] Grid交易: Import=24.4 | Export=928.5
[20:31:11] ------------------------------------------------------------
[20:31:11] 📊 每日策略详情 (Avg Bid / Total Gen):
[20:31:11]   Wind    : Bid  10.7¢ | Gen  138.9 kWh
[20:31:11]   Solar   : Bid   4.5¢ | Gen   61.9 kWh
[20:31:11]   Diesel  : Bid  20.2¢ | Gen   61.3 kWh
[20:31:11]   Battery : Bid   7.0¢ | Net  -23.3 kWh (Charge)
[20:31:11] ------------------------------------------------------------
[20:31:12] 
============================================================
[20:31:12] Episode 175/200 | Steps: 24
[20:31:12] 总奖励:  -146.07 (Avg10:  -153.29)
[20:31:12] Agent奖励:
[20:31:12]   wind      :   30.412
[20:31:12]   solar     :    9.218
[20:31:12]   diesel    :    2.736
[20:31:12]   battery   :   -4.003
[20:31:12]   customer  : -184.436
[20:31:12] Grid交易: Import=2.3 | Export=927.4
[20:31:12] ------------------------------------------------------------
[20:31:12] 📊 每日策略详情 (Avg Bid / Total Gen):
[20:31:12]   Wind    : Bid  10.2¢ | Gen  228.3 kWh
[20:31:12]   Solar   : Bid   5.9¢ | Gen   60.8 kWh
[20:31:12]   Diesel  : Bid  21.8¢ | Gen   43.4 kWh
[20:31:12]   Battery : Bid   8.1¢ | Net   23.6 kWh (Dischg)
[20:31:12] ------------------------------------------------------------
[20:31:13] 
============================================================
[20:31:13] Episode 176/200 | Steps: 24
[20:31:13] 总奖励:  -170.99 (Avg10:  -154.89)
[20:31:13] Agent奖励:
[20:31:13]   wind      :   16.862
[20:31:13]   solar     :    4.677
[20:31:13]   diesel    :   -0.073
[20:31:13]   battery   :   -2.610
[20:31:13]   customer  : -189.846
[20:31:13] Grid交易: Import=7.1 | Export=945.3
[20:31:13] ------------------------------------------------------------
[20:31:13] 📊 每日策略详情 (Avg Bid / Total Gen):
[20:31:13]   Wind    : Bid   6.7¢ | Gen  168.6 kWh
[20:31:13]   Solar   : Bid   5.6¢ | Gen   38.6 kWh
[20:31:13]   Diesel  : Bid  23.2¢ | Gen   41.4 kWh
[20:31:13]   Battery : Bid   8.7¢ | Net   25.6 kWh (Dischg)
[20:31:13] ------------------------------------------------------------
[20:31:15] 
============================================================
[20:31:15] Episode 177/200 | Steps: 24
[20:31:15] 总奖励:  -150.56 (Avg10:  -154.84)
[20:31:15] Agent奖励:
[20:31:15]   wind      :   25.424
[20:31:15]   solar     :    5.905
[20:31:15]   diesel    :    0.343
[20:31:15]   battery   :   -1.768
[20:31:15]   customer  : -180.462
[20:31:15] Grid交易: Import=13.0 | Export=1087.7
[20:31:15] ------------------------------------------------------------
[20:31:15] 📊 每日策略详情 (Avg Bid / Total Gen):
[20:31:15]   Wind    : Bid   9.6¢ | Gen  213.5 kWh
[20:31:15]   Solar   : Bid   5.4¢ | Gen   44.9 kWh
[20:31:15]   Diesel  : Bid  21.8¢ | Gen   19.0 kWh
[20:31:15]   Battery : Bid  10.4¢ | Net   17.1 kWh (Dischg)
[20:31:15] ------------------------------------------------------------
[20:31:16] 
============================================================
[20:31:16] Episode 178/200 | Steps: 24
[20:31:16] 总奖励:  -143.38 (Avg10:  -153.69)
[20:31:16] Agent奖励:
[20:31:16]   wind      :   36.289
[20:31:16]   solar     :    9.637
[20:31:16]   diesel    :    1.089
[20:31:16]   battery   :   -6.345
[20:31:16]   customer  : -184.050
[20:31:16] Grid交易: Import=12.9 | Export=900.0
[20:31:16] ------------------------------------------------------------
[20:31:16] 📊 每日策略详情 (Avg Bid / Total Gen):
[20:31:16]   Wind    : Bid   7.8¢ | Gen  262.6 kWh
[20:31:16]   Solar   : Bid   7.9¢ | Gen   66.4 kWh
[20:31:16]   Diesel  : Bid  23.6¢ | Gen   22.1 kWh
[20:31:16]   Battery : Bid  10.4¢ | Net  -26.1 kWh (Charge)
[20:31:16] ------------------------------------------------------------
[20:31:18] 
============================================================
[20:31:18] Episode 179/200 | Steps: 24
[20:31:18] 总奖励:  -168.12 (Avg10:  -156.62)
[20:31:18] Agent奖励:
[20:31:18]   wind      :   16.083
[20:31:18]   solar     :    6.561
[20:31:18]   diesel    :    2.767
[20:31:18]   battery   :   -4.702
[20:31:18]   customer  : -188.830
[20:31:18] Grid交易: Import=28.6 | Export=946.5
[20:31:18] ------------------------------------------------------------
[20:31:18] 📊 每日策略详情 (Avg Bid / Total Gen):
[20:31:18]   Wind    : Bid   7.9¢ | Gen  164.8 kWh
[20:31:18]   Solar   : Bid   7.7¢ | Gen   41.1 kWh
[20:31:18]   Diesel  : Bid  22.1¢ | Gen   32.7 kWh
[20:31:18]   Battery : Bid   7.7¢ | Net  -11.5 kWh (Charge)
[20:31:18] ------------------------------------------------------------
[20:31:19] 
============================================================
[20:31:19] Episode 180/200 | Steps: 24
[20:31:19] 总奖励:  -151.04 (Avg10:  -156.32)
[20:31:19] Agent奖励:
[20:31:19]   wind      :   25.763
[20:31:19]   solar     :   10.423
[20:31:19]   diesel    :   -0.080
[20:31:19]   battery   :   -2.976
[20:31:19]   customer  : -184.166
[20:31:19] Grid交易: Import=21.8 | Export=993.3
[20:31:19] ------------------------------------------------------------
[20:31:19] 📊 每日策略详情 (Avg Bid / Total Gen):
[20:31:19]   Wind    : Bid   8.4¢ | Gen  214.0 kWh
[20:31:19]   Solar   : Bid   6.7¢ | Gen   75.5 kWh
[20:31:19]   Diesel  : Bid  23.0¢ | Gen   23.7 kWh
[20:31:19]   Battery : Bid   8.5¢ | Net   36.4 kWh (Dischg)
[20:31:19] ------------------------------------------------------------
[20:31:19] 
📊 生成图表...
[20:31:20]   ✓ debug_plots/training_status_ep0180.png
[20:31:20]   ✓ debug_plots/grid_status_ep0180.png
[20:31:21] 
============================================================
[20:31:21] Episode 181/200 | Steps: 24
[20:31:21] 总奖励:  -165.12 (Avg10:  -156.34)
[20:31:21] Agent奖励:
[20:31:21]   wind      :   20.190
[20:31:21]   solar     :    7.692
[20:31:21]   diesel    :   -1.554
[20:31:21]   battery   :    0.530
[20:31:21]   customer  : -191.978
[20:31:21] Grid交易: Import=25.8 | Export=1042.3
[20:31:21] ------------------------------------------------------------
[20:31:21] 📊 每日策略详情 (Avg Bid / Total Gen):
[20:31:21]   Wind    : Bid   9.7¢ | Gen  138.4 kWh
[20:31:21]   Solar   : Bid   4.3¢ | Gen   63.7 kWh
[20:31:21]   Diesel  : Bid  22.4¢ | Gen   52.7 kWh
[20:31:21]   Battery : Bid   8.5¢ | Net   25.7 kWh (Dischg)
[20:31:21] ------------------------------------------------------------
[20:31:22] 
============================================================
[20:31:22] Episode 182/200 | Steps: 24
[20:31:22] 总奖励:  -154.63 (Avg10:  -156.26)
[20:31:22] Agent奖励:
[20:31:22]   wind      :   20.399
[20:31:22]   solar     :    7.460
[20:31:22]   diesel    :    1.670
[20:31:22]   battery   :    1.266
[20:31:22]   customer  : -185.428
[20:31:22] Grid交易: Import=14.9 | Export=919.5
[20:31:22] ------------------------------------------------------------
[20:31:22] 📊 每日策略详情 (Avg Bid / Total Gen):
[20:31:22]   Wind    : Bid  10.1¢ | Gen  170.1 kWh
[20:31:22]   Solar   : Bid   6.3¢ | Gen   44.0 kWh
[20:31:22]   Diesel  : Bid  22.0¢ | Gen   44.9 kWh
[20:31:22]   Battery : Bid  10.0¢ | Net   39.9 kWh (Dischg)
[20:31:22] ------------------------------------------------------------
[20:31:23] 
============================================================
[20:31:23] Episode 183/200 | Steps: 24
[20:31:23] 总奖励:  -153.86 (Avg10:  -156.69)
[20:31:23] Agent奖励:
[20:31:23]   wind      :   26.105
[20:31:23]   solar     :    6.346
[20:31:23]   diesel    :   -0.142
[20:31:23]   battery   :   -1.731
[20:31:23]   customer  : -184.434
[20:31:23] Grid交易: Import=3.9 | Export=998.9
[20:31:23] ------------------------------------------------------------
[20:31:23] 📊 每日策略详情 (Avg Bid / Total Gen):
[20:31:23]   Wind    : Bid   8.2¢ | Gen  231.7 kWh
[20:31:23]   Solar   : Bid   5.2¢ | Gen   45.6 kWh
[20:31:23]   Diesel  : Bid  21.3¢ | Gen   30.3 kWh
[20:31:23]   Battery : Bid   9.3¢ | Net   23.4 kWh (Dischg)
[20:31:23] ------------------------------------------------------------
[20:31:24] 
============================================================
[20:31:24] Episode 184/200 | Steps: 24
[20:31:24] 总奖励:  -157.61 (Avg10:  -156.14)
[20:31:24] Agent奖励:
[20:31:24]   wind      :   19.901
[20:31:24]   solar     :    4.472
[20:31:24]   diesel    :    0.035
[20:31:24]   battery   :   -1.812
[20:31:24]   customer  : -180.201
[20:31:24] Grid交易: Import=13.0 | Export=1116.1
[20:31:24] ------------------------------------------------------------
[20:31:24] 📊 每日策略详情 (Avg Bid / Total Gen):
[20:31:24]   Wind    : Bid   8.8¢ | Gen  216.6 kWh
[20:31:24]   Solar   : Bid   4.9¢ | Gen   50.5 kWh
[20:31:24]   Diesel  : Bid  22.5¢ | Gen    4.0 kWh
[20:31:24]   Battery : Bid   9.6¢ | Net   -0.8 kWh (Charge)
[20:31:24] ------------------------------------------------------------
[20:31:26] 
============================================================
[20:31:26] Episode 185/200 | Steps: 24
[20:31:26] 总奖励:  -165.35 (Avg10:  -158.06)
[20:31:26] Agent奖励:
[20:31:26]   wind      :   19.042
[20:31:26]   solar     :    6.770
[20:31:26]   diesel    :    2.697
[20:31:26]   battery   :   -3.792
[20:31:26]   customer  : -190.065
[20:31:26] Grid交易: Import=45.6 | Export=1105.0
[20:31:26] ------------------------------------------------------------
[20:31:26] 📊 每日策略详情 (Avg Bid / Total Gen):
[20:31:26]   Wind    : Bid   9.1¢ | Gen  146.1 kWh
[20:31:26]   Solar   : Bid   5.5¢ | Gen   52.0 kWh
[20:31:26]   Diesel  : Bid  22.8¢ | Gen   16.3 kWh
[20:31:26]   Battery : Bid   9.5¢ | Net   21.9 kWh (Dischg)
[20:31:26] ------------------------------------------------------------
[20:31:29] 
============================================================
[20:31:29] Episode 186/200 | Steps: 24
[20:31:29] 总奖励:  -146.77 (Avg10:  -155.64)
[20:31:29] Agent奖励:
[20:31:29]   wind      :   31.077
[20:31:29]   solar     :    6.155
[20:31:29]   diesel    :    0.051
[20:31:29]   battery   :   -0.512
[20:31:29]   customer  : -183.541
[20:31:29] Grid交易: Import=4.2 | Export=1032.1
[20:31:29] ------------------------------------------------------------
[20:31:29] 📊 每日策略详情 (Avg Bid / Total Gen):
[20:31:29]   Wind    : Bid   9.3¢ | Gen  255.0 kWh
[20:31:29]   Solar   : Bid   8.6¢ | Gen   40.8 kWh
[20:31:29]   Diesel  : Bid  22.5¢ | Gen   39.2 kWh
[20:31:29]   Battery : Bid   6.9¢ | Net   27.7 kWh (Dischg)
[20:31:29] ------------------------------------------------------------
[20:31:30] 
============================================================
[20:31:30] Episode 187/200 | Steps: 24
[20:31:30] 总奖励:  -163.23 (Avg10:  -156.91)
[20:31:30] Agent奖励:
[20:31:30]   wind      :   23.067
[20:31:30]   solar     :    2.989
[20:31:30]   diesel    :   -0.114
[20:31:30]   battery   :   -1.983
[20:31:30]   customer  : -187.187
[20:31:30] Grid交易: Import=22.4 | Export=980.7
[20:31:30] ------------------------------------------------------------
[20:31:30] 📊 每日策略详情 (Avg Bid / Total Gen):
[20:31:30]   Wind    : Bid  10.0¢ | Gen  176.3 kWh
[20:31:30]   Solar   : Bid   6.8¢ | Gen   12.8 kWh
[20:31:30]   Diesel  : Bid  21.8¢ | Gen   13.9 kWh
[20:31:30]   Battery : Bid   9.8¢ | Net    4.7 kWh (Dischg)
[20:31:30] ------------------------------------------------------------
[20:31:31] 
============================================================
[20:31:31] Episode 188/200 | Steps: 24
[20:31:31] 总奖励:  -156.13 (Avg10:  -158.18)
[20:31:31] Agent奖励:
[20:31:31]   wind      :   24.675
[20:31:31]   solar     :   12.091
[20:31:31]   diesel    :    4.467
[20:31:31]   battery   :   -4.157
[20:31:31]   customer  : -193.206
[20:31:31] Grid交易: Import=8.8 | Export=826.9
[20:31:31] ------------------------------------------------------------
[20:31:31] 📊 每日策略详情 (Avg Bid / Total Gen):
[20:31:31]   Wind    : Bid   8.7¢ | Gen  168.2 kWh
[20:31:31]   Solar   : Bid   6.1¢ | Gen   64.3 kWh
[20:31:31]   Diesel  : Bid  24.1¢ | Gen   42.0 kWh
[20:31:31]   Battery : Bid   9.1¢ | Net   21.0 kWh (Dischg)
[20:31:31] ------------------------------------------------------------
[20:31:33] 
============================================================
[20:31:33] Episode 189/200 | Steps: 24
[20:31:33] 总奖励:  -145.25 (Avg10:  -155.90)
[20:31:33] Agent奖励:
[20:31:33]   wind      :   29.991
[20:31:33]   solar     :    7.729
[20:31:33]   diesel    :    0.591
[20:31:33]   battery   :   -2.820
[20:31:33]   customer  : -180.744
[20:31:33] Grid交易: Import=1.0 | Export=997.9
[20:31:33] ------------------------------------------------------------
[20:31:33] 📊 每日策略详情 (Avg Bid / Total Gen):
[20:31:33]   Wind    : Bid   9.9¢ | Gen  242.4 kWh
[20:31:33]   Solar   : Bid   5.5¢ | Gen   67.1 kWh
[20:31:33]   Diesel  : Bid  21.4¢ | Gen   30.8 kWh
[20:31:33]   Battery : Bid   8.1¢ | Net   12.6 kWh (Dischg)
[20:31:33] ------------------------------------------------------------
[20:31:34] 
============================================================
[20:31:34] Episode 190/200 | Steps: 24
[20:31:34] 总奖励:  -165.59 (Avg10:  -157.35)
[20:31:34] Agent奖励:
[20:31:34]   wind      :   13.360
[20:31:34]   solar     :    6.655
[20:31:34]   diesel    :    0.152
[20:31:34]   battery   :    0.335
[20:31:34]   customer  : -186.089
[20:31:34] Grid交易: Import=29.1 | Export=981.9
[20:31:34] ------------------------------------------------------------
[20:31:34] 📊 每日策略详情 (Avg Bid / Total Gen):
[20:31:34]   Wind    : Bid   9.1¢ | Gen  112.6 kWh
[20:31:34]   Solar   : Bid   4.3¢ | Gen   77.9 kWh
[20:31:34]   Diesel  : Bid  22.3¢ | Gen    3.3 kWh
[20:31:34]   Battery : Bid   8.7¢ | Net   15.6 kWh (Dischg)
[20:31:34] ------------------------------------------------------------
[20:31:35] 
============================================================
[20:31:35] Episode 191/200 | Steps: 24
[20:31:35] 总奖励:  -163.62 (Avg10:  -157.20)
[20:31:35] Agent奖励:
[20:31:35]   wind      :   19.497
[20:31:35]   solar     :    3.988
[20:31:35]   diesel    :    0.029
[20:31:35]   battery   :   -2.191
[20:31:35]   customer  : -184.938
[20:31:35] Grid交易: Import=9.7 | Export=1155.7
[20:31:35] ------------------------------------------------------------
[20:31:35] 📊 每日策略详情 (Avg Bid / Total Gen):
[20:31:35]   Wind    : Bid  10.2¢ | Gen  147.2 kWh
[20:31:35]   Solar   : Bid   5.3¢ | Gen   35.5 kWh
[20:31:35]   Diesel  : Bid  23.6¢ | Gen    8.8 kWh
[20:31:35]   Battery : Bid  12.2¢ | Net    0.2 kWh (Dischg)
[20:31:35] ------------------------------------------------------------
[20:31:36] 
============================================================
[20:31:36] Episode 192/200 | Steps: 24
[20:31:36] 总奖励:  -152.12 (Avg10:  -156.95)
[20:31:36] Agent奖励:
[20:31:36]   wind      :   24.575
[20:31:36]   solar     :    6.088
[20:31:36]   diesel    :    0.372
[20:31:36]   battery   :   -0.452
[20:31:36]   customer  : -182.699
[20:31:36] Grid交易: Import=3.5 | Export=1095.4
[20:31:36] ------------------------------------------------------------
[20:31:36] 📊 每日策略详情 (Avg Bid / Total Gen):
[20:31:36]   Wind    : Bid   9.8¢ | Gen  183.9 kWh
[20:31:36]   Solar   : Bid   3.9¢ | Gen   54.7 kWh
[20:31:36]   Diesel  : Bid  23.5¢ | Gen    4.7 kWh
[20:31:36]   Battery : Bid  10.3¢ | Net   39.0 kWh (Dischg)
[20:31:36] ------------------------------------------------------------
[20:31:37] 
============================================================
[20:31:37] Episode 193/200 | Steps: 24
[20:31:37] 总奖励:  -159.73 (Avg10:  -157.54)
[20:31:37] Agent奖励:
[20:31:37]   wind      :   19.124
[20:31:37]   solar     :    4.540
[20:31:37]   diesel    :   -2.620
[20:31:37]   battery   :    1.006
[20:31:37]   customer  : -181.778
[20:31:37] Grid交易: Import=16.9 | Export=1005.9
[20:31:37] ------------------------------------------------------------
[20:31:37] 📊 每日策略详情 (Avg Bid / Total Gen):
[20:31:37]   Wind    : Bid   8.1¢ | Gen  207.8 kWh
[20:31:37]   Solar   : Bid   5.1¢ | Gen   44.0 kWh
[20:31:37]   Diesel  : Bid  19.9¢ | Gen   68.7 kWh
[20:31:37]   Battery : Bid   9.3¢ | Net   24.5 kWh (Dischg)
[20:31:37] ------------------------------------------------------------
[20:31:39] 
============================================================
[20:31:39] Episode 194/200 | Steps: 24
[20:31:39] 总奖励:  -149.01 (Avg10:  -156.68)
[20:31:39] Agent奖励:
[20:31:39]   wind      :   31.895
[20:31:39]   solar     :    8.886
[20:31:39]   diesel    :    0.600
[20:31:39]   battery   :   -0.560
[20:31:39]   customer  : -189.834
[20:31:39] Grid交易: Import=44.5 | Export=939.7
[20:31:39] ------------------------------------------------------------
[20:31:39] 📊 每日策略详情 (Avg Bid / Total Gen):
[20:31:39]   Wind    : Bid  11.8¢ | Gen  206.4 kWh
[20:31:39]   Solar   : Bid   4.9¢ | Gen   68.5 kWh
[20:31:39]   Diesel  : Bid  22.5¢ | Gen   54.3 kWh
[20:31:39]   Battery : Bid  12.4¢ | Net   14.1 kWh (Dischg)
[20:31:39] ------------------------------------------------------------
[20:31:40] 
============================================================
[20:31:40] Episode 195/200 | Steps: 24
[20:31:40] 总奖励:  -142.25 (Avg10:  -154.37)
[20:31:40] Agent奖励:
[20:31:40]   wind      :   27.200
[20:31:40]   solar     :   12.480
[20:31:40]   diesel    :    4.633
[20:31:40]   battery   :   -6.056
[20:31:40]   customer  : -180.503
[20:31:40] Grid交易: Import=21.9 | Export=826.9
[20:31:40] ------------------------------------------------------------
[20:31:40] 📊 每日策略详情 (Avg Bid / Total Gen):
[20:31:40]   Wind    : Bid  10.0¢ | Gen  247.1 kWh
[20:31:40]   Solar   : Bid   6.5¢ | Gen   59.9 kWh
[20:31:40]   Diesel  : Bid  23.7¢ | Gen   30.0 kWh
[20:31:40]   Battery : Bid   8.3¢ | Net   12.8 kWh (Dischg)
[20:31:40] ------------------------------------------------------------
[20:31:41] 
============================================================
[20:31:41] Episode 196/200 | Steps: 24
[20:31:41] 总奖励:  -152.17 (Avg10:  -154.91)
[20:31:41] Agent奖励:
[20:31:41]   wind      :   26.182
[20:31:41]   solar     :    8.046
[20:31:41]   diesel    :    1.853
[20:31:41]   battery   :    0.434
[20:31:41]   customer  : -188.688
[20:31:41] Grid交易: Import=8.1 | Export=843.3
[20:31:41] ------------------------------------------------------------
[20:31:41] 📊 每日策略详情 (Avg Bid / Total Gen):
[20:31:41]   Wind    : Bid  10.2¢ | Gen  191.3 kWh
[20:31:41]   Solar   : Bid   7.0¢ | Gen   56.8 kWh
[20:31:41]   Diesel  : Bid  21.5¢ | Gen   43.8 kWh
[20:31:41]   Battery : Bid   9.0¢ | Net   24.8 kWh (Dischg)
[20:31:41] ------------------------------------------------------------
[20:31:42] 
============================================================
[20:31:42] Episode 197/200 | Steps: 24
[20:31:42] 总奖励:  -147.55 (Avg10:  -153.34)
[20:31:42] Agent奖励:
[20:31:42]   wind      :   28.586
[20:31:42]   solar     :    6.765
[20:31:42]   diesel    :   -0.602
[20:31:42]   battery   :   -2.641
[20:31:42]   customer  : -179.655
[20:31:42] Grid交易: Import=0.0 | Export=1042.1
[20:31:42] ------------------------------------------------------------
[20:31:42] 📊 每日策略详情 (Avg Bid / Total Gen):
[20:31:42]   Wind    : Bid   9.2¢ | Gen  228.7 kWh
[20:31:42]   Solar   : Bid   6.0¢ | Gen   44.0 kWh
[20:31:42]   Diesel  : Bid  23.4¢ | Gen   27.7 kWh
[20:31:42]   Battery : Bid  10.8¢ | Net   -9.3 kWh (Charge)
[20:31:42] ------------------------------------------------------------
[20:31:43] 
============================================================
[20:31:43] Episode 198/200 | Steps: 24
[20:31:43] 总奖励:  -148.62 (Avg10:  -152.59)
[20:31:43] Agent奖励:
[20:31:43]   wind      :   27.722
[20:31:43]   solar     :    9.446
[20:31:43]   diesel    :    0.256
[20:31:43]   battery   :   -0.209
[20:31:43]   customer  : -185.838
[20:31:43] Grid交易: Import=0.0 | Export=952.3
[20:31:43] ------------------------------------------------------------
[20:31:43] 📊 每日策略详情 (Avg Bid / Total Gen):
[20:31:43]   Wind    : Bid  10.9¢ | Gen  177.9 kWh
[20:31:43]   Solar   : Bid   5.4¢ | Gen   64.4 kWh
[20:31:43]   Diesel  : Bid  23.6¢ | Gen   48.4 kWh
[20:31:43]   Battery : Bid  10.4¢ | Net   25.7 kWh (Dischg)
[20:31:43] ------------------------------------------------------------
[20:31:45] 
============================================================
[20:31:45] Episode 199/200 | Steps: 24
[20:31:45] 总奖励:  -157.74 (Avg10:  -153.84)
[20:31:45] Agent奖励:
[20:31:45]   wind      :   21.212
[20:31:45]   solar     :    5.753
[20:31:45]   diesel    :    0.359
[20:31:45]   battery   :    0.465
[20:31:45]   customer  : -185.530
[20:31:45] Grid交易: Import=5.4 | Export=1065.2
[20:31:45] ------------------------------------------------------------
[20:31:45] 📊 每日策略详情 (Avg Bid / Total Gen):
[20:31:45]   Wind    : Bid   9.5¢ | Gen  158.0 kWh
[20:31:45]   Solar   : Bid   6.9¢ | Gen   44.8 kWh
[20:31:45]   Diesel  : Bid  22.8¢ | Gen   11.1 kWh
[20:31:45]   Battery : Bid   9.7¢ | Net   29.9 kWh (Dischg)
[20:31:45] ------------------------------------------------------------
[20:31:46] 
============================================================
[20:31:46] Episode 200/200 | Steps: 24
[20:31:46] 总奖励:  -147.29 (Avg10:  -152.01)
[20:31:46] Agent奖励:
[20:31:46]   wind      :   31.318
[20:31:46]   solar     :    7.834
[20:31:46]   diesel    :   -0.217
[20:31:46]   battery   :   -0.661
[20:31:46]   customer  : -185.566
[20:31:46] Grid交易: Import=14.3 | Export=1052.5
[20:31:46] ------------------------------------------------------------
[20:31:46] 📊 每日策略详情 (Avg Bid / Total Gen):
[20:31:46]   Wind    : Bid  11.9¢ | Gen  209.5 kWh
[20:31:46]   Solar   : Bid   5.8¢ | Gen   66.8 kWh
[20:31:46]   Diesel  : Bid  21.6¢ | Gen   52.5 kWh
[20:31:46]   Battery : Bid   8.9¢ | Net   21.7 kWh (Dischg)
[20:31:46] ------------------------------------------------------------
[20:31:46] 
📊 生成图表...
[20:31:47]   ✓ debug_plots/training_status_ep0200.png
[20:31:47]   ✓ debug_plots/grid_status_ep0200.png
[20:31:47] 💾 Checkpoint saved: debug_checkpoints/debug_maddpg_20251203_202712_ep200.pt
[20:31:47] ======================================================================
[20:31:47] 🎉 训练完成
[20:31:47] 📊 最终总结图: debug_plots/final_summary.png
