[19:13:00] 
======================================================================
[19:13:00] 🚀 开始调试训练
[19:13:00] ======================================================================
[19:13:00] 
🔥 预热阶段 (10 episodes)
[19:13:00]   预热 1/10
[19:13:01]   预热 2/10
[19:13:01]   预热 3/10
[19:13:01]   预热 4/10
[19:13:01]   预热 5/10
[19:13:01]   预热 6/10
[19:13:01]   预热 7/10
[19:13:01]   预热 8/10
[19:13:01]   预热 9/10
[19:13:01]   预热 10/10
[19:13:01] 
🏋️  训练阶段
[19:13:01] ======================================================================
[19:13:02] 
======================================================================
[19:13:02] Episode 1/200
[19:13:02] ======================================================================
[19:13:02] 总奖励:  -205.07 | 步数: 24
[19:13:02] 最近10个episodes平均:  -205.07
[19:13:02] 
各Agent奖励:
[19:13:02]   wind      :  123.321
[19:13:02]   solar     :   32.619
[19:13:02]   diesel    :    0.000
[19:13:02]   battery   :   -5.531
[19:13:02]   customer  : -355.483
[19:13:02] 
🔌 Main Grid 交易:
[19:13:02]   进口电量:  1329.78 kWh
[19:13:02]   出口电量:     0.00 kWh
[19:13:02]   净交易量:  1329.78 kWh
[19:13:02]   平均出清价:  25.01 cents/kWh
[19:13:02]   市场独立度:  63.06%
[19:13:02] 
Buffer大小:   264
[19:13:02] 噪声水平: 0.0989
[19:13:02] 
动作统计:
[19:13:02]   wind      : mean=-0.418, std= 0.162
[19:13:02]   solar     : mean=-0.242, std= 0.181
[19:13:02]   diesel    : mean=-0.218, std= 0.150
[19:13:02]   battery   : mean=-0.445, std= 0.498
[19:13:02]   customer  : mean=-0.336, std= 0.168
[19:13:02] 
======================================================================
[19:13:02] Episode 2/200
[19:13:02] ======================================================================
[19:13:02] 总奖励:  -224.96 | 步数: 24
[19:13:02] 最近10个episodes平均:  -215.02
[19:13:02] 
各Agent奖励:
[19:13:02]   wind      :  119.701
[19:13:02]   solar     :   35.571
[19:13:02]   diesel    :    0.000
[19:13:02]   battery   :   -7.786
[19:13:02]   customer  : -372.444
[19:13:02] 
🔌 Main Grid 交易:
[19:13:02]   进口电量:  1376.12 kWh
[19:13:02]   出口电量:     0.00 kWh
[19:13:02]   净交易量:  1376.12 kWh
[19:13:02]   平均出清价:  25.04 cents/kWh
[19:13:02]   市场独立度:  61.77%
[19:13:02] 
Buffer大小:   288
[19:13:02] 噪声水平: 0.0988
[19:13:02] 
动作统计:
[19:13:02]   wind      : mean=-0.437, std= 0.186
[19:13:02]   solar     : mean=-0.248, std= 0.186
[19:13:02]   diesel    : mean=-0.316, std= 0.174
[19:13:02]   battery   : mean=-0.454, std= 0.524
[19:13:02]   customer  : mean=-0.411, std= 0.103
[19:13:03] 
======================================================================
[19:13:03] Episode 3/200
[19:13:03] ======================================================================
[19:13:03] 总奖励:  -148.89 | 步数: 24
[19:13:03] 最近10个episodes平均:  -192.97
[19:13:03] 
各Agent奖励:
[19:13:03]   wind      :  154.204
[19:13:03]   solar     :   33.539
[19:13:03]   diesel    :    0.000
[19:13:03]   battery   :   -5.499
[19:13:03]   customer  : -331.131
[19:13:03] 
🔌 Main Grid 交易:
[19:13:03]   进口电量:  1171.98 kWh
[19:13:03]   出口电量:     0.04 kWh
[19:13:03]   净交易量:  1171.94 kWh
[19:13:03]   平均出清价:  23.28 cents/kWh
[19:13:03]   市场独立度:  67.44%
[19:13:03] 
Buffer大小:   312
[19:13:03] 噪声水平: 0.0987
[19:13:03] 
动作统计:
[19:13:03]   wind      : mean=-0.672, std= 0.167
[19:13:03]   solar     : mean=-0.105, std= 0.209
[19:13:03]   diesel    : mean=-0.464, std= 0.143
[19:13:03]   battery   : mean=-0.445, std= 0.441
[19:13:03]   customer  : mean=-0.560, std= 0.113
[19:13:04] 
======================================================================
[19:13:04] Episode 4/200
[19:13:04] ======================================================================
[19:13:04] 总奖励:  -266.37 | 步数: 24
[19:13:04] 最近10个episodes平均:  -211.32
[19:13:04] 
各Agent奖励:
[19:13:04]   wind      :  100.621
[19:13:04]   solar     :   33.423
[19:13:04]   diesel    :    0.000
[19:13:04]   battery   :   -6.328
[19:13:04]   customer  : -394.090
[19:13:04] 
🔌 Main Grid 交易:
[19:13:04]   进口电量:  1486.81 kWh
[19:13:04]   出口电量:     0.00 kWh
[19:13:04]   净交易量:  1486.81 kWh
[19:13:04]   平均出清价:  25.00 cents/kWh
[19:13:04]   市场独立度:  58.70%
[19:13:04] 
Buffer大小:   336
[19:13:04] 噪声水平: 0.0986
[19:13:04] 
动作统计:
[19:13:04]   wind      : mean=-0.664, std= 0.209
[19:13:04]   solar     : mean= 0.133, std= 0.141
[19:13:04]   diesel    : mean=-0.580, std= 0.127
[19:13:04]   battery   : mean=-0.466, std= 0.315
[19:13:04]   customer  : mean=-0.670, std= 0.117
[19:13:05] 
======================================================================
[19:13:05] Episode 5/200
[19:13:05] ======================================================================
[19:13:05] 总奖励:  -199.31 | 步数: 24
[19:13:05] 最近10个episodes平均:  -208.92
[19:13:05] 
各Agent奖励:
[19:13:05]   wind      :  127.206
[19:13:05]   solar     :   33.386
[19:13:05]   diesel    :    0.000
[19:13:05]   battery   :   -4.839
[19:13:05]   customer  : -355.062
[19:13:05] 
🔌 Main Grid 交易:
[19:13:05]   进口电量:  1354.61 kWh
[19:13:05]   出口电量:     0.00 kWh
[19:13:05]   净交易量:  1354.61 kWh
[19:13:05]   平均出清价:  24.54 cents/kWh
[19:13:05]   市场独立度:  62.37%
[19:13:05] 
Buffer大小:   360
[19:13:05] 噪声水平: 0.0985
[19:13:05] 
动作统计:
[19:13:05]   wind      : mean=-0.702, std= 0.147
[19:13:05]   solar     : mean= 0.332, std= 0.115
[19:13:05]   diesel    : mean=-0.585, std= 0.246
[19:13:05]   battery   : mean=-0.388, std= 0.279
[19:13:05]   customer  : mean=-0.767, std= 0.100
[19:13:06] 
======================================================================
[19:13:06] Episode 6/200
[19:13:06] ======================================================================
[19:13:06] 总奖励:  -203.86 | 步数: 24
[19:13:06] 最近10个episodes平均:  -208.08
[19:13:06] 
各Agent奖励:
[19:13:06]   wind      :   99.869
[19:13:06]   solar     :   26.818
[19:13:06]   diesel    :    9.529
[19:13:06]   battery   :    2.234
[19:13:06]   customer  : -342.308
[19:13:06] 
🔌 Main Grid 交易:
[19:13:06]   进口电量:  1270.24 kWh
[19:13:06]   出口电量:    14.16 kWh
[19:13:06]   净交易量:  1256.09 kWh
[19:13:06]   平均出清价:  22.37 cents/kWh
[19:13:06]   市场独立度:  64.32%
[19:13:06] 
Buffer大小:   384
[19:13:06] 噪声水平: 0.0984
[19:13:06] 
动作统计:
[19:13:06]   wind      : mean=-0.735, std= 0.129
[19:13:06]   solar     : mean= 0.471, std= 0.191
[19:13:06]   diesel    : mean=-0.415, std= 0.430
[19:13:06]   battery   : mean=-0.120, std= 0.443
[19:13:06]   customer  : mean=-0.814, std= 0.112
[19:13:07] 
======================================================================
[19:13:07] Episode 7/200
[19:13:07] ======================================================================
[19:13:07] 总奖励:  -181.45 | 步数: 24
[19:13:07] 最近10个episodes平均:  -204.27
[19:13:07] 
各Agent奖励:
[19:13:07]   wind      :   50.935
[19:13:07]   solar     :   19.533
[19:13:07]   diesel    :    8.147
[19:13:07]   battery   :    1.922
[19:13:07]   customer  : -261.987
[19:13:07] 
🔌 Main Grid 交易:
[19:13:07]   进口电量:   827.50 kWh
[19:13:07]   出口电量:    80.33 kWh
[19:13:07]   净交易量:   747.17 kWh
[19:13:07]   平均出清价:  12.50 cents/kWh
[19:13:07]   市场独立度:  74.78%
[19:13:07] 
Buffer大小:   408
[19:13:07] 噪声水平: 0.0983
[19:13:07] 
动作统计:
[19:13:07]   wind      : mean=-0.677, std= 0.142
[19:13:07]   solar     : mean= 0.559, std= 0.228
[19:13:07]   diesel    : mean=-0.257, std= 0.650
[19:13:07]   battery   : mean=-0.060, std= 0.620
[19:13:07]   customer  : mean=-0.857, std= 0.067
[19:13:08] 
======================================================================
[19:13:08] Episode 8/200
[19:13:08] ======================================================================
[19:13:08] 总奖励:  -163.40 | 步数: 24
[19:13:08] 最近10个episodes平均:  -199.16
[19:13:08] 
各Agent奖励:
[19:13:08]   wind      :   37.696
[19:13:08]   solar     :    8.231
[19:13:08]   diesel    : -158.122
[19:13:08]   battery   :  -10.403
[19:13:08]   customer  :  -40.806
[19:13:08] 
🔌 Main Grid 交易:
[19:13:08]   进口电量:   434.25 kWh
[19:13:08]   出口电量:   348.40 kWh
[19:13:08]   净交易量:    85.85 kWh
[19:13:08]   平均出清价:  -2.35 cents/kWh
[19:13:08]   市场独立度:  78.26%
[19:13:08] 
Buffer大小:   432
[19:13:08] 噪声水平: 0.0982
[19:13:08] 
动作统计:
[19:13:08]   wind      : mean=-0.568, std= 0.145
[19:13:08]   solar     : mean= 0.677, std= 0.251
[19:13:08]   diesel    : mean=-0.092, std= 0.800
[19:13:08]   battery   : mean=-0.031, std= 0.751
[19:13:08]   customer  : mean=-0.896, std= 0.078
[19:13:09] 
======================================================================
[19:13:09] Episode 9/200
[19:13:09] ======================================================================
[19:13:09] 总奖励:  -160.82 | 步数: 24
[19:13:09] 最近10个episodes平均:  -194.90
[19:13:09] 
各Agent奖励:
[19:13:09]   wind      :   35.813
[19:13:09]   solar     :    9.591
[19:13:09]   diesel    : -159.674
[19:13:09]   battery   :   -6.924
[19:13:09]   customer  :  -39.624
[19:13:09] 
🔌 Main Grid 交易:
[19:13:09]   进口电量:   269.70 kWh
[19:13:09]   出口电量:   400.04 kWh
[19:13:09]   净交易量:  -130.35 kWh
[19:13:09]   平均出清价:  -3.97 cents/kWh
[19:13:09]   市场独立度:  81.40%
[19:13:09] 
Buffer大小:   456
[19:13:09] 噪声水平: 0.0981
[19:13:09] 
动作统计:
[19:13:09]   wind      : mean=-0.525, std= 0.125
[19:13:09]   solar     : mean= 0.636, std= 0.263
[19:13:09]   diesel    : mean=-0.037, std= 0.864
[19:13:09]   battery   : mean=-0.005, std= 0.800
[19:13:09]   customer  : mean=-0.869, std= 0.086
[19:13:10] 
======================================================================
[19:13:10] Episode 10/200
[19:13:10] ======================================================================
[19:13:10] 总奖励:  -157.86 | 步数: 24
[19:13:10] 最近10个episodes平均:  -191.20
[19:13:10] 
各Agent奖励:
[19:13:10]   wind      :   34.781
[19:13:10]   solar     :    3.855
[19:13:10]   diesel    : -194.441
[19:13:10]   battery   :  -13.477
[19:13:10]   customer  :   11.422
[19:13:10] 
🔌 Main Grid 交易:
[19:13:10]   进口电量:   238.40 kWh
[19:13:10]   出口电量:   456.84 kWh
[19:13:10]   净交易量:  -218.44 kWh
[19:13:10]   平均出清价:  -7.58 cents/kWh
[19:13:10]   市场独立度:  80.69%
[19:13:10] 
Buffer大小:   480
[19:13:10] 噪声水平: 0.0980
[19:13:10] 
动作统计:
[19:13:10]   wind      : mean=-0.617, std= 0.117
[19:13:10]   solar     : mean= 0.613, std= 0.318
[19:13:10]   diesel    : mean=-0.012, std= 0.911
[19:13:10]   battery   : mean= 0.032, std= 0.821
[19:13:10]   customer  : mean=-0.898, std= 0.087
[19:13:10] 
📊 生成可视化图表...
[19:13:10]   ✓ debug_plots/training_ep0010.png
[19:13:11] 
======================================================================
[19:13:11] Episode 11/200
[19:13:11] ======================================================================
[19:13:11] 总奖励:  -147.03 | 步数: 24
[19:13:11] 最近10个episodes平均:  -185.39
[19:13:11] 
各Agent奖励:
[19:13:11]   wind      :   20.597
[19:13:11]   solar     :    5.400
[19:13:11]   diesel    : -225.226
[19:13:11]   battery   :   -2.966
[19:13:11]   customer  :   55.164
[19:13:11] 
🔌 Main Grid 交易:
[19:13:11]   进口电量:   231.21 kWh
[19:13:11]   出口电量:   482.79 kWh
[19:13:11]   净交易量:  -251.58 kWh
[19:13:11]   平均出清价:  -9.99 cents/kWh
[19:13:11]   市场独立度:  80.17%
[19:13:11] 
Buffer大小:   504
[19:13:11] 噪声水平: 0.0979
[19:13:11] 
动作统计:
[19:13:11]   wind      : mean=-0.715, std= 0.195
[19:13:11]   solar     : mean= 0.585, std= 0.294
[19:13:11]   diesel    : mean=-0.053, std= 0.893
[19:13:11]   battery   : mean= 0.155, std= 0.765
[19:13:11]   customer  : mean=-0.922, std= 0.080
[19:13:12] 
======================================================================
[19:13:12] Episode 12/200
[19:13:12] ======================================================================
[19:13:12] 总奖励:  -164.16 | 步数: 24
[19:13:12] 最近10个episodes平均:  -179.32
[19:13:12] 
各Agent奖励:
[19:13:12]   wind      :    3.876
[19:13:12]   solar     :    8.467
[19:13:12]   diesel    : -157.283
[19:13:12]   battery   :    0.415
[19:13:12]   customer  :  -19.637
[19:13:12] 
🔌 Main Grid 交易:
[19:13:12]   进口电量:   384.00 kWh
[19:13:12]   出口电量:   371.34 kWh
[19:13:12]   净交易量:    12.66 kWh
[19:13:12]   平均出清价:  -7.39 cents/kWh
[19:13:12]   市场独立度:  79.02%
[19:13:12] 
Buffer大小:   528
[19:13:12] 噪声水平: 0.0978
[19:13:12] 
动作统计:
[19:13:12]   wind      : mean=-0.776, std= 0.178
[19:13:12]   solar     : mean= 0.577, std= 0.314
[19:13:12]   diesel    : mean=-0.096, std= 0.869
[19:13:12]   battery   : mean= 0.368, std= 0.607
[19:13:12]   customer  : mean=-0.906, std= 0.078
[19:13:13] 
======================================================================
[19:13:13] Episode 13/200
[19:13:13] ======================================================================
[19:13:13] 总奖励:  -174.03 | 步数: 24
[19:13:13] 最近10个episodes平均:  -181.83
[19:13:13] 
各Agent奖励:
[19:13:13]   wind      :   30.959
[19:13:13]   solar     :   14.656
[19:13:13]   diesel    :  -55.446
[19:13:13]   battery   :    0.000
[19:13:13]   customer  : -164.199
[19:13:13] 
🔌 Main Grid 交易:
[19:13:13]   进口电量:   705.65 kWh
[19:13:13]   出口电量:   183.87 kWh
[19:13:13]   净交易量:   521.79 kWh
[19:13:13]   平均出清价:   1.92 cents/kWh
[19:13:13]   市场独立度:  75.29%
[19:13:13] 
Buffer大小:   552
[19:13:13] 噪声水平: 0.0977
[19:13:13] 
动作统计:
[19:13:13]   wind      : mean=-0.892, std= 0.134
[19:13:13]   solar     : mean= 0.582, std= 0.258
[19:13:13]   diesel    : mean=-0.244, std= 0.722
[19:13:13]   battery   : mean= 0.608, std= 0.418
[19:13:13]   customer  : mean=-0.905, std= 0.080
[19:13:14] 
======================================================================
[19:13:14] Episode 14/200
[19:13:14] ======================================================================
[19:13:14] 总奖励:  -201.85 | 步数: 24
[19:13:14] 最近10个episodes平均:  -175.38
[19:13:14] 
各Agent奖励:
[19:13:14]   wind      :  102.759
[19:13:14]   solar     :   32.173
[19:13:14]   diesel    :   12.028
[19:13:14]   battery   :    0.000
[19:13:14]   customer  : -348.806
[19:13:14] 
🔌 Main Grid 交易:
[19:13:14]   进口电量:  1316.78 kWh
[19:13:14]   出口电量:     5.72 kWh
[19:13:14]   净交易量:  1311.07 kWh
[19:13:14]   平均出清价:  21.93 cents/kWh
[19:13:14]   市场独立度:  63.26%
[19:13:14] 
Buffer大小:   576
[19:13:14] 噪声水平: 0.0976
[19:13:14] 
动作统计:
[19:13:14]   wind      : mean=-0.921, std= 0.075
[19:13:14]   solar     : mean= 0.563, std= 0.255
[19:13:14]   diesel    : mean=-0.489, std= 0.489
[19:13:14]   battery   : mean= 0.793, std= 0.233
[19:13:14]   customer  : mean=-0.877, std= 0.075
[19:13:14] 
======================================================================
[19:13:14] Episode 15/200
[19:13:14] ======================================================================
[19:13:14] 总奖励:  -190.20 | 步数: 24
[19:13:14] 最近10个episodes平均:  -174.47
[19:13:14] 
各Agent奖励:
[19:13:14]   wind      :  123.451
[19:13:14]   solar     :   33.069
[19:13:14]   diesel    :    0.000
[19:13:14]   battery   :    0.000
[19:13:14]   customer  : -346.724
[19:13:14] 
🔌 Main Grid 交易:
[19:13:14]   进口电量:  1313.76 kWh
[19:13:14]   出口电量:     0.87 kWh
[19:13:14]   净交易量:  1312.89 kWh
[19:13:14]   平均出清价:  24.10 cents/kWh
[19:13:14]   市场独立度:  63.48%
[19:13:14] 
Buffer大小:   600
[19:13:14] 噪声水平: 0.0975
[19:13:14] 
动作统计:
[19:13:14]   wind      : mean=-0.935, std= 0.073
[19:13:14]   solar     : mean= 0.557, std= 0.247
[19:13:14]   diesel    : mean=-0.749, std= 0.223
[19:13:14]   battery   : mean= 0.873, std= 0.128
[19:13:14]   customer  : mean=-0.888, std= 0.076
[19:13:15] 
======================================================================
[19:13:15] Episode 16/200
[19:13:15] ======================================================================
[19:13:15] 总奖励:  -210.56 | 步数: 24
[19:13:15] 最近10个episodes平均:  -175.14
[19:13:15] 
各Agent奖励:
[19:13:15]   wind      :  124.798
[19:13:15]   solar     :   31.249
[19:13:15]   diesel    :    0.000
[19:13:15]   battery   :    0.000
[19:13:15]   customer  : -366.603
[19:13:15] 
🔌 Main Grid 交易:
[19:13:15]   进口电量:  1415.20 kWh
[19:13:15]   出口电量:     0.00 kWh
[19:13:15]   净交易量:  1415.20 kWh
[19:13:15]   平均出清价:  24.82 cents/kWh
[19:13:15]   市场独立度:  60.69%
[19:13:15] 
Buffer大小:   624
[19:13:15] 噪声水平: 0.0974
[19:13:15] 
动作统计:
[19:13:15]   wind      : mean=-0.970, std= 0.058
[19:13:15]   solar     : mean= 0.495, std= 0.299
[19:13:15]   diesel    : mean=-0.888, std= 0.122
[19:13:15]   battery   : mean= 0.900, std= 0.089
[19:13:15]   customer  : mean=-0.921, std= 0.067
[19:13:17] 
======================================================================
[19:13:17] Episode 17/200
[19:13:17] ======================================================================
[19:13:17] 总奖励:  -193.27 | 步数: 24
[19:13:17] 最近10个episodes平均:  -176.32
[19:13:17] 
各Agent奖励:
[19:13:17]   wind      :  135.982
[19:13:17]   solar     :   36.394
[19:13:17]   diesel    :    0.000
[19:13:17]   battery   :    0.000
[19:13:17]   customer  : -365.649
[19:13:17] 
🔌 Main Grid 交易:
[19:13:17]   进口电量:  1351.71 kWh
[19:13:17]   出口电量:     0.00 kWh
[19:13:17]   净交易量:  1351.71 kWh
[19:13:17]   平均出清价:  24.72 cents/kWh
[19:13:17]   市场独立度:  62.45%
[19:13:17] 
Buffer大小:   648
[19:13:17] 噪声水平: 0.0973
[19:13:17] 
动作统计:
[19:13:17]   wind      : mean=-0.953, std= 0.072
[19:13:17]   solar     : mean= 0.382, std= 0.340
[19:13:17]   diesel    : mean=-0.918, std= 0.078
[19:13:17]   battery   : mean= 0.917, std= 0.083
[19:13:17]   customer  : mean=-0.930, std= 0.076
[19:13:17] 
======================================================================
[19:13:17] Episode 18/200
[19:13:17] ======================================================================
[19:13:17] 总奖励:  -161.80 | 步数: 24
[19:13:17] 最近10个episodes平均:  -176.16
[19:13:17] 
各Agent奖励:
[19:13:17]   wind      :  149.043
[19:13:17]   solar     :   34.406
[19:13:17]   diesel    :    0.000
[19:13:17]   battery   :    0.000
[19:13:17]   customer  : -345.249
[19:13:17] 
🔌 Main Grid 交易:
[19:13:17]   进口电量:  1291.04 kWh
[19:13:17]   出口电量:     0.78 kWh
[19:13:17]   净交易量:  1290.26 kWh
[19:13:17]   平均出清价:  24.90 cents/kWh
[19:13:17]   市场独立度:  64.12%
[19:13:17] 
Buffer大小:   672
[19:13:17] 噪声水平: 0.0972
[19:13:17] 
动作统计:
[19:13:17]   wind      : mean=-0.950, std= 0.064
[19:13:17]   solar     : mean= 0.350, std= 0.446
[19:13:17]   diesel    : mean=-0.930, std= 0.062
[19:13:17]   battery   : mean= 0.917, std= 0.082
[19:13:17]   customer  : mean=-0.948, std= 0.062
[19:13:18] 
======================================================================
[19:13:18] Episode 19/200
[19:13:18] ======================================================================
[19:13:18] 总奖励:  -219.72 | 步数: 24
[19:13:18] 最近10个episodes平均:  -182.05
[19:13:18] 
各Agent奖励:
[19:13:18]   wind      :  113.764
[19:13:18]   solar     :   33.737
[19:13:18]   diesel    :    0.000
[19:13:18]   battery   :    0.000
[19:13:18]   customer  : -367.216
[19:13:18] 
🔌 Main Grid 交易:
[19:13:18]   进口电量:  1385.23 kWh
[19:13:18]   出口电量:     0.00 kWh
[19:13:18]   净交易量:  1385.23 kWh
[19:13:18]   平均出清价:  25.15 cents/kWh
[19:13:18]   市场独立度:  61.52%
[19:13:18] 
Buffer大小:   696
[19:13:18] 噪声水平: 0.0971
[19:13:18] 
动作统计:
[19:13:18]   wind      : mean=-0.963, std= 0.050
[19:13:18]   solar     : mean= 0.303, std= 0.490
[19:13:18]   diesel    : mean=-0.920, std= 0.082
[19:13:18]   battery   : mean= 0.915, std= 0.089
[19:13:18]   customer  : mean=-0.931, std= 0.073
[19:13:19] 
======================================================================
[19:13:19] Episode 20/200
[19:13:19] ======================================================================
[19:13:19] 总奖励:  -191.60 | 步数: 24
[19:13:19] 最近10个episodes平均:  -185.42
[19:13:19] 
各Agent奖励:
[19:13:19]   wind      :  130.085
[19:13:19]   solar     :   30.081
[19:13:19]   diesel    :    0.000
[19:13:19]   battery   :    0.000
[19:13:19]   customer  : -351.762
[19:13:19] 
🔌 Main Grid 交易:
[19:13:19]   进口电量:  1307.38 kWh
[19:13:19]   出口电量:     0.00 kWh
[19:13:19]   净交易量:  1307.38 kWh
[19:13:19]   平均出清价:  24.78 cents/kWh
[19:13:19]   市场独立度:  63.68%
[19:13:19] 
Buffer大小:   720
[19:13:19] 噪声水平: 0.0970
[19:13:19] 
动作统计:
[19:13:19]   wind      : mean=-0.949, std= 0.064
[19:13:19]   solar     : mean= 0.284, std= 0.534
[19:13:19]   diesel    : mean=-0.914, std= 0.090
[19:13:19]   battery   : mean= 0.921, std= 0.084
[19:13:19]   customer  : mean=-0.946, std= 0.065
[19:13:19] 
📊 生成可视化图表...
[19:13:20]   ✓ debug_plots/training_ep0020.png
[19:13:21] 
======================================================================
[19:13:21] Episode 21/200
[19:13:21] ======================================================================
[19:13:21] 总奖励:  -221.20 | 步数: 24
[19:13:21] 最近10个episodes平均:  -192.84
[19:13:21] 
各Agent奖励:
[19:13:21]   wind      :  112.128
[19:13:21]   solar     :   32.870
[19:13:21]   diesel    :    0.000
[19:13:21]   battery   :    0.000
[19:13:21]   customer  : -366.199
[19:13:21] 
🔌 Main Grid 交易:
[19:13:21]   进口电量:  1362.83 kWh
[19:13:21]   出口电量:     0.00 kWh
[19:13:21]   净交易量:  1362.83 kWh
[19:13:21]   平均出清价:  24.98 cents/kWh
[19:13:21]   市场独立度:  62.14%
[19:13:21] 
Buffer大小:   744
[19:13:21] 噪声水平: 0.0969
[19:13:21] 
动作统计:
[19:13:21]   wind      : mean=-0.977, std= 0.049
[19:13:21]   solar     : mean= 0.303, std= 0.558
[19:13:21]   diesel    : mean=-0.899, std= 0.092
[19:13:21]   battery   : mean= 0.915, std= 0.083
[19:13:21]   customer  : mean=-0.964, std= 0.064
[19:13:21] 
======================================================================
[19:13:21] Episode 22/200
[19:13:21] ======================================================================
[19:13:21] 总奖励:  -215.43 | 步数: 24
[19:13:21] 最近10个episodes平均:  -197.97
[19:13:21] 
各Agent奖励:
[19:13:21]   wind      :  131.155
[19:13:21]   solar     :   31.340
[19:13:21]   diesel    :    0.000
[19:13:21]   battery   :    0.000
[19:13:21]   customer  : -377.927
[19:13:21] 
🔌 Main Grid 交易:
[19:13:21]   进口电量:  1410.96 kWh
[19:13:21]   出口电量:     0.00 kWh
[19:13:21]   净交易量:  1410.96 kWh
[19:13:21]   平均出清价:  24.64 cents/kWh
[19:13:21]   市场独立度:  60.81%
[19:13:21] 
Buffer大小:   768
[19:13:21] 噪声水平: 0.0968
[19:13:21] 
动作统计:
[19:13:21]   wind      : mean=-0.951, std= 0.054
[19:13:21]   solar     : mean= 0.313, std= 0.541
[19:13:21]   diesel    : mean=-0.858, std= 0.138
[19:13:21]   battery   : mean= 0.924, std= 0.072
[19:13:21]   customer  : mean=-0.924, std= 0.088
[19:13:22] 
======================================================================
[19:13:22] Episode 23/200
[19:13:22] ======================================================================
[19:13:22] 总奖励:  -185.19 | 步数: 24
[19:13:22] 最近10个episodes平均:  -199.08
[19:13:22] 
各Agent奖励:
[19:13:22]   wind      :  130.090
[19:13:22]   solar     :   35.974
[19:13:22]   diesel    :    0.000
[19:13:22]   battery   :    0.000
[19:13:22]   customer  : -351.258
[19:13:22] 
🔌 Main Grid 交易:
[19:13:22]   进口电量:  1324.52 kWh
[19:13:22]   出口电量:     0.00 kWh
[19:13:22]   净交易量:  1324.52 kWh
[19:13:22]   平均出清价:  24.88 cents/kWh
[19:13:22]   市场独立度:  63.21%
[19:13:22] 
Buffer大小:   792
[19:13:22] 噪声水平: 0.0968
[19:13:22] 
动作统计:
[19:13:22]   wind      : mean=-0.967, std= 0.052
[19:13:22]   solar     : mean= 0.295, std= 0.527
[19:13:22]   diesel    : mean=-0.835, std= 0.154
[19:13:22]   battery   : mean= 0.913, std= 0.084
[19:13:22]   customer  : mean=-0.881, std= 0.107
[19:13:23] 
======================================================================
[19:13:23] Episode 24/200
[19:13:23] ======================================================================
[19:13:23] 总奖励:  -188.04 | 步数: 24
[19:13:23] 最近10个episodes平均:  -197.70
[19:13:23] 
各Agent奖励:
[19:13:23]   wind      :  134.612
[19:13:23]   solar     :   34.724
[19:13:23]   diesel    :    0.000
[19:13:23]   battery   :    0.000
[19:13:23]   customer  : -357.373
[19:13:23] 
🔌 Main Grid 交易:
[19:13:23]   进口电量:  1281.14 kWh
[19:13:23]   出口电量:     0.00 kWh
[19:13:23]   净交易量:  1281.14 kWh
[19:13:23]   平均出清价:  25.04 cents/kWh
[19:13:23]   市场独立度:  64.41%
[19:13:23] 
Buffer大小:   816
[19:13:23] 噪声水平: 0.0967
[19:13:23] 
动作统计:
[19:13:23]   wind      : mean=-0.956, std= 0.046
[19:13:23]   solar     : mean= 0.242, std= 0.453
[19:13:23]   diesel    : mean=-0.737, std= 0.244
[19:13:23]   battery   : mean= 0.863, std= 0.179
[19:13:23]   customer  : mean=-0.503, std= 0.353
[19:13:24] 
======================================================================
[19:13:24] Episode 25/200
[19:13:24] ======================================================================
[19:13:24] 总奖励:  -182.18 | 步数: 24
[19:13:24] 最近10个episodes平均:  -196.90
[19:13:24] 
各Agent奖励:
[19:13:24]   wind      :   56.933
[19:13:24]   solar     :   25.741
[19:13:24]   diesel    :    0.062
[19:13:24]   battery   :    0.000
[19:13:24]   customer  : -264.911
[19:13:24] 
🔌 Main Grid 交易:
[19:13:24]   进口电量:  1005.43 kWh
[19:13:24]   出口电量:    94.28 kWh
[19:13:24]   净交易量:   911.15 kWh
[19:13:24]   平均出清价:  10.10 cents/kWh
[19:13:24]   市场独立度:  69.45%
[19:13:24] 
Buffer大小:   840
[19:13:24] 噪声水平: 0.0966
[19:13:24] 
动作统计:
[19:13:24]   wind      : mean=-0.974, std= 0.045
[19:13:24]   solar     : mean= 0.259, std= 0.402
[19:13:24]   diesel    : mean=-0.705, std= 0.331
[19:13:24]   battery   : mean= 0.666, std= 0.417
[19:13:24]   customer  : mean= 0.053, std= 0.608
[19:13:25] 
======================================================================
[19:13:25] Episode 26/200
[19:13:25] ======================================================================
[19:13:25] 总奖励:  -176.35 | 步数: 24
[19:13:25] 最近10个episodes平均:  -193.48
[19:13:25] 
各Agent奖励:
[19:13:25]   wind      :   31.838
[19:13:25]   solar     :   10.356
[19:13:25]   diesel    :    2.721
[19:13:25]   battery   :    0.000
[19:13:25]   customer  : -221.261
[19:13:25] 
🔌 Main Grid 交易:
[19:13:25]   进口电量:   735.34 kWh
[19:13:25]   出口电量:   269.31 kWh
[19:13:25]   净交易量:   466.03 kWh
[19:13:25]   平均出清价:  -0.02 cents/kWh
[19:13:25]   市场独立度:  72.09%
[19:13:25] 
Buffer大小:   864
[19:13:25] 噪声水平: 0.0965
[19:13:25] 
动作统计:
[19:13:25]   wind      : mean=-0.941, std= 0.063
[19:13:25]   solar     : mean= 0.186, std= 0.345
[19:13:25]   diesel    : mean=-0.678, std= 0.387
[19:13:25]   battery   : mean= 0.477, std= 0.647
[19:13:25]   customer  : mean= 0.472, std= 0.541
[19:13:26] 
======================================================================
[19:13:26] Episode 27/200
[19:13:26] ======================================================================
[19:13:26] 总奖励:  -192.45 | 步数: 24
[19:13:26] 最近10个episodes平均:  -193.39
[19:13:26] 
各Agent奖励:
[19:13:26]   wind      :   -2.366
[19:13:26]   solar     :    0.144
[19:13:26]   diesel    :    0.000
[19:13:26]   battery   :    0.000
[19:13:26]   customer  : -190.228
[19:13:26] 
🔌 Main Grid 交易:
[19:13:26]   进口电量:   313.93 kWh
[19:13:26]   出口电量:   352.34 kWh
[19:13:26]   净交易量:   -38.40 kWh
[19:13:26]   平均出清价:  -6.05 cents/kWh
[19:13:26]   市场独立度:  81.49%
[19:13:26] 
Buffer大小:   888
[19:13:26] 噪声水平: 0.0964
[19:13:26] 
动作统计:
[19:13:26]   wind      : mean=-0.957, std= 0.057
[19:13:26]   solar     : mean= 0.126, std= 0.253
[19:13:26]   diesel    : mean=-0.794, std= 0.240
[19:13:26]   battery   : mean= 0.292, std= 0.759
[19:13:26]   customer  : mean= 0.794, std= 0.263
[19:13:27] 
======================================================================
[19:13:27] Episode 28/200
[19:13:27] ======================================================================
[19:13:27] 总奖励:  -179.52 | 步数: 24
[19:13:27] 最近10个episodes平均:  -195.17
[19:13:27] 
各Agent奖励:
[19:13:27]   wind      :  -19.378
[19:13:27]   solar     :    0.445
[19:13:27]   diesel    :    0.000
[19:13:27]   battery   :    0.000
[19:13:27]   customer  : -160.588
[19:13:27] 
🔌 Main Grid 交易:
[19:13:27]   进口电量:     7.79 kWh
[19:13:27]   出口电量:   387.12 kWh
[19:13:27]   净交易量:  -379.33 kWh
[19:13:27]   平均出清价: -11.44 cents/kWh
[19:13:27]   市场独立度:  89.03%
[19:13:27] 
Buffer大小:   912
[19:13:27] 噪声水平: 0.0963
[19:13:27] 
动作统计:
[19:13:27]   wind      : mean=-0.954, std= 0.055
[19:13:27]   solar     : mean=-0.014, std= 0.210
[19:13:27]   diesel    : mean=-0.871, std= 0.156
[19:13:27]   battery   : mean= 0.212, std= 0.791
[19:13:27]   customer  : mean= 0.913, std= 0.074
[19:13:28] 
======================================================================
[19:13:28] Episode 29/200
[19:13:28] ======================================================================
[19:13:28] 总奖励:  -190.30 | 步数: 24
[19:13:28] 最近10个episodes平均:  -192.23
[19:13:28] 
各Agent奖励:
[19:13:28]   wind      :  -10.243
[19:13:28]   solar     :    0.196
[19:13:28]   diesel    :    0.000
[19:13:28]   battery   :    0.000
[19:13:28]   customer  : -180.254
[19:13:28] 
🔌 Main Grid 交易:
[19:13:28]   进口电量:    24.64 kWh
[19:13:28]   出口电量:   353.50 kWh
[19:13:28]   净交易量:  -328.86 kWh
[19:13:28]   平均出清价:  -9.86 cents/kWh
[19:13:28]   市场独立度:  89.50%
[19:13:28] 
Buffer大小:   936
[19:13:28] 噪声水平: 0.0962
[19:13:28] 
动作统计:
[19:13:28]   wind      : mean=-0.974, std= 0.046
[19:13:28]   solar     : mean=-0.089, std= 0.279
[19:13:28]   diesel    : mean=-0.885, std= 0.166
[19:13:28]   battery   : mean= 0.144, std= 0.832
[19:13:28]   customer  : mean= 0.951, std= 0.052
[19:13:29] 
======================================================================
[19:13:29] Episode 30/200
[19:13:29] ======================================================================
[19:13:29] 总奖励:  -198.85 | 步数: 24
[19:13:29] 最近10个episodes平均:  -192.95
[19:13:29] 
各Agent奖励:
[19:13:29]   wind      :  -24.546
[19:13:29]   solar     :    0.000
[19:13:29]   diesel    :    0.000
[19:13:29]   battery   :    0.000
[19:13:29]   customer  : -174.301
[19:13:29] 
🔌 Main Grid 交易:
[19:13:29]   进口电量:     2.28 kWh
[19:13:29]   出口电量:   448.08 kWh
[19:13:29]   净交易量:  -445.80 kWh
[19:13:29]   平均出清价: -10.38 cents/kWh
[19:13:29]   市场独立度:  87.49%
[19:13:29] 
Buffer大小:   960
[19:13:29] 噪声水平: 0.0961
[19:13:29] 
动作统计:
[19:13:29]   wind      : mean=-0.959, std= 0.046
[19:13:29]   solar     : mean=-0.146, std= 0.354
[19:13:29]   diesel    : mean=-0.890, std= 0.140
[19:13:29]   battery   : mean= 0.187, std= 0.783
[19:13:29]   customer  : mean= 0.963, std= 0.062
[19:13:29] 
📊 生成可视化图表...
[19:13:29]   ✓ debug_plots/training_ep0030.png
[19:13:30] 
======================================================================
[19:13:30] Episode 31/200
[19:13:30] ======================================================================
[19:13:30] 总奖励:  -194.97 | 步数: 24
[19:13:30] 最近10个episodes平均:  -190.33
[19:13:30] 
各Agent奖励:
[19:13:30]   wind      :  -21.092
[19:13:30]   solar     :   -0.783
[19:13:30]   diesel    :    0.000
[19:13:30]   battery   :    0.000
[19:13:30]   customer  : -173.099
[19:13:30] 
🔌 Main Grid 交易:
[19:13:30]   进口电量:    17.01 kWh
[19:13:30]   出口电量:   392.89 kWh
[19:13:30]   净交易量:  -375.88 kWh
[19:13:30]   平均出清价: -18.49 cents/kWh
[19:13:30]   市场独立度:  88.61%
[19:13:30] 
Buffer大小:   984
[19:13:30] 噪声水平: 0.0960
[19:13:30] 
动作统计:
[19:13:30]   wind      : mean=-0.933, std= 0.076
[19:13:30]   solar     : mean=-0.164, std= 0.451
[19:13:30]   diesel    : mean=-0.925, std= 0.134
[19:13:30]   battery   : mean= 0.171, std= 0.797
[19:13:30]   customer  : mean= 0.947, std= 0.051
[19:13:30] 
======================================================================
[19:13:30] Episode 32/200
[19:13:30] ======================================================================
[19:13:30] 总奖励:  -198.91 | 步数: 24
[19:13:30] 最近10个episodes平均:  -188.68
[19:13:30] 
各Agent奖励:
[19:13:30]   wind      :  -21.411
[19:13:30]   solar     :   -0.064
[19:13:30]   diesel    :    0.000
[19:13:30]   battery   :    0.000
[19:13:30]   customer  : -177.432
[19:13:30] 
🔌 Main Grid 交易:
[19:13:30]   进口电量:     7.13 kWh
[19:13:30]   出口电量:   451.72 kWh
[19:13:30]   净交易量:  -444.60 kWh
[19:13:30]   平均出清价: -11.29 cents/kWh
[19:13:30]   市场独立度:  87.25%
[19:13:30] 
Buffer大小:  1008
[19:13:30] 噪声水平: 0.0959
[19:13:30] 
动作统计:
[19:13:30]   wind      : mean=-0.914, std= 0.095
[19:13:30]   solar     : mean=-0.121, std= 0.502
[19:13:30]   diesel    : mean=-0.937, std= 0.133
[19:13:30]   battery   : mean= 0.178, std= 0.796
[19:13:30]   customer  : mean= 0.952, std= 0.060
[19:13:31] 
======================================================================
[19:13:31] Episode 33/200
[19:13:31] ======================================================================
[19:13:31] 总奖励:  -191.05 | 步数: 24
[19:13:31] 最近10个episodes平均:  -189.26
[19:13:31] 
各Agent奖励:
[19:13:31]   wind      :   -7.792
[19:13:31]   solar     :   -0.039
[19:13:31]   diesel    :    0.000
[19:13:31]   battery   :    0.000
[19:13:31]   customer  : -183.217
[19:13:31] 
🔌 Main Grid 交易:
[19:13:31]   进口电量:    11.47 kWh
[19:13:31]   出口电量:   416.77 kWh
[19:13:31]   净交易量:  -405.31 kWh
[19:13:31]   平均出清价:  -4.74 cents/kWh
[19:13:31]   市场独立度:  88.10%
[19:13:31] 
Buffer大小:  1032
[19:13:31] 噪声水平: 0.0958
[19:13:31] 
动作统计:
[19:13:31]   wind      : mean=-0.664, std= 0.097
[19:13:31]   solar     : mean=-0.135, std= 0.542
[19:13:31]   diesel    : mean=-0.924, std= 0.097
[19:13:31]   battery   : mean= 0.193, std= 0.794
[19:13:31]   customer  : mean= 0.959, std= 0.051
[19:13:32] 
======================================================================
[19:13:32] Episode 34/200
[19:13:32] ======================================================================
[19:13:32] 总奖励:  -181.30 | 步数: 24
[19:13:32] 最近10个episodes平均:  -188.59
[19:13:32] 
各Agent奖励:
[19:13:32]   wind      :    7.804
[19:13:32]   solar     :    0.240
[19:13:32]   diesel    :    0.000
[19:13:32]   battery   :    0.000
[19:13:32]   customer  : -189.343
[19:13:32] 
🔌 Main Grid 交易:
[19:13:32]   进口电量:     4.27 kWh
[19:13:32]   出口电量:   428.49 kWh
[19:13:32]   净交易量:  -424.22 kWh
[19:13:32]   平均出清价:   5.57 cents/kWh
[19:13:32]   市场独立度:  87.98%
[19:13:32] 
Buffer大小:  1056
[19:13:32] 噪声水平: 0.0957
[19:13:32] 
动作统计:
[19:13:32]   wind      : mean= 0.111, std= 0.094
[19:13:32]   solar     : mean=-0.119, std= 0.607
[19:13:32]   diesel    : mean=-0.933, std= 0.101
[19:13:32]   battery   : mean= 0.180, std= 0.802
[19:13:32]   customer  : mean= 0.958, std= 0.054
[19:13:33] 
======================================================================
[19:13:33] Episode 35/200
[19:13:33] ======================================================================
[19:13:33] 总奖励:  -193.03 | 步数: 24
[19:13:33] 最近10个episodes平均:  -189.67
[19:13:33] 
各Agent奖励:
[19:13:33]   wind      :    5.302
[19:13:33]   solar     :   -0.342
[19:13:33]   diesel    :    0.000
[19:13:33]   battery   :    0.000
[19:13:33]   customer  : -197.985
[19:13:33] 
🔌 Main Grid 交易:
[19:13:33]   进口电量:    12.76 kWh
[19:13:33]   出口电量:   424.17 kWh
[19:13:33]   净交易量:  -411.41 kWh
[19:13:33]   平均出清价:  11.29 cents/kWh
[19:13:33]   市场独立度:  87.86%
[19:13:33] 
Buffer大小:  1080
[19:13:33] 噪声水平: 0.0956
[19:13:33] 
动作统计:
[19:13:33]   wind      : mean= 0.633, std= 0.091
[19:13:33]   solar     : mean=-0.078, std= 0.646
[19:13:33]   diesel    : mean=-0.942, std= 0.068
[19:13:33]   battery   : mean= 0.193, std= 0.787
[19:13:33]   customer  : mean= 0.923, std= 0.084
[19:13:34] 
======================================================================
[19:13:34] Episode 36/200
[19:13:34] ======================================================================
[19:13:34] 总奖励:  -194.39 | 步数: 24
[19:13:34] 最近10个episodes平均:  -191.48
[19:13:34] 
各Agent奖励:
[19:13:34]   wind      :    0.000
[19:13:34]   solar     :    0.485
[19:13:34]   diesel    :    0.000
[19:13:34]   battery   :    0.000
[19:13:34]   customer  : -194.879
[19:13:34] 
🔌 Main Grid 交易:
[19:13:34]   进口电量:     0.00 kWh
[19:13:34]   出口电量:   491.24 kWh
[19:13:34]   净交易量:  -491.24 kWh
[19:13:34]   平均出清价:   8.56 cents/kWh
[19:13:34]   市场独立度:  86.35%
[19:13:34] 
Buffer大小:  1104
[19:13:34] 噪声水平: 0.0955
[19:13:34] 
动作统计:
[19:13:34]   wind      : mean= 0.865, std= 0.088
[19:13:34]   solar     : mean=-0.100, std= 0.634
[19:13:34]   diesel    : mean=-0.931, std= 0.091
[19:13:34]   battery   : mean= 0.181, std= 0.813
[19:13:34]   customer  : mean= 0.964, std= 0.053
[19:13:34] 
======================================================================
[19:13:34] Episode 37/200
[19:13:34] ======================================================================
[19:13:34] 总奖励:  -187.56 | 步数: 24
[19:13:34] 最近10个episodes平均:  -190.99
[19:13:34] 
各Agent奖励:
[19:13:34]   wind      :    0.000
[19:13:34]   solar     :    2.904
[19:13:34]   diesel    :    0.000
[19:13:34]   battery   :    0.000
[19:13:34]   customer  : -190.466
[19:13:34] 
🔌 Main Grid 交易:
[19:13:34]   进口电量:     0.80 kWh
[19:13:34]   出口电量:   474.87 kWh
[19:13:34]   净交易量:  -474.06 kWh
[19:13:34]   平均出清价:  12.05 cents/kWh
[19:13:34]   市场独立度:  86.79%
[19:13:34] 
Buffer大小:  1128
[19:13:34] 噪声水平: 0.0954
[19:13:34] 
动作统计:
[19:13:34]   wind      : mean= 0.928, std= 0.072
[19:13:34]   solar     : mean=-0.031, std= 0.616
[19:13:34]   diesel    : mean=-0.947, std= 0.081
[19:13:34]   battery   : mean= 0.158, std= 0.834
[19:13:34]   customer  : mean= 0.979, std= 0.042
[19:13:35] 
======================================================================
[19:13:35] Episode 38/200
[19:13:35] ======================================================================
[19:13:35] 总奖励:  -189.51 | 步数: 24
[19:13:35] 最近10个episodes平均:  -191.99
[19:13:35] 
各Agent奖励:
[19:13:35]   wind      :    0.000
[19:13:35]   solar     :    8.497
[19:13:35]   diesel    :    0.000
[19:13:35]   battery   :    0.000
[19:13:35]   customer  : -198.006
[19:13:35] 
🔌 Main Grid 交易:
[19:13:35]   进口电量:     7.50 kWh
[19:13:35]   出口电量:   417.12 kWh
[19:13:35]   净交易量:  -409.62 kWh
[19:13:35]   平均出清价:   8.72 cents/kWh
[19:13:35]   市场独立度:  88.20%
[19:13:35] 
Buffer大小:  1152
[19:13:35] 噪声水平: 0.0953
[19:13:35] 
动作统计:
[19:13:35]   wind      : mean= 0.961, std= 0.051
[19:13:35]   solar     : mean=-0.154, std= 0.623
[19:13:35]   diesel    : mean=-0.952, std= 0.060
[19:13:35]   battery   : mean= 0.146, std= 0.849
[19:13:35]   customer  : mean= 0.935, std= 0.064
[19:13:36] 
======================================================================
[19:13:36] Episode 39/200
[19:13:36] ======================================================================
[19:13:36] 总奖励:  -182.93 | 步数: 24
[19:13:36] 最近10个episodes平均:  -191.25
[19:13:36] 
各Agent奖励:
[19:13:36]   wind      :    0.000
[19:13:36]   solar     :   12.448
[19:13:36]   diesel    :    0.000
[19:13:36]   battery   :    0.000
[19:13:36]   customer  : -195.373
[19:13:36] 
🔌 Main Grid 交易:
[19:13:36]   进口电量:     4.44 kWh
[19:13:36]   出口电量:   441.23 kWh
[19:13:36]   净交易量:  -436.79 kWh
[19:13:36]   平均出清价:  13.64 cents/kWh
[19:13:36]   市场独立度:  87.62%
[19:13:36] 
Buffer大小:  1176
[19:13:36] 噪声水平: 0.0952
[19:13:36] 
动作统计:
[19:13:36]   wind      : mean= 0.961, std= 0.051
[19:13:36]   solar     : mean=-0.213, std= 0.582
[19:13:36]   diesel    : mean=-0.947, std= 0.065
[19:13:36]   battery   : mean= 0.118, std= 0.856
[19:13:36]   customer  : mean= 0.953, std= 0.049
[19:13:37] 
======================================================================
[19:13:37] Episode 40/200
[19:13:37] ======================================================================
[19:13:37] 总奖励:  -186.38 | 步数: 24
[19:13:37] 最近10个episodes平均:  -190.00
[19:13:37] 
各Agent奖励:
[19:13:37]   wind      :    0.000
[19:13:37]   solar     :    3.283
[19:13:37]   diesel    :    0.000
[19:13:37]   battery   :    0.000
[19:13:37]   customer  : -189.668
[19:13:37] 
🔌 Main Grid 交易:
[19:13:37]   进口电量:     0.00 kWh
[19:13:37]   出口电量:   450.71 kWh
[19:13:37]   净交易量:  -450.71 kWh
[19:13:37]   平均出清价:   9.03 cents/kWh
[19:13:37]   市场独立度:  87.48%
[19:13:37] 
Buffer大小:  1200
[19:13:37] 噪声水平: 0.0951
[19:13:37] 
动作统计:
[19:13:37]   wind      : mean= 0.957, std= 0.060
[19:13:37]   solar     : mean=-0.023, std= 0.633
[19:13:37]   diesel    : mean=-0.942, std= 0.077
[19:13:37]   battery   : mean= 0.103, std= 0.866
[19:13:37]   customer  : mean= 0.978, std= 0.047
[19:13:37] 
📊 生成可视化图表...
[19:13:38]   ✓ debug_plots/training_ep0040.png
[19:13:39] 
======================================================================
[19:13:39] Episode 41/200
[19:13:39] ======================================================================
[19:13:39] 总奖励:  -192.22 | 步数: 24
[19:13:39] 最近10个episodes平均:  -189.73
[19:13:39] 
各Agent奖励:
[19:13:39]   wind      :    0.000
[19:13:39]   solar     :    0.860
[19:13:39]   diesel    :    0.000
[19:13:39]   battery   :    0.301
[19:13:39]   customer  : -193.385
[19:13:39] 
🔌 Main Grid 交易:
[19:13:39]   进口电量:     0.00 kWh
[19:13:39]   出口电量:   568.18 kWh
[19:13:39]   净交易量:  -568.18 kWh
[19:13:39]   平均出清价:  10.23 cents/kWh
[19:13:39]   市场独立度:  84.22%
[19:13:39] 
Buffer大小:  1224
[19:13:39] 噪声水平: 0.0950
[19:13:39] 
动作统计:
[19:13:39]   wind      : mean= 0.943, std= 0.058
[19:13:39]   solar     : mean=-0.044, std= 0.680
[19:13:39]   diesel    : mean=-0.931, std= 0.082
[19:13:39]   battery   : mean= 0.092, std= 0.874
[19:13:39]   customer  : mean= 0.970, std= 0.043
[19:13:40] 
======================================================================
[19:13:40] Episode 42/200
[19:13:40] ======================================================================
[19:13:40] 总奖励:  -197.36 | 步数: 24
[19:13:40] 最近10个episodes平均:  -189.57
[19:13:40] 
各Agent奖励:
[19:13:40]   wind      :    2.473
[19:13:40]   solar     :    0.785
[19:13:40]   diesel    :    0.000
[19:13:40]   battery   :    0.000
[19:13:40]   customer  : -200.619
[19:13:40] 
🔌 Main Grid 交易:
[19:13:40]   进口电量:     0.18 kWh
[19:13:40]   出口电量:   406.46 kWh
[19:13:40]   净交易量:  -406.28 kWh
[19:13:40]   平均出清价:   9.69 cents/kWh
[19:13:40]   市场独立度:  88.70%
[19:13:40] 
Buffer大小:  1248
[19:13:40] 噪声水平: 0.0949
[19:13:40] 
动作统计:
[19:13:40]   wind      : mean= 0.955, std= 0.054
[19:13:40]   solar     : mean=-0.081, std= 0.688
[19:13:40]   diesel    : mean=-0.945, std= 0.054
[19:13:40]   battery   : mean= 0.100, std= 0.898
[19:13:40]   customer  : mean= 0.961, std= 0.050
[19:13:41] 
======================================================================
[19:13:41] Episode 43/200
[19:13:41] ======================================================================
[19:13:41] 总奖励:  -199.13 | 步数: 24
[19:13:41] 最近10个episodes平均:  -190.38
[19:13:41] 
各Agent奖励:
[19:13:41]   wind      :    0.000
[19:13:41]   solar     :    0.637
[19:13:41]   diesel    :    0.000
[19:13:41]   battery   :    0.000
[19:13:41]   customer  : -199.771
[19:13:41] 
🔌 Main Grid 交易:
[19:13:41]   进口电量:     6.88 kWh
[19:13:41]   出口电量:   407.42 kWh
[19:13:41]   净交易量:  -400.54 kWh
[19:13:41]   平均出清价:   9.88 cents/kWh
[19:13:41]   市场独立度:  88.49%
[19:13:41] 
Buffer大小:  1272
[19:13:41] 噪声水平: 0.0948
[19:13:41] 
动作统计:
[19:13:41]   wind      : mean= 0.970, std= 0.050
[19:13:41]   solar     : mean=-0.038, std= 0.638
[19:13:41]   diesel    : mean=-0.941, std= 0.063
[19:13:41]   battery   : mean= 0.095, std= 0.901
[19:13:41]   customer  : mean= 0.959, std= 0.068
[19:13:41] 
======================================================================
[19:13:41] Episode 44/200
[19:13:41] ======================================================================
[19:13:41] 总奖励:  -192.50 | 步数: 24
[19:13:41] 最近10个episodes平均:  -191.50
[19:13:41] 
各Agent奖励:
[19:13:41]   wind      :    4.924
[19:13:41]   solar     :    7.165
[19:13:41]   diesel    :    0.000
[19:13:41]   battery   :    0.000
[19:13:41]   customer  : -204.594
[19:13:41] 
🔌 Main Grid 交易:
[19:13:41]   进口电量:     7.45 kWh
[19:13:41]   出口电量:   396.44 kWh
[19:13:41]   净交易量:  -388.99 kWh
[19:13:41]   平均出清价:  14.57 cents/kWh
[19:13:41]   市场独立度:  88.78%
[19:13:41] 
Buffer大小:  1296
[19:13:41] 噪声水平: 0.0947
[19:13:41] 
动作统计:
[19:13:41]   wind      : mean= 0.957, std= 0.060
[19:13:41]   solar     : mean=-0.098, std= 0.629
[19:13:41]   diesel    : mean=-0.945, std= 0.082
[19:13:41]   battery   : mean= 0.102, std= 0.884
[19:13:41]   customer  : mean= 0.950, std= 0.069
[19:13:42] 
======================================================================
[19:13:42] Episode 45/200
[19:13:42] ======================================================================
[19:13:42] 总奖励:  -195.75 | 步数: 24
[19:13:42] 最近10个episodes平均:  -191.78
[19:13:42] 
各Agent奖励:
[19:13:42]   wind      :    0.000
[19:13:42]   solar     :    3.388
[19:13:42]   diesel    :    0.000
[19:13:42]   battery   :    0.000
[19:13:42]   customer  : -199.143
[19:13:42] 
🔌 Main Grid 交易:
[19:13:42]   进口电量:     0.00 kWh
[19:13:42]   出口电量:   560.96 kWh
[19:13:42]   净交易量:  -560.96 kWh
[19:13:42]   平均出清价:  14.73 cents/kWh
[19:13:42]   市场独立度:  84.42%
[19:13:42] 
Buffer大小:  1320
[19:13:42] 噪声水平: 0.0946
[19:13:42] 
动作统计:
[19:13:42]   wind      : mean= 0.929, std= 0.072
[19:13:42]   solar     : mean=-0.018, std= 0.641
[19:13:42]   diesel    : mean=-0.959, std= 0.067
[19:13:42]   battery   : mean= 0.082, std= 0.872
[19:13:42]   customer  : mean= 0.964, std= 0.051
[19:13:43] 
======================================================================
[19:13:43] Episode 46/200
[19:13:43] ======================================================================
[19:13:43] 总奖励:  -198.57 | 步数: 24
[19:13:43] 最近10个episodes平均:  -192.19
[19:13:43] 
各Agent奖励:
[19:13:43]   wind      :    0.000
[19:13:43]   solar     :    2.900
[19:13:43]   diesel    :    0.000
[19:13:43]   battery   :    0.000
[19:13:43]   customer  : -201.465
[19:13:43] 
🔌 Main Grid 交易:
[19:13:43]   进口电量:     0.00 kWh
[19:13:43]   出口电量:   443.54 kWh
[19:13:43]   净交易量:  -443.54 kWh
[19:13:43]   平均出清价:  13.79 cents/kWh
[19:13:43]   市场独立度:  87.68%
[19:13:43] 
Buffer大小:  1344
[19:13:43] 噪声水平: 0.0946
[19:13:43] 
动作统计:
[19:13:43]   wind      : mean= 0.948, std= 0.066
[19:13:43]   solar     : mean=-0.003, std= 0.688
[19:13:43]   diesel    : mean=-0.969, std= 0.058
[19:13:43]   battery   : mean= 0.087, std= 0.880
[19:13:43]   customer  : mean= 0.960, std= 0.052
[19:13:44] 
======================================================================
[19:13:44] Episode 47/200
[19:13:44] ======================================================================
[19:13:44] 总奖励:  -192.48 | 步数: 24
[19:13:44] 最近10个episodes平均:  -192.68
[19:13:44] 
各Agent奖励:
[19:13:44]   wind      :    0.000
[19:13:44]   solar     :    1.258
[19:13:44]   diesel    :    0.000
[19:13:44]   battery   :    0.000
[19:13:44]   customer  : -193.740
[19:13:44] 
🔌 Main Grid 交易:
[19:13:44]   进口电量:    13.41 kWh
[19:13:44]   出口电量:   408.17 kWh
[19:13:44]   净交易量:  -394.76 kWh
[19:13:44]   平均出清价:  12.48 cents/kWh
[19:13:44]   市场独立度:  88.29%
[19:13:44] 
Buffer大小:  1368
[19:13:44] 噪声水平: 0.0945
[19:13:44] 
动作统计:
[19:13:44]   wind      : mean= 0.958, std= 0.059
[19:13:44]   solar     : mean=-0.008, std= 0.655
[19:13:44]   diesel    : mean=-0.953, std= 0.052
[19:13:44]   battery   : mean= 0.115, std= 0.865
[19:13:44]   customer  : mean= 0.957, std= 0.053
[19:13:45] 
======================================================================
[19:13:45] Episode 48/200
[19:13:45] ======================================================================
[19:13:45] 总奖励:  -187.92 | 步数: 24
[19:13:45] 最近10个episodes平均:  -192.53
[19:13:45] 
各Agent奖励:
[19:13:45]   wind      :    1.368
[19:13:45]   solar     :    4.862
[19:13:45]   diesel    :    0.000
[19:13:45]   battery   :    0.000
[19:13:45]   customer  : -194.154
[19:13:45] 
🔌 Main Grid 交易:
[19:13:45]   进口电量:     0.00 kWh
[19:13:45]   出口电量:   522.09 kWh
[19:13:45]   净交易量:  -522.09 kWh
[19:13:45]   平均出清价:   9.88 cents/kWh
[19:13:45]   市场独立度:  85.50%
[19:13:45] 
Buffer大小:  1392
[19:13:45] 噪声水平: 0.0944
[19:13:45] 
动作统计:
[19:13:45]   wind      : mean= 0.874, std= 0.061
[19:13:45]   solar     : mean=-0.051, std= 0.637
[19:13:45]   diesel    : mean=-0.921, std= 0.076
[19:13:45]   battery   : mean= 0.111, std= 0.864
[19:13:45]   customer  : mean= 0.956, std= 0.064
[19:13:46] 
======================================================================
[19:13:46] Episode 49/200
[19:13:46] ======================================================================
[19:13:46] 总奖励:  -183.81 | 步数: 24
[19:13:46] 最近10个episodes平均:  -192.61
[19:13:46] 
各Agent奖励:
[19:13:46]   wind      :    6.982
[19:13:46]   solar     :    3.213
[19:13:46]   diesel    :    0.000
[19:13:46]   battery   :    0.162
[19:13:46]   customer  : -194.166
[19:13:46] 
🔌 Main Grid 交易:
[19:13:46]   进口电量:     4.61 kWh
[19:13:46]   出口电量:   488.82 kWh
[19:13:46]   净交易量:  -484.21 kWh
[19:13:46]   平均出清价:  12.89 cents/kWh
[19:13:46]   市场独立度:  86.29%
[19:13:46] 
Buffer大小:  1416
[19:13:46] 噪声水平: 0.0943
[19:13:46] 
动作统计:
[19:13:46]   wind      : mean= 0.865, std= 0.083
[19:13:46]   solar     : mean= 0.033, std= 0.654
[19:13:46]   diesel    : mean=-0.942, std= 0.075
[19:13:46]   battery   : mean= 0.137, std= 0.844
[19:13:46]   customer  : mean= 0.966, std= 0.053
[19:13:47] 
======================================================================
[19:13:47] Episode 50/200
[19:13:47] ======================================================================
[19:13:47] 总奖励:  -189.04 | 步数: 24
[19:13:47] 最近10个episodes平均:  -192.88
[19:13:47] 
各Agent奖励:
[19:13:47]   wind      :    1.091
[19:13:47]   solar     :    2.453
[19:13:47]   diesel    :    0.000
[19:13:47]   battery   :    0.000
[19:13:47]   customer  : -192.589
[19:13:47] 
🔌 Main Grid 交易:
[19:13:47]   进口电量:     7.11 kWh
[19:13:47]   出口电量:   493.86 kWh
[19:13:47]   净交易量:  -486.74 kWh
[19:13:47]   平均出清价:  11.50 cents/kWh
[19:13:47]   市场独立度:  86.08%
[19:13:47] 
Buffer大小:  1440
[19:13:47] 噪声水平: 0.0942
[19:13:47] 
动作统计:
[19:13:47]   wind      : mean= 0.805, std= 0.107
[19:13:47]   solar     : mean= 0.006, std= 0.682
[19:13:47]   diesel    : mean=-0.924, std= 0.114
[19:13:47]   battery   : mean= 0.124, std= 0.848
[19:13:47]   customer  : mean= 0.971, std= 0.047
[19:13:47] 
📊 生成可视化图表...
[19:13:47]   ✓ debug_plots/training_ep0050.png
[19:13:47] 💾 保存checkpoint: debug_checkpoints/debug_maddpg_20251203_191300_ep0050.pt
[19:13:48] 
======================================================================
[19:13:48] Episode 51/200
[19:13:48] ======================================================================
[19:13:48] 总奖励:  -179.68 | 步数: 24
[19:13:48] 最近10个episodes平均:  -191.63
[19:13:48] 
各Agent奖励:
[19:13:48]   wind      :    7.654
[19:13:48]   solar     :    2.744
[19:13:48]   diesel    :    0.000
[19:13:48]   battery   :    0.000
[19:13:48]   customer  : -190.081
[19:13:48] 
🔌 Main Grid 交易:
[19:13:48]   进口电量:     0.00 kWh
[19:13:48]   出口电量:   403.28 kWh
[19:13:48]   净交易量:  -403.28 kWh
[19:13:48]   平均出清价:  15.01 cents/kWh
[19:13:48]   市场独立度:  88.80%
[19:13:48] 
Buffer大小:  1464
[19:13:48] 噪声水平: 0.0941
[19:13:48] 
动作统计:
[19:13:48]   wind      : mean= 0.744, std= 0.116
[19:13:48]   solar     : mean=-0.035, std= 0.625
[19:13:48]   diesel    : mean=-0.916, std= 0.125
[19:13:48]   battery   : mean= 0.144, std= 0.843
[19:13:48]   customer  : mean= 0.956, std= 0.059
[19:13:49] 
======================================================================
[19:13:49] Episode 52/200
[19:13:49] ======================================================================
[19:13:49] 总奖励:  -182.82 | 步数: 24
[19:13:49] 最近10个episodes平均:  -190.17
[19:13:49] 
各Agent奖励:
[19:13:49]   wind      :    3.913
[19:13:49]   solar     :    2.941
[19:13:49]   diesel    :    0.000
[19:13:49]   battery   :    0.181
[19:13:49]   customer  : -189.853
[19:13:49] 
🔌 Main Grid 交易:
[19:13:49]   进口电量:     1.31 kWh
[19:13:49]   出口电量:   444.20 kWh
[19:13:49]   净交易量:  -442.88 kWh
[19:13:49]   平均出清价:  11.29 cents/kWh
[19:13:49]   市场独立度:  87.62%
[19:13:49] 
Buffer大小:  1488
[19:13:49] 噪声水平: 0.0940
[19:13:49] 
动作统计:
[19:13:49]   wind      : mean= 0.728, std= 0.117
[19:13:49]   solar     : mean=-0.075, std= 0.698
[19:13:49]   diesel    : mean=-0.918, std= 0.095
[19:13:49]   battery   : mean= 0.144, std= 0.836
[19:13:49]   customer  : mean= 0.973, std= 0.046
[19:13:50] 
======================================================================
[19:13:50] Episode 53/200
[19:13:50] ======================================================================
[19:13:50] 总奖励:  -194.17 | 步数: 24
[19:13:50] 最近10个episodes平均:  -189.68
[19:13:50] 
各Agent奖励:
[19:13:50]   wind      :    3.018
[19:13:50]   solar     :    3.952
[19:13:50]   diesel    :    0.000
[19:13:50]   battery   :    0.000
[19:13:50]   customer  : -201.141
[19:13:50] 
🔌 Main Grid 交易:
[19:13:50]   进口电量:     2.81 kWh
[19:13:50]   出口电量:   475.71 kWh
[19:13:50]   净交易量:  -472.90 kWh
[19:13:50]   平均出清价:  13.04 cents/kWh
[19:13:50]   市场独立度:  86.71%
[19:13:50] 
Buffer大小:  1512
[19:13:50] 噪声水平: 0.0939
[19:13:50] 
动作统计:
[19:13:50]   wind      : mean= 0.644, std= 0.108
[19:13:50]   solar     : mean=-0.125, std= 0.617
[19:13:50]   diesel    : mean=-0.914, std= 0.113
[19:13:50]   battery   : mean= 0.147, std= 0.837
[19:13:50]   customer  : mean= 0.936, std= 0.056
[19:13:50] 
======================================================================
[19:13:50] Episode 54/200
[19:13:50] ======================================================================
[19:13:50] 总奖励:  -190.93 | 步数: 24
[19:13:50] 最近10个episodes平均:  -189.52
[19:13:50] 
各Agent奖励:
[19:13:50]   wind      :    2.295
[19:13:50]   solar     :    2.226
[19:13:50]   diesel    :    0.000
[19:13:50]   battery   :    0.000
[19:13:50]   customer  : -195.453
[19:13:50] 
🔌 Main Grid 交易:
[19:13:50]   进口电量:     0.00 kWh
[19:13:50]   出口电量:   535.23 kWh
[19:13:50]   净交易量:  -535.23 kWh
[19:13:50]   平均出清价:  11.72 cents/kWh
[19:13:50]   市场独立度:  85.13%
[19:13:50] 
Buffer大小:  1536
[19:13:50] 噪声水平: 0.0938
[19:13:50] 
动作统计:
[19:13:50]   wind      : mean= 0.562, std= 0.135
[19:13:50]   solar     : mean= 0.062, std= 0.652
[19:13:50]   diesel    : mean=-0.927, std= 0.103
[19:13:50]   battery   : mean= 0.124, std= 0.837
[19:13:50]   customer  : mean= 0.970, std= 0.046
[19:13:51] 
======================================================================
[19:13:51] Episode 55/200
[19:13:51] ======================================================================
[19:13:51] 总奖励:  -192.66 | 步数: 24
[19:13:51] 最近10个episodes平均:  -189.21
[19:13:51] 
各Agent奖励:
[19:13:51]   wind      :    1.524
[19:13:51]   solar     :   -0.164
[19:13:51]   diesel    :    0.000
[19:13:51]   battery   :    0.018
[19:13:51]   customer  : -194.042
[19:13:51] 
🔌 Main Grid 交易:
[19:13:51]   进口电量:     0.00 kWh
[19:13:51]   出口电量:   521.13 kWh
[19:13:51]   净交易量:  -521.13 kWh
[19:13:51]   平均出清价:   8.32 cents/kWh
[19:13:51]   市场独立度:  85.52%
[19:13:51] 
Buffer大小:  1560
[19:13:51] 噪声水平: 0.0937
[19:13:51] 
动作统计:
[19:13:51]   wind      : mean= 0.565, std= 0.150
[19:13:51]   solar     : mean=-0.021, std= 0.650
[19:13:51]   diesel    : mean=-0.901, std= 0.171
[19:13:51]   battery   : mean= 0.153, std= 0.800
[19:13:51]   customer  : mean= 0.976, std= 0.049
[19:13:52] 
======================================================================
[19:13:52] Episode 56/200
[19:13:52] ======================================================================
[19:13:52] 总奖励:  -192.21 | 步数: 24
[19:13:52] 最近10个episodes平均:  -188.57
[19:13:52] 
各Agent奖励:
[19:13:52]   wind      :    0.542
[19:13:52]   solar     :    7.803
[19:13:52]   diesel    :    0.000
[19:13:52]   battery   :   -0.048
[19:13:52]   customer  : -200.507
[19:13:52] 
🔌 Main Grid 交易:
[19:13:52]   进口电量:    13.27 kWh
[19:13:52]   出口电量:   371.70 kWh
[19:13:52]   净交易量:  -358.42 kWh
[19:13:52]   平均出清价:  13.12 cents/kWh
[19:13:52]   市场独立度:  89.31%
[19:13:52] 
Buffer大小:  1584
[19:13:52] 噪声水平: 0.0936
[19:13:52] 
动作统计:
[19:13:52]   wind      : mean= 0.545, std= 0.151
[19:13:52]   solar     : mean=-0.234, std= 0.584
[19:13:52]   diesel    : mean=-0.914, std= 0.124
[19:13:52]   battery   : mean= 0.144, std= 0.804
[19:13:52]   customer  : mean= 0.943, std= 0.059
[19:13:53] 
======================================================================
[19:13:53] Episode 57/200
[19:13:53] ======================================================================
[19:13:53] 总奖励:  -188.72 | 步数: 24
[19:13:53] 最近10个episodes平均:  -188.20
[19:13:53] 
各Agent奖励:
[19:13:53]   wind      :    2.983
[19:13:53]   solar     :    1.974
[19:13:53]   diesel    :    0.000
[19:13:53]   battery   :    0.000
[19:13:53]   customer  : -193.676
[19:13:53] 
🔌 Main Grid 交易:
[19:13:53]   进口电量:     0.00 kWh
[19:13:53]   出口电量:   582.12 kWh
[19:13:53]   净交易量:  -582.12 kWh
[19:13:53]   平均出清价:  10.27 cents/kWh
[19:13:53]   市场独立度:  83.83%
[19:13:53] 
Buffer大小:  1608
[19:13:53] 噪声水平: 0.0935
[19:13:53] 
动作统计:
[19:13:53]   wind      : mean= 0.493, std= 0.176
[19:13:53]   solar     : mean=-0.058, std= 0.665
[19:13:53]   diesel    : mean=-0.900, std= 0.147
[19:13:53]   battery   : mean= 0.180, std= 0.794
[19:13:53]   customer  : mean= 0.972, std= 0.043
[19:13:54] 
======================================================================
[19:13:54] Episode 58/200
[19:13:54] ======================================================================
[19:13:54] 总奖励:  -195.17 | 步数: 24
[19:13:54] 最近10个episodes平均:  -188.92
[19:13:54] 
各Agent奖励:
[19:13:54]   wind      :    2.209
[19:13:54]   solar     :    1.876
[19:13:54]   diesel    :    0.000
[19:13:54]   battery   :    0.000
[19:13:54]   customer  : -199.250
[19:13:54] 
🔌 Main Grid 交易:
[19:13:54]   进口电量:     0.00 kWh
[19:13:54]   出口电量:   535.14 kWh
[19:13:54]   净交易量:  -535.14 kWh
[19:13:54]   平均出清价:  12.04 cents/kWh
[19:13:54]   市场独立度:  85.14%
[19:13:54] 
Buffer大小:  1632
[19:13:54] 噪声水平: 0.0934
[19:13:54] 
动作统计:
[19:13:54]   wind      : mean= 0.511, std= 0.174
[19:13:54]   solar     : mean=-0.081, std= 0.660
[19:13:54]   diesel    : mean=-0.921, std= 0.098
[19:13:54]   battery   : mean= 0.178, std= 0.807
[19:13:54]   customer  : mean= 0.960, std= 0.054
[19:13:55] 
======================================================================
[19:13:55] Episode 59/200
[19:13:55] ======================================================================
[19:13:55] 总奖励:  -187.77 | 步数: 24
[19:13:55] 最近10个episodes平均:  -189.32
[19:13:55] 
各Agent奖励:
[19:13:55]   wind      :    4.674
[19:13:55]   solar     :    2.187
[19:13:55]   diesel    :    0.000
[19:13:55]   battery   :    0.000
[19:13:55]   customer  : -194.627
[19:13:55] 
🔌 Main Grid 交易:
[19:13:55]   进口电量:     6.86 kWh
[19:13:55]   出口电量:   452.34 kWh
[19:13:55]   净交易量:  -445.49 kWh
[19:13:55]   平均出清价:   9.34 cents/kWh
[19:13:55]   市场独立度:  87.24%
[19:13:55] 
Buffer大小:  1656
[19:13:55] 噪声水平: 0.0933
[19:13:55] 
动作统计:
[19:13:55]   wind      : mean= 0.489, std= 0.195
[19:13:55]   solar     : mean=-0.120, std= 0.588
[19:13:55]   diesel    : mean=-0.908, std= 0.116
[19:13:55]   battery   : mean= 0.196, std= 0.766
[19:13:55]   customer  : mean= 0.949, std= 0.062
[19:13:56] 
======================================================================
[19:13:56] Episode 60/200
[19:13:56] ======================================================================
[19:13:56] 总奖励:  -190.24 | 步数: 24
[19:13:56] 最近10个episodes平均:  -189.44
[19:13:56] 
各Agent奖励:
[19:13:56]   wind      :    3.126
[19:13:56]   solar     :    0.012
[19:13:56]   diesel    :    0.000
[19:13:56]   battery   :    0.000
[19:13:56]   customer  : -193.377
[19:13:56] 
🔌 Main Grid 交易:
[19:13:56]   进口电量:     6.31 kWh
[19:13:56]   出口电量:   465.56 kWh
[19:13:56]   净交易量:  -459.25 kWh
[19:13:56]   平均出清价:  10.14 cents/kWh
[19:13:56]   市场独立度:  86.89%
[19:13:56] 
Buffer大小:  1680
[19:13:56] 噪声水平: 0.0932
[19:13:56] 
动作统计:
[19:13:56]   wind      : mean= 0.489, std= 0.185
[19:13:56]   solar     : mean=-0.130, std= 0.595
[19:13:56]   diesel    : mean=-0.924, std= 0.084
[19:13:56]   battery   : mean= 0.170, std= 0.801
[19:13:56]   customer  : mean= 0.970, std= 0.045
[19:13:56] 
📊 生成可视化图表...
[19:13:56]   ✓ debug_plots/training_ep0060.png
[19:13:57] 
======================================================================
[19:13:57] Episode 61/200
[19:13:57] ======================================================================
[19:13:57] 总奖励:  -186.44 | 步数: 24
[19:13:57] 最近10个episodes平均:  -190.11
[19:13:57] 
各Agent奖励:
[19:13:57]   wind      :    0.970
[19:13:57]   solar     :    2.113
[19:13:57]   diesel    :    0.000
[19:13:57]   battery   :    0.000
[19:13:57]   customer  : -189.522
[19:13:57] 
🔌 Main Grid 交易:
[19:13:57]   进口电量:     0.00 kWh
[19:13:57]   出口电量:   515.82 kWh
[19:13:57]   净交易量:  -515.82 kWh
[19:13:57]   平均出清价:  10.13 cents/kWh
[19:13:57]   市场独立度:  85.67%
[19:13:57] 
Buffer大小:  1704
[19:13:57] 噪声水平: 0.0931
[19:13:57] 
动作统计:
[19:13:57]   wind      : mean= 0.453, std= 0.214
[19:13:57]   solar     : mean=-0.101, std= 0.575
[19:13:57]   diesel    : mean=-0.901, std= 0.104
[19:13:57]   battery   : mean= 0.160, std= 0.821
[19:13:57]   customer  : mean= 0.975, std= 0.033
[19:13:57] 
======================================================================
[19:13:57] Episode 62/200
[19:13:57] ======================================================================
[19:13:57] 总奖励:  -190.78 | 步数: 24
[19:13:57] 最近10个episodes平均:  -190.91
[19:13:57] 
各Agent奖励:
[19:13:57]   wind      :    1.526
[19:13:57]   solar     :    0.575
[19:13:57]   diesel    :    0.000
[19:13:57]   battery   :    0.000
[19:13:57]   customer  : -192.878
[19:13:57] 
🔌 Main Grid 交易:
[19:13:57]   进口电量:    16.18 kWh
[19:13:57]   出口电量:   463.82 kWh
[19:13:57]   净交易量:  -447.64 kWh
[19:13:57]   平均出清价:   8.32 cents/kWh
[19:13:57]   市场独立度:  86.67%
[19:13:57] 
Buffer大小:  1728
[19:13:57] 噪声水平: 0.0930
[19:13:57] 
动作统计:
[19:13:57]   wind      : mean= 0.408, std= 0.214
[19:13:57]   solar     : mean=-0.077, std= 0.588
[19:13:57]   diesel    : mean=-0.923, std= 0.118
[19:13:57]   battery   : mean= 0.158, std= 0.812
[19:13:57]   customer  : mean= 0.962, std= 0.064
[19:13:58] 
======================================================================
[19:13:58] Episode 63/200
[19:13:58] ======================================================================
[19:13:58] 总奖励:  -188.10 | 步数: 24
[19:13:58] 最近10个episodes平均:  -190.30
[19:13:58] 
各Agent奖励:
[19:13:58]   wind      :    6.801
[19:13:58]   solar     :    4.120
[19:13:58]   diesel    :    0.000
[19:13:58]   battery   :    0.000
[19:13:58]   customer  : -199.017
[19:13:58] 
🔌 Main Grid 交易:
[19:13:58]   进口电量:     1.07 kWh
[19:13:58]   出口电量:   542.48 kWh
[19:13:58]   净交易量:  -541.41 kWh
[19:13:58]   平均出清价:  10.57 cents/kWh
[19:13:58]   市场独立度:  84.90%
[19:13:58] 
Buffer大小:  1752
[19:13:58] 噪声水平: 0.0930
[19:13:58] 
动作统计:
[19:13:58]   wind      : mean= 0.374, std= 0.240
[19:13:58]   solar     : mean=-0.047, std= 0.651
[19:13:58]   diesel    : mean=-0.927, std= 0.112
[19:13:58]   battery   : mean= 0.189, std= 0.806
[19:13:58]   customer  : mean= 0.958, std= 0.063
[19:13:59] 
======================================================================
[19:13:59] Episode 64/200
[19:13:59] ======================================================================
[19:13:59] 总奖励:  -192.70 | 步数: 24
[19:13:59] 最近10个episodes平均:  -190.48
[19:13:59] 
各Agent奖励:
[19:13:59]   wind      :    1.999
[19:13:59]   solar     :    0.735
[19:13:59]   diesel    :    0.000
[19:13:59]   battery   :    0.000
[19:13:59]   customer  : -195.434
[19:13:59] 
🔌 Main Grid 交易:
[19:13:59]   进口电量:     0.00 kWh
[19:13:59]   出口电量:   520.27 kWh
[19:13:59]   净交易量:  -520.27 kWh
[19:13:59]   平均出清价:   8.54 cents/kWh
[19:13:59]   市场独立度:  85.55%
[19:13:59] 
Buffer大小:  1776
[19:13:59] 噪声水平: 0.0929
[19:13:59] 
动作统计:
[19:13:59]   wind      : mean= 0.377, std= 0.171
[19:13:59]   solar     : mean=-0.027, std= 0.640
[19:13:59]   diesel    : mean=-0.914, std= 0.104
[19:13:59]   battery   : mean= 0.168, std= 0.798
[19:13:59]   customer  : mean= 0.959, std= 0.059
[19:14:00] 
======================================================================
[19:14:00] Episode 65/200
[19:14:00] ======================================================================
[19:14:00] 总奖励:  -193.22 | 步数: 24
[19:14:00] 最近10个episodes平均:  -190.53
[19:14:00] 
各Agent奖励:
[19:14:00]   wind      :    2.022
[19:14:00]   solar     :    0.334
[19:14:00]   diesel    :    0.000
[19:14:00]   battery   :    0.000
[19:14:00]   customer  : -195.575
[19:14:00] 
🔌 Main Grid 交易:
[19:14:00]   进口电量:     0.00 kWh
[19:14:00]   出口电量:   464.63 kWh
[19:14:00]   净交易量:  -464.63 kWh
[19:14:00]   平均出清价:  10.98 cents/kWh
[19:14:00]   市场独立度:  87.09%
[19:14:00] 
Buffer大小:  1800
[19:14:00] 噪声水平: 0.0928
[19:14:00] 
动作统计:
[19:14:00]   wind      : mean= 0.426, std= 0.182
[19:14:00]   solar     : mean= 0.008, std= 0.621
[19:14:00]   diesel    : mean=-0.930, std= 0.088
[19:14:00]   battery   : mean= 0.165, std= 0.792
[19:14:00]   customer  : mean= 0.981, std= 0.034
[19:14:00] 
======================================================================
[19:14:00] Episode 66/200
[19:14:00] ======================================================================
[19:14:00] 总奖励:  -191.84 | 步数: 24
[19:14:00] 最近10个episodes平均:  -190.50
[19:14:00] 
各Agent奖励:
[19:14:00]   wind      :    1.439
[19:14:00]   solar     :    1.910
[19:14:00]   diesel    :    0.000
[19:14:00]   battery   :    0.000
[19:14:00]   customer  : -195.189
[19:14:00] 
🔌 Main Grid 交易:
[19:14:00]   进口电量:    21.11 kWh
[19:14:00]   出口电量:   512.15 kWh
[19:14:00]   净交易量:  -491.04 kWh
[19:14:00]   平均出清价:   9.63 cents/kWh
[19:14:00]   市场独立度:  85.19%
[19:14:00] 
Buffer大小:  1824
[19:14:00] 噪声水平: 0.0927
[19:14:00] 
动作统计:
[19:14:00]   wind      : mean= 0.347, std= 0.185
[19:14:00]   solar     : mean=-0.045, std= 0.648
[19:14:00]   diesel    : mean=-0.910, std= 0.101
[19:14:00]   battery   : mean= 0.167, std= 0.802
[19:14:00]   customer  : mean= 0.962, std= 0.046
[19:14:01] 
======================================================================
[19:14:01] Episode 67/200
[19:14:01] ======================================================================
[19:14:01] 总奖励:  -191.30 | 步数: 24
[19:14:01] 最近10个episodes平均:  -190.75
[19:14:01] 
各Agent奖励:
[19:14:01]   wind      :    1.763
[19:14:01]   solar     :    2.305
[19:14:01]   diesel    :    0.000
[19:14:01]   battery   :    0.000
[19:14:01]   customer  : -195.368
[19:14:01] 
🔌 Main Grid 交易:
[19:14:01]   进口电量:     5.44 kWh
[19:14:01]   出口电量:   437.42 kWh
[19:14:01]   净交易量:  -431.98 kWh
[19:14:01]   平均出清价:  11.44 cents/kWh
[19:14:01]   市场独立度:  87.70%
[19:14:01] 
Buffer大小:  1848
[19:14:01] 噪声水平: 0.0926
[19:14:01] 
动作统计:
[19:14:01]   wind      : mean= 0.372, std= 0.227
[19:14:01]   solar     : mean=-0.066, std= 0.657
[19:14:01]   diesel    : mean=-0.909, std= 0.120
[19:14:01]   battery   : mean= 0.156, std= 0.817
[19:14:01]   customer  : mean= 0.957, std= 0.050
[19:14:02] 
======================================================================
[19:14:02] Episode 68/200
[19:14:02] ======================================================================
[19:14:02] 总奖励:  -185.88 | 步数: 24
[19:14:02] 最近10个episodes平均:  -189.82
[19:14:02] 
各Agent奖励:
[19:14:02]   wind      :    6.556
[19:14:02]   solar     :    1.853
[19:14:02]   diesel    :    0.000
[19:14:02]   battery   :    0.000
[19:14:02]   customer  : -194.284
[19:14:02] 
🔌 Main Grid 交易:
[19:14:02]   进口电量:    19.68 kWh
[19:14:02]   出口电量:   522.54 kWh
[19:14:02]   净交易量:  -502.86 kWh
[19:14:02]   平均出清价:   8.39 cents/kWh
[19:14:02]   市场独立度:  84.94%
[19:14:02] 
Buffer大小:  1872
[19:14:02] 噪声水平: 0.0925
[19:14:02] 
动作统计:
[19:14:02]   wind      : mean= 0.297, std= 0.222
[19:14:02]   solar     : mean=-0.053, std= 0.590
[19:14:02]   diesel    : mean=-0.895, std= 0.116
[19:14:02]   battery   : mean= 0.133, std= 0.829
[19:14:02]   customer  : mean= 0.959, std= 0.071
[19:14:03] 
======================================================================
[19:14:03] Episode 69/200
[19:14:03] ======================================================================
[19:14:03] 总奖励:  -188.23 | 步数: 24
[19:14:03] 最近10个episodes平均:  -189.87
[19:14:03] 
各Agent奖励:
[19:14:03]   wind      :    5.793
[19:14:03]   solar     :    2.394
[19:14:03]   diesel    :    0.000
[19:14:03]   battery   :    0.000
[19:14:03]   customer  : -196.416
[19:14:03] 
🔌 Main Grid 交易:
[19:14:03]   进口电量:     4.76 kWh
[19:14:03]   出口电量:   414.30 kWh
[19:14:03]   净交易量:  -409.54 kWh
[19:14:03]   平均出清价:  11.08 cents/kWh
[19:14:03]   市场独立度:  88.36%
[19:14:03] 
Buffer大小:  1896
[19:14:03] 噪声水平: 0.0924
[19:14:03] 
动作统计:
[19:14:03]   wind      : mean= 0.330, std= 0.167
[19:14:03]   solar     : mean=-0.060, std= 0.608
[19:14:03]   diesel    : mean=-0.900, std= 0.121
[19:14:03]   battery   : mean= 0.148, std= 0.839
[19:14:03]   customer  : mean= 0.946, std= 0.060
[19:14:03] 
======================================================================
[19:14:03] Episode 70/200
[19:14:03] ======================================================================
[19:14:03] 总奖励:  -183.38 | 步数: 24
[19:14:03] 最近10个episodes平均:  -189.19
[19:14:03] 
各Agent奖励:
[19:14:03]   wind      :    6.963
[19:14:03]   solar     :    1.679
[19:14:03]   diesel    :    0.000
[19:14:03]   battery   :    0.000
[19:14:03]   customer  : -192.018
[19:14:03] 
🔌 Main Grid 交易:
[19:14:03]   进口电量:    10.62 kWh
[19:14:03]   出口电量:   431.95 kWh
[19:14:03]   净交易量:  -421.34 kWh
[19:14:03]   平均出清价:   9.18 cents/kWh
[19:14:03]   市场独立度:  87.71%
[19:14:03] 
Buffer大小:  1920
[19:14:03] 噪声水平: 0.0923
[19:14:03] 
动作统计:
[19:14:03]   wind      : mean= 0.303, std= 0.145
[19:14:03]   solar     : mean=-0.067, std= 0.610
[19:14:03]   diesel    : mean=-0.889, std= 0.145
[19:14:03]   battery   : mean= 0.138, std= 0.827
[19:14:03]   customer  : mean= 0.950, std= 0.074
[19:14:03] 
📊 生成可视化图表...
[19:14:04]   ✓ debug_plots/training_ep0070.png
[19:14:05] 
======================================================================
[19:14:05] Episode 71/200
[19:14:05] ======================================================================
[19:14:05] 总奖励:  -187.45 | 步数: 24
[19:14:05] 最近10个episodes平均:  -189.29
[19:14:05] 
各Agent奖励:
[19:14:05]   wind      :    2.457
[19:14:05]   solar     :    2.108
[19:14:05]   diesel    :    0.000
[19:14:05]   battery   :    0.000
[19:14:05]   customer  : -192.012
[19:14:05] 
🔌 Main Grid 交易:
[19:14:05]   进口电量:     0.00 kWh
[19:14:05]   出口电量:   472.13 kWh
[19:14:05]   净交易量:  -472.13 kWh
[19:14:05]   平均出清价:   8.89 cents/kWh
[19:14:05]   市场独立度:  86.89%
[19:14:05] 
Buffer大小:  1944
[19:14:05] 噪声水平: 0.0922
[19:14:05] 
动作统计:
[19:14:05]   wind      : mean= 0.315, std= 0.169
[19:14:05]   solar     : mean=-0.032, std= 0.572
[19:14:05]   diesel    : mean=-0.903, std= 0.136
[19:14:05]   battery   : mean= 0.140, std= 0.859
[19:14:05]   customer  : mean= 0.971, std= 0.054
[19:14:05] 
======================================================================
[19:14:05] Episode 72/200
[19:14:05] ======================================================================
[19:14:05] 总奖励:  -180.49 | 步数: 24
[19:14:05] 最近10个episodes平均:  -188.26
[19:14:05] 
各Agent奖励:
[19:14:05]   wind      :    5.894
[19:14:05]   solar     :    1.665
[19:14:05]   diesel    :    0.000
[19:14:05]   battery   :    0.000
[19:14:05]   customer  : -188.053
[19:14:05] 
🔌 Main Grid 交易:
[19:14:05]   进口电量:     7.13 kWh
[19:14:05]   出口电量:   471.51 kWh
[19:14:05]   净交易量:  -464.38 kWh
[19:14:05]   平均出清价:   8.89 cents/kWh
[19:14:05]   市场独立度:  86.70%
[19:14:05] 
Buffer大小:  1968
[19:14:05] 噪声水平: 0.0921
[19:14:05] 
动作统计:
[19:14:05]   wind      : mean= 0.285, std= 0.194
[19:14:05]   solar     : mean=-0.059, std= 0.540
[19:14:05]   diesel    : mean=-0.903, std= 0.128
[19:14:05]   battery   : mean= 0.150, std= 0.841
[19:14:05]   customer  : mean= 0.955, std= 0.057
[19:14:06] 
======================================================================
[19:14:06] Episode 73/200
[19:14:06] ======================================================================
[19:14:06] 总奖励:  -188.02 | 步数: 24
[19:14:06] 最近10个episodes平均:  -188.25
[19:14:06] 
各Agent奖励:
[19:14:06]   wind      :    1.648
[19:14:06]   solar     :    4.379
[19:14:06]   diesel    :    0.000
[19:14:06]   battery   :    0.000
[19:14:06]   customer  : -194.048
[19:14:06] 
🔌 Main Grid 交易:
[19:14:06]   进口电量:     0.00 kWh
[19:14:06]   出口电量:   499.82 kWh
[19:14:06]   净交易量:  -499.82 kWh
[19:14:06]   平均出清价:   9.21 cents/kWh
[19:14:06]   市场独立度:  86.12%
[19:14:06] 
Buffer大小:  1992
[19:14:06] 噪声水平: 0.0920
[19:14:06] 
动作统计:
[19:14:06]   wind      : mean= 0.279, std= 0.179
[19:14:06]   solar     : mean=-0.089, std= 0.545
[19:14:06]   diesel    : mean=-0.905, std= 0.112
[19:14:06]   battery   : mean= 0.119, std= 0.853
[19:14:06]   customer  : mean= 0.973, std= 0.036
[19:14:07] 
======================================================================
[19:14:07] Episode 74/200
[19:14:07] ======================================================================
[19:14:07] 总奖励:  -185.00 | 步数: 24
[19:14:07] 最近10个episodes平均:  -187.48
[19:14:07] 
各Agent奖励:
[19:14:07]   wind      :    4.997
[19:14:07]   solar     :   -0.063
[19:14:07]   diesel    :    0.000
[19:14:07]   battery   :    0.000
[19:14:07]   customer  : -189.937
[19:14:07] 
🔌 Main Grid 交易:
[19:14:07]   进口电量:     4.91 kWh
[19:14:07]   出口电量:   466.58 kWh
[19:14:07]   净交易量:  -461.67 kWh
[19:14:07]   平均出清价:   6.58 cents/kWh
[19:14:07]   市场独立度:  86.90%
[19:14:07] 
Buffer大小:  2016
[19:14:07] 噪声水平: 0.0919
[19:14:07] 
动作统计:
[19:14:07]   wind      : mean= 0.227, std= 0.187
[19:14:07]   solar     : mean=-0.030, std= 0.554
[19:14:07]   diesel    : mean=-0.911, std= 0.130
[19:14:07]   battery   : mean= 0.125, std= 0.854
[19:14:07]   customer  : mean= 0.962, std= 0.060
[19:14:08] 
======================================================================
[19:14:08] Episode 75/200
[19:14:08] ======================================================================
[19:14:08] 总奖励:  -186.85 | 步数: 24
[19:14:08] 最近10个episodes平均:  -186.84
[19:14:08] 
各Agent奖励:
[19:14:08]   wind      :    2.288
[19:14:08]   solar     :    0.461
[19:14:08]   diesel    :    0.000
[19:14:08]   battery   :    0.000
[19:14:08]   customer  : -189.600
[19:14:08] 
🔌 Main Grid 交易:
[19:14:08]   进口电量:     6.10 kWh
[19:14:08]   出口电量:   513.08 kWh
[19:14:08]   净交易量:  -506.97 kWh
[19:14:08]   平均出清价:   9.19 cents/kWh
[19:14:08]   市场独立度:  85.58%
[19:14:08] 
Buffer大小:  2040
[19:14:08] 噪声水平: 0.0918
[19:14:08] 
动作统计:
[19:14:08]   wind      : mean= 0.216, std= 0.171
[19:14:08]   solar     : mean=-0.045, std= 0.551
[19:14:08]   diesel    : mean=-0.918, std= 0.098
[19:14:08]   battery   : mean= 0.112, std= 0.864
[19:14:08]   customer  : mean= 0.966, std= 0.049
[19:14:09] 
======================================================================
[19:14:09] Episode 76/200
[19:14:09] ======================================================================
[19:14:09] 总奖励:  -188.68 | 步数: 24
[19:14:09] 最近10个episodes平均:  -186.53
[19:14:09] 
各Agent奖励:
[19:14:09]   wind      :    3.565
[19:14:09]   solar     :    0.639
[19:14:09]   diesel    :    0.000
[19:14:09]   battery   :    0.000
[19:14:09]   customer  : -192.887
[19:14:09] 
🔌 Main Grid 交易:
[19:14:09]   进口电量:     1.75 kWh
[19:14:09]   出口电量:   534.70 kWh
[19:14:09]   净交易量:  -532.95 kWh
[19:14:09]   平均出清价:   7.59 cents/kWh
[19:14:09]   市场独立度:  85.10%
[19:14:09] 
Buffer大小:  2064
[19:14:09] 噪声水平: 0.0918
[19:14:09] 
动作统计:
[19:14:09]   wind      : mean= 0.171, std= 0.193
[19:14:09]   solar     : mean=-0.032, std= 0.540
[19:14:09]   diesel    : mean=-0.918, std= 0.102
[19:14:09]   battery   : mean= 0.130, std= 0.858
[19:14:09]   customer  : mean= 0.974, std= 0.059
[19:14:09] 
======================================================================
[19:14:09] Episode 77/200
[19:14:09] ======================================================================
[19:14:09] 总奖励:  -184.75 | 步数: 24
[19:14:09] 最近10个episodes平均:  -185.87
[19:14:09] 
各Agent奖励:
[19:14:09]   wind      :    7.790
[19:14:09]   solar     :    0.070
[19:14:09]   diesel    :    0.000
[19:14:09]   battery   :    0.000
[19:14:09]   customer  : -192.613
[19:14:09] 
🔌 Main Grid 交易:
[19:14:09]   进口电量:     4.43 kWh
[19:14:09]   出口电量:   458.17 kWh
[19:14:09]   净交易量:  -453.75 kWh
[19:14:09]   平均出清价:   9.09 cents/kWh
[19:14:09]   市场独立度:  87.15%
[19:14:09] 
Buffer大小:  2088
[19:14:09] 噪声水平: 0.0917
[19:14:09] 
动作统计:
[19:14:09]   wind      : mean= 0.161, std= 0.174
[19:14:09]   solar     : mean=-0.012, std= 0.577
[19:14:09]   diesel    : mean=-0.895, std= 0.127
[19:14:09]   battery   : mean= 0.118, std= 0.865
[19:14:09]   customer  : mean= 0.949, std= 0.055
[19:14:10] 
======================================================================
[19:14:10] Episode 78/200
[19:14:10] ======================================================================
[19:14:10] 总奖励:  -185.32 | 步数: 24
[19:14:10] 最近10个episodes平均:  -185.82
[19:14:10] 
各Agent奖励:
[19:14:10]   wind      :    4.937
[19:14:10]   solar     :    1.731
[19:14:10]   diesel    :    0.000
[19:14:10]   battery   :    0.000
[19:14:10]   customer  : -191.984
[19:14:10] 
🔌 Main Grid 交易:
[19:14:10]   进口电量:    18.95 kWh
[19:14:10]   出口电量:   444.55 kWh
[19:14:10]   净交易量:  -425.61 kWh
[19:14:10]   平均出清价:   8.12 cents/kWh
[19:14:10]   市场独立度:  87.12%
[19:14:10] 
Buffer大小:  2112
[19:14:10] 噪声水平: 0.0916
[19:14:10] 
动作统计:
[19:14:10]   wind      : mean= 0.192, std= 0.233
[19:14:10]   solar     : mean=-0.003, std= 0.518
[19:14:10]   diesel    : mean=-0.889, std= 0.142
[19:14:10]   battery   : mean= 0.110, std= 0.878
[19:14:10]   customer  : mean= 0.942, std= 0.061
[19:14:11] 
======================================================================
[19:14:11] Episode 79/200
[19:14:11] ======================================================================
[19:14:11] 总奖励:  -180.09 | 步数: 24
[19:14:11] 最近10个episodes平均:  -185.00
[19:14:11] 
各Agent奖励:
[19:14:11]   wind      :    6.172
[19:14:11]   solar     :    0.961
[19:14:11]   diesel    :    0.000
[19:14:11]   battery   :    0.000
[19:14:11]   customer  : -187.219
[19:14:11] 
🔌 Main Grid 交易:
[19:14:11]   进口电量:     0.00 kWh
[19:14:11]   出口电量:   588.60 kWh
[19:14:11]   净交易量:  -588.60 kWh
[19:14:11]   平均出清价:   7.70 cents/kWh
[19:14:11]   市场独立度:  83.65%
[19:14:11] 
Buffer大小:  2136
[19:14:11] 噪声水平: 0.0915
[19:14:11] 
动作统计:
[19:14:11]   wind      : mean= 0.137, std= 0.174
[19:14:11]   solar     : mean= 0.014, std= 0.528
[19:14:11]   diesel    : mean=-0.886, std= 0.127
[19:14:11]   battery   : mean= 0.108, std= 0.873
[19:14:11]   customer  : mean= 0.971, std= 0.040
[19:14:12] 
======================================================================
[19:14:12] Episode 80/200
[19:14:12] ======================================================================
[19:14:12] 总奖励:  -187.34 | 步数: 24
[19:14:12] 最近10个episodes平均:  -185.40
[19:14:12] 
各Agent奖励:
[19:14:12]   wind      :    5.418
[19:14:12]   solar     :    4.339
[19:14:12]   diesel    :    0.000
[19:14:12]   battery   :    0.000
[19:14:12]   customer  : -197.102
[19:14:12] 
🔌 Main Grid 交易:
[19:14:12]   进口电量:    36.98 kWh
[19:14:12]   出口电量:   418.67 kWh
[19:14:12]   净交易量:  -381.69 kWh
[19:14:12]   平均出清价:  10.94 cents/kWh
[19:14:12]   市场独立度:  87.34%
[19:14:12] 
Buffer大小:  2160
[19:14:12] 噪声水平: 0.0914
[19:14:12] 
动作统计:
[19:14:12]   wind      : mean= 0.153, std= 0.238
[19:14:12]   solar     : mean=-0.001, std= 0.541
[19:14:12]   diesel    : mean=-0.925, std= 0.131
[19:14:12]   battery   : mean= 0.092, std= 0.887
[19:14:12]   customer  : mean= 0.939, std= 0.073
[19:14:12] 
📊 生成可视化图表...
[19:14:13]   ✓ debug_plots/training_ep0080.png
[19:14:14] 
======================================================================
[19:14:14] Episode 81/200
[19:14:14] ======================================================================
[19:14:14] 总奖励:  -186.99 | 步数: 24
[19:14:14] 最近10个episodes平均:  -185.35
[19:14:14] 
各Agent奖励:
[19:14:14]   wind      :    5.192
[19:14:14]   solar     :    1.784
[19:14:14]   diesel    :    0.000
[19:14:14]   battery   :    0.000
[19:14:14]   customer  : -193.968
[19:14:14] 
🔌 Main Grid 交易:
[19:14:14]   进口电量:    20.79 kWh
[19:14:14]   出口电量:   482.06 kWh
[19:14:14]   净交易量:  -461.27 kWh
[19:14:14]   平均出清价:   7.68 cents/kWh
[19:14:14]   市场独立度:  86.03%
[19:14:14] 
Buffer大小:  2184
[19:14:14] 噪声水平: 0.0913
[19:14:14] 
动作统计:
[19:14:14]   wind      : mean= 0.157, std= 0.251
[19:14:14]   solar     : mean= 0.047, std= 0.466
[19:14:14]   diesel    : mean=-0.877, std= 0.112
[19:14:14]   battery   : mean= 0.092, std= 0.886
[19:14:14]   customer  : mean= 0.948, std= 0.069
[19:14:15] 
======================================================================
[19:14:15] Episode 82/200
[19:14:15] ======================================================================
[19:14:15] 总奖励:  -180.06 | 步数: 24
[19:14:15] 最近10个episodes平均:  -185.31
[19:14:15] 
各Agent奖励:
[19:14:15]   wind      :    2.675
[19:14:15]   solar     :    0.355
[19:14:15]   diesel    :    0.000
[19:14:15]   battery   :    0.000
[19:14:15]   customer  : -183.093
[19:14:15] 
🔌 Main Grid 交易:
[19:14:15]   进口电量:     0.00 kWh
[19:14:15]   出口电量:   459.13 kWh
[19:14:15]   净交易量:  -459.13 kWh
[19:14:15]   平均出清价:   7.39 cents/kWh
[19:14:15]   市场独立度:  87.25%
[19:14:15] 
Buffer大小:  2208
[19:14:15] 噪声水平: 0.0912
[19:14:15] 
动作统计:
[19:14:15]   wind      : mean= 0.192, std= 0.235
[19:14:15]   solar     : mean= 0.053, std= 0.430
[19:14:15]   diesel    : mean=-0.882, std= 0.133
[19:14:15]   battery   : mean= 0.098, std= 0.861
[19:14:15]   customer  : mean= 0.971, std= 0.053
[19:14:15] 
======================================================================
[19:14:15] Episode 83/200
[19:14:15] ======================================================================
[19:14:15] 总奖励:  -185.51 | 步数: 24
[19:14:15] 最近10个episodes平均:  -185.06
[19:14:15] 
各Agent奖励:
[19:14:15]   wind      :    4.278
[19:14:15]   solar     :    0.000
[19:14:15]   diesel    :    0.000
[19:14:15]   battery   :    0.000
[19:14:15]   customer  : -189.787
[19:14:15] 
🔌 Main Grid 交易:
[19:14:15]   进口电量:     0.00 kWh
[19:14:15]   出口电量:   476.32 kWh
[19:14:15]   净交易量:  -476.32 kWh
[19:14:15]   平均出清价:   8.04 cents/kWh
[19:14:15]   市场独立度:  86.77%
[19:14:15] 
Buffer大小:  2232
[19:14:15] 噪声水平: 0.0911
[19:14:15] 
动作统计:
[19:14:15]   wind      : mean= 0.184, std= 0.248
[19:14:15]   solar     : mean= 0.096, std= 0.456
[19:14:15]   diesel    : mean=-0.882, std= 0.178
[19:14:15]   battery   : mean= 0.101, std= 0.875
[19:14:15]   customer  : mean= 0.971, std= 0.047
[19:14:16] 
======================================================================
[19:14:16] Episode 84/200
[19:14:16] ======================================================================
[19:14:16] 总奖励:  -184.34 | 步数: 24
[19:14:16] 最近10个episodes平均:  -184.99
[19:14:16] 
各Agent奖励:
[19:14:16]   wind      :    6.415
[19:14:16]   solar     :    1.742
[19:14:16]   diesel    :    0.000
[19:14:16]   battery   :    0.000
[19:14:16]   customer  : -192.494
[19:14:16] 
🔌 Main Grid 交易:
[19:14:16]   进口电量:    10.17 kWh
[19:14:16]   出口电量:   397.89 kWh
[19:14:16]   净交易量:  -387.73 kWh
[19:14:16]   平均出清价:   8.56 cents/kWh
[19:14:16]   市场独立度:  88.67%
[19:14:16] 
Buffer大小:  2256
[19:14:16] 噪声水平: 0.0910
[19:14:16] 
动作统计:
[19:14:16]   wind      : mean= 0.219, std= 0.258
[19:14:16]   solar     : mean= 0.149, std= 0.397
[19:14:16]   diesel    : mean=-0.862, std= 0.275
[19:14:16]   battery   : mean= 0.102, std= 0.894
[19:14:16]   customer  : mean= 0.952, std= 0.063
[19:14:17] 
======================================================================
[19:14:17] Episode 85/200
[19:14:17] ======================================================================
[19:14:17] 总奖励:  -184.09 | 步数: 24
[19:14:17] 最近10个episodes平均:  -184.72
[19:14:17] 
各Agent奖励:
[19:14:17]   wind      :    6.363
[19:14:17]   solar     :    2.312
[19:14:17]   diesel    :    0.000
[19:14:17]   battery   :    0.000
[19:14:17]   customer  : -192.761
[19:14:17] 
🔌 Main Grid 交易:
[19:14:17]   进口电量:     0.00 kWh
[19:14:17]   出口电量:   520.31 kWh
[19:14:17]   净交易量:  -520.31 kWh
[19:14:17]   平均出清价:   9.87 cents/kWh
[19:14:17]   市场独立度:  85.55%
[19:14:17] 
Buffer大小:  2280
[19:14:17] 噪声水平: 0.0909
[19:14:17] 
动作统计:
[19:14:17]   wind      : mean= 0.124, std= 0.197
[19:14:17]   solar     : mean= 0.130, std= 0.365
[19:14:17]   diesel    : mean=-0.837, std= 0.353
[19:14:17]   battery   : mean= 0.111, std= 0.870
[19:14:17]   customer  : mean= 0.956, std= 0.046
[19:14:18] 
======================================================================
[19:14:18] Episode 86/200
[19:14:18] ======================================================================
[19:14:18] 总奖励:  -185.88 | 步数: 24
[19:14:18] 最近10个episodes平均:  -184.44
[19:14:18] 
各Agent奖励:
[19:14:18]   wind      :    3.167
[19:14:18]   solar     :    2.626
[19:14:18]   diesel    :    0.000
[19:14:18]   battery   :    0.000
[19:14:18]   customer  : -191.677
[19:14:18] 
🔌 Main Grid 交易:
[19:14:18]   进口电量:     3.74 kWh
[19:14:18]   出口电量:   443.92 kWh
[19:14:18]   净交易量:  -440.18 kWh
[19:14:18]   平均出清价:   6.62 cents/kWh
[19:14:18]   市场独立度:  87.57%
[19:14:18] 
Buffer大小:  2304
[19:14:18] 噪声水平: 0.0908
[19:14:18] 
动作统计:
[19:14:18]   wind      : mean= 0.110, std= 0.198
[19:14:18]   solar     : mean= 0.108, std= 0.310
[19:14:18]   diesel    : mean=-0.862, std= 0.288
[19:14:18]   battery   : mean= 0.119, std= 0.881
[19:14:18]   customer  : mean= 0.972, std= 0.046
[19:14:19] 
======================================================================
[19:14:19] Episode 87/200
[19:14:19] ======================================================================
[19:14:19] 总奖励:  -181.96 | 步数: 24
[19:14:19] 最近10个episodes平均:  -184.16
[19:14:19] 
各Agent奖励:
[19:14:19]   wind      :    1.777
[19:14:19]   solar     :    1.550
[19:14:19]   diesel    :    0.000
[19:14:19]   battery   :    0.000
[19:14:19]   customer  : -185.283
[19:14:19] 
🔌 Main Grid 交易:
[19:14:19]   进口电量:     0.00 kWh
[19:14:19]   出口电量:   516.59 kWh
[19:14:19]   净交易量:  -516.59 kWh
[19:14:19]   平均出清价:   5.58 cents/kWh
[19:14:19]   市场独立度:  85.65%
[19:14:19] 
Buffer大小:  2328
[19:14:19] 噪声水平: 0.0908
[19:14:19] 
动作统计:
[19:14:19]   wind      : mean= 0.079, std= 0.209
[19:14:19]   solar     : mean= 0.114, std= 0.348
[19:14:19]   diesel    : mean=-0.862, std= 0.253
[19:14:19]   battery   : mean= 0.079, std= 0.902
[19:14:19]   customer  : mean= 0.965, std= 0.050
[19:14:21] 
======================================================================
[19:14:21] Episode 88/200
[19:14:21] ======================================================================
[19:14:21] 总奖励:  -186.88 | 步数: 24
[19:14:21] 最近10个episodes平均:  -184.31
[19:14:21] 
各Agent奖励:
[19:14:21]   wind      :    2.923
[19:14:21]   solar     :    1.838
[19:14:21]   diesel    :    0.000
[19:14:21]   battery   :    0.000
[19:14:21]   customer  : -191.645
[19:14:21] 
🔌 Main Grid 交易:
[19:14:21]   进口电量:     0.00 kWh
[19:14:21]   出口电量:   490.59 kWh
[19:14:21]   净交易量:  -490.59 kWh
[19:14:21]   平均出清价:   6.89 cents/kWh
[19:14:21]   市场独立度:  86.37%
[19:14:21] 
Buffer大小:  2352
[19:14:21] 噪声水平: 0.0907
[19:14:21] 
动作统计:
[19:14:21]   wind      : mean= 0.099, std= 0.179
[19:14:21]   solar     : mean= 0.122, std= 0.305
[19:14:21]   diesel    : mean=-0.857, std= 0.295
[19:14:21]   battery   : mean= 0.088, std= 0.892
[19:14:21]   customer  : mean= 0.972, std= 0.041
[19:14:22] 
======================================================================
[19:14:22] Episode 89/200
[19:14:22] ======================================================================
[19:14:22] 总奖励:  -180.38 | 步数: 24
[19:14:22] 最近10个episodes平均:  -184.34
[19:14:22] 
各Agent奖励:
[19:14:22]   wind      :    3.644
[19:14:22]   solar     :    3.449
[19:14:22]   diesel    :    0.000
[19:14:22]   battery   :    0.000
[19:14:22]   customer  : -187.470
[19:14:22] 
🔌 Main Grid 交易:
[19:14:22]   进口电量:     0.00 kWh
[19:14:22]   出口电量:   560.73 kWh
[19:14:22]   净交易量:  -560.73 kWh
[19:14:22]   平均出清价:   5.44 cents/kWh
[19:14:22]   市场独立度:  84.42%
[19:14:22] 
Buffer大小:  2376
[19:14:22] 噪声水平: 0.0906
[19:14:22] 
动作统计:
[19:14:22]   wind      : mean= 0.006, std= 0.217
[19:14:22]   solar     : mean= 0.127, std= 0.313
[19:14:22]   diesel    : mean=-0.819, std= 0.362
[19:14:22]   battery   : mean= 0.099, std= 0.899
[19:14:22]   customer  : mean= 0.955, std= 0.067
[19:14:23] 
======================================================================
[19:14:23] Episode 90/200
[19:14:23] ======================================================================
[19:14:23] 总奖励:  -182.94 | 步数: 24
[19:14:23] 最近10个episodes平均:  -183.90
[19:14:23] 
各Agent奖励:
[19:14:23]   wind      :    2.328
[19:14:23]   solar     :    1.661
[19:14:23]   diesel    :    0.000
[19:14:23]   battery   :    0.000
[19:14:23]   customer  : -186.929
[19:14:23] 
🔌 Main Grid 交易:
[19:14:23]   进口电量:     0.00 kWh
[19:14:23]   出口电量:   527.08 kWh
[19:14:23]   净交易量:  -527.08 kWh
[19:14:23]   平均出清价:   5.76 cents/kWh
[19:14:23]   市场独立度:  85.36%
[19:14:23] 
Buffer大小:  2400
[19:14:23] 噪声水平: 0.0905
[19:14:23] 
动作统计:
[19:14:23]   wind      : mean= 0.045, std= 0.228
[19:14:23]   solar     : mean= 0.098, std= 0.305
[19:14:23]   diesel    : mean=-0.865, std= 0.286
[19:14:23]   battery   : mean= 0.096, std= 0.884
[19:14:23]   customer  : mean= 0.981, std= 0.037
[19:14:23] 
📊 生成可视化图表...
[19:14:23]   ✓ debug_plots/training_ep0090.png
[19:14:24] 
======================================================================
[19:14:24] Episode 91/200
[19:14:24] ======================================================================
[19:14:24] 总奖励:  -178.17 | 步数: 24
[19:14:24] 最近10个episodes平均:  -183.02
[19:14:24] 
各Agent奖励:
[19:14:24]   wind      :    6.079
[19:14:24]   solar     :    0.904
[19:14:24]   diesel    :    0.000
[19:14:24]   battery   :    0.000
[19:14:24]   customer  : -185.156
[19:14:24] 
🔌 Main Grid 交易:
[19:14:24]   进口电量:     4.39 kWh
[19:14:24]   出口电量:   482.31 kWh
[19:14:24]   净交易量:  -477.91 kWh
[19:14:24]   平均出清价:   5.81 cents/kWh
[19:14:24]   市场独立度:  86.48%
[19:14:24] 
Buffer大小:  2424
[19:14:24] 噪声水平: 0.0904
[19:14:24] 
动作统计:
[19:14:24]   wind      : mean= 0.006, std= 0.232
[19:14:24]   solar     : mean= 0.139, std= 0.310
[19:14:24]   diesel    : mean=-0.827, std= 0.292
[19:14:24]   battery   : mean= 0.092, std= 0.905
[19:14:24]   customer  : mean= 0.961, std= 0.061
[19:14:25] 
======================================================================
[19:14:25] Episode 92/200
[19:14:25] ======================================================================
[19:14:25] 总奖励:  -180.12 | 步数: 24
[19:14:25] 最近10个episodes平均:  -183.03
[19:14:25] 
各Agent奖励:
[19:14:25]   wind      :    7.349
[19:14:25]   solar     :    2.367
[19:14:25]   diesel    :    0.000
[19:14:25]   battery   :    0.000
[19:14:25]   customer  : -189.835
[19:14:25] 
🔌 Main Grid 交易:
[19:14:25]   进口电量:     0.00 kWh
[19:14:25]   出口电量:   473.75 kWh
[19:14:25]   净交易量:  -473.75 kWh
[19:14:25]   平均出清价:   4.91 cents/kWh
[19:14:25]   市场独立度:  86.84%
[19:14:25] 
Buffer大小:  2448
[19:14:25] 噪声水平: 0.0903
[19:14:25] 
动作统计:
[19:14:25]   wind      : mean=-0.044, std= 0.223
[19:14:25]   solar     : mean= 0.145, std= 0.310
[19:14:25]   diesel    : mean=-0.833, std= 0.298
[19:14:25]   battery   : mean= 0.077, std= 0.899
[19:14:25]   customer  : mean= 0.961, std= 0.061
[19:14:26] 
======================================================================
[19:14:26] Episode 93/200
[19:14:26] ======================================================================
[19:14:26] 总奖励:  -188.08 | 步数: 24
[19:14:26] 最近10个episodes平均:  -183.28
[19:14:26] 
各Agent奖励:
[19:14:26]   wind      :    2.495
[19:14:26]   solar     :    0.055
[19:14:26]   diesel    :    0.000
[19:14:26]   battery   :    0.000
[19:14:26]   customer  : -190.629
[19:14:26] 
🔌 Main Grid 交易:
[19:14:26]   进口电量:     2.28 kWh
[19:14:26]   出口电量:   542.46 kWh
[19:14:26]   净交易量:  -540.18 kWh
[19:14:26]   平均出清价:   6.02 cents/kWh
[19:14:26]   市场独立度:  84.87%
[19:14:26] 
Buffer大小:  2472
[19:14:26] 噪声水平: 0.0902
[19:14:26] 
动作统计:
[19:14:26]   wind      : mean= 0.033, std= 0.164
[19:14:26]   solar     : mean= 0.166, std= 0.299
[19:14:26]   diesel    : mean=-0.842, std= 0.236
[19:14:26]   battery   : mean= 0.111, std= 0.873
[19:14:26]   customer  : mean= 0.978, std= 0.032
[19:14:27] 
======================================================================
[19:14:27] Episode 94/200
[19:14:27] ======================================================================
[19:14:27] 总奖励:  -190.86 | 步数: 24
[19:14:27] 最近10个episodes平均:  -183.94
[19:14:27] 
各Agent奖励:
[19:14:27]   wind      :    3.857
[19:14:27]   solar     :    0.000
[19:14:27]   diesel    :    0.000
[19:14:27]   battery   :    0.115
[19:14:27]   customer  : -194.829
[19:14:27] 
🔌 Main Grid 交易:
[19:14:27]   进口电量:    13.53 kWh
[19:14:27]   出口电量:   453.06 kWh
[19:14:27]   净交易量:  -439.52 kWh
[19:14:27]   平均出清价:   5.99 cents/kWh
[19:14:27]   市场独立度:  87.04%
[19:14:27] 
Buffer大小:  2496
[19:14:27] 噪声水平: 0.0901
[19:14:27] 
动作统计:
[19:14:27]   wind      : mean=-0.018, std= 0.175
[19:14:27]   solar     : mean= 0.198, std= 0.243
[19:14:27]   diesel    : mean=-0.815, std= 0.285
[19:14:27]   battery   : mean= 0.119, std= 0.854
[19:14:27]   customer  : mean= 0.973, std= 0.040
[19:14:28] 
======================================================================
[19:14:28] Episode 95/200
[19:14:28] ======================================================================
[19:14:28] 总奖励:  -183.87 | 步数: 24
[19:14:28] 最近10个episodes平均:  -183.91
[19:14:28] 
各Agent奖励:
[19:14:28]   wind      :    1.020
[19:14:28]   solar     :    0.979
[19:14:28]   diesel    :    0.000
[19:14:28]   battery   :    0.000
[19:14:28]   customer  : -185.869
[19:14:28] 
🔌 Main Grid 交易:
[19:14:28]   进口电量:     0.00 kWh
[19:14:28]   出口电量:   550.30 kWh
[19:14:28]   净交易量:  -550.30 kWh
[19:14:28]   平均出清价:   4.05 cents/kWh
[19:14:28]   市场独立度:  84.71%
[19:14:28] 
Buffer大小:  2520
[19:14:28] 噪声水平: 0.0900
[19:14:28] 
动作统计:
[19:14:28]   wind      : mean=-0.039, std= 0.244
[19:14:28]   solar     : mean= 0.156, std= 0.262
[19:14:28]   diesel    : mean=-0.822, std= 0.291
[19:14:28]   battery   : mean= 0.106, std= 0.859
[19:14:28]   customer  : mean= 0.968, std= 0.049
[19:14:29] 
======================================================================
[19:14:29] Episode 96/200
[19:14:29] ======================================================================
[19:14:29] 总奖励:  -189.46 | 步数: 24
[19:14:29] 最近10个episodes平均:  -184.27
[19:14:29] 
各Agent奖励:
[19:14:29]   wind      :    1.864
[19:14:29]   solar     :    0.939
[19:14:29]   diesel    :    0.000
[19:14:29]   battery   :    0.000
[19:14:29]   customer  : -192.264
[19:14:29] 
🔌 Main Grid 交易:
[19:14:29]   进口电量:     5.79 kWh
[19:14:29]   出口电量:   495.00 kWh
[19:14:29]   净交易量:  -489.21 kWh
[19:14:29]   平均出清价:   5.95 cents/kWh
[19:14:29]   市场独立度:  86.09%
[19:14:29] 
Buffer大小:  2544
[19:14:29] 噪声水平: 0.0899
[19:14:29] 
动作统计:
[19:14:29]   wind      : mean= 0.009, std= 0.251
[19:14:29]   solar     : mean= 0.203, std= 0.238
[19:14:29]   diesel    : mean=-0.832, std= 0.235
[19:14:29]   battery   : mean= 0.129, std= 0.857
[19:14:29]   customer  : mean= 0.974, std= 0.047
[19:14:30] 
======================================================================
[19:14:30] Episode 97/200
[19:14:30] ======================================================================
[19:14:30] 总奖励:  -179.54 | 步数: 24
[19:14:30] 最近10个episodes平均:  -184.03
[19:14:30] 
各Agent奖励:
[19:14:30]   wind      :    7.238
[19:14:30]   solar     :    0.000
[19:14:30]   diesel    :    0.000
[19:14:30]   battery   :    0.000
[19:14:30]   customer  : -186.779
[19:14:30] 
🔌 Main Grid 交易:
[19:14:30]   进口电量:     2.08 kWh
[19:14:30]   出口电量:   478.35 kWh
[19:14:30]   净交易量:  -476.27 kWh
[19:14:30]   平均出清价:   6.25 cents/kWh
[19:14:30]   市场独立度:  86.65%
[19:14:30] 
Buffer大小:  2568
[19:14:30] 噪声水平: 0.0898
[19:14:30] 
动作统计:
[19:14:30]   wind      : mean=-0.062, std= 0.216
[19:14:30]   solar     : mean= 0.182, std= 0.224
[19:14:30]   diesel    : mean=-0.853, std= 0.191
[19:14:30]   battery   : mean= 0.132, std= 0.854
[19:14:30]   customer  : mean= 0.955, std= 0.066
[19:14:31] 
======================================================================
[19:14:31] Episode 98/200
[19:14:31] ======================================================================
[19:14:31] 总奖励:  -186.93 | 步数: 24
[19:14:31] 最近10个episodes平均:  -184.03
[19:14:31] 
各Agent奖励:
[19:14:31]   wind      :    2.657
[19:14:31]   solar     :    2.039
[19:14:31]   diesel    :    0.000
[19:14:31]   battery   :    0.000
[19:14:31]   customer  : -191.626
[19:14:31] 
🔌 Main Grid 交易:
[19:14:31]   进口电量:    12.64 kWh
[19:14:31]   出口电量:   412.63 kWh
[19:14:31]   净交易量:  -399.99 kWh
[19:14:31]   平均出清价:   6.15 cents/kWh
[19:14:31]   市场独立度:  88.19%
[19:14:31] 
Buffer大小:  2592
[19:14:31] 噪声水平: 0.0898
[19:14:31] 
动作统计:
[19:14:31]   wind      : mean=-0.030, std= 0.214
[19:14:31]   solar     : mean= 0.176, std= 0.217
[19:14:31]   diesel    : mean=-0.853, std= 0.190
[19:14:31]   battery   : mean= 0.159, std= 0.815
[19:14:31]   customer  : mean= 0.970, std= 0.045
[19:14:32] 
======================================================================
[19:14:32] Episode 99/200
[19:14:32] ======================================================================
[19:14:32] 总奖励:  -184.03 | 步数: 24
[19:14:32] 最近10个episodes平均:  -184.40
[19:14:32] 
各Agent奖励:
[19:14:32]   wind      :    5.037
[19:14:32]   solar     :    2.611
[19:14:32]   diesel    :    0.000
[19:14:32]   battery   :    0.000
[19:14:32]   customer  : -191.676
[19:14:32] 
🔌 Main Grid 交易:
[19:14:32]   进口电量:     9.15 kWh
[19:14:32]   出口电量:   524.10 kWh
[19:14:32]   净交易量:  -514.94 kWh
[19:14:32]   平均出清价:   6.91 cents/kWh
[19:14:32]   市场独立度:  85.19%
[19:14:32] 
Buffer大小:  2616
[19:14:32] 噪声水平: 0.0897
[19:14:32] 
动作统计:
[19:14:32]   wind      : mean= 0.026, std= 0.276
[19:14:32]   solar     : mean= 0.165, std= 0.232
[19:14:32]   diesel    : mean=-0.803, std= 0.347
[19:14:32]   battery   : mean= 0.133, std= 0.843
[19:14:32]   customer  : mean= 0.973, std= 0.050
[19:14:33] 
======================================================================
[19:14:33] Episode 100/200
[19:14:33] ======================================================================
[19:14:33] 总奖励:  -182.08 | 步数: 24
[19:14:33] 最近10个episodes平均:  -184.31
[19:14:33] 
各Agent奖励:
[19:14:33]   wind      :    2.710
[19:14:33]   solar     :    0.593
[19:14:33]   diesel    :    0.000
[19:14:33]   battery   :    0.000
[19:14:33]   customer  : -185.383
[19:14:33] 
🔌 Main Grid 交易:
[19:14:33]   进口电量:     0.00 kWh
[19:14:33]   出口电量:   512.08 kWh
[19:14:33]   净交易量:  -512.08 kWh
[19:14:33]   平均出清价:   5.69 cents/kWh
[19:14:33]   市场独立度:  85.78%
[19:14:33] 
Buffer大小:  2640
[19:14:33] 噪声水平: 0.0896
[19:14:33] 
动作统计:
[19:14:33]   wind      : mean=-0.039, std= 0.275
[19:14:33]   solar     : mean= 0.229, std= 0.213
[19:14:33]   diesel    : mean=-0.835, std= 0.280
[19:14:33]   battery   : mean= 0.156, std= 0.819
[19:14:33]   customer  : mean= 0.960, std= 0.067
[19:14:33] 
📊 生成可视化图表...
[19:14:33]   ✓ debug_plots/training_ep0100.png
[19:14:33] 💾 保存checkpoint: debug_checkpoints/debug_maddpg_20251203_191300_ep0100.pt
[19:14:34] 
======================================================================
[19:14:34] Episode 101/200
[19:14:34] ======================================================================
[19:14:34] 总奖励:  -179.27 | 步数: 24
[19:14:34] 最近10个episodes平均:  -184.42
[19:14:34] 
各Agent奖励:
[19:14:34]   wind      :    3.465
[19:14:34]   solar     :    0.000
[19:14:34]   diesel    :    0.000
[19:14:34]   battery   :    0.000
[19:14:34]   customer  : -182.737
[19:14:34] 
🔌 Main Grid 交易:
[19:14:34]   进口电量:    26.77 kWh
[19:14:34]   出口电量:   395.31 kWh
[19:14:34]   净交易量:  -368.54 kWh
[19:14:34]   平均出清价:   4.73 cents/kWh
[19:14:34]   市场独立度:  88.28%
[19:14:34] 
Buffer大小:  2664
[19:14:34] 噪声水平: 0.0895
[19:14:34] 
动作统计:
[19:14:34]   wind      : mean=-0.123, std= 0.326
[19:14:34]   solar     : mean= 0.183, std= 0.189
[19:14:34]   diesel    : mean=-0.819, std= 0.305
[19:14:34]   battery   : mean= 0.183, std= 0.798
[19:14:34]   customer  : mean= 0.950, std= 0.056
[19:14:34] 
======================================================================
[19:14:34] Episode 102/200
[19:14:34] ======================================================================
[19:14:34] 总奖励:  -182.52 | 步数: 24
[19:14:34] 最近10个episodes平均:  -184.66
[19:14:34] 
各Agent奖励:
[19:14:34]   wind      :    4.250
[19:14:34]   solar     :    0.326
[19:14:34]   diesel    :    0.000
[19:14:34]   battery   :    0.000
[19:14:34]   customer  : -187.097
[19:14:34] 
🔌 Main Grid 交易:
[19:14:34]   进口电量:    11.27 kWh
[19:14:34]   出口电量:   452.95 kWh
[19:14:34]   净交易量:  -441.67 kWh
[19:14:34]   平均出清价:   4.77 cents/kWh
[19:14:34]   市场独立度:  87.11%
[19:14:34] 
Buffer大小:  2688
[19:14:34] 噪声水平: 0.0894
[19:14:34] 
动作统计:
[19:14:34]   wind      : mean=-0.039, std= 0.219
[19:14:34]   solar     : mean= 0.224, std= 0.199
[19:14:34]   diesel    : mean=-0.816, std= 0.301
[19:14:34]   battery   : mean= 0.179, std= 0.808
[19:14:34]   customer  : mean= 0.970, std= 0.041
[19:14:35] 
======================================================================
[19:14:35] Episode 103/200
[19:14:35] ======================================================================
[19:14:35] 总奖励:  -183.65 | 步数: 24
[19:14:35] 最近10个episodes平均:  -184.22
[19:14:35] 
各Agent奖励:
[19:14:35]   wind      :    5.031
[19:14:35]   solar     :    0.500
[19:14:35]   diesel    :    0.000
[19:14:35]   battery   :    0.000
[19:14:35]   customer  : -189.185
[19:14:35] 
🔌 Main Grid 交易:
[19:14:35]   进口电量:     7.71 kWh
[19:14:35]   出口电量:   444.09 kWh
[19:14:35]   净交易量:  -436.38 kWh
[19:14:35]   平均出清价:   6.22 cents/kWh
[19:14:35]   市场独立度:  87.45%
[19:14:35] 
Buffer大小:  2712
[19:14:35] 噪声水平: 0.0893
[19:14:35] 
动作统计:
[19:14:35]   wind      : mean=-0.007, std= 0.215
[19:14:35]   solar     : mean= 0.154, std= 0.177
[19:14:35]   diesel    : mean=-0.844, std= 0.183
[19:14:35]   battery   : mean= 0.196, std= 0.798
[19:14:35]   customer  : mean= 0.951, std= 0.069
[19:14:36] 
======================================================================
[19:14:36] Episode 104/200
[19:14:36] ======================================================================
[19:14:36] 总奖励:  -179.42 | 步数: 24
[19:14:36] 最近10个episodes平均:  -183.08
[19:14:36] 
各Agent奖励:
[19:14:36]   wind      :    6.686
[19:14:36]   solar     :    1.154
[19:14:36]   diesel    :    0.000
[19:14:36]   battery   :    0.000
[19:14:36]   customer  : -187.255
[19:14:36] 
🔌 Main Grid 交易:
[19:14:36]   进口电量:     9.00 kWh
[19:14:36]   出口电量:   464.47 kWh
[19:14:36]   净交易量:  -455.48 kWh
[19:14:36]   平均出清价:   7.43 cents/kWh
[19:14:36]   市场独立度:  86.85%
[19:14:36] 
Buffer大小:  2736
[19:14:36] 噪声水平: 0.0892
[19:14:36] 
动作统计:
[19:14:36]   wind      : mean=-0.003, std= 0.293
[19:14:36]   solar     : mean= 0.177, std= 0.228
[19:14:36]   diesel    : mean=-0.803, std= 0.333
[19:14:36]   battery   : mean= 0.203, std= 0.778
[19:14:36]   customer  : mean= 0.960, std= 0.056
[19:14:37] 
======================================================================
[19:14:37] Episode 105/200
[19:14:37] ======================================================================
[19:14:37] 总奖励:  -186.27 | 步数: 24
[19:14:37] 最近10个episodes平均:  -183.32
[19:14:37] 
各Agent奖励:
[19:14:37]   wind      :    3.241
[19:14:37]   solar     :    1.017
[19:14:37]   diesel    :    0.000
[19:14:37]   battery   :    0.000
[19:14:37]   customer  : -190.528
[19:14:37] 
🔌 Main Grid 交易:
[19:14:37]   进口电量:     3.45 kWh
[19:14:37]   出口电量:   512.64 kWh
[19:14:37]   净交易量:  -509.19 kWh
[19:14:37]   平均出清价:   4.57 cents/kWh
[19:14:37]   市场独立度:  85.66%
[19:14:37] 
Buffer大小:  2760
[19:14:37] 噪声水平: 0.0891
[19:14:37] 
动作统计:
[19:14:37]   wind      : mean= 0.022, std= 0.214
[19:14:37]   solar     : mean= 0.148, std= 0.180
[19:14:37]   diesel    : mean=-0.804, std= 0.325
[19:14:37]   battery   : mean= 0.185, std= 0.775
[19:14:37]   customer  : mean= 0.973, std= 0.030
[19:14:38] 
======================================================================
[19:14:38] Episode 106/200
[19:14:38] ======================================================================
[19:14:38] 总奖励:  -178.14 | 步数: 24
[19:14:38] 最近10个episodes平均:  -182.18
[19:14:38] 
各Agent奖励:
[19:14:38]   wind      :    8.241
[19:14:38]   solar     :    1.891
[19:14:38]   diesel    :    0.000
[19:14:38]   battery   :    0.000
[19:14:38]   customer  : -188.271
[19:14:38] 
🔌 Main Grid 交易:
[19:14:38]   进口电量:    23.42 kWh
[19:14:38]   出口电量:   470.37 kWh
[19:14:38]   净交易量:  -446.96 kWh
[19:14:38]   平均出清价:   8.71 cents/kWh
[19:14:38]   市场独立度:  86.28%
[19:14:38] 
Buffer大小:  2784
[19:14:38] 噪声水平: 0.0890
[19:14:38] 
动作统计:
[19:14:38]   wind      : mean=-0.015, std= 0.209
[19:14:38]   solar     : mean= 0.113, std= 0.253
[19:14:38]   diesel    : mean=-0.817, std= 0.226
[19:14:38]   battery   : mean= 0.195, std= 0.801
[19:14:38]   customer  : mean= 0.946, std= 0.062
[19:14:39] 
======================================================================
[19:14:39] Episode 107/200
[19:14:39] ======================================================================
[19:14:39] 总奖励:  -183.37 | 步数: 24
[19:14:39] 最近10个episodes平均:  -182.57
[19:14:39] 
各Agent奖励:
[19:14:39]   wind      :    3.417
[19:14:39]   solar     :    0.632
[19:14:39]   diesel    :    0.000
[19:14:39]   battery   :    0.000
[19:14:39]   customer  : -187.416
[19:14:39] 
🔌 Main Grid 交易:
[19:14:39]   进口电量:     0.00 kWh
[19:14:39]   出口电量:   483.35 kWh
[19:14:39]   净交易量:  -483.35 kWh
[19:14:39]   平均出清价:   7.18 cents/kWh
[19:14:39]   市场独立度:  86.57%
[19:14:39] 
Buffer大小:  2808
[19:14:39] 噪声水平: 0.0890
[19:14:39] 
动作统计:
[19:14:39]   wind      : mean= 0.013, std= 0.229
[19:14:39]   solar     : mean= 0.156, std= 0.205
[19:14:39]   diesel    : mean=-0.812, std= 0.316
[19:14:39]   battery   : mean= 0.207, std= 0.776
[19:14:39]   customer  : mean= 0.977, std= 0.036
[19:14:40] 
======================================================================
[19:14:40] Episode 108/200
[19:14:40] ======================================================================
[19:14:40] 总奖励:  -184.81 | 步数: 24
[19:14:40] 最近10个episodes平均:  -182.36
[19:14:40] 
各Agent奖励:
[19:14:40]   wind      :    2.664
[19:14:40]   solar     :    0.000
[19:14:40]   diesel    :    0.000
[19:14:40]   battery   :    0.000
[19:14:40]   customer  : -187.474
[19:14:40] 
🔌 Main Grid 交易:
[19:14:40]   进口电量:     0.00 kWh
[19:14:40]   出口电量:   485.82 kWh
[19:14:40]   净交易量:  -485.82 kWh
[19:14:40]   平均出清价:   5.98 cents/kWh
[19:14:40]   市场独立度:  86.50%
[19:14:40] 
Buffer大小:  2832
[19:14:40] 噪声水平: 0.0889
[19:14:40] 
动作统计:
[19:14:40]   wind      : mean= 0.037, std= 0.142
[19:14:40]   solar     : mean= 0.138, std= 0.252
[19:14:40]   diesel    : mean=-0.838, std= 0.260
[19:14:40]   battery   : mean= 0.214, std= 0.762
[19:14:40]   customer  : mean= 0.983, std= 0.028
[19:14:40] 
======================================================================
[19:14:40] Episode 109/200
[19:14:40] ======================================================================
[19:14:40] 总奖励:  -177.85 | 步数: 24
[19:14:40] 最近10个episodes平均:  -181.74
[19:14:40] 
各Agent奖励:
[19:14:40]   wind      :    3.233
[19:14:40]   solar     :    3.360
[19:14:40]   diesel    :    0.000
[19:14:40]   battery   :    0.000
[19:14:40]   customer  : -184.443
[19:14:40] 
🔌 Main Grid 交易:
[19:14:40]   进口电量:    11.48 kWh
[19:14:40]   出口电量:   534.38 kWh
[19:14:40]   净交易量:  -522.90 kWh
[19:14:40]   平均出清价:   5.58 cents/kWh
[19:14:40]   市场独立度:  84.84%
[19:14:40] 
Buffer大小:  2856
[19:14:40] 噪声水平: 0.0888
[19:14:40] 
动作统计:
[19:14:40]   wind      : mean= 0.019, std= 0.247
[19:14:40]   solar     : mean= 0.197, std= 0.187
[19:14:40]   diesel    : mean=-0.818, std= 0.306
[19:14:40]   battery   : mean= 0.191, std= 0.781
[19:14:40]   customer  : mean= 0.961, std= 0.051
[19:14:41] 
======================================================================
[19:14:41] Episode 110/200
[19:14:41] ======================================================================
[19:14:41] 总奖励:  -181.45 | 步数: 24
[19:14:41] 最近10个episodes平均:  -181.68
[19:14:41] 
各Agent奖励:
[19:14:41]   wind      :    4.546
[19:14:41]   solar     :    0.816
[19:14:41]   diesel    :    0.000
[19:14:41]   battery   :    0.277
[19:14:41]   customer  : -187.093
[19:14:41] 
🔌 Main Grid 交易:
[19:14:41]   进口电量:     5.81 kWh
[19:14:41]   出口电量:   521.48 kWh
[19:14:41]   净交易量:  -515.67 kWh
[19:14:41]   平均出清价:   7.61 cents/kWh
[19:14:41]   市场独立度:  85.35%
[19:14:41] 
Buffer大小:  2880
[19:14:41] 噪声水平: 0.0887
[19:14:41] 
动作统计:
[19:14:41]   wind      : mean= 0.179, std= 0.144
[19:14:41]   solar     : mean= 0.160, std= 0.244
[19:14:41]   diesel    : mean=-0.802, std= 0.314
[19:14:41]   battery   : mean= 0.205, std= 0.781
[19:14:41]   customer  : mean= 0.958, std= 0.054
[19:14:41] 
📊 生成可视化图表...
[19:14:42]   ✓ debug_plots/training_ep0110.png
[19:14:42] 
======================================================================
[19:14:42] Episode 111/200
[19:14:42] ======================================================================
[19:14:42] 总奖励:  -187.42 | 步数: 24
[19:14:42] 最近10个episodes平均:  -182.49
[19:14:42] 
各Agent奖励:
[19:14:42]   wind      :    5.207
[19:14:42]   solar     :    0.169
[19:14:42]   diesel    :    0.000
[19:14:42]   battery   :    0.000
[19:14:42]   customer  : -192.800
[19:14:42] 
🔌 Main Grid 交易:
[19:14:42]   进口电量:     3.45 kWh
[19:14:42]   出口电量:   586.05 kWh
[19:14:42]   净交易量:  -582.60 kWh
[19:14:42]   平均出清价:   7.07 cents/kWh
[19:14:42]   市场独立度:  83.63%
[19:14:42] 
Buffer大小:  2904
[19:14:42] 噪声水平: 0.0886
[19:14:42] 
动作统计:
[19:14:42]   wind      : mean= 0.097, std= 0.219
[19:14:42]   solar     : mean= 0.166, std= 0.227
[19:14:42]   diesel    : mean=-0.843, std= 0.204
[19:14:42]   battery   : mean= 0.207, std= 0.795
[19:14:42]   customer  : mean= 0.971, std= 0.058
[19:14:43] 
======================================================================
[19:14:43] Episode 112/200
[19:14:43] ======================================================================
[19:14:43] 总奖励:  -182.67 | 步数: 24
[19:14:43] 最近10个episodes平均:  -182.51
[19:14:43] 
各Agent奖励:
[19:14:43]   wind      :    2.954
[19:14:43]   solar     :    0.939
[19:14:43]   diesel    :    0.000
[19:14:43]   battery   :    0.000
[19:14:43]   customer  : -186.562
[19:14:43] 
🔌 Main Grid 交易:
[19:14:43]   进口电量:     0.00 kWh
[19:14:43]   出口电量:   544.20 kWh
[19:14:43]   净交易量:  -544.20 kWh
[19:14:43]   平均出清价:   4.29 cents/kWh
[19:14:43]   市场独立度:  84.88%
[19:14:43] 
Buffer大小:  2928
[19:14:43] 噪声水平: 0.0885
[19:14:43] 
动作统计:
[19:14:43]   wind      : mean= 0.116, std= 0.195
[19:14:43]   solar     : mean=-0.006, std= 0.285
[19:14:43]   diesel    : mean=-0.855, std= 0.169
[19:14:43]   battery   : mean= 0.207, std= 0.764
[19:14:43]   customer  : mean= 0.962, std= 0.048
[19:14:44] 
======================================================================
[19:14:44] Episode 113/200
[19:14:44] ======================================================================
[19:14:44] 总奖励:  -184.99 | 步数: 24
[19:14:44] 最近10个episodes平均:  -182.64
[19:14:44] 
各Agent奖励:
[19:14:44]   wind      :    6.209
[19:14:44]   solar     :    0.000
[19:14:44]   diesel    :    0.000
[19:14:44]   battery   :    0.000
[19:14:44]   customer  : -191.203
[19:14:44] 
🔌 Main Grid 交易:
[19:14:44]   进口电量:    15.83 kWh
[19:14:44]   出口电量:   504.22 kWh
[19:14:44]   净交易量:  -488.39 kWh
[19:14:44]   平均出清价:   7.83 cents/kWh
[19:14:44]   市场独立度:  85.55%
[19:14:44] 
Buffer大小:  2952
[19:14:44] 噪声水平: 0.0884
[19:14:44] 
动作统计:
[19:14:44]   wind      : mean= 0.113, std= 0.191
[19:14:44]   solar     : mean= 0.201, std= 0.225
[19:14:44]   diesel    : mean=-0.832, std= 0.232
[19:14:44]   battery   : mean= 0.194, std= 0.779
[19:14:44]   customer  : mean= 0.958, std= 0.051
[19:14:45] 
======================================================================
[19:14:45] Episode 114/200
[19:14:45] ======================================================================
[19:14:45] 总奖励:  -190.23 | 步数: 24
[19:14:45] 最近10个episodes平均:  -183.72
[19:14:45] 
各Agent奖励:
[19:14:45]   wind      :    1.606
[19:14:45]   solar     :    1.798
[19:14:45]   diesel    :    0.000
[19:14:45]   battery   :    0.000
[19:14:45]   customer  : -193.632
[19:14:45] 
🔌 Main Grid 交易:
[19:14:45]   进口电量:     0.00 kWh
[19:14:45]   出口电量:   506.34 kWh
[19:14:45]   净交易量:  -506.34 kWh
[19:14:45]   平均出清价:   5.64 cents/kWh
[19:14:45]   市场独立度:  85.94%
[19:14:45] 
Buffer大小:  2976
[19:14:45] 噪声水平: 0.0883
[19:14:45] 
动作统计:
[19:14:45]   wind      : mean= 0.032, std= 0.151
[19:14:45]   solar     : mean= 0.179, std= 0.230
[19:14:45]   diesel    : mean=-0.810, std= 0.309
[19:14:45]   battery   : mean= 0.176, std= 0.792
[19:14:45]   customer  : mean= 0.985, std= 0.029
[19:14:46] 
======================================================================
[19:14:46] Episode 115/200
[19:14:46] ======================================================================
[19:14:46] 总奖励:  -185.51 | 步数: 24
[19:14:46] 最近10个episodes平均:  -183.64
[19:14:46] 
各Agent奖励:
[19:14:46]   wind      :    3.479
[19:14:46]   solar     :    1.035
[19:14:46]   diesel    :    0.000
[19:14:46]   battery   :    0.000
[19:14:46]   customer  : -190.026
[19:14:46] 
🔌 Main Grid 交易:
[19:14:46]   进口电量:     0.45 kWh
[19:14:46]   出口电量:   422.25 kWh
[19:14:46]   净交易量:  -421.80 kWh
[19:14:46]   平均出清价:   6.94 cents/kWh
[19:14:46]   市场独立度:  88.26%
[19:14:46] 
Buffer大小:  3000
[19:14:46] 噪声水平: 0.0882
[19:14:46] 
动作统计:
[19:14:46]   wind      : mean= 0.088, std= 0.179
[19:14:46]   solar     : mean= 0.102, std= 0.254
[19:14:46]   diesel    : mean=-0.808, std= 0.328
[19:14:46]   battery   : mean= 0.201, std= 0.805
[19:14:46]   customer  : mean= 0.965, std= 0.042
[19:14:47] 
======================================================================
[19:14:47] Episode 116/200
[19:14:47] ======================================================================
[19:14:47] 总奖励:  -181.44 | 步数: 24
[19:14:47] 最近10个episodes平均:  -183.98
[19:14:47] 
各Agent奖励:
[19:14:47]   wind      :    3.420
[19:14:47]   solar     :    0.000
[19:14:47]   diesel    :    0.000
[19:14:47]   battery   :    0.000
[19:14:47]   customer  : -184.864
[19:14:47] 
🔌 Main Grid 交易:
[19:14:47]   进口电量:     0.00 kWh
[19:14:47]   出口电量:   595.59 kWh
[19:14:47]   净交易量:  -595.59 kWh
[19:14:47]   平均出清价:   6.80 cents/kWh
[19:14:47]   市场独立度:  83.46%
[19:14:47] 
Buffer大小:  3024
[19:14:47] 噪声水平: 0.0882
[19:14:47] 
动作统计:
[19:14:47]   wind      : mean= 0.070, std= 0.203
[19:14:47]   solar     : mean= 0.203, std= 0.217
[19:14:47]   diesel    : mean=-0.810, std= 0.322
[19:14:47]   battery   : mean= 0.170, std= 0.822
[19:14:47]   customer  : mean= 0.979, std= 0.034
[19:14:47] 
======================================================================
[19:14:47] Episode 117/200
[19:14:47] ======================================================================
[19:14:47] 总奖励:  -193.41 | 步数: 24
[19:14:47] 最近10个episodes平均:  -184.98
[19:14:47] 
各Agent奖励:
[19:14:47]   wind      :    2.723
[19:14:47]   solar     :    0.113
[19:14:47]   diesel    :    0.000
[19:14:47]   battery   :    0.000
[19:14:47]   customer  : -196.246
[19:14:47] 
🔌 Main Grid 交易:
[19:14:47]   进口电量:     0.18 kWh
[19:14:47]   出口电量:   586.66 kWh
[19:14:47]   净交易量:  -586.48 kWh
[19:14:47]   平均出清价:   7.32 cents/kWh
[19:14:47]   市场独立度:  83.70%
[19:14:47] 
Buffer大小:  3048
[19:14:47] 噪声水平: 0.0881
[19:14:47] 
动作统计:
[19:14:47]   wind      : mean= 0.060, std= 0.176
[19:14:47]   solar     : mean= 0.150, std= 0.257
[19:14:47]   diesel    : mean=-0.799, std= 0.355
[19:14:47]   battery   : mean= 0.186, std= 0.812
[19:14:47]   customer  : mean= 0.981, std= 0.027
[19:14:48] 
======================================================================
[19:14:48] Episode 118/200
[19:14:48] ======================================================================
[19:14:48] 总奖励:  -189.12 | 步数: 24
[19:14:48] 最近10个episodes平均:  -185.41
[19:14:48] 
各Agent奖励:
[19:14:48]   wind      :    1.423
[19:14:48]   solar     :    2.528
[19:14:48]   diesel    :    0.000
[19:14:48]   battery   :    0.000
[19:14:48]   customer  : -193.072
[19:14:48] 
🔌 Main Grid 交易:
[19:14:48]   进口电量:     0.00 kWh
[19:14:48]   出口电量:   502.85 kWh
[19:14:48]   净交易量:  -502.85 kWh
[19:14:48]   平均出清价:   7.45 cents/kWh
[19:14:48]   市场独立度:  86.03%
[19:14:48] 
Buffer大小:  3072
[19:14:48] 噪声水平: 0.0880
[19:14:48] 
动作统计:
[19:14:48]   wind      : mean= 0.008, std= 0.243
[19:14:48]   solar     : mean= 0.114, std= 0.232
[19:14:48]   diesel    : mean=-0.803, std= 0.330
[19:14:48]   battery   : mean= 0.201, std= 0.787
[19:14:48]   customer  : mean= 0.977, std= 0.042
[19:14:49] 
======================================================================
[19:14:49] Episode 119/200
[19:14:49] ======================================================================
[19:14:49] 总奖励:  -177.06 | 步数: 24
[19:14:49] 最近10个episodes平均:  -185.33
[19:14:49] 
各Agent奖励:
[19:14:49]   wind      :    6.406
[19:14:49]   solar     :    2.935
[19:14:49]   diesel    :    0.000
[19:14:49]   battery   :    0.000
[19:14:49]   customer  : -186.401
[19:14:49] 
🔌 Main Grid 交易:
[19:14:49]   进口电量:     1.51 kWh
[19:14:49]   出口电量:   414.11 kWh
[19:14:49]   净交易量:  -412.60 kWh
[19:14:49]   平均出清价:   6.55 cents/kWh
[19:14:49]   市场独立度:  88.46%
[19:14:49] 
Buffer大小:  3096
[19:14:49] 噪声水平: 0.0879
[19:14:49] 
动作统计:
[19:14:49]   wind      : mean=-0.040, std= 0.218
[19:14:49]   solar     : mean= 0.159, std= 0.258
[19:14:49]   diesel    : mean=-0.823, std= 0.234
[19:14:49]   battery   : mean= 0.175, std= 0.801
[19:14:49]   customer  : mean= 0.954, std= 0.043
[19:14:50] 
======================================================================
[19:14:50] Episode 120/200
[19:14:50] ======================================================================
[19:14:50] 总奖励:  -180.03 | 步数: 24
[19:14:50] 最近10个episodes平均:  -185.19
[19:14:50] 
各Agent奖励:
[19:14:50]   wind      :    4.375
[19:14:50]   solar     :    1.171
[19:14:50]   diesel    :    0.000
[19:14:50]   battery   :    0.000
[19:14:50]   customer  : -185.580
[19:14:50] 
🔌 Main Grid 交易:
[19:14:50]   进口电量:     7.62 kWh
[19:14:50]   出口电量:   445.69 kWh
[19:14:50]   净交易量:  -438.07 kWh
[19:14:50]   平均出清价:   5.68 cents/kWh
[19:14:50]   市场独立度:  87.41%
[19:14:50] 
Buffer大小:  3120
[19:14:50] 噪声水平: 0.0878
[19:14:50] 
动作统计:
[19:14:50]   wind      : mean= 0.018, std= 0.272
[19:14:50]   solar     : mean= 0.155, std= 0.283
[19:14:50]   diesel    : mean=-0.809, std= 0.252
[19:14:50]   battery   : mean= 0.175, std= 0.803
[19:14:50]   customer  : mean= 0.960, std= 0.052
[19:14:50] 
📊 生成可视化图表...
[19:14:50]   ✓ debug_plots/training_ep0120.png
[19:14:51] 
======================================================================
[19:14:51] Episode 121/200
[19:14:51] ======================================================================
[19:14:51] 总奖励:  -174.39 | 步数: 24
[19:14:51] 最近10个episodes平均:  -183.89
[19:14:51] 
各Agent奖励:
[19:14:51]   wind      :    7.689
[19:14:51]   solar     :    0.791
[19:14:51]   diesel    :    0.000
[19:14:51]   battery   :    0.000
[19:14:51]   customer  : -182.873
[19:14:51] 
🔌 Main Grid 交易:
[19:14:51]   进口电量:    13.72 kWh
[19:14:51]   出口电量:   501.16 kWh
[19:14:51]   净交易量:  -487.44 kWh
[19:14:51]   平均出清价:   6.60 cents/kWh
[19:14:51]   市场独立度:  85.70%
[19:14:51] 
Buffer大小:  3144
[19:14:51] 噪声水平: 0.0877
[19:14:51] 
动作统计:
[19:14:51]   wind      : mean=-0.014, std= 0.237
[19:14:51]   solar     : mean= 0.221, std= 0.251
[19:14:51]   diesel    : mean=-0.796, std= 0.294
[19:14:51]   battery   : mean= 0.175, std= 0.799
[19:14:51]   customer  : mean= 0.950, std= 0.051
[19:14:52] 
======================================================================
[19:14:52] Episode 122/200
[19:14:52] ======================================================================
[19:14:52] 总奖励:  -186.14 | 步数: 24
[19:14:52] 最近10个episodes平均:  -184.23
[19:14:52] 
各Agent奖励:
[19:14:52]   wind      :    4.589
[19:14:52]   solar     :    1.195
[19:14:52]   diesel    :    0.000
[19:14:52]   battery   :    0.000
[19:14:52]   customer  : -191.927
[19:14:52] 
🔌 Main Grid 交易:
[19:14:52]   进口电量:     1.02 kWh
[19:14:52]   出口电量:   622.56 kWh
[19:14:52]   净交易量:  -621.54 kWh
[19:14:52]   平均出清价:   6.44 cents/kWh
[19:14:52]   市场独立度:  82.68%
[19:14:52] 
Buffer大小:  3168
[19:14:52] 噪声水平: 0.0876
[19:14:52] 
动作统计:
[19:14:52]   wind      : mean= 0.018, std= 0.194
[19:14:52]   solar     : mean= 0.171, std= 0.299
[19:14:52]   diesel    : mean=-0.799, std= 0.347
[19:14:52]   battery   : mean= 0.172, std= 0.802
[19:14:52]   customer  : mean= 0.969, std= 0.047
[19:14:53] 
======================================================================
[19:14:53] Episode 123/200
[19:14:53] ======================================================================
[19:14:53] 总奖励:  -186.49 | 步数: 24
[19:14:53] 最近10个episodes平均:  -184.38
[19:14:53] 
各Agent奖励:
[19:14:53]   wind      :    2.587
[19:14:53]   solar     :    0.000
[19:14:53]   diesel    :    0.000
[19:14:53]   battery   :    0.000
[19:14:53]   customer  : -189.080
[19:14:53] 
🔌 Main Grid 交易:
[19:14:53]   进口电量:     6.61 kWh
[19:14:53]   出口电量:   448.43 kWh
[19:14:53]   净交易量:  -441.82 kWh
[19:14:53]   平均出清价:   6.95 cents/kWh
[19:14:53]   市场独立度:  87.36%
[19:14:53] 
Buffer大小:  3192
[19:14:53] 噪声水平: 0.0875
[19:14:53] 
动作统计:
[19:14:53]   wind      : mean= 0.049, std= 0.196
[19:14:53]   solar     : mean= 0.215, std= 0.229
[19:14:53]   diesel    : mean=-0.802, std= 0.327
[19:14:53]   battery   : mean= 0.210, std= 0.777
[19:14:53]   customer  : mean= 0.978, std= 0.036
[19:14:53] 
======================================================================
[19:14:53] Episode 124/200
[19:14:53] ======================================================================
[19:14:53] 总奖励:  -182.30 | 步数: 24
[19:14:53] 最近10个episodes平均:  -183.59
[19:14:53] 
各Agent奖励:
[19:14:53]   wind      :    6.497
[19:14:53]   solar     :    0.000
[19:14:53]   diesel    :    0.000
[19:14:53]   battery   :    0.000
[19:14:53]   customer  : -188.799
[19:14:53] 
🔌 Main Grid 交易:
[19:14:53]   进口电量:    10.17 kWh
[19:14:53]   出口电量:   506.14 kWh
[19:14:53]   净交易量:  -495.97 kWh
[19:14:53]   平均出清价:   7.68 cents/kWh
[19:14:53]   市场独立度:  85.66%
[19:14:53] 
Buffer大小:  3216
[19:14:53] 噪声水平: 0.0875
[19:14:53] 
动作统计:
[19:14:53]   wind      : mean= 0.056, std= 0.232
[19:14:53]   solar     : mean= 0.177, std= 0.211
[19:14:53]   diesel    : mean=-0.834, std= 0.250
[19:14:53]   battery   : mean= 0.223, std= 0.768
[19:14:53]   customer  : mean= 0.969, std= 0.047
[19:14:54] 
======================================================================
[19:14:54] Episode 125/200
[19:14:54] ======================================================================
[19:14:54] 总奖励:  -184.52 | 步数: 24
[19:14:54] 最近10个episodes平均:  -183.49
[19:14:54] 
各Agent奖励:
[19:14:54]   wind      :    3.967
[19:14:54]   solar     :    0.000
[19:14:54]   diesel    :    0.000
[19:14:54]   battery   :    0.134
[19:14:54]   customer  : -188.620
[19:14:54] 
🔌 Main Grid 交易:
[19:14:54]   进口电量:    28.81 kWh
[19:14:54]   出口电量:   509.14 kWh
[19:14:54]   净交易量:  -480.32 kWh
[19:14:54]   平均出清价:   6.57 cents/kWh
[19:14:54]   市场独立度:  85.06%
[19:14:54] 
Buffer大小:  3240
[19:14:54] 噪声水平: 0.0874
[19:14:54] 
动作统计:
[19:14:54]   wind      : mean= 0.065, std= 0.199
[19:14:54]   solar     : mean= 0.224, std= 0.221
[19:14:54]   diesel    : mean=-0.859, std= 0.158
[19:14:54]   battery   : mean= 0.210, std= 0.777
[19:14:54]   customer  : mean= 0.959, std= 0.050
[19:14:55] 
======================================================================
[19:14:55] Episode 126/200
[19:14:55] ======================================================================
[19:14:55] 总奖励:  -180.64 | 步数: 24
[19:14:55] 最近10个episodes平均:  -183.41
[19:14:55] 
各Agent奖励:
[19:14:55]   wind      :    8.644
[19:14:55]   solar     :    3.194
[19:14:55]   diesel    :    0.000
[19:14:55]   battery   :    0.000
[19:14:55]   customer  : -192.482
[19:14:55] 
🔌 Main Grid 交易:
[19:14:55]   进口电量:    17.82 kWh
[19:14:55]   出口电量:   420.60 kWh
[19:14:55]   净交易量:  -402.78 kWh
[19:14:55]   平均出清价:   6.95 cents/kWh
[19:14:55]   市场独立度:  87.82%
[19:14:55] 
Buffer大小:  3264
[19:14:55] 噪声水平: 0.0873
[19:14:55] 
动作统计:
[19:14:55]   wind      : mean=-0.025, std= 0.325
[19:14:55]   solar     : mean= 0.064, std= 0.376
[19:14:55]   diesel    : mean=-0.856, std= 0.193
[19:14:55]   battery   : mean= 0.197, std= 0.789
[19:14:55]   customer  : mean= 0.942, std= 0.070
[19:14:56] 
======================================================================
[19:14:56] Episode 127/200
[19:14:56] ======================================================================
[19:14:56] 总奖励:  -182.14 | 步数: 24
[19:14:56] 最近10个episodes平均:  -182.28
[19:14:56] 
各Agent奖励:
[19:14:56]   wind      :    2.378
[19:14:56]   solar     :    1.312
[19:14:56]   diesel    :    0.000
[19:14:56]   battery   :    0.000
[19:14:56]   customer  : -185.828
[19:14:56] 
🔌 Main Grid 交易:
[19:14:56]   进口电量:     0.00 kWh
[19:14:56]   出口电量:   558.74 kWh
[19:14:56]   净交易量:  -558.74 kWh
[19:14:56]   平均出清价:   6.84 cents/kWh
[19:14:56]   市场独立度:  84.48%
[19:14:56] 
Buffer大小:  3288
[19:14:56] 噪声水平: 0.0872
[19:14:56] 
动作统计:
[19:14:56]   wind      : mean= 0.108, std= 0.231
[19:14:56]   solar     : mean= 0.106, std= 0.209
[19:14:56]   diesel    : mean=-0.840, std= 0.208
[19:14:56]   battery   : mean= 0.177, std= 0.797
[19:14:56]   customer  : mean= 0.974, std= 0.036
[19:14:57] 
======================================================================
[19:14:57] Episode 128/200
[19:14:57] ======================================================================
[19:14:57] 总奖励:  -180.21 | 步数: 24
[19:14:57] 最近10个episodes平均:  -181.39
[19:14:57] 
各Agent奖励:
[19:14:57]   wind      :    6.417
[19:14:57]   solar     :    2.653
[19:14:57]   diesel    :    0.000
[19:14:57]   battery   :    0.000
[19:14:57]   customer  : -189.285
[19:14:57] 
🔌 Main Grid 交易:
[19:14:57]   进口电量:    15.67 kWh
[19:14:57]   出口电量:   476.91 kWh
[19:14:57]   净交易量:  -461.24 kWh
[19:14:57]   平均出清价:   6.29 cents/kWh
[19:14:57]   市场独立度:  86.32%
[19:14:57] 
Buffer大小:  3312
[19:14:57] 噪声水平: 0.0871
[19:14:57] 
动作统计:
[19:14:57]   wind      : mean= 0.019, std= 0.242
[19:14:57]   solar     : mean= 0.084, std= 0.289
[19:14:57]   diesel    : mean=-0.866, std= 0.171
[19:14:57]   battery   : mean= 0.193, std= 0.792
[19:14:57]   customer  : mean= 0.952, std= 0.061
[19:14:58] 
======================================================================
[19:14:58] Episode 129/200
[19:14:58] ======================================================================
[19:14:58] 总奖励:  -186.29 | 步数: 24
[19:14:58] 最近10个episodes平均:  -182.32
[19:14:58] 
各Agent奖励:
[19:14:58]   wind      :    2.123
[19:14:58]   solar     :    0.629
[19:14:58]   diesel    :    0.000
[19:14:58]   battery   :    0.000
[19:14:58]   customer  : -189.043
[19:14:58] 
🔌 Main Grid 交易:
[19:14:58]   进口电量:     0.00 kWh
[19:14:58]   出口电量:   428.85 kWh
[19:14:58]   净交易量:  -428.85 kWh
[19:14:58]   平均出清价:   3.56 cents/kWh
[19:14:58]   市场独立度:  88.09%
[19:14:58] 
Buffer大小:  3336
[19:14:58] 噪声水平: 0.0870
[19:14:58] 
动作统计:
[19:14:58]   wind      : mean= 0.012, std= 0.232
[19:14:58]   solar     : mean= 0.188, std= 0.209
[19:14:58]   diesel    : mean=-0.868, std= 0.156
[19:14:58]   battery   : mean= 0.214, std= 0.774
[19:14:58]   customer  : mean= 0.975, std= 0.047
[19:14:59] 
======================================================================
[19:14:59] Episode 130/200
[19:14:59] ======================================================================
[19:14:59] 总奖励:  -185.06 | 步数: 24
[19:14:59] 最近10个episodes平均:  -182.82
[19:14:59] 
各Agent奖励:
[19:14:59]   wind      :    4.838
[19:14:59]   solar     :    0.183
[19:14:59]   diesel    :    0.000
[19:14:59]   battery   :    0.000
[19:14:59]   customer  : -190.077
[19:14:59] 
🔌 Main Grid 交易:
[19:14:59]   进口电量:     0.00 kWh
[19:14:59]   出口电量:   516.09 kWh
[19:14:59]   净交易量:  -516.09 kWh
[19:14:59]   平均出清价:   7.21 cents/kWh
[19:14:59]   市场独立度:  85.66%
[19:14:59] 
Buffer大小:  3360
[19:14:59] 噪声水平: 0.0869
[19:14:59] 
动作统计:
[19:14:59]   wind      : mean= 0.051, std= 0.226
[19:14:59]   solar     : mean= 0.154, std= 0.193
[19:14:59]   diesel    : mean=-0.822, std= 0.241
[19:14:59]   battery   : mean= 0.180, std= 0.812
[19:14:59]   customer  : mean= 0.970, std= 0.034
[19:14:59] 
📊 生成可视化图表...
[19:14:59]   ✓ debug_plots/training_ep0130.png
[19:15:00] 
======================================================================
[19:15:00] Episode 131/200
[19:15:00] ======================================================================
[19:15:00] 总奖励:  -186.60 | 步数: 24
[19:15:00] 最近10个episodes平均:  -184.04
[19:15:00] 
各Agent奖励:
[19:15:00]   wind      :    3.414
[19:15:00]   solar     :    0.445
[19:15:00]   diesel    :    0.000
[19:15:00]   battery   :    0.000
[19:15:00]   customer  : -190.463
[19:15:00] 
🔌 Main Grid 交易:
[19:15:00]   进口电量:     6.70 kWh
[19:15:00]   出口电量:   575.05 kWh
[19:15:00]   净交易量:  -568.34 kWh
[19:15:00]   平均出清价:   6.94 cents/kWh
[19:15:00]   市场独立度:  83.84%
[19:15:00] 
Buffer大小:  3384
[19:15:00] 噪声水平: 0.0868
[19:15:00] 
动作统计:
[19:15:00]   wind      : mean= 0.079, std= 0.251
[19:15:00]   solar     : mean= 0.155, std= 0.261
[19:15:00]   diesel    : mean=-0.774, std= 0.389
[19:15:00]   battery   : mean= 0.186, std= 0.802
[19:15:00]   customer  : mean= 0.970, std= 0.047
[19:15:01] 
======================================================================
[19:15:01] Episode 132/200
[19:15:01] ======================================================================
[19:15:01] 总奖励:  -182.22 | 步数: 24
[19:15:01] 最近10个episodes平均:  -183.65
[19:15:01] 
各Agent奖励:
[19:15:01]   wind      :    5.618
[19:15:01]   solar     :    0.454
[19:15:01]   diesel    :    0.000
[19:15:01]   battery   :    0.537
[19:15:01]   customer  : -188.833
[19:15:01] 
🔌 Main Grid 交易:
[19:15:01]   进口电量:     9.35 kWh
[19:15:01]   出口电量:   414.68 kWh
[19:15:01]   净交易量:  -405.33 kWh
[19:15:01]   平均出清价:   6.11 cents/kWh
[19:15:01]   市场独立度:  88.22%
[19:15:01] 
Buffer大小:  3408
[19:15:01] 噪声水平: 0.0868
[19:15:01] 
动作统计:
[19:15:01]   wind      : mean=-0.026, std= 0.327
[19:15:01]   solar     : mean= 0.146, std= 0.162
[19:15:01]   diesel    : mean=-0.817, std= 0.225
[19:15:01]   battery   : mean= 0.167, std= 0.803
[19:15:01]   customer  : mean= 0.965, std= 0.057
[19:15:02] 
======================================================================
[19:15:02] Episode 133/200
[19:15:02] ======================================================================
[19:15:02] 总奖励:  -182.22 | 步数: 24
[19:15:02] 最近10个episodes平均:  -183.22
[19:15:02] 
各Agent奖励:
[19:15:02]   wind      :    3.304
[19:15:02]   solar     :    1.732
[19:15:02]   diesel    :    0.000
[19:15:02]   battery   :    0.000
[19:15:02]   customer  : -187.259
[19:15:02] 
🔌 Main Grid 交易:
[19:15:02]   进口电量:     0.00 kWh
[19:15:02]   出口电量:   570.24 kWh
[19:15:02]   净交易量:  -570.24 kWh
[19:15:02]   平均出清价:   6.48 cents/kWh
[19:15:02]   市场独立度:  84.16%
[19:15:02] 
Buffer大小:  3432
[19:15:02] 噪声水平: 0.0867
[19:15:02] 
动作统计:
[19:15:02]   wind      : mean= 0.112, std= 0.243
[19:15:02]   solar     : mean= 0.146, std= 0.216
[19:15:02]   diesel    : mean=-0.785, std= 0.378
[19:15:02]   battery   : mean= 0.178, std= 0.810
[19:15:02]   customer  : mean= 0.976, std= 0.051
[19:15:03] 
======================================================================
[19:15:03] Episode 134/200
[19:15:03] ======================================================================
[19:15:03] 总奖励:  -175.09 | 步数: 24
[19:15:03] 最近10个episodes平均:  -182.50
[19:15:03] 
各Agent奖励:
[19:15:03]   wind      :    9.928
[19:15:03]   solar     :    0.903
[19:15:03]   diesel    :    0.000
[19:15:03]   battery   :    0.000
[19:15:03]   customer  : -185.924
[19:15:03] 
🔌 Main Grid 交易:
[19:15:03]   进口电量:    10.77 kWh
[19:15:03]   出口电量:   403.35 kWh
[19:15:03]   净交易量:  -392.58 kWh
[19:15:03]   平均出清价:   5.58 cents/kWh
[19:15:03]   市场独立度:  88.50%
[19:15:03] 
Buffer大小:  3456
[19:15:03] 噪声水平: 0.0866
[19:15:03] 
动作统计:
[19:15:03]   wind      : mean=-0.184, std= 0.325
[19:15:03]   solar     : mean= 0.149, std= 0.214
[19:15:03]   diesel    : mean=-0.763, std= 0.385
[19:15:03]   battery   : mean= 0.184, std= 0.811
[19:15:03]   customer  : mean= 0.931, std= 0.071
[19:15:04] 
======================================================================
[19:15:04] Episode 135/200
[19:15:04] ======================================================================
[19:15:04] 总奖励:  -180.92 | 步数: 24
[19:15:04] 最近10个episodes平均:  -182.14
[19:15:04] 
各Agent奖励:
[19:15:04]   wind      :    7.379
[19:15:04]   solar     :    1.002
[19:15:04]   diesel    :    0.000
[19:15:04]   battery   :    0.064
[19:15:04]   customer  : -189.363
[19:15:04] 
🔌 Main Grid 交易:
[19:15:04]   进口电量:    18.73 kWh
[19:15:04]   出口电量:   588.13 kWh
[19:15:04]   净交易量:  -569.39 kWh
[19:15:04]   平均出清价:   9.53 cents/kWh
[19:15:04]   市场独立度:  83.14%
[19:15:04] 
Buffer大小:  3480
[19:15:04] 噪声水平: 0.0865
[19:15:04] 
动作统计:
[19:15:04]   wind      : mean= 0.080, std= 0.250
[19:15:04]   solar     : mean= 0.108, std= 0.273
[19:15:04]   diesel    : mean=-0.761, std= 0.395
[19:15:04]   battery   : mean= 0.197, std= 0.773
[19:15:04]   customer  : mean= 0.958, std= 0.054
[19:15:05] 
======================================================================
[19:15:05] Episode 136/200
[19:15:05] ======================================================================
[19:15:05] 总奖励:  -186.06 | 步数: 24
[19:15:05] 最近10个episodes平均:  -182.68
[19:15:05] 
各Agent奖励:
[19:15:05]   wind      :    1.566
[19:15:05]   solar     :    0.350
[19:15:05]   diesel    :    0.000
[19:15:05]   battery   :    0.000
[19:15:05]   customer  : -187.975
[19:15:05] 
🔌 Main Grid 交易:
[19:15:05]   进口电量:     4.21 kWh
[19:15:05]   出口电量:   509.52 kWh
[19:15:05]   净交易量:  -505.31 kWh
[19:15:05]   平均出清价:   5.45 cents/kWh
[19:15:05]   市场独立度:  85.73%
[19:15:05] 
Buffer大小:  3504
[19:15:05] 噪声水平: 0.0864
[19:15:05] 
动作统计:
[19:15:05]   wind      : mean= 0.052, std= 0.226
[19:15:05]   solar     : mean= 0.146, std= 0.223
[19:15:05]   diesel    : mean=-0.784, std= 0.353
[19:15:05]   battery   : mean= 0.216, std= 0.756
[19:15:05]   customer  : mean= 0.974, std= 0.035
[19:15:06] 
======================================================================
[19:15:06] Episode 137/200
[19:15:06] ======================================================================
[19:15:06] 总奖励:  -175.95 | 步数: 24
[19:15:06] 最近10个episodes平均:  -182.06
[19:15:06] 
各Agent奖励:
[19:15:06]   wind      :   13.392
[19:15:06]   solar     :    1.232
[19:15:06]   diesel    :    0.000
[19:15:06]   battery   :    1.127
[19:15:06]   customer  : -191.704
[19:15:06] 
🔌 Main Grid 交易:
[19:15:06]   进口电量:   102.46 kWh
[19:15:06]   出口电量:   486.74 kWh
[19:15:06]   净交易量:  -384.28 kWh
[19:15:06]   平均出清价:   8.49 cents/kWh
[19:15:06]   市场独立度:  83.63%
[19:15:06] 
Buffer大小:  3528
[19:15:06] 噪声水平: 0.0863
[19:15:06] 
动作统计:
[19:15:06]   wind      : mean=-0.079, std= 0.390
[19:15:06]   solar     : mean= 0.153, std= 0.221
[19:15:06]   diesel    : mean=-0.706, std= 0.500
[19:15:06]   battery   : mean= 0.220, std= 0.764
[19:15:06]   customer  : mean= 0.885, std= 0.224
[19:15:07] 
======================================================================
[19:15:07] Episode 138/200
[19:15:07] ======================================================================
[19:15:07] 总奖励:  -177.40 | 步数: 24
[19:15:07] 最近10个episodes平均:  -181.78
[19:15:07] 
各Agent奖励:
[19:15:07]   wind      :   20.156
[19:15:07]   solar     :    1.524
[19:15:07]   diesel    :   -6.120
[19:15:07]   battery   :    0.000
[19:15:07]   customer  : -192.961
[19:15:07] 
🔌 Main Grid 交易:
[19:15:07]   进口电量:   113.18 kWh
[19:15:07]   出口电量:   416.09 kWh
[19:15:07]   净交易量:  -302.91 kWh
[19:15:07]   平均出清价:   7.28 cents/kWh
[19:15:07]   市场独立度:  85.30%
[19:15:07] 
Buffer大小:  3552
[19:15:07] 噪声水平: 0.0862
[19:15:07] 
动作统计:
[19:15:07]   wind      : mean=-0.155, std= 0.486
[19:15:07]   solar     : mean= 0.176, std= 0.244
[19:15:07]   diesel    : mean=-0.370, std= 0.725
[19:15:07]   battery   : mean= 0.202, std= 0.797
[19:15:07]   customer  : mean= 0.655, std= 0.582
[19:15:08] 
======================================================================
[19:15:08] Episode 139/200
[19:15:08] ======================================================================
[19:15:08] 总奖励:  -182.14 | 步数: 24
[19:15:08] 最近10个episodes平均:  -181.37
[19:15:08] 
各Agent奖励:
[19:15:08]   wind      :   22.364
[19:15:08]   solar     :    2.472
[19:15:08]   diesel    :    0.000
[19:15:08]   battery   :    3.719
[19:15:08]   customer  : -210.692
[19:15:08] 
🔌 Main Grid 交易:
[19:15:08]   进口电量:   244.88 kWh
[19:15:08]   出口电量:   473.01 kWh
[19:15:08]   净交易量:  -228.14 kWh
[19:15:08]   平均出清价:  11.29 cents/kWh
[19:15:08]   市场独立度:  80.06%
[19:15:08] 
Buffer大小:  3576
[19:15:08] 噪声水平: 0.0862
[19:15:08] 
动作统计:
[19:15:08]   wind      : mean=-0.029, std= 0.489
[19:15:08]   solar     : mean= 0.155, std= 0.254
[19:15:08]   diesel    : mean=-0.234, std= 0.781
[19:15:08]   battery   : mean= 0.151, std= 0.826
[19:15:08]   customer  : mean= 0.468, std= 0.789
[19:15:08] 
======================================================================
[19:15:08] Episode 140/200
[19:15:08] ======================================================================
[19:15:08] 总奖励:  -178.91 | 步数: 24
[19:15:08] 最近10个episodes平均:  -180.75
[19:15:08] 
各Agent奖励:
[19:15:08]   wind      :   27.606
[19:15:08]   solar     :    2.448
[19:15:08]   diesel    :    0.000
[19:15:08]   battery   :    2.808
[19:15:08]   customer  : -211.776
[19:15:08] 
🔌 Main Grid 交易:
[19:15:08]   进口电量:   110.32 kWh
[19:15:08]   出口电量:   471.05 kWh
[19:15:08]   净交易量:  -360.72 kWh
[19:15:08]   平均出清价:   8.22 cents/kWh
[19:15:08]   市场独立度:  83.85%
[19:15:08] 
Buffer大小:  3600
[19:15:08] 噪声水平: 0.0861
[19:15:08] 
动作统计:
[19:15:08]   wind      : mean=-0.059, std= 0.533
[19:15:08]   solar     : mean= 0.110, std= 0.278
[19:15:08]   diesel    : mean=-0.178, std= 0.795
[19:15:08]   battery   : mean= 0.128, std= 0.861
[19:15:08]   customer  : mean= 0.403, std= 0.828
[19:15:08] 
📊 生成可视化图表...
[19:15:09]   ✓ debug_plots/training_ep0140.png
[19:15:10] 
======================================================================
[19:15:10] Episode 141/200
[19:15:10] ======================================================================
[19:15:10] 总奖励:  -165.04 | 步数: 24
[19:15:10] 最近10个episodes平均:  -178.60
[19:15:10] 
各Agent奖励:
[19:15:10]   wind      :   41.435
[19:15:10]   solar     :    2.293
[19:15:10]   diesel    :   10.943
[19:15:10]   battery   :    3.770
[19:15:10]   customer  : -223.480
[19:15:10] 
🔌 Main Grid 交易:
[19:15:10]   进口电量:   164.01 kWh
[19:15:10]   出口电量:   425.20 kWh
[19:15:10]   净交易量:  -261.19 kWh
[19:15:10]   平均出清价:  10.38 cents/kWh
[19:15:10]   市场独立度:  83.63%
[19:15:10] 
Buffer大小:  3624
[19:15:10] 噪声水平: 0.0860
[19:15:10] 
动作统计:
[19:15:10]   wind      : mean=-0.164, std= 0.515
[19:15:10]   solar     : mean= 0.179, std= 0.252
[19:15:10]   diesel    : mean=-0.130, std= 0.798
[19:15:10]   battery   : mean= 0.127, std= 0.849
[19:15:10]   customer  : mean= 0.273, std= 0.928
[19:15:10] 
======================================================================
[19:15:10] Episode 142/200
[19:15:10] ======================================================================
[19:15:10] 总奖励:  -183.45 | 步数: 24
[19:15:10] 最近10个episodes平均:  -178.72
[19:15:10] 
各Agent奖励:
[19:15:10]   wind      :   28.451
[19:15:10]   solar     :    1.949
[19:15:10]   diesel    :   11.816
[19:15:10]   battery   :    2.860
[19:15:10]   customer  : -228.525
[19:15:10] 
🔌 Main Grid 交易:
[19:15:10]   进口电量:   227.20 kWh
[19:15:10]   出口电量:   457.75 kWh
[19:15:10]   净交易量:  -230.55 kWh
[19:15:10]   平均出清价:   9.78 cents/kWh
[19:15:10]   市场独立度:  80.97%
[19:15:10] 
Buffer大小:  3648
[19:15:10] 噪声水平: 0.0859
[19:15:10] 
动作统计:
[19:15:10]   wind      : mean=-0.051, std= 0.482
[19:15:10]   solar     : mean= 0.150, std= 0.234
[19:15:10]   diesel    : mean=-0.218, std= 0.747
[19:15:10]   battery   : mean= 0.137, std= 0.856
[19:15:10]   customer  : mean= 0.267, std= 0.930
[19:15:11] 
======================================================================
[19:15:11] Episode 143/200
[19:15:11] ======================================================================
[19:15:11] 总奖励:  -173.81 | 步数: 24
[19:15:11] 最近10个episodes平均:  -177.88
[19:15:11] 
各Agent奖励:
[19:15:11]   wind      :   34.185
[19:15:11]   solar     :    4.691
[19:15:11]   diesel    :   15.823
[19:15:11]   battery   :    2.625
[19:15:11]   customer  : -231.139
[19:15:11] 
🔌 Main Grid 交易:
[19:15:11]   进口电量:   282.96 kWh
[19:15:11]   出口电量:   419.34 kWh
[19:15:11]   净交易量:  -136.38 kWh
[19:15:11]   平均出清价:   9.29 cents/kWh
[19:15:11]   市场独立度:  80.49%
[19:15:11] 
Buffer大小:  3672
[19:15:11] 噪声水平: 0.0858
[19:15:11] 
动作统计:
[19:15:11]   wind      : mean=-0.124, std= 0.497
[19:15:11]   solar     : mean= 0.065, std= 0.283
[19:15:11]   diesel    : mean=-0.225, std= 0.725
[19:15:11]   battery   : mean= 0.121, std= 0.859
[19:15:11]   customer  : mean= 0.247, std= 0.920
[19:15:12] 
======================================================================
[19:15:12] Episode 144/200
[19:15:12] ======================================================================
[19:15:12] 总奖励:  -162.39 | 步数: 24
[19:15:12] 最近10个episodes平均:  -176.61
[19:15:12] 
各Agent奖励:
[19:15:12]   wind      :   32.707
[19:15:12]   solar     :    5.707
[19:15:12]   diesel    :   23.034
[19:15:12]   battery   :    3.689
[19:15:12]   customer  : -227.527
[19:15:12] 
🔌 Main Grid 交易:
[19:15:12]   进口电量:   276.69 kWh
[19:15:12]   出口电量:   360.17 kWh
[19:15:12]   净交易量:   -83.48 kWh
[19:15:12]   平均出清价:  12.10 cents/kWh
[19:15:12]   市场独立度:  82.31%
[19:15:12] 
Buffer大小:  3696
[19:15:12] 噪声水平: 0.0857
[19:15:12] 
动作统计:
[19:15:12]   wind      : mean=-0.176, std= 0.482
[19:15:12]   solar     : mean= 0.131, std= 0.232
[19:15:12]   diesel    : mean=-0.322, std= 0.671
[19:15:12]   battery   : mean= 0.153, std= 0.835
[19:15:12]   customer  : mean= 0.239, std= 0.944
[19:15:13] 
======================================================================
[19:15:13] Episode 145/200
[19:15:13] ======================================================================
[19:15:13] 总奖励:  -173.07 | 步数: 24
[19:15:13] 最近10个episodes平均:  -175.82
[19:15:13] 
各Agent奖励:
[19:15:13]   wind      :   25.189
[19:15:13]   solar     :    2.345
[19:15:13]   diesel    :   26.550
[19:15:13]   battery   :    3.422
[19:15:13]   customer  : -230.574
[19:15:13] 
🔌 Main Grid 交易:
[19:15:13]   进口电量:   373.63 kWh
[19:15:13]   出口电量:   412.53 kWh
[19:15:13]   净交易量:   -38.90 kWh
[19:15:13]   平均出清价:   7.93 cents/kWh
[19:15:13]   市场独立度:  78.16%
[19:15:13] 
Buffer大小:  3720
[19:15:13] 噪声水平: 0.0856
[19:15:13] 
动作统计:
[19:15:13]   wind      : mean=-0.157, std= 0.429
[19:15:13]   solar     : mean= 0.199, std= 0.212
[19:15:13]   diesel    : mean=-0.381, std= 0.651
[19:15:13]   battery   : mean= 0.196, std= 0.809
[19:15:13]   customer  : mean= 0.237, std= 0.943
[19:15:14] 
======================================================================
[19:15:14] Episode 146/200
[19:15:14] ======================================================================
[19:15:14] 总奖励:  -155.71 | 步数: 24
[19:15:14] 最近10个episodes平均:  -172.79
[19:15:14] 
各Agent奖励:
[19:15:14]   wind      :   35.141
[19:15:14]   solar     :    4.547
[19:15:14]   diesel    :   30.489
[19:15:14]   battery   :    2.792
[19:15:14]   customer  : -228.683
[19:15:14] 
🔌 Main Grid 交易:
[19:15:14]   进口电量:   345.43 kWh
[19:15:14]   出口电量:   425.02 kWh
[19:15:14]   净交易量:   -79.59 kWh
[19:15:14]   平均出清价:  10.49 cents/kWh
[19:15:14]   市场独立度:  78.60%
[19:15:14] 
Buffer大小:  3744
[19:15:14] 噪声水平: 0.0855
[19:15:14] 
动作统计:
[19:15:14]   wind      : mean=-0.165, std= 0.552
[19:15:14]   solar     : mean= 0.151, std= 0.240
[19:15:14]   diesel    : mean=-0.460, std= 0.642
[19:15:14]   battery   : mean= 0.212, std= 0.783
[19:15:14]   customer  : mean= 0.243, std= 0.942
[19:15:15] 
======================================================================
[19:15:15] Episode 147/200
[19:15:15] ======================================================================
[19:15:15] 总奖励:  -164.21 | 步数: 24
[19:15:15] 最近10个episodes平均:  -171.61
[19:15:15] 
各Agent奖励:
[19:15:15]   wind      :   31.749
[19:15:15]   solar     :    3.444
[19:15:15]   diesel    :   27.947
[19:15:15]   battery   :    3.242
[19:15:15]   customer  : -230.587
[19:15:15] 
🔌 Main Grid 交易:
[19:15:15]   进口电量:   321.81 kWh
[19:15:15]   出口电量:   403.08 kWh
[19:15:15]   净交易量:   -81.27 kWh
[19:15:15]   平均出清价:  10.41 cents/kWh
[19:15:15]   市场独立度:  79.86%
[19:15:15] 
Buffer大小:  3768
[19:15:15] 噪声水平: 0.0855
[19:15:15] 
动作统计:
[19:15:15]   wind      : mean=-0.202, std= 0.458
[19:15:15]   solar     : mean= 0.149, std= 0.205
[19:15:15]   diesel    : mean=-0.436, std= 0.659
[19:15:15]   battery   : mean= 0.291, std= 0.728
[19:15:15]   customer  : mean= 0.244, std= 0.940
[19:15:15] 
======================================================================
[19:15:15] Episode 148/200
[19:15:15] ======================================================================
[19:15:15] 总奖励:  -152.12 | 步数: 24
[19:15:15] 最近10个episodes平均:  -169.08
[19:15:15] 
各Agent奖励:
[19:15:15]   wind      :   40.636
[19:15:15]   solar     :    2.305
[19:15:15]   diesel    :   27.496
[19:15:15]   battery   :    3.813
[19:15:15]   customer  : -226.367
[19:15:15] 
🔌 Main Grid 交易:
[19:15:15]   进口电量:   335.05 kWh
[19:15:15]   出口电量:   395.46 kWh
[19:15:15]   净交易量:   -60.41 kWh
[19:15:15]   平均出清价:  11.39 cents/kWh
[19:15:15]   市场独立度:  79.71%
[19:15:15] 
Buffer大小:  3792
[19:15:15] 噪声水平: 0.0854
[19:15:15] 
动作统计:
[19:15:15]   wind      : mean=-0.182, std= 0.480
[19:15:15]   solar     : mean= 0.160, std= 0.198
[19:15:15]   diesel    : mean=-0.467, std= 0.638
[19:15:15]   battery   : mean= 0.324, std= 0.689
[19:15:15]   customer  : mean= 0.245, std= 0.929
[19:15:16] 
======================================================================
[19:15:16] Episode 149/200
[19:15:16] ======================================================================
[19:15:16] 总奖励:  -164.24 | 步数: 24
[19:15:16] 最近10个episodes平均:  -167.29
[19:15:16] 
各Agent奖励:
[19:15:16]   wind      :   29.664
[19:15:16]   solar     :    7.134
[19:15:16]   diesel    :   22.692
[19:15:16]   battery   :    2.765
[19:15:16]   customer  : -226.493
[19:15:16] 
🔌 Main Grid 交易:
[19:15:16]   进口电量:   382.70 kWh
[19:15:16]   出口电量:   344.43 kWh
[19:15:16]   净交易量:    38.27 kWh
[19:15:16]   平均出清价:   9.58 cents/kWh
[19:15:16]   市场独立度:  79.80%
[19:15:16] 
Buffer大小:  3816
[19:15:16] 噪声水平: 0.0853
[19:15:16] 
动作统计:
[19:15:16]   wind      : mean=-0.139, std= 0.472
[19:15:16]   solar     : mean= 0.108, std= 0.251
[19:15:16]   diesel    : mean=-0.489, std= 0.632
[19:15:16]   battery   : mean= 0.359, std= 0.636
[19:15:16]   customer  : mean= 0.227, std= 0.937
[19:15:17] 
======================================================================
[19:15:17] Episode 150/200
[19:15:17] ======================================================================
[19:15:17] 总奖励:  -151.13 | 步数: 24
[19:15:17] 最近10个episodes平均:  -164.52
[19:15:17] 
各Agent奖励:
[19:15:17]   wind      :   39.526
[19:15:17]   solar     :    2.897
[19:15:17]   diesel    :   27.550
[19:15:17]   battery   :    2.975
[19:15:17]   customer  : -224.081
[19:15:17] 
🔌 Main Grid 交易:
[19:15:17]   进口电量:   320.68 kWh
[19:15:17]   出口电量:   465.40 kWh
[19:15:17]   净交易量:  -144.73 kWh
[19:15:17]   平均出清价:  10.89 cents/kWh
[19:15:17]   市场独立度:  78.16%
[19:15:17] 
Buffer大小:  3840
[19:15:17] 噪声水平: 0.0852
[19:15:17] 
动作统计:
[19:15:17]   wind      : mean=-0.181, std= 0.511
[19:15:17]   solar     : mean= 0.092, std= 0.244
[19:15:17]   diesel    : mean=-0.461, std= 0.635
[19:15:17]   battery   : mean= 0.391, std= 0.613
[19:15:17]   customer  : mean= 0.261, std= 0.923
[19:15:17] 
📊 生成可视化图表...
[19:15:18]   ✓ debug_plots/training_ep0150.png
[19:15:18] 💾 保存checkpoint: debug_checkpoints/debug_maddpg_20251203_191300_ep0150.pt
[19:15:18] 
======================================================================
[19:15:18] Episode 151/200
[19:15:18] ======================================================================
[19:15:18] 总奖励:  -157.11 | 步数: 24
[19:15:18] 最近10个episodes平均:  -163.72
[19:15:18] 
各Agent奖励:
[19:15:18]   wind      :   29.944
[19:15:18]   solar     :    2.070
[19:15:18]   diesel    :   12.731
[19:15:18]   battery   :    2.732
[19:15:18]   customer  : -204.583
[19:15:18] 
🔌 Main Grid 交易:
[19:15:18]   进口电量:   267.84 kWh
[19:15:18]   出口电量:   436.28 kWh
[19:15:18]   净交易量:  -168.44 kWh
[19:15:18]   平均出清价:   6.47 cents/kWh
[19:15:18]   市场独立度:  80.44%
[19:15:18] 
Buffer大小:  3864
[19:15:18] 噪声水平: 0.0851
[19:15:18] 
动作统计:
[19:15:18]   wind      : mean=-0.169, std= 0.520
[19:15:18]   solar     : mean= 0.130, std= 0.257
[19:15:18]   diesel    : mean=-0.546, std= 0.573
[19:15:18]   battery   : mean= 0.441, std= 0.548
[19:15:18]   customer  : mean= 0.436, std= 0.838
[19:15:19] 
======================================================================
[19:15:19] Episode 152/200
[19:15:19] ======================================================================
[19:15:19] 总奖励:  -175.57 | 步数: 24
[19:15:19] 最近10个episodes平均:  -162.94
[19:15:19] 
各Agent奖励:
[19:15:19]   wind      :   18.892
[19:15:19]   solar     :    0.465
[19:15:19]   diesel    :    7.022
[19:15:19]   battery   :    3.442
[19:15:19]   customer  : -205.393
[19:15:19] 
🔌 Main Grid 交易:
[19:15:19]   进口电量:   288.90 kWh
[19:15:19]   出口电量:   464.41 kWh
[19:15:19]   净交易量:  -175.50 kWh
[19:15:19]   平均出清价:   7.02 cents/kWh
[19:15:19]   市场独立度:  79.07%
[19:15:19] 
Buffer大小:  3888
[19:15:19] 噪声水平: 0.0850
[19:15:19] 
动作统计:
[19:15:19]   wind      : mean=-0.052, std= 0.380
[19:15:19]   solar     : mean= 0.115, std= 0.168
[19:15:19]   diesel    : mean=-0.632, std= 0.464
[19:15:19]   battery   : mean= 0.458, std= 0.534
[19:15:19]   customer  : mean= 0.606, std= 0.726
[19:15:20] 
======================================================================
[19:15:20] Episode 153/200
[19:15:20] ======================================================================
[19:15:20] 总奖励:  -178.45 | 步数: 24
[19:15:20] 最近10个episodes平均:  -163.40
[19:15:20] 
各Agent奖励:
[19:15:20]   wind      :   11.274
[19:15:20]   solar     :    1.351
[19:15:20]   diesel    :  -11.376
[19:15:20]   battery   :    3.899
[19:15:20]   customer  : -183.598
[19:15:20] 
🔌 Main Grid 交易:
[19:15:20]   进口电量:   239.85 kWh
[19:15:20]   出口电量:   457.24 kWh
[19:15:20]   净交易量:  -217.38 kWh
[19:15:20]   平均出清价:   5.02 cents/kWh
[19:15:20]   市场独立度:  80.64%
[19:15:20] 
Buffer大小:  3912
[19:15:20] 噪声水平: 0.0850
[19:15:20] 
动作统计:
[19:15:20]   wind      : mean=-0.065, std= 0.429
[19:15:20]   solar     : mean= 0.080, std= 0.217
[19:15:20]   diesel    : mean=-0.620, std= 0.461
[19:15:20]   battery   : mean= 0.494, std= 0.505
[19:15:20]   customer  : mean= 0.685, std= 0.645
[19:15:21] 
======================================================================
[19:15:21] Episode 154/200
[19:15:21] ======================================================================
[19:15:21] 总奖励:  -174.94 | 步数: 24
[19:15:21] 最近10个episodes平均:  -164.65
[19:15:21] 
各Agent奖励:
[19:15:21]   wind      :   13.379
[19:15:21]   solar     :    2.199
[19:15:21]   diesel    :   -0.726
[19:15:21]   battery   :    3.549
[19:15:21]   customer  : -193.338
[19:15:21] 
🔌 Main Grid 交易:
[19:15:21]   进口电量:   234.45 kWh
[19:15:21]   出口电量:   494.10 kWh
[19:15:21]   净交易量:  -259.65 kWh
[19:15:21]   平均出清价:   8.15 cents/kWh
[19:15:21]   市场独立度:  79.76%
[19:15:21] 
Buffer大小:  3936
[19:15:21] 噪声水平: 0.0849
[19:15:21] 
动作统计:
[19:15:21]   wind      : mean=-0.006, std= 0.344
[19:15:21]   solar     : mean= 0.094, std= 0.283
[19:15:21]   diesel    : mean=-0.628, std= 0.445
[19:15:21]   battery   : mean= 0.496, std= 0.492
[19:15:21]   customer  : mean= 0.733, std= 0.559
[19:15:22] 
======================================================================
[19:15:22] Episode 155/200
[19:15:22] ======================================================================
[19:15:22] 总奖励:  -178.65 | 步数: 24
[19:15:22] 最近10个episodes平均:  -165.21
[19:15:22] 
各Agent奖励:
[19:15:22]   wind      :   12.331
[19:15:22]   solar     :    0.717
[19:15:22]   diesel    :   -4.884
[19:15:22]   battery   :    2.720
[19:15:22]   customer  : -189.537
[19:15:22] 
🔌 Main Grid 交易:
[19:15:22]   进口电量:   223.57 kWh
[19:15:22]   出口电量:   540.74 kWh
[19:15:22]   净交易量:  -317.17 kWh
[19:15:22]   平均出清价:   4.92 cents/kWh
[19:15:22]   市场独立度:  78.77%
[19:15:22] 
Buffer大小:  3960
[19:15:22] 噪声水平: 0.0848
[19:15:22] 
动作统计:
[19:15:22]   wind      : mean=-0.022, std= 0.349
[19:15:22]   solar     : mean= 0.142, std= 0.185
[19:15:22]   diesel    : mean=-0.644, std= 0.445
[19:15:22]   battery   : mean= 0.520, std= 0.452
[19:15:22]   customer  : mean= 0.736, std= 0.627
[19:15:23] 
======================================================================
[19:15:23] Episode 156/200
[19:15:23] ======================================================================
[19:15:23] 总奖励:  -172.49 | 步数: 24
[19:15:23] 最近10个episodes平均:  -166.89
[19:15:23] 
各Agent奖励:
[19:15:23]   wind      :   10.947
[19:15:23]   solar     :    4.035
[19:15:23]   diesel    :    0.000
[19:15:23]   battery   :    2.753
[19:15:23]   customer  : -190.227
[19:15:23] 
🔌 Main Grid 交易:
[19:15:23]   进口电量:   133.79 kWh
[19:15:23]   出口电量:   510.90 kWh
[19:15:23]   净交易量:  -377.10 kWh
[19:15:23]   平均出清价:   7.28 cents/kWh
[19:15:23]   市场独立度:  82.09%
[19:15:23] 
Buffer大小:  3984
[19:15:23] 噪声水平: 0.0847
[19:15:23] 
动作统计:
[19:15:23]   wind      : mean= 0.122, std= 0.359
[19:15:23]   solar     : mean= 0.118, std= 0.233
[19:15:23]   diesel    : mean=-0.653, std= 0.412
[19:15:23]   battery   : mean= 0.582, std= 0.425
[19:15:23]   customer  : mean= 0.807, std= 0.547
[19:15:24] 
======================================================================
[19:15:24] Episode 157/200
[19:15:24] ======================================================================
[19:15:24] 总奖励:  -184.75 | 步数: 24
[19:15:24] 最近10个episodes平均:  -168.94
[19:15:24] 
各Agent奖励:
[19:15:24]   wind      :    7.614
[19:15:24]   solar     :    1.820
[19:15:24]   diesel    :   -6.429
[19:15:24]   battery   :    2.756
[19:15:24]   customer  : -190.510
[19:15:24] 
🔌 Main Grid 交易:
[19:15:24]   进口电量:   113.16 kWh
[19:15:24]   出口电量:   481.68 kWh
[19:15:24]   净交易量:  -368.52 kWh
[19:15:24]   平均出清价:   4.06 cents/kWh
[19:15:24]   市场独立度:  83.48%
[19:15:24] 
Buffer大小:  4008
[19:15:24] 噪声水平: 0.0846
[19:15:24] 
动作统计:
[19:15:24]   wind      : mean= 0.137, std= 0.301
[19:15:24]   solar     : mean= 0.091, std= 0.328
[19:15:24]   diesel    : mean=-0.653, std= 0.381
[19:15:24]   battery   : mean= 0.638, std= 0.381
[19:15:24]   customer  : mean= 0.856, std= 0.339
[19:15:25] 
======================================================================
[19:15:25] Episode 158/200
[19:15:25] ======================================================================
[19:15:25] 总奖励:  -187.53 | 步数: 24
[19:15:25] 最近10个episodes平均:  -172.49
[19:15:25] 
各Agent奖励:
[19:15:25]   wind      :    2.893
[19:15:25]   solar     :    2.399
[19:15:25]   diesel    :    0.000
[19:15:25]   battery   :    0.000
[19:15:25]   customer  : -192.823
[19:15:25] 
🔌 Main Grid 交易:
[19:15:25]   进口电量:    99.72 kWh
[19:15:25]   出口电量:   549.57 kWh
[19:15:25]   净交易量:  -449.85 kWh
[19:15:25]   平均出清价:   7.34 cents/kWh
[19:15:25]   市场独立度:  81.96%
[19:15:25] 
Buffer大小:  4032
[19:15:25] 噪声水平: 0.0845
[19:15:25] 
动作统计:
[19:15:25]   wind      : mean= 0.186, std= 0.205
[19:15:25]   solar     : mean= 0.119, std= 0.250
[19:15:25]   diesel    : mean=-0.641, std= 0.387
[19:15:25]   battery   : mean= 0.695, std= 0.341
[19:15:25]   customer  : mean= 0.892, std= 0.394
[19:15:26] 
======================================================================
[19:15:26] Episode 159/200
[19:15:26] ======================================================================
[19:15:26] 总奖励:  -184.77 | 步数: 24
[19:15:26] 最近10个episodes平均:  -174.54
[19:15:26] 
各Agent奖励:
[19:15:26]   wind      :    4.524
[19:15:26]   solar     :    1.139
[19:15:26]   diesel    :    0.262
[19:15:26]   battery   :    0.000
[19:15:26]   customer  : -190.698
[19:15:26] 
🔌 Main Grid 交易:
[19:15:26]   进口电量:    64.87 kWh
[19:15:26]   出口电量:   495.92 kWh
[19:15:26]   净交易量:  -431.05 kWh
[19:15:26]   平均出清价:   7.61 cents/kWh
[19:15:26]   市场独立度:  84.42%
[19:15:26] 
Buffer大小:  4056
[19:15:26] 噪声水平: 0.0844
[19:15:26] 
动作统计:
[19:15:26]   wind      : mean= 0.126, std= 0.217
[19:15:26]   solar     : mean= 0.165, std= 0.277
[19:15:26]   diesel    : mean=-0.633, std= 0.371
[19:15:26]   battery   : mean= 0.735, std= 0.298
[19:15:26]   customer  : mean= 0.884, std= 0.385
[19:15:26] 
======================================================================
[19:15:26] Episode 160/200
[19:15:26] ======================================================================
[19:15:26] 总奖励:  -186.83 | 步数: 24
[19:15:26] 最近10个episodes平均:  -178.11
[19:15:26] 
各Agent奖励:
[19:15:26]   wind      :    6.904
[19:15:26]   solar     :    0.190
[19:15:26]   diesel    :   -1.344
[19:15:26]   battery   :    0.000
[19:15:26]   customer  : -192.581
[19:15:26] 
🔌 Main Grid 交易:
[19:15:26]   进口电量:    57.02 kWh
[19:15:26]   出口电量:   531.56 kWh
[19:15:26]   净交易量:  -474.54 kWh
[19:15:26]   平均出清价:   5.14 cents/kWh
[19:15:26]   市场独立度:  83.65%
[19:15:26] 
Buffer大小:  4080
[19:15:26] 噪声水平: 0.0844
[19:15:26] 
动作统计:
[19:15:26]   wind      : mean= 0.114, std= 0.258
[19:15:26]   solar     : mean= 0.178, std= 0.152
[19:15:26]   diesel    : mean=-0.659, std= 0.355
[19:15:26]   battery   : mean= 0.731, std= 0.289
[19:15:26]   customer  : mean= 0.906, std= 0.398
[19:15:26] 
📊 生成可视化图表...
[19:15:27]   ✓ debug_plots/training_ep0160.png
[19:15:28] 
======================================================================
[19:15:28] Episode 161/200
[19:15:28] ======================================================================
[19:15:28] 总奖励:  -179.56 | 步数: 24
[19:15:28] 最近10个episodes平均:  -180.35
[19:15:28] 
各Agent奖励:
[19:15:28]   wind      :    7.718
[19:15:28]   solar     :    5.998
[19:15:28]   diesel    :    0.000
[19:15:28]   battery   :   -0.344
[19:15:28]   customer  : -192.934
[19:15:28] 
🔌 Main Grid 交易:
[19:15:28]   进口电量:    74.66 kWh
[19:15:28]   出口电量:   443.28 kWh
[19:15:28]   净交易量:  -368.62 kWh
[19:15:28]   平均出清价:  10.42 cents/kWh
[19:15:28]   市场独立度:  85.61%
[19:15:28] 
Buffer大小:  4104
[19:15:28] 噪声水平: 0.0843
[19:15:28] 
动作统计:
[19:15:28]   wind      : mean= 0.172, std= 0.243
[19:15:28]   solar     : mean= 0.077, std= 0.324
[19:15:28]   diesel    : mean=-0.598, std= 0.394
[19:15:28]   battery   : mean= 0.701, std= 0.318
[19:15:28]   customer  : mean= 0.865, std= 0.394
[19:15:29] 
======================================================================
[19:15:29] Episode 162/200
[19:15:29] ======================================================================
[19:15:29] 总奖励:  -190.66 | 步数: 24
[19:15:29] 最近10个episodes平均:  -181.86
[19:15:29] 
各Agent奖励:
[19:15:29]   wind      :    3.161
[19:15:29]   solar     :    2.959
[19:15:29]   diesel    :    0.418
[19:15:29]   battery   :    0.000
[19:15:29]   customer  : -197.201
[19:15:29] 
🔌 Main Grid 交易:
[19:15:29]   进口电量:    75.32 kWh
[19:15:29]   出口电量:   545.31 kWh
[19:15:29]   净交易量:  -469.98 kWh
[19:15:29]   平均出清价:   8.58 cents/kWh
[19:15:29]   市场独立度:  82.76%
[19:15:29] 
Buffer大小:  4128
[19:15:29] 噪声水平: 0.0842
[19:15:29] 
动作统计:
[19:15:29]   wind      : mean= 0.244, std= 0.245
[19:15:29]   solar     : mean= 0.111, std= 0.268
[19:15:29]   diesel    : mean=-0.607, std= 0.377
[19:15:29]   battery   : mean= 0.709, std= 0.319
[19:15:29]   customer  : mean= 0.897, std= 0.372
[19:15:29] 
======================================================================
[19:15:29] Episode 163/200
[19:15:29] ======================================================================
[19:15:29] 总奖励:  -181.12 | 步数: 24
[19:15:29] 最近10个episodes平均:  -182.13
[19:15:29] 
各Agent奖励:
[19:15:29]   wind      :    8.519
[19:15:29]   solar     :    6.159
[19:15:29]   diesel    :   -0.296
[19:15:29]   battery   :    0.000
[19:15:29]   customer  : -195.503
[19:15:29] 
🔌 Main Grid 交易:
[19:15:29]   进口电量:    69.92 kWh
[19:15:29]   出口电量:   467.85 kWh
[19:15:29]   净交易量:  -397.93 kWh
[19:15:29]   平均出清价:   6.14 cents/kWh
[19:15:29]   市场独立度:  85.06%
[19:15:29] 
Buffer大小:  4152
[19:15:29] 噪声水平: 0.0841
[19:15:29] 
动作统计:
[19:15:29]   wind      : mean= 0.089, std= 0.303
[19:15:29]   solar     : mean= 0.162, std= 0.167
[19:15:29]   diesel    : mean=-0.600, std= 0.432
[19:15:29]   battery   : mean= 0.695, std= 0.326
[19:15:29]   customer  : mean= 0.913, std= 0.238
[19:15:30] 
======================================================================
[19:15:30] Episode 164/200
[19:15:30] ======================================================================
[19:15:30] 总奖励:  -182.53 | 步数: 24
[19:15:30] 最近10个episodes平均:  -182.89
[19:15:30] 
各Agent奖励:
[19:15:30]   wind      :    7.476
[19:15:30]   solar     :    0.747
[19:15:30]   diesel    :   -2.434
[19:15:30]   battery   :    0.000
[19:15:30]   customer  : -188.321
[19:15:30] 
🔌 Main Grid 交易:
[19:15:30]   进口电量:    63.97 kWh
[19:15:30]   出口电量:   543.60 kWh
[19:15:30]   净交易量:  -479.64 kWh
[19:15:30]   平均出清价:   5.46 cents/kWh
[19:15:30]   市场独立度:  83.12%
[19:15:30] 
Buffer大小:  4176
[19:15:30] 噪声水平: 0.0840
[19:15:30] 
动作统计:
[19:15:30]   wind      : mean= 0.205, std= 0.283
[19:15:30]   solar     : mean= 0.110, std= 0.223
[19:15:30]   diesel    : mean=-0.588, std= 0.389
[19:15:30]   battery   : mean= 0.656, std= 0.350
[19:15:30]   customer  : mean= 0.892, std= 0.396
[19:15:31] 
======================================================================
[19:15:31] Episode 165/200
[19:15:31] ======================================================================
[19:15:31] 总奖励:  -179.23 | 步数: 24
[19:15:31] 最近10个episodes平均:  -182.95
[19:15:31] 
各Agent奖励:
[19:15:31]   wind      :   11.163
[19:15:31]   solar     :    1.765
[19:15:31]   diesel    :   -2.760
[19:15:31]   battery   :    0.000
[19:15:31]   customer  : -189.395
[19:15:31] 
🔌 Main Grid 交易:
[19:15:31]   进口电量:    85.58 kWh
[19:15:31]   出口电量:   476.58 kWh
[19:15:31]   净交易量:  -391.00 kWh
[19:15:31]   平均出清价:   6.66 cents/kWh
[19:15:31]   市场独立度:  84.38%
[19:15:31] 
Buffer大小:  4200
[19:15:31] 噪声水平: 0.0839
[19:15:31] 
动作统计:
[19:15:31]   wind      : mean= 0.126, std= 0.297
[19:15:31]   solar     : mean= 0.102, std= 0.321
[19:15:31]   diesel    : mean=-0.567, std= 0.435
[19:15:31]   battery   : mean= 0.623, std= 0.386
[19:15:31]   customer  : mean= 0.881, std= 0.316
[19:15:32] 
======================================================================
[19:15:32] Episode 166/200
[19:15:32] ======================================================================
[19:15:32] 总奖励:  -178.07 | 步数: 24
[19:15:32] 最近10个episodes平均:  -183.51
[19:15:32] 
各Agent奖励:
[19:15:32]   wind      :    6.762
[19:15:32]   solar     :    1.884
[19:15:32]   diesel    :    0.000
[19:15:32]   battery   :    0.000
[19:15:32]   customer  : -186.712
[19:15:32] 
🔌 Main Grid 交易:
[19:15:32]   进口电量:     0.00 kWh
[19:15:32]   出口电量:   484.69 kWh
[19:15:32]   净交易量:  -484.69 kWh
[19:15:32]   平均出清价:   6.74 cents/kWh
[19:15:32]   市场独立度:  86.54%
[19:15:32] 
Buffer大小:  4224
[19:15:32] 噪声水平: 0.0839
[19:15:32] 
动作统计:
[19:15:32]   wind      : mean= 0.112, std= 0.253
[19:15:32]   solar     : mean= 0.113, std= 0.203
[19:15:32]   diesel    : mean=-0.577, std= 0.418
[19:15:32]   battery   : mean= 0.598, std= 0.431
[19:15:32]   customer  : mean= 0.954, std= 0.060
[19:15:33] 
======================================================================
[19:15:33] Episode 167/200
[19:15:33] ======================================================================
[19:15:33] 总奖励:  -185.51 | 步数: 24
[19:15:33] 最近10个episodes平均:  -183.58
[19:15:33] 
各Agent奖励:
[19:15:33]   wind      :    0.740
[19:15:33]   solar     :    0.654
[19:15:33]   diesel    :    0.000
[19:15:33]   battery   :   -0.327
[19:15:33]   customer  : -186.573
[19:15:33] 
🔌 Main Grid 交易:
[19:15:33]   进口电量:     0.00 kWh
[19:15:33]   出口电量:   544.46 kWh
[19:15:33]   净交易量:  -544.46 kWh
[19:15:33]   平均出清价:   7.22 cents/kWh
[19:15:33]   市场独立度:  84.88%
[19:15:33] 
Buffer大小:  4248
[19:15:33] 噪声水平: 0.0838
[19:15:33] 
动作统计:
[19:15:33]   wind      : mean= 0.153, std= 0.228
[19:15:33]   solar     : mean= 0.159, std= 0.122
[19:15:33]   diesel    : mean=-0.572, std= 0.419
[19:15:33]   battery   : mean= 0.528, std= 0.478
[19:15:33]   customer  : mean= 0.977, std= 0.040
[19:15:34] 
======================================================================
[19:15:34] Episode 168/200
[19:15:34] ======================================================================
[19:15:34] 总奖励:  -185.54 | 步数: 24
[19:15:34] 最近10个episodes平均:  -183.38
[19:15:34] 
各Agent奖励:
[19:15:34]   wind      :    1.728
[19:15:34]   solar     :    0.501
[19:15:34]   diesel    :   -0.807
[19:15:34]   battery   :    0.000
[19:15:34]   customer  : -186.962
[19:15:34] 
🔌 Main Grid 交易:
[19:15:34]   进口电量:    20.81 kWh
[19:15:34]   出口电量:   550.65 kWh
[19:15:34]   净交易量:  -529.84 kWh
[19:15:34]   平均出清价:   4.17 cents/kWh
[19:15:34]   市场独立度:  84.13%
[19:15:34] 
Buffer大小:  4272
[19:15:34] 噪声水平: 0.0837
[19:15:34] 
动作统计:
[19:15:34]   wind      : mean= 0.117, std= 0.250
[19:15:34]   solar     : mean= 0.166, std= 0.172
[19:15:34]   diesel    : mean=-0.554, std= 0.450
[19:15:34]   battery   : mean= 0.517, std= 0.478
[19:15:34]   customer  : mean= 0.973, std= 0.049
[19:15:35] 
======================================================================
[19:15:35] Episode 169/200
[19:15:35] ======================================================================
[19:15:35] 总奖励:  -175.53 | 步数: 24
[19:15:35] 最近10个episodes平均:  -182.46
[19:15:35] 
各Agent奖励:
[19:15:35]   wind      :    5.737
[19:15:35]   solar     :    4.329
[19:15:35]   diesel    :   -1.608
[19:15:35]   battery   :    0.035
[19:15:35]   customer  : -184.026
[19:15:35] 
🔌 Main Grid 交易:
[19:15:35]   进口电量:     6.66 kWh
[19:15:35]   出口电量:   453.16 kWh
[19:15:35]   净交易量:  -446.50 kWh
[19:15:35]   平均出清价:   3.04 cents/kWh
[19:15:35]   市场独立度:  87.23%
[19:15:35] 
Buffer大小:  4296
[19:15:35] 噪声水平: 0.0836
[19:15:35] 
动作统计:
[19:15:35]   wind      : mean= 0.014, std= 0.365
[19:15:35]   solar     : mean= 0.135, std= 0.179
[19:15:35]   diesel    : mean=-0.527, std= 0.453
[19:15:35]   battery   : mean= 0.470, std= 0.536
[19:15:35]   customer  : mean= 0.932, std= 0.087
[19:15:35] 
======================================================================
[19:15:35] Episode 170/200
[19:15:35] ======================================================================
[19:15:35] 总奖励:  -187.52 | 步数: 24
[19:15:35] 最近10个episodes平均:  -182.53
[19:15:35] 
各Agent奖励:
[19:15:35]   wind      :    0.229
[19:15:35]   solar     :    1.188
[19:15:35]   diesel    :   -1.099
[19:15:35]   battery   :    0.000
[19:15:35]   customer  : -187.835
[19:15:35] 
🔌 Main Grid 交易:
[19:15:35]   进口电量:     6.01 kWh
[19:15:35]   出口电量:   478.91 kWh
[19:15:35]   净交易量:  -472.89 kWh
[19:15:35]   平均出清价:   3.07 cents/kWh
[19:15:35]   市场独立度:  86.53%
[19:15:35] 
Buffer大小:  4320
[19:15:35] 噪声水平: 0.0835
[19:15:35] 
动作统计:
[19:15:35]   wind      : mean= 0.082, std= 0.292
[19:15:35]   solar     : mean= 0.150, std= 0.199
[19:15:35]   diesel    : mean=-0.553, std= 0.435
[19:15:35]   battery   : mean= 0.463, std= 0.520
[19:15:35]   customer  : mean= 0.974, std= 0.030
[19:15:35] 
📊 生成可视化图表...
[19:15:36]   ✓ debug_plots/training_ep0170.png
[19:15:37] 
======================================================================
[19:15:37] Episode 171/200
[19:15:37] ======================================================================
[19:15:37] 总奖励:  -188.18 | 步数: 24
[19:15:37] 最近10个episodes平均:  -183.39
[19:15:37] 
各Agent奖励:
[19:15:37]   wind      :   -0.243
[19:15:37]   solar     :    1.150
[19:15:37]   diesel    :   -1.937
[19:15:37]   battery   :   -0.209
[19:15:37]   customer  : -186.941
[19:15:37] 
🔌 Main Grid 交易:
[19:15:37]   进口电量:     8.30 kWh
[19:15:37]   出口电量:   537.79 kWh
[19:15:37]   净交易量:  -529.49 kWh
[19:15:37]   平均出清价:   1.16 cents/kWh
[19:15:37]   市场独立度:  84.83%
[19:15:37] 
Buffer大小:  4344
[19:15:37] 噪声水平: 0.0834
[19:15:37] 
动作统计:
[19:15:37]   wind      : mean= 0.057, std= 0.321
[19:15:37]   solar     : mean= 0.150, std= 0.155
[19:15:37]   diesel    : mean=-0.518, std= 0.480
[19:15:37]   battery   : mean= 0.449, std= 0.536
[19:15:37]   customer  : mean= 0.972, std= 0.046
[19:15:37] 
======================================================================
[19:15:37] Episode 172/200
[19:15:37] ======================================================================
[19:15:37] 总奖励:  -179.67 | 步数: 24
[19:15:37] 最近10个episodes平均:  -182.29
[19:15:37] 
各Agent奖励:
[19:15:37]   wind      :   -2.427
[19:15:37]   solar     :    2.602
[19:15:37]   diesel    :   -1.294
[19:15:37]   battery   :    0.000
[19:15:37]   customer  : -178.556
[19:15:37] 
🔌 Main Grid 交易:
[19:15:37]   进口电量:     3.25 kWh
[19:15:37]   出口电量:   470.98 kWh
[19:15:37]   净交易量:  -467.73 kWh
[19:15:37]   平均出清价:   2.34 cents/kWh
[19:15:37]   市场独立度:  86.83%
[19:15:37] 
Buffer大小:  4368
[19:15:37] 噪声水平: 0.0834
[19:15:37] 
动作统计:
[19:15:37]   wind      : mean=-0.007, std= 0.403
[19:15:37]   solar     : mean= 0.207, std= 0.131
[19:15:37]   diesel    : mean=-0.520, std= 0.471
[19:15:37]   battery   : mean= 0.455, std= 0.537
[19:15:37]   customer  : mean= 0.956, std= 0.056
[19:15:38] 
======================================================================
[19:15:38] Episode 173/200
[19:15:38] ======================================================================
[19:15:38] 总奖励:  -186.58 | 步数: 24
[19:15:38] 最近10个episodes平均:  -182.84
[19:15:38] 
各Agent奖励:
[19:15:38]   wind      :    2.032
[19:15:38]   solar     :    0.368
[19:15:38]   diesel    :   -3.225
[19:15:38]   battery   :    0.000
[19:15:38]   customer  : -185.752
[19:15:38] 
🔌 Main Grid 交易:
[19:15:38]   进口电量:     0.00 kWh
[19:15:38]   出口电量:   537.59 kWh
[19:15:38]   净交易量:  -537.59 kWh
[19:15:38]   平均出清价:   2.64 cents/kWh
[19:15:38]   市场独立度:  85.07%
[19:15:38] 
Buffer大小:  4392
[19:15:38] 噪声水平: 0.0833
[19:15:38] 
动作统计:
[19:15:38]   wind      : mean= 0.061, std= 0.320
[19:15:38]   solar     : mean= 0.161, std= 0.131
[19:15:38]   diesel    : mean=-0.524, std= 0.446
[19:15:38]   battery   : mean= 0.459, std= 0.531
[19:15:38]   customer  : mean= 0.973, std= 0.044
[19:15:39] 
======================================================================
[19:15:39] Episode 174/200
[19:15:39] ======================================================================
[19:15:39] 总奖励:  -185.83 | 步数: 24
[19:15:39] 最近10个episodes平均:  -183.17
[19:15:39] 
各Agent奖励:
[19:15:39]   wind      :   -1.139
[19:15:39]   solar     :    1.716
[19:15:39]   diesel    :    0.000
[19:15:39]   battery   :    0.000
[19:15:39]   customer  : -186.409
[19:15:39] 
🔌 Main Grid 交易:
[19:15:39]   进口电量:    10.18 kWh
[19:15:39]   出口电量:   516.31 kWh
[19:15:39]   净交易量:  -506.13 kWh
[19:15:39]   平均出清价:   4.68 cents/kWh
[19:15:39]   市场独立度:  85.38%
[19:15:39] 
Buffer大小:  4416
[19:15:39] 噪声水平: 0.0832
[19:15:39] 
动作统计:
[19:15:39]   wind      : mean= 0.101, std= 0.332
[19:15:39]   solar     : mean= 0.148, std= 0.214
[19:15:39]   diesel    : mean=-0.549, std= 0.446
[19:15:39]   battery   : mean= 0.475, std= 0.509
[19:15:39]   customer  : mean= 0.974, std= 0.041
[19:15:40] 
======================================================================
[19:15:40] Episode 175/200
[19:15:40] ======================================================================
[19:15:40] 总奖励:  -171.79 | 步数: 24
[19:15:40] 最近10个episodes平均:  -182.42
[19:15:40] 
各Agent奖励:
[19:15:40]   wind      :    4.252
[19:15:40]   solar     :    3.953
[19:15:40]   diesel    :   -2.106
[19:15:40]   battery   :    0.000
[19:15:40]   customer  : -177.885
[19:15:40] 
🔌 Main Grid 交易:
[19:15:40]   进口电量:     0.00 kWh
[19:15:40]   出口电量:   591.48 kWh
[19:15:40]   净交易量:  -591.48 kWh
[19:15:40]   平均出清价:   4.72 cents/kWh
[19:15:40]   市场独立度:  83.57%
[19:15:40] 
Buffer大小:  4440
[19:15:40] 噪声水平: 0.0831
[19:15:40] 
动作统计:
[19:15:40]   wind      : mean= 0.148, std= 0.317
[19:15:40]   solar     : mean= 0.071, std= 0.287
[19:15:40]   diesel    : mean=-0.544, std= 0.426
[19:15:40]   battery   : mean= 0.462, std= 0.522
[19:15:40]   customer  : mean= 0.949, std= 0.065
[19:15:41] 
======================================================================
[19:15:41] Episode 176/200
[19:15:41] ======================================================================
[19:15:41] 总奖励:  -184.51 | 步数: 24
[19:15:41] 最近10个episodes平均:  -183.07
[19:15:41] 
各Agent奖励:
[19:15:41]   wind      :    6.254
[19:15:41]   solar     :    1.078
[19:15:41]   diesel    :   -0.080
[19:15:41]   battery   :   -0.482
[19:15:41]   customer  : -191.277
[19:15:41] 
🔌 Main Grid 交易:
[19:15:41]   进口电量:     0.00 kWh
[19:15:41]   出口电量:   507.20 kWh
[19:15:41]   净交易量:  -507.20 kWh
[19:15:41]   平均出清价:   7.58 cents/kWh
[19:15:41]   市场独立度:  85.91%
[19:15:41] 
Buffer大小:  4464
[19:15:41] 噪声水平: 0.0830
[19:15:41] 
动作统计:
[19:15:41]   wind      : mean= 0.117, std= 0.195
[19:15:41]   solar     : mean= 0.134, std= 0.175
[19:15:41]   diesel    : mean=-0.555, std= 0.434
[19:15:41]   battery   : mean= 0.497, std= 0.499
[19:15:41]   customer  : mean= 0.961, std= 0.049
[19:15:42] 
======================================================================
[19:15:42] Episode 177/200
[19:15:42] ======================================================================
[19:15:42] 总奖励:  -180.76 | 步数: 24
[19:15:42] 最近10个episodes平均:  -182.59
[19:15:42] 
各Agent奖励:
[19:15:42]   wind      :   -1.307
[19:15:42]   solar     :    1.464
[19:15:42]   diesel    :    0.000
[19:15:42]   battery   :    0.000
[19:15:42]   customer  : -180.918
[19:15:42] 
🔌 Main Grid 交易:
[19:15:42]   进口电量:     4.52 kWh
[19:15:42]   出口电量:   517.93 kWh
[19:15:42]   净交易量:  -513.41 kWh
[19:15:42]   平均出清价:   2.98 cents/kWh
[19:15:42]   市场独立度:  85.49%
[19:15:42] 
Buffer大小:  4488
[19:15:42] 噪声水平: 0.0829
[19:15:42] 
动作统计:
[19:15:42]   wind      : mean= 0.034, std= 0.331
[19:15:42]   solar     : mean= 0.127, std= 0.198
[19:15:42]   diesel    : mean=-0.585, std= 0.396
[19:15:42]   battery   : mean= 0.519, std= 0.486
[19:15:42]   customer  : mean= 0.971, std= 0.046
[19:15:42] 
======================================================================
[19:15:42] Episode 178/200
[19:15:42] ======================================================================
[19:15:42] 总奖励:  -185.24 | 步数: 24
[19:15:42] 最近10个episodes平均:  -182.56
[19:15:42] 
各Agent奖励:
[19:15:42]   wind      :    2.327
[19:15:42]   solar     :    2.515
[19:15:42]   diesel    :   -0.000
[19:15:42]   battery   :    0.000
[19:15:42]   customer  : -190.084
[19:15:42] 
🔌 Main Grid 交易:
[19:15:42]   进口电量:     0.00 kWh
[19:15:42]   出口电量:   550.09 kWh
[19:15:42]   净交易量:  -550.09 kWh
[19:15:42]   平均出清价:   8.29 cents/kWh
[19:15:42]   市场独立度:  84.72%
[19:15:42] 
Buffer大小:  4512
[19:15:42] 噪声水平: 0.0829
[19:15:42] 
动作统计:
[19:15:42]   wind      : mean= 0.155, std= 0.246
[19:15:42]   solar     : mean= 0.062, std= 0.279
[19:15:42]   diesel    : mean=-0.594, std= 0.381
[19:15:42]   battery   : mean= 0.555, std= 0.456
[19:15:42]   customer  : mean= 0.977, std= 0.034
[19:15:43] 
======================================================================
[19:15:43] Episode 179/200
[19:15:43] ======================================================================
[19:15:43] 总奖励:  -180.13 | 步数: 24
[19:15:43] 最近10个episodes平均:  -183.02
[19:15:43] 
各Agent奖励:
[19:15:43]   wind      :    4.727
[19:15:43]   solar     :    1.852
[19:15:43]   diesel    :    0.000
[19:15:43]   battery   :    0.000
[19:15:43]   customer  : -186.712
[19:15:43] 
🔌 Main Grid 交易:
[19:15:43]   进口电量:     0.00 kWh
[19:15:43]   出口电量:   495.82 kWh
[19:15:43]   净交易量:  -495.82 kWh
[19:15:43]   平均出清价:   6.27 cents/kWh
[19:15:43]   市场独立度:  86.23%
[19:15:43] 
Buffer大小:  4536
[19:15:43] 噪声水平: 0.0828
[19:15:43] 
动作统计:
[19:15:43]   wind      : mean= 0.037, std= 0.265
[19:15:43]   solar     : mean= 0.092, std= 0.165
[19:15:43]   diesel    : mean=-0.665, std= 0.316
[19:15:43]   battery   : mean= 0.520, std= 0.467
[19:15:43]   customer  : mean= 0.967, std= 0.047
[19:15:44] 
======================================================================
[19:15:44] Episode 180/200
[19:15:44] ======================================================================
[19:15:44] 总奖励:  -180.24 | 步数: 24
[19:15:44] 最近10个episodes平均:  -182.29
[19:15:44] 
各Agent奖励:
[19:15:44]   wind      :    6.495
[19:15:44]   solar     :    1.519
[19:15:44]   diesel    :    0.000
[19:15:44]   battery   :    0.000
[19:15:44]   customer  : -188.253
[19:15:44] 
🔌 Main Grid 交易:
[19:15:44]   进口电量:     0.00 kWh
[19:15:44]   出口电量:   513.93 kWh
[19:15:44]   净交易量:  -513.93 kWh
[19:15:44]   平均出清价:   8.44 cents/kWh
[19:15:44]   市场独立度:  85.72%
[19:15:44] 
Buffer大小:  4560
[19:15:44] 噪声水平: 0.0827
[19:15:44] 
动作统计:
[19:15:44]   wind      : mean= 0.125, std= 0.179
[19:15:44]   solar     : mean= 0.118, std= 0.163
[19:15:44]   diesel    : mean=-0.685, std= 0.291
[19:15:44]   battery   : mean= 0.515, std= 0.473
[19:15:44]   customer  : mean= 0.954, std= 0.063
[19:15:44] 
📊 生成可视化图表...
[19:15:44]   ✓ debug_plots/training_ep0180.png
[19:15:45] 
======================================================================
[19:15:45] Episode 181/200
[19:15:45] ======================================================================
[19:15:45] 总奖励:  -188.79 | 步数: 24
[19:15:45] 最近10个episodes平均:  -182.35
[19:15:45] 
各Agent奖励:
[19:15:45]   wind      :    2.395
[19:15:45]   solar     :    4.765
[19:15:45]   diesel    :    0.000
[19:15:45]   battery   :    0.000
[19:15:45]   customer  : -195.949
[19:15:45] 
🔌 Main Grid 交易:
[19:15:45]   进口电量:     2.37 kWh
[19:15:45]   出口电量:   527.79 kWh
[19:15:45]   净交易量:  -525.43 kWh
[19:15:45]   平均出清价:   6.57 cents/kWh
[19:15:45]   市场独立度:  85.27%
[19:15:45] 
Buffer大小:  4584
[19:15:45] 噪声水平: 0.0826
[19:15:45] 
动作统计:
[19:15:45]   wind      : mean= 0.132, std= 0.228
[19:15:45]   solar     : mean= 0.056, std= 0.272
[19:15:45]   diesel    : mean=-0.712, std= 0.292
[19:15:45]   battery   : mean= 0.529, std= 0.465
[19:15:45]   customer  : mean= 0.976, std= 0.046
[19:15:46] 
======================================================================
[19:15:46] Episode 182/200
[19:15:46] ======================================================================
[19:15:46] 总奖励:  -184.22 | 步数: 24
[19:15:46] 最近10个episodes平均:  -182.81
[19:15:46] 
各Agent奖励:
[19:15:46]   wind      :    3.072
[19:15:46]   solar     :    2.458
[19:15:46]   diesel    :    0.000
[19:15:46]   battery   :   -0.445
[19:15:46]   customer  : -189.306
[19:15:46] 
🔌 Main Grid 交易:
[19:15:46]   进口电量:    18.54 kWh
[19:15:46]   出口电量:   530.78 kWh
[19:15:46]   净交易量:  -512.24 kWh
[19:15:46]   平均出清价:   7.90 cents/kWh
[19:15:46]   市场独立度:  84.74%
[19:15:46] 
Buffer大小:  4608
[19:15:46] 噪声水平: 0.0825
[19:15:46] 
动作统计:
[19:15:46]   wind      : mean= 0.176, std= 0.225
[19:15:46]   solar     : mean= 0.054, std= 0.282
[19:15:46]   diesel    : mean=-0.703, std= 0.303
[19:15:46]   battery   : mean= 0.509, std= 0.490
[19:15:46]   customer  : mean= 0.957, std= 0.060
[19:15:47] 
======================================================================
[19:15:47] Episode 183/200
[19:15:47] ======================================================================
[19:15:47] 总奖励:  -188.55 | 步数: 24
[19:15:47] 最近10个episodes平均:  -183.01
[19:15:47] 
各Agent奖励:
[19:15:47]   wind      :    3.846
[19:15:47]   solar     :    0.215
[19:15:47]   diesel    :    0.000
[19:15:47]   battery   :    0.266
[19:15:47]   customer  : -192.874
[19:15:47] 
🔌 Main Grid 交易:
[19:15:47]   进口电量:     3.54 kWh
[19:15:47]   出口电量:   489.91 kWh
[19:15:47]   净交易量:  -486.37 kWh
[19:15:47]   平均出清价:   6.33 cents/kWh
[19:15:47]   市场独立度:  86.29%
[19:15:47] 
Buffer大小:  4632
[19:15:47] 噪声水平: 0.0824
[19:15:47] 
动作统计:
[19:15:47]   wind      : mean= 0.111, std= 0.285
[19:15:47]   solar     : mean= 0.104, std= 0.169
[19:15:47]   diesel    : mean=-0.739, std= 0.264
[19:15:47]   battery   : mean= 0.531, std= 0.456
[19:15:47]   customer  : mean= 0.957, std= 0.048
[19:15:48] 
======================================================================
[19:15:48] Episode 184/200
[19:15:48] ======================================================================
[19:15:48] 总奖励:  -181.69 | 步数: 24
[19:15:48] 最近10个episodes平均:  -182.59
[19:15:48] 
各Agent奖励:
[19:15:48]   wind      :    4.226
[19:15:48]   solar     :    5.421
[19:15:48]   diesel    :    0.000
[19:15:48]   battery   :    0.000
[19:15:48]   customer  : -191.341
[19:15:48] 
🔌 Main Grid 交易:
[19:15:48]   进口电量:     3.97 kWh
[19:15:48]   出口电量:   454.87 kWh
[19:15:48]   净交易量:  -450.90 kWh
[19:15:48]   平均出清价:   8.64 cents/kWh
[19:15:48]   市场独立度:  87.25%
[19:15:48] 
Buffer大小:  4656
[19:15:48] 噪声水平: 0.0824
[19:15:48] 
动作统计:
[19:15:48]   wind      : mean= 0.117, std= 0.242
[19:15:48]   solar     : mean= 0.040, std= 0.296
[19:15:48]   diesel    : mean=-0.762, std= 0.251
[19:15:48]   battery   : mean= 0.535, std= 0.450
[19:15:48]   customer  : mean= 0.972, std= 0.045
[19:15:49] 
======================================================================
[19:15:49] Episode 185/200
[19:15:49] ======================================================================
[19:15:49] 总奖励:  -187.25 | 步数: 24
[19:15:49] 最近10个episodes平均:  -184.14
[19:15:49] 
各Agent奖励:
[19:15:49]   wind      :    4.387
[19:15:49]   solar     :    1.724
[19:15:49]   diesel    :    0.000
[19:15:49]   battery   :    0.000
[19:15:49]   customer  : -193.357
[19:15:49] 
🔌 Main Grid 交易:
[19:15:49]   进口电量:     0.18 kWh
[19:15:49]   出口电量:   501.11 kWh
[19:15:49]   净交易量:  -500.93 kWh
[19:15:49]   平均出清价:   7.17 cents/kWh
[19:15:49]   市场独立度:  86.08%
[19:15:49] 
Buffer大小:  4680
[19:15:49] 噪声水平: 0.0823
[19:15:49] 
动作统计:
[19:15:49]   wind      : mean= 0.152, std= 0.212
[19:15:49]   solar     : mean= 0.028, std= 0.229
[19:15:49]   diesel    : mean=-0.717, std= 0.275
[19:15:49]   battery   : mean= 0.555, std= 0.447
[19:15:49]   customer  : mean= 0.970, std= 0.036
[19:15:50] 
======================================================================
[19:15:50] Episode 186/200
[19:15:50] ======================================================================
[19:15:50] 总奖励:  -173.96 | 步数: 24
[19:15:50] 最近10个episodes平均:  -183.08
[19:15:50] 
各Agent奖励:
[19:15:50]   wind      :    7.924
[19:15:50]   solar     :    1.651
[19:15:50]   diesel    :    0.000
[19:15:50]   battery   :    0.000
[19:15:50]   customer  : -183.534
[19:15:50] 
🔌 Main Grid 交易:
[19:15:50]   进口电量:     4.84 kWh
[19:15:50]   出口电量:   468.97 kWh
[19:15:50]   净交易量:  -464.13 kWh
[19:15:50]   平均出清价:   6.63 cents/kWh
[19:15:50]   市场独立度:  86.84%
[19:15:50] 
Buffer大小:  4704
[19:15:50] 噪声水平: 0.0822
[19:15:50] 
动作统计:
[19:15:50]   wind      : mean= 0.067, std= 0.244
[19:15:50]   solar     : mean= 0.083, std= 0.206
[19:15:50]   diesel    : mean=-0.720, std= 0.282
[19:15:50]   battery   : mean= 0.541, std= 0.449
[19:15:50]   customer  : mean= 0.959, std= 0.064
[19:15:51] 
======================================================================
[19:15:51] Episode 187/200
[19:15:51] ======================================================================
[19:15:51] 总奖励:  -188.32 | 步数: 24
[19:15:51] 最近10个episodes平均:  -183.84
[19:15:51] 
各Agent奖励:
[19:15:51]   wind      :    3.001
[19:15:51]   solar     :    0.000
[19:15:51]   diesel    :    0.526
[19:15:51]   battery   :    0.370
[19:15:51]   customer  : -192.212
[19:15:51] 
🔌 Main Grid 交易:
[19:15:51]   进口电量:    17.45 kWh
[19:15:51]   出口电量:   401.97 kWh
[19:15:51]   净交易量:  -384.52 kWh
[19:15:51]   平均出清价:   7.12 cents/kWh
[19:15:51]   市场独立度:  88.35%
[19:15:51] 
Buffer大小:  4728
[19:15:51] 噪声水平: 0.0821
[19:15:51] 
动作统计:
[19:15:51]   wind      : mean= 0.176, std= 0.175
[19:15:51]   solar     : mean= 0.135, std= 0.187
[19:15:51]   diesel    : mean=-0.727, std= 0.306
[19:15:51]   battery   : mean= 0.576, std= 0.433
[19:15:51]   customer  : mean= 0.959, std= 0.063
[19:15:51] 
======================================================================
[19:15:51] Episode 188/200
[19:15:51] ======================================================================
[19:15:51] 总奖励:  -186.33 | 步数: 24
[19:15:51] 最近10个episodes平均:  -183.95
[19:15:51] 
各Agent奖励:
[19:15:51]   wind      :    2.853
[19:15:51]   solar     :    1.376
[19:15:51]   diesel    :    0.000
[19:15:51]   battery   :   -0.011
[19:15:51]   customer  : -190.543
[19:15:51] 
🔌 Main Grid 交易:
[19:15:51]   进口电量:     0.00 kWh
[19:15:51]   出口电量:   469.07 kWh
[19:15:51]   净交易量:  -469.07 kWh
[19:15:51]   平均出清价:   6.45 cents/kWh
[19:15:51]   市场独立度:  86.97%
[19:15:51] 
Buffer大小:  4752
[19:15:51] 噪声水平: 0.0820
[19:15:51] 
动作统计:
[19:15:51]   wind      : mean= 0.113, std= 0.221
[19:15:51]   solar     : mean= 0.121, std= 0.237
[19:15:51]   diesel    : mean=-0.747, std= 0.269
[19:15:51]   battery   : mean= 0.561, std= 0.431
[19:15:51]   customer  : mean= 0.969, std= 0.038
[19:15:52] 
======================================================================
[19:15:52] Episode 189/200
[19:15:52] ======================================================================
[19:15:52] 总奖励:  -189.50 | 步数: 24
[19:15:52] 最近10个episodes平均:  -184.88
[19:15:52] 
各Agent奖励:
[19:15:52]   wind      :    0.918
[19:15:52]   solar     :    1.707
[19:15:52]   diesel    :   -0.549
[19:15:52]   battery   :    0.000
[19:15:52]   customer  : -191.580
[19:15:52] 
🔌 Main Grid 交易:
[19:15:52]   进口电量:     0.00 kWh
[19:15:52]   出口电量:   615.85 kWh
[19:15:52]   净交易量:  -615.85 kWh
[19:15:52]   平均出清价:   8.15 cents/kWh
[19:15:52]   市场独立度:  82.89%
[19:15:52] 
Buffer大小:  4776
[19:15:52] 噪声水平: 0.0819
[19:15:52] 
动作统计:
[19:15:52]   wind      : mean= 0.256, std= 0.179
[19:15:52]   solar     : mean= 0.093, std= 0.268
[19:15:52]   diesel    : mean=-0.730, std= 0.285
[19:15:52]   battery   : mean= 0.580, std= 0.418
[19:15:52]   customer  : mean= 0.976, std= 0.033
[19:15:53] 
======================================================================
[19:15:53] Episode 190/200
[19:15:53] ======================================================================
[19:15:53] 总奖励:  -182.42 | 步数: 24
[19:15:53] 最近10个episodes平均:  -185.10
[19:15:53] 
各Agent奖励:
[19:15:53]   wind      :    2.805
[19:15:53]   solar     :    1.342
[19:15:53]   diesel    :    0.000
[19:15:53]   battery   :    0.000
[19:15:53]   customer  : -186.567
[19:15:53] 
🔌 Main Grid 交易:
[19:15:53]   进口电量:     0.13 kWh
[19:15:53]   出口电量:   468.91 kWh
[19:15:53]   净交易量:  -468.78 kWh
[19:15:53]   平均出清价:   5.81 cents/kWh
[19:15:53]   市场独立度:  86.97%
[19:15:53] 
Buffer大小:  4800
[19:15:53] 噪声水平: 0.0819
[19:15:53] 
动作统计:
[19:15:53]   wind      : mean= 0.088, std= 0.313
[19:15:53]   solar     : mean= 0.085, std= 0.257
[19:15:53]   diesel    : mean=-0.771, std= 0.251
[19:15:53]   battery   : mean= 0.602, std= 0.385
[19:15:53]   customer  : mean= 0.958, std= 0.061
[19:15:53] 
📊 生成可视化图表...
[19:15:54]   ✓ debug_plots/training_ep0190.png
[19:15:54] 
======================================================================
[19:15:54] Episode 191/200
[19:15:54] ======================================================================
[19:15:54] 总奖励:  -181.12 | 步数: 24
[19:15:54] 最近10个episodes平均:  -184.33
[19:15:54] 
各Agent奖励:
[19:15:54]   wind      :    4.344
[19:15:54]   solar     :    1.955
[19:15:54]   diesel    :    0.000
[19:15:54]   battery   :    0.000
[19:15:54]   customer  : -187.417
[19:15:54] 
🔌 Main Grid 交易:
[19:15:54]   进口电量:     0.00 kWh
[19:15:54]   出口电量:   470.60 kWh
[19:15:54]   净交易量:  -470.60 kWh
[19:15:54]   平均出清价:   6.84 cents/kWh
[19:15:54]   市场独立度:  86.93%
[19:15:54] 
Buffer大小:  4824
[19:15:54] 噪声水平: 0.0818
[19:15:54] 
动作统计:
[19:15:54]   wind      : mean= 0.203, std= 0.194
[19:15:54]   solar     : mean= 0.095, std= 0.238
[19:15:54]   diesel    : mean=-0.765, std= 0.262
[19:15:54]   battery   : mean= 0.656, std= 0.352
[19:15:54]   customer  : mean= 0.970, std= 0.045
[19:15:55] 
======================================================================
[19:15:55] Episode 192/200
[19:15:55] ======================================================================
[19:15:55] 总奖励:  -184.67 | 步数: 24
[19:15:55] 最近10个episodes平均:  -184.38
[19:15:55] 
各Agent奖励:
[19:15:55]   wind      :    3.239
[19:15:55]   solar     :    2.477
[19:15:55]   diesel    :    0.000
[19:15:55]   battery   :    0.000
[19:15:55]   customer  : -190.386
[19:15:55] 
🔌 Main Grid 交易:
[19:15:55]   进口电量:     0.00 kWh
[19:15:55]   出口电量:   516.80 kWh
[19:15:55]   净交易量:  -516.80 kWh
[19:15:55]   平均出清价:   7.83 cents/kWh
[19:15:55]   市场独立度:  85.64%
[19:15:55] 
Buffer大小:  4848
[19:15:55] 噪声水平: 0.0817
[19:15:55] 
动作统计:
[19:15:55]   wind      : mean= 0.179, std= 0.241
[19:15:55]   solar     : mean= 0.046, std= 0.280
[19:15:55]   diesel    : mean=-0.754, std= 0.271
[19:15:55]   battery   : mean= 0.657, std= 0.355
[19:15:55]   customer  : mean= 0.970, std= 0.040
[19:15:56] 
======================================================================
[19:15:56] Episode 193/200
[19:15:56] ======================================================================
[19:15:56] 总奖励:  -188.06 | 步数: 24
[19:15:56] 最近10个episodes平均:  -184.33
[19:15:56] 
各Agent奖励:
[19:15:56]   wind      :    1.525
[19:15:56]   solar     :    1.985
[19:15:56]   diesel    :   -5.850
[19:15:56]   battery   :    0.000
[19:15:56]   customer  : -185.717
[19:15:56] 
🔌 Main Grid 交易:
[19:15:56]   进口电量:     0.00 kWh
[19:15:56]   出口电量:   503.08 kWh
[19:15:56]   净交易量:  -503.08 kWh
[19:15:56]   平均出清价:   5.91 cents/kWh
[19:15:56]   市场独立度:  86.03%
[19:15:56] 
Buffer大小:  4872
[19:15:56] 噪声水平: 0.0816
[19:15:56] 
动作统计:
[19:15:56]   wind      : mean= 0.178, std= 0.189
[19:15:56]   solar     : mean= 0.021, std= 0.265
[19:15:56]   diesel    : mean=-0.742, std= 0.309
[19:15:56]   battery   : mean= 0.656, std= 0.343
[19:15:56]   customer  : mean= 0.967, std= 0.060
[19:15:57] 
======================================================================
[19:15:57] Episode 194/200
[19:15:57] ======================================================================
[19:15:57] 总奖励:  -179.21 | 步数: 24
[19:15:57] 最近10个episodes平均:  -184.08
[19:15:57] 
各Agent奖励:
[19:15:57]   wind      :    6.568
[19:15:57]   solar     :    2.607
[19:15:57]   diesel    :    0.000
[19:15:57]   battery   :    0.000
[19:15:57]   customer  : -188.382
[19:15:57] 
🔌 Main Grid 交易:
[19:15:57]   进口电量:    10.17 kWh
[19:15:57]   出口电量:   457.60 kWh
[19:15:57]   净交易量:  -447.42 kWh
[19:15:57]   平均出清价:   9.01 cents/kWh
[19:15:57]   市场独立度:  87.01%
[19:15:57] 
Buffer大小:  4896
[19:15:57] 噪声水平: 0.0815
[19:15:57] 
动作统计:
[19:15:57]   wind      : mean= 0.188, std= 0.211
[19:15:57]   solar     : mean= 0.045, std= 0.261
[19:15:57]   diesel    : mean=-0.739, std= 0.263
[19:15:57]   battery   : mean= 0.685, std= 0.319
[19:15:57]   customer  : mean= 0.963, std= 0.043
[19:15:58] 
======================================================================
[19:15:58] Episode 195/200
[19:15:58] ======================================================================
[19:15:58] 总奖励:  -177.66 | 步数: 24
[19:15:58] 最近10个episodes平均:  -183.12
[19:15:58] 
各Agent奖励:
[19:15:58]   wind      :    3.454
[19:15:58]   solar     :    3.352
[19:15:58]   diesel    :    0.000
[19:15:58]   battery   :    0.000
[19:15:58]   customer  : -184.467
[19:15:58] 
🔌 Main Grid 交易:
[19:15:58]   进口电量:     8.67 kWh
[19:15:58]   出口电量:   546.66 kWh
[19:15:58]   净交易量:  -537.99 kWh
[19:15:58]   平均出清价:   9.63 cents/kWh
[19:15:58]   市场独立度:  84.57%
[19:15:58] 
Buffer大小:  4920
[19:15:58] 噪声水平: 0.0815
[19:15:58] 
动作统计:
[19:15:58]   wind      : mean= 0.151, std= 0.232
[19:15:58]   solar     : mean= 0.072, std= 0.267
[19:15:58]   diesel    : mean=-0.756, std= 0.271
[19:15:58]   battery   : mean= 0.674, std= 0.335
[19:15:58]   customer  : mean= 0.969, std= 0.036
[19:15:58] 
======================================================================
[19:15:58] Episode 196/200
[19:15:58] ======================================================================
[19:15:58] 总奖励:  -184.90 | 步数: 24
[19:15:58] 最近10个episodes平均:  -184.22
[19:15:58] 
各Agent奖励:
[19:15:58]   wind      :    2.819
[19:15:58]   solar     :    4.357
[19:15:58]   diesel    :   -1.715
[19:15:58]   battery   :    0.000
[19:15:58]   customer  : -190.364
[19:15:58] 
🔌 Main Grid 交易:
[19:15:58]   进口电量:     4.71 kWh
[19:15:58]   出口电量:   449.74 kWh
[19:15:58]   净交易量:  -445.03 kWh
[19:15:58]   平均出清价:   5.35 cents/kWh
[19:15:58]   市场独立度:  87.38%
[19:15:58] 
Buffer大小:  4944
[19:15:58] 噪声水平: 0.0814
[19:15:58] 
动作统计:
[19:15:58]   wind      : mean= 0.209, std= 0.216
[19:15:58]   solar     : mean= 0.022, std= 0.311
[19:15:58]   diesel    : mean=-0.759, std= 0.259
[19:15:58]   battery   : mean= 0.643, std= 0.360
[19:15:58]   customer  : mean= 0.965, std= 0.046
[19:15:59] 
======================================================================
[19:15:59] Episode 197/200
[19:15:59] ======================================================================
[19:15:59] 总奖励:  -181.09 | 步数: 24
[19:15:59] 最近10个episodes平均:  -183.50
[19:15:59] 
各Agent奖励:
[19:15:59]   wind      :    4.874
[19:15:59]   solar     :    3.090
[19:15:59]   diesel    :    0.000
[19:15:59]   battery   :    0.105
[19:15:59]   customer  : -189.158
[19:15:59] 
🔌 Main Grid 交易:
[19:15:59]   进口电量:     9.76 kWh
[19:15:59]   出口电量:   466.85 kWh
[19:15:59]   净交易量:  -457.08 kWh
[19:15:59]   平均出清价:   9.20 cents/kWh
[19:15:59]   市场独立度:  86.76%
[19:15:59] 
Buffer大小:  4968
[19:15:59] 噪声水平: 0.0813
[19:15:59] 
动作统计:
[19:15:59]   wind      : mean= 0.096, std= 0.264
[19:15:59]   solar     : mean= 0.047, std= 0.300
[19:15:59]   diesel    : mean=-0.761, std= 0.264
[19:15:59]   battery   : mean= 0.607, std= 0.398
[19:15:59]   customer  : mean= 0.960, std= 0.047
[19:16:00] 
======================================================================
[19:16:00] Episode 198/200
[19:16:00] ======================================================================
[19:16:00] 总奖励:  -179.04 | 步数: 24
[19:16:00] 最近10个episodes平均:  -182.77
[19:16:00] 
各Agent奖励:
[19:16:00]   wind      :    1.324
[19:16:00]   solar     :    3.291
[19:16:00]   diesel    :    0.000
[19:16:00]   battery   :    0.000
[19:16:00]   customer  : -183.658
[19:16:00] 
🔌 Main Grid 交易:
[19:16:00]   进口电量:    10.82 kWh
[19:16:00]   出口电量:   439.88 kWh
[19:16:00]   净交易量:  -429.06 kWh
[19:16:00]   平均出清价:   6.96 cents/kWh
[19:16:00]   市场独立度:  87.48%
[19:16:00] 
Buffer大小:  4992
[19:16:00] 噪声水平: 0.0812
[19:16:00] 
动作统计:
[19:16:00]   wind      : mean= 0.124, std= 0.254
[19:16:00]   solar     : mean= 0.031, std= 0.295
[19:16:00]   diesel    : mean=-0.771, std= 0.284
[19:16:00]   battery   : mean= 0.584, std= 0.411
[19:16:00]   customer  : mean= 0.963, std= 0.043
[19:16:01] 
======================================================================
[19:16:01] Episode 199/200
[19:16:01] ======================================================================
[19:16:01] 总奖励:  -183.78 | 步数: 24
[19:16:01] 最近10个episodes平均:  -182.19
[19:16:01] 
各Agent奖励:
[19:16:01]   wind      :    2.478
[19:16:01]   solar     :    0.640
[19:16:01]   diesel    :    0.000
[19:16:01]   battery   :    0.000
[19:16:01]   customer  : -186.895
[19:16:01] 
🔌 Main Grid 交易:
[19:16:01]   进口电量:     0.00 kWh
[19:16:01]   出口电量:   520.05 kWh
[19:16:01]   净交易量:  -520.05 kWh
[19:16:01]   平均出清价:   4.95 cents/kWh
[19:16:01]   市场独立度:  85.55%
[19:16:01] 
Buffer大小:  5016
[19:16:01] 噪声水平: 0.0811
[19:16:01] 
动作统计:
[19:16:01]   wind      : mean= 0.147, std= 0.199
[19:16:01]   solar     : mean= 0.102, std= 0.281
[19:16:01]   diesel    : mean=-0.756, std= 0.279
[19:16:01]   battery   : mean= 0.550, std= 0.452
[19:16:01]   customer  : mean= 0.972, std= 0.047
[19:16:02] 
======================================================================
[19:16:02] Episode 200/200
[19:16:02] ======================================================================
[19:16:02] 总奖励:  -186.73 | 步数: 24
[19:16:02] 最近10个episodes平均:  -182.63
[19:16:02] 
各Agent奖励:
[19:16:02]   wind      :    3.231
[19:16:02]   solar     :    1.761
[19:16:02]   diesel    :   -0.514
[19:16:02]   battery   :    0.000
[19:16:02]   customer  : -191.210
[19:16:02] 
🔌 Main Grid 交易:
[19:16:02]   进口电量:    15.41 kWh
[19:16:02]   出口电量:   439.95 kWh
[19:16:02]   净交易量:  -424.53 kWh
[19:16:02]   平均出清价:   7.01 cents/kWh
[19:16:02]   市场独立度:  87.35%
[19:16:02] 
Buffer大小:  5040
[19:16:02] 噪声水平: 0.0810
[19:16:02] 
动作统计:
[19:16:02]   wind      : mean= 0.193, std= 0.185
[19:16:02]   solar     : mean= 0.086, std= 0.292
[19:16:02]   diesel    : mean=-0.763, std= 0.280
[19:16:02]   battery   : mean= 0.544, std= 0.442
[19:16:02]   customer  : mean= 0.970, std= 0.039
[19:16:02] 
📊 生成可视化图表...
[19:16:02]   ✓ debug_plots/training_ep0200.png
[19:16:02] 💾 保存checkpoint: debug_checkpoints/debug_maddpg_20251203_191300_ep0200.pt
[19:16:02] 
======================================================================
[19:16:02] 🎉 训练完成！
[19:16:02] ======================================================================
[19:16:02] 
💾 统计数据已保存: debug_logs/debug_maddpg_20251203_191300_stats.json
[19:16:02] 📊 Main Grid分析: debug_plots/grid_analysis_final.png
[19:16:02] 💾 保存checkpoint: debug_checkpoints/debug_maddpg_20251203_191300_final.pt
