[17:31:13] 
======================================================================
[17:31:13] 🚀 开始调试训练
[17:31:13] ======================================================================
[17:31:13] 
🔥 预热阶段 (5 episodes)
[17:31:13]   预热 1/5 - Buffer: 24
[17:31:13]   预热 2/5 - Buffer: 48
[17:31:13]   预热 3/5 - Buffer: 72
[17:31:13]   预热 4/5 - Buffer: 96
[17:31:13]   预热 5/5 - Buffer: 120
[17:31:13] 
🏋️  训练阶段
[17:31:13] ======================================================================
[17:31:13] 
======================================================================
[17:31:13] Episode 1/200
[17:31:13] ======================================================================
[17:31:13] 总奖励:   -14.07 | 步数: 24
[17:31:13] 最近10个episodes平均:   -14.07
[17:31:13] 各Agent奖励:
[17:31:13]   wind      :  125.093
[17:31:13]   solar     :   49.667
[17:31:13]   diesel    :    6.410
[17:31:13]   battery   :   -6.650
[17:31:13]   customer  : -188.588
[17:31:13] Buffer大小:   144
[17:31:13] 噪声水平: 0.0994
[17:31:13] 
动作统计:
[17:31:13]   wind      : mean= 0.179, std= 0.094, min=-0.047, max= 0.398
[17:31:13]   solar     : mean=-0.040, std= 0.093, min=-0.270, max= 0.146
[17:31:13]   diesel    : mean=-0.033, std= 0.122, min=-0.284, max= 0.225
[17:31:13]   battery   : mean= 0.012, std= 0.122, min=-0.271, max= 0.283
[17:31:13]   customer  : mean= 0.102, std= 0.103, min=-0.139, max= 0.268
[17:31:13] 
======================================================================
[17:31:13] Episode 2/200
[17:31:13] ======================================================================
[17:31:13] 总奖励:    34.83 | 步数: 24
[17:31:13] 最近10个episodes平均:    10.38
[17:31:13] 各Agent奖励:
[17:31:13]   wind      :  170.379
[17:31:13]   solar     :   46.912
[17:31:13]   diesel    :    2.301
[17:31:13]   battery   :   -9.076
[17:31:13]   customer  : -175.686
[17:31:13] Buffer大小:   168
[17:31:13] 噪声水平: 0.0993
[17:31:13] 
动作统计:
[17:31:13]   wind      : mean= 0.101, std= 0.111, min=-0.081, max= 0.357
[17:31:13]   solar     : mean=-0.078, std= 0.112, min=-0.386, max= 0.110
[17:31:13]   diesel    : mean= 0.019, std= 0.108, min=-0.206, max= 0.240
[17:31:13]   battery   : mean=-0.007, std= 0.109, min=-0.210, max= 0.267
[17:31:13]   customer  : mean= 0.016, std= 0.081, min=-0.176, max= 0.192
[17:31:13] 
======================================================================
[17:31:13] Episode 3/200
[17:31:13] ======================================================================
[17:31:13] 总奖励:     6.36 | 步数: 24
[17:31:13] 最近10个episodes平均:     9.04
[17:31:13] 各Agent奖励:
[17:31:13]   wind      :  128.360
[17:31:13]   solar     :   46.007
[17:31:13]   diesel    :    3.100
[17:31:13]   battery   :   -8.697
[17:31:13]   customer  : -162.412
[17:31:13] Buffer大小:   192
[17:31:13] 噪声水平: 0.0992
[17:31:13] 
动作统计:
[17:31:13]   wind      : mean= 0.031, std= 0.066, min=-0.076, max= 0.174
[17:31:13]   solar     : mean=-0.030, std= 0.082, min=-0.230, max= 0.145
[17:31:13]   diesel    : mean= 0.019, std= 0.119, min=-0.292, max= 0.295
[17:31:13]   battery   : mean=-0.034, std= 0.088, min=-0.239, max= 0.152
[17:31:13]   customer  : mean= 0.007, std= 0.081, min=-0.158, max= 0.162
[17:31:13] 
======================================================================
[17:31:13] Episode 4/200
[17:31:13] ======================================================================
[17:31:13] 总奖励:    56.74 | 步数: 24
[17:31:13] 最近10个episodes平均:    20.97
[17:31:13] 各Agent奖励:
[17:31:13]   wind      :  132.751
[17:31:13]   solar     :   34.763
[17:31:13]   diesel    :   -1.580
[17:31:13]   battery   :   -4.037
[17:31:13]   customer  : -105.158
[17:31:13] Buffer大小:   216
[17:31:13] 噪声水平: 0.0991
[17:31:13] 
动作统计:
[17:31:13]   wind      : mean= 0.038, std= 0.092, min=-0.165, max= 0.239
[17:31:13]   solar     : mean= 0.019, std= 0.098, min=-0.154, max= 0.253
[17:31:13]   diesel    : mean= 0.050, std= 0.111, min=-0.193, max= 0.304
[17:31:13]   battery   : mean=-0.011, std= 0.093, min=-0.179, max= 0.215
[17:31:13]   customer  : mean=-0.038, std= 0.106, min=-0.240, max= 0.200
[17:31:14] 
======================================================================
[17:31:14] Episode 5/200
[17:31:14] ======================================================================
[17:31:14] 总奖励:    25.70 | 步数: 24
[17:31:14] 最近10个episodes平均:    21.91
[17:31:14] 各Agent奖励:
[17:31:14]   wind      :  145.285
[17:31:14]   solar     :   39.387
[17:31:14]   diesel    :    2.749
[17:31:14]   battery   :    0.304
[17:31:14]   customer  : -162.027
[17:31:14] Buffer大小:   240
[17:31:14] 噪声水平: 0.0990
[17:31:14] 
动作统计:
[17:31:14]   wind      : mean= 0.067, std= 0.082, min=-0.087, max= 0.211
[17:31:14]   solar     : mean= 0.101, std= 0.110, min=-0.166, max= 0.301
[17:31:14]   diesel    : mean= 0.101, std= 0.122, min=-0.151, max= 0.350
[17:31:14]   battery   : mean= 0.021, std= 0.114, min=-0.245, max= 0.251
[17:31:14]   customer  : mean=-0.106, std= 0.075, min=-0.240, max= 0.031
[17:31:14] 
======================================================================
[17:31:14] Episode 6/200
[17:31:14] ======================================================================
[17:31:14] 总奖励:    17.91 | 步数: 24
[17:31:14] 最近10个episodes平均:    21.24
[17:31:14] 各Agent奖励:
[17:31:14]   wind      :  173.441
[17:31:14]   solar     :   30.626
[17:31:14]   diesel    :   20.982
[17:31:14]   battery   :    2.990
[17:31:14]   customer  : -210.129
[17:31:14] Buffer大小:   264
[17:31:14] 噪声水平: 0.0989
[17:31:14] 
动作统计:
[17:31:14]   wind      : mean= 0.129, std= 0.091, min=-0.075, max= 0.265
[17:31:14]   solar     : mean= 0.235, std= 0.107, min=-0.018, max= 0.435
[17:31:14]   diesel    : mean= 0.155, std= 0.160, min=-0.147, max= 0.511
[17:31:14]   battery   : mean= 0.046, std= 0.208, min=-0.434, max= 0.428
[17:31:14]   customer  : mean=-0.219, std= 0.091, min=-0.439, max=-0.034
[17:31:14] 
======================================================================
[17:31:14] Episode 7/200
[17:31:14] ======================================================================
[17:31:14] 总奖励:   -21.49 | 步数: 24
[17:31:14] 最近10个episodes平均:    15.14
[17:31:14] 各Agent奖励:
[17:31:14]   wind      :  137.108
[17:31:14]   solar     :   23.353
[17:31:14]   diesel    :   28.844
[17:31:14]   battery   :    2.607
[17:31:14]   customer  : -213.401
[17:31:14] Buffer大小:   288
[17:31:14] 噪声水平: 0.0988
[17:31:14] 
动作统计:
[17:31:14]   wind      : mean= 0.091, std= 0.090, min=-0.084, max= 0.243
[17:31:14]   solar     : mean= 0.309, std= 0.117, min= 0.174, max= 0.561
[17:31:14]   diesel    : mean= 0.281, std= 0.214, min=-0.045, max= 0.653
[17:31:14]   battery   : mean= 0.084, std= 0.302, min=-0.391, max= 0.610
[17:31:14]   customer  : mean=-0.368, std= 0.087, min=-0.570, max=-0.199
[17:31:14] 
======================================================================
[17:31:14] Episode 8/200
[17:31:14] ======================================================================
[17:31:14] 总奖励:   -49.35 | 步数: 24
[17:31:14] 最近10个episodes平均:     7.08
[17:31:14] 各Agent奖励:
[17:31:14]   wind      :   91.329
[17:31:14]   solar     :   15.301
[17:31:14]   diesel    :   22.018
[17:31:14]   battery   :    0.220
[17:31:14]   customer  : -178.222
[17:31:14] Buffer大小:   312
[17:31:14] 噪声水平: 0.0987
[17:31:14] 
动作统计:
[17:31:14]   wind      : mean= 0.047, std= 0.092, min=-0.139, max= 0.192
[17:31:14]   solar     : mean= 0.336, std= 0.118, min= 0.121, max= 0.506
[17:31:14]   diesel    : mean= 0.368, std= 0.221, min=-0.065, max= 0.820
[17:31:14]   battery   : mean= 0.136, std= 0.387, min=-0.357, max= 0.740
[17:31:14]   customer  : mean=-0.479, std= 0.124, min=-0.709, max=-0.247
[17:31:14] 
======================================================================
[17:31:14] Episode 9/200
[17:31:14] ======================================================================
[17:31:14] 总奖励:   -10.51 | 步数: 24
[17:31:14] 最近10个episodes平均:     5.12
[17:31:14] 各Agent奖励:
[17:31:14]   wind      :  112.848
[17:31:14]   solar     :   40.279
[17:31:14]   diesel    :   14.990
[17:31:14]   battery   :   -2.245
[17:31:14]   customer  : -176.381
[17:31:14] Buffer大小:   336
[17:31:14] 噪声水平: 0.0986
[17:31:14] 
动作统计:
[17:31:14]   wind      : mean=-0.131, std= 0.094, min=-0.338, max= 0.037
[17:31:14]   solar     : mean= 0.280, std= 0.120, min= 0.081, max= 0.602
[17:31:14]   diesel    : mean= 0.550, std= 0.238, min= 0.188, max= 1.000
[17:31:14]   battery   : mean= 0.199, std= 0.459, min=-0.478, max= 0.895
[17:31:14]   customer  : mean=-0.498, std= 0.109, min=-0.725, max=-0.298
[17:31:14] 
======================================================================
[17:31:14] Episode 10/200
[17:31:14] ======================================================================
[17:31:14] 总奖励:    43.41 | 步数: 24
[17:31:14] 最近10个episodes平均:     8.95
[17:31:14] 各Agent奖励:
[17:31:14]   wind      :  173.445
[17:31:14]   solar     :   21.794
[17:31:14]   diesel    :    8.088
[17:31:14]   battery   :    2.631
[17:31:14]   customer  : -162.548
[17:31:14] Buffer大小:   360
[17:31:14] 噪声水平: 0.0985
[17:31:14] 
动作统计:
[17:31:14]   wind      : mean=-0.257, std= 0.113, min=-0.452, max=-0.036
[17:31:14]   solar     : mean= 0.155, std= 0.101, min=-0.034, max= 0.369
[17:31:14]   diesel    : mean= 0.677, std= 0.187, min= 0.237, max= 1.000
[17:31:14]   battery   : mean= 0.271, std= 0.458, min=-0.381, max= 0.865
[17:31:14]   customer  : mean=-0.534, std= 0.120, min=-0.793, max=-0.271
[17:31:14] 
📊 生成可视化图表...
[17:31:15]   ✓ 训练曲线: debug_plots/training_ep0010.png
[17:31:15]   ✓ Agent分析: debug_plots/agents_ep0010.png
[17:31:15] 
======================================================================
[17:31:15] Episode 11/200
[17:31:15] ======================================================================
[17:31:15] 总奖励:   -23.26 | 步数: 24
[17:31:15] 最近10个episodes平均:     8.03
[17:31:15] 各Agent奖励:
[17:31:15]   wind      :   50.643
[17:31:15]   solar     :   23.641
[17:31:15]   diesel    :    0.128
[17:31:15]   battery   :    2.420
[17:31:15]   customer  : -100.091
[17:31:15] Buffer大小:   384
[17:31:15] 噪声水平: 0.0984
[17:31:15] 
动作统计:
[17:31:15]   wind      : mean=-0.477, std= 0.117, min=-0.690, max=-0.235
[17:31:15]   solar     : mean= 0.048, std= 0.122, min=-0.243, max= 0.316
[17:31:15]   diesel    : mean= 0.784, std= 0.139, min= 0.465, max= 1.000
[17:31:15]   battery   : mean= 0.352, std= 0.449, min=-0.265, max= 0.975
[17:31:15]   customer  : mean=-0.402, std= 0.116, min=-0.658, max=-0.131
[17:31:15] 
======================================================================
[17:31:15] Episode 12/200
[17:31:15] ======================================================================
[17:31:15] 总奖励:   -55.66 | 步数: 24
[17:31:15] 最近10个episodes平均:    -1.02
[17:31:15] 各Agent奖励:
[17:31:15]   wind      :  -32.588
[17:31:15]   solar     :   12.671
[17:31:15]   diesel    :    2.173
[17:31:15]   battery   :    2.674
[17:31:15]   customer  :  -40.591
[17:31:15] Buffer大小:   408
[17:31:15] 噪声水平: 0.0983
[17:31:15] 
动作统计:
[17:31:15]   wind      : mean=-0.668, std= 0.127, min=-0.916, max=-0.403
[17:31:15]   solar     : mean=-0.120, std= 0.115, min=-0.330, max= 0.126
[17:31:15]   diesel    : mean= 0.869, std= 0.099, min= 0.647, max= 1.000
[17:31:15]   battery   : mean= 0.484, std= 0.389, min=-0.046, max= 1.000
[17:31:15]   customer  : mean=-0.257, std= 0.103, min=-0.430, max=-0.062
[17:31:15] 
======================================================================
[17:31:15] Episode 13/200
[17:31:15] ======================================================================
[17:31:15] 总奖励:   -16.74 | 步数: 24
[17:31:15] 最近10个episodes平均:    -3.33
[17:31:15] 各Agent奖励:
[17:31:15]   wind      :   72.216
[17:31:15]   solar     :   45.800
[17:31:15]   diesel    :    2.163
[17:31:15]   battery   :    2.402
[17:31:15]   customer  : -139.317
[17:31:15] Buffer大小:   432
[17:31:15] 噪声水平: 0.0982
[17:31:15] 
动作统计:
[17:31:15]   wind      : mean=-0.765, std= 0.071, min=-0.917, max=-0.635
[17:31:15]   solar     : mean=-0.295, std= 0.095, min=-0.546, max=-0.098
[17:31:15]   diesel    : mean= 0.893, std= 0.102, min= 0.595, max= 1.000
[17:31:15]   battery   : mean= 0.553, std= 0.314, min= 0.093, max= 1.000
[17:31:15]   customer  : mean=-0.054, std= 0.107, min=-0.331, max= 0.118
[17:31:15] 
======================================================================
[17:31:15] Episode 14/200
[17:31:15] ======================================================================
[17:31:15] 总奖励:  -125.37 | 步数: 24
[17:31:15] 最近10个episodes平均:   -21.54
[17:31:15] 各Agent奖励:
[17:31:15]   wind      : -103.385
[17:31:15]   solar     :    5.852
[17:31:15]   diesel    :    0.000
[17:31:15]   battery   :    0.000
[17:31:15]   customer  :  -27.834
[17:31:15] Buffer大小:   456
[17:31:15] 噪声水平: 0.0981
[17:31:15] 
动作统计:
[17:31:15]   wind      : mean=-0.829, std= 0.087, min=-1.000, max=-0.649
[17:31:15]   solar     : mean=-0.474, std= 0.101, min=-0.638, max=-0.261
[17:31:15]   diesel    : mean= 0.918, std= 0.069, min= 0.764, max= 1.000
[17:31:15]   battery   : mean= 0.672, std= 0.273, min= 0.230, max= 1.000
[17:31:15]   customer  : mean= 0.139, std= 0.097, min=-0.037, max= 0.350
[17:31:16] 
======================================================================
[17:31:16] Episode 15/200
[17:31:16] ======================================================================
[17:31:16] 总奖励:  -148.06 | 步数: 24
[17:31:16] 最近10个episodes平均:   -38.91
[17:31:16] 各Agent奖励:
[17:31:16]   wind      : -185.455
[17:31:16]   solar     :   14.177
[17:31:16]   diesel    :    1.356
[17:31:16]   battery   :    0.000
[17:31:16]   customer  :   21.861
[17:31:16] Buffer大小:   480
[17:31:16] 噪声水平: 0.0980
[17:31:16] 
动作统计:
[17:31:16]   wind      : mean=-0.919, std= 0.086, min=-1.000, max=-0.709
[17:31:16]   solar     : mean=-0.664, std= 0.123, min=-0.874, max=-0.404
[17:31:16]   diesel    : mean= 0.918, std= 0.093, min= 0.660, max= 1.000
[17:31:16]   battery   : mean= 0.736, std= 0.230, min= 0.311, max= 1.000
[17:31:16]   customer  : mean= 0.332, std= 0.095, min= 0.148, max= 0.564
[17:31:16] 
======================================================================
[17:31:16] Episode 16/200
[17:31:16] ======================================================================
[17:31:16] 总奖励:  -167.61 | 步数: 24
[17:31:16] 最近10个episodes平均:   -57.46
[17:31:16] 各Agent奖励:
[17:31:16]   wind      : -137.601
[17:31:16]   solar     :   -1.449
[17:31:16]   diesel    :    0.000
[17:31:16]   battery   :    0.000
[17:31:16]   customer  :  -28.565
[17:31:16] Buffer大小:   504
[17:31:16] 噪声水平: 0.0979
[17:31:16] 
动作统计:
[17:31:16]   wind      : mean=-0.925, std= 0.084, min=-1.000, max=-0.716
[17:31:16]   solar     : mean=-0.750, std= 0.143, min=-1.000, max=-0.521
[17:31:16]   diesel    : mean= 0.931, std= 0.082, min= 0.659, max= 1.000
[17:31:16]   battery   : mean= 0.815, std= 0.171, min= 0.377, max= 1.000
[17:31:16]   customer  : mean= 0.498, std= 0.085, min= 0.348, max= 0.695
[17:31:16] 
======================================================================
[17:31:16] Episode 17/200
[17:31:16] ======================================================================
[17:31:16] 总奖励:  -190.03 | 步数: 24
[17:31:16] 最近10个episodes平均:   -74.32
[17:31:16] 各Agent奖励:
[17:31:16]   wind      : -130.283
[17:31:16]   solar     :   -8.061
[17:31:16]   diesel    :    0.000
[17:31:16]   battery   :    0.000
[17:31:16]   customer  :  -51.684
[17:31:16] Buffer大小:   528
[17:31:16] 噪声水平: 0.0978
[17:31:16] 
动作统计:
[17:31:16]   wind      : mean=-0.925, std= 0.078, min=-1.000, max=-0.718
[17:31:16]   solar     : mean=-0.793, std= 0.159, min=-1.000, max=-0.457
[17:31:16]   diesel    : mean= 0.938, std= 0.064, min= 0.761, max= 1.000
[17:31:16]   battery   : mean= 0.850, std= 0.122, min= 0.486, max= 1.000
[17:31:16]   customer  : mean= 0.618, std= 0.094, min= 0.401, max= 0.807
[17:31:16] 
======================================================================
[17:31:16] Episode 18/200
[17:31:16] ======================================================================
[17:31:16] 总奖励:  -211.08 | 步数: 24
[17:31:16] 最近10个episodes平均:   -90.49
[17:31:16] 各Agent奖励:
[17:31:16]   wind      : -153.639
[17:31:16]   solar     :   -7.327
[17:31:16]   diesel    :    0.000
[17:31:16]   battery   :    0.000
[17:31:16]   customer  :  -50.116
[17:31:16] Buffer大小:   552
[17:31:16] 噪声水平: 0.0977
[17:31:16] 
动作统计:
[17:31:16]   wind      : mean=-0.950, std= 0.064, min=-1.000, max=-0.794
[17:31:16]   solar     : mean=-0.854, std= 0.103, min=-1.000, max=-0.631
[17:31:16]   diesel    : mean= 0.940, std= 0.065, min= 0.703, max= 1.000
[17:31:16]   battery   : mean= 0.864, std= 0.122, min= 0.557, max= 1.000
[17:31:16]   customer  : mean= 0.713, std= 0.116, min= 0.487, max= 0.928
[17:31:16] 
======================================================================
[17:31:16] Episode 19/200
[17:31:16] ======================================================================
[17:31:16] 总奖励:  -202.35 | 步数: 24
[17:31:16] 最近10个episodes平均:  -109.67
[17:31:16] 各Agent奖励:
[17:31:16]   wind      :  -62.868
[17:31:16]   solar     :  -29.334
[17:31:16]   diesel    :    0.000
[17:31:16]   battery   :    0.000
[17:31:16]   customer  : -110.148
[17:31:16] Buffer大小:   576
[17:31:16] 噪声水平: 0.0976
[17:31:16] 
动作统计:
[17:31:16]   wind      : mean=-0.913, std= 0.075, min=-1.000, max=-0.768
[17:31:16]   solar     : mean=-0.903, std= 0.085, min=-1.000, max=-0.757
[17:31:16]   diesel    : mean= 0.926, std= 0.069, min= 0.777, max= 1.000
[17:31:16]   battery   : mean= 0.902, std= 0.094, min= 0.700, max= 1.000
[17:31:16]   customer  : mean= 0.797, std= 0.104, min= 0.643, max= 1.000
[17:31:16] 
======================================================================
[17:31:16] Episode 20/200
[17:31:16] ======================================================================
[17:31:16] 总奖励:  -196.14 | 步数: 24
[17:31:16] 最近10个episodes平均:  -133.63
[17:31:16] 各Agent奖励:
[17:31:16]   wind      :  -56.044
[17:31:16]   solar     :   -5.371
[17:31:16]   diesel    :    0.000
[17:31:16]   battery   :    0.000
[17:31:16]   customer  : -134.728
[17:31:16] Buffer大小:   600
[17:31:16] 噪声水平: 0.0975
[17:31:16] 
动作统计:
[17:31:16]   wind      : mean=-0.966, std= 0.046, min=-1.000, max=-0.863
[17:31:16]   solar     : mean=-0.932, std= 0.077, min=-1.000, max=-0.770
[17:31:16]   diesel    : mean= 0.924, std= 0.090, min= 0.651, max= 1.000
[17:31:16]   battery   : mean= 0.901, std= 0.088, min= 0.701, max= 1.000
[17:31:16]   customer  : mean= 0.883, std= 0.073, min= 0.707, max= 1.000
[17:31:16] 
📊 生成可视化图表...
[17:31:17]   ✓ 训练曲线: debug_plots/training_ep0020.png
[17:31:17]   ✓ Agent分析: debug_plots/agents_ep0020.png
[17:31:17] 
======================================================================
[17:31:17] Episode 21/200
[17:31:17] ======================================================================
[17:31:17] 总奖励:  -206.27 | 步数: 24
[17:31:17] 最近10个episodes平均:  -151.93
[17:31:17] 各Agent奖励:
[17:31:17]   wind      :  -51.871
[17:31:17]   solar     :  -16.733
[17:31:17]   diesel    :    0.000
[17:31:17]   battery   :    0.000
[17:31:17]   customer  : -137.670
[17:31:17] Buffer大小:   624
[17:31:17] 噪声水平: 0.0974
[17:31:17] 
动作统计:
[17:31:17]   wind      : mean=-0.925, std= 0.075, min=-1.000, max=-0.785
[17:31:17]   solar     : mean=-0.906, std= 0.090, min=-1.000, max=-0.689
[17:31:17]   diesel    : mean= 0.899, std= 0.097, min= 0.670, max= 1.000
[17:31:17]   battery   : mean= 0.917, std= 0.088, min= 0.717, max= 1.000
[17:31:17]   customer  : mean= 0.877, std= 0.086, min= 0.734, max= 1.000
[17:31:17] 
======================================================================
[17:31:17] Episode 22/200
[17:31:17] ======================================================================
[17:31:17] 总奖励:  -194.90 | 步数: 24
[17:31:17] 最近10个episodes平均:  -165.86
[17:31:17] 各Agent奖励:
[17:31:17]   wind      :  -44.197
[17:31:17]   solar     :   -0.763
[17:31:17]   diesel    :    0.000
[17:31:17]   battery   :    0.000
[17:31:17]   customer  : -149.943
[17:31:17] Buffer大小:   648
[17:31:17] 噪声水平: 0.0973
[17:31:17] 
动作统计:
[17:31:17]   wind      : mean=-0.956, std= 0.050, min=-1.000, max=-0.826
[17:31:17]   solar     : mean=-0.924, std= 0.068, min=-1.000, max=-0.771
[17:31:17]   diesel    : mean= 0.828, std= 0.170, min= 0.433, max= 1.000
[17:31:17]   battery   : mean= 0.932, std= 0.070, min= 0.723, max= 1.000
[17:31:17]   customer  : mean= 0.921, std= 0.062, min= 0.774, max= 1.000
[17:31:17] 
======================================================================
[17:31:17] Episode 23/200
[17:31:17] ======================================================================
[17:31:17] 总奖励:  -190.71 | 步数: 24
[17:31:17] 最近10个episodes平均:  -183.25
[17:31:17] 各Agent奖励:
[17:31:17]   wind      :  -34.691
[17:31:17]   solar     :   -6.675
[17:31:17]   diesel    :    0.000
[17:31:17]   battery   :    0.000
[17:31:17]   customer  : -149.348
[17:31:17] Buffer大小:   672
[17:31:17] 噪声水平: 0.0972
[17:31:17] 
动作统计:
[17:31:17]   wind      : mean=-0.956, std= 0.067, min=-1.000, max=-0.806
[17:31:17]   solar     : mean=-0.953, std= 0.056, min=-1.000, max=-0.820
[17:31:17]   diesel    : mean= 0.789, std= 0.201, min= 0.347, max= 1.000
[17:31:17]   battery   : mean= 0.939, std= 0.073, min= 0.723, max= 1.000
[17:31:17]   customer  : mean= 0.917, std= 0.064, min= 0.763, max= 1.000
[17:31:17] 
======================================================================
[17:31:17] Episode 24/200
[17:31:17] ======================================================================
[17:31:17] 总奖励:  -195.78 | 步数: 24
[17:31:17] 最近10个episodes平均:  -190.30
[17:31:17] 各Agent奖励:
[17:31:17]   wind      :  -19.717
[17:31:17]   solar     :   -6.596
[17:31:17]   diesel    :    0.000
[17:31:17]   battery   :    0.000
[17:31:17]   customer  : -169.472
[17:31:17] Buffer大小:   696
[17:31:17] 噪声水平: 0.0971
[17:31:17] 
动作统计:
[17:31:17]   wind      : mean=-0.964, std= 0.076, min=-1.000, max=-0.652
[17:31:17]   solar     : mean=-0.969, std= 0.060, min=-1.000, max=-0.725
[17:31:17]   diesel    : mean= 0.770, std= 0.240, min= 0.209, max= 1.000
[17:31:17]   battery   : mean= 0.913, std= 0.089, min= 0.659, max= 1.000
[17:31:17]   customer  : mean= 0.953, std= 0.050, min= 0.859, max= 1.000
[17:31:17] 
======================================================================
[17:31:17] Episode 25/200
[17:31:17] ======================================================================
[17:31:17] 总奖励:  -193.57 | 步数: 24
[17:31:17] 最近10个episodes平均:  -194.85
[17:31:17] 各Agent奖励:
[17:31:17]   wind      :  -37.491
[17:31:17]   solar     :  -12.949
[17:31:17]   diesel    :    0.016
[17:31:17]   battery   :    0.000
[17:31:17]   customer  : -143.148
[17:31:17] Buffer大小:   720
[17:31:17] 噪声水平: 0.0970
[17:31:17] 
动作统计:
[17:31:17]   wind      : mean=-0.937, std= 0.071, min=-1.000, max=-0.759
[17:31:17]   solar     : mean=-0.970, std= 0.043, min=-1.000, max=-0.852
[17:31:17]   diesel    : mean= 0.712, std= 0.301, min=-0.173, max= 1.000
[17:31:17]   battery   : mean= 0.921, std= 0.075, min= 0.739, max= 1.000
[17:31:17]   customer  : mean= 0.909, std= 0.076, min= 0.740, max= 1.000
[17:31:18] 
======================================================================
[17:31:18] Episode 26/200
[17:31:18] ======================================================================
[17:31:18] 总奖励:  -199.74 | 步数: 24
[17:31:18] 最近10个episodes平均:  -198.06
[17:31:18] 各Agent奖励:
[17:31:18]   wind      :  -29.012
[17:31:18]   solar     :   -5.778
[17:31:18]   diesel    :    0.000
[17:31:18]   battery   :    0.000
[17:31:18]   customer  : -164.952
[17:31:18] Buffer大小:   744
[17:31:18] 噪声水平: 0.0969
[17:31:18] 
动作统计:
[17:31:18]   wind      : mean=-0.928, std= 0.064, min=-1.000, max=-0.748
[17:31:18]   solar     : mean=-0.949, std= 0.060, min=-1.000, max=-0.792
[17:31:18]   diesel    : mean= 0.708, std= 0.323, min=-0.016, max= 1.000
[17:31:18]   battery   : mean= 0.919, std= 0.085, min= 0.725, max= 1.000
[17:31:18]   customer  : mean= 0.949, std= 0.065, min= 0.727, max= 1.000
[17:31:18] 
======================================================================
[17:31:18] Episode 27/200
[17:31:18] ======================================================================
[17:31:18] 总奖励:  -191.34 | 步数: 24
[17:31:18] 最近10个episodes平均:  -198.19
[17:31:18] 各Agent奖励:
[17:31:18]   wind      :   -8.447
[17:31:18]   solar     :   -1.098
[17:31:18]   diesel    :    0.000
[17:31:18]   battery   :    0.000
[17:31:18]   customer  : -181.799
[17:31:18] Buffer大小:   768
[17:31:18] 噪声水平: 0.0968
[17:31:18] 
动作统计:
[17:31:18]   wind      : mean=-0.890, std= 0.098, min=-1.000, max=-0.629
[17:31:18]   solar     : mean=-0.955, std= 0.055, min=-1.000, max=-0.839
[17:31:18]   diesel    : mean= 0.721, std= 0.339, min=-0.145, max= 1.000
[17:31:18]   battery   : mean= 0.933, std= 0.068, min= 0.716, max= 1.000
[17:31:18]   customer  : mean= 0.978, std= 0.046, min= 0.821, max= 1.000
[17:31:18] 
======================================================================
[17:31:18] Episode 28/200
[17:31:18] ======================================================================
[17:31:18] 总奖励:  -190.28 | 步数: 24
[17:31:18] 最近10个episodes平均:  -196.11
[17:31:18] 各Agent奖励:
[17:31:18]   wind      :  -14.521
[17:31:18]   solar     :  -12.404
[17:31:18]   diesel    :   -0.125
[17:31:18]   battery   :    0.000
[17:31:18]   customer  : -163.226
[17:31:18] Buffer大小:   792
[17:31:18] 噪声水平: 0.0968
[17:31:18] 
动作统计:
[17:31:18]   wind      : mean=-0.749, std= 0.086, min=-0.931, max=-0.616
[17:31:18]   solar     : mean=-0.953, std= 0.061, min=-1.000, max=-0.793
[17:31:18]   diesel    : mean= 0.698, std= 0.363, min=-0.332, max= 1.000
[17:31:18]   battery   : mean= 0.941, std= 0.071, min= 0.762, max= 1.000
[17:31:18]   customer  : mean= 0.937, std= 0.062, min= 0.754, max= 1.000
[17:31:18] 
======================================================================
[17:31:18] Episode 29/200
[17:31:18] ======================================================================
[17:31:18] 总奖励:  -192.48 | 步数: 24
[17:31:18] 最近10个episodes平均:  -195.12
[17:31:18] 各Agent奖励:
[17:31:18]   wind      :   -6.563
[17:31:18]   solar     :  -21.768
[17:31:18]   diesel    :   -1.393
[17:31:18]   battery   :    0.000
[17:31:18]   customer  : -162.757
[17:31:18] Buffer大小:   816
[17:31:18] 噪声水平: 0.0967
[17:31:18] 
动作统计:
[17:31:18]   wind      : mean=-0.446, std= 0.094, min=-0.615, max=-0.268
[17:31:18]   solar     : mean=-0.959, std= 0.042, min=-1.000, max=-0.856
[17:31:18]   diesel    : mean= 0.669, std= 0.401, min=-0.270, max= 1.000
[17:31:18]   battery   : mean= 0.937, std= 0.077, min= 0.728, max= 1.000
[17:31:18]   customer  : mean= 0.904, std= 0.079, min= 0.749, max= 1.000
[17:31:18] 
======================================================================
[17:31:18] Episode 30/200
[17:31:18] ======================================================================
[17:31:18] 总奖励:  -180.59 | 步数: 24
[17:31:18] 最近10个episodes平均:  -193.57
[17:31:18] 各Agent奖励:
[17:31:18]   wind      :    7.713
[17:31:18]   solar     :  -26.313
[17:31:18]   diesel    :   -4.208
[17:31:18]   battery   :    0.000
[17:31:18]   customer  : -157.786
[17:31:18] Buffer大小:   840
[17:31:18] 噪声水平: 0.0966
[17:31:18] 
动作统计:
[17:31:18]   wind      : mean=-0.019, std= 0.164, min=-0.298, max= 0.267
[17:31:18]   solar     : mean=-0.941, std= 0.070, min=-1.000, max=-0.773
[17:31:18]   diesel    : mean= 0.676, std= 0.392, min=-0.345, max= 1.000
[17:31:18]   battery   : mean= 0.950, std= 0.060, min= 0.797, max= 1.000
[17:31:18]   customer  : mean= 0.869, std= 0.107, min= 0.629, max= 1.000
[17:31:18] 
📊 生成可视化图表...
[17:31:19]   ✓ 训练曲线: debug_plots/training_ep0030.png
[17:31:19]   ✓ Agent分析: debug_plots/agents_ep0030.png
[17:31:19] 
======================================================================
[17:31:19] Episode 31/200
[17:31:19] ======================================================================
[17:31:19] 总奖励:  -181.81 | 步数: 24
[17:31:19] 最近10个episodes平均:  -191.12
[17:31:19] 各Agent奖励:
[17:31:19]   wind      :   13.572
[17:31:19]   solar     :  -32.814
[17:31:19]   diesel    :   -7.816
[17:31:19]   battery   :    0.000
[17:31:19]   customer  : -154.755
[17:31:19] Buffer大小:   864
[17:31:19] 噪声水平: 0.0965
[17:31:19] 
动作统计:
[17:31:19]   wind      : mean= 0.350, std= 0.168, min= 0.078, max= 0.688
[17:31:19]   solar     : mean=-0.927, std= 0.057, min=-1.000, max=-0.803
[17:31:19]   diesel    : mean= 0.682, std= 0.385, min=-0.308, max= 1.000
[17:31:19]   battery   : mean= 0.933, std= 0.078, min= 0.673, max= 1.000
[17:31:19]   customer  : mean= 0.809, std= 0.099, min= 0.603, max= 1.000
[17:31:19] 
======================================================================
[17:31:19] Episode 32/200
[17:31:19] ======================================================================
[17:31:19] 总奖励:  -191.49 | 步数: 24
[17:31:19] 最近10个episodes平均:  -190.78
[17:31:19] 各Agent奖励:
[17:31:19]   wind      :    1.581
[17:31:19]   solar     :  -21.865
[17:31:19]   diesel    :  -16.517
[17:31:19]   battery   :    0.000
[17:31:19]   customer  : -154.689
[17:31:19] Buffer大小:   888
[17:31:19] 噪声水平: 0.0964
[17:31:19] 
动作统计:
[17:31:19]   wind      : mean= 0.579, std= 0.153, min= 0.150, max= 0.766
[17:31:19]   solar     : mean=-0.964, std= 0.058, min=-1.000, max=-0.768
[17:31:19]   diesel    : mean= 0.692, std= 0.393, min=-0.393, max= 1.000
[17:31:19]   battery   : mean= 0.947, std= 0.063, min= 0.811, max= 1.000
[17:31:19]   customer  : mean= 0.675, std= 0.079, min= 0.493, max= 0.860
[17:31:19] 
======================================================================
[17:31:19] Episode 33/200
[17:31:19] ======================================================================
[17:31:19] 总奖励:  -182.95 | 步数: 24
[17:31:19] 最近10个episodes平均:  -190.00
[17:31:19] 各Agent奖励:
[17:31:19]   wind      :    0.000
[17:31:19]   solar     :    2.476
[17:31:19]   diesel    :   -4.945
[17:31:19]   battery   :    0.000
[17:31:19]   customer  : -180.480
[17:31:19] Buffer大小:   912
[17:31:19] 噪声水平: 0.0963
[17:31:19] 
动作统计:
[17:31:19]   wind      : mean= 0.708, std= 0.137, min= 0.479, max= 0.945
[17:31:19]   solar     : mean=-0.951, std= 0.062, min=-1.000, max=-0.812
[17:31:19]   diesel    : mean= 0.711, std= 0.367, min=-0.408, max= 1.000
[17:31:19]   battery   : mean= 0.925, std= 0.076, min= 0.725, max= 1.000
[17:31:19]   customer  : mean= 0.534, std= 0.110, min= 0.355, max= 0.763
[17:31:20] 
======================================================================
[17:31:20] Episode 34/200
[17:31:20] ======================================================================
[17:31:20] 总奖励:  -155.79 | 步数: 24
[17:31:20] 最近10个episodes平均:  -186.01
[17:31:20] 各Agent奖励:
[17:31:20]   wind      :    0.000
[17:31:20]   solar     :   64.699
[17:31:20]   diesel    :   16.394
[17:31:20]   battery   :    0.000
[17:31:20]   customer  : -236.886
[17:31:20] Buffer大小:   936
[17:31:20] 噪声水平: 0.0962
[17:31:20] 
动作统计:
[17:31:20]   wind      : mean= 0.778, std= 0.140, min= 0.487, max= 1.000
[17:31:20]   solar     : mean=-0.960, std= 0.060, min=-1.000, max=-0.815
[17:31:20]   diesel    : mean= 0.703, std= 0.352, min=-0.407, max= 1.000
[17:31:20]   battery   : mean= 0.925, std= 0.085, min= 0.712, max= 1.000
[17:31:20]   customer  : mean= 0.444, std= 0.159, min= 0.151, max= 0.812
[17:31:20] 
======================================================================
[17:31:20] Episode 35/200
[17:31:20] ======================================================================
[17:31:20] 总奖励:  -182.30 | 步数: 24
[17:31:20] 最近10个episodes平均:  -184.88
[17:31:20] 各Agent奖励:
[17:31:20]   wind      :    0.000
[17:31:20]   solar     :   36.128
[17:31:20]   diesel    :   28.544
[17:31:20]   battery   :    0.000
[17:31:20]   customer  : -246.967
[17:31:20] Buffer大小:   960
[17:31:20] 噪声水平: 0.0961
[17:31:20] 
动作统计:
[17:31:20]   wind      : mean= 0.867, std= 0.113, min= 0.580, max= 1.000
[17:31:20]   solar     : mean=-0.927, std= 0.076, min=-1.000, max=-0.767
[17:31:20]   diesel    : mean= 0.721, std= 0.341, min=-0.275, max= 1.000
[17:31:20]   battery   : mean= 0.916, std= 0.088, min= 0.723, max= 1.000
[17:31:20]   customer  : mean= 0.400, std= 0.244, min=-0.026, max= 0.863
[17:31:20] 
======================================================================
[17:31:20] Episode 36/200
[17:31:20] ======================================================================
[17:31:20] 总奖励:  -179.92 | 步数: 24
[17:31:20] 最近10个episodes平均:  -182.90
[17:31:20] 各Agent奖励:
[17:31:20]   wind      :    0.000
[17:31:20]   solar     :   74.252
[17:31:20]   diesel    :    3.397
[17:31:20]   battery   :    0.000
[17:31:20]   customer  : -257.567
[17:31:20] Buffer大小:   984
[17:31:20] 噪声水平: 0.0960
[17:31:20] 
动作统计:
[17:31:20]   wind      : mean= 0.866, std= 0.116, min= 0.542, max= 1.000
[17:31:20]   solar     : mean=-0.924, std= 0.072, min=-1.000, max=-0.789
[17:31:20]   diesel    : mean= 0.742, std= 0.326, min=-0.257, max= 1.000
[17:31:20]   battery   : mean= 0.926, std= 0.076, min= 0.747, max= 1.000
[17:31:20]   customer  : mean= 0.358, std= 0.218, min=-0.094, max= 0.871
[17:31:20] 
======================================================================
[17:31:20] Episode 37/200
[17:31:20] ======================================================================
[17:31:20] 总奖励:  -193.64 | 步数: 24
[17:31:20] 最近10个episodes平均:  -183.12
[17:31:20] 各Agent奖励:
[17:31:20]   wind      :    0.000
[17:31:20]   solar     :   51.086
[17:31:20]   diesel    :   21.432
[17:31:20]   battery   :    0.000
[17:31:20]   customer  : -266.154
[17:31:20] Buffer大小:  1008
[17:31:20] 噪声水平: 0.0959
[17:31:20] 
动作统计:
[17:31:20]   wind      : mean= 0.882, std= 0.071, min= 0.766, max= 1.000
[17:31:20]   solar     : mean=-0.937, std= 0.067, min=-1.000, max=-0.799
[17:31:20]   diesel    : mean= 0.758, std= 0.315, min=-0.352, max= 1.000
[17:31:20]   battery   : mean= 0.926, std= 0.087, min= 0.691, max= 1.000
[17:31:20]   customer  : mean= 0.344, std= 0.260, min= 0.017, max= 0.853
[17:31:20] 
======================================================================
[17:31:20] Episode 38/200
[17:31:20] ======================================================================
[17:31:20] 总奖励:  -203.21 | 步数: 24
[17:31:20] 最近10个episodes平均:  -184.42
[17:31:20] 各Agent奖励:
[17:31:20]   wind      :    0.000
[17:31:20]   solar     :   42.699
[17:31:20]   diesel    :    9.586
[17:31:20]   battery   :    0.000
[17:31:20]   customer  : -255.494
[17:31:20] Buffer大小:  1032
[17:31:20] 噪声水平: 0.0958
[17:31:20] 
动作统计:
[17:31:20]   wind      : mean= 0.877, std= 0.091, min= 0.660, max= 1.000
[17:31:20]   solar     : mean=-0.929, std= 0.069, min=-1.000, max=-0.770
[17:31:20]   diesel    : mean= 0.770, std= 0.327, min=-0.275, max= 1.000
[17:31:20]   battery   : mean= 0.918, std= 0.097, min= 0.579, max= 1.000
[17:31:20]   customer  : mean= 0.317, std= 0.363, min=-0.313, max= 1.000
[17:31:20] 
======================================================================
[17:31:20] Episode 39/200
[17:31:20] ======================================================================
[17:31:20] 总奖励:  -186.05 | 步数: 24
[17:31:20] 最近10个episodes平均:  -183.78
[17:31:20] 各Agent奖励:
[17:31:20]   wind      :    3.545
[17:31:20]   solar     :   46.342
[17:31:20]   diesel    :   16.552
[17:31:20]   battery   :    0.000
[17:31:20]   customer  : -252.493
[17:31:20] Buffer大小:  1056
[17:31:20] 噪声水平: 0.0957
[17:31:20] 
动作统计:
[17:31:20]   wind      : mean= 0.867, std= 0.101, min= 0.632, max= 1.000
[17:31:20]   solar     : mean=-0.942, std= 0.066, min=-1.000, max=-0.796
[17:31:20]   diesel    : mean= 0.770, std= 0.321, min=-0.107, max= 1.000
[17:31:20]   battery   : mean= 0.913, std= 0.102, min= 0.568, max= 1.000
[17:31:20]   customer  : mean= 0.367, std= 0.334, min=-0.276, max= 1.000
[17:31:21] 
======================================================================
[17:31:21] Episode 40/200
[17:31:21] ======================================================================
[17:31:21] 总奖励:  -191.27 | 步数: 24
[17:31:21] 最近10个episodes平均:  -184.84
[17:31:21] 各Agent奖励:
[17:31:21]   wind      :   16.797
[17:31:21]   solar     :   50.785
[17:31:21]   diesel    :    3.155
[17:31:21]   battery   :    0.000
[17:31:21]   customer  : -262.006
[17:31:21] Buffer大小:  1080
[17:31:21] 噪声水平: 0.0956
[17:31:21] 
动作统计:
[17:31:21]   wind      : mean= 0.836, std= 0.151, min= 0.355, max= 1.000
[17:31:21]   solar     : mean=-0.932, std= 0.090, min=-1.000, max=-0.628
[17:31:21]   diesel    : mean= 0.752, std= 0.335, min=-0.144, max= 1.000
[17:31:21]   battery   : mean= 0.900, std= 0.101, min= 0.611, max= 1.000
[17:31:21]   customer  : mean= 0.380, std= 0.390, min=-0.410, max= 1.000
[17:31:21] 
📊 生成可视化图表...
[17:31:21]   ✓ 训练曲线: debug_plots/training_ep0040.png
[17:31:21]   ✓ Agent分析: debug_plots/agents_ep0040.png
[17:31:21] 
======================================================================
[17:31:21] Episode 41/200
[17:31:21] ======================================================================
[17:31:21] 总奖励:  -202.08 | 步数: 24
[17:31:21] 最近10个episodes平均:  -186.87
[17:31:21] 各Agent奖励:
[17:31:21]   wind      :    7.361
[17:31:21]   solar     :   42.736
[17:31:21]   diesel    :   16.130
[17:31:21]   battery   :    0.000
[17:31:21]   customer  : -268.309
[17:31:21] Buffer大小:  1104
[17:31:21] 噪声水平: 0.0955
[17:31:21] 
动作统计:
[17:31:21]   wind      : mean= 0.808, std= 0.157, min= 0.528, max= 1.000
[17:31:21]   solar     : mean=-0.946, std= 0.059, min=-1.000, max=-0.795
[17:31:21]   diesel    : mean= 0.755, std= 0.338, min=-0.241, max= 1.000
[17:31:21]   battery   : mean= 0.882, std= 0.135, min= 0.488, max= 1.000
[17:31:21]   customer  : mean= 0.379, std= 0.500, min=-0.494, max= 1.000
[17:31:22] 
======================================================================
[17:31:22] Episode 42/200
[17:31:22] ======================================================================
[17:31:22] 总奖励:  -195.75 | 步数: 24
[17:31:22] 最近10个episodes平均:  -187.30
[17:31:22] 各Agent奖励:
[17:31:22]   wind      :   16.758
[17:31:22]   solar     :   39.267
[17:31:22]   diesel    :    8.754
[17:31:22]   battery   :    0.000
[17:31:22]   customer  : -260.532
[17:31:22] Buffer大小:  1128
[17:31:22] 噪声水平: 0.0954
[17:31:22] 
动作统计:
[17:31:22]   wind      : mean= 0.795, std= 0.186, min= 0.302, max= 1.000
[17:31:22]   solar     : mean=-0.910, std= 0.063, min=-1.000, max=-0.776
[17:31:22]   diesel    : mean= 0.715, std= 0.384, min=-0.363, max= 1.000
[17:31:22]   battery   : mean= 0.866, std= 0.164, min= 0.387, max= 1.000
[17:31:22]   customer  : mean= 0.408, std= 0.496, min=-0.282, max= 1.000
[17:31:22] 
======================================================================
[17:31:22] Episode 43/200
[17:31:22] ======================================================================
[17:31:22] 总奖励:  -195.53 | 步数: 24
[17:31:22] 最近10个episodes平均:  -188.55
[17:31:22] 各Agent奖励:
[17:31:22]   wind      :    5.697
[17:31:22]   solar     :   45.412
[17:31:22]   diesel    :   16.554
[17:31:22]   battery   :    0.000
[17:31:22]   customer  : -263.194
[17:31:22] Buffer大小:  1152
[17:31:22] 噪声水平: 0.0953
[17:31:22] 
动作统计:
[17:31:22]   wind      : mean= 0.783, std= 0.192, min= 0.354, max= 1.000
[17:31:22]   solar     : mean=-0.934, std= 0.075, min=-1.000, max=-0.724
[17:31:22]   diesel    : mean= 0.735, std= 0.327, min=-0.117, max= 1.000
[17:31:22]   battery   : mean= 0.833, std= 0.185, min= 0.333, max= 1.000
[17:31:22]   customer  : mean= 0.397, std= 0.509, min=-0.477, max= 1.000
[17:31:22] 
======================================================================
[17:31:22] Episode 44/200
[17:31:22] ======================================================================
[17:31:22] 总奖励:  -206.48 | 步数: 24
[17:31:22] 最近10个episodes平均:  -193.62
[17:31:22] 各Agent奖励:
[17:31:22]   wind      :    0.000
[17:31:22]   solar     :   49.442
[17:31:22]   diesel    :   18.395
[17:31:22]   battery   :    0.058
[17:31:22]   customer  : -274.377
[17:31:22] Buffer大小:  1176
[17:31:22] 噪声水平: 0.0952
[17:31:22] 
动作统计:
[17:31:22]   wind      : mean= 0.751, std= 0.245, min= 0.308, max= 1.000
[17:31:22]   solar     : mean=-0.932, std= 0.077, min=-1.000, max=-0.730
[17:31:22]   diesel    : mean= 0.680, std= 0.373, min=-0.320, max= 1.000
[17:31:22]   battery   : mean= 0.841, std= 0.231, min= 0.167, max= 1.000
[17:31:22]   customer  : mean= 0.385, std= 0.558, min=-0.518, max= 1.000
[17:31:22] 
======================================================================
[17:31:22] Episode 45/200
[17:31:22] ======================================================================
[17:31:22] 总奖励:  -184.80 | 步数: 24
[17:31:22] 最近10个episodes平均:  -193.87
[17:31:22] 各Agent奖励:
[17:31:22]   wind      :    0.000
[17:31:22]   solar     :   32.182
[17:31:22]   diesel    :   21.503
[17:31:22]   battery   :    0.158
[17:31:22]   customer  : -238.641
[17:31:22] Buffer大小:  1200
[17:31:22] 噪声水平: 0.0951
[17:31:22] 
动作统计:
[17:31:22]   wind      : mean= 0.740, std= 0.238, min= 0.342, max= 1.000
[17:31:22]   solar     : mean=-0.887, std= 0.096, min=-1.000, max=-0.701
[17:31:22]   diesel    : mean= 0.699, std= 0.332, min=-0.275, max= 1.000
[17:31:22]   battery   : mean= 0.800, std= 0.283, min=-0.003, max= 1.000
[17:31:22]   customer  : mean= 0.385, std= 0.546, min=-0.427, max= 1.000
[17:31:22] 
======================================================================
[17:31:22] Episode 46/200
[17:31:22] ======================================================================
[17:31:22] 总奖励:  -189.94 | 步数: 24
[17:31:22] 最近10个episodes平均:  -194.88
[17:31:22] 各Agent奖励:
[17:31:22]   wind      :    0.000
[17:31:22]   solar     :   33.300
[17:31:22]   diesel    :   37.747
[17:31:22]   battery   :    0.160
[17:31:22]   customer  : -261.142
[17:31:22] Buffer大小:  1224
[17:31:22] 噪声水平: 0.0950
[17:31:22] 
动作统计:
[17:31:22]   wind      : mean= 0.740, std= 0.242, min= 0.281, max= 1.000
[17:31:22]   solar     : mean=-0.881, std= 0.092, min=-1.000, max=-0.696
[17:31:22]   diesel    : mean= 0.685, std= 0.345, min=-0.245, max= 1.000
[17:31:22]   battery   : mean= 0.796, std= 0.300, min=-0.071, max= 1.000
[17:31:22]   customer  : mean= 0.364, std= 0.566, min=-0.597, max= 1.000
[17:31:22] 
======================================================================
[17:31:22] Episode 47/200
[17:31:22] ======================================================================
[17:31:22] 总奖励:  -146.87 | 步数: 24
[17:31:22] 最近10个episodes平均:  -190.20
[17:31:22] 各Agent奖励:
[17:31:22]   wind      :   24.866
[17:31:22]   solar     :   30.352
[17:31:22]   diesel    :   24.996
[17:31:22]   battery   :    0.148
[17:31:22]   customer  : -227.232
[17:31:22] Buffer大小:  1248
[17:31:22] 噪声水平: 0.0949
[17:31:22] 
动作统计:
[17:31:22]   wind      : mean= 0.622, std= 0.483, min=-0.572, max= 1.000
[17:31:22]   solar     : mean=-0.845, std= 0.137, min=-1.000, max=-0.501
[17:31:22]   diesel    : mean= 0.662, std= 0.372, min=-0.304, max= 1.000
[17:31:22]   battery   : mean= 0.792, std= 0.312, min=-0.184, max= 1.000
[17:31:22]   customer  : mean= 0.352, std= 0.591, min=-0.666, max= 1.000
[17:31:23] 
======================================================================
[17:31:23] Episode 48/200
[17:31:23] ======================================================================
[17:31:23] 总奖励:  -192.47 | 步数: 24
[17:31:23] 最近10个episodes平均:  -189.12
[17:31:23] 各Agent奖励:
[17:31:23]   wind      :    0.000
[17:31:23]   solar     :   23.358
[17:31:23]   diesel    :   16.939
[17:31:23]   battery   :    0.079
[17:31:23]   customer  : -232.847
[17:31:23] Buffer大小:  1272
[17:31:23] 噪声水平: 0.0948
[17:31:23] 
动作统计:
[17:31:23]   wind      : mean= 0.758, std= 0.224, min= 0.281, max= 1.000
[17:31:23]   solar     : mean=-0.828, std= 0.126, min=-1.000, max=-0.550
[17:31:23]   diesel    : mean= 0.615, std= 0.374, min=-0.200, max= 1.000
[17:31:23]   battery   : mean= 0.804, std= 0.316, min=-0.092, max= 1.000
[17:31:23]   customer  : mean= 0.357, std= 0.593, min=-0.582, max= 1.000
[17:31:23] 
======================================================================
[17:31:23] Episode 49/200
[17:31:23] ======================================================================
[17:31:23] 总奖励:  -146.20 | 步数: 24
[17:31:23] 最近10个episodes平均:  -185.14
[17:31:23] 各Agent奖励:
[17:31:23]   wind      :   26.686
[17:31:23]   solar     :   28.221
[17:31:23]   diesel    :   29.289
[17:31:23]   battery   :    0.000
[17:31:23]   customer  : -230.393
[17:31:23] Buffer大小:  1296
[17:31:23] 噪声水平: 0.0947
[17:31:23] 
动作统计:
[17:31:23]   wind      : mean= 0.633, std= 0.439, min=-0.778, max= 1.000
[17:31:23]   solar     : mean=-0.830, std= 0.139, min=-1.000, max=-0.568
[17:31:23]   diesel    : mean= 0.630, std= 0.369, min=-0.219, max= 1.000
[17:31:23]   battery   : mean= 0.803, std= 0.300, min=-0.258, max= 1.000
[17:31:23]   customer  : mean= 0.329, std= 0.630, min=-0.583, max= 1.000
[17:31:23] 
======================================================================
[17:31:23] Episode 50/200
[17:31:23] ======================================================================
[17:31:23] 总奖励:  -171.47 | 步数: 24
[17:31:23] 最近10个episodes平均:  -183.16
[17:31:23] 各Agent奖励:
[17:31:23]   wind      :    3.875
[17:31:23]   solar     :   21.302
[17:31:23]   diesel    :   11.695
[17:31:23]   battery   :   -5.099
[17:31:23]   customer  : -203.242
[17:31:23] Buffer大小:  1320
[17:31:23] 噪声水平: 0.0946
[17:31:23] 
动作统计:
[17:31:23]   wind      : mean= 0.670, std= 0.403, min=-0.285, max= 1.000
[17:31:23]   solar     : mean=-0.804, std= 0.205, min=-1.000, max=-0.419
[17:31:23]   diesel    : mean= 0.594, std= 0.418, min=-0.311, max= 1.000
[17:31:23]   battery   : mean= 0.804, std= 0.323, min=-0.425, max= 1.000
[17:31:23]   customer  : mean= 0.345, std= 0.564, min=-0.573, max= 1.000
[17:31:23] 
📊 生成可视化图表...
[17:31:24]   ✓ 训练曲线: debug_plots/training_ep0050.png
[17:31:24]   ✓ Agent分析: debug_plots/agents_ep0050.png
[17:31:24] 💾 保存检查点: debug_checkpoints/debug_maddpg_20251203_173112_ep0050.pt
[17:31:24] 
======================================================================
[17:31:24] Episode 51/200
[17:31:24] ======================================================================
[17:31:24] 总奖励:  -153.77 | 步数: 24
[17:31:24] 最近10个episodes平均:  -178.33
[17:31:24] 各Agent奖励:
[17:31:24]   wind      :   17.377
[17:31:24]   solar     :   17.180
[17:31:24]   diesel    :   18.096
[17:31:24]   battery   :   -0.421
[17:31:24]   customer  : -206.001
[17:31:24] Buffer大小:  1344
[17:31:24] 噪声水平: 0.0946
[17:31:24] 
动作统计:
[17:31:24]   wind      : mean= 0.581, std= 0.527, min=-0.759, max= 1.000
[17:31:24]   solar     : mean=-0.741, std= 0.212, min=-1.000, max=-0.244
[17:31:24]   diesel    : mean= 0.571, std= 0.445, min=-0.341, max= 1.000
[17:31:24]   battery   : mean= 0.822, std= 0.326, min=-0.399, max= 1.000
[17:31:24]   customer  : mean= 0.322, std= 0.614, min=-0.624, max= 1.000
[17:31:24] 
======================================================================
[17:31:24] Episode 52/200
[17:31:24] ======================================================================
[17:31:24] 总奖励:  -173.60 | 步数: 24
[17:31:24] 最近10个episodes平均:  -176.11
[17:31:24] 各Agent奖励:
[17:31:24]   wind      :    5.028
[17:31:24]   solar     :   14.285
[17:31:24]   diesel    :   19.886
[17:31:24]   battery   :   -1.726
[17:31:24]   customer  : -211.075
[17:31:24] Buffer大小:  1368
[17:31:24] 噪声水平: 0.0945
[17:31:24] 
动作统计:
[17:31:24]   wind      : mean= 0.634, std= 0.412, min=-0.327, max= 1.000
[17:31:24]   solar     : mean=-0.725, std= 0.225, min=-1.000, max=-0.312
[17:31:24]   diesel    : mean= 0.561, std= 0.410, min=-0.160, max= 1.000
[17:31:24]   battery   : mean= 0.811, std= 0.307, min=-0.317, max= 1.000
[17:31:24]   customer  : mean= 0.301, std= 0.610, min=-0.730, max= 1.000
[17:31:24] 
======================================================================
[17:31:24] Episode 53/200
[17:31:24] ======================================================================
[17:31:24] 总奖励:  -160.72 | 步数: 24
[17:31:24] 最近10个episodes平均:  -172.63
[17:31:24] 各Agent奖励:
[17:31:24]   wind      :    8.769
[17:31:24]   solar     :   16.795
[17:31:24]   diesel    :   20.972
[17:31:24]   battery   :   -2.034
[17:31:24]   customer  : -205.225
[17:31:24] Buffer大小:  1392
[17:31:24] 噪声水平: 0.0944
[17:31:24] 
动作统计:
[17:31:24]   wind      : mean= 0.611, std= 0.477, min=-0.769, max= 1.000
[17:31:24]   solar     : mean=-0.639, std= 0.265, min=-0.944, max=-0.108
[17:31:24]   diesel    : mean= 0.548, std= 0.425, min=-0.266, max= 1.000
[17:31:24]   battery   : mean= 0.836, std= 0.300, min=-0.462, max= 1.000
[17:31:24]   customer  : mean= 0.345, std= 0.537, min=-0.514, max= 1.000
[17:31:24] 
======================================================================
[17:31:24] Episode 54/200
[17:31:24] ======================================================================
[17:31:24] 总奖励:  -172.88 | 步数: 24
[17:31:24] 最近10个episodes平均:  -169.27
[17:31:24] 各Agent奖励:
[17:31:24]   wind      :    2.278
[17:31:24]   solar     :   20.738
[17:31:24]   diesel    :   35.540
[17:31:24]   battery   :   -3.905
[17:31:24]   customer  : -227.533
[17:31:24] Buffer大小:  1416
[17:31:24] 噪声水平: 0.0943
[17:31:24] 
动作统计:
[17:31:24]   wind      : mean= 0.670, std= 0.426, min=-0.374, max= 1.000
[17:31:24]   solar     : mean=-0.647, std= 0.329, min=-1.000, max=-0.054
[17:31:24]   diesel    : mean= 0.577, std= 0.394, min=-0.069, max= 1.000
[17:31:24]   battery   : mean= 0.861, std= 0.292, min=-0.526, max= 1.000
[17:31:24]   customer  : mean= 0.329, std= 0.584, min=-0.512, max= 1.000
[17:31:24] 
======================================================================
[17:31:24] Episode 55/200
[17:31:24] ======================================================================
[17:31:24] 总奖励:  -160.62 | 步数: 24
[17:31:24] 最近10个episodes平均:  -166.85
[17:31:24] 各Agent奖励:
[17:31:24]   wind      :    9.033
[17:31:24]   solar     :   18.508
[17:31:24]   diesel    :   26.907
[17:31:24]   battery   :    0.000
[17:31:24]   customer  : -215.068
[17:31:24] Buffer大小:  1440
[17:31:24] 噪声水平: 0.0942
[17:31:24] 
动作统计:
[17:31:24]   wind      : mean= 0.572, std= 0.439, min=-0.352, max= 1.000
[17:31:24]   solar     : mean=-0.609, std= 0.354, min=-1.000, max= 0.141
[17:31:24]   diesel    : mean= 0.590, std= 0.409, min=-0.124, max= 1.000
[17:31:24]   battery   : mean= 0.865, std= 0.250, min=-0.181, max= 1.000
[17:31:24]   customer  : mean= 0.373, std= 0.538, min=-0.453, max= 1.000
[17:31:24] 
======================================================================
[17:31:24] Episode 56/200
[17:31:24] ======================================================================
[17:31:24] 总奖励:  -153.52 | 步数: 24
[17:31:24] 最近10个episodes平均:  -163.21
[17:31:24] 各Agent奖励:
[17:31:24]   wind      :    0.369
[17:31:24]   solar     :   13.599
[17:31:24]   diesel    :   26.328
[17:31:24]   battery   :   -2.611
[17:31:24]   customer  : -191.204
[17:31:24] Buffer大小:  1464
[17:31:24] 噪声水平: 0.0941
[17:31:24] 
动作统计:
[17:31:24]   wind      : mean= 0.525, std= 0.567, min=-0.586, max= 1.000
[17:31:24]   solar     : mean=-0.601, std= 0.391, min=-1.000, max= 0.167
[17:31:24]   diesel    : mean= 0.601, std= 0.404, min=-0.110, max= 1.000
[17:31:24]   battery   : mean= 0.858, std= 0.269, min=-0.245, max= 1.000
[17:31:24]   customer  : mean= 0.452, std= 0.375, min=-0.250, max= 0.991
[17:31:25] 
======================================================================
[17:31:25] Episode 57/200
[17:31:25] ======================================================================
[17:31:25] 总奖励:  -144.53 | 步数: 24
[17:31:25] 最近10个episodes平均:  -162.98
[17:31:25] 各Agent奖励:
[17:31:25]   wind      :   12.388
[17:31:25]   solar     :   15.834
[17:31:25]   diesel    :    5.540
[17:31:25]   battery   :    0.000
[17:31:25]   customer  : -178.288
[17:31:25] Buffer大小:  1488
[17:31:25] 噪声水平: 0.0940
[17:31:25] 
动作统计:
[17:31:25]   wind      : mean= 0.548, std= 0.565, min=-0.777, max= 1.000
[17:31:25]   solar     : mean=-0.604, std= 0.363, min=-1.000, max= 0.049
[17:31:25]   diesel    : mean= 0.585, std= 0.413, min=-0.209, max= 1.000
[17:31:25]   battery   : mean= 0.895, std= 0.218, min=-0.075, max= 1.000
[17:31:25]   customer  : mean= 0.426, std= 0.439, min=-0.320, max= 1.000
[17:31:25] 
======================================================================
[17:31:25] Episode 58/200
[17:31:25] ======================================================================
[17:31:25] 总奖励:  -147.38 | 步数: 24
[17:31:25] 最近10个episodes平均:  -158.47
[17:31:25] 各Agent奖励:
[17:31:25]   wind      :    3.131
[17:31:25]   solar     :   18.809
[17:31:25]   diesel    :    7.351
[17:31:25]   battery   :   -0.458
[17:31:25]   customer  : -176.215
[17:31:25] Buffer大小:  1512
[17:31:25] 噪声水平: 0.0939
[17:31:25] 
动作统计:
[17:31:25]   wind      : mean= 0.539, std= 0.475, min=-0.420, max= 1.000
[17:31:25]   solar     : mean=-0.571, std= 0.396, min=-1.000, max= 0.054
[17:31:25]   diesel    : mean= 0.590, std= 0.408, min=-0.067, max= 1.000
[17:31:25]   battery   : mean= 0.903, std= 0.196, min=-0.116, max= 1.000
[17:31:25]   customer  : mean= 0.438, std= 0.416, min=-0.301, max= 1.000
[17:31:25] 
======================================================================
[17:31:25] Episode 59/200
[17:31:25] ======================================================================
[17:31:25] 总奖励:  -132.79 | 步数: 24
[17:31:25] 最近10个episodes平均:  -157.13
[17:31:25] 各Agent奖励:
[17:31:25]   wind      :    7.676
[17:31:25]   solar     :   16.441
[17:31:25]   diesel    :   14.703
[17:31:25]   battery   :    0.000
[17:31:25]   customer  : -171.611
[17:31:25] Buffer大小:  1536
[17:31:25] 噪声水平: 0.0938
[17:31:25] 
动作统计:
[17:31:25]   wind      : mean= 0.512, std= 0.570, min=-0.734, max= 1.000
[17:31:25]   solar     : mean=-0.550, std= 0.436, min=-1.000, max= 0.223
[17:31:25]   diesel    : mean= 0.590, std= 0.388, min=-0.103, max= 1.000
[17:31:25]   battery   : mean= 0.933, std= 0.151, min= 0.161, max= 1.000
[17:31:25]   customer  : mean= 0.453, std= 0.309, min=-0.200, max= 1.000
[17:31:25] 
======================================================================
[17:31:25] Episode 60/200
[17:31:25] ======================================================================
[17:31:25] 总奖励:  -124.53 | 步数: 24
[17:31:25] 最近10个episodes平均:  -152.43
[17:31:25] 各Agent奖励:
[17:31:25]   wind      :   11.982
[17:31:25]   solar     :   25.167
[17:31:25]   diesel    :   15.765
[17:31:25]   battery   :    0.000
[17:31:25]   customer  : -177.448
[17:31:25] Buffer大小:  1560
[17:31:25] 噪声水平: 0.0937
[17:31:25] 
动作统计:
[17:31:25]   wind      : mean= 0.472, std= 0.581, min=-0.712, max= 1.000
[17:31:25]   solar     : mean=-0.597, std= 0.396, min=-1.000, max= 0.066
[17:31:25]   diesel    : mean= 0.603, std= 0.388, min=-0.161, max= 1.000
[17:31:25]   battery   : mean= 0.938, std= 0.105, min= 0.442, max= 1.000
[17:31:25]   customer  : mean= 0.451, std= 0.302, min=-0.114, max= 0.984
[17:31:25] 
📊 生成可视化图表...
[17:31:26]   ✓ 训练曲线: debug_plots/training_ep0060.png
[17:31:26]   ✓ Agent分析: debug_plots/agents_ep0060.png
[17:31:26] 
======================================================================
[17:31:26] Episode 61/200
[17:31:26] ======================================================================
[17:31:26] 总奖励:  -142.88 | 步数: 24
[17:31:26] 最近10个episodes平均:  -151.35
[17:31:26] 各Agent奖励:
[17:31:26]   wind      :    3.590
[17:31:26]   solar     :   18.553
[17:31:26]   diesel    :   33.608
[17:31:26]   battery   :    0.000
[17:31:26]   customer  : -198.631
[17:31:26] Buffer大小:  1584
[17:31:26] 噪声水平: 0.0936
[17:31:26] 
动作统计:
[17:31:26]   wind      : mean= 0.474, std= 0.580, min=-0.764, max= 1.000
[17:31:26]   solar     : mean=-0.564, std= 0.424, min=-1.000, max= 0.144
[17:31:26]   diesel    : mean= 0.597, std= 0.388, min=-0.123, max= 1.000
[17:31:26]   battery   : mean= 0.944, std= 0.082, min= 0.602, max= 1.000
[17:31:26]   customer  : mean= 0.451, std= 0.353, min=-0.073, max= 1.000
[17:31:26] 
======================================================================
[17:31:26] Episode 62/200
[17:31:26] ======================================================================
[17:31:26] 总奖励:  -134.13 | 步数: 24
[17:31:26] 最近10个episodes平均:  -147.40
[17:31:26] 各Agent奖励:
[17:31:26]   wind      :   -3.403
[17:31:26]   solar     :    9.612
[17:31:26]   diesel    :    2.288
[17:31:26]   battery   :    0.000
[17:31:26]   customer  : -142.631
[17:31:26] Buffer大小:  1608
[17:31:26] 噪声水平: 0.0935
[17:31:26] 
动作统计:
[17:31:26]   wind      : mean= 0.441, std= 0.597, min=-0.655, max= 1.000
[17:31:26]   solar     : mean=-0.554, std= 0.422, min=-1.000, max= 0.216
[17:31:26]   diesel    : mean= 0.583, std= 0.407, min=-0.102, max= 1.000
[17:31:26]   battery   : mean= 0.941, std= 0.095, min= 0.513, max= 1.000
[17:31:26]   customer  : mean= 0.454, std= 0.247, min=-0.100, max= 0.884
[17:31:26] 
======================================================================
[17:31:26] Episode 63/200
[17:31:26] ======================================================================
[17:31:26] 总奖励:  -142.78 | 步数: 24
[17:31:26] 最近10个episodes平均:  -145.60
[17:31:26] 各Agent奖励:
[17:31:26]   wind      :  -11.009
[17:31:26]   solar     :   -5.935
[17:31:26]   diesel    :   11.230
[17:31:26]   battery   :    0.000
[17:31:26]   customer  : -137.064
[17:31:26] Buffer大小:  1632
[17:31:26] 噪声水平: 0.0934
[17:31:26] 
动作统计:
[17:31:26]   wind      : mean= 0.427, std= 0.549, min=-0.719, max= 1.000
[17:31:26]   solar     : mean=-0.517, std= 0.426, min=-1.000, max= 0.176
[17:31:26]   diesel    : mean= 0.588, std= 0.412, min=-0.191, max= 1.000
[17:31:26]   battery   : mean= 0.947, std= 0.087, min= 0.601, max= 1.000
[17:31:26]   customer  : mean= 0.438, std= 0.228, min=-0.006, max= 0.850
[17:31:26] 
======================================================================
[17:31:26] Episode 64/200
[17:31:26] ======================================================================
[17:31:26] 总奖励:  -131.18 | 步数: 24
[17:31:26] 最近10个episodes平均:  -141.43
[17:31:26] 各Agent奖励:
[17:31:26]   wind      :   16.293
[17:31:26]   solar     :    3.504
[17:31:26]   diesel    :   13.151
[17:31:26]   battery   :    0.000
[17:31:26]   customer  : -164.130
[17:31:26] Buffer大小:  1656
[17:31:26] 噪声水平: 0.0933
[17:31:26] 
动作统计:
[17:31:26]   wind      : mean= 0.414, std= 0.519, min=-0.385, max= 0.969
[17:31:26]   solar     : mean=-0.550, std= 0.430, min=-1.000, max= 0.161
[17:31:26]   diesel    : mean= 0.626, std= 0.385, min=-0.122, max= 1.000
[17:31:26]   battery   : mean= 0.965, std= 0.056, min= 0.744, max= 1.000
[17:31:26]   customer  : mean= 0.421, std= 0.278, min=-0.068, max= 1.000
[17:31:26] 
======================================================================
[17:31:26] Episode 65/200
[17:31:26] ======================================================================
[17:31:26] 总奖励:  -128.64 | 步数: 24
[17:31:26] 最近10个episodes平均:  -138.24
[17:31:26] 各Agent奖励:
[17:31:26]   wind      :    5.065
[17:31:26]   solar     :   14.273
[17:31:26]   diesel    :   11.651
[17:31:26]   battery   :    0.000
[17:31:26]   customer  : -159.628
[17:31:26] Buffer大小:  1680
[17:31:26] 噪声水平: 0.0932
[17:31:26] 
动作统计:
[17:31:26]   wind      : mean= 0.410, std= 0.549, min=-0.591, max= 1.000
[17:31:26]   solar     : mean=-0.501, std= 0.454, min=-1.000, max= 0.230
[17:31:26]   diesel    : mean= 0.590, std= 0.407, min=-0.116, max= 1.000
[17:31:26]   battery   : mean= 0.958, std= 0.055, min= 0.768, max= 1.000
[17:31:26]   customer  : mean= 0.419, std= 0.221, min=-0.144, max= 0.702
[17:31:27] 
======================================================================
[17:31:27] Episode 66/200
[17:31:27] ======================================================================
[17:31:27] 总奖励:  -110.74 | 步数: 24
[17:31:27] 最近10个episodes平均:  -133.96
[17:31:27] 各Agent奖励:
[17:31:27]   wind      :    4.539
[17:31:27]   solar     :   32.915
[17:31:27]   diesel    :   15.208
[17:31:27]   battery   :    0.000
[17:31:27]   customer  : -163.408
[17:31:27] Buffer大小:  1704
[17:31:27] 噪声水平: 0.0931
[17:31:27] 
动作统计:
[17:31:27]   wind      : mean= 0.345, std= 0.487, min=-0.353, max= 0.932
[17:31:27]   solar     : mean=-0.479, std= 0.438, min=-1.000, max= 0.358
[17:31:27]   diesel    : mean= 0.614, std= 0.386, min=-0.087, max= 1.000
[17:31:27]   battery   : mean= 0.970, std= 0.066, min= 0.647, max= 1.000
[17:31:27]   customer  : mean= 0.424, std= 0.197, min=-0.041, max= 0.721
[17:31:27] 
======================================================================
[17:31:27] Episode 67/200
[17:31:27] ======================================================================
[17:31:27] 总奖励:  -113.02 | 步数: 24
[17:31:27] 最近10个episodes平均:  -130.81
[17:31:27] 各Agent奖励:
[17:31:27]   wind      :   11.381
[17:31:27]   solar     :   28.101
[17:31:27]   diesel    :   13.092
[17:31:27]   battery   :    0.000
[17:31:27]   customer  : -165.592
[17:31:27] Buffer大小:  1728
[17:31:27] 噪声水平: 0.0930
[17:31:27] 
动作统计:
[17:31:27]   wind      : mean= 0.333, std= 0.513, min=-0.792, max= 0.989
[17:31:27]   solar     : mean=-0.497, std= 0.419, min=-1.000, max= 0.146
[17:31:27]   diesel    : mean= 0.609, std= 0.392, min=-0.087, max= 1.000
[17:31:27]   battery   : mean= 0.961, std= 0.056, min= 0.774, max= 1.000
[17:31:27]   customer  : mean= 0.397, std= 0.235, min=-0.108, max= 0.865
[17:31:27] 
======================================================================
[17:31:27] Episode 68/200
[17:31:27] ======================================================================
[17:31:27] 总奖励:   -98.56 | 步数: 24
[17:31:27] 最近10个episodes平均:  -125.93
[17:31:27] 各Agent奖励:
[17:31:27]   wind      :   -4.024
[17:31:27]   solar     :   44.330
[17:31:27]   diesel    :   17.881
[17:31:27]   battery   :    0.000
[17:31:27]   customer  : -156.743
[17:31:27] Buffer大小:  1752
[17:31:27] 噪声水平: 0.0930
[17:31:27] 
动作统计:
[17:31:27]   wind      : mean= 0.298, std= 0.465, min=-0.553, max= 0.770
[17:31:27]   solar     : mean=-0.458, std= 0.454, min=-1.000, max= 0.384
[17:31:27]   diesel    : mean= 0.602, std= 0.419, min=-0.169, max= 1.000
[17:31:27]   battery   : mean= 0.946, std= 0.053, min= 0.824, max= 1.000
[17:31:27]   customer  : mean= 0.371, std= 0.219, min=-0.159, max= 0.639
[17:31:27] 
======================================================================
[17:31:27] Episode 69/200
[17:31:27] ======================================================================
[17:31:27] 总奖励:  -118.55 | 步数: 24
[17:31:27] 最近10个episodes平均:  -124.50
[17:31:27] 各Agent奖励:
[17:31:27]   wind      :   10.403
[17:31:27]   solar     :    2.638
[17:31:27]   diesel    :   12.469
[17:31:27]   battery   :    0.000
[17:31:27]   customer  : -144.064
[17:31:27] Buffer大小:  1776
[17:31:27] 噪声水平: 0.0929
[17:31:27] 
动作统计:
[17:31:27]   wind      : mean= 0.314, std= 0.426, min=-0.425, max= 0.885
[17:31:27]   solar     : mean=-0.483, std= 0.443, min=-1.000, max= 0.293
[17:31:27]   diesel    : mean= 0.612, std= 0.377, min=-0.128, max= 1.000
[17:31:27]   battery   : mean= 0.950, std= 0.066, min= 0.760, max= 1.000
[17:31:27]   customer  : mean= 0.371, std= 0.199, min=-0.106, max= 0.598
[17:31:27] 
======================================================================
[17:31:27] Episode 70/200
[17:31:27] ======================================================================
[17:31:27] 总奖励:  -129.97 | 步数: 24
[17:31:27] 最近10个episodes平均:  -125.05
[17:31:27] 各Agent奖励:
[17:31:27]   wind      :    0.609
[17:31:27]   solar     :   -6.282
[17:31:27]   diesel    :    7.830
[17:31:27]   battery   :    0.000
[17:31:27]   customer  : -132.130
[17:31:27] Buffer大小:  1800
[17:31:27] 噪声水平: 0.0928
[17:31:27] 
动作统计:
[17:31:27]   wind      : mean= 0.273, std= 0.465, min=-0.435, max= 0.852
[17:31:27]   solar     : mean=-0.475, std= 0.447, min=-1.000, max= 0.197
[17:31:27]   diesel    : mean= 0.603, std= 0.397, min=-0.118, max= 1.000
[17:31:27]   battery   : mean= 0.965, std= 0.046, min= 0.788, max= 1.000
[17:31:27]   customer  : mean= 0.385, std= 0.217, min=-0.114, max= 0.665
[17:31:27] 
📊 生成可视化图表...
[17:31:28]   ✓ 训练曲线: debug_plots/training_ep0070.png
[17:31:28]   ✓ Agent分析: debug_plots/agents_ep0070.png
[17:31:28] 
======================================================================
[17:31:28] Episode 71/200
[17:31:28] ======================================================================
[17:31:28] 总奖励:  -115.34 | 步数: 24
[17:31:28] 最近10个episodes平均:  -122.29
[17:31:28] 各Agent奖励:
[17:31:28]   wind      :    0.319
[17:31:28]   solar     :    8.675
[17:31:28]   diesel    :   11.808
[17:31:28]   battery   :    0.000
[17:31:28]   customer  : -136.143
[17:31:28] Buffer大小:  1824
[17:31:28] 噪声水平: 0.0927
[17:31:28] 
动作统计:
[17:31:28]   wind      : mean= 0.229, std= 0.414, min=-0.454, max= 0.756
[17:31:28]   solar     : mean=-0.459, std= 0.419, min=-0.999, max= 0.259
[17:31:28]   diesel    : mean= 0.607, std= 0.411, min=-0.188, max= 1.000
[17:31:28]   battery   : mean= 0.947, std= 0.072, min= 0.778, max= 1.000
[17:31:28]   customer  : mean= 0.387, std= 0.206, min=-0.058, max= 0.692
[17:31:28] 
======================================================================
[17:31:28] Episode 72/200
[17:31:28] ======================================================================
[17:31:28] 总奖励:   -84.88 | 步数: 24
[17:31:28] 最近10个episodes平均:  -117.37
[17:31:28] 各Agent奖励:
[17:31:28]   wind      :   21.232
[17:31:28]   solar     :   31.917
[17:31:28]   diesel    :   14.774
[17:31:28]   battery   :    0.000
[17:31:28]   customer  : -152.801
[17:31:28] Buffer大小:  1848
[17:31:28] 噪声水平: 0.0926
[17:31:28] 
动作统计:
[17:31:28]   wind      : mean= 0.283, std= 0.414, min=-0.359, max= 0.962
[17:31:28]   solar     : mean=-0.394, std= 0.370, min=-1.000, max= 0.241
[17:31:28]   diesel    : mean= 0.599, std= 0.398, min=-0.143, max= 1.000
[17:31:28]   battery   : mean= 0.950, std= 0.064, min= 0.761, max= 1.000
[17:31:28]   customer  : mean= 0.401, std= 0.212, min=-0.017, max= 0.800
[17:31:29] 
======================================================================
[17:31:29] Episode 73/200
[17:31:29] ======================================================================
[17:31:29] 总奖励:   -80.98 | 步数: 24
[17:31:29] 最近10个episodes平均:  -111.19
[17:31:29] 各Agent奖励:
[17:31:29]   wind      :   11.243
[17:31:29]   solar     :   35.929
[17:31:29]   diesel    :   15.073
[17:31:29]   battery   :    0.000
[17:31:29]   customer  : -143.222
[17:31:29] Buffer大小:  1872
[17:31:29] 噪声水平: 0.0925
[17:31:29] 
动作统计:
[17:31:29]   wind      : mean= 0.261, std= 0.388, min=-0.364, max= 0.777
[17:31:29]   solar     : mean=-0.401, std= 0.382, min=-0.967, max= 0.123
[17:31:29]   diesel    : mean= 0.614, std= 0.401, min=-0.157, max= 1.000
[17:31:29]   battery   : mean= 0.947, std= 0.072, min= 0.726, max= 1.000
[17:31:29]   customer  : mean= 0.367, std= 0.184, min= 0.014, max= 0.613
[17:31:29] 
======================================================================
[17:31:29] Episode 74/200
[17:31:29] ======================================================================
[17:31:29] 总奖励:  -113.32 | 步数: 24
[17:31:29] 最近10个episodes平均:  -109.40
[17:31:29] 各Agent奖励:
[17:31:29]   wind      :    7.735
[17:31:29]   solar     :    5.292
[17:31:29]   diesel    :   10.229
[17:31:29]   battery   :    0.000
[17:31:29]   customer  : -136.577
[17:31:29] Buffer大小:  1896
[17:31:29] 噪声水平: 0.0924
[17:31:29] 
动作统计:
[17:31:29]   wind      : mean= 0.224, std= 0.370, min=-0.428, max= 0.738
[17:31:29]   solar     : mean=-0.312, std= 0.354, min=-0.925, max= 0.247
[17:31:29]   diesel    : mean= 0.603, std= 0.396, min=-0.253, max= 1.000
[17:31:29]   battery   : mean= 0.967, std= 0.055, min= 0.787, max= 1.000
[17:31:29]   customer  : mean= 0.399, std= 0.197, min=-0.070, max= 0.642
[17:31:29] 
======================================================================
[17:31:29] Episode 75/200
[17:31:29] ======================================================================
[17:31:29] 总奖励:   -95.92 | 步数: 24
[17:31:29] 最近10个episodes平均:  -106.13
[17:31:29] 各Agent奖励:
[17:31:29]   wind      :   23.678
[17:31:29]   solar     :   19.078
[17:31:29]   diesel    :    3.890
[17:31:29]   battery   :    0.000
[17:31:29]   customer  : -142.563
[17:31:29] Buffer大小:  1920
[17:31:29] 噪声水平: 0.0923
[17:31:29] 
动作统计:
[17:31:29]   wind      : mean= 0.216, std= 0.378, min=-0.422, max= 0.801
[17:31:29]   solar     : mean=-0.243, std= 0.376, min=-0.871, max= 0.304
[17:31:29]   diesel    : mean= 0.605, std= 0.386, min=-0.077, max= 1.000
[17:31:29]   battery   : mean= 0.963, std= 0.047, min= 0.847, max= 1.000
[17:31:29]   customer  : mean= 0.411, std= 0.197, min=-0.078, max= 0.777
[17:31:29] 
======================================================================
[17:31:29] Episode 76/200
[17:31:29] ======================================================================
[17:31:29] 总奖励:  -105.17 | 步数: 24
[17:31:29] 最近10个episodes平均:  -105.57
[17:31:29] 各Agent奖励:
[17:31:29]   wind      :   20.075
[17:31:29]   solar     :    0.486
[17:31:29]   diesel    :    0.791
[17:31:29]   battery   :    0.000
[17:31:29]   customer  : -126.520
[17:31:29] Buffer大小:  1944
[17:31:29] 噪声水平: 0.0922
[17:31:29] 
动作统计:
[17:31:29]   wind      : mean= 0.179, std= 0.363, min=-0.489, max= 0.702
[17:31:29]   solar     : mean=-0.175, std= 0.285, min=-0.671, max= 0.196
[17:31:29]   diesel    : mean= 0.620, std= 0.390, min=-0.096, max= 1.000
[17:31:29]   battery   : mean= 0.946, std= 0.059, min= 0.768, max= 1.000
[17:31:29]   customer  : mean= 0.376, std= 0.182, min=-0.058, max= 0.702
[17:31:29] 
======================================================================
[17:31:29] Episode 77/200
[17:31:29] ======================================================================
[17:31:29] 总奖励:   -89.07 | 步数: 24
[17:31:29] 最近10个episodes平均:  -103.18
[17:31:29] 各Agent奖励:
[17:31:29]   wind      :   11.612
[17:31:29]   solar     :   35.899
[17:31:29]   diesel    :    7.980
[17:31:29]   battery   :    0.000
[17:31:29]   customer  : -144.560
[17:31:29] Buffer大小:  1968
[17:31:29] 噪声水平: 0.0921
[17:31:29] 
动作统计:
[17:31:29]   wind      : mean= 0.170, std= 0.379, min=-0.579, max= 0.702
[17:31:29]   solar     : mean=-0.136, std= 0.279, min=-0.659, max= 0.343
[17:31:29]   diesel    : mean= 0.616, std= 0.387, min=-0.117, max= 1.000
[17:31:29]   battery   : mean= 0.952, std= 0.061, min= 0.741, max= 1.000
[17:31:29]   customer  : mean= 0.431, std= 0.193, min= 0.008, max= 0.757
[17:31:29] 
======================================================================
[17:31:29] Episode 78/200
[17:31:29] ======================================================================
[17:31:29] 总奖励:   -90.91 | 步数: 24
[17:31:29] 最近10个episodes平均:  -102.41
[17:31:29] 各Agent奖励:
[17:31:29]   wind      :   35.253
[17:31:29]   solar     :   14.526
[17:31:29]   diesel    :   -2.055
[17:31:29]   battery   :    0.000
[17:31:29]   customer  : -138.639
[17:31:29] Buffer大小:  1992
[17:31:29] 噪声水平: 0.0920
[17:31:29] 
动作统计:
[17:31:29]   wind      : mean= 0.162, std= 0.353, min=-0.454, max= 0.761
[17:31:29]   solar     : mean=-0.050, std= 0.336, min=-0.565, max= 0.541
[17:31:29]   diesel    : mean= 0.619, std= 0.390, min=-0.074, max= 1.000
[17:31:29]   battery   : mean= 0.972, std= 0.048, min= 0.820, max= 1.000
[17:31:29]   customer  : mean= 0.406, std= 0.164, min= 0.045, max= 0.624
[17:31:30] 
======================================================================
[17:31:30] Episode 79/200
[17:31:30] ======================================================================
[17:31:30] 总奖励:   -96.17 | 步数: 24
[17:31:30] 最近10个episodes平均:  -100.17
[17:31:30] 各Agent奖励:
[17:31:30]   wind      :   13.505
[17:31:30]   solar     :   14.845
[17:31:30]   diesel    :    3.952
[17:31:30]   battery   :    0.000
[17:31:30]   customer  : -128.476
[17:31:30] Buffer大小:  2016
[17:31:30] 噪声水平: 0.0919
[17:31:30] 
动作统计:
[17:31:30]   wind      : mean= 0.117, std= 0.370, min=-0.540, max= 0.661
[17:31:30]   solar     : mean= 0.018, std= 0.322, min=-0.541, max= 0.640
[17:31:30]   diesel    : mean= 0.601, std= 0.388, min=-0.110, max= 1.000
[17:31:30]   battery   : mean= 0.967, std= 0.048, min= 0.812, max= 1.000
[17:31:30]   customer  : mean= 0.465, std= 0.170, min= 0.130, max= 0.694
[17:31:30] 
======================================================================
[17:31:30] Episode 80/200
[17:31:30] ======================================================================
[17:31:30] 总奖励:   -92.64 | 步数: 24
[17:31:30] 最近10个episodes平均:   -96.44
[17:31:30] 各Agent奖励:
[17:31:30]   wind      :   21.801
[17:31:30]   solar     :   22.507
[17:31:30]   diesel    :  -10.366
[17:31:30]   battery   :    0.000
[17:31:30]   customer  : -126.580
[17:31:30] Buffer大小:  2040
[17:31:30] 噪声水平: 0.0918
[17:31:30] 
动作统计:
[17:31:30]   wind      : mean= 0.159, std= 0.366, min=-0.536, max= 0.771
[17:31:30]   solar     : mean= 0.058, std= 0.342, min=-0.607, max= 0.739
[17:31:30]   diesel    : mean= 0.603, std= 0.403, min=-0.186, max= 1.000
[17:31:30]   battery   : mean= 0.965, std= 0.043, min= 0.844, max= 1.000
[17:31:30]   customer  : mean= 0.414, std= 0.170, min= 0.117, max= 0.799
[17:31:30] 
📊 生成可视化图表...
[17:31:30]   ✓ 训练曲线: debug_plots/training_ep0080.png
[17:31:30]   ✓ Agent分析: debug_plots/agents_ep0080.png
[17:31:30] 
======================================================================
[17:31:30] Episode 81/200
[17:31:30] ======================================================================
[17:31:30] 总奖励:   -66.76 | 步数: 24
[17:31:30] 最近10个episodes平均:   -91.58
[17:31:30] 各Agent奖励:
[17:31:30]   wind      :   41.426
[17:31:30]   solar     :   36.795
[17:31:30]   diesel    :    9.702
[17:31:30]   battery   :    0.000
[17:31:30]   customer  : -154.687
[17:31:30] Buffer大小:  2064
[17:31:30] 噪声水平: 0.0918
[17:31:30] 
动作统计:
[17:31:30]   wind      : mean= 0.161, std= 0.331, min=-0.428, max= 0.587
[17:31:30]   solar     : mean= 0.109, std= 0.345, min=-0.507, max= 0.892
[17:31:30]   diesel    : mean= 0.631, std= 0.372, min=-0.024, max= 1.000
[17:31:30]   battery   : mean= 0.952, std= 0.058, min= 0.791, max= 1.000
[17:31:30]   customer  : mean= 0.442, std= 0.183, min= 0.054, max= 0.731
[17:31:30] 
======================================================================
[17:31:30] Episode 82/200
[17:31:30] ======================================================================
[17:31:30] 总奖励:   -76.31 | 步数: 24
[17:31:30] 最近10个episodes平均:   -90.73
[17:31:30] 各Agent奖励:
[17:31:30]   wind      :   31.109
[17:31:30]   solar     :   39.614
[17:31:30]   diesel    :   -2.070
[17:31:30]   battery   :    0.000
[17:31:30]   customer  : -144.960
[17:31:30] Buffer大小:  2088
[17:31:30] 噪声水平: 0.0917
[17:31:30] 
动作统计:
[17:31:30]   wind      : mean= 0.171, std= 0.328, min=-0.377, max= 0.653
[17:31:30]   solar     : mean= 0.202, std= 0.278, min=-0.134, max= 0.797
[17:31:30]   diesel    : mean= 0.626, std= 0.387, min=-0.154, max= 1.000
[17:31:30]   battery   : mean= 0.955, std= 0.070, min= 0.745, max= 1.000
[17:31:30]   customer  : mean= 0.454, std= 0.159, min= 0.139, max= 0.773
[17:31:31] 
======================================================================
[17:31:31] Episode 83/200
[17:31:31] ======================================================================
[17:31:31] 总奖励:   -72.24 | 步数: 24
[17:31:31] 最近10个episodes平均:   -89.85
[17:31:31] 各Agent奖励:
[17:31:31]   wind      :   37.547
[17:31:31]   solar     :   33.811
[17:31:31]   diesel    :    1.699
[17:31:31]   battery   :    0.000
[17:31:31]   customer  : -145.301
[17:31:31] Buffer大小:  2112
[17:31:31] 噪声水平: 0.0916
[17:31:31] 
动作统计:
[17:31:31]   wind      : mean= 0.147, std= 0.317, min=-0.286, max= 0.628
[17:31:31]   solar     : mean= 0.210, std= 0.335, min=-0.204, max= 0.839
[17:31:31]   diesel    : mean= 0.627, std= 0.394, min=-0.092, max= 1.000
[17:31:31]   battery   : mean= 0.953, std= 0.063, min= 0.753, max= 1.000
[17:31:31]   customer  : mean= 0.423, std= 0.166, min= 0.081, max= 0.707
[17:31:31] 
======================================================================
[17:31:31] Episode 84/200
[17:31:31] ======================================================================
[17:31:31] 总奖励:   -83.88 | 步数: 24
[17:31:31] 最近10个episodes平均:   -86.91
[17:31:31] 各Agent奖励:
[17:31:31]   wind      :   41.454
[17:31:31]   solar     :   29.937
[17:31:31]   diesel    :    0.434
[17:31:31]   battery   :    0.000
[17:31:31]   customer  : -155.704
[17:31:31] Buffer大小:  2136
[17:31:31] 噪声水平: 0.0915
[17:31:31] 
动作统计:
[17:31:31]   wind      : mean= 0.119, std= 0.326, min=-0.399, max= 0.628
[17:31:31]   solar     : mean= 0.223, std= 0.354, min=-0.226, max= 0.912
[17:31:31]   diesel    : mean= 0.641, std= 0.370, min=-0.124, max= 1.000
[17:31:31]   battery   : mean= 0.955, std= 0.065, min= 0.647, max= 1.000
[17:31:31]   customer  : mean= 0.459, std= 0.149, min= 0.167, max= 0.770
[17:31:31] 
======================================================================
[17:31:31] Episode 85/200
[17:31:31] ======================================================================
[17:31:31] 总奖励:   -78.95 | 步数: 24
[17:31:31] 最近10个episodes平均:   -85.21
[17:31:31] 各Agent奖励:
[17:31:31]   wind      :   30.898
[17:31:31]   solar     :   33.737
[17:31:31]   diesel    :    3.299
[17:31:31]   battery   :    0.000
[17:31:31]   customer  : -146.886
[17:31:31] Buffer大小:  2160
[17:31:31] 噪声水平: 0.0914
[17:31:31] 
动作统计:
[17:31:31]   wind      : mean= 0.141, std= 0.334, min=-0.460, max= 0.588
[17:31:31]   solar     : mean= 0.268, std= 0.357, min=-0.261, max= 0.890
[17:31:31]   diesel    : mean= 0.634, std= 0.370, min=-0.064, max= 1.000
[17:31:31]   battery   : mean= 0.923, std= 0.097, min= 0.578, max= 1.000
[17:31:31]   customer  : mean= 0.475, std= 0.180, min= 0.033, max= 0.755
[17:31:31] 
======================================================================
[17:31:31] Episode 86/200
[17:31:31] ======================================================================
[17:31:31] 总奖励:   -90.12 | 步数: 24
[17:31:31] 最近10个episodes平均:   -83.71
[17:31:31] 各Agent奖励:
[17:31:31]   wind      :   25.524
[17:31:31]   solar     :   18.453
[17:31:31]   diesel    :    9.231
[17:31:31]   battery   :    0.000
[17:31:31]   customer  : -143.332
[17:31:31] Buffer大小:  2184
[17:31:31] 噪声水平: 0.0913
[17:31:31] 
动作统计:
[17:31:31]   wind      : mean= 0.119, std= 0.322, min=-0.439, max= 0.786
[17:31:31]   solar     : mean= 0.230, std= 0.383, min=-0.355, max= 0.884
[17:31:31]   diesel    : mean= 0.646, std= 0.344, min= 0.023, max= 1.000
[17:31:31]   battery   : mean= 0.959, std= 0.056, min= 0.733, max= 1.000
[17:31:31]   customer  : mean= 0.531, std= 0.194, min= 0.150, max= 0.929
[17:31:31] 
======================================================================
[17:31:31] Episode 87/200
[17:31:31] ======================================================================
[17:31:31] 总奖励:   -85.60 | 步数: 24
[17:31:31] 最近10个episodes平均:   -83.36
[17:31:31] 各Agent奖励:
[17:31:31]   wind      :   31.593
[17:31:31]   solar     :   23.145
[17:31:31]   diesel    :    0.821
[17:31:31]   battery   :    0.000
[17:31:31]   customer  : -141.162
[17:31:31] Buffer大小:  2208
[17:31:31] 噪声水平: 0.0912
[17:31:31] 
动作统计:
[17:31:31]   wind      : mean= 0.167, std= 0.321, min=-0.328, max= 0.677
[17:31:31]   solar     : mean= 0.253, std= 0.429, min=-0.297, max= 1.000
[17:31:31]   diesel    : mean= 0.629, std= 0.376, min=-0.022, max= 1.000
[17:31:31]   battery   : mean= 0.952, std= 0.076, min= 0.623, max= 1.000
[17:31:31]   customer  : mean= 0.524, std= 0.143, min= 0.273, max= 0.737
[17:31:31] 
======================================================================
[17:31:31] Episode 88/200
[17:31:31] ======================================================================
[17:31:31] 总奖励:   -82.01 | 步数: 24
[17:31:31] 最近10个episodes平均:   -82.47
[17:31:31] 各Agent奖励:
[17:31:31]   wind      :   36.194
[17:31:31]   solar     :   27.566
[17:31:31]   diesel    :    3.808
[17:31:31]   battery   :    0.000
[17:31:31]   customer  : -149.581
[17:31:31] Buffer大小:  2232
[17:31:31] 噪声水平: 0.0911
[17:31:31] 
动作统计:
[17:31:31]   wind      : mean= 0.142, std= 0.333, min=-0.361, max= 0.702
[17:31:31]   solar     : mean= 0.244, std= 0.415, min=-0.264, max= 0.928
[17:31:31]   diesel    : mean= 0.640, std= 0.361, min=-0.061, max= 1.000
[17:31:31]   battery   : mean= 0.941, std= 0.081, min= 0.676, max= 1.000
[17:31:31]   customer  : mean= 0.519, std= 0.127, min= 0.282, max= 0.746
[17:31:32] 
======================================================================
[17:31:32] Episode 89/200
[17:31:32] ======================================================================
[17:31:32] 总奖励:   -96.05 | 步数: 24
[17:31:32] 最近10个episodes平均:   -82.46
[17:31:32] 各Agent奖励:
[17:31:32]   wind      :   34.717
[17:31:32]   solar     :   12.994
[17:31:32]   diesel    :    0.865
[17:31:32]   battery   :    0.000
[17:31:32]   customer  : -144.625
[17:31:32] Buffer大小:  2256
[17:31:32] 噪声水平: 0.0910
[17:31:32] 
动作统计:
[17:31:32]   wind      : mean= 0.143, std= 0.326, min=-0.342, max= 0.606
[17:31:32]   solar     : mean= 0.236, std= 0.408, min=-0.297, max= 0.994
[17:31:32]   diesel    : mean= 0.639, std= 0.367, min=-0.094, max= 1.000
[17:31:32]   battery   : mean= 0.933, std= 0.086, min= 0.630, max= 1.000
[17:31:32]   customer  : mean= 0.522, std= 0.182, min= 0.234, max= 0.823
[17:31:32] 
======================================================================
[17:31:32] Episode 90/200
[17:31:32] ======================================================================
[17:31:32] 总奖励:   -89.53 | 步数: 24
[17:31:32] 最近10个episodes平均:   -82.15
[17:31:32] 各Agent奖励:
[17:31:32]   wind      :   36.789
[17:31:32]   solar     :   20.797
[17:31:32]   diesel    :   -1.513
[17:31:32]   battery   :    0.000
[17:31:32]   customer  : -145.606
[17:31:32] Buffer大小:  2280
[17:31:32] 噪声水平: 0.0909
[17:31:32] 
动作统计:
[17:31:32]   wind      : mean= 0.153, std= 0.262, min=-0.264, max= 0.549
[17:31:32]   solar     : mean= 0.240, std= 0.405, min=-0.223, max= 0.980
[17:31:32]   diesel    : mean= 0.646, std= 0.363, min=-0.076, max= 1.000
[17:31:32]   battery   : mean= 0.942, std= 0.108, min= 0.341, max= 1.000
[17:31:32]   customer  : mean= 0.542, std= 0.165, min= 0.215, max= 0.855
[17:31:32] 
📊 生成可视化图表...
[17:31:32]   ✓ 训练曲线: debug_plots/training_ep0090.png
[17:31:32]   ✓ Agent分析: debug_plots/agents_ep0090.png
[17:31:32] 
======================================================================
[17:31:32] Episode 91/200
[17:31:32] ======================================================================
[17:31:32] 总奖励:  -102.11 | 步数: 24
[17:31:32] 最近10个episodes平均:   -85.68
[17:31:32] 各Agent奖励:
[17:31:32]   wind      :   20.422
[17:31:32]   solar     :   27.921
[17:31:32]   diesel    :   -5.807
[17:31:32]   battery   :    0.000
[17:31:32]   customer  : -144.641
[17:31:32] Buffer大小:  2304
[17:31:32] 噪声水平: 0.0908
[17:31:32] 
动作统计:
[17:31:32]   wind      : mean= 0.135, std= 0.299, min=-0.393, max= 0.648
[17:31:32]   solar     : mean= 0.235, std= 0.409, min=-0.238, max= 0.996
[17:31:32]   diesel    : mean= 0.647, std= 0.365, min=-0.116, max= 1.000
[17:31:32]   battery   : mean= 0.946, std= 0.063, min= 0.812, max= 1.000
[17:31:32]   customer  : mean= 0.558, std= 0.115, min= 0.402, max= 0.755
[17:31:33] 
======================================================================
[17:31:33] Episode 92/200
[17:31:33] ======================================================================
[17:31:33] 总奖励:   -98.12 | 步数: 24
[17:31:33] 最近10个episodes平均:   -87.86
[17:31:33] 各Agent奖励:
[17:31:33]   wind      :   33.583
[17:31:33]   solar     :   20.565
[17:31:33]   diesel    :    0.766
[17:31:33]   battery   :    0.000
[17:31:33]   customer  : -153.035
[17:31:33] Buffer大小:  2328
[17:31:33] 噪声水平: 0.0908
[17:31:33] 
动作统计:
[17:31:33]   wind      : mean= 0.173, std= 0.253, min=-0.243, max= 0.651
[17:31:33]   solar     : mean= 0.219, std= 0.444, min=-0.299, max= 1.000
[17:31:33]   diesel    : mean= 0.652, std= 0.358, min=-0.026, max= 1.000
[17:31:33]   battery   : mean= 0.963, std= 0.072, min= 0.618, max= 1.000
[17:31:33]   customer  : mean= 0.536, std= 0.159, min= 0.179, max= 0.795
[17:31:33] 
======================================================================
[17:31:33] Episode 93/200
[17:31:33] ======================================================================
[17:31:33] 总奖励:  -102.68 | 步数: 24
[17:31:33] 最近10个episodes平均:   -90.91
[17:31:33] 各Agent奖励:
[17:31:33]   wind      :   38.529
[17:31:33]   solar     :   13.675
[17:31:33]   diesel    :   -1.141
[17:31:33]   battery   :    0.000
[17:31:33]   customer  : -153.742
[17:31:33] Buffer大小:  2352
[17:31:33] 噪声水平: 0.0907
[17:31:33] 
动作统计:
[17:31:33]   wind      : mean= 0.176, std= 0.279, min=-0.267, max= 0.622
[17:31:33]   solar     : mean= 0.201, std= 0.434, min=-0.351, max= 0.940
[17:31:33]   diesel    : mean= 0.636, std= 0.371, min=-0.063, max= 1.000
[17:31:33]   battery   : mean= 0.948, std= 0.083, min= 0.539, max= 1.000
[17:31:33]   customer  : mean= 0.586, std= 0.170, min= 0.267, max= 0.916
[17:31:33] 
======================================================================
[17:31:33] Episode 94/200
[17:31:33] ======================================================================
[17:31:33] 总奖励:   -94.17 | 步数: 24
[17:31:33] 最近10个episodes平均:   -91.94
[17:31:33] 各Agent奖励:
[17:31:33]   wind      :   45.651
[17:31:33]   solar     :   13.963
[17:31:33]   diesel    :    0.732
[17:31:33]   battery   :    0.000
[17:31:33]   customer  : -154.521
[17:31:33] Buffer大小:  2376
[17:31:33] 噪声水平: 0.0906
[17:31:33] 
动作统计:
[17:31:33]   wind      : mean= 0.143, std= 0.252, min=-0.274, max= 0.654
[17:31:33]   solar     : mean= 0.165, std= 0.429, min=-0.338, max= 0.927
[17:31:33]   diesel    : mean= 0.637, std= 0.377, min=-0.128, max= 1.000
[17:31:33]   battery   : mean= 0.935, std= 0.102, min= 0.441, max= 1.000
[17:31:33]   customer  : mean= 0.548, std= 0.166, min= 0.156, max= 0.814
[17:31:33] 
======================================================================
[17:31:33] Episode 95/200
[17:31:33] ======================================================================
[17:31:33] 总奖励:   -83.04 | 步数: 24
[17:31:33] 最近10个episodes平均:   -92.34
[17:31:33] 各Agent奖励:
[17:31:33]   wind      :   44.017
[17:31:33]   solar     :   25.168
[17:31:33]   diesel    :    3.809
[17:31:33]   battery   :    0.000
[17:31:33]   customer  : -156.038
[17:31:33] Buffer大小:  2400
[17:31:33] 噪声水平: 0.0905
[17:31:33] 
动作统计:
[17:31:33]   wind      : mean= 0.131, std= 0.283, min=-0.374, max= 0.539
[17:31:33]   solar     : mean= 0.169, std= 0.420, min=-0.345, max= 0.970
[17:31:33]   diesel    : mean= 0.669, std= 0.329, min=-0.015, max= 1.000
[17:31:33]   battery   : mean= 0.951, std= 0.094, min= 0.514, max= 1.000
[17:31:33]   customer  : mean= 0.578, std= 0.173, min= 0.252, max= 0.951
[17:31:33] 
======================================================================
[17:31:33] Episode 96/200
[17:31:33] ======================================================================
[17:31:33] 总奖励:   -71.76 | 步数: 24
[17:31:33] 最近10个episodes平均:   -90.51
[17:31:33] 各Agent奖励:
[17:31:33]   wind      :   49.286
[17:31:33]   solar     :   25.936
[17:31:33]   diesel    :    2.413
[17:31:33]   battery   :    0.000
[17:31:33]   customer  : -149.399
[17:31:33] Buffer大小:  2424
[17:31:33] 噪声水平: 0.0904
[17:31:33] 
动作统计:
[17:31:33]   wind      : mean= 0.166, std= 0.226, min=-0.236, max= 0.518
[17:31:33]   solar     : mean= 0.164, std= 0.468, min=-0.457, max= 1.000
[17:31:33]   diesel    : mean= 0.660, std= 0.333, min=-0.012, max= 1.000
[17:31:33]   battery   : mean= 0.931, std= 0.109, min= 0.438, max= 1.000
[17:31:33]   customer  : mean= 0.551, std= 0.148, min= 0.236, max= 0.788
[17:31:33] 
======================================================================
[17:31:33] Episode 97/200
[17:31:33] ======================================================================
[17:31:33] 总奖励:   -79.14 | 步数: 24
[17:31:33] 最近10个episodes平均:   -89.86
[17:31:33] 各Agent奖励:
[17:31:33]   wind      :   44.096
[17:31:33]   solar     :   23.031
[17:31:33]   diesel    :    2.389
[17:31:33]   battery   :    0.000
[17:31:33]   customer  : -148.657
[17:31:33] Buffer大小:  2448
[17:31:33] 噪声水平: 0.0903
[17:31:33] 
动作统计:
[17:31:33]   wind      : mean= 0.162, std= 0.227, min=-0.218, max= 0.508
[17:31:33]   solar     : mean= 0.137, std= 0.454, min=-0.374, max= 0.978
[17:31:33]   diesel    : mean= 0.643, std= 0.363, min=-0.028, max= 1.000
[17:31:33]   battery   : mean= 0.934, std= 0.101, min= 0.379, max= 1.000
[17:31:33]   customer  : mean= 0.583, std= 0.143, min= 0.350, max= 0.805
[17:31:34] 
======================================================================
[17:31:34] Episode 98/200
[17:31:34] ======================================================================
[17:31:34] 总奖励:   -88.67 | 步数: 24
[17:31:34] 最近10个episodes平均:   -90.53
[17:31:34] 各Agent奖励:
[17:31:34]   wind      :   45.886
[17:31:34]   solar     :   15.210
[17:31:34]   diesel    :   -1.340
[17:31:34]   battery   :    0.000
[17:31:34]   customer  : -148.426
[17:31:34] Buffer大小:  2472
[17:31:34] 噪声水平: 0.0902
[17:31:34] 
动作统计:
[17:31:34]   wind      : mean= 0.137, std= 0.240, min=-0.286, max= 0.514
[17:31:34]   solar     : mean= 0.125, std= 0.472, min=-0.432, max= 1.000
[17:31:34]   diesel    : mean= 0.655, std= 0.356, min=-0.046, max= 1.000
[17:31:34]   battery   : mean= 0.944, std= 0.103, min= 0.496, max= 1.000
[17:31:34]   customer  : mean= 0.586, std= 0.146, min= 0.300, max= 0.784
[17:31:34] 
======================================================================
[17:31:34] Episode 99/200
[17:31:34] ======================================================================
[17:31:34] 总奖励:   -97.64 | 步数: 24
[17:31:34] 最近10个episodes平均:   -90.69
[17:31:34] 各Agent奖励:
[17:31:34]   wind      :   42.125
[17:31:34]   solar     :   15.716
[17:31:34]   diesel    :    0.079
[17:31:34]   battery   :    0.000
[17:31:34]   customer  : -155.562
[17:31:34] Buffer大小:  2496
[17:31:34] 噪声水平: 0.0901
[17:31:34] 
动作统计:
[17:31:34]   wind      : mean= 0.153, std= 0.219, min=-0.157, max= 0.559
[17:31:34]   solar     : mean= 0.103, std= 0.461, min=-0.422, max= 1.000
[17:31:34]   diesel    : mean= 0.659, std= 0.352, min=-0.059, max= 1.000
[17:31:34]   battery   : mean= 0.950, std= 0.085, min= 0.562, max= 1.000
[17:31:34]   customer  : mean= 0.580, std= 0.170, min= 0.226, max= 0.844
[17:31:34] 
======================================================================
[17:31:34] Episode 100/200
[17:31:34] ======================================================================
[17:31:34] 总奖励:   -71.00 | 步数: 24
[17:31:34] 最近10个episodes平均:   -88.83
[17:31:34] 各Agent奖励:
[17:31:34]   wind      :   48.401
[17:31:34]   solar     :   25.977
[17:31:34]   diesel    :   -0.411
[17:31:34]   battery   :    0.000
[17:31:34]   customer  : -144.967
[17:31:34] Buffer大小:  2520
[17:31:34] 噪声水平: 0.0900
[17:31:34] 
动作统计:
[17:31:34]   wind      : mean= 0.153, std= 0.220, min=-0.270, max= 0.463
[17:31:34]   solar     : mean= 0.109, std= 0.446, min=-0.480, max= 1.000
[17:31:34]   diesel    : mean= 0.663, std= 0.345, min=-0.072, max= 1.000
[17:31:34]   battery   : mean= 0.947, std= 0.091, min= 0.522, max= 1.000
[17:31:34]   customer  : mean= 0.539, std= 0.190, min= 0.200, max= 0.919
[17:31:34] 
📊 生成可视化图表...
[17:31:35]   ✓ 训练曲线: debug_plots/training_ep0100.png
[17:31:35]   ✓ Agent分析: debug_plots/agents_ep0100.png
[17:31:35] 💾 保存检查点: debug_checkpoints/debug_maddpg_20251203_173112_ep0100.pt
[17:31:35] 
======================================================================
[17:31:35] Episode 101/200
[17:31:35] ======================================================================
[17:31:35] 总奖励:   -91.65 | 步数: 24
[17:31:35] 最近10个episodes平均:   -87.79
[17:31:35] 各Agent奖励:
[17:31:35]   wind      :   39.706
[17:31:35]   solar     :   19.868
[17:31:35]   diesel    :    1.238
[17:31:35]   battery   :    0.000
[17:31:35]   customer  : -152.463
[17:31:35] Buffer大小:  2544
[17:31:35] 噪声水平: 0.0899
[17:31:35] 
动作统计:
[17:31:35]   wind      : mean= 0.146, std= 0.235, min=-0.236, max= 0.529
[17:31:35]   solar     : mean= 0.106, std= 0.459, min=-0.373, max= 1.000
[17:31:35]   diesel    : mean= 0.677, std= 0.328, min= 0.020, max= 1.000
[17:31:35]   battery   : mean= 0.922, std= 0.123, min= 0.306, max= 1.000
[17:31:35]   customer  : mean= 0.564, std= 0.148, min= 0.225, max= 0.781
[17:31:35] 
======================================================================
[17:31:35] Episode 102/200
[17:31:35] ======================================================================
[17:31:35] 总奖励:   -90.14 | 步数: 24
[17:31:35] 最近10个episodes平均:   -86.99
[17:31:35] 各Agent奖励:
[17:31:35]   wind      :   40.616
[17:31:35]   solar     :   16.687
[17:31:35]   diesel    :   -3.037
[17:31:35]   battery   :    0.000
[17:31:35]   customer  : -144.411
[17:31:35] Buffer大小:  2568
[17:31:35] 噪声水平: 0.0898
[17:31:35] 
动作统计:
[17:31:35]   wind      : mean= 0.120, std= 0.226, min=-0.263, max= 0.514
[17:31:35]   solar     : mean= 0.133, std= 0.417, min=-0.406, max= 0.946
[17:31:35]   diesel    : mean= 0.663, std= 0.350, min=-0.093, max= 1.000
[17:31:35]   battery   : mean= 0.945, std= 0.101, min= 0.434, max= 1.000
[17:31:35]   customer  : mean= 0.583, std= 0.152, min= 0.346, max= 1.000
[17:31:35] 
======================================================================
[17:31:35] Episode 103/200
[17:31:35] ======================================================================
[17:31:35] 总奖励:   -95.35 | 步数: 24
[17:31:35] 最近10个episodes平均:   -86.26
[17:31:35] 各Agent奖励:
[17:31:35]   wind      :   40.209
[17:31:35]   solar     :   17.653
[17:31:35]   diesel    :    2.631
[17:31:35]   battery   :    0.000
[17:31:35]   customer  : -155.844
[17:31:35] Buffer大小:  2592
[17:31:35] 噪声水平: 0.0898
[17:31:35] 
动作统计:
[17:31:35]   wind      : mean= 0.184, std= 0.206, min=-0.092, max= 0.506
[17:31:35]   solar     : mean= 0.119, std= 0.447, min=-0.376, max= 0.955
[17:31:35]   diesel    : mean= 0.664, std= 0.337, min= 0.067, max= 1.000
[17:31:35]   battery   : mean= 0.938, std= 0.112, min= 0.316, max= 1.000
[17:31:35]   customer  : mean= 0.588, std= 0.133, min= 0.350, max= 0.843
[17:31:35] 
======================================================================
[17:31:35] Episode 104/200
[17:31:35] ======================================================================
[17:31:35] 总奖励:   -90.17 | 步数: 24
[17:31:35] 最近10个episodes平均:   -85.86
[17:31:35] 各Agent奖励:
[17:31:35]   wind      :   43.124
[17:31:35]   solar     :   22.452
[17:31:35]   diesel    :   -2.689
[17:31:35]   battery   :    0.000
[17:31:35]   customer  : -153.053
[17:31:35] Buffer大小:  2616
[17:31:35] 噪声水平: 0.0897
[17:31:35] 
动作统计:
[17:31:35]   wind      : mean= 0.120, std= 0.210, min=-0.223, max= 0.515
[17:31:35]   solar     : mean= 0.125, std= 0.429, min=-0.398, max= 1.000
[17:31:35]   diesel    : mean= 0.670, std= 0.346, min=-0.003, max= 1.000
[17:31:35]   battery   : mean= 0.940, std= 0.098, min= 0.476, max= 1.000
[17:31:35]   customer  : mean= 0.589, std= 0.175, min= 0.248, max= 0.922
[17:31:35] 
======================================================================
[17:31:35] Episode 105/200
[17:31:35] ======================================================================
[17:31:35] 总奖励:   -74.33 | 步数: 24
[17:31:35] 最近10个episodes平均:   -84.99
[17:31:35] 各Agent奖励:
[17:31:35]   wind      :   43.123
[17:31:35]   solar     :   23.035
[17:31:35]   diesel    :    0.769
[17:31:35]   battery   :    0.000
[17:31:35]   customer  : -141.253
[17:31:35] Buffer大小:  2640
[17:31:35] 噪声水平: 0.0896
[17:31:35] 
动作统计:
[17:31:35]   wind      : mean= 0.131, std= 0.193, min=-0.237, max= 0.495
[17:31:35]   solar     : mean= 0.094, std= 0.413, min=-0.421, max= 0.896
[17:31:35]   diesel    : mean= 0.668, std= 0.331, min= 0.022, max= 1.000
[17:31:35]   battery   : mean= 0.936, std= 0.135, min= 0.147, max= 1.000
[17:31:35]   customer  : mean= 0.600, std= 0.142, min= 0.357, max= 0.873
[17:31:35] 
======================================================================
[17:31:35] Episode 106/200
[17:31:35] ======================================================================
[17:31:35] 总奖励:   -59.78 | 步数: 24
[17:31:35] 最近10个episodes平均:   -83.79
[17:31:35] 各Agent奖励:
[17:31:35]   wind      :   59.324
[17:31:35]   solar     :   16.200
[17:31:35]   diesel    :    1.680
[17:31:35]   battery   :    0.000
[17:31:35]   customer  : -136.989
[17:31:35] Buffer大小:  2664
[17:31:35] 噪声水平: 0.0895
[17:31:35] 
动作统计:
[17:31:35]   wind      : mean= 0.124, std= 0.207, min=-0.217, max= 0.416
[17:31:35]   solar     : mean= 0.107, std= 0.398, min=-0.273, max= 0.975
[17:31:35]   diesel    : mean= 0.648, std= 0.341, min=-0.002, max= 1.000
[17:31:35]   battery   : mean= 0.923, std= 0.112, min= 0.434, max= 1.000
[17:31:35]   customer  : mean= 0.565, std= 0.151, min= 0.321, max= 0.863
[17:31:36] 
======================================================================
[17:31:36] Episode 107/200
[17:31:36] ======================================================================
[17:31:36] 总奖励:   -82.56 | 步数: 24
[17:31:36] 最近10个episodes平均:   -84.13
[17:31:36] 各Agent奖励:
[17:31:36]   wind      :   34.322
[17:31:36]   solar     :   22.465
[17:31:36]   diesel    :    0.301
[17:31:36]   battery   :    0.000
[17:31:36]   customer  : -139.652
[17:31:36] Buffer大小:  2688
[17:31:36] 噪声水平: 0.0894
[17:31:36] 
动作统计:
[17:31:36]   wind      : mean= 0.124, std= 0.268, min=-0.322, max= 0.541
[17:31:36]   solar     : mean= 0.063, std= 0.390, min=-0.448, max= 0.840
[17:31:36]   diesel    : mean= 0.686, std= 0.328, min= 0.050, max= 1.000
[17:31:36]   battery   : mean= 0.945, std= 0.111, min= 0.408, max= 1.000
[17:31:36]   customer  : mean= 0.543, std= 0.170, min= 0.144, max= 0.905
[17:31:36] 
======================================================================
[17:31:36] Episode 108/200
[17:31:36] ======================================================================
[17:31:36] 总奖励:   -80.98 | 步数: 24
[17:31:36] 最近10个episodes平均:   -83.36
[17:31:36] 各Agent奖励:
[17:31:36]   wind      :   56.136
[17:31:36]   solar     :   21.616
[17:31:36]   diesel    :   -2.299
[17:31:36]   battery   :    0.000
[17:31:36]   customer  : -156.433
[17:31:36] Buffer大小:  2712
[17:31:36] 噪声水平: 0.0893
[17:31:36] 
动作统计:
[17:31:36]   wind      : mean= 0.133, std= 0.203, min=-0.422, max= 0.448
[17:31:36]   solar     : mean= 0.083, std= 0.395, min=-0.359, max= 0.961
[17:31:36]   diesel    : mean= 0.677, std= 0.327, min=-0.003, max= 1.000
[17:31:36]   battery   : mean= 0.937, std= 0.104, min= 0.456, max= 1.000
[17:31:36]   customer  : mean= 0.566, std= 0.154, min= 0.217, max= 0.853
[17:31:36] 
======================================================================
[17:31:36] Episode 109/200
[17:31:36] ======================================================================
[17:31:36] 总奖励:   -65.46 | 步数: 24
[17:31:36] 最近10个episodes平均:   -80.14
[17:31:36] 各Agent奖励:
[17:31:36]   wind      :   54.654
[17:31:36]   solar     :   29.154
[17:31:36]   diesel    :   -0.040
[17:31:36]   battery   :    0.000
[17:31:36]   customer  : -149.230
[17:31:36] Buffer大小:  2736
[17:31:36] 噪声水平: 0.0892
[17:31:36] 
动作统计:
[17:31:36]   wind      : mean= 0.121, std= 0.223, min=-0.335, max= 0.424
[17:31:36]   solar     : mean= 0.050, std= 0.419, min=-0.369, max= 0.927
[17:31:36]   diesel    : mean= 0.684, std= 0.322, min= 0.083, max= 1.000
[17:31:36]   battery   : mean= 0.948, std= 0.103, min= 0.355, max= 1.000
[17:31:36]   customer  : mean= 0.568, std= 0.152, min= 0.300, max= 0.966
[17:31:36] 
======================================================================
[17:31:36] Episode 110/200
[17:31:36] ======================================================================
[17:31:36] 总奖励:   -78.94 | 步数: 24
[17:31:36] 最近10个episodes平均:   -80.94
[17:31:36] 各Agent奖励:
[17:31:36]   wind      :   48.822
[17:31:36]   solar     :   22.718
[17:31:36]   diesel    :   -3.002
[17:31:36]   battery   :    0.000
[17:31:36]   customer  : -147.480
[17:31:36] Buffer大小:  2760
[17:31:36] 噪声水平: 0.0891
[17:31:36] 
动作统计:
[17:31:36]   wind      : mean= 0.128, std= 0.207, min=-0.236, max= 0.623
[17:31:36]   solar     : mean= 0.098, std= 0.405, min=-0.389, max= 1.000
[17:31:36]   diesel    : mean= 0.677, std= 0.330, min=-0.012, max= 1.000
[17:31:36]   battery   : mean= 0.942, std= 0.109, min= 0.370, max= 1.000
[17:31:36]   customer  : mean= 0.565, std= 0.123, min= 0.288, max= 0.811
[17:31:36] 
📊 生成可视化图表...
[17:31:37]   ✓ 训练曲线: debug_plots/training_ep0110.png
[17:31:37]   ✓ Agent分析: debug_plots/agents_ep0110.png
[17:31:37] 
======================================================================
[17:31:37] Episode 111/200
[17:31:37] ======================================================================
[17:31:37] 总奖励:   -72.21 | 步数: 24
[17:31:37] 最近10个episodes平均:   -78.99
[17:31:37] 各Agent奖励:
[17:31:37]   wind      :   50.376
[17:31:37]   solar     :   24.086
[17:31:37]   diesel    :    2.607
[17:31:37]   battery   :    0.000
[17:31:37]   customer  : -149.276
[17:31:37] Buffer大小:  2784
[17:31:37] 噪声水平: 0.0890
[17:31:37] 
动作统计:
[17:31:37]   wind      : mean= 0.128, std= 0.208, min=-0.235, max= 0.489
[17:31:37]   solar     : mean= 0.057, std= 0.385, min=-0.333, max= 0.754
[17:31:37]   diesel    : mean= 0.677, std= 0.321, min= 0.051, max= 1.000
[17:31:37]   battery   : mean= 0.940, std= 0.102, min= 0.441, max= 1.000
[17:31:37]   customer  : mean= 0.573, std= 0.138, min= 0.275, max= 0.914
[17:31:37] 
======================================================================
[17:31:37] Episode 112/200
[17:31:37] ======================================================================
[17:31:37] 总奖励:   -87.09 | 步数: 24
[17:31:37] 最近10个episodes平均:   -78.69
[17:31:37] 各Agent奖励:
[17:31:37]   wind      :   41.855
[17:31:37]   solar     :   26.111
[17:31:37]   diesel    :    2.533
[17:31:37]   battery   :    0.000
[17:31:37]   customer  : -157.592
[17:31:37] Buffer大小:  2808
[17:31:37] 噪声水平: 0.0890
[17:31:37] 
动作统计:
[17:31:37]   wind      : mean= 0.149, std= 0.161, min=-0.166, max= 0.366
[17:31:37]   solar     : mean= 0.084, std= 0.371, min=-0.333, max= 0.805
[17:31:37]   diesel    : mean= 0.674, std= 0.340, min=-0.026, max= 1.000
[17:31:37]   battery   : mean= 0.933, std= 0.108, min= 0.404, max= 1.000
[17:31:37]   customer  : mean= 0.620, std= 0.147, min= 0.360, max= 0.899
[17:31:37] 
======================================================================
[17:31:37] Episode 113/200
[17:31:37] ======================================================================
[17:31:37] 总奖励:   -88.99 | 步数: 24
[17:31:37] 最近10个episodes平均:   -78.05
[17:31:37] 各Agent奖励:
[17:31:37]   wind      :   36.420
[17:31:37]   solar     :   22.030
[17:31:37]   diesel    :   -0.035
[17:31:37]   battery   :    0.000
[17:31:37]   customer  : -147.402
[17:31:37] Buffer大小:  2832
[17:31:37] 噪声水平: 0.0889
[17:31:37] 
动作统计:
[17:31:37]   wind      : mean= 0.136, std= 0.216, min=-0.233, max= 0.594
[17:31:37]   solar     : mean= 0.072, std= 0.364, min=-0.325, max= 0.834
[17:31:37]   diesel    : mean= 0.670, std= 0.361, min=-0.122, max= 1.000
[17:31:37]   battery   : mean= 0.936, std= 0.117, min= 0.330, max= 1.000
[17:31:37]   customer  : mean= 0.573, std= 0.120, min= 0.372, max= 0.808
[17:31:38] 
======================================================================
[17:31:38] Episode 114/200
[17:31:38] ======================================================================
[17:31:38] 总奖励:   -76.59 | 步数: 24
[17:31:38] 最近10个episodes平均:   -76.69
[17:31:38] 各Agent奖励:
[17:31:38]   wind      :   50.299
[17:31:38]   solar     :   23.687
[17:31:38]   diesel    :   -0.254
[17:31:38]   battery   :    0.000
[17:31:38]   customer  : -150.320
[17:31:38] Buffer大小:  2856
[17:31:38] 噪声水平: 0.0888
[17:31:38] 
动作统计:
[17:31:38]   wind      : mean= 0.110, std= 0.170, min=-0.191, max= 0.368
[17:31:38]   solar     : mean= 0.087, std= 0.345, min=-0.279, max= 0.810
[17:31:38]   diesel    : mean= 0.682, std= 0.331, min= 0.051, max= 1.000
[17:31:38]   battery   : mean= 0.938, std= 0.115, min= 0.357, max= 1.000
[17:31:38]   customer  : mean= 0.590, std= 0.145, min= 0.388, max= 0.956
[17:31:38] 
======================================================================
[17:31:38] Episode 115/200
[17:31:38] ======================================================================
[17:31:38] 总奖励:   -91.80 | 步数: 24
[17:31:38] 最近10个episodes平均:   -78.44
[17:31:38] 各Agent奖励:
[17:31:38]   wind      :   43.089
[17:31:38]   solar     :   28.909
[17:31:38]   diesel    :    2.278
[17:31:38]   battery   :    0.000
[17:31:38]   customer  : -166.074
[17:31:38] Buffer大小:  2880
[17:31:38] 噪声水平: 0.0887
[17:31:38] 
动作统计:
[17:31:38]   wind      : mean= 0.144, std= 0.171, min=-0.164, max= 0.438
[17:31:38]   solar     : mean= 0.072, std= 0.339, min=-0.459, max= 0.782
[17:31:38]   diesel    : mean= 0.681, std= 0.314, min= 0.044, max= 1.000
[17:31:38]   battery   : mean= 0.928, std= 0.129, min= 0.318, max= 1.000
[17:31:38]   customer  : mean= 0.577, std= 0.134, min= 0.338, max= 0.922
[17:31:38] 
======================================================================
[17:31:38] Episode 116/200
[17:31:38] ======================================================================
[17:31:38] 总奖励:   -76.75 | 步数: 24
[17:31:38] 最近10个episodes平均:   -80.14
[17:31:38] 各Agent奖励:
[17:31:38]   wind      :   52.184
[17:31:38]   solar     :   17.370
[17:31:38]   diesel    :    0.506
[17:31:38]   battery   :    0.000
[17:31:38]   customer  : -146.806
[17:31:38] Buffer大小:  2904
[17:31:38] 噪声水平: 0.0886
[17:31:38] 
动作统计:
[17:31:38]   wind      : mean= 0.149, std= 0.197, min=-0.171, max= 0.532
[17:31:38]   solar     : mean= 0.104, std= 0.364, min=-0.308, max= 0.851
[17:31:38]   diesel    : mean= 0.670, std= 0.331, min= 0.058, max= 1.000
[17:31:38]   battery   : mean= 0.938, std= 0.116, min= 0.355, max= 1.000
[17:31:38]   customer  : mean= 0.560, std= 0.132, min= 0.328, max= 0.784
[17:31:38] 
======================================================================
[17:31:38] Episode 117/200
[17:31:38] ======================================================================
[17:31:38] 总奖励:   -89.19 | 步数: 24
[17:31:38] 最近10个episodes平均:   -80.80
[17:31:38] 各Agent奖励:
[17:31:38]   wind      :   39.577
[17:31:38]   solar     :   28.231
[17:31:38]   diesel    :   -1.041
[17:31:38]   battery   :    0.000
[17:31:38]   customer  : -155.956
[17:31:38] Buffer大小:  2928
[17:31:38] 噪声水平: 0.0885
[17:31:38] 
动作统计:
[17:31:38]   wind      : mean= 0.125, std= 0.177, min=-0.227, max= 0.603
[17:31:38]   solar     : mean= 0.069, std= 0.347, min=-0.347, max= 0.902
[17:31:38]   diesel    : mean= 0.661, std= 0.333, min=-0.009, max= 1.000
[17:31:38]   battery   : mean= 0.938, std= 0.131, min= 0.241, max= 1.000
[17:31:38]   customer  : mean= 0.598, std= 0.130, min= 0.361, max= 0.798
[17:31:38] 
======================================================================
[17:31:38] Episode 118/200
[17:31:38] ======================================================================
[17:31:38] 总奖励:   -90.89 | 步数: 24
[17:31:38] 最近10个episodes平均:   -81.79
[17:31:38] 各Agent奖励:
[17:31:38]   wind      :   46.138
[17:31:38]   solar     :   22.334
[17:31:38]   diesel    :   -0.593
[17:31:38]   battery   :    0.000
[17:31:38]   customer  : -158.771
[17:31:38] Buffer大小:  2952
[17:31:38] 噪声水平: 0.0884
[17:31:38] 
动作统计:
[17:31:38]   wind      : mean= 0.157, std= 0.189, min=-0.218, max= 0.480
[17:31:38]   solar     : mean= 0.031, std= 0.323, min=-0.378, max= 0.763
[17:31:38]   diesel    : mean= 0.682, std= 0.329, min=-0.148, max= 1.000
[17:31:38]   battery   : mean= 0.937, std= 0.119, min= 0.316, max= 1.000
[17:31:38]   customer  : mean= 0.605, std= 0.109, min= 0.366, max= 0.804
[17:31:39] 
======================================================================
[17:31:39] Episode 119/200
[17:31:39] ======================================================================
[17:31:39] 总奖励:   -65.83 | 步数: 24
[17:31:39] 最近10个episodes平均:   -81.83
[17:31:39] 各Agent奖励:
[17:31:39]   wind      :   56.016
[17:31:39]   solar     :   27.873
[17:31:39]   diesel    :   -3.819
[17:31:39]   battery   :    0.000
[17:31:39]   customer  : -145.903
[17:31:39] Buffer大小:  2976
[17:31:39] 噪声水平: 0.0883
[17:31:39] 
动作统计:
[17:31:39]   wind      : mean= 0.144, std= 0.195, min=-0.299, max= 0.463
[17:31:39]   solar     : mean= 0.064, std= 0.292, min=-0.282, max= 0.657
[17:31:39]   diesel    : mean= 0.660, std= 0.347, min=-0.103, max= 1.000
[17:31:39]   battery   : mean= 0.917, std= 0.126, min= 0.348, max= 1.000
[17:31:39]   customer  : mean= 0.557, std= 0.119, min= 0.303, max= 0.763
[17:31:39] 
======================================================================
[17:31:39] Episode 120/200
[17:31:39] ======================================================================
[17:31:39] 总奖励:   -76.70 | 步数: 24
[17:31:39] 最近10个episodes平均:   -81.60
[17:31:39] 各Agent奖励:
[17:31:39]   wind      :   48.680
[17:31:39]   solar     :   29.227
[17:31:39]   diesel    :   -0.408
[17:31:39]   battery   :    0.000
[17:31:39]   customer  : -154.197
[17:31:39] Buffer大小:  3000
[17:31:39] 噪声水平: 0.0882
[17:31:39] 
动作统计:
[17:31:39]   wind      : mean= 0.148, std= 0.164, min=-0.121, max= 0.501
[17:31:39]   solar     : mean= 0.034, std= 0.264, min=-0.312, max= 0.593
[17:31:39]   diesel    : mean= 0.677, std= 0.347, min=-0.055, max= 1.000
[17:31:39]   battery   : mean= 0.928, std= 0.137, min= 0.129, max= 1.000
[17:31:39]   customer  : mean= 0.575, std= 0.150, min= 0.303, max= 0.950
[17:31:39] 
📊 生成可视化图表...
[17:31:39]   ✓ 训练曲线: debug_plots/training_ep0120.png
[17:31:39]   ✓ Agent分析: debug_plots/agents_ep0120.png
[17:31:39] 
======================================================================
[17:31:39] Episode 121/200
[17:31:39] ======================================================================
[17:31:39] 总奖励:   -56.25 | 步数: 24
[17:31:39] 最近10个episodes平均:   -80.01
[17:31:39] 各Agent奖励:
[17:31:39]   wind      :   61.909
[17:31:39]   solar     :   25.981
[17:31:39]   diesel    :    2.402
[17:31:39]   battery   :    0.000
[17:31:39]   customer  : -146.542
[17:31:39] Buffer大小:  3024
[17:31:39] 噪声水平: 0.0882
[17:31:39] 
动作统计:
[17:31:39]   wind      : mean= 0.163, std= 0.188, min=-0.192, max= 0.578
[17:31:39]   solar     : mean= 0.056, std= 0.270, min=-0.411, max= 0.724
[17:31:39]   diesel    : mean= 0.682, std= 0.314, min= 0.068, max= 1.000
[17:31:39]   battery   : mean= 0.934, std= 0.131, min= 0.215, max= 1.000
[17:31:39]   customer  : mean= 0.548, std= 0.149, min= 0.316, max= 0.951
[17:31:40] 
======================================================================
[17:31:40] Episode 122/200
[17:31:40] ======================================================================
[17:31:40] 总奖励:   -81.28 | 步数: 24
[17:31:40] 最近10个episodes平均:   -79.43
[17:31:40] 各Agent奖励:
[17:31:40]   wind      :   46.032
[17:31:40]   solar     :   28.902
[17:31:40]   diesel    :   -2.560
[17:31:40]   battery   :    0.000
[17:31:40]   customer  : -153.656
[17:31:40] Buffer大小:  3048
[17:31:40] 噪声水平: 0.0881
[17:31:40] 
动作统计:
[17:31:40]   wind      : mean= 0.136, std= 0.153, min=-0.125, max= 0.444
[17:31:40]   solar     : mean= 0.007, std= 0.243, min=-0.428, max= 0.475
[17:31:40]   diesel    : mean= 0.677, std= 0.333, min= 0.008, max= 1.000
[17:31:40]   battery   : mean= 0.926, std= 0.126, min= 0.309, max= 1.000
[17:31:40]   customer  : mean= 0.580, std= 0.122, min= 0.346, max= 0.796
[17:31:40] 
======================================================================
[17:31:40] Episode 123/200
[17:31:40] ======================================================================
[17:31:40] 总奖励:   -88.80 | 步数: 24
[17:31:40] 最近10个episodes平均:   -79.41
[17:31:40] 各Agent奖励:
[17:31:40]   wind      :   46.758
[17:31:40]   solar     :   24.669
[17:31:40]   diesel    :   -0.702
[17:31:40]   battery   :    0.000
[17:31:40]   customer  : -159.520
[17:31:40] Buffer大小:  3072
[17:31:40] 噪声水平: 0.0880
[17:31:40] 
动作统计:
[17:31:40]   wind      : mean= 0.157, std= 0.169, min=-0.091, max= 0.437
[17:31:40]   solar     : mean= 0.036, std= 0.240, min=-0.274, max= 0.519
[17:31:40]   diesel    : mean= 0.675, std= 0.315, min= 0.008, max= 1.000
[17:31:40]   battery   : mean= 0.929, std= 0.140, min= 0.224, max= 1.000
[17:31:40]   customer  : mean= 0.572, std= 0.133, min= 0.253, max= 0.899
[17:31:40] 
======================================================================
[17:31:40] Episode 124/200
[17:31:40] ======================================================================
[17:31:40] 总奖励:   -92.81 | 步数: 24
[17:31:40] 最近10个episodes平均:   -81.03
[17:31:40] 各Agent奖励:
[17:31:40]   wind      :   35.388
[17:31:40]   solar     :   35.692
[17:31:40]   diesel    :    0.805
[17:31:40]   battery   :    0.000
[17:31:40]   customer  : -164.691
[17:31:40] Buffer大小:  3096
[17:31:40] 噪声水平: 0.0879
[17:31:40] 
动作统计:
[17:31:40]   wind      : mean= 0.118, std= 0.188, min=-0.362, max= 0.437
[17:31:40]   solar     : mean= 0.031, std= 0.270, min=-0.404, max= 0.546
[17:31:40]   diesel    : mean= 0.684, std= 0.320, min= 0.005, max= 1.000
[17:31:40]   battery   : mean= 0.923, std= 0.134, min= 0.235, max= 1.000
[17:31:40]   customer  : mean= 0.568, std= 0.119, min= 0.263, max= 0.753
[17:31:40] 
======================================================================
[17:31:40] Episode 125/200
[17:31:40] ======================================================================
[17:31:40] 总奖励:   -69.29 | 步数: 24
[17:31:40] 最近10个episodes平均:   -78.78
[17:31:40] 各Agent奖励:
[17:31:40]   wind      :   60.643
[17:31:40]   solar     :   21.142
[17:31:40]   diesel    :   -0.643
[17:31:40]   battery   :    0.000
[17:31:40]   customer  : -150.437
[17:31:40] Buffer大小:  3120
[17:31:40] 噪声水平: 0.0878
[17:31:40] 
动作统计:
[17:31:40]   wind      : mean= 0.152, std= 0.153, min=-0.117, max= 0.409
[17:31:40]   solar     : mean= 0.002, std= 0.207, min=-0.263, max= 0.485
[17:31:40]   diesel    : mean= 0.683, std= 0.324, min= 0.107, max= 1.000
[17:31:40]   battery   : mean= 0.941, std= 0.110, min= 0.406, max= 1.000
[17:31:40]   customer  : mean= 0.588, std= 0.129, min= 0.381, max= 0.837
[17:31:40] 
======================================================================
[17:31:40] Episode 126/200
[17:31:40] ======================================================================
[17:31:40] 总奖励:   -77.52 | 步数: 24
[17:31:40] 最近10个episodes平均:   -78.86
[17:31:40] 各Agent奖励:
[17:31:40]   wind      :   48.109
[17:31:40]   solar     :   29.828
[17:31:40]   diesel    :    3.358
[17:31:40]   battery   :    0.000
[17:31:40]   customer  : -158.812
[17:31:40] Buffer大小:  3144
[17:31:40] 噪声水平: 0.0877
[17:31:40] 
动作统计:
[17:31:40]   wind      : mean= 0.134, std= 0.167, min=-0.164, max= 0.440
[17:31:40]   solar     : mean= 0.026, std= 0.217, min=-0.324, max= 0.451
[17:31:40]   diesel    : mean= 0.680, std= 0.318, min=-0.048, max= 1.000
[17:31:40]   battery   : mean= 0.946, std= 0.115, min= 0.341, max= 1.000
[17:31:40]   customer  : mean= 0.590, std= 0.124, min= 0.415, max= 0.869
[17:31:41] 
======================================================================
[17:31:41] Episode 127/200
[17:31:41] ======================================================================
[17:31:41] 总奖励:   -72.43 | 步数: 24
[17:31:41] 最近10个episodes平均:   -77.18
[17:31:41] 各Agent奖励:
[17:31:41]   wind      :   47.537
[17:31:41]   solar     :   19.782
[17:31:41]   diesel    :    1.103
[17:31:41]   battery   :    0.000
[17:31:41]   customer  : -140.847
[17:31:41] Buffer大小:  3168
[17:31:41] 噪声水平: 0.0876
[17:31:41] 
动作统计:
[17:31:41]   wind      : mean= 0.131, std= 0.174, min=-0.217, max= 0.472
[17:31:41]   solar     : mean=-0.012, std= 0.183, min=-0.256, max= 0.396
[17:31:41]   diesel    : mean= 0.661, std= 0.323, min= 0.056, max= 1.000
[17:31:41]   battery   : mean= 0.939, std= 0.119, min= 0.244, max= 1.000
[17:31:41]   customer  : mean= 0.579, std= 0.126, min= 0.306, max= 0.815
[17:31:41] 
======================================================================
[17:31:41] Episode 128/200
[17:31:41] ======================================================================
[17:31:41] 总奖励:   -70.65 | 步数: 24
[17:31:41] 最近10个episodes平均:   -75.16
[17:31:41] 各Agent奖励:
[17:31:41]   wind      :   55.372
[17:31:41]   solar     :   24.466
[17:31:41]   diesel    :    2.835
[17:31:41]   battery   :    0.000
[17:31:41]   customer  : -153.327
[17:31:41] Buffer大小:  3192
[17:31:41] 噪声水平: 0.0875
[17:31:41] 
动作统计:
[17:31:41]   wind      : mean= 0.133, std= 0.169, min=-0.160, max= 0.398
[17:31:41]   solar     : mean= 0.009, std= 0.170, min=-0.280, max= 0.379
[17:31:41]   diesel    : mean= 0.671, std= 0.318, min= 0.027, max= 1.000
[17:31:41]   battery   : mean= 0.920, std= 0.121, min= 0.382, max= 1.000
[17:31:41]   customer  : mean= 0.579, std= 0.140, min= 0.335, max= 0.968
[17:31:41] 
======================================================================
[17:31:41] Episode 129/200
[17:31:41] ======================================================================
[17:31:41] 总奖励:   -58.09 | 步数: 24
[17:31:41] 最近10个episodes平均:   -74.38
[17:31:41] 各Agent奖励:
[17:31:41]   wind      :   68.271
[17:31:41]   solar     :   30.464
[17:31:41]   diesel    :    0.601
[17:31:41]   battery   :    0.000
[17:31:41]   customer  : -157.424
[17:31:41] Buffer大小:  3216
[17:31:41] 噪声水平: 0.0875
[17:31:41] 
动作统计:
[17:31:41]   wind      : mean= 0.166, std= 0.198, min=-0.204, max= 0.530
[17:31:41]   solar     : mean= 0.007, std= 0.192, min=-0.292, max= 0.412
[17:31:41]   diesel    : mean= 0.662, std= 0.314, min= 0.051, max= 1.000
[17:31:41]   battery   : mean= 0.942, std= 0.121, min= 0.249, max= 1.000
[17:31:41]   customer  : mean= 0.566, std= 0.121, min= 0.327, max= 0.778
[17:31:41] 
======================================================================
[17:31:41] Episode 130/200
[17:31:41] ======================================================================
[17:31:41] 总奖励:   -67.27 | 步数: 24
[17:31:41] 最近10个episodes平均:   -73.44
[17:31:41] 各Agent奖励:
[17:31:41]   wind      :   55.310
[17:31:41]   solar     :   29.169
[17:31:41]   diesel    :   -2.986
[17:31:41]   battery   :    0.000
[17:31:41]   customer  : -148.764
[17:31:41] Buffer大小:  3240
[17:31:41] 噪声水平: 0.0874
[17:31:41] 
动作统计:
[17:31:41]   wind      : mean= 0.153, std= 0.165, min=-0.206, max= 0.469
[17:31:41]   solar     : mean=-0.009, std= 0.135, min=-0.205, max= 0.278
[17:31:41]   diesel    : mean= 0.661, std= 0.329, min=-0.000, max= 1.000
[17:31:41]   battery   : mean= 0.917, std= 0.138, min= 0.275, max= 1.000
[17:31:41]   customer  : mean= 0.563, std= 0.127, min= 0.354, max= 0.808
[17:31:41] 
📊 生成可视化图表...
[17:31:42]   ✓ 训练曲线: debug_plots/training_ep0130.png
[17:31:42]   ✓ Agent分析: debug_plots/agents_ep0130.png
[17:31:42] 
======================================================================
[17:31:42] Episode 131/200
[17:31:42] ======================================================================
[17:31:42] 总奖励:   -63.42 | 步数: 24
[17:31:42] 最近10个episodes平均:   -74.16
[17:31:42] 各Agent奖励:
[17:31:42]   wind      :   59.627
[17:31:42]   solar     :   34.885
[17:31:42]   diesel    :    2.016
[17:31:42]   battery   :    0.000
[17:31:42]   customer  : -159.944
[17:31:42] Buffer大小:  3264
[17:31:42] 噪声水平: 0.0873
[17:31:42] 
动作统计:
[17:31:42]   wind      : mean= 0.147, std= 0.156, min=-0.245, max= 0.396
[17:31:42]   solar     : mean= 0.001, std= 0.169, min=-0.328, max= 0.313
[17:31:42]   diesel    : mean= 0.693, std= 0.314, min= 0.110, max= 1.000
[17:31:42]   battery   : mean= 0.924, std= 0.122, min= 0.391, max= 1.000
[17:31:42]   customer  : mean= 0.542, std= 0.142, min= 0.272, max= 0.804
[17:31:42] 
======================================================================
[17:31:42] Episode 132/200
[17:31:42] ======================================================================
[17:31:42] 总奖励:   -68.69 | 步数: 24
[17:31:42] 最近10个episodes平均:   -72.90
[17:31:42] 各Agent奖励:
[17:31:42]   wind      :   53.209
[17:31:42]   solar     :   29.885
[17:31:42]   diesel    :   -0.092
[17:31:42]   battery   :    0.000
[17:31:42]   customer  : -151.696
[17:31:42] Buffer大小:  3288
[17:31:42] 噪声水平: 0.0872
[17:31:42] 
动作统计:
[17:31:42]   wind      : mean= 0.131, std= 0.165, min=-0.191, max= 0.418
[17:31:42]   solar     : mean=-0.010, std= 0.159, min=-0.283, max= 0.278
[17:31:42]   diesel    : mean= 0.684, std= 0.329, min= 0.005, max= 1.000
[17:31:42]   battery   : mean= 0.938, std= 0.118, min= 0.328, max= 1.000
[17:31:42]   customer  : mean= 0.524, std= 0.152, min= 0.215, max= 0.917
[17:31:42] 
======================================================================
[17:31:42] Episode 133/200
[17:31:42] ======================================================================
[17:31:42] 总奖励:   -71.12 | 步数: 24
[17:31:42] 最近10个episodes平均:   -71.13
[17:31:42] 各Agent奖励:
[17:31:42]   wind      :   52.131
[17:31:42]   solar     :   29.378
[17:31:42]   diesel    :    0.117
[17:31:42]   battery   :    0.000
[17:31:42]   customer  : -152.750
[17:31:42] Buffer大小:  3312
[17:31:42] 噪声水平: 0.0871
[17:31:42] 
动作统计:
[17:31:42]   wind      : mean= 0.168, std= 0.152, min=-0.173, max= 0.436
[17:31:42]   solar     : mean= 0.014, std= 0.180, min=-0.294, max= 0.337
[17:31:42]   diesel    : mean= 0.668, std= 0.337, min=-0.090, max= 1.000
[17:31:42]   battery   : mean= 0.920, std= 0.127, min= 0.283, max= 1.000
[17:31:42]   customer  : mean= 0.553, std= 0.181, min= 0.239, max= 0.836
[17:31:43] 
======================================================================
[17:31:43] Episode 134/200
[17:31:43] ======================================================================
[17:31:43] 总奖励:   -71.19 | 步数: 24
[17:31:43] 最近10个episodes平均:   -68.97
[17:31:43] 各Agent奖励:
[17:31:43]   wind      :   57.377
[17:31:43]   solar     :   25.395
[17:31:43]   diesel    :   -3.812
[17:31:43]   battery   :    0.000
[17:31:43]   customer  : -150.152
[17:31:43] Buffer大小:  3336
[17:31:43] 噪声水平: 0.0870
[17:31:43] 
动作统计:
[17:31:43]   wind      : mean= 0.136, std= 0.172, min=-0.218, max= 0.414
[17:31:43]   solar     : mean=-0.004, std= 0.154, min=-0.325, max= 0.295
[17:31:43]   diesel    : mean= 0.678, std= 0.326, min=-0.126, max= 1.000
[17:31:43]   battery   : mean= 0.910, std= 0.154, min= 0.106, max= 1.000
[17:31:43]   customer  : mean= 0.527, std= 0.147, min= 0.293, max= 0.845
[17:31:43] 
======================================================================
[17:31:43] Episode 135/200
[17:31:43] ======================================================================
[17:31:43] 总奖励:   -56.42 | 步数: 24
[17:31:43] 最近10个episodes平均:   -67.68
[17:31:43] 各Agent奖励:
[17:31:43]   wind      :   53.317
[17:31:43]   solar     :   30.665
[17:31:43]   diesel    :    1.326
[17:31:43]   battery   :    0.000
[17:31:43]   customer  : -141.732
[17:31:43] Buffer大小:  3360
[17:31:43] 噪声水平: 0.0869
[17:31:43] 
动作统计:
[17:31:43]   wind      : mean= 0.172, std= 0.222, min=-0.274, max= 0.626
[17:31:43]   solar     : mean= 0.012, std= 0.135, min=-0.237, max= 0.230
[17:31:43]   diesel    : mean= 0.684, std= 0.315, min= 0.065, max= 1.000
[17:31:43]   battery   : mean= 0.934, std= 0.114, min= 0.447, max= 1.000
[17:31:43]   customer  : mean= 0.521, std= 0.167, min= 0.233, max= 0.903
[17:31:43] 
======================================================================
[17:31:43] Episode 136/200
[17:31:43] ======================================================================
[17:31:43] 总奖励:   -58.71 | 步数: 24
[17:31:43] 最近10个episodes平均:   -65.80
[17:31:43] 各Agent奖励:
[17:31:43]   wind      :   54.542
[17:31:43]   solar     :   33.361
[17:31:43]   diesel    :   -0.499
[17:31:43]   battery   :    0.000
[17:31:43]   customer  : -146.114
[17:31:43] Buffer大小:  3384
[17:31:43] 噪声水平: 0.0868
[17:31:43] 
动作统计:
[17:31:43]   wind      : mean= 0.150, std= 0.180, min=-0.193, max= 0.422
[17:31:43]   solar     : mean=-0.019, std= 0.131, min=-0.237, max= 0.309
[17:31:43]   diesel    : mean= 0.674, std= 0.338, min= 0.043, max= 1.000
[17:31:43]   battery   : mean= 0.944, std= 0.119, min= 0.335, max= 1.000
[17:31:43]   customer  : mean= 0.530, std= 0.144, min= 0.256, max= 0.782
[17:31:43] 
======================================================================
[17:31:43] Episode 137/200
[17:31:43] ======================================================================
[17:31:43] 总奖励:   -69.78 | 步数: 24
[17:31:43] 最近10个episodes平均:   -65.54
[17:31:43] 各Agent奖励:
[17:31:43]   wind      :   42.099
[17:31:43]   solar     :   32.004
[17:31:43]   diesel    :    0.028
[17:31:43]   battery   :    0.000
[17:31:43]   customer  : -143.910
[17:31:43] Buffer大小:  3408
[17:31:43] 噪声水平: 0.0868
[17:31:43] 
动作统计:
[17:31:43]   wind      : mean= 0.141, std= 0.187, min=-0.209, max= 0.441
[17:31:43]   solar     : mean= 0.026, std= 0.127, min=-0.233, max= 0.265
[17:31:43]   diesel    : mean= 0.671, std= 0.337, min= 0.036, max= 1.000
[17:31:43]   battery   : mean= 0.909, std= 0.138, min= 0.207, max= 1.000
[17:31:43]   customer  : mean= 0.570, std= 0.175, min= 0.218, max= 0.873
[17:31:43] 
======================================================================
[17:31:43] Episode 138/200
[17:31:43] ======================================================================
[17:31:43] 总奖励:   -80.44 | 步数: 24
[17:31:43] 最近10个episodes平均:   -66.51
[17:31:43] 各Agent奖励:
[17:31:43]   wind      :   46.384
[17:31:43]   solar     :   27.430
[17:31:43]   diesel    :    5.078
[17:31:43]   battery   :    0.000
[17:31:43]   customer  : -159.336
[17:31:43] Buffer大小:  3432
[17:31:43] 噪声水平: 0.0867
[17:31:43] 
动作统计:
[17:31:43]   wind      : mean= 0.141, std= 0.174, min=-0.117, max= 0.423
[17:31:43]   solar     : mean=-0.004, std= 0.109, min=-0.199, max= 0.146
[17:31:43]   diesel    : mean= 0.680, std= 0.327, min= 0.056, max= 1.000
[17:31:43]   battery   : mean= 0.918, std= 0.110, min= 0.401, max= 1.000
[17:31:43]   customer  : mean= 0.534, std= 0.167, min= 0.240, max= 0.829
[17:31:44] 
======================================================================
[17:31:44] Episode 139/200
[17:31:44] ======================================================================
[17:31:44] 总奖励:   -40.57 | 步数: 24
[17:31:44] 最近10个episodes平均:   -64.76
[17:31:44] 各Agent奖励:
[17:31:44]   wind      :   56.733
[17:31:44]   solar     :   32.347
[17:31:44]   diesel    :    1.627
[17:31:44]   battery   :    0.000
[17:31:44]   customer  : -131.274
[17:31:44] Buffer大小:  3456
[17:31:44] 噪声水平: 0.0866
[17:31:44] 
动作统计:
[17:31:44]   wind      : mean= 0.128, std= 0.214, min=-0.227, max= 0.448
[17:31:44]   solar     : mean= 0.016, std= 0.129, min=-0.260, max= 0.233
[17:31:44]   diesel    : mean= 0.684, std= 0.301, min= 0.164, max= 1.000
[17:31:44]   battery   : mean= 0.924, std= 0.144, min= 0.177, max= 1.000
[17:31:44]   customer  : mean= 0.520, std= 0.177, min= 0.203, max= 0.884
[17:31:44] 
======================================================================
[17:31:44] Episode 140/200
[17:31:44] ======================================================================
[17:31:44] 总奖励:   -52.07 | 步数: 24
[17:31:44] 最近10个episodes平均:   -63.24
[17:31:44] 各Agent奖励:
[17:31:44]   wind      :   55.096
[17:31:44]   solar     :   28.388
[17:31:44]   diesel    :    2.012
[17:31:44]   battery   :    0.000
[17:31:44]   customer  : -137.562
[17:31:44] Buffer大小:  3480
[17:31:44] 噪声水平: 0.0865
[17:31:44] 
动作统计:
[17:31:44]   wind      : mean= 0.157, std= 0.255, min=-0.316, max= 0.557
[17:31:44]   solar     : mean= 0.008, std= 0.124, min=-0.238, max= 0.262
[17:31:44]   diesel    : mean= 0.685, std= 0.318, min=-0.013, max= 1.000
[17:31:44]   battery   : mean= 0.918, std= 0.125, min= 0.355, max= 1.000
[17:31:44]   customer  : mean= 0.496, std= 0.169, min= 0.195, max= 0.758
[17:31:44] 
📊 生成可视化图表...
[17:31:44]   ✓ 训练曲线: debug_plots/training_ep0140.png
[17:31:44]   ✓ Agent分析: debug_plots/agents_ep0140.png
[17:31:45] 
======================================================================
[17:31:45] Episode 141/200
[17:31:45] ======================================================================
[17:31:45] 总奖励:   -92.46 | 步数: 24
[17:31:45] 最近10个episodes平均:   -66.15
[17:31:45] 各Agent奖励:
[17:31:45]   wind      :   51.248
[17:31:45]   solar     :   18.857
[17:31:45]   diesel    :   -4.362
[17:31:45]   battery   :    0.000
[17:31:45]   customer  : -158.203
[17:31:45] Buffer大小:  3504
[17:31:45] 噪声水平: 0.0864
[17:31:45] 
动作统计:
[17:31:45]   wind      : mean= 0.167, std= 0.207, min=-0.382, max= 0.481
[17:31:45]   solar     : mean=-0.054, std= 0.119, min=-0.291, max= 0.171
[17:31:45]   diesel    : mean= 0.682, std= 0.317, min= 0.011, max= 1.000
[17:31:45]   battery   : mean= 0.932, std= 0.149, min= 0.153, max= 1.000
[17:31:45]   customer  : mean= 0.519, std= 0.197, min= 0.130, max= 0.876
[17:31:45] 
======================================================================
[17:31:45] Episode 142/200
[17:31:45] ======================================================================
[17:31:45] 总奖励:   -60.10 | 步数: 24
[17:31:45] 最近10个episodes平均:   -65.29
[17:31:45] 各Agent奖励:
[17:31:45]   wind      :   57.663
[17:31:45]   solar     :   25.020
[17:31:45]   diesel    :    1.057
[17:31:45]   battery   :    0.000
[17:31:45]   customer  : -143.839
[17:31:45] Buffer大小:  3528
[17:31:45] 噪声水平: 0.0863
[17:31:45] 
动作统计:
[17:31:45]   wind      : mean= 0.177, std= 0.173, min=-0.151, max= 0.498
[17:31:45]   solar     : mean= 0.009, std= 0.119, min=-0.251, max= 0.208
[17:31:45]   diesel    : mean= 0.679, std= 0.321, min= 0.074, max= 1.000
[17:31:45]   battery   : mean= 0.909, std= 0.140, min= 0.225, max= 1.000
[17:31:45]   customer  : mean= 0.544, std= 0.125, min= 0.289, max= 0.727
[17:31:45] 
======================================================================
[17:31:45] Episode 143/200
[17:31:45] ======================================================================
[17:31:45] 总奖励:   -64.70 | 步数: 24
[17:31:45] 最近10个episodes平均:   -64.64
[17:31:45] 各Agent奖励:
[17:31:45]   wind      :   63.306
[17:31:45]   solar     :   27.457
[17:31:45]   diesel    :    4.075
[17:31:45]   battery   :    3.101
[17:31:45]   customer  : -162.643
[17:31:45] Buffer大小:  3552
[17:31:45] 噪声水平: 0.0862
[17:31:45] 
动作统计:
[17:31:45]   wind      : mean= 0.169, std= 0.211, min=-0.302, max= 0.549
[17:31:45]   solar     : mean=-0.065, std= 0.125, min=-0.301, max= 0.153
[17:31:45]   diesel    : mean= 0.708, std= 0.310, min= 0.095, max= 1.000
[17:31:45]   battery   : mean= 0.920, std= 0.162, min= 0.163, max= 1.000
[17:31:45]   customer  : mean= 0.498, std= 0.195, min= 0.088, max= 0.920
[17:31:45] 
======================================================================
[17:31:45] Episode 144/200
[17:31:45] ======================================================================
[17:31:45] 总奖励:   -34.26 | 步数: 24
[17:31:45] 最近10个episodes平均:   -60.95
[17:31:45] 各Agent奖励:
[17:31:45]   wind      :   69.590
[17:31:45]   solar     :   28.794
[17:31:45]   diesel    :    2.721
[17:31:45]   battery   :    0.000
[17:31:45]   customer  : -135.366
[17:31:45] Buffer大小:  3576
[17:31:45] 噪声水平: 0.0862
[17:31:45] 
动作统计:
[17:31:45]   wind      : mean= 0.150, std= 0.241, min=-0.362, max= 0.497
[17:31:45]   solar     : mean=-0.018, std= 0.147, min=-0.218, max= 0.278
[17:31:45]   diesel    : mean= 0.686, std= 0.313, min= 0.106, max= 1.000
[17:31:45]   battery   : mean= 0.891, std= 0.162, min= 0.151, max= 1.000
[17:31:45]   customer  : mean= 0.502, std= 0.191, min= 0.076, max= 0.867
[17:31:45] 
======================================================================
[17:31:45] Episode 145/200
[17:31:45] ======================================================================
[17:31:45] 总奖励:   -51.15 | 步数: 24
[17:31:45] 最近10个episodes平均:   -60.42
[17:31:45] 各Agent奖励:
[17:31:45]   wind      :   58.174
[17:31:45]   solar     :   25.208
[17:31:45]   diesel    :    2.937
[17:31:45]   battery   :    0.000
[17:31:45]   customer  : -137.464
[17:31:45] Buffer大小:  3600
[17:31:45] 噪声水平: 0.0861
[17:31:45] 
动作统计:
[17:31:45]   wind      : mean= 0.122, std= 0.243, min=-0.308, max= 0.501
[17:31:45]   solar     : mean=-0.019, std= 0.125, min=-0.214, max= 0.294
[17:31:45]   diesel    : mean= 0.671, std= 0.323, min= 0.003, max= 1.000
[17:31:45]   battery   : mean= 0.883, std= 0.163, min= 0.039, max= 1.000
[17:31:45]   customer  : mean= 0.530, std= 0.205, min= 0.142, max= 0.900
[17:31:46] 
======================================================================
[17:31:46] Episode 146/200
[17:31:46] ======================================================================
[17:31:46] 总奖励:   -60.20 | 步数: 24
[17:31:46] 最近10个episodes平均:   -60.57
[17:31:46] 各Agent奖励:
[17:31:46]   wind      :   61.744
[17:31:46]   solar     :   26.770
[17:31:46]   diesel    :    3.693
[17:31:46]   battery   :    0.000
[17:31:46]   customer  : -152.410
[17:31:46] Buffer大小:  3624
[17:31:46] 噪声水平: 0.0860
[17:31:46] 
动作统计:
[17:31:46]   wind      : mean= 0.181, std= 0.217, min=-0.323, max= 0.656
[17:31:46]   solar     : mean=-0.040, std= 0.171, min=-0.349, max= 0.273
[17:31:46]   diesel    : mean= 0.682, std= 0.311, min= 0.101, max= 1.000
[17:31:46]   battery   : mean= 0.871, std= 0.139, min= 0.334, max= 1.000
[17:31:46]   customer  : mean= 0.530, std= 0.167, min= 0.163, max= 0.809
[17:31:46] 
======================================================================
[17:31:46] Episode 147/200
[17:31:46] ======================================================================
[17:31:46] 总奖励:   -56.74 | 步数: 24
[17:31:46] 最近10个episodes平均:   -59.27
[17:31:46] 各Agent奖励:
[17:31:46]   wind      :   64.357
[17:31:46]   solar     :   38.996
[17:31:46]   diesel    :   -1.771
[17:31:46]   battery   :    0.000
[17:31:46]   customer  : -158.326
[17:31:46] Buffer大小:  3648
[17:31:46] 噪声水平: 0.0859
[17:31:46] 
动作统计:
[17:31:46]   wind      : mean= 0.158, std= 0.207, min=-0.250, max= 0.558
[17:31:46]   solar     : mean=-0.039, std= 0.156, min=-0.353, max= 0.234
[17:31:46]   diesel    : mean= 0.674, std= 0.336, min= 0.010, max= 1.000
[17:31:46]   battery   : mean= 0.865, std= 0.148, min= 0.240, max= 1.000
[17:31:46]   customer  : mean= 0.483, std= 0.180, min= 0.055, max= 0.688
[17:31:46] 
======================================================================
[17:31:46] Episode 148/200
[17:31:46] ======================================================================
[17:31:46] 总奖励:   -48.66 | 步数: 24
[17:31:46] 最近10个episodes平均:   -56.09
[17:31:46] 各Agent奖励:
[17:31:46]   wind      :   57.252
[17:31:46]   solar     :   30.404
[17:31:46]   diesel    :    0.177
[17:31:46]   battery   :    0.000
[17:31:46]   customer  : -136.493
[17:31:46] Buffer大小:  3672
[17:31:46] 噪声水平: 0.0858
[17:31:46] 
动作统计:
[17:31:46]   wind      : mean= 0.172, std= 0.201, min=-0.223, max= 0.523
[17:31:46]   solar     : mean=-0.010, std= 0.167, min=-0.287, max= 0.247
[17:31:46]   diesel    : mean= 0.664, std= 0.326, min= 0.030, max= 1.000
[17:31:46]   battery   : mean= 0.874, std= 0.132, min= 0.428, max= 1.000
[17:31:46]   customer  : mean= 0.534, std= 0.180, min= 0.132, max= 0.829
[17:31:46] 
======================================================================
[17:31:46] Episode 149/200
[17:31:46] ======================================================================
[17:31:46] 总奖励:   -49.79 | 步数: 24
[17:31:46] 最近10个episodes平均:   -57.01
[17:31:46] 各Agent奖励:
[17:31:46]   wind      :   74.186
[17:31:46]   solar     :   28.978
[17:31:46]   diesel    :    3.157
[17:31:46]   battery   :    0.707
[17:31:46]   customer  : -156.814
[17:31:46] Buffer大小:  3696
[17:31:46] 噪声水平: 0.0857
[17:31:46] 
动作统计:
[17:31:46]   wind      : mean= 0.146, std= 0.198, min=-0.236, max= 0.494
[17:31:46]   solar     : mean=-0.012, std= 0.138, min=-0.238, max= 0.195
[17:31:46]   diesel    : mean= 0.688, std= 0.320, min= 0.045, max= 1.000
[17:31:46]   battery   : mean= 0.868, std= 0.158, min= 0.200, max= 1.000
[17:31:46]   customer  : mean= 0.492, std= 0.176, min= 0.026, max= 0.857
[17:31:46] 
======================================================================
[17:31:46] Episode 150/200
[17:31:46] ======================================================================
[17:31:46] 总奖励:   -65.54 | 步数: 24
[17:31:46] 最近10个episodes平均:   -58.36
[17:31:46] 各Agent奖励:
[17:31:46]   wind      :   62.733
[17:31:46]   solar     :   36.947
[17:31:46]   diesel    :    3.784
[17:31:46]   battery   :    0.634
[17:31:46]   customer  : -169.637
[17:31:46] Buffer大小:  3720
[17:31:46] 噪声水平: 0.0856
[17:31:46] 
动作统计:
[17:31:46]   wind      : mean= 0.204, std= 0.183, min=-0.124, max= 0.589
[17:31:46]   solar     : mean= 0.007, std= 0.176, min=-0.381, max= 0.278
[17:31:46]   diesel    : mean= 0.672, std= 0.314, min=-0.025, max= 1.000
[17:31:46]   battery   : mean= 0.862, std= 0.162, min= 0.176, max= 1.000
[17:31:46]   customer  : mean= 0.517, std= 0.190, min= 0.102, max= 0.813
[17:31:46] 
📊 生成可视化图表...
[17:31:47]   ✓ 训练曲线: debug_plots/training_ep0150.png
[17:31:47]   ✓ Agent分析: debug_plots/agents_ep0150.png
[17:31:47] 💾 保存检查点: debug_checkpoints/debug_maddpg_20251203_173112_ep0150.pt
[17:31:47] 
======================================================================
[17:31:47] Episode 151/200
[17:31:47] ======================================================================
[17:31:47] 总奖励:   -61.97 | 步数: 24
[17:31:47] 最近10个episodes平均:   -55.31
[17:31:47] 各Agent奖励:
[17:31:47]   wind      :   67.151
[17:31:47]   solar     :   27.037
[17:31:47]   diesel    :    7.981
[17:31:47]   battery   :    0.000
[17:31:47]   customer  : -164.141
[17:31:47] Buffer大小:  3744
[17:31:47] 噪声水平: 0.0855
[17:31:47] 
动作统计:
[17:31:47]   wind      : mean= 0.158, std= 0.208, min=-0.291, max= 0.492
[17:31:47]   solar     : mean=-0.067, std= 0.158, min=-0.394, max= 0.228
[17:31:47]   diesel    : mean= 0.700, std= 0.305, min= 0.125, max= 1.000
[17:31:47]   battery   : mean= 0.880, std= 0.151, min= 0.227, max= 1.000
[17:31:47]   customer  : mean= 0.507, std= 0.203, min= 0.139, max= 0.903
[17:31:47] 
======================================================================
[17:31:47] Episode 152/200
[17:31:47] ======================================================================
[17:31:47] 总奖励:   -87.74 | 步数: 24
[17:31:47] 最近10个episodes平均:   -58.08
[17:31:47] 各Agent奖励:
[17:31:47]   wind      :   51.786
[17:31:47]   solar     :   26.615
[17:31:47]   diesel    :    1.045
[17:31:47]   battery   :    0.000
[17:31:47]   customer  : -167.185
[17:31:47] Buffer大小:  3768
[17:31:47] 噪声水平: 0.0855
[17:31:47] 
动作统计:
[17:31:47]   wind      : mean= 0.183, std= 0.169, min=-0.116, max= 0.603
[17:31:47]   solar     : mean=-0.015, std= 0.134, min=-0.304, max= 0.232
[17:31:47]   diesel    : mean= 0.680, std= 0.331, min= 0.076, max= 1.000
[17:31:47]   battery   : mean= 0.855, std= 0.146, min= 0.308, max= 1.000
[17:31:47]   customer  : mean= 0.517, std= 0.198, min= 0.115, max= 0.893
[17:31:47] 
======================================================================
[17:31:47] Episode 153/200
[17:31:47] ======================================================================
[17:31:47] 总奖励:   -56.34 | 步数: 24
[17:31:47] 最近10个episodes平均:   -57.24
[17:31:47] 各Agent奖励:
[17:31:47]   wind      :   41.897
[17:31:47]   solar     :   32.146
[17:31:47]   diesel    :    1.349
[17:31:47]   battery   :    0.000
[17:31:47]   customer  : -131.731
[17:31:47] Buffer大小:  3792
[17:31:47] 噪声水平: 0.0854
[17:31:47] 
动作统计:
[17:31:47]   wind      : mean= 0.178, std= 0.237, min=-0.343, max= 0.547
[17:31:47]   solar     : mean=-0.037, std= 0.161, min=-0.345, max= 0.258
[17:31:47]   diesel    : mean= 0.669, std= 0.333, min=-0.042, max= 1.000
[17:31:47]   battery   : mean= 0.850, std= 0.150, min= 0.237, max= 1.000
[17:31:47]   customer  : mean= 0.494, std= 0.199, min= 0.077, max= 0.902
[17:31:48] 
======================================================================
[17:31:48] Episode 154/200
[17:31:48] ======================================================================
[17:31:48] 总奖励:   -61.82 | 步数: 24
[17:31:48] 最近10个episodes平均:   -59.99
[17:31:48] 各Agent奖励:
[17:31:48]   wind      :   58.787
[17:31:48]   solar     :   33.538
[17:31:48]   diesel    :    3.293
[17:31:48]   battery   :    0.733
[17:31:48]   customer  : -158.167
[17:31:48] Buffer大小:  3816
[17:31:48] 噪声水平: 0.0853
[17:31:48] 
动作统计:
[17:31:48]   wind      : mean= 0.164, std= 0.165, min=-0.195, max= 0.463
[17:31:48]   solar     : mean= 0.020, std= 0.171, min=-0.269, max= 0.346
[17:31:48]   diesel    : mean= 0.673, std= 0.332, min= 0.094, max= 1.000
[17:31:48]   battery   : mean= 0.863, std= 0.183, min= 0.086, max= 1.000
[17:31:48]   customer  : mean= 0.494, std= 0.185, min= 0.074, max= 0.745
[17:31:48] 
======================================================================
[17:31:48] Episode 155/200
[17:31:48] ======================================================================
[17:31:48] 总奖励:   -38.25 | 步数: 24
[17:31:48] 最近10个episodes平均:   -58.71
[17:31:48] 各Agent奖励:
[17:31:48]   wind      :   69.599
[17:31:48]   solar     :   28.838
[17:31:48]   diesel    :    0.781
[17:31:48]   battery   :    0.000
[17:31:48]   customer  : -137.470
[17:31:48] Buffer大小:  3840
[17:31:48] 噪声水平: 0.0852
[17:31:48] 
动作统计:
[17:31:48]   wind      : mean= 0.190, std= 0.231, min=-0.193, max= 0.527
[17:31:48]   solar     : mean=-0.019, std= 0.171, min=-0.312, max= 0.348
[17:31:48]   diesel    : mean= 0.657, std= 0.344, min=-0.035, max= 1.000
[17:31:48]   battery   : mean= 0.848, std= 0.141, min= 0.361, max= 1.000
[17:31:48]   customer  : mean= 0.489, std= 0.228, min=-0.074, max= 0.822
[17:31:48] 
======================================================================
[17:31:48] Episode 156/200
[17:31:48] ======================================================================
[17:31:48] 总奖励:   -76.97 | 步数: 24
[17:31:48] 最近10个episodes平均:   -60.38
[17:31:48] 各Agent奖励:
[17:31:48]   wind      :   65.142
[17:31:48]   solar     :   23.827
[17:31:48]   diesel    :   -3.111
[17:31:48]   battery   :    0.000
[17:31:48]   customer  : -162.828
[17:31:48] Buffer大小:  3864
[17:31:48] 噪声水平: 0.0851
[17:31:48] 
动作统计:
[17:31:48]   wind      : mean= 0.184, std= 0.190, min=-0.170, max= 0.486
[17:31:48]   solar     : mean= 0.012, std= 0.189, min=-0.280, max= 0.455
[17:31:48]   diesel    : mean= 0.686, std= 0.326, min= 0.070, max= 1.000
[17:31:48]   battery   : mean= 0.842, std= 0.174, min= 0.083, max= 1.000
[17:31:48]   customer  : mean= 0.499, std= 0.197, min= 0.102, max= 0.787
[17:31:48] 
======================================================================
[17:31:48] Episode 157/200
[17:31:48] ======================================================================
[17:31:48] 总奖励:   -56.74 | 步数: 24
[17:31:48] 最近10个episodes平均:   -60.38
[17:31:48] 各Agent奖励:
[17:31:48]   wind      :   82.816
[17:31:48]   solar     :   34.980
[17:31:48]   diesel    :    2.901
[17:31:48]   battery   :    0.000
[17:31:48]   customer  : -177.439
[17:31:48] Buffer大小:  3888
[17:31:48] 噪声水平: 0.0850
[17:31:48] 
动作统计:
[17:31:48]   wind      : mean= 0.192, std= 0.198, min=-0.137, max= 0.540
[17:31:48]   solar     : mean=-0.030, std= 0.177, min=-0.288, max= 0.203
[17:31:48]   diesel    : mean= 0.684, std= 0.315, min= 0.110, max= 1.000
[17:31:48]   battery   : mean= 0.835, std= 0.150, min= 0.298, max= 1.000
[17:31:48]   customer  : mean= 0.488, std= 0.213, min= 0.044, max= 0.811
[17:31:49] 
======================================================================
[17:31:49] Episode 158/200
[17:31:49] ======================================================================
[17:31:49] 总奖励:   -86.54 | 步数: 24
[17:31:49] 最近10个episodes平均:   -64.17
[17:31:49] 各Agent奖励:
[17:31:49]   wind      :   61.871
[17:31:49]   solar     :   25.759
[17:31:49]   diesel    :    4.144
[17:31:49]   battery   :    0.000
[17:31:49]   customer  : -178.313
[17:31:49] Buffer大小:  3912
[17:31:49] 噪声水平: 0.0850
[17:31:49] 
动作统计:
[17:31:49]   wind      : mean= 0.235, std= 0.186, min=-0.157, max= 0.456
[17:31:49]   solar     : mean=-0.004, std= 0.153, min=-0.265, max= 0.236
[17:31:49]   diesel    : mean= 0.677, std= 0.316, min= 0.149, max= 1.000
[17:31:49]   battery   : mean= 0.819, std= 0.142, min= 0.218, max= 1.000
[17:31:49]   customer  : mean= 0.508, std= 0.213, min= 0.111, max= 0.887
[17:31:49] 
======================================================================
[17:31:49] Episode 159/200
[17:31:49] ======================================================================
[17:31:49] 总奖励:   -34.05 | 步数: 24
[17:31:49] 最近10个episodes平均:   -62.60
[17:31:49] 各Agent奖励:
[17:31:49]   wind      :   62.292
[17:31:49]   solar     :   35.491
[17:31:49]   diesel    :    0.608
[17:31:49]   battery   :    0.000
[17:31:49]   customer  : -132.443
[17:31:49] Buffer大小:  3936
[17:31:49] 噪声水平: 0.0849
[17:31:49] 
动作统计:
[17:31:49]   wind      : mean= 0.179, std= 0.210, min=-0.216, max= 0.528
[17:31:49]   solar     : mean= 0.019, std= 0.166, min=-0.311, max= 0.335
[17:31:49]   diesel    : mean= 0.671, std= 0.341, min=-0.013, max= 1.000
[17:31:49]   battery   : mean= 0.838, std= 0.154, min= 0.168, max= 1.000
[17:31:49]   customer  : mean= 0.467, std= 0.210, min= 0.024, max= 0.706
[17:31:49] 
======================================================================
[17:31:49] Episode 160/200
[17:31:49] ======================================================================
[17:31:49] 总奖励:   -48.13 | 步数: 24
[17:31:49] 最近10个episodes平均:   -60.85
[17:31:49] 各Agent奖励:
[17:31:49]   wind      :   67.982
[17:31:49]   solar     :   34.164
[17:31:49]   diesel    :    3.108
[17:31:49]   battery   :    0.000
[17:31:49]   customer  : -153.379
[17:31:49] Buffer大小:  3960
[17:31:49] 噪声水平: 0.0848
[17:31:49] 
动作统计:
[17:31:49]   wind      : mean= 0.133, std= 0.184, min=-0.123, max= 0.433
[17:31:49]   solar     : mean=-0.009, std= 0.171, min=-0.309, max= 0.293
[17:31:49]   diesel    : mean= 0.659, std= 0.332, min= 0.058, max= 1.000
[17:31:49]   battery   : mean= 0.820, std= 0.156, min= 0.290, max= 1.000
[17:31:49]   customer  : mean= 0.489, std= 0.210, min= 0.043, max= 0.766
[17:31:49] 
📊 生成可视化图表...
[17:31:49]   ✓ 训练曲线: debug_plots/training_ep0160.png
[17:31:49]   ✓ Agent分析: debug_plots/agents_ep0160.png
[17:31:50] 
======================================================================
[17:31:50] Episode 161/200
[17:31:50] ======================================================================
[17:31:50] 总奖励:   -67.47 | 步数: 24
[17:31:50] 最近10个episodes平均:   -61.40
[17:31:50] 各Agent奖励:
[17:31:50]   wind      :   57.901
[17:31:50]   solar     :   40.671
[17:31:50]   diesel    :    6.503
[17:31:50]   battery   :    0.000
[17:31:50]   customer  : -172.551
[17:31:50] Buffer大小:  3984
[17:31:50] 噪声水平: 0.0847
[17:31:50] 
动作统计:
[17:31:50]   wind      : mean= 0.208, std= 0.223, min=-0.191, max= 0.706
[17:31:50]   solar     : mean=-0.012, std= 0.185, min=-0.369, max= 0.323
[17:31:50]   diesel    : mean= 0.657, std= 0.332, min= 0.085, max= 1.000
[17:31:50]   battery   : mean= 0.802, std= 0.179, min= 0.235, max= 1.000
[17:31:50]   customer  : mean= 0.458, std= 0.254, min=-0.133, max= 0.773
[17:31:50] 
======================================================================
[17:31:50] Episode 162/200
[17:31:50] ======================================================================
[17:31:50] 总奖励:   -76.19 | 步数: 24
[17:31:50] 最近10个episodes平均:   -60.25
[17:31:50] 各Agent奖励:
[17:31:50]   wind      :   59.395
[17:31:50]   solar     :   41.070
[17:31:50]   diesel    :    6.707
[17:31:50]   battery   :    0.000
[17:31:50]   customer  : -183.360
[17:31:50] Buffer大小:  4008
[17:31:50] 噪声水平: 0.0846
[17:31:50] 
动作统计:
[17:31:50]   wind      : mean= 0.222, std= 0.180, min=-0.053, max= 0.548
[17:31:50]   solar     : mean= 0.002, std= 0.176, min=-0.332, max= 0.244
[17:31:50]   diesel    : mean= 0.704, std= 0.310, min= 0.126, max= 1.000
[17:31:50]   battery   : mean= 0.774, std= 0.182, min= 0.143, max= 1.000
[17:31:50]   customer  : mean= 0.474, std= 0.218, min=-0.200, max= 0.766
[17:31:50] 
======================================================================
[17:31:50] Episode 163/200
[17:31:50] ======================================================================
[17:31:50] 总奖励:   -51.16 | 步数: 24
[17:31:50] 最近10个episodes平均:   -59.73
[17:31:50] 各Agent奖励:
[17:31:50]   wind      :   69.303
[17:31:50]   solar     :   38.447
[17:31:50]   diesel    :    5.126
[17:31:50]   battery   :    0.000
[17:31:50]   customer  : -164.035
[17:31:50] Buffer大小:  4032
[17:31:50] 噪声水平: 0.0845
[17:31:50] 
动作统计:
[17:31:50]   wind      : mean= 0.207, std= 0.186, min=-0.094, max= 0.531
[17:31:50]   solar     : mean=-0.007, std= 0.203, min=-0.379, max= 0.337
[17:31:50]   diesel    : mean= 0.666, std= 0.345, min=-0.141, max= 1.000
[17:31:50]   battery   : mean= 0.784, std= 0.176, min= 0.216, max= 1.000
[17:31:50]   customer  : mean= 0.453, std= 0.236, min=-0.152, max= 0.758
[17:31:50] 
======================================================================
[17:31:50] Episode 164/200
[17:31:50] ======================================================================
[17:31:50] 总奖励:   -72.32 | 步数: 24
[17:31:50] 最近10个episodes平均:   -60.78
[17:31:50] 各Agent奖励:
[17:31:50]   wind      :   61.304
[17:31:50]   solar     :   27.033
[17:31:50]   diesel    :    0.472
[17:31:50]   battery   :    0.000
[17:31:50]   customer  : -161.125
[17:31:50] Buffer大小:  4056
[17:31:50] 噪声水平: 0.0844
[17:31:50] 
动作统计:
[17:31:50]   wind      : mean= 0.205, std= 0.213, min=-0.218, max= 0.589
[17:31:50]   solar     : mean=-0.014, std= 0.165, min=-0.239, max= 0.348
[17:31:50]   diesel    : mean= 0.695, std= 0.313, min=-0.007, max= 1.000
[17:31:50]   battery   : mean= 0.785, std= 0.169, min= 0.278, max= 1.000
[17:31:50]   customer  : mean= 0.509, std= 0.210, min= 0.016, max= 0.802
[17:31:50] 
======================================================================
[17:31:50] Episode 165/200
[17:31:50] ======================================================================
[17:31:50] 总奖励:   -38.23 | 步数: 24
[17:31:50] 最近10个episodes平均:   -60.78
[17:31:50] 各Agent奖励:
[17:31:50]   wind      :   83.585
[17:31:50]   solar     :   35.320
[17:31:50]   diesel    :    1.267
[17:31:50]   battery   :    0.000
[17:31:50]   customer  : -158.398
[17:31:50] Buffer大小:  4080
[17:31:50] 噪声水平: 0.0844
[17:31:50] 
动作统计:
[17:31:50]   wind      : mean= 0.164, std= 0.211, min=-0.317, max= 0.550
[17:31:50]   solar     : mean=-0.009, std= 0.162, min=-0.281, max= 0.263
[17:31:50]   diesel    : mean= 0.673, std= 0.311, min= 0.045, max= 1.000
[17:31:50]   battery   : mean= 0.808, std= 0.167, min= 0.200, max= 1.000
[17:31:50]   customer  : mean= 0.476, std= 0.208, min= 0.036, max= 0.813
[17:31:51] 
======================================================================
[17:31:51] Episode 166/200
[17:31:51] ======================================================================
[17:31:51] 总奖励:   -43.41 | 步数: 24
[17:31:51] 最近10个episodes平均:   -57.42
[17:31:51] 各Agent奖励:
[17:31:51]   wind      :   59.647
[17:31:51]   solar     :   36.945
[17:31:51]   diesel    :    1.135
[17:31:51]   battery   :    0.000
[17:31:51]   customer  : -141.141
[17:31:51] Buffer大小:  4104
[17:31:51] 噪声水平: 0.0843
[17:31:51] 
动作统计:
[17:31:51]   wind      : mean= 0.163, std= 0.206, min=-0.198, max= 0.497
[17:31:51]   solar     : mean= 0.019, std= 0.137, min=-0.202, max= 0.254
[17:31:51]   diesel    : mean= 0.664, std= 0.334, min= 0.079, max= 1.000
[17:31:51]   battery   : mean= 0.789, std= 0.169, min= 0.204, max= 1.000
[17:31:51]   customer  : mean= 0.461, std= 0.214, min= 0.036, max= 0.786
[17:31:51] 
======================================================================
[17:31:51] Episode 167/200
[17:31:51] ======================================================================
[17:31:51] 总奖励:   -51.07 | 步数: 24
[17:31:51] 最近10个episodes平均:   -56.86
[17:31:51] 各Agent奖励:
[17:31:51]   wind      :   76.038
[17:31:51]   solar     :   23.492
[17:31:51]   diesel    :    2.339
[17:31:51]   battery   :    0.702
[17:31:51]   customer  : -153.641
[17:31:51] Buffer大小:  4128
[17:31:51] 噪声水平: 0.0842
[17:31:51] 
动作统计:
[17:31:51]   wind      : mean= 0.194, std= 0.195, min=-0.207, max= 0.499
[17:31:51]   solar     : mean= 0.012, std= 0.177, min=-0.372, max= 0.294
[17:31:51]   diesel    : mean= 0.680, std= 0.314, min= 0.090, max= 1.000
[17:31:51]   battery   : mean= 0.789, std= 0.191, min= 0.086, max= 1.000
[17:31:51]   customer  : mean= 0.454, std= 0.217, min=-0.103, max= 0.764
[17:31:51] 
======================================================================
[17:31:51] Episode 168/200
[17:31:51] ======================================================================
[17:31:51] 总奖励:   -45.24 | 步数: 24
[17:31:51] 最近10个episodes平均:   -52.73
[17:31:51] 各Agent奖励:
[17:31:51]   wind      :   66.394
[17:31:51]   solar     :   30.337
[17:31:51]   diesel    :    3.817
[17:31:51]   battery   :    3.498
[17:31:51]   customer  : -149.287
[17:31:51] Buffer大小:  4152
[17:31:51] 噪声水平: 0.0841
[17:31:51] 
动作统计:
[17:31:51]   wind      : mean= 0.179, std= 0.184, min=-0.167, max= 0.538
[17:31:51]   solar     : mean= 0.019, std= 0.164, min=-0.347, max= 0.383
[17:31:51]   diesel    : mean= 0.692, std= 0.324, min= 0.128, max= 1.000
[17:31:51]   battery   : mean= 0.770, std= 0.230, min=-0.219, max= 1.000
[17:31:51]   customer  : mean= 0.466, std= 0.187, min= 0.102, max= 0.845
[17:31:51] 
======================================================================
[17:31:51] Episode 169/200
[17:31:51] ======================================================================
[17:31:51] 总奖励:   -89.51 | 步数: 24
[17:31:51] 最近10个episodes平均:   -58.27
[17:31:51] 各Agent奖励:
[17:31:51]   wind      :   50.002
[17:31:51]   solar     :   29.917
[17:31:51]   diesel    :    5.616
[17:31:51]   battery   :    0.000
[17:31:51]   customer  : -175.046
[17:31:51] Buffer大小:  4176
[17:31:51] 噪声水平: 0.0840
[17:31:51] 
动作统计:
[17:31:51]   wind      : mean= 0.190, std= 0.187, min=-0.137, max= 0.549
[17:31:51]   solar     : mean= 0.026, std= 0.189, min=-0.326, max= 0.384
[17:31:51]   diesel    : mean= 0.682, std= 0.329, min=-0.049, max= 1.000
[17:31:51]   battery   : mean= 0.761, std= 0.178, min= 0.154, max= 1.000
[17:31:51]   customer  : mean= 0.481, std= 0.235, min=-0.151, max= 0.871
[17:31:51] 
======================================================================
[17:31:51] Episode 170/200
[17:31:51] ======================================================================
[17:31:51] 总奖励:   -46.75 | 步数: 24
[17:31:51] 最近10个episodes平均:   -58.14
[17:31:51] 各Agent奖励:
[17:31:51]   wind      :   70.325
[17:31:51]   solar     :   44.349
[17:31:51]   diesel    :    1.559
[17:31:51]   battery   :    0.782
[17:31:51]   customer  : -163.768
[17:31:51] Buffer大小:  4200
[17:31:51] 噪声水平: 0.0839
[17:31:51] 
动作统计:
[17:31:51]   wind      : mean= 0.193, std= 0.176, min=-0.188, max= 0.519
[17:31:51]   solar     : mean= 0.032, std= 0.184, min=-0.262, max= 0.335
[17:31:51]   diesel    : mean= 0.680, std= 0.319, min= 0.115, max= 1.000
[17:31:51]   battery   : mean= 0.786, std= 0.215, min=-0.068, max= 1.000
[17:31:51]   customer  : mean= 0.483, std= 0.189, min= 0.038, max= 0.705
[17:31:51] 
📊 生成可视化图表...
[17:31:52]   ✓ 训练曲线: debug_plots/training_ep0170.png
[17:31:52]   ✓ Agent分析: debug_plots/agents_ep0170.png
[17:31:52] 
======================================================================
[17:31:52] Episode 171/200
[17:31:52] ======================================================================
[17:31:52] 总奖励:   -55.80 | 步数: 24
[17:31:52] 最近10个episodes平均:   -56.97
[17:31:52] 各Agent奖励:
[17:31:52]   wind      :   75.116
[17:31:52]   solar     :   39.157
[17:31:52]   diesel    :    1.989
[17:31:52]   battery   :    0.000
[17:31:52]   customer  : -172.062
[17:31:52] Buffer大小:  4224
[17:31:52] 噪声水平: 0.0839
[17:31:52] 
动作统计:
[17:31:52]   wind      : mean= 0.211, std= 0.204, min=-0.177, max= 0.625
[17:31:52]   solar     : mean= 0.005, std= 0.159, min=-0.305, max= 0.244
[17:31:52]   diesel    : mean= 0.682, std= 0.325, min= 0.057, max= 1.000
[17:31:52]   battery   : mean= 0.812, std= 0.161, min= 0.262, max= 1.000
[17:31:52]   customer  : mean= 0.467, std= 0.221, min=-0.069, max= 0.748
[17:31:52] 
======================================================================
[17:31:52] Episode 172/200
[17:31:52] ======================================================================
[17:31:52] 总奖励:   -49.94 | 步数: 24
[17:31:52] 最近10个episodes平均:   -54.34
[17:31:52] 各Agent奖励:
[17:31:52]   wind      :   72.138
[17:31:52]   solar     :   35.576
[17:31:52]   diesel    :   -1.420
[17:31:52]   battery   :    0.000
[17:31:52]   customer  : -156.237
[17:31:52] Buffer大小:  4248
[17:31:52] 噪声水平: 0.0838
[17:31:52] 
动作统计:
[17:31:52]   wind      : mean= 0.200, std= 0.192, min=-0.236, max= 0.539
[17:31:52]   solar     : mean= 0.041, std= 0.192, min=-0.269, max= 0.348
[17:31:52]   diesel    : mean= 0.672, std= 0.335, min= 0.015, max= 1.000
[17:31:52]   battery   : mean= 0.808, std= 0.159, min= 0.338, max= 1.000
[17:31:52]   customer  : mean= 0.485, std= 0.223, min=-0.005, max= 0.817
[17:31:52] 
======================================================================
[17:31:52] Episode 173/200
[17:31:52] ======================================================================
[17:31:52] 总奖励:   -69.25 | 步数: 24
[17:31:52] 最近10个episodes平均:   -56.15
[17:31:52] 各Agent奖励:
[17:31:52]   wind      :   53.506
[17:31:52]   solar     :   30.784
[17:31:52]   diesel    :    6.995
[17:31:52]   battery   :   -0.228
[17:31:52]   customer  : -160.312
[17:31:52] Buffer大小:  4272
[17:31:52] 噪声水平: 0.0837
[17:31:52] 
动作统计:
[17:31:52]   wind      : mean= 0.214, std= 0.199, min=-0.300, max= 0.528
[17:31:52]   solar     : mean= 0.040, std= 0.188, min=-0.280, max= 0.500
[17:31:52]   diesel    : mean= 0.671, std= 0.325, min=-0.043, max= 1.000
[17:31:52]   battery   : mean= 0.786, std= 0.236, min=-0.310, max= 1.000
[17:31:52]   customer  : mean= 0.494, std= 0.192, min= 0.080, max= 0.810
[17:31:53] 
======================================================================
[17:31:53] Episode 174/200
[17:31:53] ======================================================================
[17:31:53] 总奖励:   -50.06 | 步数: 24
[17:31:53] 最近10个episodes平均:   -53.93
[17:31:53] 各Agent奖励:
[17:31:53]   wind      :   80.532
[17:31:53]   solar     :   31.575
[17:31:53]   diesel    :    1.127
[17:31:53]   battery   :    0.000
[17:31:53]   customer  : -163.292
[17:31:53] Buffer大小:  4296
[17:31:53] 噪声水平: 0.0836
[17:31:53] 
动作统计:
[17:31:53]   wind      : mean= 0.201, std= 0.187, min=-0.136, max= 0.560
[17:31:53]   solar     : mean= 0.041, std= 0.177, min=-0.248, max= 0.392
[17:31:53]   diesel    : mean= 0.674, std= 0.330, min= 0.075, max= 1.000
[17:31:53]   battery   : mean= 0.773, std= 0.179, min= 0.308, max= 1.000
[17:31:53]   customer  : mean= 0.481, std= 0.210, min=-0.020, max= 0.836
[17:31:53] 
======================================================================
[17:31:53] Episode 175/200
[17:31:53] ======================================================================
[17:31:53] 总奖励:   -52.56 | 步数: 24
[17:31:53] 最近10个episodes平均:   -55.36
[17:31:53] 各Agent奖励:
[17:31:53]   wind      :   74.978
[17:31:53]   solar     :   25.001
[17:31:53]   diesel    :   -0.376
[17:31:53]   battery   :    0.000
[17:31:53]   customer  : -152.161
[17:31:53] Buffer大小:  4320
[17:31:53] 噪声水平: 0.0835
[17:31:53] 
动作统计:
[17:31:53]   wind      : mean= 0.220, std= 0.176, min=-0.041, max= 0.571
[17:31:53]   solar     : mean= 0.043, std= 0.167, min=-0.313, max= 0.382
[17:31:53]   diesel    : mean= 0.661, std= 0.339, min= 0.049, max= 1.000
[17:31:53]   battery   : mean= 0.817, std= 0.162, min= 0.252, max= 1.000
[17:31:53]   customer  : mean= 0.514, std= 0.197, min=-0.028, max= 0.886
[17:31:53] 
======================================================================
[17:31:53] Episode 176/200
[17:31:53] ======================================================================
[17:31:53] 总奖励:   -37.22 | 步数: 24
[17:31:53] 最近10个episodes平均:   -54.74
[17:31:53] 各Agent奖励:
[17:31:53]   wind      :   78.732
[17:31:53]   solar     :   37.752
[17:31:53]   diesel    :   -0.573
[17:31:53]   battery   :    0.000
[17:31:53]   customer  : -153.132
[17:31:53] Buffer大小:  4344
[17:31:53] 噪声水平: 0.0834
[17:31:53] 
动作统计:
[17:31:53]   wind      : mean= 0.191, std= 0.201, min=-0.140, max= 0.543
[17:31:53]   solar     : mean= 0.047, std= 0.183, min=-0.299, max= 0.458
[17:31:53]   diesel    : mean= 0.695, std= 0.321, min= 0.063, max= 1.000
[17:31:53]   battery   : mean= 0.770, std= 0.194, min= 0.204, max= 1.000
[17:31:53]   customer  : mean= 0.485, std= 0.186, min= 0.050, max= 0.762
[17:31:53] 
======================================================================
[17:31:53] Episode 177/200
[17:31:53] ======================================================================
[17:31:53] 总奖励:   -64.77 | 步数: 24
[17:31:53] 最近10个episodes平均:   -56.11
[17:31:53] 各Agent奖励:
[17:31:53]   wind      :   63.279
[17:31:53]   solar     :   37.184
[17:31:53]   diesel    :    5.955
[17:31:53]   battery   :    1.883
[17:31:53]   customer  : -173.071
[17:31:53] Buffer大小:  4368
[17:31:53] 噪声水平: 0.0834
[17:31:53] 
动作统计:
[17:31:53]   wind      : mean= 0.253, std= 0.159, min= 0.014, max= 0.579
[17:31:53]   solar     : mean= 0.031, std= 0.154, min=-0.270, max= 0.289
[17:31:53]   diesel    : mean= 0.682, std= 0.310, min= 0.177, max= 1.000
[17:31:53]   battery   : mean= 0.766, std= 0.251, min=-0.203, max= 1.000
[17:31:53]   customer  : mean= 0.513, std= 0.199, min= 0.031, max= 0.855
[17:31:53] 
======================================================================
[17:31:53] Episode 178/200
[17:31:53] ======================================================================
[17:31:53] 总奖励:   -47.96 | 步数: 24
[17:31:53] 最近10个episodes平均:   -56.38
[17:31:53] 各Agent奖励:
[17:31:53]   wind      :   78.670
[17:31:53]   solar     :   36.483
[17:31:53]   diesel    :   -0.957
[17:31:53]   battery   :   -1.024
[17:31:53]   customer  : -161.128
[17:31:53] Buffer大小:  4392
[17:31:53] 噪声水平: 0.0833
[17:31:53] 
动作统计:
[17:31:53]   wind      : mean= 0.209, std= 0.187, min=-0.088, max= 0.504
[17:31:53]   solar     : mean= 0.001, std= 0.167, min=-0.333, max= 0.292
[17:31:53]   diesel    : mean= 0.679, std= 0.319, min= 0.019, max= 1.000
[17:31:53]   battery   : mean= 0.768, std= 0.251, min=-0.170, max= 1.000
[17:31:53]   customer  : mean= 0.475, std= 0.187, min= 0.090, max= 0.822
[17:31:53] 
======================================================================
[17:31:53] Episode 179/200
[17:31:53] ======================================================================
[17:31:53] 总奖励:   -53.62 | 步数: 24
[17:31:53] 最近10个episodes平均:   -52.79
[17:31:53] 各Agent奖励:
[17:31:53]   wind      :   73.845
[17:31:53]   solar     :   32.092
[17:31:53]   diesel    :    4.300
[17:31:53]   battery   :    2.762
[17:31:53]   customer  : -166.623
[17:31:53] Buffer大小:  4416
[17:31:53] 噪声水平: 0.0832
[17:31:53] 
动作统计:
[17:31:53]   wind      : mean= 0.209, std= 0.204, min=-0.269, max= 0.668
[17:31:53]   solar     : mean= 0.047, std= 0.191, min=-0.264, max= 0.466
[17:31:53]   diesel    : mean= 0.677, std= 0.309, min=-0.021, max= 1.000
[17:31:53]   battery   : mean= 0.776, std= 0.251, min=-0.319, max= 1.000
[17:31:53]   customer  : mean= 0.492, std= 0.185, min= 0.123, max= 0.734
[17:31:53] 
======================================================================
[17:31:53] Episode 180/200
[17:31:53] ======================================================================
[17:31:53] 总奖励:   -45.40 | 步数: 24
[17:31:53] 最近10个episodes平均:   -52.66
[17:31:53] 各Agent奖励:
[17:31:53]   wind      :   81.802
[17:31:53]   solar     :   34.114
[17:31:53]   diesel    :    0.703
[17:31:53]   battery   :    0.279
[17:31:53]   customer  : -162.299
[17:31:53] Buffer大小:  4440
[17:31:53] 噪声水平: 0.0831
[17:31:53] 
动作统计:
[17:31:53]   wind      : mean= 0.198, std= 0.168, min=-0.097, max= 0.483
[17:31:53]   solar     : mean= 0.020, std= 0.191, min=-0.286, max= 0.358
[17:31:53]   diesel    : mean= 0.687, std= 0.319, min= 0.134, max= 1.000
[17:31:53]   battery   : mean= 0.759, std= 0.258, min=-0.031, max= 1.000
[17:31:53]   customer  : mean= 0.500, std= 0.215, min= 0.017, max= 0.816
[17:31:53] 
📊 生成可视化图表...
[17:31:54]   ✓ 训练曲线: debug_plots/training_ep0180.png
[17:31:54]   ✓ Agent分析: debug_plots/agents_ep0180.png
[17:31:54] 
======================================================================
[17:31:54] Episode 181/200
[17:31:54] ======================================================================
[17:31:54] 总奖励:   -72.22 | 步数: 24
[17:31:54] 最近10个episodes平均:   -54.30
[17:31:54] 各Agent奖励:
[17:31:54]   wind      :   66.684
[17:31:54]   solar     :   25.006
[17:31:54]   diesel    :    2.527
[17:31:54]   battery   :    0.240
[17:31:54]   customer  : -166.678
[17:31:54] Buffer大小:  4464
[17:31:54] 噪声水平: 0.0830
[17:31:54] 
动作统计:
[17:31:54]   wind      : mean= 0.228, std= 0.164, min=-0.026, max= 0.547
[17:31:54]   solar     : mean= 0.030, std= 0.167, min=-0.244, max= 0.337
[17:31:54]   diesel    : mean= 0.683, std= 0.315, min= 0.137, max= 1.000
[17:31:54]   battery   : mean= 0.771, std= 0.268, min= 0.041, max= 1.000
[17:31:54]   customer  : mean= 0.477, std= 0.199, min= 0.037, max= 0.769
[17:31:54] 
======================================================================
[17:31:54] Episode 182/200
[17:31:54] ======================================================================
[17:31:54] 总奖励:   -44.34 | 步数: 24
[17:31:54] 最近10个episodes平均:   -53.74
[17:31:54] 各Agent奖励:
[17:31:54]   wind      :   80.420
[17:31:54]   solar     :   31.083
[17:31:54]   diesel    :    1.253
[17:31:54]   battery   :    0.386
[17:31:54]   customer  : -157.487
[17:31:54] Buffer大小:  4488
[17:31:54] 噪声水平: 0.0829
[17:31:54] 
动作统计:
[17:31:54]   wind      : mean= 0.242, std= 0.148, min= 0.042, max= 0.521
[17:31:54]   solar     : mean= 0.046, std= 0.156, min=-0.207, max= 0.358
[17:31:54]   diesel    : mean= 0.700, std= 0.288, min= 0.199, max= 1.000
[17:31:54]   battery   : mean= 0.744, std= 0.280, min=-0.161, max= 1.000
[17:31:54]   customer  : mean= 0.489, std= 0.191, min= 0.022, max= 0.804
[17:31:54] 
======================================================================
[17:31:54] Episode 183/200
[17:31:54] ======================================================================
[17:31:54] 总奖励:   -66.03 | 步数: 24
[17:31:54] 最近10个episodes平均:   -53.42
[17:31:54] 各Agent奖励:
[17:31:54]   wind      :   58.698
[17:31:54]   solar     :   31.897
[17:31:54]   diesel    :    6.464
[17:31:54]   battery   :    0.000
[17:31:54]   customer  : -163.093
[17:31:54] Buffer大小:  4512
[17:31:54] 噪声水平: 0.0829
[17:31:54] 
动作统计:
[17:31:54]   wind      : mean= 0.216, std= 0.169, min=-0.080, max= 0.538
[17:31:54]   solar     : mean= 0.063, std= 0.183, min=-0.227, max= 0.462
[17:31:54]   diesel    : mean= 0.671, std= 0.328, min= 0.034, max= 1.000
[17:31:54]   battery   : mean= 0.760, std= 0.274, min= 0.101, max= 1.000
[17:31:54]   customer  : mean= 0.525, std= 0.161, min= 0.228, max= 0.767
[17:31:55] 
======================================================================
[17:31:55] Episode 184/200
[17:31:55] ======================================================================
[17:31:55] 总奖励:   -49.07 | 步数: 24
[17:31:55] 最近10个episodes平均:   -53.32
[17:31:55] 各Agent奖励:
[17:31:55]   wind      :   77.575
[17:31:55]   solar     :   31.489
[17:31:55]   diesel    :    2.362
[17:31:55]   battery   :    0.589
[17:31:55]   customer  : -161.084
[17:31:55] Buffer大小:  4536
[17:31:55] 噪声水平: 0.0828
[17:31:55] 
动作统计:
[17:31:55]   wind      : mean= 0.210, std= 0.162, min=-0.090, max= 0.513
[17:31:55]   solar     : mean= 0.038, std= 0.176, min=-0.341, max= 0.415
[17:31:55]   diesel    : mean= 0.682, std= 0.319, min= 0.103, max= 1.000
[17:31:55]   battery   : mean= 0.743, std= 0.280, min= 0.096, max= 1.000
[17:31:55]   customer  : mean= 0.503, std= 0.183, min= 0.082, max= 0.788
[17:31:55] 
======================================================================
[17:31:55] Episode 185/200
[17:31:55] ======================================================================
[17:31:55] 总奖励:   -39.36 | 步数: 24
[17:31:55] 最近10个episodes平均:   -52.00
[17:31:55] 各Agent奖励:
[17:31:55]   wind      :   73.961
[17:31:55]   solar     :   31.702
[17:31:55]   diesel    :   -1.527
[17:31:55]   battery   :   -0.060
[17:31:55]   customer  : -143.436
[17:31:55] Buffer大小:  4560
[17:31:55] 噪声水平: 0.0827
[17:31:55] 
动作统计:
[17:31:55]   wind      : mean= 0.190, std= 0.176, min=-0.133, max= 0.474
[17:31:55]   solar     : mean= 0.059, std= 0.131, min=-0.175, max= 0.290
[17:31:55]   diesel    : mean= 0.693, std= 0.330, min= 0.066, max= 1.000
[17:31:55]   battery   : mean= 0.729, std= 0.310, min=-0.013, max= 1.000
[17:31:55]   customer  : mean= 0.501, std= 0.201, min= 0.083, max= 0.725
[17:31:55] 
======================================================================
[17:31:55] Episode 186/200
[17:31:55] ======================================================================
[17:31:55] 总奖励:   -62.47 | 步数: 24
[17:31:55] 最近10个episodes平均:   -54.52
[17:31:55] 各Agent奖励:
[17:31:55]   wind      :   64.625
[17:31:55]   solar     :   33.166
[17:31:55]   diesel    :    3.425
[17:31:55]   battery   :    2.192
[17:31:55]   customer  : -165.876
[17:31:55] Buffer大小:  4584
[17:31:55] 噪声水平: 0.0826
[17:31:55] 
动作统计:
[17:31:55]   wind      : mean= 0.230, std= 0.180, min=-0.068, max= 0.559
[17:31:55]   solar     : mean= 0.059, std= 0.180, min=-0.251, max= 0.353
[17:31:55]   diesel    : mean= 0.682, std= 0.312, min= 0.115, max= 1.000
[17:31:55]   battery   : mean= 0.742, std= 0.331, min=-0.229, max= 1.000
[17:31:55]   customer  : mean= 0.522, std= 0.208, min= 0.039, max= 0.803
[17:31:55] 
======================================================================
[17:31:55] Episode 187/200
[17:31:55] ======================================================================
[17:31:55] 总奖励:   -28.65 | 步数: 24
[17:31:55] 最近10个episodes平均:   -50.91
[17:31:55] 各Agent奖励:
[17:31:55]   wind      :   83.958
[17:31:55]   solar     :   34.996
[17:31:55]   diesel    :    0.176
[17:31:55]   battery   :    0.951
[17:31:55]   customer  : -148.734
[17:31:55] Buffer大小:  4608
[17:31:55] 噪声水平: 0.0825
[17:31:55] 
动作统计:
[17:31:55]   wind      : mean= 0.201, std= 0.143, min=-0.133, max= 0.518
[17:31:55]   solar     : mean= 0.049, std= 0.174, min=-0.211, max= 0.460
[17:31:55]   diesel    : mean= 0.692, std= 0.306, min= 0.134, max= 1.000
[17:31:55]   battery   : mean= 0.712, std= 0.325, min=-0.171, max= 1.000
[17:31:55]   customer  : mean= 0.498, std= 0.159, min= 0.140, max= 0.721
[17:31:55] 
======================================================================
[17:31:55] Episode 188/200
[17:31:55] ======================================================================
[17:31:55] 总奖励:   -64.16 | 步数: 24
[17:31:55] 最近10个episodes平均:   -52.53
[17:31:55] 各Agent奖励:
[17:31:55]   wind      :   65.483
[17:31:55]   solar     :   32.960
[17:31:55]   diesel    :    4.580
[17:31:55]   battery   :    0.614
[17:31:55]   customer  : -167.801
[17:31:55] Buffer大小:  4632
[17:31:55] 噪声水平: 0.0824
[17:31:55] 
动作统计:
[17:31:55]   wind      : mean= 0.212, std= 0.147, min=-0.050, max= 0.423
[17:31:55]   solar     : mean= 0.038, std= 0.186, min=-0.370, max= 0.316
[17:31:55]   diesel    : mean= 0.683, std= 0.319, min= 0.133, max= 1.000
[17:31:55]   battery   : mean= 0.722, std= 0.337, min=-0.307, max= 1.000
[17:31:55]   customer  : mean= 0.496, std= 0.179, min= 0.069, max= 0.799
[17:31:56] 
======================================================================
[17:31:56] Episode 189/200
[17:31:56] ======================================================================
[17:31:56] 总奖励:   -40.88 | 步数: 24
[17:31:56] 最近10个episodes平均:   -51.26
[17:31:56] 各Agent奖励:
[17:31:56]   wind      :   79.132
[17:31:56]   solar     :   36.988
[17:31:56]   diesel    :    3.359
[17:31:56]   battery   :    0.000
[17:31:56]   customer  : -160.356
[17:31:56] Buffer大小:  4656
[17:31:56] 噪声水平: 0.0824
[17:31:56] 
动作统计:
[17:31:56]   wind      : mean= 0.237, std= 0.172, min=-0.041, max= 0.535
[17:31:56]   solar     : mean= 0.057, std= 0.163, min=-0.269, max= 0.311
[17:31:56]   diesel    : mean= 0.691, std= 0.318, min= 0.105, max= 1.000
[17:31:56]   battery   : mean= 0.724, std= 0.301, min= 0.047, max= 1.000
[17:31:56]   customer  : mean= 0.516, std= 0.201, min= 0.003, max= 0.791
[17:31:56] 
======================================================================
[17:31:56] Episode 190/200
[17:31:56] ======================================================================
[17:31:56] 总奖励:   -78.83 | 步数: 24
[17:31:56] 最近10个episodes平均:   -54.60
[17:31:56] 各Agent奖励:
[17:31:56]   wind      :   67.756
[17:31:56]   solar     :   24.731
[17:31:56]   diesel    :    4.196
[17:31:56]   battery   :    0.034
[17:31:56]   customer  : -175.553
[17:31:56] Buffer大小:  4680
[17:31:56] 噪声水平: 0.0823
[17:31:56] 
动作统计:
[17:31:56]   wind      : mean= 0.199, std= 0.186, min=-0.112, max= 0.578
[17:31:56]   solar     : mean= 0.039, std= 0.182, min=-0.277, max= 0.439
[17:31:56]   diesel    : mean= 0.695, std= 0.318, min= 0.082, max= 1.000
[17:31:56]   battery   : mean= 0.709, std= 0.336, min=-0.065, max= 1.000
[17:31:56]   customer  : mean= 0.499, std= 0.188, min= 0.103, max= 0.820
[17:31:56] 
📊 生成可视化图表...
[17:31:56]   ✓ 训练曲线: debug_plots/training_ep0190.png
[17:31:56]   ✓ Agent分析: debug_plots/agents_ep0190.png
[17:31:57] 
======================================================================
[17:31:57] Episode 191/200
[17:31:57] ======================================================================
[17:31:57] 总奖励:   -57.18 | 步数: 24
[17:31:57] 最近10个episodes平均:   -53.10
[17:31:57] 各Agent奖励:
[17:31:57]   wind      :   65.164
[17:31:57]   solar     :   31.812
[17:31:57]   diesel    :    0.913
[17:31:57]   battery   :    0.000
[17:31:57]   customer  : -155.069
[17:31:57] Buffer大小:  4704
[17:31:57] 噪声水平: 0.0822
[17:31:57] 
动作统计:
[17:31:57]   wind      : mean= 0.220, std= 0.157, min=-0.030, max= 0.561
[17:31:57]   solar     : mean= 0.042, std= 0.183, min=-0.314, max= 0.319
[17:31:57]   diesel    : mean= 0.695, std= 0.308, min= 0.127, max= 1.000
[17:31:57]   battery   : mean= 0.706, std= 0.335, min=-0.140, max= 1.000
[17:31:57]   customer  : mean= 0.547, std= 0.147, min= 0.259, max= 0.816
[17:31:57] 
======================================================================
[17:31:57] Episode 192/200
[17:31:57] ======================================================================
[17:31:57] 总奖励:   -50.44 | 步数: 24
[17:31:57] 最近10个episodes平均:   -53.71
[17:31:57] 各Agent奖励:
[17:31:57]   wind      :   78.454
[17:31:57]   solar     :   29.712
[17:31:57]   diesel    :    5.412
[17:31:57]   battery   :    0.195
[17:31:57]   customer  : -164.211
[17:31:57] Buffer大小:  4728
[17:31:57] 噪声水平: 0.0821
[17:31:57] 
动作统计:
[17:31:57]   wind      : mean= 0.176, std= 0.151, min=-0.095, max= 0.410
[17:31:57]   solar     : mean= 0.050, std= 0.153, min=-0.174, max= 0.452
[17:31:57]   diesel    : mean= 0.691, std= 0.315, min= 0.127, max= 1.000
[17:31:57]   battery   : mean= 0.702, std= 0.354, min=-0.022, max= 1.000
[17:31:57]   customer  : mean= 0.508, std= 0.195, min=-0.006, max= 0.817
[17:31:57] 
======================================================================
[17:31:57] Episode 193/200
[17:31:57] ======================================================================
[17:31:57] 总奖励:   -75.86 | 步数: 24
[17:31:57] 最近10个episodes平均:   -54.69
[17:31:57] 各Agent奖励:
[17:31:57]   wind      :   53.028
[17:31:57]   solar     :   30.532
[17:31:57]   diesel    :    3.898
[17:31:57]   battery   :    0.000
[17:31:57]   customer  : -163.316
[17:31:57] Buffer大小:  4752
[17:31:57] 噪声水平: 0.0820
[17:31:57] 
动作统计:
[17:31:57]   wind      : mean= 0.232, std= 0.169, min=-0.137, max= 0.517
[17:31:57]   solar     : mean= 0.031, std= 0.196, min=-0.403, max= 0.386
[17:31:57]   diesel    : mean= 0.703, std= 0.305, min= 0.128, max= 1.000
[17:31:57]   battery   : mean= 0.705, std= 0.344, min=-0.057, max= 1.000
[17:31:57]   customer  : mean= 0.541, std= 0.166, min= 0.147, max= 0.797
[17:31:57] 
======================================================================
[17:31:57] Episode 194/200
[17:31:57] ======================================================================
[17:31:57] 总奖励:   -63.36 | 步数: 24
[17:31:57] 最近10个episodes平均:   -56.12
[17:31:57] 各Agent奖励:
[17:31:57]   wind      :   63.777
[17:31:57]   solar     :   31.511
[17:31:57]   diesel    :    7.232
[17:31:57]   battery   :    0.326
[17:31:57]   customer  : -166.205
[17:31:57] Buffer大小:  4776
[17:31:57] 噪声水平: 0.0819
[17:31:57] 
动作统计:
[17:31:57]   wind      : mean= 0.190, std= 0.156, min=-0.182, max= 0.428
[17:31:57]   solar     : mean= 0.046, std= 0.187, min=-0.281, max= 0.442
[17:31:57]   diesel    : mean= 0.687, std= 0.336, min= 0.124, max= 1.000
[17:31:57]   battery   : mean= 0.685, std= 0.360, min=-0.269, max= 1.000
[17:31:57]   customer  : mean= 0.519, std= 0.163, min= 0.118, max= 0.771
[17:31:58] 
======================================================================
[17:31:58] Episode 195/200
[17:31:58] ======================================================================
[17:31:58] 总奖励:   -60.47 | 步数: 24
[17:31:58] 最近10个episodes平均:   -58.23
[17:31:58] 各Agent奖励:
[17:31:58]   wind      :   61.320
[17:31:58]   solar     :   33.618
[17:31:58]   diesel    :    4.712
[17:31:58]   battery   :    2.001
[17:31:58]   customer  : -162.119
[17:31:58] Buffer大小:  4800
[17:31:58] 噪声水平: 0.0819
[17:31:58] 
动作统计:
[17:31:58]   wind      : mean= 0.252, std= 0.153, min=-0.084, max= 0.442
[17:31:58]   solar     : mean= 0.044, std= 0.184, min=-0.343, max= 0.350
[17:31:58]   diesel    : mean= 0.697, std= 0.310, min= 0.116, max= 1.000
[17:31:58]   battery   : mean= 0.696, std= 0.363, min=-0.162, max= 1.000
[17:31:58]   customer  : mean= 0.517, std= 0.164, min= 0.111, max= 0.804
[17:31:58] 
======================================================================
[17:31:58] Episode 196/200
[17:31:58] ======================================================================
[17:31:58] 总奖励:   -70.97 | 步数: 24
[17:31:58] 最近10个episodes平均:   -59.08
[17:31:58] 各Agent奖励:
[17:31:58]   wind      :   57.548
[17:31:58]   solar     :   33.312
[17:31:58]   diesel    :    3.781
[17:31:58]   battery   :    1.309
[17:31:58]   customer  : -166.923
[17:31:58] Buffer大小:  4824
[17:31:58] 噪声水平: 0.0818
[17:31:58] 
动作统计:
[17:31:58]   wind      : mean= 0.196, std= 0.171, min=-0.008, max= 0.536
[17:31:58]   solar     : mean= 0.037, std= 0.237, min=-0.370, max= 0.506
[17:31:58]   diesel    : mean= 0.682, std= 0.319, min= 0.148, max= 1.000
[17:31:58]   battery   : mean= 0.693, std= 0.360, min=-0.161, max= 1.000
[17:31:58]   customer  : mean= 0.546, std= 0.175, min= 0.148, max= 0.832
[17:31:58] 
======================================================================
[17:31:58] Episode 197/200
[17:31:58] ======================================================================
[17:31:58] 总奖励:   -58.01 | 步数: 24
[17:31:58] 最近10个episodes平均:   -62.02
[17:31:58] 各Agent奖励:
[17:31:58]   wind      :   71.266
[17:31:58]   solar     :   29.184
[17:31:58]   diesel    :    2.143
[17:31:58]   battery   :    0.161
[17:31:58]   customer  : -160.768
[17:31:58] Buffer大小:  4848
[17:31:58] 噪声水平: 0.0817
[17:31:58] 
动作统计:
[17:31:58]   wind      : mean= 0.211, std= 0.161, min=-0.121, max= 0.445
[17:31:58]   solar     : mean= 0.068, std= 0.186, min=-0.220, max= 0.428
[17:31:58]   diesel    : mean= 0.682, std= 0.322, min= 0.144, max= 1.000
[17:31:58]   battery   : mean= 0.685, std= 0.359, min=-0.132, max= 1.000
[17:31:58]   customer  : mean= 0.533, std= 0.150, min= 0.222, max= 0.760
[17:31:58] 
======================================================================
[17:31:58] Episode 198/200
[17:31:58] ======================================================================
[17:31:58] 总奖励:   -36.03 | 步数: 24
[17:31:58] 最近10个episodes平均:   -59.20
[17:31:58] 各Agent奖励:
[17:31:58]   wind      :   91.324
[17:31:58]   solar     :   25.218
[17:31:58]   diesel    :    3.250
[17:31:58]   battery   :    0.064
[17:31:58]   customer  : -155.884
[17:31:58] Buffer大小:  4872
[17:31:58] 噪声水平: 0.0816
[17:31:58] 
动作统计:
[17:31:58]   wind      : mean= 0.220, std= 0.190, min=-0.240, max= 0.582
[17:31:58]   solar     : mean= 0.041, std= 0.229, min=-0.294, max= 0.432
[17:31:58]   diesel    : mean= 0.697, std= 0.303, min= 0.128, max= 1.000
[17:31:58]   battery   : mean= 0.703, std= 0.351, min= 0.012, max= 1.000
[17:31:58]   customer  : mean= 0.522, std= 0.151, min= 0.224, max= 0.786
[17:31:58] 
======================================================================
[17:31:58] Episode 199/200
[17:31:58] ======================================================================
[17:31:58] 总奖励:   -50.09 | 步数: 24
[17:31:58] 最近10个episodes平均:   -60.12
[17:31:58] 各Agent奖励:
[17:31:58]   wind      :   72.405
[17:31:58]   solar     :   39.519
[17:31:58]   diesel    :    2.898
[17:31:58]   battery   :   -0.782
[17:31:58]   customer  : -164.130
[17:31:58] Buffer大小:  4896
[17:31:58] 噪声水平: 0.0815
[17:31:58] 
动作统计:
[17:31:58]   wind      : mean= 0.212, std= 0.165, min=-0.023, max= 0.507
[17:31:58]   solar     : mean= 0.035, std= 0.162, min=-0.232, max= 0.307
[17:31:58]   diesel    : mean= 0.683, std= 0.330, min= 0.107, max= 1.000
[17:31:58]   battery   : mean= 0.678, std= 0.368, min=-0.140, max= 1.000
[17:31:58]   customer  : mean= 0.496, std= 0.164, min= 0.128, max= 0.808
[17:31:58] 
======================================================================
[17:31:58] Episode 200/200
[17:31:58] ======================================================================
[17:31:58] 总奖励:   -61.16 | 步数: 24
[17:31:58] 最近10个episodes平均:   -58.36
[17:31:58] 各Agent奖励:
[17:31:58]   wind      :   68.908
[17:31:58]   solar     :   32.914
[17:31:58]   diesel    :    1.924
[17:31:58]   battery   :    0.520
[17:31:58]   customer  : -165.427
[17:31:58] Buffer大小:  4920
[17:31:58] 噪声水平: 0.0815
[17:31:58] 
动作统计:
[17:31:58]   wind      : mean= 0.207, std= 0.144, min=-0.057, max= 0.512
[17:31:58]   solar     : mean= 0.055, std= 0.238, min=-0.365, max= 0.506
[17:31:58]   diesel    : mean= 0.688, std= 0.313, min= 0.114, max= 1.000
[17:31:58]   battery   : mean= 0.692, std= 0.345, min=-0.106, max= 1.000
[17:31:58]   customer  : mean= 0.520, std= 0.122, min= 0.291, max= 0.736
[17:31:58] 
📊 生成可视化图表...
[17:31:59]   ✓ 训练曲线: debug_plots/training_ep0200.png
[17:31:59]   ✓ Agent分析: debug_plots/agents_ep0200.png
[17:31:59] 💾 保存检查点: debug_checkpoints/debug_maddpg_20251203_173112_ep0200.pt
[17:31:59] 
======================================================================
[17:31:59] 🎉 训练完成！
[17:31:59] ======================================================================
[17:31:59] 
💾 统计数据已保存: debug_logs/debug_maddpg_20251203_173112_stats.json
[17:32:00] 📊 总结图表: debug_plots/summary_final.png
[17:32:00] 💾 保存检查点: debug_checkpoints/debug_maddpg_20251203_173112_final.pt
