[03:12:43] 
======================================================================
[03:12:43] 🚀 开始调试训练
[03:12:43] ======================================================================
[03:12:43] 
🔥 预热阶段 (5 episodes)
[03:12:43]   预热 1/5 - Buffer: 24
[03:12:43]   预热 2/5 - Buffer: 48
[03:12:43]   预热 3/5 - Buffer: 72
[03:12:43]   预热 4/5 - Buffer: 96
[03:12:43]   预热 5/5 - Buffer: 120
[03:12:43] 
🏋️  训练阶段
[03:12:43] ======================================================================
[03:12:43] 
======================================================================
[03:12:43] Episode 1/200
[03:12:43] ======================================================================
[03:12:43] 总奖励: 17160.73 | 步数: 24
[03:12:43] 最近10个episodes平均: 17160.73
[03:12:43] 各Agent奖励:
[03:12:43]   wind      : 12323.601
[03:12:43]   solar     : 4179.557
[03:12:43]   diesel    :  863.360
[03:12:43]   battery   :    6.092
[03:12:43]   customer  : -211.882
[03:12:43] Buffer大小:   144
[03:12:43] 噪声水平: 0.0994
[03:12:43] 
动作统计:
[03:12:43]   wind      : mean= 0.169, std= 0.126, min=-0.080, max= 0.386
[03:12:43]   solar     : mean= 0.043, std= 0.093, min=-0.133, max= 0.242
[03:12:43]   diesel    : mean= 0.004, std= 0.119, min=-0.223, max= 0.255
[03:12:43]   battery   : mean= 0.036, std= 0.089, min=-0.187, max= 0.224
[03:12:43]   customer  : mean=-0.167, std= 0.093, min=-0.342, max=-0.002
[03:12:43] 
======================================================================
[03:12:43] Episode 2/200
[03:12:43] ======================================================================
[03:12:43] 总奖励: 13573.91 | 步数: 24
[03:12:43] 最近10个episodes平均: 15367.32
[03:12:43] 各Agent奖励:
[03:12:43]   wind      : 10928.884
[03:12:43]   solar     : 2559.695
[03:12:43]   diesel    :  237.233
[03:12:43]   battery   :    3.000
[03:12:43]   customer  : -154.899
[03:12:43] Buffer大小:   168
[03:12:43] 噪声水平: 0.0993
[03:12:43] 
动作统计:
[03:12:43]   wind      : mean= 0.039, std= 0.091, min=-0.130, max= 0.225
[03:12:43]   solar     : mean= 0.070, std= 0.077, min=-0.064, max= 0.284
[03:12:43]   diesel    : mean=-0.013, std= 0.115, min=-0.250, max= 0.233
[03:12:43]   battery   : mean= 0.000, std= 0.095, min=-0.219, max= 0.221
[03:12:43]   customer  : mean=-0.139, std= 0.131, min=-0.426, max= 0.082
[03:12:43] 
======================================================================
[03:12:43] Episode 3/200
[03:12:43] ======================================================================
[03:12:43] 总奖励: 15507.18 | 步数: 24
[03:12:43] 最近10个episodes平均: 15413.94
[03:12:43] 各Agent奖励:
[03:12:43]   wind      : 12441.356
[03:12:43]   solar     : 2588.568
[03:12:43]   diesel    :  618.537
[03:12:43]   battery   :    5.521
[03:12:43]   customer  : -146.797
[03:12:43] Buffer大小:   192
[03:12:43] 噪声水平: 0.0992
[03:12:43] 
动作统计:
[03:12:43]   wind      : mean= 0.038, std= 0.094, min=-0.167, max= 0.248
[03:12:43]   solar     : mean= 0.025, std= 0.095, min=-0.161, max= 0.176
[03:12:43]   diesel    : mean= 0.000, std= 0.119, min=-0.271, max= 0.280
[03:12:43]   battery   : mean= 0.038, std= 0.099, min=-0.186, max= 0.331
[03:12:43]   customer  : mean=-0.127, std= 0.107, min=-0.317, max= 0.081
[03:12:44] 
======================================================================
[03:12:44] Episode 4/200
[03:12:44] ======================================================================
[03:12:44] 总奖励: 16130.26 | 步数: 24
[03:12:44] 最近10个episodes平均: 15593.02
[03:12:44] 各Agent奖励:
[03:12:44]   wind      : 13134.828
[03:12:44]   solar     : 2074.672
[03:12:44]   diesel    : 1089.213
[03:12:44]   battery   :   10.925
[03:12:44]   customer  : -179.375
[03:12:44] Buffer大小:   216
[03:12:44] 噪声水平: 0.0991
[03:12:44] 
动作统计:
[03:12:44]   wind      : mean= 0.087, std= 0.087, min=-0.101, max= 0.235
[03:12:44]   solar     : mean= 0.110, std= 0.086, min=-0.110, max= 0.264
[03:12:44]   diesel    : mean= 0.059, std= 0.116, min=-0.212, max= 0.358
[03:12:44]   battery   : mean= 0.018, std= 0.135, min=-0.295, max= 0.253
[03:12:44]   customer  : mean=-0.071, std= 0.072, min=-0.202, max= 0.059
[03:12:44] 
======================================================================
[03:12:44] Episode 5/200
[03:12:44] ======================================================================
[03:12:44] 总奖励: 22825.93 | 步数: 24
[03:12:44] 最近10个episodes平均: 17039.60
[03:12:44] 各Agent奖励:
[03:12:44]   wind      : 14379.409
[03:12:44]   solar     : 3302.697
[03:12:44]   diesel    : 5370.456
[03:12:44]   battery   :   16.982
[03:12:44]   customer  : -243.612
[03:12:44] Buffer大小:   240
[03:12:44] 噪声水平: 0.0990
[03:12:44] 
动作统计:
[03:12:44]   wind      : mean= 0.204, std= 0.132, min=-0.069, max= 0.495
[03:12:44]   solar     : mean= 0.179, std= 0.101, min=-0.015, max= 0.407
[03:12:44]   diesel    : mean= 0.179, std= 0.093, min=-0.057, max= 0.348
[03:12:44]   battery   : mean= 0.053, std= 0.213, min=-0.313, max= 0.394
[03:12:44]   customer  : mean= 0.002, std= 0.086, min=-0.203, max= 0.163
[03:12:44] 
======================================================================
[03:12:44] Episode 6/200
[03:12:44] ======================================================================
[03:12:44] 总奖励: 28751.44 | 步数: 24
[03:12:44] 最近10个episodes平均: 18991.58
[03:12:44] 各Agent奖励:
[03:12:44]   wind      : 11715.978
[03:12:44]   solar     : 6093.137
[03:12:44]   diesel    : 11264.124
[03:12:44]   battery   :   21.299
[03:12:44]   customer  : -343.095
[03:12:44] Buffer大小:   264
[03:12:44] 噪声水平: 0.0989
[03:12:44] 
动作统计:
[03:12:44]   wind      : mean= 0.345, std= 0.115, min= 0.136, max= 0.581
[03:12:44]   solar     : mean= 0.334, std= 0.105, min= 0.127, max= 0.518
[03:12:44]   diesel    : mean= 0.279, std= 0.105, min= 0.032, max= 0.566
[03:12:44]   battery   : mean= 0.074, std= 0.309, min=-0.405, max= 0.568
[03:12:44]   customer  : mean= 0.116, std= 0.101, min=-0.090, max= 0.306
[03:12:44] 
======================================================================
[03:12:44] Episode 7/200
[03:12:44] ======================================================================
[03:12:44] 总奖励: 32578.07 | 步数: 24
[03:12:44] 最近10个episodes平均: 20932.51
[03:12:44] 各Agent奖励:
[03:12:44]   wind      : 10607.734
[03:12:44]   solar     : 2760.662
[03:12:44]   diesel    : 19573.592
[03:12:44]   battery   :   21.831
[03:12:44]   customer  : -385.744
[03:12:44] Buffer大小:   288
[03:12:44] 噪声水平: 0.0988
[03:12:44] 
动作统计:
[03:12:44]   wind      : mean= 0.542, std= 0.115, min= 0.321, max= 0.878
[03:12:44]   solar     : mean= 0.527, std= 0.113, min= 0.310, max= 0.694
[03:12:44]   diesel    : mean= 0.402, std= 0.119, min= 0.180, max= 0.690
[03:12:44]   battery   : mean= 0.125, std= 0.411, min=-0.447, max= 0.665
[03:12:44]   customer  : mean= 0.221, std= 0.120, min=-0.077, max= 0.413
[03:12:44] 
======================================================================
[03:12:44] Episode 8/200
[03:12:44] ======================================================================
[03:12:44] 总奖励: 31045.06 | 步数: 24
[03:12:44] 最近10个episodes平均: 22196.57
[03:12:44] 各Agent奖励:
[03:12:44]   wind      : 5694.365
[03:12:44]   solar     : 3673.441
[03:12:44]   diesel    : 22040.774
[03:12:44]   battery   :   26.339
[03:12:44]   customer  : -389.861
[03:12:44] Buffer大小:   312
[03:12:44] 噪声水平: 0.0987
[03:12:44] 
动作统计:
[03:12:44]   wind      : mean= 0.696, std= 0.124, min= 0.407, max= 0.878
[03:12:44]   solar     : mean= 0.665, std= 0.130, min= 0.455, max= 0.922
[03:12:44]   diesel    : mean= 0.596, std= 0.106, min= 0.432, max= 0.898
[03:12:44]   battery   : mean= 0.206, std= 0.475, min=-0.468, max= 0.871
[03:12:44]   customer  : mean= 0.374, std= 0.105, min= 0.097, max= 0.589
[03:12:44] 
======================================================================
[03:12:44] Episode 9/200
[03:12:44] ======================================================================
[03:12:44] 总奖励: 29499.73 | 步数: 24
[03:12:44] 最近10个episodes平均: 23008.04
[03:12:44] 各Agent奖励:
[03:12:44]   wind      : 2718.053
[03:12:44]   solar     : 2427.245
[03:12:44]   diesel    : 24731.880
[03:12:44]   battery   :   17.328
[03:12:44]   customer  : -394.780
[03:12:44] Buffer大小:   336
[03:12:44] 噪声水平: 0.0986
[03:12:44] 
动作统计:
[03:12:44]   wind      : mean= 0.841, std= 0.084, min= 0.698, max= 1.000
[03:12:44]   solar     : mean= 0.779, std= 0.129, min= 0.510, max= 1.000
[03:12:44]   diesel    : mean= 0.753, std= 0.102, min= 0.550, max= 0.966
[03:12:44]   battery   : mean= 0.252, std= 0.519, min=-0.477, max= 0.953
[03:12:44]   customer  : mean= 0.491, std= 0.090, min= 0.318, max= 0.670
[03:12:45] 
======================================================================
[03:12:45] Episode 10/200
[03:12:45] ======================================================================
[03:12:45] 总奖励: 21748.98 | 步数: 24
[03:12:45] 最近10个episodes平均: 22882.13
[03:12:45] 各Agent奖励:
[03:12:45]   wind      : 8974.523
[03:12:45]   solar     : 2855.224
[03:12:45]   diesel    : 10223.292
[03:12:45]   battery   :    6.848
[03:12:45]   customer  : -310.903
[03:12:45] Buffer大小:   360
[03:12:45] 噪声水平: 0.0985
[03:12:45] 
动作统计:
[03:12:45]   wind      : mean= 0.867, std= 0.113, min= 0.647, max= 1.000
[03:12:45]   solar     : mean= 0.857, std= 0.119, min= 0.563, max= 1.000
[03:12:45]   diesel    : mean= 0.869, std= 0.097, min= 0.632, max= 1.000
[03:12:45]   battery   : mean= 0.314, std= 0.529, min=-0.460, max= 1.000
[03:12:45]   customer  : mean= 0.613, std= 0.097, min= 0.411, max= 0.797
[03:12:45] 
📊 生成可视化图表...
[03:12:45]   ✓ 训练曲线: debug_plots/training_ep0010.png
[03:12:45]   ✓ Agent分析: debug_plots/agents_ep0010.png
[03:12:46] 
======================================================================
[03:12:46] Episode 11/200
[03:12:46] ======================================================================
[03:12:46] 总奖励: 16357.51 | 步数: 24
[03:12:46] 最近10个episodes平均: 22801.81
[03:12:46] 各Agent奖励:
[03:12:46]   wind      : 1641.487
[03:12:46]   solar     : 4071.593
[03:12:46]   diesel    : 10930.280
[03:12:46]   battery   :    0.857
[03:12:46]   customer  : -286.712
[03:12:46] Buffer大小:   384
[03:12:46] 噪声水平: 0.0984
[03:12:46] 
动作统计:
[03:12:46]   wind      : mean= 0.939, std= 0.069, min= 0.787, max= 1.000
[03:12:46]   solar     : mean= 0.882, std= 0.109, min= 0.651, max= 1.000
[03:12:46]   diesel    : mean= 0.927, std= 0.069, min= 0.716, max= 1.000
[03:12:46]   battery   : mean= 0.338, std= 0.543, min=-0.348, max= 1.000
[03:12:46]   customer  : mean= 0.731, std= 0.075, min= 0.577, max= 0.857
[03:12:46] 
======================================================================
[03:12:46] Episode 12/200
[03:12:46] ======================================================================
[03:12:46] 总奖励:  9271.94 | 步数: 24
[03:12:46] 最近10个episodes平均: 22371.61
[03:12:46] 各Agent奖励:
[03:12:46]   wind      : 2890.367
[03:12:46]   solar     : 2765.028
[03:12:46]   diesel    : 3849.043
[03:12:46]   battery   :    2.577
[03:12:46]   customer  : -235.078
[03:12:46] Buffer大小:   408
[03:12:46] 噪声水平: 0.0983
[03:12:46] 
动作统计:
[03:12:46]   wind      : mean= 0.926, std= 0.069, min= 0.770, max= 1.000
[03:12:46]   solar     : mean= 0.923, std= 0.083, min= 0.713, max= 1.000
[03:12:46]   diesel    : mean= 0.932, std= 0.082, min= 0.691, max= 1.000
[03:12:46]   battery   : mean= 0.355, std= 0.576, min=-0.383, max= 1.000
[03:12:46]   customer  : mean= 0.828, std= 0.103, min= 0.651, max= 1.000
[03:12:46] 
======================================================================
[03:12:46] Episode 13/200
[03:12:46] ======================================================================
[03:12:46] 总奖励:  7061.34 | 步数: 24
[03:12:46] 最近10个episodes平均: 21527.03
[03:12:46] 各Agent奖励:
[03:12:46]   wind      : 2771.319
[03:12:46]   solar     : 1786.625
[03:12:46]   diesel    : 2729.478
[03:12:46]   battery   :   -5.361
[03:12:46]   customer  : -220.717
[03:12:46] Buffer大小:   432
[03:12:46] 噪声水平: 0.0982
[03:12:46] 
动作统计:
[03:12:46]   wind      : mean= 0.950, std= 0.065, min= 0.781, max= 1.000
[03:12:46]   solar     : mean= 0.944, std= 0.069, min= 0.775, max= 1.000
[03:12:46]   diesel    : mean= 0.948, std= 0.060, min= 0.794, max= 1.000
[03:12:46]   battery   : mean= 0.280, std= 0.657, min=-0.536, max= 1.000
[03:12:46]   customer  : mean= 0.859, std= 0.098, min= 0.664, max= 0.997
[03:12:46] 
======================================================================
[03:12:46] Episode 14/200
[03:12:46] ======================================================================
[03:12:46] 总奖励:  2706.40 | 步数: 24
[03:12:46] 最近10个episodes平均: 20184.64
[03:12:46] 各Agent奖励:
[03:12:46]   wind      :  775.350
[03:12:46]   solar     : 1255.767
[03:12:46]   diesel    :  873.083
[03:12:46]   battery   :  -13.088
[03:12:46]   customer  : -184.710
[03:12:46] Buffer大小:   456
[03:12:46] 噪声水平: 0.0981
[03:12:46] 
动作统计:
[03:12:46]   wind      : mean= 0.956, std= 0.056, min= 0.818, max= 1.000
[03:12:46]   solar     : mean= 0.949, std= 0.050, min= 0.863, max= 1.000
[03:12:46]   diesel    : mean= 0.954, std= 0.059, min= 0.785, max= 1.000
[03:12:46]   battery   : mean= 0.194, std= 0.734, min=-0.788, max= 1.000
[03:12:46]   customer  : mean= 0.921, std= 0.076, min= 0.696, max= 1.000
[03:12:46] 
======================================================================
[03:12:46] Episode 15/200
[03:12:46] ======================================================================
[03:12:46] 总奖励:   700.28 | 步数: 24
[03:12:46] 最近10个episodes平均: 17972.08
[03:12:46] 各Agent奖励:
[03:12:46]   wind      :  161.235
[03:12:46]   solar     :    0.000
[03:12:46]   diesel    :  723.736
[03:12:46]   battery   :  -18.769
[03:12:46]   customer  : -165.921
[03:12:46] Buffer大小:   480
[03:12:46] 噪声水平: 0.0980
[03:12:46] 
动作统计:
[03:12:46]   wind      : mean= 0.962, std= 0.043, min= 0.846, max= 1.000
[03:12:46]   solar     : mean= 0.929, std= 0.081, min= 0.756, max= 1.000
[03:12:46]   diesel    : mean= 0.952, std= 0.058, min= 0.818, max= 1.000
[03:12:46]   battery   : mean= 0.136, std= 0.830, min=-0.943, max= 1.000
[03:12:46]   customer  : mean= 0.936, std= 0.068, min= 0.765, max= 1.000
[03:12:46] 
======================================================================
[03:12:46] Episode 16/200
[03:12:46] ======================================================================
[03:12:46] 总奖励:  -181.42 | 步数: 24
[03:12:46] 最近10个episodes平均: 15078.79
[03:12:46] 各Agent奖励:
[03:12:46]   wind      :    0.000
[03:12:46]   solar     :    0.000
[03:12:46]   diesel    :    0.000
[03:12:46]   battery   :  -25.108
[03:12:46]   customer  : -156.308
[03:12:46] Buffer大小:   504
[03:12:46] 噪声水平: 0.0979
[03:12:46] 
动作统计:
[03:12:46]   wind      : mean= 0.963, std= 0.048, min= 0.844, max= 1.000
[03:12:46]   solar     : mean= 0.968, std= 0.051, min= 0.806, max= 1.000
[03:12:46]   diesel    : mean= 0.955, std= 0.058, min= 0.795, max= 1.000
[03:12:46]   battery   : mean= 0.090, std= 0.876, min=-0.970, max= 1.000
[03:12:46]   customer  : mean= 0.948, std= 0.054, min= 0.845, max= 1.000
[03:12:46] 
======================================================================
[03:12:46] Episode 17/200
[03:12:46] ======================================================================
[03:12:46] 总奖励:  -187.88 | 步数: 24
[03:12:46] 最近10个episodes平均: 11802.19
[03:12:46] 各Agent奖励:
[03:12:46]   wind      :    0.000
[03:12:46]   solar     :    0.000
[03:12:46]   diesel    :    0.000
[03:12:46]   battery   :  -18.940
[03:12:46]   customer  : -168.940
[03:12:46] Buffer大小:   528
[03:12:46] 噪声水平: 0.0978
[03:12:46] 
动作统计:
[03:12:46]   wind      : mean= 0.967, std= 0.048, min= 0.823, max= 1.000
[03:12:46]   solar     : mean= 0.952, std= 0.065, min= 0.776, max= 1.000
[03:12:46]   diesel    : mean= 0.952, std= 0.052, min= 0.812, max= 1.000
[03:12:46]   battery   : mean= 0.078, std= 0.877, min=-1.000, max= 1.000
[03:12:46]   customer  : mean= 0.973, std= 0.042, min= 0.849, max= 1.000
[03:12:47] 
======================================================================
[03:12:47] Episode 18/200
[03:12:47] ======================================================================
[03:12:47] 总奖励:  -189.19 | 步数: 24
[03:12:47] 最近10个episodes平均:  8678.77
[03:12:47] 各Agent奖励:
[03:12:47]   wind      :    0.000
[03:12:47]   solar     :    0.000
[03:12:47]   diesel    :    0.000
[03:12:47]   battery   :  -22.360
[03:12:47]   customer  : -166.834
[03:12:47] Buffer大小:   552
[03:12:47] 噪声水平: 0.0977
[03:12:47] 
动作统计:
[03:12:47]   wind      : mean= 0.937, std= 0.061, min= 0.814, max= 1.000
[03:12:47]   solar     : mean= 0.953, std= 0.060, min= 0.832, max= 1.000
[03:12:47]   diesel    : mean= 0.961, std= 0.050, min= 0.842, max= 1.000
[03:12:47]   battery   : mean= 0.059, std= 0.913, min=-1.000, max= 1.000
[03:12:47]   customer  : mean= 0.969, std= 0.052, min= 0.812, max= 1.000
[03:12:47] 
======================================================================
[03:12:47] Episode 19/200
[03:12:47] ======================================================================
[03:12:47] 总奖励:  -184.89 | 步数: 24
[03:12:47] 最近10个episodes平均:  5710.31
[03:12:47] 各Agent奖励:
[03:12:47]   wind      :    0.000
[03:12:47]   solar     :    0.000
[03:12:47]   diesel    :    0.000
[03:12:47]   battery   :  -29.475
[03:12:47]   customer  : -155.416
[03:12:47] Buffer大小:   576
[03:12:47] 噪声水平: 0.0976
[03:12:47] 
动作统计:
[03:12:47]   wind      : mean= 0.961, std= 0.053, min= 0.799, max= 1.000
[03:12:47]   solar     : mean= 0.958, std= 0.063, min= 0.748, max= 1.000
[03:12:47]   diesel    : mean= 0.952, std= 0.062, min= 0.736, max= 1.000
[03:12:47]   battery   : mean= 0.039, std= 0.935, min=-1.000, max= 1.000
[03:12:47]   customer  : mean= 0.955, std= 0.053, min= 0.836, max= 1.000
[03:12:47] 
======================================================================
[03:12:47] Episode 20/200
[03:12:47] ======================================================================
[03:12:47] 总奖励:  -180.15 | 步数: 24
[03:12:47] 最近10个episodes平均:  3517.39
[03:12:47] 各Agent奖励:
[03:12:47]   wind      :    0.000
[03:12:47]   solar     :    0.000
[03:12:47]   diesel    :    0.000
[03:12:47]   battery   :  -24.460
[03:12:47]   customer  : -155.692
[03:12:47] Buffer大小:   600
[03:12:47] 噪声水平: 0.0975
[03:12:47] 
动作统计:
[03:12:47]   wind      : mean= 0.965, std= 0.046, min= 0.872, max= 1.000
[03:12:47]   solar     : mean= 0.958, std= 0.051, min= 0.838, max= 1.000
[03:12:47]   diesel    : mean= 0.959, std= 0.052, min= 0.803, max= 1.000
[03:12:47]   battery   : mean= 0.062, std= 0.911, min=-1.000, max= 1.000
[03:12:47]   customer  : mean= 0.955, std= 0.063, min= 0.774, max= 1.000
[03:12:47] 
📊 生成可视化图表...
[03:12:47]   ✓ 训练曲线: debug_plots/training_ep0020.png
[03:12:47]   ✓ Agent分析: debug_plots/agents_ep0020.png
[03:12:48] 
======================================================================
[03:12:48] Episode 21/200
[03:12:48] ======================================================================
[03:12:48] 总奖励:   475.18 | 步数: 24
[03:12:48] 最近10个episodes平均:  1929.16
[03:12:48] 各Agent奖励:
[03:12:48]   wind      :  662.458
[03:12:48]   solar     :    0.000
[03:12:48]   diesel    :    0.000
[03:12:48]   battery   :  -27.440
[03:12:48]   customer  : -159.843
[03:12:48] Buffer大小:   624
[03:12:48] 噪声水平: 0.0974
[03:12:48] 
动作统计:
[03:12:48]   wind      : mean= 0.961, std= 0.050, min= 0.832, max= 1.000
[03:12:48]   solar     : mean= 0.959, std= 0.051, min= 0.840, max= 1.000
[03:12:48]   diesel    : mean= 0.946, std= 0.063, min= 0.787, max= 1.000
[03:12:48]   battery   : mean= 0.045, std= 0.922, min=-1.000, max= 1.000
[03:12:48]   customer  : mean= 0.943, std= 0.066, min= 0.755, max= 1.000
[03:12:48] 
======================================================================
[03:12:48] Episode 22/200
[03:12:48] ======================================================================
[03:12:48] 总奖励:  -185.43 | 步数: 24
[03:12:48] 最近10个episodes平均:   983.42
[03:12:48] 各Agent奖励:
[03:12:48]   wind      :    0.000
[03:12:48]   solar     :    0.000
[03:12:48]   diesel    :    0.000
[03:12:48]   battery   :  -18.046
[03:12:48]   customer  : -167.382
[03:12:48] Buffer大小:   648
[03:12:48] 噪声水平: 0.0973
[03:12:48] 
动作统计:
[03:12:48]   wind      : mean= 0.962, std= 0.048, min= 0.829, max= 1.000
[03:12:48]   solar     : mean= 0.937, std= 0.061, min= 0.804, max= 1.000
[03:12:48]   diesel    : mean= 0.967, std= 0.046, min= 0.836, max= 1.000
[03:12:48]   battery   : mean= 0.141, std= 0.832, min=-0.838, max= 1.000
[03:12:48]   customer  : mean= 0.957, std= 0.058, min= 0.805, max= 1.000
[03:12:48] 
======================================================================
[03:12:48] Episode 23/200
[03:12:48] ======================================================================
[03:12:48] 总奖励:  -186.02 | 步数: 24
[03:12:48] 最近10个episodes平均:   258.69
[03:12:48] 各Agent奖励:
[03:12:48]   wind      :    0.000
[03:12:48]   solar     :    0.000
[03:12:48]   diesel    :    0.000
[03:12:48]   battery   :   -7.915
[03:12:48]   customer  : -178.102
[03:12:48] Buffer大小:   672
[03:12:48] 噪声水平: 0.0972
[03:12:48] 
动作统计:
[03:12:48]   wind      : mean= 0.951, std= 0.074, min= 0.698, max= 1.000
[03:12:48]   solar     : mean= 0.945, std= 0.053, min= 0.850, max= 1.000
[03:12:48]   diesel    : mean= 0.959, std= 0.051, min= 0.813, max= 1.000
[03:12:48]   battery   : mean= 0.233, std= 0.739, min=-0.776, max= 1.000
[03:12:48]   customer  : mean= 0.966, std= 0.052, min= 0.841, max= 1.000
[03:12:48] 
======================================================================
[03:12:48] Episode 24/200
[03:12:48] ======================================================================
[03:12:48] 总奖励:  -186.70 | 步数: 24
[03:12:48] 最近10个episodes平均:   -30.62
[03:12:48] 各Agent奖励:
[03:12:48]   wind      :    0.000
[03:12:48]   solar     :    0.000
[03:12:48]   diesel    :    0.000
[03:12:48]   battery   :    0.018
[03:12:48]   customer  : -186.716
[03:12:48] Buffer大小:   696
[03:12:48] 噪声水平: 0.0971
[03:12:48] 
动作统计:
[03:12:48]   wind      : mean= 0.955, std= 0.060, min= 0.778, max= 1.000
[03:12:48]   solar     : mean= 0.922, std= 0.075, min= 0.761, max= 1.000
[03:12:48]   diesel    : mean= 0.968, std= 0.046, min= 0.813, max= 1.000
[03:12:48]   battery   : mean= 0.421, std= 0.555, min=-0.313, max= 1.000
[03:12:48]   customer  : mean= 0.973, std= 0.041, min= 0.854, max= 1.000
[03:12:48] 
======================================================================
[03:12:48] Episode 25/200
[03:12:48] ======================================================================
[03:12:48] 总奖励:  -190.80 | 步数: 24
[03:12:48] 最近10个episodes平均:  -119.73
[03:12:48] 各Agent奖励:
[03:12:48]   wind      :    0.000
[03:12:48]   solar     :    0.000
[03:12:48]   diesel    :    0.000
[03:12:48]   battery   :    7.396
[03:12:48]   customer  : -198.201
[03:12:48] Buffer大小:   720
[03:12:48] 噪声水平: 0.0970
[03:12:48] 
动作统计:
[03:12:48]   wind      : mean= 0.965, std= 0.054, min= 0.825, max= 1.000
[03:12:48]   solar     : mean= 0.824, std= 0.116, min= 0.442, max= 1.000
[03:12:48]   diesel    : mean= 0.966, std= 0.050, min= 0.828, max= 1.000
[03:12:48]   battery   : mean= 0.631, std= 0.360, min= 0.009, max= 1.000
[03:12:48]   customer  : mean= 0.973, std= 0.034, min= 0.903, max= 1.000
[03:12:48] 
======================================================================
[03:12:48] Episode 26/200
[03:12:48] ======================================================================
[03:12:48] 总奖励:   -92.27 | 步数: 24
[03:12:48] 最近10个episodes平均:  -110.82
[03:12:48] 各Agent奖励:
[03:12:48]   wind      :    0.000
[03:12:48]   solar     :   94.901
[03:12:48]   diesel    :    0.000
[03:12:48]   battery   :   13.194
[03:12:48]   customer  : -200.365
[03:12:48] Buffer大小:   744
[03:12:48] 噪声水平: 0.0969
[03:12:48] 
动作统计:
[03:12:48]   wind      : mean= 0.963, std= 0.053, min= 0.815, max= 1.000
[03:12:48]   solar     : mean= 0.596, std= 0.113, min= 0.389, max= 0.850
[03:12:48]   diesel    : mean= 0.949, std= 0.073, min= 0.718, max= 1.000
[03:12:48]   battery   : mean= 0.771, std= 0.214, min= 0.318, max= 1.000
[03:12:48]   customer  : mean= 0.975, std= 0.042, min= 0.864, max= 1.000
[03:12:48] 
======================================================================
[03:12:48] Episode 27/200
[03:12:48] ======================================================================
[03:12:48] 总奖励:   113.11 | 步数: 24
[03:12:48] 最近10个episodes平均:   -80.72
[03:12:48] 各Agent奖励:
[03:12:48]   wind      :    0.000
[03:12:48]   solar     :  231.532
[03:12:48]   diesel    :   74.206
[03:12:48]   battery   :   11.926
[03:12:48]   customer  : -204.557
[03:12:48] Buffer大小:   768
[03:12:48] 噪声水平: 0.0968
[03:12:48] 
动作统计:
[03:12:48]   wind      : mean= 0.966, std= 0.041, min= 0.848, max= 1.000
[03:12:48]   solar     : mean= 0.278, std= 0.089, min= 0.098, max= 0.427
[03:12:48]   diesel    : mean= 0.891, std= 0.110, min= 0.677, max= 1.000
[03:12:48]   battery   : mean= 0.851, std= 0.145, min= 0.504, max= 1.000
[03:12:48]   customer  : mean= 0.967, std= 0.054, min= 0.811, max= 1.000
[03:12:49] 
======================================================================
[03:12:49] Episode 28/200
[03:12:49] ======================================================================
[03:12:49] 总奖励:   127.65 | 步数: 24
[03:12:49] 最近10个episodes平均:   -49.03
[03:12:49] 各Agent奖励:
[03:12:49]   wind      :    0.000
[03:12:49]   solar     :    8.799
[03:12:49]   diesel    :  310.915
[03:12:49]   battery   :    0.000
[03:12:49]   customer  : -192.060
[03:12:49] Buffer大小:   792
[03:12:49] 噪声水平: 0.0968
[03:12:49] 
动作统计:
[03:12:49]   wind      : mean= 0.960, std= 0.055, min= 0.799, max= 1.000
[03:12:49]   solar     : mean=-0.055, std= 0.074, min=-0.213, max= 0.063
[03:12:49]   diesel    : mean= 0.645, std= 0.325, min= 0.221, max= 1.000
[03:12:49]   battery   : mean= 0.886, std= 0.118, min= 0.585, max= 1.000
[03:12:49]   customer  : mean= 0.988, std= 0.019, min= 0.938, max= 1.000
[03:12:49] 
======================================================================
[03:12:49] Episode 29/200
[03:12:49] ======================================================================
[03:12:49] 总奖励:  -983.97 | 步数: 24
[03:12:49] 最近10个episodes平均:  -128.94
[03:12:49] 各Agent奖励:
[03:12:49]   wind      :    0.000
[03:12:49]   solar     : -451.577
[03:12:49]   diesel    : -354.003
[03:12:49]   battery   :    0.000
[03:12:49]   customer  : -178.393
[03:12:49] Buffer大小:   816
[03:12:49] 噪声水平: 0.0967
[03:12:49] 
动作统计:
[03:12:49]   wind      : mean= 0.970, std= 0.048, min= 0.851, max= 1.000
[03:12:49]   solar     : mean=-0.392, std= 0.113, min=-0.632, max=-0.180
[03:12:49]   diesel    : mean= 0.336, std= 0.645, min=-0.492, max= 1.000
[03:12:49]   battery   : mean= 0.912, std= 0.097, min= 0.666, max= 1.000
[03:12:49]   customer  : mean= 0.962, std= 0.054, min= 0.825, max= 1.000
[03:12:49] 
======================================================================
[03:12:49] Episode 30/200
[03:12:49] ======================================================================
[03:12:49] 总奖励: -1104.52 | 步数: 24
[03:12:49] 最近10个episodes平均:  -221.38
[03:12:49] 各Agent奖励:
[03:12:49]   wind      :    0.000
[03:12:49]   solar     :    0.000
[03:12:49]   diesel    : -923.536
[03:12:49]   battery   :    0.000
[03:12:49]   customer  : -180.988
[03:12:49] Buffer大小:   840
[03:12:49] 噪声水平: 0.0966
[03:12:49] 
动作统计:
[03:12:49]   wind      : mean= 0.977, std= 0.046, min= 0.798, max= 1.000
[03:12:49]   solar     : mean=-0.642, std= 0.124, min=-0.875, max=-0.436
[03:12:49]   diesel    : mean= 0.120, std= 0.841, min=-0.883, max= 1.000
[03:12:49]   battery   : mean= 0.935, std= 0.070, min= 0.763, max= 1.000
[03:12:49]   customer  : mean= 0.980, std= 0.033, min= 0.889, max= 1.000
[03:12:49] 
📊 生成可视化图表...
[03:12:50]   ✓ 训练曲线: debug_plots/training_ep0030.png
[03:12:50]   ✓ Agent分析: debug_plots/agents_ep0030.png
[03:12:50] 
======================================================================
[03:12:50] Episode 31/200
[03:12:50] ======================================================================
[03:12:50] 总奖励: -1177.53 | 步数: 24
[03:12:50] 最近10个episodes平均:  -386.65
[03:12:50] 各Agent奖励:
[03:12:50]   wind      :    0.000
[03:12:50]   solar     :    0.000
[03:12:50]   diesel    : -999.329
[03:12:50]   battery   :    0.000
[03:12:50]   customer  : -178.206
[03:12:50] Buffer大小:   864
[03:12:50] 噪声水平: 0.0965
[03:12:50] 
动作统计:
[03:12:50]   wind      : mean= 0.956, std= 0.056, min= 0.806, max= 1.000
[03:12:50]   solar     : mean=-0.767, std= 0.144, min=-0.983, max=-0.504
[03:12:50]   diesel    : mean= 0.059, std= 0.912, min=-1.000, max= 1.000
[03:12:50]   battery   : mean= 0.932, std= 0.078, min= 0.726, max= 1.000
[03:12:50]   customer  : mean= 0.978, std= 0.042, min= 0.846, max= 1.000
[03:12:50] 
======================================================================
[03:12:50] Episode 32/200
[03:12:50] ======================================================================
[03:12:50] 总奖励: -2899.99 | 步数: 24
[03:12:50] 最近10个episodes平均:  -658.11
[03:12:50] 各Agent奖励:
[03:12:50]   wind      :    0.000
[03:12:50]   solar     :    0.000
[03:12:50]   diesel    : -2744.473
[03:12:50]   battery   :    0.000
[03:12:50]   customer  : -155.521
[03:12:50] Buffer大小:   888
[03:12:50] 噪声水平: 0.0964
[03:12:50] 
动作统计:
[03:12:50]   wind      : mean= 0.942, std= 0.067, min= 0.782, max= 1.000
[03:12:50]   solar     : mean=-0.837, std= 0.097, min=-1.000, max=-0.636
[03:12:50]   diesel    : mean= 0.018, std= 0.953, min=-1.000, max= 1.000
[03:12:50]   battery   : mean= 0.940, std= 0.075, min= 0.721, max= 1.000
[03:12:50]   customer  : mean= 0.966, std= 0.048, min= 0.846, max= 1.000
[03:12:50] 
======================================================================
[03:12:50] Episode 33/200
[03:12:50] ======================================================================
[03:12:50] 总奖励: -1125.82 | 步数: 24
[03:12:50] 最近10个episodes平均:  -752.09
[03:12:50] 各Agent奖励:
[03:12:50]   wind      :    0.000
[03:12:50]   solar     :  -28.899
[03:12:50]   diesel    : -913.522
[03:12:50]   battery   :    0.000
[03:12:50]   customer  : -183.400
[03:12:50] Buffer大小:   912
[03:12:50] 噪声水平: 0.0963
[03:12:50] 
动作统计:
[03:12:50]   wind      : mean= 0.974, std= 0.036, min= 0.867, max= 1.000
[03:12:50]   solar     : mean=-0.896, std= 0.084, min=-1.000, max=-0.714
[03:12:50]   diesel    : mean= 0.003, std= 0.943, min=-1.000, max= 1.000
[03:12:50]   battery   : mean= 0.949, std= 0.055, min= 0.780, max= 1.000
[03:12:50]   customer  : mean= 0.984, std= 0.029, min= 0.874, max= 1.000
[03:12:50] 
======================================================================
[03:12:50] Episode 34/200
[03:12:50] ======================================================================
[03:12:50] 总奖励: -2767.92 | 步数: 24
[03:12:50] 最近10个episodes平均: -1010.21
[03:12:50] 各Agent奖励:
[03:12:50]   wind      :    0.000
[03:12:50]   solar     : -858.730
[03:12:50]   diesel    : -1745.787
[03:12:50]   battery   :    0.000
[03:12:50]   customer  : -163.404
[03:12:50] Buffer大小:   936
[03:12:50] 噪声水平: 0.0962
[03:12:50] 
动作统计:
[03:12:50]   wind      : mean= 0.967, std= 0.053, min= 0.810, max= 1.000
[03:12:50]   solar     : mean=-0.895, std= 0.101, min=-1.000, max=-0.675
[03:12:50]   diesel    : mean= 0.001, std= 0.950, min=-1.000, max= 1.000
[03:12:50]   battery   : mean= 0.953, std= 0.057, min= 0.802, max= 1.000
[03:12:50]   customer  : mean= 0.957, std= 0.056, min= 0.762, max= 1.000
[03:12:50] 
======================================================================
[03:12:50] Episode 35/200
[03:12:50] ======================================================================
[03:12:50] 总奖励: -2315.73 | 步数: 24
[03:12:50] 最近10个episodes平均: -1222.70
[03:12:50] 各Agent奖励:
[03:12:50]   wind      :    0.000
[03:12:50]   solar     : -321.225
[03:12:50]   diesel    : -1828.053
[03:12:50]   battery   :    0.000
[03:12:50]   customer  : -166.449
[03:12:50] Buffer大小:   960
[03:12:50] 噪声水平: 0.0961
[03:12:50] 
动作统计:
[03:12:50]   wind      : mean= 0.967, std= 0.053, min= 0.830, max= 1.000
[03:12:50]   solar     : mean=-0.930, std= 0.078, min=-1.000, max=-0.681
[03:12:50]   diesel    : mean=-0.002, std= 0.973, min=-1.000, max= 1.000
[03:12:50]   battery   : mean= 0.958, std= 0.070, min= 0.691, max= 1.000
[03:12:50]   customer  : mean= 0.968, std= 0.048, min= 0.825, max= 1.000
[03:12:51] 
======================================================================
[03:12:51] Episode 36/200
[03:12:51] ======================================================================
[03:12:51] 总奖励: -3181.74 | 步数: 24
[03:12:51] 最近10个episodes平均: -1531.65
[03:12:51] 各Agent奖励:
[03:12:51]   wind      :    0.000
[03:12:51]   solar     : -161.906
[03:12:51]   diesel    : -2866.272
[03:12:51]   battery   :    0.000
[03:12:51]   customer  : -153.563
[03:12:51] Buffer大小:   984
[03:12:51] 噪声水平: 0.0960
[03:12:51] 
动作统计:
[03:12:51]   wind      : mean= 0.950, std= 0.068, min= 0.734, max= 1.000
[03:12:51]   solar     : mean=-0.955, std= 0.070, min=-1.000, max=-0.792
[03:12:51]   diesel    : mean= 0.000, std= 0.964, min=-1.000, max= 1.000
[03:12:51]   battery   : mean= 0.966, std= 0.055, min= 0.752, max= 1.000
[03:12:51]   customer  : mean= 0.954, std= 0.061, min= 0.799, max= 1.000
[03:12:51] 
======================================================================
[03:12:51] Episode 37/200
[03:12:51] ======================================================================
[03:12:51] 总奖励: -2855.44 | 步数: 24
[03:12:51] 最近10个episodes平均: -1828.50
[03:12:51] 各Agent奖励:
[03:12:51]   wind      :    0.000
[03:12:51]   solar     : -224.345
[03:12:51]   diesel    : -2472.263
[03:12:51]   battery   :    0.000
[03:12:51]   customer  : -158.832
[03:12:51] Buffer大小:  1008
[03:12:51] 噪声水平: 0.0959
[03:12:51] 
动作统计:
[03:12:51]   wind      : mean= 0.958, std= 0.062, min= 0.783, max= 1.000
[03:12:51]   solar     : mean=-0.939, std= 0.058, min=-1.000, max=-0.820
[03:12:51]   diesel    : mean=-0.006, std= 0.969, min=-1.000, max= 1.000
[03:12:51]   battery   : mean= 0.964, std= 0.050, min= 0.808, max= 1.000
[03:12:51]   customer  : mean= 0.966, std= 0.060, min= 0.774, max= 1.000
[03:12:51] 
======================================================================
[03:12:51] Episode 38/200
[03:12:51] ======================================================================
[03:12:51] 总奖励: -4212.37 | 步数: 24
[03:12:51] 最近10个episodes平均: -2262.50
[03:12:51] 各Agent奖励:
[03:12:51]   wind      :    0.000
[03:12:51]   solar     : -1371.047
[03:12:51]   diesel    : -2698.858
[03:12:51]   battery   :    0.000
[03:12:51]   customer  : -142.465
[03:12:51] Buffer大小:  1032
[03:12:51] 噪声水平: 0.0958
[03:12:51] 
动作统计:
[03:12:51]   wind      : mean= 0.953, std= 0.054, min= 0.830, max= 1.000
[03:12:51]   solar     : mean=-0.964, std= 0.048, min=-1.000, max=-0.853
[03:12:51]   diesel    : mean= 0.015, std= 0.957, min=-1.000, max= 1.000
[03:12:51]   battery   : mean= 0.962, std= 0.051, min= 0.804, max= 1.000
[03:12:51]   customer  : mean= 0.946, std= 0.082, min= 0.713, max= 1.000
[03:12:51] 
======================================================================
[03:12:51] Episode 39/200
[03:12:51] ======================================================================
[03:12:51] 总奖励: -1939.18 | 步数: 24
[03:12:51] 最近10个episodes平均: -2358.02
[03:12:51] 各Agent奖励:
[03:12:51]   wind      :    0.000
[03:12:51]   solar     :  -71.781
[03:12:51]   diesel    : -1694.300
[03:12:51]   battery   :    0.000
[03:12:51]   customer  : -173.095
[03:12:51] Buffer大小:  1056
[03:12:51] 噪声水平: 0.0957
[03:12:51] 
动作统计:
[03:12:51]   wind      : mean= 0.938, std= 0.068, min= 0.786, max= 1.000
[03:12:51]   solar     : mean=-0.966, std= 0.041, min=-1.000, max=-0.856
[03:12:51]   diesel    : mean= 0.005, std= 0.964, min=-1.000, max= 1.000
[03:12:51]   battery   : mean= 0.964, std= 0.057, min= 0.769, max= 1.000
[03:12:51]   customer  : mean= 0.971, std= 0.053, min= 0.833, max= 1.000
[03:12:51] 
======================================================================
[03:12:51] Episode 40/200
[03:12:51] ======================================================================
[03:12:51] 总奖励: -3247.28 | 步数: 24
[03:12:51] 最近10个episodes平均: -2572.30
[03:12:51] 各Agent奖励:
[03:12:51]   wind      :    0.000
[03:12:51]   solar     : -854.844
[03:12:51]   diesel    : -2238.706
[03:12:51]   battery   :    0.000
[03:12:51]   customer  : -153.729
[03:12:51] Buffer大小:  1080
[03:12:51] 噪声水平: 0.0956
[03:12:51] 
动作统计:
[03:12:51]   wind      : mean= 0.970, std= 0.050, min= 0.809, max= 1.000
[03:12:51]   solar     : mean=-0.977, std= 0.042, min=-1.000, max=-0.823
[03:12:51]   diesel    : mean=-0.002, std= 0.957, min=-1.000, max= 1.000
[03:12:51]   battery   : mean= 0.947, std= 0.071, min= 0.760, max= 1.000
[03:12:51]   customer  : mean= 0.954, std= 0.049, min= 0.831, max= 1.000
[03:12:51] 
📊 生成可视化图表...
[03:12:52]   ✓ 训练曲线: debug_plots/training_ep0040.png
[03:12:52]   ✓ Agent分析: debug_plots/agents_ep0040.png
[03:12:52] 
======================================================================
[03:12:52] Episode 41/200
[03:12:52] ======================================================================
[03:12:52] 总奖励: -1831.29 | 步数: 24
[03:12:52] 最近10个episodes平均: -2637.68
[03:12:52] 各Agent奖励:
[03:12:52]   wind      :    0.000
[03:12:52]   solar     : -264.468
[03:12:52]   diesel    : -1393.585
[03:12:52]   battery   :    0.000
[03:12:52]   customer  : -173.238
[03:12:52] Buffer大小:  1104
[03:12:52] 噪声水平: 0.0955
[03:12:52] 
动作统计:
[03:12:52]   wind      : mean= 0.959, std= 0.062, min= 0.797, max= 1.000
[03:12:52]   solar     : mean=-0.930, std= 0.070, min=-1.000, max=-0.744
[03:12:52]   diesel    : mean= 0.006, std= 0.957, min=-1.000, max= 1.000
[03:12:52]   battery   : mean= 0.960, std= 0.051, min= 0.829, max= 1.000
[03:12:52]   customer  : mean= 0.977, std= 0.031, min= 0.908, max= 1.000
[03:12:52] 
======================================================================
[03:12:52] Episode 42/200
[03:12:52] ======================================================================
[03:12:52] 总奖励: -2505.35 | 步数: 24
[03:12:52] 最近10个episodes平均: -2598.21
[03:12:52] 各Agent奖励:
[03:12:52]   wind      :    0.000
[03:12:52]   solar     : -1224.177
[03:12:52]   diesel    : -1114.395
[03:12:52]   battery   :    0.000
[03:12:52]   customer  : -166.777
[03:12:52] Buffer大小:  1128
[03:12:52] 噪声水平: 0.0954
[03:12:52] 
动作统计:
[03:12:52]   wind      : mean= 0.958, std= 0.067, min= 0.777, max= 1.000
[03:12:52]   solar     : mean=-0.960, std= 0.059, min=-1.000, max=-0.827
[03:12:52]   diesel    : mean= 0.005, std= 0.957, min=-1.000, max= 1.000
[03:12:52]   battery   : mean= 0.955, std= 0.066, min= 0.781, max= 1.000
[03:12:52]   customer  : mean= 0.965, std= 0.048, min= 0.855, max= 1.000
[03:12:52] 
======================================================================
[03:12:52] Episode 43/200
[03:12:52] ======================================================================
[03:12:52] 总奖励: -1909.85 | 步数: 24
[03:12:52] 最近10个episodes平均: -2676.61
[03:12:52] 各Agent奖励:
[03:12:52]   wind      :    0.000
[03:12:52]   solar     :    0.000
[03:12:52]   diesel    : -1744.274
[03:12:52]   battery   :    0.000
[03:12:52]   customer  : -165.573
[03:12:52] Buffer大小:  1152
[03:12:52] 噪声水平: 0.0953
[03:12:52] 
动作统计:
[03:12:52]   wind      : mean= 0.972, std= 0.044, min= 0.865, max= 1.000
[03:12:52]   solar     : mean=-0.952, std= 0.044, min=-1.000, max=-0.868
[03:12:52]   diesel    : mean=-0.009, std= 0.962, min=-1.000, max= 1.000
[03:12:52]   battery   : mean= 0.961, std= 0.056, min= 0.777, max= 1.000
[03:12:52]   customer  : mean= 0.972, std= 0.040, min= 0.878, max= 1.000
[03:12:52] 
======================================================================
[03:12:52] Episode 44/200
[03:12:52] ======================================================================
[03:12:52] 总奖励: -2834.81 | 步数: 24
[03:12:52] 最近10个episodes平均: -2683.30
[03:12:52] 各Agent奖励:
[03:12:52]   wind      :    0.000
[03:12:52]   solar     : -369.890
[03:12:52]   diesel    : -2305.885
[03:12:52]   battery   :    0.000
[03:12:52]   customer  : -159.037
[03:12:52] Buffer大小:  1176
[03:12:52] 噪声水平: 0.0952
[03:12:52] 
动作统计:
[03:12:52]   wind      : mean= 0.958, std= 0.056, min= 0.800, max= 1.000
[03:12:52]   solar     : mean=-0.961, std= 0.057, min=-1.000, max=-0.811
[03:12:52]   diesel    : mean=-0.002, std= 0.964, min=-1.000, max= 1.000
[03:12:52]   battery   : mean= 0.953, std= 0.058, min= 0.783, max= 1.000
[03:12:52]   customer  : mean= 0.965, std= 0.054, min= 0.816, max= 1.000
[03:12:53] 
======================================================================
[03:12:53] Episode 45/200
[03:12:53] ======================================================================
[03:12:53] 总奖励: -2461.24 | 步数: 24
[03:12:53] 最近10个episodes平均: -2697.85
[03:12:53] 各Agent奖励:
[03:12:53]   wind      :    0.000
[03:12:53]   solar     : -290.690
[03:12:53]   diesel    : -2005.019
[03:12:53]   battery   :    0.000
[03:12:53]   customer  : -165.535
[03:12:53] Buffer大小:  1200
[03:12:53] 噪声水平: 0.0951
[03:12:53] 
动作统计:
[03:12:53]   wind      : mean= 0.950, std= 0.067, min= 0.783, max= 1.000
[03:12:53]   solar     : mean=-0.967, std= 0.054, min=-1.000, max=-0.758
[03:12:53]   diesel    : mean= 0.004, std= 0.978, min=-1.000, max= 1.000
[03:12:53]   battery   : mean= 0.953, std= 0.068, min= 0.727, max= 1.000
[03:12:53]   customer  : mean= 0.960, std= 0.053, min= 0.795, max= 1.000
[03:12:53] 
======================================================================
[03:12:53] Episode 46/200
[03:12:53] ======================================================================
[03:12:53] 总奖励: -3525.53 | 步数: 24
[03:12:53] 最近10个episodes平均: -2732.23
[03:12:53] 各Agent奖励:
[03:12:53]   wind      :    0.000
[03:12:53]   solar     : -823.347
[03:12:53]   diesel    : -2552.137
[03:12:53]   battery   :    0.000
[03:12:53]   customer  : -150.042
[03:12:53] Buffer大小:  1224
[03:12:53] 噪声水平: 0.0950
[03:12:53] 
动作统计:
[03:12:53]   wind      : mean= 0.975, std= 0.046, min= 0.840, max= 1.000
[03:12:53]   solar     : mean=-0.962, std= 0.050, min=-1.000, max=-0.793
[03:12:53]   diesel    : mean=-0.005, std= 0.967, min=-1.000, max= 1.000
[03:12:53]   battery   : mean= 0.940, std= 0.065, min= 0.792, max= 1.000
[03:12:53]   customer  : mean= 0.956, std= 0.066, min= 0.782, max= 1.000
[03:12:53] 
======================================================================
[03:12:53] Episode 47/200
[03:12:53] ======================================================================
[03:12:53] 总奖励: -3064.99 | 步数: 24
[03:12:53] 最近10个episodes平均: -2753.19
[03:12:53] 各Agent奖励:
[03:12:53]   wind      :    0.000
[03:12:53]   solar     : -890.195
[03:12:53]   diesel    : -2015.942
[03:12:53]   battery   :    0.000
[03:12:53]   customer  : -158.850
[03:12:53] Buffer大小:  1248
[03:12:53] 噪声水平: 0.0949
[03:12:53] 
动作统计:
[03:12:53]   wind      : mean= 0.956, std= 0.061, min= 0.824, max= 1.000
[03:12:53]   solar     : mean=-0.952, std= 0.060, min=-1.000, max=-0.780
[03:12:53]   diesel    : mean= 0.001, std= 0.966, min=-1.000, max= 1.000
[03:12:53]   battery   : mean= 0.963, std= 0.047, min= 0.825, max= 1.000
[03:12:53]   customer  : mean= 0.957, std= 0.041, min= 0.880, max= 1.000
[03:12:53] 
======================================================================
[03:12:53] Episode 48/200
[03:12:53] ======================================================================
[03:12:53] 总奖励: -2207.35 | 步数: 24
[03:12:53] 最近10个episodes平均: -2552.69
[03:12:53] 各Agent奖励:
[03:12:53]   wind      :    0.000
[03:12:53]   solar     : -417.400
[03:12:53]   diesel    : -1626.712
[03:12:53]   battery   :    0.000
[03:12:53]   customer  : -163.240
[03:12:53] Buffer大小:  1272
[03:12:53] 噪声水平: 0.0948
[03:12:53] 
动作统计:
[03:12:53]   wind      : mean= 0.964, std= 0.057, min= 0.812, max= 1.000
[03:12:53]   solar     : mean=-0.958, std= 0.053, min=-1.000, max=-0.842
[03:12:53]   diesel    : mean=-0.009, std= 0.954, min=-1.000, max= 1.000
[03:12:53]   battery   : mean= 0.941, std= 0.059, min= 0.774, max= 1.000
[03:12:53]   customer  : mean= 0.964, std= 0.059, min= 0.815, max= 1.000
[03:12:53] 
======================================================================
[03:12:53] Episode 49/200
[03:12:53] ======================================================================
[03:12:53] 总奖励: -2722.23 | 步数: 24
[03:12:53] 最近10个episodes平均: -2630.99
[03:12:53] 各Agent奖励:
[03:12:53]   wind      :    0.000
[03:12:53]   solar     : -584.924
[03:12:53]   diesel    : -1975.674
[03:12:53]   battery   :    0.000
[03:12:53]   customer  : -161.636
[03:12:53] Buffer大小:  1296
[03:12:53] 噪声水平: 0.0947
[03:12:53] 
动作统计:
[03:12:53]   wind      : mean= 0.968, std= 0.048, min= 0.842, max= 1.000
[03:12:53]   solar     : mean=-0.969, std= 0.039, min=-1.000, max=-0.872
[03:12:53]   diesel    : mean= 0.016, std= 0.960, min=-1.000, max= 1.000
[03:12:53]   battery   : mean= 0.953, std= 0.057, min= 0.781, max= 1.000
[03:12:53]   customer  : mean= 0.958, std= 0.056, min= 0.771, max= 1.000
[03:12:53] 
======================================================================
[03:12:53] Episode 50/200
[03:12:53] ======================================================================
[03:12:53] 总奖励: -1975.69 | 步数: 24
[03:12:53] 最近10个episodes平均: -2503.83
[03:12:53] 各Agent奖励:
[03:12:53]   wind      :    0.000
[03:12:53]   solar     : -435.424
[03:12:53]   diesel    : -1375.320
[03:12:53]   battery   :    0.000
[03:12:53]   customer  : -164.941
[03:12:53] Buffer大小:  1320
[03:12:53] 噪声水平: 0.0946
[03:12:53] 
动作统计:
[03:12:53]   wind      : mean= 0.968, std= 0.052, min= 0.835, max= 1.000
[03:12:53]   solar     : mean=-0.932, std= 0.055, min=-1.000, max=-0.817
[03:12:53]   diesel    : mean= 0.003, std= 0.969, min=-1.000, max= 1.000
[03:12:53]   battery   : mean= 0.964, std= 0.049, min= 0.829, max= 1.000
[03:12:53]   customer  : mean= 0.972, std= 0.041, min= 0.857, max= 1.000
[03:12:53] 
📊 生成可视化图表...
[03:12:54]   ✓ 训练曲线: debug_plots/training_ep0050.png
[03:12:54]   ✓ Agent分析: debug_plots/agents_ep0050.png
[03:12:54] 💾 保存检查点: debug_checkpoints/debug_maddpg_20251124_031242_ep0050.pt
[03:12:54] 
======================================================================
[03:12:54] Episode 51/200
[03:12:54] ======================================================================
[03:12:54] 总奖励: -2973.37 | 步数: 24
[03:12:54] 最近10个episodes平均: -2618.04
[03:12:54] 各Agent奖励:
[03:12:54]   wind      :    0.000
[03:12:54]   solar     : -630.341
[03:12:54]   diesel    : -2186.932
[03:12:54]   battery   :    0.000
[03:12:54]   customer  : -156.099
[03:12:54] Buffer大小:  1344
[03:12:54] 噪声水平: 0.0946
[03:12:54] 
动作统计:
[03:12:54]   wind      : mean= 0.949, std= 0.057, min= 0.786, max= 1.000
[03:12:54]   solar     : mean=-0.972, std= 0.036, min=-1.000, max=-0.873
[03:12:54]   diesel    : mean= 0.014, std= 0.960, min=-1.000, max= 1.000
[03:12:54]   battery   : mean= 0.942, std= 0.056, min= 0.807, max= 1.000
[03:12:54]   customer  : mean= 0.947, std= 0.064, min= 0.780, max= 1.000
[03:12:54] 
======================================================================
[03:12:54] Episode 52/200
[03:12:54] ======================================================================
[03:12:54] 总奖励: -3525.31 | 步数: 24
[03:12:54] 最近10个episodes平均: -2720.04
[03:12:54] 各Agent奖励:
[03:12:54]   wind      :    0.000
[03:12:54]   solar     : -1113.728
[03:12:54]   diesel    : -2260.450
[03:12:54]   battery   :    0.000
[03:12:54]   customer  : -151.133
[03:12:54] Buffer大小:  1368
[03:12:54] 噪声水平: 0.0945
[03:12:54] 
动作统计:
[03:12:54]   wind      : mean= 0.941, std= 0.074, min= 0.722, max= 1.000
[03:12:54]   solar     : mean=-0.965, std= 0.047, min=-1.000, max=-0.855
[03:12:54]   diesel    : mean= 0.009, std= 0.965, min=-1.000, max= 1.000
[03:12:54]   battery   : mean= 0.964, std= 0.051, min= 0.771, max= 1.000
[03:12:54]   customer  : mean= 0.943, std= 0.080, min= 0.718, max= 1.000
[03:12:54] 
======================================================================
[03:12:54] Episode 53/200
[03:12:54] ======================================================================
[03:12:54] 总奖励: -2742.88 | 步数: 24
[03:12:54] 最近10个episodes平均: -2803.34
[03:12:54] 各Agent奖励:
[03:12:54]   wind      :    0.000
[03:12:54]   solar     : -1182.081
[03:12:54]   diesel    : -1404.338
[03:12:54]   battery   :    0.000
[03:12:54]   customer  : -156.457
[03:12:54] Buffer大小:  1392
[03:12:54] 噪声水平: 0.0944
[03:12:54] 
动作统计:
[03:12:54]   wind      : mean= 0.975, std= 0.043, min= 0.877, max= 1.000
[03:12:54]   solar     : mean=-0.948, std= 0.067, min=-1.000, max=-0.784
[03:12:54]   diesel    : mean= 0.005, std= 0.962, min=-1.000, max= 1.000
[03:12:54]   battery   : mean= 0.943, std= 0.066, min= 0.776, max= 1.000
[03:12:54]   customer  : mean= 0.956, std= 0.056, min= 0.817, max= 1.000
[03:12:55] 
======================================================================
[03:12:55] Episode 54/200
[03:12:55] ======================================================================
[03:12:55] 总奖励: -1934.68 | 步数: 24
[03:12:55] 最近10个episodes平均: -2713.33
[03:12:55] 各Agent奖励:
[03:12:55]   wind      :    0.000
[03:12:55]   solar     : -310.089
[03:12:55]   diesel    : -1462.072
[03:12:55]   battery   :    0.000
[03:12:55]   customer  : -162.514
[03:12:55] Buffer大小:  1416
[03:12:55] 噪声水平: 0.0943
[03:12:55] 
动作统计:
[03:12:55]   wind      : mean= 0.977, std= 0.040, min= 0.857, max= 1.000
[03:12:55]   solar     : mean=-0.960, std= 0.053, min=-1.000, max=-0.811
[03:12:55]   diesel    : mean= 0.023, std= 0.971, min=-1.000, max= 1.000
[03:12:55]   battery   : mean= 0.946, std= 0.069, min= 0.737, max= 1.000
[03:12:55]   customer  : mean= 0.972, std= 0.041, min= 0.855, max= 1.000
[03:12:55] 
======================================================================
[03:12:55] Episode 55/200
[03:12:55] ======================================================================
[03:12:55] 总奖励: -4746.75 | 步数: 24
[03:12:55] 最近10个episodes平均: -2941.88
[03:12:55] 各Agent奖励:
[03:12:55]   wind      :    0.000
[03:12:55]   solar     : -636.829
[03:12:55]   diesel    : -3974.069
[03:12:55]   battery   :    0.000
[03:12:55]   customer  : -135.855
[03:12:55] Buffer大小:  1440
[03:12:55] 噪声水平: 0.0942
[03:12:55] 
动作统计:
[03:12:55]   wind      : mean= 0.982, std= 0.033, min= 0.854, max= 1.000
[03:12:55]   solar     : mean=-0.965, std= 0.058, min=-1.000, max=-0.799
[03:12:55]   diesel    : mean=-0.005, std= 0.954, min=-1.000, max= 1.000
[03:12:55]   battery   : mean= 0.927, std= 0.086, min= 0.753, max= 1.000
[03:12:55]   customer  : mean= 0.943, std= 0.069, min= 0.737, max= 1.000
[03:12:55] 
======================================================================
[03:12:55] Episode 56/200
[03:12:55] ======================================================================
[03:12:55] 总奖励: -2161.64 | 步数: 24
[03:12:55] 最近10个episodes平均: -2805.49
[03:12:55] 各Agent奖励:
[03:12:55]   wind      :    0.000
[03:12:55]   solar     : -453.023
[03:12:55]   diesel    : -1543.183
[03:12:55]   battery   :    0.000
[03:12:55]   customer  : -165.435
[03:12:55] Buffer大小:  1464
[03:12:55] 噪声水平: 0.0941
[03:12:55] 
动作统计:
[03:12:55]   wind      : mean= 0.956, std= 0.051, min= 0.830, max= 1.000
[03:12:55]   solar     : mean=-0.930, std= 0.059, min=-1.000, max=-0.823
[03:12:55]   diesel    : mean= 0.005, std= 0.971, min=-1.000, max= 1.000
[03:12:55]   battery   : mean= 0.928, std= 0.084, min= 0.702, max= 1.000
[03:12:55]   customer  : mean= 0.965, std= 0.049, min= 0.839, max= 1.000
[03:12:55] 
======================================================================
[03:12:55] Episode 57/200
[03:12:55] ======================================================================
[03:12:55] 总奖励: -3707.35 | 步数: 24
[03:12:55] 最近10个episodes平均: -2869.73
[03:12:55] 各Agent奖励:
[03:12:55]   wind      :    0.000
[03:12:55]   solar     : -1225.576
[03:12:55]   diesel    : -2332.834
[03:12:55]   battery   :    0.000
[03:12:55]   customer  : -148.943
[03:12:55] Buffer大小:  1488
[03:12:55] 噪声水平: 0.0940
[03:12:55] 
动作统计:
[03:12:55]   wind      : mean= 0.961, std= 0.054, min= 0.799, max= 1.000
[03:12:55]   solar     : mean=-0.943, std= 0.074, min=-1.000, max=-0.735
[03:12:55]   diesel    : mean=-0.007, std= 0.964, min=-1.000, max= 1.000
[03:12:55]   battery   : mean= 0.904, std= 0.129, min= 0.522, max= 1.000
[03:12:55]   customer  : mean= 0.950, std= 0.074, min= 0.743, max= 1.000
[03:12:55] 
======================================================================
[03:12:55] Episode 58/200
[03:12:55] ======================================================================
[03:12:55] 总奖励: -2287.30 | 步数: 24
[03:12:55] 最近10个episodes平均: -2877.72
[03:12:55] 各Agent奖励:
[03:12:55]   wind      :    0.000
[03:12:55]   solar     : -282.504
[03:12:55]   diesel    : -1842.883
[03:12:55]   battery   :    0.000
[03:12:55]   customer  : -161.913
[03:12:55] Buffer大小:  1512
[03:12:55] 噪声水平: 0.0939
[03:12:55] 
动作统计:
[03:12:55]   wind      : mean= 0.968, std= 0.041, min= 0.861, max= 1.000
[03:12:55]   solar     : mean=-0.952, std= 0.065, min=-1.000, max=-0.776
[03:12:55]   diesel    : mean= 0.005, std= 0.975, min=-1.000, max= 1.000
[03:12:55]   battery   : mean= 0.899, std= 0.118, min= 0.403, max= 1.000
[03:12:55]   customer  : mean= 0.969, std= 0.063, min= 0.731, max= 1.000
[03:12:55] 
======================================================================
[03:12:55] Episode 59/200
[03:12:55] ======================================================================
[03:12:55] 总奖励: -3240.60 | 步数: 24
[03:12:55] 最近10个episodes平均: -2929.56
[03:12:55] 各Agent奖励:
[03:12:55]   wind      :    0.000
[03:12:55]   solar     : -593.701
[03:12:55]   diesel    : -2492.600
[03:12:55]   battery   :    0.000
[03:12:55]   customer  : -154.295
[03:12:55] Buffer大小:  1536
[03:12:55] 噪声水平: 0.0938
[03:12:55] 
动作统计:
[03:12:55]   wind      : mean= 0.978, std= 0.035, min= 0.889, max= 1.000
[03:12:55]   solar     : mean=-0.964, std= 0.058, min=-1.000, max=-0.777
[03:12:55]   diesel    : mean=-0.014, std= 0.944, min=-1.000, max= 1.000
[03:12:55]   battery   : mean= 0.852, std= 0.169, min= 0.233, max= 1.000
[03:12:55]   customer  : mean= 0.965, std= 0.071, min= 0.680, max= 1.000
[03:12:55] 
======================================================================
[03:12:55] Episode 60/200
[03:12:55] ======================================================================
[03:12:55] 总奖励: -1979.38 | 步数: 24
[03:12:55] 最近10个episodes平均: -2929.93
[03:12:55] 各Agent奖励:
[03:12:55]   wind      :    0.000
[03:12:55]   solar     :    0.000
[03:12:55]   diesel    : -1809.171
[03:12:55]   battery   :    0.000
[03:12:55]   customer  : -170.214
[03:12:55] Buffer大小:  1560
[03:12:55] 噪声水平: 0.0937
[03:12:55] 
动作统计:
[03:12:55]   wind      : mean= 0.975, std= 0.039, min= 0.866, max= 1.000
[03:12:55]   solar     : mean=-0.958, std= 0.058, min=-1.000, max=-0.821
[03:12:55]   diesel    : mean=-0.014, std= 0.969, min=-1.000, max= 1.000
[03:12:55]   battery   : mean= 0.859, std= 0.163, min= 0.284, max= 1.000
[03:12:55]   customer  : mean= 0.978, std= 0.056, min= 0.782, max= 1.000
[03:12:55] 
📊 生成可视化图表...
[03:12:56]   ✓ 训练曲线: debug_plots/training_ep0060.png
[03:12:56]   ✓ Agent分析: debug_plots/agents_ep0060.png
[03:12:56] 
======================================================================
[03:12:56] Episode 61/200
[03:12:56] ======================================================================
[03:12:56] 总奖励: -1748.05 | 步数: 24
[03:12:56] 最近10个episodes平均: -2807.39
[03:12:56] 各Agent奖励:
[03:12:56]   wind      :    0.000
[03:12:56]   solar     : -856.324
[03:12:56]   diesel    : -713.262
[03:12:56]   battery   :    0.000
[03:12:56]   customer  : -178.467
[03:12:56] Buffer大小:  1584
[03:12:56] 噪声水平: 0.0936
[03:12:56] 
动作统计:
[03:12:56]   wind      : mean= 0.967, std= 0.057, min= 0.807, max= 1.000
[03:12:56]   solar     : mean=-0.965, std= 0.039, min=-1.000, max=-0.864
[03:12:56]   diesel    : mean=-0.004, std= 0.955, min=-1.000, max= 1.000
[03:12:56]   battery   : mean= 0.812, std= 0.215, min= 0.055, max= 1.000
[03:12:56]   customer  : mean= 0.976, std= 0.047, min= 0.818, max= 1.000
[03:12:56] 
======================================================================
[03:12:56] Episode 62/200
[03:12:56] ======================================================================
[03:12:56] 总奖励: -1975.92 | 步数: 24
[03:12:56] 最近10个episodes平均: -2652.46
[03:12:56] 各Agent奖励:
[03:12:56]   wind      :    0.000
[03:12:56]   solar     : -738.290
[03:12:56]   diesel    : -1069.583
[03:12:56]   battery   :    0.000
[03:12:56]   customer  : -168.050
[03:12:56] Buffer大小:  1608
[03:12:56] 噪声水平: 0.0935
[03:12:56] 
动作统计:
[03:12:56]   wind      : mean= 0.951, std= 0.060, min= 0.787, max= 1.000
[03:12:56]   solar     : mean=-0.950, std= 0.047, min=-1.000, max=-0.857
[03:12:56]   diesel    : mean= 0.022, std= 0.963, min=-1.000, max= 1.000
[03:12:56]   battery   : mean= 0.816, std= 0.238, min= 0.010, max= 1.000
[03:12:56]   customer  : mean= 0.977, std= 0.049, min= 0.792, max= 1.000
[03:12:56] 
======================================================================
[03:12:56] Episode 63/200
[03:12:56] ======================================================================
[03:12:56] 总奖励: -3235.82 | 步数: 24
[03:12:56] 最近10个episodes平均: -2701.75
[03:12:56] 各Agent奖励:
[03:12:56]   wind      :    0.000
[03:12:56]   solar     : -399.034
[03:12:56]   diesel    : -2684.587
[03:12:56]   battery   :    0.000
[03:12:56]   customer  : -152.196
[03:12:56] Buffer大小:  1632
[03:12:56] 噪声水平: 0.0934
[03:12:56] 
动作统计:
[03:12:56]   wind      : mean= 0.952, std= 0.055, min= 0.833, max= 1.000
[03:12:56]   solar     : mean=-0.965, std= 0.057, min=-1.000, max=-0.812
[03:12:56]   diesel    : mean=-0.004, std= 0.962, min=-1.000, max= 1.000
[03:12:56]   battery   : mean= 0.780, std= 0.266, min=-0.214, max= 1.000
[03:12:56]   customer  : mean= 0.945, std= 0.075, min= 0.692, max= 1.000
[03:12:57] 
======================================================================
[03:12:57] Episode 64/200
[03:12:57] ======================================================================
[03:12:57] 总奖励: -3265.56 | 步数: 24
[03:12:57] 最近10个episodes平均: -2834.84
[03:12:57] 各Agent奖励:
[03:12:57]   wind      :    0.000
[03:12:57]   solar     : -644.128
[03:12:57]   diesel    : -2470.547
[03:12:57]   battery   :    0.000
[03:12:57]   customer  : -150.886
[03:12:57] Buffer大小:  1656
[03:12:57] 噪声水平: 0.0933
[03:12:57] 
动作统计:
[03:12:57]   wind      : mean= 0.972, std= 0.042, min= 0.849, max= 1.000
[03:12:57]   solar     : mean=-0.964, std= 0.050, min=-1.000, max=-0.801
[03:12:57]   diesel    : mean=-0.001, std= 0.948, min=-1.000, max= 1.000
[03:12:57]   battery   : mean= 0.803, std= 0.289, min=-0.276, max= 1.000
[03:12:57]   customer  : mean= 0.951, std= 0.068, min= 0.762, max= 1.000
[03:12:57] 
======================================================================
[03:12:57] Episode 65/200
[03:12:57] ======================================================================
[03:12:57] 总奖励: -3078.30 | 步数: 24
[03:12:57] 最近10个episodes平均: -2667.99
[03:12:57] 各Agent奖励:
[03:12:57]   wind      :    0.000
[03:12:57]   solar     : -966.795
[03:12:57]   diesel    : -1949.392
[03:12:57]   battery   :    0.000
[03:12:57]   customer  : -162.113
[03:12:57] Buffer大小:  1680
[03:12:57] 噪声水平: 0.0932
[03:12:57] 
动作统计:
[03:12:57]   wind      : mean= 0.969, std= 0.046, min= 0.847, max= 1.000
[03:12:57]   solar     : mean=-0.967, std= 0.048, min=-1.000, max=-0.801
[03:12:57]   diesel    : mean=-0.006, std= 0.958, min=-1.000, max= 1.000
[03:12:57]   battery   : mean= 0.780, std= 0.319, min=-0.216, max= 1.000
[03:12:57]   customer  : mean= 0.954, std= 0.055, min= 0.806, max= 1.000
[03:12:57] 
======================================================================
[03:12:57] Episode 66/200
[03:12:57] ======================================================================
[03:12:57] 总奖励: -2798.66 | 步数: 24
[03:12:57] 最近10个episodes平均: -2731.69
[03:12:57] 各Agent奖励:
[03:12:57]   wind      :    0.000
[03:12:57]   solar     : -812.621
[03:12:57]   diesel    : -1827.309
[03:12:57]   battery   :    0.000
[03:12:57]   customer  : -158.728
[03:12:57] Buffer大小:  1704
[03:12:57] 噪声水平: 0.0931
[03:12:57] 
动作统计:
[03:12:57]   wind      : mean= 0.981, std= 0.034, min= 0.881, max= 1.000
[03:12:57]   solar     : mean=-0.986, std= 0.032, min=-1.000, max=-0.865
[03:12:57]   diesel    : mean= 0.001, std= 0.964, min=-1.000, max= 1.000
[03:12:57]   battery   : mean= 0.776, std= 0.311, min=-0.088, max= 1.000
[03:12:57]   customer  : mean= 0.951, std= 0.067, min= 0.796, max= 1.000
[03:12:57] 
======================================================================
[03:12:57] Episode 67/200
[03:12:57] ======================================================================
[03:12:57] 总奖励: -1529.37 | 步数: 24
[03:12:57] 最近10个episodes平均: -2513.90
[03:12:57] 各Agent奖励:
[03:12:57]   wind      :    0.000
[03:12:57]   solar     : -278.405
[03:12:57]   diesel    : -1073.751
[03:12:57]   battery   :    0.000
[03:12:57]   customer  : -177.210
[03:12:57] Buffer大小:  1728
[03:12:57] 噪声水平: 0.0930
[03:12:57] 
动作统计:
[03:12:57]   wind      : mean= 0.958, std= 0.058, min= 0.792, max= 1.000
[03:12:57]   solar     : mean=-0.957, std= 0.065, min=-1.000, max=-0.753
[03:12:57]   diesel    : mean= 0.007, std= 0.969, min=-1.000, max= 1.000
[03:12:57]   battery   : mean= 0.790, std= 0.303, min=-0.289, max= 1.000
[03:12:57]   customer  : mean= 0.981, std= 0.029, min= 0.913, max= 1.000
[03:12:57] 
======================================================================
[03:12:57] Episode 68/200
[03:12:57] ======================================================================
[03:12:57] 总奖励: -2286.51 | 步数: 24
[03:12:57] 最近10个episodes平均: -2513.82
[03:12:57] 各Agent奖励:
[03:12:57]   wind      :    0.000
[03:12:57]   solar     : -613.163
[03:12:57]   diesel    : -1509.560
[03:12:57]   battery   :    0.000
[03:12:57]   customer  : -163.787
[03:12:57] Buffer大小:  1752
[03:12:57] 噪声水平: 0.0930
[03:12:57] 
动作统计:
[03:12:57]   wind      : mean= 0.974, std= 0.040, min= 0.846, max= 1.000
[03:12:57]   solar     : mean=-0.978, std= 0.032, min=-1.000, max=-0.901
[03:12:57]   diesel    : mean= 0.001, std= 0.975, min=-1.000, max= 1.000
[03:12:57]   battery   : mean= 0.786, std= 0.332, min=-0.218, max= 1.000
[03:12:57]   customer  : mean= 0.973, std= 0.043, min= 0.843, max= 1.000
[03:12:57] 
======================================================================
[03:12:57] Episode 69/200
[03:12:57] ======================================================================
[03:12:57] 总奖励: -1875.10 | 步数: 24
[03:12:57] 最近10个episodes平均: -2377.27
[03:12:57] 各Agent奖励:
[03:12:57]   wind      :    0.000
[03:12:57]   solar     :  -92.587
[03:12:57]   diesel    : -1609.634
[03:12:57]   battery   :    0.000
[03:12:57]   customer  : -172.875
[03:12:57] Buffer大小:  1776
[03:12:57] 噪声水平: 0.0929
[03:12:57] 
动作统计:
[03:12:57]   wind      : mean= 0.979, std= 0.038, min= 0.865, max= 1.000
[03:12:57]   solar     : mean=-0.951, std= 0.052, min=-1.000, max=-0.866
[03:12:57]   diesel    : mean=-0.004, std= 0.957, min=-1.000, max= 1.000
[03:12:57]   battery   : mean= 0.782, std= 0.292, min=-0.102, max= 1.000
[03:12:57]   customer  : mean= 0.978, std= 0.038, min= 0.865, max= 1.000
[03:12:57] 
======================================================================
[03:12:57] Episode 70/200
[03:12:57] ======================================================================
[03:12:57] 总奖励: -2728.22 | 步数: 24
[03:12:57] 最近10个episodes平均: -2452.15
[03:12:57] 各Agent奖励:
[03:12:57]   wind      :    0.000
[03:12:57]   solar     : -943.590
[03:12:57]   diesel    : -1623.060
[03:12:57]   battery   :    0.000
[03:12:57]   customer  : -161.567
[03:12:57] Buffer大小:  1800
[03:12:57] 噪声水平: 0.0928
[03:12:57] 
动作统计:
[03:12:57]   wind      : mean= 0.962, std= 0.053, min= 0.808, max= 1.000
[03:12:57]   solar     : mean=-0.960, std= 0.055, min=-1.000, max=-0.824
[03:12:57]   diesel    : mean=-0.013, std= 0.954, min=-1.000, max= 1.000
[03:12:57]   battery   : mean= 0.795, std= 0.307, min=-0.366, max= 1.000
[03:12:57]   customer  : mean= 0.967, std= 0.043, min= 0.830, max= 1.000
[03:12:57] 
📊 生成可视化图表...
[03:12:58]   ✓ 训练曲线: debug_plots/training_ep0070.png
[03:12:58]   ✓ Agent分析: debug_plots/agents_ep0070.png
[03:12:58] 
======================================================================
[03:12:58] Episode 71/200
[03:12:58] ======================================================================
[03:12:58] 总奖励: -2923.43 | 步数: 24
[03:12:58] 最近10个episodes平均: -2569.69
[03:12:58] 各Agent奖励:
[03:12:58]   wind      :    0.000
[03:12:58]   solar     : -373.770
[03:12:58]   diesel    : -2393.694
[03:12:58]   battery   :    0.000
[03:12:58]   customer  : -155.963
[03:12:58] Buffer大小:  1824
[03:12:58] 噪声水平: 0.0927
[03:12:58] 
动作统计:
[03:12:58]   wind      : mean= 0.977, std= 0.034, min= 0.888, max= 1.000
[03:12:58]   solar     : mean=-0.955, std= 0.055, min=-1.000, max=-0.825
[03:12:58]   diesel    : mean= 0.007, std= 0.958, min=-1.000, max= 1.000
[03:12:58]   battery   : mean= 0.789, std= 0.294, min=-0.147, max= 1.000
[03:12:58]   customer  : mean= 0.963, std= 0.053, min= 0.825, max= 1.000
[03:12:58] 
======================================================================
[03:12:58] Episode 72/200
[03:12:58] ======================================================================
[03:12:58] 总奖励: -2297.42 | 步数: 24
[03:12:58] 最近10个episodes平均: -2601.84
[03:12:58] 各Agent奖励:
[03:12:58]   wind      :    0.000
[03:12:58]   solar     : -684.785
[03:12:58]   diesel    : -1441.713
[03:12:58]   battery   :    0.000
[03:12:58]   customer  : -170.925
[03:12:58] Buffer大小:  1848
[03:12:58] 噪声水平: 0.0926
[03:12:58] 
动作统计:
[03:12:58]   wind      : mean= 0.970, std= 0.041, min= 0.823, max= 1.000
[03:12:58]   solar     : mean=-0.958, std= 0.056, min=-1.000, max=-0.810
[03:12:58]   diesel    : mean=-0.020, std= 0.962, min=-1.000, max= 1.000
[03:12:58]   battery   : mean= 0.793, std= 0.307, min=-0.221, max= 1.000
[03:12:58]   customer  : mean= 0.967, std= 0.039, min= 0.873, max= 1.000
[03:12:58] 
======================================================================
[03:12:58] Episode 73/200
[03:12:58] ======================================================================
[03:12:58] 总奖励: -2318.40 | 步数: 24
[03:12:58] 最近10个episodes平均: -2510.10
[03:12:58] 各Agent奖励:
[03:12:58]   wind      :    0.000
[03:12:58]   solar     :  -19.019
[03:12:58]   diesel    : -2130.169
[03:12:58]   battery   :    0.000
[03:12:58]   customer  : -169.212
[03:12:58] Buffer大小:  1872
[03:12:58] 噪声水平: 0.0925
[03:12:58] 
动作统计:
[03:12:58]   wind      : mean= 0.972, std= 0.046, min= 0.827, max= 1.000
[03:12:58]   solar     : mean=-0.944, std= 0.069, min=-1.000, max=-0.743
[03:12:58]   diesel    : mean= 0.006, std= 0.954, min=-1.000, max= 1.000
[03:12:58]   battery   : mean= 0.795, std= 0.295, min=-0.216, max= 1.000
[03:12:58]   customer  : mean= 0.969, std= 0.042, min= 0.855, max= 1.000
[03:12:59] 
======================================================================
[03:12:59] Episode 74/200
[03:12:59] ======================================================================
[03:12:59] 总奖励: -1603.20 | 步数: 24
[03:12:59] 最近10个episodes平均: -2343.86
[03:12:59] 各Agent奖励:
[03:12:59]   wind      :    0.000
[03:12:59]   solar     : -521.535
[03:12:59]   diesel    : -914.113
[03:12:59]   battery   :    0.000
[03:12:59]   customer  : -167.550
[03:12:59] Buffer大小:  1896
[03:12:59] 噪声水平: 0.0924
[03:12:59] 
动作统计:
[03:12:59]   wind      : mean= 0.960, std= 0.058, min= 0.786, max= 1.000
[03:12:59]   solar     : mean=-0.949, std= 0.075, min=-1.000, max=-0.721
[03:12:59]   diesel    : mean= 0.004, std= 0.964, min=-1.000, max= 1.000
[03:12:59]   battery   : mean= 0.821, std= 0.286, min=-0.269, max= 1.000
[03:12:59]   customer  : mean= 0.977, std= 0.034, min= 0.859, max= 1.000
[03:12:59] 
======================================================================
[03:12:59] Episode 75/200
[03:12:59] ======================================================================
[03:12:59] 总奖励: -2846.25 | 步数: 24
[03:12:59] 最近10个episodes平均: -2320.65
[03:12:59] 各Agent奖励:
[03:12:59]   wind      :    0.000
[03:12:59]   solar     : -789.693
[03:12:59]   diesel    : -1897.476
[03:12:59]   battery   :    0.000
[03:12:59]   customer  : -159.082
[03:12:59] Buffer大小:  1920
[03:12:59] 噪声水平: 0.0923
[03:12:59] 
动作统计:
[03:12:59]   wind      : mean= 0.970, std= 0.036, min= 0.879, max= 1.000
[03:12:59]   solar     : mean=-0.951, std= 0.059, min=-1.000, max=-0.816
[03:12:59]   diesel    : mean= 0.001, std= 0.984, min=-1.000, max= 1.000
[03:12:59]   battery   : mean= 0.853, std= 0.246, min=-0.134, max= 1.000
[03:12:59]   customer  : mean= 0.962, std= 0.053, min= 0.856, max= 1.000
[03:12:59] 
======================================================================
[03:12:59] Episode 76/200
[03:12:59] ======================================================================
[03:12:59] 总奖励: -2056.32 | 步数: 24
[03:12:59] 最近10个episodes平均: -2246.42
[03:12:59] 各Agent奖励:
[03:12:59]   wind      :    0.000
[03:12:59]   solar     : -192.134
[03:12:59]   diesel    : -1690.812
[03:12:59]   battery   :    0.000
[03:12:59]   customer  : -173.377
[03:12:59] Buffer大小:  1944
[03:12:59] 噪声水平: 0.0922
[03:12:59] 
动作统计:
[03:12:59]   wind      : mean= 0.955, std= 0.067, min= 0.708, max= 1.000
[03:12:59]   solar     : mean=-0.974, std= 0.045, min=-1.000, max=-0.816
[03:12:59]   diesel    : mean= 0.012, std= 0.956, min=-1.000, max= 1.000
[03:12:59]   battery   : mean= 0.864, std= 0.246, min=-0.223, max= 1.000
[03:12:59]   customer  : mean= 0.972, std= 0.043, min= 0.847, max= 1.000
[03:12:59] 
======================================================================
[03:12:59] Episode 77/200
[03:12:59] ======================================================================
[03:12:59] 总奖励: -3032.25 | 步数: 24
[03:12:59] 最近10个episodes平均: -2396.71
[03:12:59] 各Agent奖励:
[03:12:59]   wind      :    0.000
[03:12:59]   solar     : -1006.409
[03:12:59]   diesel    : -1866.766
[03:12:59]   battery   :    0.000
[03:12:59]   customer  : -159.074
[03:12:59] Buffer大小:  1968
[03:12:59] 噪声水平: 0.0921
[03:12:59] 
动作统计:
[03:12:59]   wind      : mean= 0.978, std= 0.041, min= 0.850, max= 1.000
[03:12:59]   solar     : mean=-0.967, std= 0.043, min=-1.000, max=-0.867
[03:12:59]   diesel    : mean=-0.009, std= 0.968, min=-1.000, max= 1.000
[03:12:59]   battery   : mean= 0.855, std= 0.255, min=-0.274, max= 1.000
[03:12:59]   customer  : mean= 0.958, std= 0.051, min= 0.784, max= 1.000
[03:12:59] 
======================================================================
[03:12:59] Episode 78/200
[03:12:59] ======================================================================
[03:12:59] 总奖励: -1333.43 | 步数: 24
[03:12:59] 最近10个episodes平均: -2301.40
[03:12:59] 各Agent奖励:
[03:12:59]   wind      :    0.000
[03:12:59]   solar     : -466.895
[03:12:59]   diesel    : -691.377
[03:12:59]   battery   :    0.000
[03:12:59]   customer  : -175.153
[03:12:59] Buffer大小:  1992
[03:12:59] 噪声水平: 0.0920
[03:12:59] 
动作统计:
[03:12:59]   wind      : mean= 0.972, std= 0.057, min= 0.776, max= 1.000
[03:12:59]   solar     : mean=-0.978, std= 0.043, min=-1.000, max=-0.848
[03:12:59]   diesel    : mean=-0.003, std= 0.963, min=-1.000, max= 1.000
[03:12:59]   battery   : mean= 0.861, std= 0.222, min=-0.173, max= 1.000
[03:12:59]   customer  : mean= 0.983, std= 0.033, min= 0.866, max= 1.000
[03:12:59] 
======================================================================
[03:12:59] Episode 79/200
[03:12:59] ======================================================================
[03:12:59] 总奖励: -2466.43 | 步数: 24
[03:12:59] 最近10个episodes平均: -2360.53
[03:12:59] 各Agent奖励:
[03:12:59]   wind      :    0.000
[03:12:59]   solar     : -171.979
[03:12:59]   diesel    : -2136.868
[03:12:59]   battery   :    0.000
[03:12:59]   customer  : -157.582
[03:12:59] Buffer大小:  2016
[03:12:59] 噪声水平: 0.0919
[03:12:59] 
动作统计:
[03:12:59]   wind      : mean= 0.975, std= 0.046, min= 0.833, max= 1.000
[03:12:59]   solar     : mean=-0.953, std= 0.050, min=-1.000, max=-0.855
[03:12:59]   diesel    : mean= 0.001, std= 0.976, min=-1.000, max= 1.000
[03:12:59]   battery   : mean= 0.867, std= 0.210, min= 0.045, max= 1.000
[03:12:59]   customer  : mean= 0.960, std= 0.062, min= 0.814, max= 1.000
[03:13:00] 
======================================================================
[03:13:00] Episode 80/200
[03:13:00] ======================================================================
[03:13:00] 总奖励: -2571.16 | 步数: 24
[03:13:00] 最近10个episodes平均: -2344.83
[03:13:00] 各Agent奖励:
[03:13:00]   wind      :    0.000
[03:13:00]   solar     : -577.894
[03:13:00]   diesel    : -1833.604
[03:13:00]   battery   :    0.000
[03:13:00]   customer  : -159.662
[03:13:00] Buffer大小:  2040
[03:13:00] 噪声水平: 0.0918
[03:13:00] 
动作统计:
[03:13:00]   wind      : mean= 0.955, std= 0.049, min= 0.864, max= 1.000
[03:13:00]   solar     : mean=-0.966, std= 0.042, min=-1.000, max=-0.851
[03:13:00]   diesel    : mean=-0.003, std= 0.965, min=-1.000, max= 1.000
[03:13:00]   battery   : mean= 0.881, std= 0.225, min=-0.215, max= 1.000
[03:13:00]   customer  : mean= 0.961, std= 0.045, min= 0.844, max= 1.000
[03:13:00] 
📊 生成可视化图表...
[03:13:00]   ✓ 训练曲线: debug_plots/training_ep0080.png
[03:13:00]   ✓ Agent分析: debug_plots/agents_ep0080.png
[03:13:00] 
======================================================================
[03:13:00] Episode 81/200
[03:13:00] ======================================================================
[03:13:00] 总奖励: -2202.32 | 步数: 24
[03:13:00] 最近10个episodes平均: -2272.72
[03:13:00] 各Agent奖励:
[03:13:00]   wind      :    0.000
[03:13:00]   solar     : -1011.892
[03:13:00]   diesel    : -1020.308
[03:13:00]   battery   :    0.000
[03:13:00]   customer  : -170.121
[03:13:00] Buffer大小:  2064
[03:13:00] 噪声水平: 0.0918
[03:13:00] 
动作统计:
[03:13:00]   wind      : mean= 0.970, std= 0.050, min= 0.796, max= 1.000
[03:13:00]   solar     : mean=-0.946, std= 0.065, min=-1.000, max=-0.766
[03:13:00]   diesel    : mean=-0.005, std= 0.973, min=-1.000, max= 1.000
[03:13:00]   battery   : mean= 0.878, std= 0.220, min=-0.196, max= 1.000
[03:13:00]   customer  : mean= 0.975, std= 0.040, min= 0.843, max= 1.000
[03:13:00] 
======================================================================
[03:13:00] Episode 82/200
[03:13:00] ======================================================================
[03:13:00] 总奖励: -2936.11 | 步数: 24
[03:13:00] 最近10个episodes平均: -2336.59
[03:13:00] 各Agent奖励:
[03:13:00]   wind      :    0.000
[03:13:00]   solar     : -176.169
[03:13:00]   diesel    : -2600.558
[03:13:00]   battery   :    0.000
[03:13:00]   customer  : -159.387
[03:13:00] Buffer大小:  2088
[03:13:00] 噪声水平: 0.0917
[03:13:00] 
动作统计:
[03:13:00]   wind      : mean= 0.974, std= 0.030, min= 0.887, max= 1.000
[03:13:00]   solar     : mean=-0.954, std= 0.048, min=-1.000, max=-0.837
[03:13:00]   diesel    : mean=-0.014, std= 0.971, min=-1.000, max= 1.000
[03:13:00]   battery   : mean= 0.874, std= 0.217, min=-0.127, max= 1.000
[03:13:00]   customer  : mean= 0.962, std= 0.055, min= 0.812, max= 1.000
[03:13:00] 
======================================================================
[03:13:00] Episode 83/200
[03:13:00] ======================================================================
[03:13:00] 总奖励: -2578.79 | 步数: 24
[03:13:00] 最近10个episodes平均: -2362.63
[03:13:00] 各Agent奖励:
[03:13:00]   wind      :    0.000
[03:13:00]   solar     :  -42.616
[03:13:00]   diesel    : -2375.969
[03:13:00]   battery   :    0.000
[03:13:00]   customer  : -160.205
[03:13:00] Buffer大小:  2112
[03:13:00] 噪声水平: 0.0916
[03:13:00] 
动作统计:
[03:13:00]   wind      : mean= 0.934, std= 0.064, min= 0.776, max= 1.000
[03:13:00]   solar     : mean=-0.944, std= 0.056, min=-1.000, max=-0.822
[03:13:00]   diesel    : mean= 0.012, std= 0.963, min=-1.000, max= 1.000
[03:13:00]   battery   : mean= 0.889, std= 0.214, min=-0.251, max= 1.000
[03:13:00]   customer  : mean= 0.958, std= 0.052, min= 0.817, max= 1.000
[03:13:01] 
======================================================================
[03:13:01] Episode 84/200
[03:13:01] ======================================================================
[03:13:01] 总奖励: -2914.58 | 步数: 24
[03:13:01] 最近10个episodes平均: -2493.76
[03:13:01] 各Agent奖励:
[03:13:01]   wind      :    0.000
[03:13:01]   solar     : -655.445
[03:13:01]   diesel    : -2100.250
[03:13:01]   battery   :    0.000
[03:13:01]   customer  : -158.887
[03:13:01] Buffer大小:  2136
[03:13:01] 噪声水平: 0.0915
[03:13:01] 
动作统计:
[03:13:01]   wind      : mean= 0.970, std= 0.051, min= 0.833, max= 1.000
[03:13:01]   solar     : mean=-0.957, std= 0.057, min=-1.000, max=-0.827
[03:13:01]   diesel    : mean= 0.018, std= 0.966, min=-1.000, max= 1.000
[03:13:01]   battery   : mean= 0.869, std= 0.222, min=-0.207, max= 1.000
[03:13:01]   customer  : mean= 0.965, std= 0.052, min= 0.848, max= 1.000
[03:13:01] 
======================================================================
[03:13:01] Episode 85/200
[03:13:01] ======================================================================
[03:13:01] 总奖励: -1264.25 | 步数: 24
[03:13:01] 最近10个episodes平均: -2335.56
[03:13:01] 各Agent奖励:
[03:13:01]   wind      :    0.000
[03:13:01]   solar     : -485.737
[03:13:01]   diesel    : -599.310
[03:13:01]   battery   :    0.000
[03:13:01]   customer  : -179.200
[03:13:01] Buffer大小:  2160
[03:13:01] 噪声水平: 0.0914
[03:13:01] 
动作统计:
[03:13:01]   wind      : mean= 0.981, std= 0.033, min= 0.902, max= 1.000
[03:13:01]   solar     : mean=-0.957, std= 0.052, min=-1.000, max=-0.815
[03:13:01]   diesel    : mean= 0.010, std= 0.966, min=-1.000, max= 1.000
[03:13:01]   battery   : mean= 0.890, std= 0.223, min=-0.390, max= 1.000
[03:13:01]   customer  : mean= 0.982, std= 0.034, min= 0.885, max= 1.000
[03:13:01] 
======================================================================
[03:13:01] Episode 86/200
[03:13:01] ======================================================================
[03:13:01] 总奖励: -3470.55 | 步数: 24
[03:13:01] 最近10个episodes平均: -2476.99
[03:13:01] 各Agent奖励:
[03:13:01]   wind      :    0.000
[03:13:01]   solar     : -450.854
[03:13:01]   diesel    : -2871.695
[03:13:01]   battery   :    0.000
[03:13:01]   customer  : -148.000
[03:13:01] Buffer大小:  2184
[03:13:01] 噪声水平: 0.0913
[03:13:01] 
动作统计:
[03:13:01]   wind      : mean= 0.957, std= 0.043, min= 0.840, max= 1.000
[03:13:01]   solar     : mean=-0.964, std= 0.065, min=-1.000, max=-0.703
[03:13:01]   diesel    : mean= 0.021, std= 0.968, min=-1.000, max= 1.000
[03:13:01]   battery   : mean= 0.861, std= 0.238, min=-0.132, max= 1.000
[03:13:01]   customer  : mean= 0.952, std= 0.072, min= 0.779, max= 1.000
[03:13:01] 
======================================================================
[03:13:01] Episode 87/200
[03:13:01] ======================================================================
[03:13:01] 总奖励: -2216.16 | 步数: 24
[03:13:01] 最近10个episodes平均: -2395.38
[03:13:01] 各Agent奖励:
[03:13:01]   wind      :    0.000
[03:13:01]   solar     : -636.606
[03:13:01]   diesel    : -1413.831
[03:13:01]   battery   :    0.000
[03:13:01]   customer  : -165.725
[03:13:01] Buffer大小:  2208
[03:13:01] 噪声水平: 0.0912
[03:13:01] 
动作统计:
[03:13:01]   wind      : mean= 0.967, std= 0.048, min= 0.841, max= 1.000
[03:13:01]   solar     : mean=-0.966, std= 0.056, min=-1.000, max=-0.825
[03:13:01]   diesel    : mean=-0.012, std= 0.950, min=-1.000, max= 1.000
[03:13:01]   battery   : mean= 0.897, std= 0.207, min=-0.184, max= 1.000
[03:13:01]   customer  : mean= 0.967, std= 0.040, min= 0.886, max= 1.000
[03:13:01] 
======================================================================
[03:13:01] Episode 88/200
[03:13:01] ======================================================================
[03:13:01] 总奖励: -3836.31 | 步数: 24
[03:13:01] 最近10个episodes平均: -2645.67
[03:13:01] 各Agent奖励:
[03:13:01]   wind      :    0.000
[03:13:01]   solar     : -1650.631
[03:13:01]   diesel    : -2037.296
[03:13:01]   battery   :    0.000
[03:13:01]   customer  : -148.384
[03:13:01] Buffer大小:  2232
[03:13:01] 噪声水平: 0.0911
[03:13:01] 
动作统计:
[03:13:01]   wind      : mean= 0.944, std= 0.062, min= 0.814, max= 1.000
[03:13:01]   solar     : mean=-0.982, std= 0.035, min=-1.000, max=-0.888
[03:13:01]   diesel    : mean= 0.003, std= 0.958, min=-1.000, max= 1.000
[03:13:01]   battery   : mean= 0.903, std= 0.192, min=-0.160, max= 1.000
[03:13:01]   customer  : mean= 0.940, std= 0.063, min= 0.811, max= 1.000
[03:13:01] 
======================================================================
[03:13:01] Episode 89/200
[03:13:01] ======================================================================
[03:13:01] 总奖励: -2058.34 | 步数: 24
[03:13:01] 最近10个episodes平均: -2604.86
[03:13:01] 各Agent奖励:
[03:13:01]   wind      :    0.000
[03:13:01]   solar     : -303.395
[03:13:01]   diesel    : -1584.666
[03:13:01]   battery   :    0.000
[03:13:01]   customer  : -170.278
[03:13:01] Buffer大小:  2256
[03:13:01] 噪声水平: 0.0910
[03:13:01] 
动作统计:
[03:13:01]   wind      : mean= 0.956, std= 0.063, min= 0.801, max= 1.000
[03:13:01]   solar     : mean=-0.951, std= 0.054, min=-1.000, max=-0.830
[03:13:01]   diesel    : mean=-0.001, std= 0.969, min=-1.000, max= 1.000
[03:13:01]   battery   : mean= 0.900, std= 0.185, min=-0.145, max= 1.000
[03:13:01]   customer  : mean= 0.973, std= 0.038, min= 0.879, max= 1.000
[03:13:02] 
======================================================================
[03:13:02] Episode 90/200
[03:13:02] ======================================================================
[03:13:02] 总奖励: -2453.07 | 步数: 24
[03:13:02] 最近10个episodes平均: -2593.05
[03:13:02] 各Agent奖励:
[03:13:02]   wind      :    0.000
[03:13:02]   solar     : -1094.117
[03:13:02]   diesel    : -1192.709
[03:13:02]   battery   :    0.000
[03:13:02]   customer  : -166.244
[03:13:02] Buffer大小:  2280
[03:13:02] 噪声水平: 0.0909
[03:13:02] 
动作统计:
[03:13:02]   wind      : mean= 0.979, std= 0.044, min= 0.848, max= 1.000
[03:13:02]   solar     : mean=-0.954, std= 0.063, min=-1.000, max=-0.782
[03:13:02]   diesel    : mean= 0.003, std= 0.958, min=-1.000, max= 1.000
[03:13:02]   battery   : mean= 0.909, std= 0.193, min=-0.135, max= 1.000
[03:13:02]   customer  : mean= 0.964, std= 0.050, min= 0.847, max= 1.000
[03:13:02] 
📊 生成可视化图表...
[03:13:02]   ✓ 训练曲线: debug_plots/training_ep0090.png
[03:13:02]   ✓ Agent分析: debug_plots/agents_ep0090.png
[03:13:02] 
======================================================================
[03:13:02] Episode 91/200
[03:13:02] ======================================================================
[03:13:02] 总奖励: -2050.12 | 步数: 24
[03:13:02] 最近10个episodes平均: -2577.83
[03:13:02] 各Agent奖励:
[03:13:02]   wind      :    0.000
[03:13:02]   solar     : -310.543
[03:13:02]   diesel    : -1568.171
[03:13:02]   battery   :    0.000
[03:13:02]   customer  : -171.410
[03:13:02] Buffer大小:  2304
[03:13:02] 噪声水平: 0.0908
[03:13:02] 
动作统计:
[03:13:02]   wind      : mean= 0.960, std= 0.049, min= 0.842, max= 1.000
[03:13:02]   solar     : mean=-0.968, std= 0.046, min=-1.000, max=-0.807
[03:13:02]   diesel    : mean= 0.002, std= 0.965, min=-1.000, max= 1.000
[03:13:02]   battery   : mean= 0.919, std= 0.175, min=-0.092, max= 1.000
[03:13:02]   customer  : mean= 0.968, std= 0.044, min= 0.835, max= 1.000
[03:13:02] 
======================================================================
[03:13:02] Episode 92/200
[03:13:02] ======================================================================
[03:13:02] 总奖励: -4309.50 | 步数: 24
[03:13:02] 最近10个episodes平均: -2715.17
[03:13:02] 各Agent奖励:
[03:13:02]   wind      :    0.000
[03:13:02]   solar     : -742.186
[03:13:02]   diesel    : -3431.369
[03:13:02]   battery   :    0.000
[03:13:02]   customer  : -135.949
[03:13:02] Buffer大小:  2328
[03:13:02] 噪声水平: 0.0908
[03:13:02] 
动作统计:
[03:13:02]   wind      : mean= 0.979, std= 0.039, min= 0.870, max= 1.000
[03:13:02]   solar     : mean=-0.983, std= 0.031, min=-1.000, max=-0.893
[03:13:02]   diesel    : mean=-0.002, std= 0.961, min=-1.000, max= 1.000
[03:13:02]   battery   : mean= 0.900, std= 0.202, min=-0.214, max= 1.000
[03:13:02]   customer  : mean= 0.936, std= 0.077, min= 0.784, max= 1.000
[03:13:02] 
======================================================================
[03:13:02] Episode 93/200
[03:13:02] ======================================================================
[03:13:02] 总奖励: -5192.34 | 步数: 24
[03:13:02] 最近10个episodes平均: -2976.52
[03:13:02] 各Agent奖励:
[03:13:02]   wind      :    0.000
[03:13:02]   solar     : -2146.511
[03:13:02]   diesel    : -2912.248
[03:13:02]   battery   :    0.000
[03:13:02]   customer  : -133.581
[03:13:02] Buffer大小:  2352
[03:13:02] 噪声水平: 0.0907
[03:13:02] 
动作统计:
[03:13:02]   wind      : mean= 0.972, std= 0.054, min= 0.775, max= 1.000
[03:13:02]   solar     : mean=-0.968, std= 0.055, min=-1.000, max=-0.823
[03:13:02]   diesel    : mean= 0.005, std= 0.962, min=-1.000, max= 1.000
[03:13:02]   battery   : mean= 0.887, std= 0.214, min=-0.367, max= 1.000
[03:13:02]   customer  : mean= 0.919, std= 0.105, min= 0.678, max= 1.000
[03:13:03] 
======================================================================
[03:13:03] Episode 94/200
[03:13:03] ======================================================================
[03:13:03] 总奖励: -10474.66 | 步数: 24
[03:13:03] 最近10个episodes平均: -3732.53
[03:13:03] 各Agent奖励:
[03:13:03]   wind      :    0.000
[03:13:03]   solar     : -3215.858
[03:13:03]   diesel    : -7191.405
[03:13:03]   battery   :    0.000
[03:13:03]   customer  :  -67.397
[03:13:03] Buffer大小:  2376
[03:13:03] 噪声水平: 0.0906
[03:13:03] 
动作统计:
[03:13:03]   wind      : mean= 0.984, std= 0.028, min= 0.911, max= 1.000
[03:13:03]   solar     : mean=-0.968, std= 0.061, min=-1.000, max=-0.756
[03:13:03]   diesel    : mean= 0.008, std= 0.976, min=-1.000, max= 1.000
[03:13:03]   battery   : mean= 0.881, std= 0.236, min=-0.356, max= 1.000
[03:13:03]   customer  : mean= 0.833, std= 0.072, min= 0.652, max= 0.977
[03:13:03] 
======================================================================
[03:13:03] Episode 95/200
[03:13:03] ======================================================================
[03:13:03] 总奖励: -15536.63 | 步数: 24
[03:13:03] 最近10个episodes平均: -5159.77
[03:13:03] 各Agent奖励:
[03:13:03]   wind      :    0.000
[03:13:03]   solar     : -5160.613
[03:13:03]   diesel    : -10369.481
[03:13:03]   battery   :    0.000
[03:13:03]   customer  :   -6.536
[03:13:03] Buffer大小:  2400
[03:13:03] 噪声水平: 0.0905
[03:13:03] 
动作统计:
[03:13:03]   wind      : mean= 0.975, std= 0.032, min= 0.907, max= 1.000
[03:13:03]   solar     : mean=-0.971, std= 0.050, min=-1.000, max=-0.818
[03:13:03]   diesel    : mean=-0.008, std= 0.962, min=-1.000, max= 1.000
[03:13:03]   battery   : mean= 0.878, std= 0.214, min=-0.074, max= 1.000
[03:13:03]   customer  : mean= 0.749, std= 0.083, min= 0.575, max= 0.889
[03:13:03] 
======================================================================
[03:13:03] Episode 96/200
[03:13:03] ======================================================================
[03:13:03] 总奖励: -16605.53 | 步数: 24
[03:13:03] 最近10个episodes平均: -6473.27
[03:13:03] 各Agent奖励:
[03:13:03]   wind      :    0.000
[03:13:03]   solar     : -5958.435
[03:13:03]   diesel    : -10656.747
[03:13:03]   battery   :    0.000
[03:13:03]   customer  :    9.650
[03:13:03] Buffer大小:  2424
[03:13:03] 噪声水平: 0.0904
[03:13:03] 
动作统计:
[03:13:03]   wind      : mean= 0.967, std= 0.041, min= 0.832, max= 1.000
[03:13:03]   solar     : mean=-0.964, std= 0.057, min=-1.000, max=-0.776
[03:13:03]   diesel    : mean=-0.008, std= 0.951, min=-1.000, max= 1.000
[03:13:03]   battery   : mean= 0.864, std= 0.229, min=-0.135, max= 1.000
[03:13:03]   customer  : mean= 0.715, std= 0.118, min= 0.487, max= 0.930
[03:13:03] 
======================================================================
[03:13:03] Episode 97/200
[03:13:03] ======================================================================
[03:13:03] 总奖励: -21695.81 | 步数: 24
[03:13:03] 最近10个episodes平均: -8421.23
[03:13:03] 各Agent奖励:
[03:13:03]   wind      :    0.000
[03:13:03]   solar     : -5236.956
[03:13:03]   diesel    : -16529.720
[03:13:03]   battery   :    0.000
[03:13:03]   customer  :   70.870
[03:13:03] Buffer大小:  2448
[03:13:03] 噪声水平: 0.0903
[03:13:03] 
动作统计:
[03:13:03]   wind      : mean= 0.983, std= 0.031, min= 0.903, max= 1.000
[03:13:03]   solar     : mean=-0.976, std= 0.053, min=-1.000, max=-0.793
[03:13:03]   diesel    : mean= 0.006, std= 0.964, min=-1.000, max= 1.000
[03:13:03]   battery   : mean= 0.813, std= 0.302, min=-0.205, max= 1.000
[03:13:03]   customer  : mean= 0.643, std= 0.132, min= 0.328, max= 0.838
[03:13:03] 
======================================================================
[03:13:03] Episode 98/200
[03:13:03] ======================================================================
[03:13:03] 总奖励: -22203.17 | 步数: 24
[03:13:03] 最近10个episodes平均: -10257.92
[03:13:03] 各Agent奖励:
[03:13:03]   wind      :    0.000
[03:13:03]   solar     : -7945.641
[03:13:03]   diesel    : -14325.500
[03:13:03]   battery   :    0.000
[03:13:03]   customer  :   67.969
[03:13:03] Buffer大小:  2472
[03:13:03] 噪声水平: 0.0902
[03:13:03] 
动作统计:
[03:13:03]   wind      : mean= 0.961, std= 0.053, min= 0.813, max= 1.000
[03:13:03]   solar     : mean=-0.981, std= 0.032, min=-1.000, max=-0.890
[03:13:03]   diesel    : mean=-0.010, std= 0.974, min=-1.000, max= 1.000
[03:13:03]   battery   : mean= 0.796, std= 0.302, min=-0.236, max= 1.000
[03:13:03]   customer  : mean= 0.642, std= 0.166, min= 0.228, max= 0.945
[03:13:03] 
======================================================================
[03:13:03] Episode 99/200
[03:13:03] ======================================================================
[03:13:03] 总奖励: -27558.93 | 步数: 24
[03:13:03] 最近10个episodes平均: -12807.98
[03:13:03] 各Agent奖励:
[03:13:03]   wind      :    0.000
[03:13:03]   solar     : -6100.946
[03:13:03]   diesel    : -21596.329
[03:13:03]   battery   :    0.000
[03:13:03]   customer  :  138.341
[03:13:03] Buffer大小:  2496
[03:13:03] 噪声水平: 0.0901
[03:13:03] 
动作统计:
[03:13:03]   wind      : mean= 0.948, std= 0.072, min= 0.727, max= 1.000
[03:13:03]   solar     : mean=-0.980, std= 0.033, min=-1.000, max=-0.887
[03:13:03]   diesel    : mean=-0.010, std= 0.976, min=-1.000, max= 1.000
[03:13:03]   battery   : mean= 0.765, std= 0.353, min=-0.229, max= 1.000
[03:13:03]   customer  : mean= 0.576, std= 0.170, min= 0.188, max= 0.781
[03:13:04] 
======================================================================
[03:13:04] Episode 100/200
[03:13:04] ======================================================================
[03:13:04] 总奖励: -28029.93 | 步数: 24
[03:13:04] 最近10个episodes平均: -15365.66
[03:13:04] 各Agent奖励:
[03:13:04]   wind      :    0.000
[03:13:04]   solar     : -5256.176
[03:13:04]   diesel    : -22927.682
[03:13:04]   battery   :    0.000
[03:13:04]   customer  :  153.926
[03:13:04] Buffer大小:  2520
[03:13:04] 噪声水平: 0.0900
[03:13:04] 
动作统计:
[03:13:04]   wind      : mean= 0.965, std= 0.048, min= 0.872, max= 1.000
[03:13:04]   solar     : mean=-0.968, std= 0.047, min=-1.000, max=-0.809
[03:13:04]   diesel    : mean=-0.018, std= 0.968, min=-1.000, max= 1.000
[03:13:04]   battery   : mean= 0.757, std= 0.348, min=-0.169, max= 1.000
[03:13:04]   customer  : mean= 0.562, std= 0.166, min= 0.190, max= 0.867
[03:13:04] 
📊 生成可视化图表...
[03:13:04]   ✓ 训练曲线: debug_plots/training_ep0100.png
[03:13:04]   ✓ Agent分析: debug_plots/agents_ep0100.png
[03:13:04] 💾 保存检查点: debug_checkpoints/debug_maddpg_20251124_031242_ep0100.pt
[03:13:04] 
======================================================================
[03:13:04] Episode 101/200
[03:13:04] ======================================================================
[03:13:04] 总奖励: -27889.67 | 步数: 24
[03:13:04] 最近10个episodes平均: -17949.62
[03:13:04] 各Agent奖励:
[03:13:04]   wind      :    0.000
[03:13:04]   solar     : -4956.944
[03:13:04]   diesel    : -23095.486
[03:13:04]   battery   :    0.250
[03:13:04]   customer  :  162.511
[03:13:04] Buffer大小:  2544
[03:13:04] 噪声水平: 0.0899
[03:13:04] 
动作统计:
[03:13:04]   wind      : mean= 0.971, std= 0.038, min= 0.883, max= 1.000
[03:13:04]   solar     : mean=-0.969, std= 0.042, min=-1.000, max=-0.864
[03:13:04]   diesel    : mean= 0.005, std= 0.974, min=-1.000, max= 1.000
[03:13:04]   battery   : mean= 0.724, std= 0.363, min=-0.327, max= 1.000
[03:13:04]   customer  : mean= 0.507, std= 0.149, min= 0.176, max= 0.767
[03:13:04] 
======================================================================
[03:13:04] Episode 102/200
[03:13:04] ======================================================================
[03:13:04] 总奖励: -30849.90 | 步数: 24
[03:13:04] 最近10个episodes平均: -20603.66
[03:13:04] 各Agent奖励:
[03:13:04]   wind      :    0.000
[03:13:04]   solar     : -5389.948
[03:13:04]   diesel    : -25653.568
[03:13:04]   battery   :    0.000
[03:13:04]   customer  :  193.618
[03:13:04] Buffer大小:  2568
[03:13:04] 噪声水平: 0.0898
[03:13:04] 
动作统计:
[03:13:04]   wind      : mean= 0.960, std= 0.051, min= 0.802, max= 1.000
[03:13:04]   solar     : mean=-0.965, std= 0.043, min=-1.000, max=-0.856
[03:13:04]   diesel    : mean= 0.007, std= 0.966, min=-1.000, max= 1.000
[03:13:04]   battery   : mean= 0.720, std= 0.388, min=-0.315, max= 1.000
[03:13:04]   customer  : mean= 0.485, std= 0.179, min= 0.067, max= 0.792
[03:13:04] 
======================================================================
[03:13:04] Episode 103/200
[03:13:04] ======================================================================
[03:13:04] 总奖励: -33194.63 | 步数: 24
[03:13:04] 最近10个episodes平均: -23403.89
[03:13:04] 各Agent奖励:
[03:13:04]   wind      :    0.000
[03:13:04]   solar     : -8023.340
[03:13:04]   diesel    : -25386.627
[03:13:04]   battery   :    0.000
[03:13:04]   customer  :  215.338
[03:13:04] Buffer大小:  2592
[03:13:04] 噪声水平: 0.0898
[03:13:04] 
动作统计:
[03:13:04]   wind      : mean= 0.973, std= 0.042, min= 0.860, max= 1.000
[03:13:04]   solar     : mean=-0.974, std= 0.046, min=-1.000, max=-0.866
[03:13:04]   diesel    : mean= 0.005, std= 0.968, min=-1.000, max= 1.000
[03:13:04]   battery   : mean= 0.720, std= 0.368, min=-0.217, max= 1.000
[03:13:04]   customer  : mean= 0.455, std= 0.193, min= 0.064, max= 0.710
[03:13:05] 
======================================================================
[03:13:05] Episode 104/200
[03:13:05] ======================================================================
[03:13:05] 总奖励: -33123.76 | 步数: 24
[03:13:05] 最近10个episodes平均: -25668.80
[03:13:05] 各Agent奖励:
[03:13:05]   wind      :    0.000
[03:13:05]   solar     : -7314.470
[03:13:05]   diesel    : -26025.680
[03:13:05]   battery   :    0.000
[03:13:05]   customer  :  216.392
[03:13:05] Buffer大小:  2616
[03:13:05] 噪声水平: 0.0897
[03:13:05] 
动作统计:
[03:13:05]   wind      : mean= 0.971, std= 0.046, min= 0.856, max= 1.000
[03:13:05]   solar     : mean=-0.943, std= 0.071, min=-1.000, max=-0.741
[03:13:05]   diesel    : mean= 0.003, std= 0.967, min=-1.000, max= 1.000
[03:13:05]   battery   : mean= 0.746, std= 0.335, min=-0.101, max= 1.000
[03:13:05]   customer  : mean= 0.442, std= 0.196, min=-0.014, max= 0.703
[03:13:05] 
======================================================================
[03:13:05] Episode 105/200
[03:13:05] ======================================================================
[03:13:05] 总奖励: -34729.27 | 步数: 24
[03:13:05] 最近10个episodes平均: -27588.06
[03:13:05] 各Agent奖励:
[03:13:05]   wind      :    0.000
[03:13:05]   solar     : -5971.324
[03:13:05]   diesel    : -29002.383
[03:13:05]   battery   :    0.000
[03:13:05]   customer  :  244.435
[03:13:05] Buffer大小:  2640
[03:13:05] 噪声水平: 0.0896
[03:13:05] 
动作统计:
[03:13:05]   wind      : mean= 0.959, std= 0.058, min= 0.793, max= 1.000
[03:13:05]   solar     : mean=-0.956, std= 0.062, min=-1.000, max=-0.745
[03:13:05]   diesel    : mean= 0.006, std= 0.964, min=-1.000, max= 1.000
[03:13:05]   battery   : mean= 0.681, std= 0.385, min=-0.261, max= 1.000
[03:13:05]   customer  : mean= 0.415, std= 0.219, min=-0.056, max= 0.750
[03:13:05] 
======================================================================
[03:13:05] Episode 106/200
[03:13:05] ======================================================================
[03:13:05] 总奖励: -34357.96 | 步数: 24
[03:13:05] 最近10个episodes平均: -29363.30
[03:13:05] 各Agent奖励:
[03:13:05]   wind      :    0.000
[03:13:05]   solar     : -4393.029
[03:13:05]   diesel    : -30217.886
[03:13:05]   battery   :    1.152
[03:13:05]   customer  :  251.801
[03:13:05] Buffer大小:  2664
[03:13:05] 噪声水平: 0.0895
[03:13:05] 
动作统计:
[03:13:05]   wind      : mean= 0.966, std= 0.042, min= 0.873, max= 1.000
[03:13:05]   solar     : mean=-0.969, std= 0.041, min=-1.000, max=-0.876
[03:13:05]   diesel    : mean= 0.007, std= 0.973, min=-1.000, max= 1.000
[03:13:05]   battery   : mean= 0.683, std= 0.413, min=-0.251, max= 1.000
[03:13:05]   customer  : mean= 0.376, std= 0.185, min=-0.118, max= 0.642
[03:13:05] 
======================================================================
[03:13:05] Episode 107/200
[03:13:05] ======================================================================
[03:13:05] 总奖励: -37464.93 | 步数: 24
[03:13:05] 最近10个episodes平均: -30940.22
[03:13:05] 各Agent奖励:
[03:13:05]   wind      :    0.000
[03:13:05]   solar     : -7068.211
[03:13:05]   diesel    : -30676.857
[03:13:05]   battery   :    0.432
[03:13:05]   customer  :  279.707
[03:13:05] Buffer大小:  2688
[03:13:05] 噪声水平: 0.0894
[03:13:05] 
动作统计:
[03:13:05]   wind      : mean= 0.975, std= 0.040, min= 0.863, max= 1.000
[03:13:05]   solar     : mean=-0.974, std= 0.039, min=-1.000, max=-0.866
[03:13:05]   diesel    : mean=-0.002, std= 0.978, min=-1.000, max= 1.000
[03:13:05]   battery   : mean= 0.656, std= 0.419, min=-0.545, max= 1.000
[03:13:05]   customer  : mean= 0.348, std= 0.185, min=-0.116, max= 0.552
[03:13:05] 
======================================================================
[03:13:05] Episode 108/200
[03:13:05] ======================================================================
[03:13:05] 总奖励: -32114.03 | 步数: 24
[03:13:05] 最近10个episodes平均: -31931.30
[03:13:05] 各Agent奖励:
[03:13:05]   wind      :    0.000
[03:13:05]   solar     : -5980.099
[03:13:05]   diesel    : -26367.761
[03:13:05]   battery   :    1.959
[03:13:05]   customer  :  231.870
[03:13:05] Buffer大小:  2712
[03:13:05] 噪声水平: 0.0893
[03:13:05] 
动作统计:
[03:13:05]   wind      : mean= 0.950, std= 0.057, min= 0.810, max= 1.000
[03:13:05]   solar     : mean=-0.968, std= 0.043, min=-1.000, max=-0.837
[03:13:05]   diesel    : mean=-0.012, std= 0.961, min=-1.000, max= 1.000
[03:13:05]   battery   : mean= 0.677, std= 0.399, min=-0.175, max= 1.000
[03:13:05]   customer  : mean= 0.309, std= 0.201, min=-0.125, max= 0.607
[03:13:05] 
======================================================================
[03:13:05] Episode 109/200
[03:13:05] ======================================================================
[03:13:05] 总奖励: -33182.24 | 步数: 24
[03:13:05] 最近10个episodes平均: -32493.63
[03:13:05] 各Agent奖励:
[03:13:05]   wind      :    0.000
[03:13:05]   solar     : -10933.711
[03:13:05]   diesel    : -22485.831
[03:13:05]   battery   :    2.339
[03:13:05]   customer  :  234.961
[03:13:05] Buffer大小:  2736
[03:13:05] 噪声水平: 0.0892
[03:13:05] 
动作统计:
[03:13:05]   wind      : mean= 0.956, std= 0.049, min= 0.798, max= 1.000
[03:13:05]   solar     : mean=-0.976, std= 0.035, min=-1.000, max=-0.874
[03:13:05]   diesel    : mean=-0.006, std= 0.966, min=-1.000, max= 1.000
[03:13:05]   battery   : mean= 0.647, std= 0.424, min=-0.238, max= 1.000
[03:13:05]   customer  : mean= 0.283, std= 0.202, min=-0.162, max= 0.631
[03:13:06] 
======================================================================
[03:13:06] Episode 110/200
[03:13:06] ======================================================================
[03:13:06] 总奖励: -33605.57 | 步数: 24
[03:13:06] 最近10个episodes平均: -33051.20
[03:13:06] 各Agent奖励:
[03:13:06]   wind      :    0.000
[03:13:06]   solar     : -8077.803
[03:13:06]   diesel    : -25787.004
[03:13:06]   battery   :    2.758
[03:13:06]   customer  :  256.481
[03:13:06] Buffer大小:  2760
[03:13:06] 噪声水平: 0.0891
[03:13:06] 
动作统计:
[03:13:06]   wind      : mean= 0.963, std= 0.055, min= 0.802, max= 1.000
[03:13:06]   solar     : mean=-0.985, std= 0.033, min=-1.000, max=-0.852
[03:13:06]   diesel    : mean= 0.014, std= 0.968, min=-1.000, max= 1.000
[03:13:06]   battery   : mean= 0.642, std= 0.443, min=-0.365, max= 1.000
[03:13:06]   customer  : mean= 0.248, std= 0.178, min=-0.225, max= 0.478
[03:13:06] 
📊 生成可视化图表...
[03:13:06]   ✓ 训练曲线: debug_plots/training_ep0110.png
[03:13:06]   ✓ Agent分析: debug_plots/agents_ep0110.png
[03:13:06] 
======================================================================
[03:13:06] Episode 111/200
[03:13:06] ======================================================================
[03:13:06] 总奖励: -32812.29 | 步数: 24
[03:13:06] 最近10个episodes平均: -33543.46
[03:13:06] 各Agent奖励:
[03:13:06]   wind      :    0.000
[03:13:06]   solar     : -7112.949
[03:13:06]   diesel    : -25962.103
[03:13:06]   battery   :    8.891
[03:13:06]   customer  :  253.869
[03:13:06] Buffer大小:  2784
[03:13:06] 噪声水平: 0.0890
[03:13:06] 
动作统计:
[03:13:06]   wind      : mean= 0.950, std= 0.065, min= 0.765, max= 1.000
[03:13:06]   solar     : mean=-0.962, std= 0.054, min=-1.000, max=-0.816
[03:13:06]   diesel    : mean=-0.016, std= 0.969, min=-1.000, max= 1.000
[03:13:06]   battery   : mean= 0.771, std= 0.351, min=-0.419, max= 1.000
[03:13:06]   customer  : mean= 0.178, std= 0.210, min=-0.414, max= 0.492
[03:13:06] 
======================================================================
[03:13:06] Episode 112/200
[03:13:06] ======================================================================
[03:13:06] 总奖励: -29830.50 | 步数: 24
[03:13:06] 最近10个episodes平均: -33441.52
[03:13:06] 各Agent奖励:
[03:13:06]   wind      :    0.000
[03:13:06]   solar     : -8724.122
[03:13:06]   diesel    : -21331.264
[03:13:06]   battery   :    4.745
[03:13:06]   customer  :  220.136
[03:13:06] Buffer大小:  2808
[03:13:06] 噪声水平: 0.0890
[03:13:06] 
动作统计:
[03:13:06]   wind      : mean= 0.972, std= 0.044, min= 0.868, max= 1.000
[03:13:06]   solar     : mean=-0.957, std= 0.067, min=-1.000, max=-0.793
[03:13:06]   diesel    : mean=-0.007, std= 0.967, min=-1.000, max= 1.000
[03:13:06]   battery   : mean= 0.682, std= 0.408, min=-0.214, max= 1.000
[03:13:06]   customer  : mean= 0.182, std= 0.228, min=-0.259, max= 0.478
[03:13:06] 
======================================================================
[03:13:06] Episode 113/200
[03:13:06] ======================================================================
[03:13:06] 总奖励: -28350.13 | 步数: 24
[03:13:06] 最近10个episodes平均: -32957.07
[03:13:06] 各Agent奖励:
[03:13:06]   wind      :    0.000
[03:13:06]   solar     : -6704.071
[03:13:06]   diesel    : -21872.771
[03:13:06]   battery   :    7.502
[03:13:06]   customer  :  219.213
[03:13:06] Buffer大小:  2832
[03:13:06] 噪声水平: 0.0889
[03:13:06] 
动作统计:
[03:13:06]   wind      : mean= 0.942, std= 0.064, min= 0.785, max= 1.000
[03:13:06]   solar     : mean=-0.973, std= 0.037, min=-1.000, max=-0.881
[03:13:06]   diesel    : mean= 0.001, std= 0.954, min=-1.000, max= 1.000
[03:13:06]   battery   : mean= 0.751, std= 0.348, min=-0.242, max= 1.000
[03:13:06]   customer  : mean= 0.124, std= 0.223, min=-0.266, max= 0.410
[03:13:07] 
======================================================================
[03:13:07] Episode 114/200
[03:13:07] ======================================================================
[03:13:07] 总奖励: -22416.02 | 步数: 24
[03:13:07] 最近10个episodes平均: -31886.29
[03:13:07] 各Agent奖励:
[03:13:07]   wind      :    0.000
[03:13:07]   solar     : -7722.177
[03:13:07]   diesel    : -14856.292
[03:13:07]   battery   :    9.486
[03:13:07]   customer  :  152.968
[03:13:07] Buffer大小:  2856
[03:13:07] 噪声水平: 0.0888
[03:13:07] 
动作统计:
[03:13:07]   wind      : mean= 0.968, std= 0.049, min= 0.840, max= 1.000
[03:13:07]   solar     : mean=-0.953, std= 0.068, min=-1.000, max=-0.728
[03:13:07]   diesel    : mean= 0.139, std= 0.849, min=-0.833, max= 1.000
[03:13:07]   battery   : mean= 0.737, std= 0.355, min=-0.292, max= 1.000
[03:13:07]   customer  : mean= 0.089, std= 0.249, min=-0.426, max= 0.518
[03:13:07] 
======================================================================
[03:13:07] Episode 115/200
[03:13:07] ======================================================================
[03:13:07] 总奖励: 25092.72 | 步数: 24
[03:13:07] 最近10个episodes平均: -25904.09
[03:13:07] 各Agent奖励:
[03:13:07]   wind      : 2905.638
[03:13:07]   solar     : 2922.051
[03:13:07]   diesel    : 19537.174
[03:13:07]   battery   :    6.878
[03:13:07]   customer  : -279.019
[03:13:07] Buffer大小:  2880
[03:13:07] 噪声水平: 0.0887
[03:13:07] 
动作统计:
[03:13:07]   wind      : mean= 0.974, std= 0.041, min= 0.844, max= 1.000
[03:13:07]   solar     : mean=-0.965, std= 0.047, min=-1.000, max=-0.808
[03:13:07]   diesel    : mean= 0.528, std= 0.436, min=-0.029, max= 1.000
[03:13:07]   battery   : mean= 0.843, std= 0.287, min=-0.378, max= 1.000
[03:13:07]   customer  : mean= 0.072, std= 0.244, min=-0.435, max= 0.449
[03:13:07] 
======================================================================
[03:13:07] Episode 116/200
[03:13:07] ======================================================================
[03:13:07] 总奖励: 49668.87 | 步数: 24
[03:13:07] 最近10个episodes平均: -17501.41
[03:13:07] 各Agent奖励:
[03:13:07]   wind      : 2133.538
[03:13:07]   solar     : 11453.891
[03:13:07]   diesel    : 36581.548
[03:13:07]   battery   :   28.391
[03:13:07]   customer  : -528.496
[03:13:07] Buffer大小:  2904
[03:13:07] 噪声水平: 0.0886
[03:13:07] 
动作统计:
[03:13:07]   wind      : mean= 0.958, std= 0.061, min= 0.800, max= 1.000
[03:13:07]   solar     : mean=-0.960, std= 0.054, min=-1.000, max=-0.762
[03:13:07]   diesel    : mean= 0.832, std= 0.164, min= 0.566, max= 1.000
[03:13:07]   battery   : mean= 0.855, std= 0.296, min=-0.328, max= 1.000
[03:13:07]   customer  : mean= 0.064, std= 0.271, min=-0.496, max= 0.453
[03:13:07] 
======================================================================
[03:13:07] Episode 117/200
[03:13:07] ======================================================================
[03:13:07] 总奖励: 55059.33 | 步数: 24
[03:13:07] 最近10个episodes平均: -8248.99
[03:13:07] 各Agent奖励:
[03:13:07]   wind      : 5618.753
[03:13:07]   solar     : 12921.052
[03:13:07]   diesel    : 37067.220
[03:13:07]   battery   :   39.397
[03:13:07]   customer  : -587.095
[03:13:07] Buffer大小:  2928
[03:13:07] 噪声水平: 0.0885
[03:13:07] 
动作统计:
[03:13:07]   wind      : mean= 0.973, std= 0.042, min= 0.836, max= 1.000
[03:13:07]   solar     : mean=-0.958, std= 0.052, min=-1.000, max=-0.833
[03:13:07]   diesel    : mean= 0.915, std= 0.076, min= 0.726, max= 1.000
[03:13:07]   battery   : mean= 0.873, std= 0.296, min=-0.490, max= 1.000
[03:13:07]   customer  : mean= 0.077, std= 0.333, min=-0.531, max= 0.549
[03:13:07] 
======================================================================
[03:13:07] Episode 118/200
[03:13:07] ======================================================================
[03:13:07] 总奖励: 54821.13 | 步数: 24
[03:13:07] 最近10个episodes平均:   444.53
[03:13:07] 各Agent奖励:
[03:13:07]   wind      : 16525.191
[03:13:07]   solar     : 12802.478
[03:13:07]   diesel    : 26025.496
[03:13:07]   battery   :   37.522
[03:13:07]   customer  : -569.562
[03:13:07] Buffer大小:  2952
[03:13:07] 噪声水平: 0.0884
[03:13:07] 
动作统计:
[03:13:07]   wind      : mean= 0.957, std= 0.051, min= 0.836, max= 1.000
[03:13:07]   solar     : mean=-0.967, std= 0.053, min=-1.000, max=-0.814
[03:13:07]   diesel    : mean= 0.919, std= 0.077, min= 0.756, max= 1.000
[03:13:07]   battery   : mean= 0.857, std= 0.275, min=-0.321, max= 1.000
[03:13:07]   customer  : mean= 0.140, std= 0.298, min=-0.404, max= 0.667
[03:13:07] 
======================================================================
[03:13:07] Episode 119/200
[03:13:07] ======================================================================
[03:13:07] 总奖励: 54457.38 | 步数: 24
[03:13:07] 最近10个episodes平均:  9208.49
[03:13:07] 各Agent奖励:
[03:13:07]   wind      : 20849.818
[03:13:07]   solar     : 13819.563
[03:13:07]   diesel    : 20291.978
[03:13:07]   battery   :   43.729
[03:13:07]   customer  : -547.704
[03:13:07] Buffer大小:  2976
[03:13:07] 噪声水平: 0.0883
[03:13:07] 
动作统计:
[03:13:07]   wind      : mean= 0.955, std= 0.055, min= 0.821, max= 1.000
[03:13:07]   solar     : mean=-0.964, std= 0.049, min=-1.000, max=-0.790
[03:13:07]   diesel    : mean= 0.815, std= 0.171, min= 0.501, max= 1.000
[03:13:07]   battery   : mean= 0.889, std= 0.266, min=-0.343, max= 1.000
[03:13:07]   customer  : mean= 0.155, std= 0.309, min=-0.491, max= 0.623
[03:13:08] 
======================================================================
[03:13:08] Episode 120/200
[03:13:08] ======================================================================
[03:13:08] 总奖励: 49859.25 | 步数: 24
[03:13:08] 最近10个episodes平均: 17554.97
[03:13:08] 各Agent奖励:
[03:13:08]   wind      : 34823.550
[03:13:08]   solar     : 13238.688
[03:13:08]   diesel    : 2251.713
[03:13:08]   battery   :   32.096
[03:13:08]   customer  : -486.795
[03:13:08] Buffer大小:  3000
[03:13:08] 噪声水平: 0.0882
[03:13:08] 
动作统计:
[03:13:08]   wind      : mean= 0.956, std= 0.050, min= 0.840, max= 1.000
[03:13:08]   solar     : mean=-0.974, std= 0.042, min=-1.000, max=-0.842
[03:13:08]   diesel    : mean= 0.477, std= 0.458, min=-0.103, max= 1.000
[03:13:08]   battery   : mean= 0.888, std= 0.244, min=-0.328, max= 1.000
[03:13:08]   customer  : mean= 0.193, std= 0.284, min=-0.361, max= 0.745
[03:13:08] 
📊 生成可视化图表...
[03:13:08]   ✓ 训练曲线: debug_plots/training_ep0120.png
[03:13:08]   ✓ Agent分析: debug_plots/agents_ep0120.png
[03:13:08] 
======================================================================
[03:13:08] Episode 121/200
[03:13:08] ======================================================================
[03:13:08] 总奖励: 43580.17 | 步数: 24
[03:13:08] 最近10个episodes平均: 25194.22
[03:13:08] 各Agent奖励:
[03:13:08]   wind      : 32965.678
[03:13:08]   solar     : 11024.954
[03:13:08]   diesel    :    0.000
[03:13:08]   battery   :   18.768
[03:13:08]   customer  : -429.233
[03:13:08] Buffer大小:  3024
[03:13:08] 噪声水平: 0.0882
[03:13:08] 
动作统计:
[03:13:08]   wind      : mean= 0.969, std= 0.058, min= 0.746, max= 1.000
[03:13:08]   solar     : mean=-0.977, std= 0.045, min=-1.000, max=-0.789
[03:13:08]   diesel    : mean= 0.243, std= 0.733, min=-0.681, max= 1.000
[03:13:08]   battery   : mean= 0.908, std= 0.166, min= 0.161, max= 1.000
[03:13:08]   customer  : mean= 0.256, std= 0.264, min=-0.208, max= 0.684
[03:13:08] 
======================================================================
[03:13:08] Episode 122/200
[03:13:08] ======================================================================
[03:13:08] 总奖励: 42951.07 | 步数: 24
[03:13:08] 最近10个episodes平均: 32472.38
[03:13:08] 各Agent奖励:
[03:13:08]   wind      : 29024.765
[03:13:08]   solar     : 14370.059
[03:13:08]   diesel    :    0.000
[03:13:08]   battery   :   42.579
[03:13:08]   customer  : -486.333
[03:13:08] Buffer大小:  3048
[03:13:08] 噪声水平: 0.0881
[03:13:08] 
动作统计:
[03:13:08]   wind      : mean= 0.955, std= 0.051, min= 0.828, max= 1.000
[03:13:08]   solar     : mean=-0.957, std= 0.063, min=-1.000, max=-0.768
[03:13:08]   diesel    : mean= 0.101, std= 0.859, min=-0.970, max= 1.000
[03:13:08]   battery   : mean= 0.903, std= 0.217, min=-0.139, max= 1.000
[03:13:08]   customer  : mean= 0.217, std= 0.267, min=-0.340, max= 0.590
[03:13:08] 
======================================================================
[03:13:08] Episode 123/200
[03:13:08] ======================================================================
[03:13:08] 总奖励: 46587.84 | 步数: 24
[03:13:08] 最近10个episodes平均: 39966.17
[03:13:08] 各Agent奖励:
[03:13:08]   wind      : 31820.801
[03:13:08]   solar     : 15212.079
[03:13:08]   diesel    :    0.000
[03:13:08]   battery   :   37.032
[03:13:08]   customer  : -482.076
[03:13:08] Buffer大小:  3072
[03:13:08] 噪声水平: 0.0880
[03:13:08] 
动作统计:
[03:13:08]   wind      : mean= 0.966, std= 0.036, min= 0.895, max= 1.000
[03:13:08]   solar     : mean=-0.969, std= 0.037, min=-1.000, max=-0.860
[03:13:08]   diesel    : mean= 0.036, std= 0.930, min=-1.000, max= 1.000
[03:13:08]   battery   : mean= 0.912, std= 0.190, min=-0.003, max= 1.000
[03:13:08]   customer  : mean= 0.251, std= 0.261, min=-0.255, max= 0.646
[03:13:09] 
======================================================================
[03:13:09] Episode 124/200
[03:13:09] ======================================================================
[03:13:09] 总奖励: 47286.61 | 步数: 24
[03:13:09] 最近10个episodes平均: 46936.44
[03:13:09] 各Agent奖励:
[03:13:09]   wind      : 32850.451
[03:13:09]   solar     : 14884.552
[03:13:09]   diesel    :    0.000
[03:13:09]   battery   :   38.034
[03:13:09]   customer  : -486.425
[03:13:09] Buffer大小:  3096
[03:13:09] 噪声水平: 0.0879
[03:13:09] 
动作统计:
[03:13:09]   wind      : mean= 0.966, std= 0.054, min= 0.827, max= 1.000
[03:13:09]   solar     : mean=-0.975, std= 0.047, min=-1.000, max=-0.787
[03:13:09]   diesel    : mean= 0.019, std= 0.957, min=-1.000, max= 1.000
[03:13:09]   battery   : mean= 0.891, std= 0.182, min=-0.108, max= 1.000
[03:13:09]   customer  : mean= 0.246, std= 0.232, min=-0.202, max= 0.568
[03:13:09] 
======================================================================
[03:13:09] Episode 125/200
[03:13:09] ======================================================================
[03:13:09] 总奖励: 47222.62 | 步数: 24
[03:13:09] 最近10个episodes平均: 49149.43
[03:13:09] 各Agent奖励:
[03:13:09]   wind      : 33139.149
[03:13:09]   solar     : 14505.275
[03:13:09]   diesel    :    0.000
[03:13:09]   battery   :   30.435
[03:13:09]   customer  : -452.244
[03:13:09] Buffer大小:  3120
[03:13:09] 噪声水平: 0.0878
[03:13:09] 
动作统计:
[03:13:09]   wind      : mean= 0.959, std= 0.052, min= 0.827, max= 1.000
[03:13:09]   solar     : mean=-0.969, std= 0.044, min=-1.000, max=-0.838
[03:13:09]   diesel    : mean= 0.023, std= 0.954, min=-1.000, max= 1.000
[03:13:09]   battery   : mean= 0.883, std= 0.220, min=-0.235, max= 1.000
[03:13:09]   customer  : mean= 0.296, std= 0.215, min=-0.110, max= 0.641
[03:13:09] 
======================================================================
[03:13:09] Episode 126/200
[03:13:09] ======================================================================
[03:13:09] 总奖励: 47463.46 | 步数: 24
[03:13:09] 最近10个episodes平均: 48928.89
[03:13:09] 各Agent奖励:
[03:13:09]   wind      : 33487.545
[03:13:09]   solar     : 14400.773
[03:13:09]   diesel    :    0.000
[03:13:09]   battery   :   11.101
[03:13:09]   customer  : -435.959
[03:13:09] Buffer大小:  3144
[03:13:09] 噪声水平: 0.0877
[03:13:09] 
动作统计:
[03:13:09]   wind      : mean= 0.962, std= 0.066, min= 0.692, max= 1.000
[03:13:09]   solar     : mean=-0.973, std= 0.041, min=-1.000, max=-0.859
[03:13:09]   diesel    : mean= 0.002, std= 0.960, min=-1.000, max= 1.000
[03:13:09]   battery   : mean= 0.835, std= 0.302, min=-0.343, max= 1.000
[03:13:09]   customer  : mean= 0.265, std= 0.231, min=-0.162, max= 0.678
[03:13:09] 
======================================================================
[03:13:09] Episode 127/200
[03:13:09] ======================================================================
[03:13:09] 总奖励: 41981.48 | 步数: 24
[03:13:09] 最近10个episodes平均: 47621.10
[03:13:09] 各Agent奖励:
[03:13:09]   wind      : 28602.927
[03:13:09]   solar     : 13790.067
[03:13:09]   diesel    :    0.000
[03:13:09]   battery   :   13.419
[03:13:09]   customer  : -424.938
[03:13:09] Buffer大小:  3168
[03:13:09] 噪声水平: 0.0876
[03:13:09] 
动作统计:
[03:13:09]   wind      : mean= 0.956, std= 0.057, min= 0.801, max= 1.000
[03:13:09]   solar     : mean=-0.963, std= 0.045, min=-1.000, max=-0.858
[03:13:09]   diesel    : mean= 0.006, std= 0.967, min=-1.000, max= 1.000
[03:13:09]   battery   : mean= 0.806, std= 0.324, min=-0.362, max= 1.000
[03:13:09]   customer  : mean= 0.314, std= 0.235, min=-0.103, max= 0.738
[03:13:09] 
======================================================================
[03:13:09] Episode 128/200
[03:13:09] ======================================================================
[03:13:09] 总奖励: 47131.42 | 步数: 24
[03:13:09] 最近10个episodes平均: 46852.13
[03:13:09] 各Agent奖励:
[03:13:09]   wind      : 32779.523
[03:13:09]   solar     : 14771.727
[03:13:09]   diesel    :    0.000
[03:13:09]   battery   :    4.202
[03:13:09]   customer  : -424.037
[03:13:09] Buffer大小:  3192
[03:13:09] 噪声水平: 0.0875
[03:13:09] 
动作统计:
[03:13:09]   wind      : mean= 0.967, std= 0.049, min= 0.831, max= 1.000
[03:13:09]   solar     : mean=-0.967, std= 0.054, min=-1.000, max=-0.832
[03:13:09]   diesel    : mean= 0.016, std= 0.953, min=-1.000, max= 1.000
[03:13:09]   battery   : mean= 0.774, std= 0.343, min=-0.592, max= 1.000
[03:13:09]   customer  : mean= 0.284, std= 0.220, min=-0.132, max= 0.616
[03:13:09] 
======================================================================
[03:13:09] Episode 129/200
[03:13:09] ======================================================================
[03:13:09] 总奖励: 40974.75 | 步数: 24
[03:13:09] 最近10个episodes平均: 45503.87
[03:13:09] 各Agent奖励:
[03:13:09]   wind      : 27340.917
[03:13:09]   solar     : 14038.526
[03:13:09]   diesel    :    0.000
[03:13:09]   battery   :    5.327
[03:13:09]   customer  : -410.023
[03:13:09] Buffer大小:  3216
[03:13:09] 噪声水平: 0.0875
[03:13:09] 
动作统计:
[03:13:09]   wind      : mean= 0.974, std= 0.046, min= 0.822, max= 1.000
[03:13:09]   solar     : mean=-0.975, std= 0.047, min=-1.000, max=-0.818
[03:13:09]   diesel    : mean= 0.001, std= 0.956, min=-1.000, max= 1.000
[03:13:09]   battery   : mean= 0.768, std= 0.369, min=-0.428, max= 1.000
[03:13:09]   customer  : mean= 0.330, std= 0.252, min=-0.156, max= 0.808
[03:13:10] 
======================================================================
[03:13:10] Episode 130/200
[03:13:10] ======================================================================
[03:13:10] 总奖励: 43409.88 | 步数: 24
[03:13:10] 最近10个episodes平均: 44858.93
[03:13:10] 各Agent奖励:
[03:13:10]   wind      : 29912.563
[03:13:10]   solar     : 13899.937
[03:13:10]   diesel    :    0.000
[03:13:10]   battery   :   21.521
[03:13:10]   customer  : -424.136
[03:13:10] Buffer大小:  3240
[03:13:10] 噪声水平: 0.0874
[03:13:10] 
动作统计:
[03:13:10]   wind      : mean= 0.948, std= 0.054, min= 0.842, max= 1.000
[03:13:10]   solar     : mean=-0.962, std= 0.056, min=-1.000, max=-0.784
[03:13:10]   diesel    : mean= 0.013, std= 0.977, min=-1.000, max= 1.000
[03:13:10]   battery   : mean= 0.782, std= 0.317, min=-0.303, max= 1.000
[03:13:10]   customer  : mean= 0.304, std= 0.197, min=-0.112, max= 0.605
[03:13:10] 
📊 生成可视化图表...
[03:13:10]   ✓ 训练曲线: debug_plots/training_ep0130.png
[03:13:10]   ✓ Agent分析: debug_plots/agents_ep0130.png
[03:13:10] 
======================================================================
[03:13:10] Episode 131/200
[03:13:10] ======================================================================
[03:13:10] 总奖励: 41618.22 | 步数: 24
[03:13:10] 最近10个episodes平均: 44662.73
[03:13:10] 各Agent奖励:
[03:13:10]   wind      : 27789.068
[03:13:10]   solar     : 14233.446
[03:13:10]   diesel    :    0.000
[03:13:10]   battery   :   20.168
[03:13:10]   customer  : -424.464
[03:13:10] Buffer大小:  3264
[03:13:10] 噪声水平: 0.0873
[03:13:10] 
动作统计:
[03:13:10]   wind      : mean= 0.954, std= 0.057, min= 0.771, max= 1.000
[03:13:10]   solar     : mean=-0.959, std= 0.053, min=-1.000, max=-0.796
[03:13:10]   diesel    : mean= 0.003, std= 0.952, min=-1.000, max= 1.000
[03:13:10]   battery   : mean= 0.815, std= 0.294, min=-0.051, max= 1.000
[03:13:10]   customer  : mean= 0.325, std= 0.211, min=-0.083, max= 0.694
[03:13:10] 
======================================================================
[03:13:10] Episode 132/200
[03:13:10] ======================================================================
[03:13:10] 总奖励: 40338.31 | 步数: 24
[03:13:10] 最近10个episodes平均: 44401.46
[03:13:10] 各Agent奖励:
[03:13:10]   wind      : 26678.994
[03:13:10]   solar     : 14053.422
[03:13:10]   diesel    :    0.000
[03:13:10]   battery   :   15.370
[03:13:10]   customer  : -409.472
[03:13:10] Buffer大小:  3288
[03:13:10] 噪声水平: 0.0872
[03:13:10] 
动作统计:
[03:13:10]   wind      : mean= 0.956, std= 0.068, min= 0.744, max= 1.000
[03:13:10]   solar     : mean=-0.947, std= 0.060, min=-1.000, max=-0.786
[03:13:10]   diesel    : mean= 0.002, std= 0.963, min=-1.000, max= 1.000
[03:13:10]   battery   : mean= 0.869, std= 0.242, min= 0.063, max= 1.000
[03:13:10]   customer  : mean= 0.346, std= 0.205, min=-0.141, max= 0.691
[03:13:11] 
======================================================================
[03:13:11] Episode 133/200
[03:13:11] ======================================================================
[03:13:11] 总奖励: 34601.98 | 步数: 24
[03:13:11] 最近10个episodes平均: 43202.87
[03:13:11] 各Agent奖励:
[03:13:11]   wind      : 24671.161
[03:13:11]   solar     : 10312.071
[03:13:11]   diesel    :    0.000
[03:13:11]   battery   :   26.032
[03:13:11]   customer  : -407.280
[03:13:11] Buffer大小:  3312
[03:13:11] 噪声水平: 0.0871
[03:13:11] 
动作统计:
[03:13:11]   wind      : mean= 0.962, std= 0.049, min= 0.828, max= 1.000
[03:13:11]   solar     : mean=-0.965, std= 0.052, min=-1.000, max=-0.808
[03:13:11]   diesel    : mean= 0.005, std= 0.966, min=-1.000, max= 1.000
[03:13:11]   battery   : mean= 0.869, std= 0.213, min=-0.064, max= 1.000
[03:13:11]   customer  : mean= 0.344, std= 0.241, min=-0.025, max= 0.882
[03:13:11] 
======================================================================
[03:13:11] Episode 134/200
[03:13:11] ======================================================================
[03:13:11] 总奖励: 38125.95 | 步数: 24
[03:13:11] 最近10个episodes平均: 42286.81
[03:13:11] 各Agent奖励:
[03:13:11]   wind      : 24413.392
[03:13:11]   solar     : 14109.653
[03:13:11]   diesel    :    0.000
[03:13:11]   battery   :   30.626
[03:13:11]   customer  : -427.720
[03:13:11] Buffer大小:  3336
[03:13:11] 噪声水平: 0.0870
[03:13:11] 
动作统计:
[03:13:11]   wind      : mean= 0.958, std= 0.052, min= 0.835, max= 1.000
[03:13:11]   solar     : mean=-0.963, std= 0.051, min=-1.000, max=-0.827
[03:13:11]   diesel    : mean= 0.004, std= 0.978, min=-1.000, max= 1.000
[03:13:11]   battery   : mean= 0.895, std= 0.187, min= 0.121, max= 1.000
[03:13:11]   customer  : mean= 0.381, std= 0.207, min=-0.001, max= 0.675
[03:13:11] 
======================================================================
[03:13:11] Episode 135/200
[03:13:11] ======================================================================
[03:13:11] 总奖励: 41232.21 | 步数: 24
[03:13:11] 最近10个episodes平均: 41687.77
[03:13:11] 各Agent奖励:
[03:13:11]   wind      : 27183.870
[03:13:11]   solar     : 14437.866
[03:13:11]   diesel    :    0.000
[03:13:11]   battery   :   34.121
[03:13:11]   customer  : -423.648
[03:13:11] Buffer大小:  3360
[03:13:11] 噪声水平: 0.0869
[03:13:11] 
动作统计:
[03:13:11]   wind      : mean= 0.955, std= 0.060, min= 0.803, max= 1.000
[03:13:11]   solar     : mean=-0.952, std= 0.062, min=-1.000, max=-0.793
[03:13:11]   diesel    : mean= 0.006, std= 0.969, min=-1.000, max= 1.000
[03:13:11]   battery   : mean= 0.922, std= 0.119, min= 0.485, max= 1.000
[03:13:11]   customer  : mean= 0.386, std= 0.182, min= 0.013, max= 0.690
[03:13:11] 
======================================================================
[03:13:11] Episode 136/200
[03:13:11] ======================================================================
[03:13:11] 总奖励: 33274.20 | 步数: 24
[03:13:11] 最近10个episodes平均: 40268.84
[03:13:11] 各Agent奖励:
[03:13:11]   wind      : 25143.484
[03:13:11]   solar     : 8474.261
[03:13:11]   diesel    :    0.000
[03:13:11]   battery   :   40.400
[03:13:11]   customer  : -383.948
[03:13:11] Buffer大小:  3384
[03:13:11] 噪声水平: 0.0868
[03:13:11] 
动作统计:
[03:13:11]   wind      : mean= 0.954, std= 0.060, min= 0.767, max= 1.000
[03:13:11]   solar     : mean=-0.877, std= 0.088, min=-1.000, max=-0.725
[03:13:11]   diesel    : mean= 0.000, std= 0.965, min=-1.000, max= 1.000
[03:13:11]   battery   : mean= 0.958, std= 0.069, min= 0.684, max= 1.000
[03:13:11]   customer  : mean= 0.412, std= 0.185, min= 0.027, max= 0.748
[03:13:11] 
======================================================================
[03:13:11] Episode 137/200
[03:13:11] ======================================================================
[03:13:11] 总奖励: 46322.75 | 步数: 24
[03:13:11] 最近10个episodes平均: 40702.97
[03:13:11] 各Agent奖励:
[03:13:11]   wind      : 32171.686
[03:13:11]   solar     : 14557.671
[03:13:11]   diesel    :    0.000
[03:13:11]   battery   :   39.426
[03:13:11]   customer  : -446.038
[03:13:11] Buffer大小:  3408
[03:13:11] 噪声水平: 0.0868
[03:13:11] 
动作统计:
[03:13:11]   wind      : mean= 0.975, std= 0.038, min= 0.869, max= 1.000
[03:13:11]   solar     : mean=-0.760, std= 0.108, min=-0.932, max=-0.520
[03:13:11]   diesel    : mean= 0.006, std= 0.975, min=-1.000, max= 1.000
[03:13:11]   battery   : mean= 0.960, std= 0.053, min= 0.799, max= 1.000
[03:13:11]   customer  : mean= 0.357, std= 0.199, min=-0.011, max= 0.734
[03:13:11] 
======================================================================
[03:13:11] Episode 138/200
[03:13:11] ======================================================================
[03:13:11] 总奖励: 36148.92 | 步数: 24
[03:13:11] 最近10个episodes平均: 39604.72
[03:13:11] 各Agent奖励:
[03:13:11]   wind      : 25131.556
[03:13:11]   solar     : 11388.097
[03:13:11]   diesel    :    0.000
[03:13:11]   battery   :   44.089
[03:13:11]   customer  : -414.821
[03:13:11] Buffer大小:  3432
[03:13:11] 噪声水平: 0.0867
[03:13:11] 
动作统计:
[03:13:11]   wind      : mean= 0.955, std= 0.058, min= 0.781, max= 1.000
[03:13:11]   solar     : mean=-0.499, std= 0.115, min=-0.742, max=-0.245
[03:13:11]   diesel    : mean= 0.005, std= 0.969, min=-1.000, max= 1.000
[03:13:11]   battery   : mean= 0.966, std= 0.048, min= 0.840, max= 1.000
[03:13:11]   customer  : mean= 0.378, std= 0.199, min= 0.008, max= 0.759
[03:13:11] 
======================================================================
[03:13:11] Episode 139/200
[03:13:11] ======================================================================
[03:13:11] 总奖励: 38804.71 | 步数: 24
[03:13:11] 最近10个episodes平均: 39387.71
[03:13:11] 各Agent奖励:
[03:13:11]   wind      : 24886.593
[03:13:11]   solar     : 14316.347
[03:13:11]   diesel    :    0.000
[03:13:11]   battery   :   45.006
[03:13:11]   customer  : -443.234
[03:13:11] Buffer大小:  3456
[03:13:11] 噪声水平: 0.0866
[03:13:11] 
动作统计:
[03:13:11]   wind      : mean= 0.972, std= 0.053, min= 0.771, max= 1.000
[03:13:11]   solar     : mean=-0.119, std= 0.092, min=-0.325, max= 0.068
[03:13:11]   diesel    : mean= 0.008, std= 0.956, min=-1.000, max= 1.000
[03:13:11]   battery   : mean= 0.957, std= 0.050, min= 0.825, max= 1.000
[03:13:11]   customer  : mean= 0.380, std= 0.196, min= 0.029, max= 0.749
[03:13:12] 
======================================================================
[03:13:12] Episode 140/200
[03:13:12] ======================================================================
[03:13:12] 总奖励: 38843.97 | 步数: 24
[03:13:12] 最近10个episodes平均: 38931.12
[03:13:12] 各Agent奖励:
[03:13:12]   wind      : 25503.526
[03:13:12]   solar     : 13742.378
[03:13:12]   diesel    :    0.000
[03:13:12]   battery   :   44.020
[03:13:12]   customer  : -445.953
[03:13:12] Buffer大小:  3480
[03:13:12] 噪声水平: 0.0865
[03:13:12] 
动作统计:
[03:13:12]   wind      : mean= 0.960, std= 0.050, min= 0.850, max= 1.000
[03:13:12]   solar     : mean= 0.294, std= 0.099, min= 0.080, max= 0.475
[03:13:12]   diesel    : mean=-0.009, std= 0.951, min=-1.000, max= 1.000
[03:13:12]   battery   : mean= 0.964, std= 0.053, min= 0.798, max= 1.000
[03:13:12]   customer  : mean= 0.400, std= 0.213, min=-0.023, max= 0.752
[03:13:12] 
📊 生成可视化图表...
[03:13:12]   ✓ 训练曲线: debug_plots/training_ep0140.png
[03:13:12]   ✓ Agent分析: debug_plots/agents_ep0140.png
[03:13:12] 
======================================================================
[03:13:12] Episode 141/200
[03:13:12] ======================================================================
[03:13:12] 总奖励: 38029.30 | 步数: 24
[03:13:12] 最近10个episodes平均: 38572.23
[03:13:12] 各Agent奖励:
[03:13:12]   wind      : 23959.972
[03:13:12]   solar     : 14459.830
[03:13:12]   diesel    :    0.000
[03:13:12]   battery   :   43.261
[03:13:12]   customer  : -433.765
[03:13:12] Buffer大小:  3504
[03:13:12] 噪声水平: 0.0864
[03:13:12] 
动作统计:
[03:13:12]   wind      : mean= 0.975, std= 0.037, min= 0.879, max= 1.000
[03:13:12]   solar     : mean= 0.571, std= 0.093, min= 0.355, max= 0.740
[03:13:12]   diesel    : mean= 0.002, std= 0.966, min=-1.000, max= 1.000
[03:13:12]   battery   : mean= 0.969, std= 0.041, min= 0.842, max= 1.000
[03:13:12]   customer  : mean= 0.385, std= 0.188, min= 0.032, max= 0.718
[03:13:12] 
======================================================================
[03:13:12] Episode 142/200
[03:13:12] ======================================================================
[03:13:12] 总奖励: 33317.91 | 步数: 24
[03:13:12] 最近10个episodes平均: 37870.19
[03:13:12] 各Agent奖励:
[03:13:12]   wind      : 19693.768
[03:13:12]   solar     : 14015.230
[03:13:12]   diesel    :    0.000
[03:13:12]   battery   :   44.303
[03:13:12]   customer  : -435.393
[03:13:12] Buffer大小:  3528
[03:13:12] 噪声水平: 0.0863
[03:13:12] 
动作统计:
[03:13:12]   wind      : mean= 0.970, std= 0.041, min= 0.872, max= 1.000
[03:13:12]   solar     : mean= 0.725, std= 0.098, min= 0.558, max= 0.896
[03:13:12]   diesel    : mean=-0.005, std= 0.970, min=-1.000, max= 1.000
[03:13:12]   battery   : mean= 0.967, std= 0.045, min= 0.843, max= 1.000
[03:13:12]   customer  : mean= 0.376, std= 0.224, min=-0.044, max= 0.748
[03:13:13] 
======================================================================
[03:13:13] Episode 143/200
[03:13:13] ======================================================================
[03:13:13] 总奖励: 40576.19 | 步数: 24
[03:13:13] 最近10个episodes平均: 38467.61
[03:13:13] 各Agent奖励:
[03:13:13]   wind      : 28395.776
[03:13:13]   solar     : 12587.773
[03:13:13]   diesel    :    0.000
[03:13:13]   battery   :   41.738
[03:13:13]   customer  : -449.093
[03:13:13] Buffer大小:  3552
[03:13:13] 噪声水平: 0.0862
[03:13:13] 
动作统计:
[03:13:13]   wind      : mean= 0.964, std= 0.057, min= 0.820, max= 1.000
[03:13:13]   solar     : mean= 0.844, std= 0.084, min= 0.670, max= 1.000
[03:13:13]   diesel    : mean= 0.009, std= 0.962, min=-1.000, max= 1.000
[03:13:13]   battery   : mean= 0.963, std= 0.055, min= 0.765, max= 1.000
[03:13:13]   customer  : mean= 0.387, std= 0.191, min=-0.021, max= 0.745
[03:13:13] 
======================================================================
[03:13:13] Episode 144/200
[03:13:13] ======================================================================
[03:13:13] 总奖励: 41291.50 | 步数: 24
[03:13:13] 最近10个episodes平均: 38784.17
[03:13:13] 各Agent奖励:
[03:13:13]   wind      : 32490.512
[03:13:13]   solar     : 9188.273
[03:13:13]   diesel    :    0.000
[03:13:13]   battery   :   40.443
[03:13:13]   customer  : -427.728
[03:13:13] Buffer大小:  3576
[03:13:13] 噪声水平: 0.0862
[03:13:13] 
动作统计:
[03:13:13]   wind      : mean= 0.972, std= 0.038, min= 0.870, max= 1.000
[03:13:13]   solar     : mean= 0.891, std= 0.097, min= 0.683, max= 1.000
[03:13:13]   diesel    : mean= 0.002, std= 0.982, min=-1.000, max= 1.000
[03:13:13]   battery   : mean= 0.964, std= 0.058, min= 0.775, max= 1.000
[03:13:13]   customer  : mean= 0.404, std= 0.192, min=-0.017, max= 0.738
[03:13:13] 
======================================================================
[03:13:13] Episode 145/200
[03:13:13] ======================================================================
[03:13:13] 总奖励: 40051.02 | 步数: 24
[03:13:13] 最近10个episodes平均: 38666.05
[03:13:13] 各Agent奖励:
[03:13:13]   wind      : 28648.808
[03:13:13]   solar     : 11782.626
[03:13:13]   diesel    :    0.000
[03:13:13]   battery   :   42.849
[03:13:13]   customer  : -423.261
[03:13:13] Buffer大小:  3600
[03:13:13] 噪声水平: 0.0861
[03:13:13] 
动作统计:
[03:13:13]   wind      : mean= 0.967, std= 0.044, min= 0.835, max= 1.000
[03:13:13]   solar     : mean= 0.925, std= 0.074, min= 0.723, max= 1.000
[03:13:13]   diesel    : mean= 0.006, std= 0.975, min=-1.000, max= 1.000
[03:13:13]   battery   : mean= 0.961, std= 0.053, min= 0.810, max= 1.000
[03:13:13]   customer  : mean= 0.421, std= 0.185, min=-0.012, max= 0.788
[03:13:13] 
======================================================================
[03:13:13] Episode 146/200
[03:13:13] ======================================================================
[03:13:13] 总奖励: 42042.23 | 步数: 24
[03:13:13] 最近10个episodes平均: 39542.85
[03:13:13] 各Agent奖励:
[03:13:13]   wind      : 31119.434
[03:13:13]   solar     : 11333.706
[03:13:13]   diesel    :    0.000
[03:13:13]   battery   :   44.047
[03:13:13]   customer  : -454.957
[03:13:13] Buffer大小:  3624
[03:13:13] 噪声水平: 0.0860
[03:13:13] 
动作统计:
[03:13:13]   wind      : mean= 0.964, std= 0.042, min= 0.842, max= 1.000
[03:13:13]   solar     : mean= 0.901, std= 0.087, min= 0.708, max= 1.000
[03:13:13]   diesel    : mean=-0.007, std= 0.959, min=-1.000, max= 1.000
[03:13:13]   battery   : mean= 0.967, std= 0.057, min= 0.713, max= 1.000
[03:13:13]   customer  : mean= 0.371, std= 0.181, min= 0.006, max= 0.692
[03:13:13] 
======================================================================
[03:13:13] Episode 147/200
[03:13:13] ======================================================================
[03:13:13] 总奖励: 40056.89 | 步数: 24
[03:13:13] 最近10个episodes平均: 38916.27
[03:13:13] 各Agent奖励:
[03:13:13]   wind      : 28808.780
[03:13:13]   solar     : 11642.722
[03:13:13]   diesel    :    0.000
[03:13:13]   battery   :   44.801
[03:13:13]   customer  : -439.409
[03:13:13] Buffer大小:  3648
[03:13:13] 噪声水平: 0.0859
[03:13:13] 
动作统计:
[03:13:13]   wind      : mean= 0.968, std= 0.044, min= 0.872, max= 1.000
[03:13:13]   solar     : mean= 0.935, std= 0.071, min= 0.798, max= 1.000
[03:13:13]   diesel    : mean=-0.012, std= 0.963, min=-1.000, max= 1.000
[03:13:13]   battery   : mean= 0.967, std= 0.047, min= 0.810, max= 1.000
[03:13:13]   customer  : mean= 0.406, std= 0.200, min= 0.038, max= 0.741
[03:13:13] 
======================================================================
[03:13:13] Episode 148/200
[03:13:13] ======================================================================
[03:13:13] 总奖励: 38467.19 | 步数: 24
[03:13:13] 最近10个episodes平均: 39148.09
[03:13:13] 各Agent奖励:
[03:13:13]   wind      : 29705.785
[03:13:13]   solar     : 9158.950
[03:13:13]   diesel    :    0.000
[03:13:13]   battery   :   41.390
[03:13:13]   customer  : -438.934
[03:13:13] Buffer大小:  3672
[03:13:13] 噪声水平: 0.0858
[03:13:13] 
动作统计:
[03:13:13]   wind      : mean= 0.970, std= 0.037, min= 0.887, max= 1.000
[03:13:13]   solar     : mean= 0.952, std= 0.051, min= 0.845, max= 1.000
[03:13:13]   diesel    : mean= 0.002, std= 0.967, min=-1.000, max= 1.000
[03:13:13]   battery   : mean= 0.971, std= 0.041, min= 0.864, max= 1.000
[03:13:13]   customer  : mean= 0.397, std= 0.155, min= 0.076, max= 0.635
[03:13:13] 
======================================================================
[03:13:13] Episode 149/200
[03:13:13] ======================================================================
[03:13:13] 总奖励: 33983.19 | 步数: 24
[03:13:13] 最近10个episodes平均: 38665.94
[03:13:13] 各Agent奖励:
[03:13:13]   wind      : 26645.043
[03:13:13]   solar     : 7725.906
[03:13:13]   diesel    :    0.000
[03:13:13]   battery   :   45.546
[03:13:13]   customer  : -433.301
[03:13:13] Buffer大小:  3696
[03:13:13] 噪声水平: 0.0857
[03:13:13] 
动作统计:
[03:13:13]   wind      : mean= 0.960, std= 0.058, min= 0.815, max= 1.000
[03:13:13]   solar     : mean= 0.945, std= 0.065, min= 0.807, max= 1.000
[03:13:13]   diesel    : mean= 0.003, std= 0.965, min=-1.000, max= 1.000
[03:13:13]   battery   : mean= 0.972, std= 0.057, min= 0.757, max= 1.000
[03:13:13]   customer  : mean= 0.427, std= 0.176, min= 0.130, max= 0.692
[03:13:14] 
======================================================================
[03:13:14] Episode 150/200
[03:13:14] ======================================================================
[03:13:14] 总奖励: 39993.65 | 步数: 24
[03:13:14] 最近10个episodes平均: 38780.91
[03:13:14] 各Agent奖励:
[03:13:14]   wind      : 31266.567
[03:13:14]   solar     : 9114.187
[03:13:14]   diesel    :    0.000
[03:13:14]   battery   :   44.629
[03:13:14]   customer  : -431.731
[03:13:14] Buffer大小:  3720
[03:13:14] 噪声水平: 0.0856
[03:13:14] 
动作统计:
[03:13:14]   wind      : mean= 0.977, std= 0.032, min= 0.885, max= 1.000
[03:13:14]   solar     : mean= 0.955, std= 0.057, min= 0.829, max= 1.000
[03:13:14]   diesel    : mean= 0.002, std= 0.961, min=-1.000, max= 1.000
[03:13:14]   battery   : mean= 0.975, std= 0.039, min= 0.780, max= 1.000
[03:13:14]   customer  : mean= 0.405, std= 0.171, min= 0.150, max= 0.759
[03:13:14] 
📊 生成可视化图表...
[03:13:14]   ✓ 训练曲线: debug_plots/training_ep0150.png
[03:13:14]   ✓ Agent分析: debug_plots/agents_ep0150.png
[03:13:14] 💾 保存检查点: debug_checkpoints/debug_maddpg_20251124_031242_ep0150.pt
[03:13:14] 
======================================================================
[03:13:14] Episode 151/200
[03:13:14] ======================================================================
[03:13:14] 总奖励: 36091.36 | 步数: 24
[03:13:14] 最近10个episodes平均: 38587.11
[03:13:14] 各Agent奖励:
[03:13:14]   wind      : 31884.484
[03:13:14]   solar     : 4581.393
[03:13:14]   diesel    :    0.000
[03:13:14]   battery   :   37.947
[03:13:14]   customer  : -412.463
[03:13:14] Buffer大小:  3744
[03:13:14] 噪声水平: 0.0855
[03:13:14] 
动作统计:
[03:13:14]   wind      : mean= 0.965, std= 0.053, min= 0.841, max= 1.000
[03:13:14]   solar     : mean= 0.962, std= 0.062, min= 0.777, max= 1.000
[03:13:14]   diesel    : mean= 0.004, std= 0.976, min=-1.000, max= 1.000
[03:13:14]   battery   : mean= 0.965, std= 0.060, min= 0.718, max= 1.000
[03:13:14]   customer  : mean= 0.425, std= 0.173, min= 0.112, max= 0.669
[03:13:14] 
======================================================================
[03:13:14] Episode 152/200
[03:13:14] ======================================================================
[03:13:14] 总奖励: 39558.91 | 步数: 24
[03:13:14] 最近10个episodes平均: 39211.21
[03:13:14] 各Agent奖励:
[03:13:14]   wind      : 35069.901
[03:13:14]   solar     : 4870.482
[03:13:14]   diesel    :    0.000
[03:13:14]   battery   :   41.402
[03:13:14]   customer  : -422.875
[03:13:14] Buffer大小:  3768
[03:13:14] 噪声水平: 0.0855
[03:13:14] 
动作统计:
[03:13:14]   wind      : mean= 0.967, std= 0.039, min= 0.870, max= 1.000
[03:13:14]   solar     : mean= 0.955, std= 0.056, min= 0.776, max= 1.000
[03:13:14]   diesel    : mean= 0.007, std= 0.962, min=-1.000, max= 1.000
[03:13:14]   battery   : mean= 0.964, std= 0.050, min= 0.802, max= 1.000
[03:13:14]   customer  : mean= 0.394, std= 0.186, min=-0.002, max= 0.749
[03:13:15] 
======================================================================
[03:13:15] Episode 153/200
[03:13:15] ======================================================================
[03:13:15] 总奖励: 36870.54 | 步数: 24
[03:13:15] 最近10个episodes平均: 38840.65
[03:13:15] 各Agent奖励:
[03:13:15]   wind      : 25488.334
[03:13:15]   solar     : 11764.816
[03:13:15]   diesel    :    0.000
[03:13:15]   battery   :   40.541
[03:13:15]   customer  : -423.151
[03:13:15] Buffer大小:  3792
[03:13:15] 噪声水平: 0.0854
[03:13:15] 
动作统计:
[03:13:15]   wind      : mean= 0.975, std= 0.037, min= 0.882, max= 1.000
[03:13:15]   solar     : mean= 0.953, std= 0.057, min= 0.828, max= 1.000
[03:13:15]   diesel    : mean=-0.004, std= 0.971, min=-1.000, max= 1.000
[03:13:15]   battery   : mean= 0.967, std= 0.057, min= 0.795, max= 1.000
[03:13:15]   customer  : mean= 0.420, std= 0.172, min= 0.027, max= 0.673
[03:13:15] 
======================================================================
[03:13:15] Episode 154/200
[03:13:15] ======================================================================
[03:13:15] 总奖励: 38540.03 | 步数: 24
[03:13:15] 最近10个episodes平均: 38565.50
[03:13:15] 各Agent奖励:
[03:13:15]   wind      : 30854.331
[03:13:15]   solar     : 8070.583
[03:13:15]   diesel    :    0.000
[03:13:15]   battery   :   41.665
[03:13:15]   customer  : -426.552
[03:13:15] Buffer大小:  3816
[03:13:15] 噪声水平: 0.0853
[03:13:15] 
动作统计:
[03:13:15]   wind      : mean= 0.969, std= 0.054, min= 0.792, max= 1.000
[03:13:15]   solar     : mean= 0.959, std= 0.060, min= 0.794, max= 1.000
[03:13:15]   diesel    : mean= 0.022, std= 0.945, min=-1.000, max= 1.000
[03:13:15]   battery   : mean= 0.962, std= 0.053, min= 0.830, max= 1.000
[03:13:15]   customer  : mean= 0.404, std= 0.197, min= 0.026, max= 0.748
[03:13:15] 
======================================================================
[03:13:15] Episode 155/200
[03:13:15] ======================================================================
[03:13:15] 总奖励: 38055.74 | 步数: 24
[03:13:15] 最近10个episodes平均: 38365.97
[03:13:15] 各Agent奖励:
[03:13:15]   wind      : 30497.261
[03:13:15]   solar     : 7938.713
[03:13:15]   diesel    :    0.000
[03:13:15]   battery   :   45.180
[03:13:15]   customer  : -425.413
[03:13:15] Buffer大小:  3840
[03:13:15] 噪声水平: 0.0852
[03:13:15] 
动作统计:
[03:13:15]   wind      : mean= 0.946, std= 0.061, min= 0.782, max= 1.000
[03:13:15]   solar     : mean= 0.946, std= 0.052, min= 0.848, max= 1.000
[03:13:15]   diesel    : mean= 0.089, std= 0.869, min=-0.997, max= 1.000
[03:13:15]   battery   : mean= 0.971, std= 0.041, min= 0.853, max= 1.000
[03:13:15]   customer  : mean= 0.388, std= 0.203, min= 0.043, max= 0.660
[03:13:15] 
======================================================================
[03:13:15] Episode 156/200
[03:13:15] ======================================================================
[03:13:15] 总奖励: 40112.09 | 步数: 24
[03:13:15] 最近10个episodes平均: 38172.96
[03:13:15] 各Agent奖励:
[03:13:15]   wind      : 28312.963
[03:13:15]   solar     : 12187.730
[03:13:15]   diesel    :    0.000
[03:13:15]   battery   :   44.850
[03:13:15]   customer  : -433.458
[03:13:15] Buffer大小:  3864
[03:13:15] 噪声水平: 0.0851
[03:13:15] 
动作统计:
[03:13:15]   wind      : mean= 0.975, std= 0.035, min= 0.903, max= 1.000
[03:13:15]   solar     : mean= 0.969, std= 0.044, min= 0.852, max= 1.000
[03:13:15]   diesel    : mean= 0.347, std= 0.631, min=-0.433, max= 1.000
[03:13:15]   battery   : mean= 0.968, std= 0.041, min= 0.866, max= 1.000
[03:13:15]   customer  : mean= 0.420, std= 0.182, min=-0.027, max= 0.665
[03:13:15] 
======================================================================
[03:13:15] Episode 157/200
[03:13:15] ======================================================================
[03:13:15] 总奖励: 41282.85 | 步数: 24
[03:13:15] 最近10个episodes平均: 38295.55
[03:13:15] 各Agent奖励:
[03:13:15]   wind      : 23177.533
[03:13:15]   solar     : 8795.678
[03:13:15]   diesel    : 9718.967
[03:13:15]   battery   :   40.926
[03:13:15]   customer  : -450.259
[03:13:15] Buffer大小:  3888
[03:13:15] 噪声水平: 0.0850
[03:13:15] 
动作统计:
[03:13:15]   wind      : mean= 0.953, std= 0.045, min= 0.854, max= 1.000
[03:13:15]   solar     : mean= 0.989, std= 0.019, min= 0.937, max= 1.000
[03:13:15]   diesel    : mean= 0.637, std= 0.340, min= 0.130, max= 1.000
[03:13:15]   battery   : mean= 0.956, std= 0.059, min= 0.748, max= 1.000
[03:13:15]   customer  : mean= 0.414, std= 0.167, min= 0.122, max= 0.645
[03:13:15] 
======================================================================
[03:13:15] Episode 158/200
[03:13:15] ======================================================================
[03:13:15] 总奖励: 41745.85 | 步数: 24
[03:13:15] 最近10个episodes平均: 38623.42
[03:13:15] 各Agent奖励:
[03:13:15]   wind      : 19952.218
[03:13:15]   solar     : 7868.490
[03:13:15]   diesel    : 14348.814
[03:13:15]   battery   :   40.238
[03:13:15]   customer  : -463.907
[03:13:15] Buffer大小:  3912
[03:13:15] 噪声水平: 0.0850
[03:13:15] 
动作统计:
[03:13:15]   wind      : mean= 0.964, std= 0.038, min= 0.859, max= 1.000
[03:13:15]   solar     : mean= 0.956, std= 0.041, min= 0.880, max= 1.000
[03:13:15]   diesel    : mean= 0.829, std= 0.156, min= 0.511, max= 1.000
[03:13:15]   battery   : mean= 0.972, std= 0.045, min= 0.852, max= 1.000
[03:13:15]   customer  : mean= 0.394, std= 0.206, min=-0.160, max= 0.675
[03:13:16] 
======================================================================
[03:13:16] Episode 159/200
[03:13:16] ======================================================================
[03:13:16] 总奖励: 40295.40 | 步数: 24
[03:13:16] 最近10个episodes平均: 39254.64
[03:13:16] 各Agent奖励:
[03:13:16]   wind      : 15177.548
[03:13:16]   solar     : 2076.835
[03:13:16]   diesel    : 23485.445
[03:13:16]   battery   :   41.369
[03:13:16]   customer  : -485.793
[03:13:16] Buffer大小:  3936
[03:13:16] 噪声水平: 0.0849
[03:13:16] 
动作统计:
[03:13:16]   wind      : mean= 0.958, std= 0.064, min= 0.792, max= 1.000
[03:13:16]   solar     : mean= 0.972, std= 0.044, min= 0.860, max= 1.000
[03:13:16]   diesel    : mean= 0.901, std= 0.098, min= 0.545, max= 1.000
[03:13:16]   battery   : mean= 0.969, std= 0.048, min= 0.835, max= 1.000
[03:13:16]   customer  : mean= 0.410, std= 0.215, min=-0.112, max= 0.715
[03:13:16] 
======================================================================
[03:13:16] Episode 160/200
[03:13:16] ======================================================================
[03:13:16] 总奖励: 40751.98 | 步数: 24
[03:13:16] 最近10个episodes平均: 39330.47
[03:13:16] 各Agent奖励:
[03:13:16]   wind      : 23952.975
[03:13:16]   solar     : 7529.033
[03:13:16]   diesel    : 9675.733
[03:13:16]   battery   :   43.236
[03:13:16]   customer  : -448.994
[03:13:16] Buffer大小:  3960
[03:13:16] 噪声水平: 0.0848
[03:13:16] 
动作统计:
[03:13:16]   wind      : mean= 0.957, std= 0.059, min= 0.794, max= 1.000
[03:13:16]   solar     : mean= 0.950, std= 0.063, min= 0.805, max= 1.000
[03:13:16]   diesel    : mean= 0.939, std= 0.068, min= 0.797, max= 1.000
[03:13:16]   battery   : mean= 0.972, std= 0.039, min= 0.849, max= 1.000
[03:13:16]   customer  : mean= 0.415, std= 0.197, min=-0.074, max= 0.701
[03:13:16] 
📊 生成可视化图表...
[03:13:16]   ✓ 训练曲线: debug_plots/training_ep0160.png
[03:13:16]   ✓ Agent分析: debug_plots/agents_ep0160.png
[03:13:16] 
======================================================================
[03:13:16] Episode 161/200
[03:13:16] ======================================================================
[03:13:16] 总奖励: 40794.85 | 步数: 24
[03:13:16] 最近10个episodes平均: 39800.82
[03:13:16] 各Agent奖励:
[03:13:16]   wind      : 21371.477
[03:13:16]   solar     : 5125.321
[03:13:16]   diesel    : 14714.142
[03:13:16]   battery   :   42.169
[03:13:16]   customer  : -458.258
[03:13:16] Buffer大小:  3984
[03:13:16] 噪声水平: 0.0847
[03:13:16] 
动作统计:
[03:13:16]   wind      : mean= 0.956, std= 0.064, min= 0.784, max= 1.000
[03:13:16]   solar     : mean= 0.972, std= 0.036, min= 0.893, max= 1.000
[03:13:16]   diesel    : mean= 0.950, std= 0.053, min= 0.814, max= 1.000
[03:13:16]   battery   : mean= 0.957, std= 0.057, min= 0.793, max= 1.000
[03:13:16]   customer  : mean= 0.389, std= 0.196, min= 0.031, max= 0.730
[03:13:17] 
======================================================================
[03:13:17] Episode 162/200
[03:13:17] ======================================================================
[03:13:17] 总奖励: 40208.24 | 步数: 24
[03:13:17] 最近10个episodes平均: 39865.76
[03:13:17] 各Agent奖励:
[03:13:17]   wind      : 18879.072
[03:13:17]   solar     : 9098.626
[03:13:17]   diesel    : 12644.437
[03:13:17]   battery   :   42.698
[03:13:17]   customer  : -456.596
[03:13:17] Buffer大小:  4008
[03:13:17] 噪声水平: 0.0846
[03:13:17] 
动作统计:
[03:13:17]   wind      : mean= 0.979, std= 0.026, min= 0.917, max= 1.000
[03:13:17]   solar     : mean= 0.948, std= 0.059, min= 0.821, max= 1.000
[03:13:17]   diesel    : mean= 0.964, std= 0.056, min= 0.795, max= 1.000
[03:13:17]   battery   : mean= 0.971, std= 0.045, min= 0.818, max= 1.000
[03:13:17]   customer  : mean= 0.419, std= 0.234, min=-0.100, max= 0.720
[03:13:17] 
======================================================================
[03:13:17] Episode 163/200
[03:13:17] ======================================================================
[03:13:17] 总奖励: 38775.91 | 步数: 24
[03:13:17] 最近10个episodes平均: 40056.29
[03:13:17] 各Agent奖励:
[03:13:17]   wind      : 18880.263
[03:13:17]   solar     : 8038.292
[03:13:17]   diesel    : 12263.119
[03:13:17]   battery   :   44.036
[03:13:17]   customer  : -449.801
[03:13:17] Buffer大小:  4032
[03:13:17] 噪声水平: 0.0845
[03:13:17] 
动作统计:
[03:13:17]   wind      : mean= 0.971, std= 0.051, min= 0.840, max= 1.000
[03:13:17]   solar     : mean= 0.955, std= 0.055, min= 0.839, max= 1.000
[03:13:17]   diesel    : mean= 0.957, std= 0.054, min= 0.800, max= 1.000
[03:13:17]   battery   : mean= 0.951, std= 0.068, min= 0.755, max= 1.000
[03:13:17]   customer  : mean= 0.438, std= 0.179, min= 0.060, max= 0.751
[03:13:17] 
======================================================================
[03:13:17] Episode 164/200
[03:13:17] ======================================================================
[03:13:17] 总奖励: 39312.48 | 步数: 24
[03:13:17] 最近10个episodes平均: 40133.54
[03:13:17] 各Agent奖励:
[03:13:17]   wind      : 23385.368
[03:13:17]   solar     : 4935.862
[03:13:17]   diesel    : 11393.324
[03:13:17]   battery   :   42.939
[03:13:17]   customer  : -445.016
[03:13:17] Buffer大小:  4056
[03:13:17] 噪声水平: 0.0844
[03:13:17] 
动作统计:
[03:13:17]   wind      : mean= 0.967, std= 0.055, min= 0.830, max= 1.000
[03:13:17]   solar     : mean= 0.971, std= 0.040, min= 0.888, max= 1.000
[03:13:17]   diesel    : mean= 0.971, std= 0.049, min= 0.794, max= 1.000
[03:13:17]   battery   : mean= 0.961, std= 0.058, min= 0.774, max= 1.000
[03:13:17]   customer  : mean= 0.424, std= 0.208, min=-0.024, max= 0.794
[03:13:17] 
======================================================================
[03:13:17] Episode 165/200
[03:13:17] ======================================================================
[03:13:17] 总奖励: 38361.93 | 步数: 24
[03:13:17] 最近10个episodes平均: 40164.16
[03:13:17] 各Agent奖励:
[03:13:17]   wind      : 17372.985
[03:13:17]   solar     : 1122.776
[03:13:17]   diesel    : 20293.674
[03:13:17]   battery   :   43.971
[03:13:17]   customer  : -471.470
[03:13:17] Buffer大小:  4080
[03:13:17] 噪声水平: 0.0844
[03:13:17] 
动作统计:
[03:13:17]   wind      : mean= 0.972, std= 0.053, min= 0.797, max= 1.000
[03:13:17]   solar     : mean= 0.983, std= 0.030, min= 0.899, max= 1.000
[03:13:17]   diesel    : mean= 0.958, std= 0.054, min= 0.795, max= 1.000
[03:13:17]   battery   : mean= 0.975, std= 0.039, min= 0.825, max= 1.000
[03:13:17]   customer  : mean= 0.441, std= 0.177, min= 0.050, max= 0.792
[03:13:17] 
======================================================================
[03:13:17] Episode 166/200
[03:13:17] ======================================================================
[03:13:17] 总奖励: 37004.60 | 步数: 24
[03:13:17] 最近10个episodes平均: 39853.41
[03:13:17] 各Agent奖励:
[03:13:17]   wind      : 24022.546
[03:13:17]   solar     : 1788.574
[03:13:17]   diesel    : 11589.742
[03:13:17]   battery   :   41.950
[03:13:17]   customer  : -438.214
[03:13:17] Buffer大小:  4104
[03:13:17] 噪声水平: 0.0843
[03:13:17] 
动作统计:
[03:13:17]   wind      : mean= 0.963, std= 0.051, min= 0.810, max= 1.000
[03:13:17]   solar     : mean= 0.957, std= 0.058, min= 0.764, max= 1.000
[03:13:17]   diesel    : mean= 0.962, std= 0.044, min= 0.848, max= 1.000
[03:13:17]   battery   : mean= 0.959, std= 0.062, min= 0.746, max= 1.000
[03:13:17]   customer  : mean= 0.460, std= 0.192, min= 0.094, max= 0.750
[03:13:17] 
======================================================================
[03:13:17] Episode 167/200
[03:13:17] ======================================================================
[03:13:17] 总奖励: 37854.37 | 步数: 24
[03:13:17] 最近10个episodes平均: 39510.56
[03:13:17] 各Agent奖励:
[03:13:17]   wind      : 18670.420
[03:13:17]   solar     : 7516.216
[03:13:17]   diesel    : 12063.276
[03:13:17]   battery   :   41.461
[03:13:17]   customer  : -437.003
[03:13:17] Buffer大小:  4128
[03:13:17] 噪声水平: 0.0842
[03:13:17] 
动作统计:
[03:13:17]   wind      : mean= 0.968, std= 0.047, min= 0.828, max= 1.000
[03:13:17]   solar     : mean= 0.965, std= 0.042, min= 0.882, max= 1.000
[03:13:17]   diesel    : mean= 0.968, std= 0.044, min= 0.831, max= 1.000
[03:13:17]   battery   : mean= 0.978, std= 0.045, min= 0.811, max= 1.000
[03:13:17]   customer  : mean= 0.427, std= 0.219, min=-0.109, max= 0.754
[03:13:17] 
======================================================================
[03:13:17] Episode 168/200
[03:13:17] ======================================================================
[03:13:17] 总奖励: 37325.18 | 步数: 24
[03:13:17] 最近10个episodes平均: 39068.49
[03:13:17] 各Agent奖励:
[03:13:17]   wind      : 16280.475
[03:13:17]   solar     : 9089.723
[03:13:17]   diesel    : 12350.454
[03:13:17]   battery   :   43.663
[03:13:17]   customer  : -439.133
[03:13:17] Buffer大小:  4152
[03:13:17] 噪声水平: 0.0841
[03:13:17] 
动作统计:
[03:13:17]   wind      : mean= 0.973, std= 0.055, min= 0.798, max= 1.000
[03:13:17]   solar     : mean= 0.935, std= 0.075, min= 0.715, max= 1.000
[03:13:17]   diesel    : mean= 0.966, std= 0.044, min= 0.809, max= 1.000
[03:13:17]   battery   : mean= 0.978, std= 0.034, min= 0.879, max= 1.000
[03:13:17]   customer  : mean= 0.445, std= 0.211, min=-0.045, max= 0.732
[03:13:18] 
======================================================================
[03:13:18] Episode 169/200
[03:13:18] ======================================================================
[03:13:18] 总奖励: 37607.12 | 步数: 24
[03:13:18] 最近10个episodes平均: 38799.67
[03:13:18] 各Agent奖励:
[03:13:18]   wind      : 16191.830
[03:13:18]   solar     : 5298.791
[03:13:18]   diesel    : 16527.861
[03:13:18]   battery   :   43.013
[03:13:18]   customer  : -454.378
[03:13:18] Buffer大小:  4176
[03:13:18] 噪声水平: 0.0840
[03:13:18] 
动作统计:
[03:13:18]   wind      : mean= 0.980, std= 0.029, min= 0.902, max= 1.000
[03:13:18]   solar     : mean= 0.961, std= 0.058, min= 0.803, max= 1.000
[03:13:18]   diesel    : mean= 0.968, std= 0.043, min= 0.854, max= 1.000
[03:13:18]   battery   : mean= 0.959, std= 0.059, min= 0.732, max= 1.000
[03:13:18]   customer  : mean= 0.442, std= 0.217, min= 0.029, max= 0.757
[03:13:18] 
======================================================================
[03:13:18] Episode 170/200
[03:13:18] ======================================================================
[03:13:18] 总奖励: 35917.45 | 步数: 24
[03:13:18] 最近10个episodes平均: 38316.21
[03:13:18] 各Agent奖励:
[03:13:18]   wind      : 13262.358
[03:13:18]   solar     : 6227.031
[03:13:18]   diesel    : 16831.750
[03:13:18]   battery   :   44.265
[03:13:18]   customer  : -447.957
[03:13:18] Buffer大小:  4200
[03:13:18] 噪声水平: 0.0839
[03:13:18] 
动作统计:
[03:13:18]   wind      : mean= 0.968, std= 0.040, min= 0.888, max= 1.000
[03:13:18]   solar     : mean= 0.948, std= 0.061, min= 0.771, max= 1.000
[03:13:18]   diesel    : mean= 0.971, std= 0.046, min= 0.839, max= 1.000
[03:13:18]   battery   : mean= 0.965, std= 0.047, min= 0.834, max= 1.000
[03:13:18]   customer  : mean= 0.457, std= 0.200, min= 0.034, max= 0.764
[03:13:18] 
📊 生成可视化图表...
[03:13:18]   ✓ 训练曲线: debug_plots/training_ep0170.png
[03:13:18]   ✓ Agent分析: debug_plots/agents_ep0170.png
[03:13:18] 
======================================================================
[03:13:18] Episode 171/200
[03:13:18] ======================================================================
[03:13:18] 总奖励: 36059.36 | 步数: 24
[03:13:18] 最近10个episodes平均: 37842.66
[03:13:18] 各Agent奖励:
[03:13:18]   wind      : 13822.146
[03:13:18]   solar     : 6052.326
[03:13:18]   diesel    : 16586.653
[03:13:18]   battery   :   40.593
[03:13:18]   customer  : -442.357
[03:13:18] Buffer大小:  4224
[03:13:18] 噪声水平: 0.0839
[03:13:18] 
动作统计:
[03:13:18]   wind      : mean= 0.956, std= 0.062, min= 0.789, max= 1.000
[03:13:18]   solar     : mean= 0.958, std= 0.055, min= 0.816, max= 1.000
[03:13:18]   diesel    : mean= 0.970, std= 0.040, min= 0.849, max= 1.000
[03:13:18]   battery   : mean= 0.975, std= 0.036, min= 0.851, max= 1.000
[03:13:18]   customer  : mean= 0.450, std= 0.228, min=-0.190, max= 0.713
[03:13:19] 
======================================================================
[03:13:19] Episode 172/200
[03:13:19] ======================================================================
[03:13:19] 总奖励: 36422.41 | 步数: 24
[03:13:19] 最近10个episodes平均: 37464.08
[03:13:19] 各Agent奖励:
[03:13:19]   wind      : 17859.893
[03:13:19]   solar     : 9073.640
[03:13:19]   diesel    : 9876.034
[03:13:19]   battery   :   42.517
[03:13:19]   customer  : -429.670
[03:13:19] Buffer大小:  4248
[03:13:19] 噪声水平: 0.0838
[03:13:19] 
动作统计:
[03:13:19]   wind      : mean= 0.965, std= 0.054, min= 0.817, max= 1.000
[03:13:19]   solar     : mean= 0.954, std= 0.060, min= 0.793, max= 1.000
[03:13:19]   diesel    : mean= 0.967, std= 0.049, min= 0.833, max= 1.000
[03:13:19]   battery   : mean= 0.967, std= 0.049, min= 0.809, max= 1.000
[03:13:19]   customer  : mean= 0.449, std= 0.249, min=-0.111, max= 0.786
[03:13:19] 
======================================================================
[03:13:19] Episode 173/200
[03:13:19] ======================================================================
[03:13:19] 总奖励: 37227.82 | 步数: 24
[03:13:19] 最近10个episodes平均: 37309.27
[03:13:19] 各Agent奖励:
[03:13:19]   wind      : 18191.512
[03:13:19]   solar     : 5205.624
[03:13:19]   diesel    : 14229.202
[03:13:19]   battery   :   42.048
[03:13:19]   customer  : -440.567
[03:13:19] Buffer大小:  4272
[03:13:19] 噪声水平: 0.0837
[03:13:19] 
动作统计:
[03:13:19]   wind      : mean= 0.960, std= 0.050, min= 0.848, max= 1.000
[03:13:19]   solar     : mean= 0.952, std= 0.047, min= 0.812, max= 1.000
[03:13:19]   diesel    : mean= 0.976, std= 0.046, min= 0.766, max= 1.000
[03:13:19]   battery   : mean= 0.971, std= 0.051, min= 0.779, max= 1.000
[03:13:19]   customer  : mean= 0.434, std= 0.179, min= 0.085, max= 0.745
[03:13:19] 
======================================================================
[03:13:19] Episode 174/200
[03:13:19] ======================================================================
[03:13:19] 总奖励: 33865.25 | 步数: 24
[03:13:19] 最近10个episodes平均: 36764.55
[03:13:19] 各Agent奖励:
[03:13:19]   wind      : 13459.132
[03:13:19]   solar     : 1826.862
[03:13:19]   diesel    : 18972.969
[03:13:19]   battery   :   42.189
[03:13:19]   customer  : -435.907
[03:13:19] Buffer大小:  4296
[03:13:19] 噪声水平: 0.0836
[03:13:19] 
动作统计:
[03:13:19]   wind      : mean= 0.952, std= 0.059, min= 0.798, max= 1.000
[03:13:19]   solar     : mean= 0.965, std= 0.049, min= 0.835, max= 1.000
[03:13:19]   diesel    : mean= 0.955, std= 0.063, min= 0.778, max= 1.000
[03:13:19]   battery   : mean= 0.969, std= 0.046, min= 0.823, max= 1.000
[03:13:19]   customer  : mean= 0.443, std= 0.229, min= 0.001, max= 0.792
[03:13:19] 
======================================================================
[03:13:19] Episode 175/200
[03:13:19] ======================================================================
[03:13:19] 总奖励: 36053.60 | 步数: 24
[03:13:19] 最近10个episodes平均: 36533.72
[03:13:19] 各Agent奖励:
[03:13:19]   wind      : 10796.385
[03:13:19]   solar     : 4376.404
[03:13:19]   diesel    : 21296.103
[03:13:19]   battery   :   42.202
[03:13:19]   customer  : -457.493
[03:13:19] Buffer大小:  4320
[03:13:19] 噪声水平: 0.0835
[03:13:19] 
动作统计:
[03:13:19]   wind      : mean= 0.976, std= 0.035, min= 0.871, max= 1.000
[03:13:19]   solar     : mean= 0.972, std= 0.035, min= 0.887, max= 1.000
[03:13:19]   diesel    : mean= 0.961, std= 0.044, min= 0.825, max= 1.000
[03:13:19]   battery   : mean= 0.962, std= 0.056, min= 0.783, max= 1.000
[03:13:19]   customer  : mean= 0.454, std= 0.186, min= 0.060, max= 0.798
[03:13:19] 
======================================================================
[03:13:19] Episode 176/200
[03:13:19] ======================================================================
[03:13:19] 总奖励: 36135.28 | 步数: 24
[03:13:19] 最近10个episodes平均: 36446.78
[03:13:19] 各Agent奖励:
[03:13:19]   wind      : 18505.240
[03:13:19]   solar     :  453.165
[03:13:19]   diesel    : 17583.504
[03:13:19]   battery   :   32.512
[03:13:19]   customer  : -439.143
[03:13:19] Buffer大小:  4344
[03:13:19] 噪声水平: 0.0834
[03:13:19] 
动作统计:
[03:13:19]   wind      : mean= 0.952, std= 0.059, min= 0.797, max= 1.000
[03:13:19]   solar     : mean= 0.971, std= 0.046, min= 0.827, max= 1.000
[03:13:19]   diesel    : mean= 0.964, std= 0.045, min= 0.855, max= 1.000
[03:13:19]   battery   : mean= 0.972, std= 0.034, min= 0.881, max= 1.000
[03:13:19]   customer  : mean= 0.459, std= 0.196, min= 0.068, max= 0.747
[03:13:19] 
======================================================================
[03:13:19] Episode 177/200
[03:13:19] ======================================================================
[03:13:19] 总奖励: 37912.04 | 步数: 24
[03:13:19] 最近10个episodes平均: 36452.55
[03:13:19] 各Agent奖励:
[03:13:19]   wind      : 12655.656
[03:13:19]   solar     : 6228.255
[03:13:19]   diesel    : 19449.123
[03:13:19]   battery   :   43.274
[03:13:19]   customer  : -464.264
[03:13:19] Buffer大小:  4368
[03:13:19] 噪声水平: 0.0834
[03:13:19] 
动作统计:
[03:13:19]   wind      : mean= 0.981, std= 0.028, min= 0.910, max= 1.000
[03:13:19]   solar     : mean= 0.945, std= 0.062, min= 0.825, max= 1.000
[03:13:19]   diesel    : mean= 0.966, std= 0.040, min= 0.870, max= 1.000
[03:13:19]   battery   : mean= 0.957, std= 0.047, min= 0.831, max= 1.000
[03:13:19]   customer  : mean= 0.447, std= 0.215, min= 0.024, max= 0.771
[03:13:20] 
======================================================================
[03:13:20] Episode 178/200
[03:13:20] ======================================================================
[03:13:20] 总奖励: 36161.70 | 步数: 24
[03:13:20] 最近10个episodes平均: 36336.20
[03:13:20] 各Agent奖励:
[03:13:20]   wind      : 16258.320
[03:13:20]   solar     : 10295.460
[03:13:20]   diesel    : 9991.275
[03:13:20]   battery   :   42.709
[03:13:20]   customer  : -426.065
[03:13:20] Buffer大小:  4392
[03:13:20] 噪声水平: 0.0833
[03:13:20] 
动作统计:
[03:13:20]   wind      : mean= 0.968, std= 0.038, min= 0.873, max= 1.000
[03:13:20]   solar     : mean= 0.943, std= 0.060, min= 0.774, max= 1.000
[03:13:20]   diesel    : mean= 0.966, std= 0.041, min= 0.870, max= 1.000
[03:13:20]   battery   : mean= 0.968, std= 0.048, min= 0.806, max= 1.000
[03:13:20]   customer  : mean= 0.446, std= 0.216, min=-0.144, max= 0.745
[03:13:20] 
======================================================================
[03:13:20] Episode 179/200
[03:13:20] ======================================================================
[03:13:20] 总奖励: 35955.60 | 步数: 24
[03:13:20] 最近10个episodes平均: 36171.05
[03:13:20] 各Agent奖励:
[03:13:20]   wind      : 19701.173
[03:13:20]   solar     : 10120.303
[03:13:20]   diesel    : 6509.319
[03:13:20]   battery   :   43.101
[03:13:20]   customer  : -418.291
[03:13:20] Buffer大小:  4416
[03:13:20] 噪声水平: 0.0832
[03:13:20] 
动作统计:
[03:13:20]   wind      : mean= 0.980, std= 0.029, min= 0.889, max= 1.000
[03:13:20]   solar     : mean= 0.888, std= 0.090, min= 0.694, max= 1.000
[03:13:20]   diesel    : mean= 0.970, std= 0.043, min= 0.850, max= 1.000
[03:13:20]   battery   : mean= 0.965, std= 0.042, min= 0.792, max= 1.000
[03:13:20]   customer  : mean= 0.464, std= 0.208, min=-0.015, max= 0.872
[03:13:20] 
======================================================================
[03:13:20] Episode 180/200
[03:13:20] ======================================================================
[03:13:20] 总奖励: 33524.18 | 步数: 24
[03:13:20] 最近10个episodes平均: 35931.72
[03:13:20] 各Agent奖励:
[03:13:20]   wind      : 12277.466
[03:13:20]   solar     : 12771.265
[03:13:20]   diesel    : 8837.208
[03:13:20]   battery   :   40.634
[03:13:20]   customer  : -402.393
[03:13:20] Buffer大小:  4440
[03:13:20] 噪声水平: 0.0831
[03:13:20] 
动作统计:
[03:13:20]   wind      : mean= 0.957, std= 0.063, min= 0.761, max= 1.000
[03:13:20]   solar     : mean= 0.783, std= 0.150, min= 0.443, max= 1.000
[03:13:20]   diesel    : mean= 0.971, std= 0.046, min= 0.844, max= 1.000
[03:13:20]   battery   : mean= 0.966, std= 0.051, min= 0.794, max= 1.000
[03:13:20]   customer  : mean= 0.474, std= 0.197, min= 0.038, max= 0.777
[03:13:20] 
📊 生成可视化图表...
[03:13:20]   ✓ 训练曲线: debug_plots/training_ep0180.png
[03:13:20]   ✓ Agent分析: debug_plots/agents_ep0180.png
[03:13:20] 
======================================================================
[03:13:20] Episode 181/200
[03:13:20] ======================================================================
[03:13:20] 总奖励: 31660.31 | 步数: 24
[03:13:20] 最近10个episodes平均: 35491.82
[03:13:20] 各Agent奖励:
[03:13:20]   wind      : 12906.751
[03:13:20]   solar     : 11230.717
[03:13:20]   diesel    : 7871.062
[03:13:20]   battery   :   41.907
[03:13:20]   customer  : -390.123
[03:13:20] Buffer大小:  4464
[03:13:20] 噪声水平: 0.0830
[03:13:20] 
动作统计:
[03:13:20]   wind      : mean= 0.963, std= 0.041, min= 0.866, max= 1.000
[03:13:20]   solar     : mean= 0.526, std= 0.248, min=-0.043, max= 0.814
[03:13:20]   diesel    : mean= 0.954, std= 0.050, min= 0.821, max= 1.000
[03:13:20]   battery   : mean= 0.968, std= 0.047, min= 0.816, max= 1.000
[03:13:20]   customer  : mean= 0.483, std= 0.198, min= 0.124, max= 0.866
[03:13:21] 
======================================================================
[03:13:21] Episode 182/200
[03:13:21] ======================================================================
[03:13:21] 总奖励: 31192.69 | 步数: 24
[03:13:21] 最近10个episodes平均: 34968.85
[03:13:21] 各Agent奖励:
[03:13:21]   wind      : 11012.431
[03:13:21]   solar     : 12128.576
[03:13:21]   diesel    : 8403.760
[03:13:21]   battery   :   42.100
[03:13:21]   customer  : -394.178
[03:13:21] Buffer大小:  4488
[03:13:21] 噪声水平: 0.0829
[03:13:21] 
动作统计:
[03:13:21]   wind      : mean= 0.949, std= 0.063, min= 0.800, max= 1.000
[03:13:21]   solar     : mean= 0.276, std= 0.400, min=-0.594, max= 0.828
[03:13:21]   diesel    : mean= 0.959, std= 0.047, min= 0.837, max= 1.000
[03:13:21]   battery   : mean= 0.968, std= 0.044, min= 0.833, max= 1.000
[03:13:21]   customer  : mean= 0.492, std= 0.209, min= 0.059, max= 0.835
[03:13:21] 
======================================================================
[03:13:21] Episode 183/200
[03:13:21] ======================================================================
[03:13:21] 总奖励: 30528.67 | 步数: 24
[03:13:21] 最近10个episodes平均: 34298.93
[03:13:21] 各Agent奖励:
[03:13:21]   wind      : 9182.811
[03:13:21]   solar     : 12472.049
[03:13:21]   diesel    : 9227.710
[03:13:21]   battery   :   42.311
[03:13:21]   customer  : -396.216
[03:13:21] Buffer大小:  4512
[03:13:21] 噪声水平: 0.0829
[03:13:21] 
动作统计:
[03:13:21]   wind      : mean= 0.963, std= 0.042, min= 0.852, max= 1.000
[03:13:21]   solar     : mean= 0.066, std= 0.492, min=-0.828, max= 0.677
[03:13:21]   diesel    : mean= 0.977, std= 0.033, min= 0.891, max= 1.000
[03:13:21]   battery   : mean= 0.974, std= 0.045, min= 0.794, max= 1.000
[03:13:21]   customer  : mean= 0.520, std= 0.178, min= 0.164, max= 0.895
[03:13:21] 
======================================================================
[03:13:21] Episode 184/200
[03:13:21] ======================================================================
[03:13:21] 总奖励: 28139.23 | 步数: 24
[03:13:21] 最近10个episodes平均: 33726.33
[03:13:21] 各Agent奖励:
[03:13:21]   wind      : 12423.239
[03:13:21]   solar     : 10395.070
[03:13:21]   diesel    : 5644.767
[03:13:21]   battery   :   42.116
[03:13:21]   customer  : -365.960
[03:13:21] Buffer大小:  4536
[03:13:21] 噪声水平: 0.0828
[03:13:21] 
动作统计:
[03:13:21]   wind      : mean= 0.951, std= 0.065, min= 0.789, max= 1.000
[03:13:21]   solar     : mean=-0.042, std= 0.496, min=-0.855, max= 0.571
[03:13:21]   diesel    : mean= 0.969, std= 0.062, min= 0.740, max= 1.000
[03:13:21]   battery   : mean= 0.961, std= 0.052, min= 0.787, max= 1.000
[03:13:21]   customer  : mean= 0.511, std= 0.191, min= 0.095, max= 0.861
[03:13:21] 
======================================================================
[03:13:21] Episode 185/200
[03:13:21] ======================================================================
[03:13:21] 总奖励: 25709.70 | 步数: 24
[03:13:21] 最近10个episodes平均: 32691.94
[03:13:21] 各Agent奖励:
[03:13:21]   wind      : 13198.978
[03:13:21]   solar     : 9283.923
[03:13:21]   diesel    : 3529.481
[03:13:21]   battery   :   40.738
[03:13:21]   customer  : -343.424
[03:13:21] Buffer大小:  4560
[03:13:21] 噪声水平: 0.0827
[03:13:21] 
动作统计:
[03:13:21]   wind      : mean= 0.958, std= 0.041, min= 0.852, max= 1.000
[03:13:21]   solar     : mean=-0.053, std= 0.568, min=-0.923, max= 0.673
[03:13:21]   diesel    : mean= 0.961, std= 0.056, min= 0.781, max= 1.000
[03:13:21]   battery   : mean= 0.961, std= 0.058, min= 0.782, max= 1.000
[03:13:21]   customer  : mean= 0.530, std= 0.233, min= 0.057, max= 0.849
[03:13:21] 
======================================================================
[03:13:21] Episode 186/200
[03:13:21] ======================================================================
[03:13:21] 总奖励: 28378.60 | 步数: 24
[03:13:21] 最近10个episodes平均: 31916.27
[03:13:21] 各Agent奖励:
[03:13:21]   wind      : 9477.589
[03:13:21]   solar     : 9946.021
[03:13:21]   diesel    : 9295.883
[03:13:21]   battery   :   40.731
[03:13:21]   customer  : -381.620
[03:13:21] Buffer大小:  4584
[03:13:21] 噪声水平: 0.0826
[03:13:21] 
动作统计:
[03:13:21]   wind      : mean= 0.978, std= 0.038, min= 0.877, max= 1.000
[03:13:21]   solar     : mean=-0.121, std= 0.557, min=-0.929, max= 0.708
[03:13:21]   diesel    : mean= 0.963, std= 0.051, min= 0.775, max= 1.000
[03:13:21]   battery   : mean= 0.967, std= 0.052, min= 0.802, max= 1.000
[03:13:21]   customer  : mean= 0.530, std= 0.204, min= 0.161, max= 0.900
[03:13:21] 
======================================================================
[03:13:21] Episode 187/200
[03:13:21] ======================================================================
[03:13:21] 总奖励: 24477.83 | 步数: 24
[03:13:21] 最近10个episodes平均: 30572.85
[03:13:21] 各Agent奖励:
[03:13:21]   wind      : 10486.793
[03:13:21]   solar     : 6621.867
[03:13:21]   diesel    : 7676.369
[03:13:21]   battery   :   42.315
[03:13:21]   customer  : -349.514
[03:13:21] Buffer大小:  4608
[03:13:21] 噪声水平: 0.0825
[03:13:21] 
动作统计:
[03:13:21]   wind      : mean= 0.979, std= 0.041, min= 0.839, max= 1.000
[03:13:21]   solar     : mean=-0.200, std= 0.558, min=-1.000, max= 0.564
[03:13:21]   diesel    : mean= 0.978, std= 0.034, min= 0.864, max= 1.000
[03:13:21]   battery   : mean= 0.975, std= 0.035, min= 0.861, max= 1.000
[03:13:21]   customer  : mean= 0.531, std= 0.201, min=-0.035, max= 0.885
[03:13:22] 
======================================================================
[03:13:22] Episode 188/200
[03:13:22] ======================================================================
[03:13:22] 总奖励: 22089.11 | 步数: 24
[03:13:22] 最近10个episodes平均: 29165.59
[03:13:22] 各Agent奖励:
[03:13:22]   wind      : 8256.652
[03:13:22]   solar     : 6071.475
[03:13:22]   diesel    : 8055.388
[03:13:22]   battery   :   42.100
[03:13:22]   customer  : -336.504
[03:13:22] Buffer大小:  4632
[03:13:22] 噪声水平: 0.0824
[03:13:22] 
动作统计:
[03:13:22]   wind      : mean= 0.962, std= 0.049, min= 0.862, max= 1.000
[03:13:22]   solar     : mean=-0.173, std= 0.612, min=-1.000, max= 0.794
[03:13:22]   diesel    : mean= 0.970, std= 0.046, min= 0.819, max= 1.000
[03:13:22]   battery   : mean= 0.979, std= 0.039, min= 0.837, max= 1.000
[03:13:22]   customer  : mean= 0.542, std= 0.224, min= 0.099, max= 0.967
[03:13:22] 
======================================================================
[03:13:22] Episode 189/200
[03:13:22] ======================================================================
[03:13:22] 总奖励: 21243.93 | 步数: 24
[03:13:22] 最近10个episodes平均: 27694.43
[03:13:22] 各Agent奖励:
[03:13:22]   wind      : 6297.394
[03:13:22]   solar     : 5703.241
[03:13:22]   diesel    : 9537.951
[03:13:22]   battery   :   43.456
[03:13:22]   customer  : -338.114
[03:13:22] Buffer大小:  4656
[03:13:22] 噪声水平: 0.0824
[03:13:22] 
动作统计:
[03:13:22]   wind      : mean= 0.977, std= 0.042, min= 0.866, max= 1.000
[03:13:22]   solar     : mean=-0.173, std= 0.628, min=-1.000, max= 0.833
[03:13:22]   diesel    : mean= 0.962, std= 0.052, min= 0.814, max= 1.000
[03:13:22]   battery   : mean= 0.964, std= 0.052, min= 0.751, max= 1.000
[03:13:22]   customer  : mean= 0.550, std= 0.192, min= 0.150, max= 0.974
[03:13:22] 
======================================================================
[03:13:22] Episode 190/200
[03:13:22] ======================================================================
[03:13:22] 总奖励: 26016.35 | 步数: 24
[03:13:22] 最近10个episodes平均: 26943.64
[03:13:22] 各Agent奖励:
[03:13:22]   wind      : 10741.071
[03:13:22]   solar     : 6816.145
[03:13:22]   diesel    : 8781.646
[03:13:22]   battery   :   42.369
[03:13:22]   customer  : -364.880
[03:13:22] Buffer大小:  4680
[03:13:22] 噪声水平: 0.0823
[03:13:22] 
动作统计:
[03:13:22]   wind      : mean= 0.968, std= 0.045, min= 0.869, max= 1.000
[03:13:22]   solar     : mean=-0.179, std= 0.631, min=-1.000, max= 0.790
[03:13:22]   diesel    : mean= 0.969, std= 0.045, min= 0.852, max= 1.000
[03:13:22]   battery   : mean= 0.952, std= 0.059, min= 0.768, max= 1.000
[03:13:22]   customer  : mean= 0.530, std= 0.210, min= 0.120, max= 0.891
[03:13:22] 
📊 生成可视化图表...
[03:13:22]   ✓ 训练曲线: debug_plots/training_ep0190.png
[03:13:22]   ✓ Agent分析: debug_plots/agents_ep0190.png
[03:13:23] 
======================================================================
[03:13:23] Episode 191/200
[03:13:23] ======================================================================
[03:13:23] 总奖励: 22545.11 | 步数: 24
[03:13:23] 最近10个episodes平均: 26032.12
[03:13:23] 各Agent奖励:
[03:13:23]   wind      : 12416.238
[03:13:23]   solar     : 7019.683
[03:13:23]   diesel    : 3393.329
[03:13:23]   battery   :   41.496
[03:13:23]   customer  : -325.638
[03:13:23] Buffer大小:  4704
[03:13:23] 噪声水平: 0.0822
[03:13:23] 
动作统计:
[03:13:23]   wind      : mean= 0.958, std= 0.049, min= 0.831, max= 1.000
[03:13:23]   solar     : mean=-0.220, std= 0.641, min=-1.000, max= 0.821
[03:13:23]   diesel    : mean= 0.969, std= 0.051, min= 0.802, max= 1.000
[03:13:23]   battery   : mean= 0.966, std= 0.047, min= 0.832, max= 1.000
[03:13:23]   customer  : mean= 0.549, std= 0.194, min= 0.146, max= 0.863
[03:13:23] 
======================================================================
[03:13:23] Episode 192/200
[03:13:23] ======================================================================
[03:13:23] 总奖励: 12675.26 | 步数: 24
[03:13:23] 最近10个episodes平均: 24180.38
[03:13:23] 各Agent奖励:
[03:13:23]   wind      : 6437.179
[03:13:23]   solar     : -906.125
[03:13:23]   diesel    : 7373.307
[03:13:23]   battery   :   42.494
[03:13:23]   customer  : -271.600
[03:13:23] Buffer大小:  4728
[03:13:23] 噪声水平: 0.0821
[03:13:23] 
动作统计:
[03:13:23]   wind      : mean= 0.975, std= 0.040, min= 0.878, max= 1.000
[03:13:23]   solar     : mean=-0.176, std= 0.666, min=-1.000, max= 0.839
[03:13:23]   diesel    : mean= 0.988, std= 0.020, min= 0.937, max= 1.000
[03:13:23]   battery   : mean= 0.970, std= 0.048, min= 0.796, max= 1.000
[03:13:23]   customer  : mean= 0.555, std= 0.191, min= 0.173, max= 0.824
[03:13:23] 
======================================================================
[03:13:23] Episode 193/200
[03:13:23] ======================================================================
[03:13:23] 总奖励: 25618.73 | 步数: 24
[03:13:23] 最近10个episodes平均: 23689.38
[03:13:23] 各Agent奖励:
[03:13:23]   wind      : 10049.383
[03:13:23]   solar     : 9179.285
[03:13:23]   diesel    : 6703.694
[03:13:23]   battery   :   41.921
[03:13:23]   customer  : -355.551
[03:13:23] Buffer大小:  4752
[03:13:23] 噪声水平: 0.0820
[03:13:23] 
动作统计:
[03:13:23]   wind      : mean= 0.976, std= 0.040, min= 0.821, max= 1.000
[03:13:23]   solar     : mean=-0.148, std= 0.662, min=-1.000, max= 0.924
[03:13:23]   diesel    : mean= 0.969, std= 0.056, min= 0.737, max= 1.000
[03:13:23]   battery   : mean= 0.958, std= 0.056, min= 0.792, max= 1.000
[03:13:23]   customer  : mean= 0.536, std= 0.175, min= 0.179, max= 0.780
[03:13:23] 
======================================================================
[03:13:23] Episode 194/200
[03:13:23] ======================================================================
[03:13:23] 总奖励: 18404.76 | 步数: 24
[03:13:23] 最近10个episodes平均: 22715.94
[03:13:23] 各Agent奖励:
[03:13:23]   wind      : 8702.670
[03:13:23]   solar     : 2843.900
[03:13:23]   diesel    : 7121.120
[03:13:23]   battery   :   41.597
[03:13:23]   customer  : -304.529
[03:13:23] Buffer大小:  4776
[03:13:23] 噪声水平: 0.0819
[03:13:23] 
动作统计:
[03:13:23]   wind      : mean= 0.963, std= 0.054, min= 0.791, max= 1.000
[03:13:23]   solar     : mean=-0.115, std= 0.698, min=-1.000, max= 0.930
[03:13:23]   diesel    : mean= 0.968, std= 0.047, min= 0.825, max= 1.000
[03:13:23]   battery   : mean= 0.955, std= 0.057, min= 0.766, max= 1.000
[03:13:23]   customer  : mean= 0.534, std= 0.192, min= 0.111, max= 0.839
[03:13:23] 
======================================================================
[03:13:23] Episode 195/200
[03:13:23] ======================================================================
[03:13:23] 总奖励: 20233.00 | 步数: 24
[03:13:23] 最近10个episodes平均: 22168.27
[03:13:23] 各Agent奖励:
[03:13:23]   wind      : 5225.989
[03:13:23]   solar     : 5274.153
[03:13:23]   diesel    : 10018.708
[03:13:23]   battery   :   42.180
[03:13:23]   customer  : -328.031
[03:13:23] Buffer大小:  4800
[03:13:23] 噪声水平: 0.0819
[03:13:23] 
动作统计:
[03:13:23]   wind      : mean= 0.984, std= 0.027, min= 0.916, max= 1.000
[03:13:23]   solar     : mean=-0.054, std= 0.722, min=-1.000, max= 0.982
[03:13:23]   diesel    : mean= 0.952, std= 0.054, min= 0.785, max= 1.000
[03:13:23]   battery   : mean= 0.955, std= 0.051, min= 0.805, max= 1.000
[03:13:23]   customer  : mean= 0.548, std= 0.183, min= 0.094, max= 0.861
[03:13:23] 
======================================================================
[03:13:23] Episode 196/200
[03:13:23] ======================================================================
[03:13:23] 总奖励: 22976.32 | 步数: 24
[03:13:23] 最近10个episodes平均: 21628.04
[03:13:23] 各Agent奖励:
[03:13:23]   wind      : 11241.644
[03:13:23]   solar     : 6676.839
[03:13:23]   diesel    : 5350.931
[03:13:23]   battery   :   43.566
[03:13:23]   customer  : -336.663
[03:13:23] Buffer大小:  4824
[03:13:23] 噪声水平: 0.0818
[03:13:23] 
动作统计:
[03:13:23]   wind      : mean= 0.937, std= 0.068, min= 0.792, max= 1.000
[03:13:23]   solar     : mean= 0.005, std= 0.762, min=-1.000, max= 1.000
[03:13:23]   diesel    : mean= 0.963, std= 0.045, min= 0.801, max= 1.000
[03:13:23]   battery   : mean= 0.961, std= 0.053, min= 0.812, max= 1.000
[03:13:23]   customer  : mean= 0.552, std= 0.188, min= 0.167, max= 0.872
[03:13:23] 
======================================================================
[03:13:23] Episode 197/200
[03:13:23] ======================================================================
[03:13:23] 总奖励: 18528.47 | 步数: 24
[03:13:23] 最近10个episodes平均: 21033.10
[03:13:23] 各Agent奖励:
[03:13:23]   wind      : 11190.672
[03:13:23]   solar     : 2806.778
[03:13:23]   diesel    : 4793.223
[03:13:23]   battery   :   38.663
[03:13:23]   customer  : -300.866
[03:13:23] Buffer大小:  4848
[03:13:23] 噪声水平: 0.0817
[03:13:23] 
动作统计:
[03:13:23]   wind      : mean= 0.978, std= 0.037, min= 0.829, max= 1.000
[03:13:23]   solar     : mean= 0.025, std= 0.763, min=-1.000, max= 1.000
[03:13:23]   diesel    : mean= 0.965, std= 0.048, min= 0.828, max= 1.000
[03:13:23]   battery   : mean= 0.939, std= 0.083, min= 0.556, max= 1.000
[03:13:23]   customer  : mean= 0.542, std= 0.187, min= 0.172, max= 0.925
[03:13:24] 
======================================================================
[03:13:24] Episode 198/200
[03:13:24] ======================================================================
[03:13:24] 总奖励: 23335.25 | 步数: 24
[03:13:24] 最近10个episodes平均: 21157.72
[03:13:24] 各Agent奖励:
[03:13:24]   wind      : 8569.042
[03:13:24]   solar     : 5098.433
[03:13:24]   diesel    : 9977.590
[03:13:24]   battery   :   41.233
[03:13:24]   customer  : -351.046
[03:13:24] Buffer大小:  4872
[03:13:24] 噪声水平: 0.0816
[03:13:24] 
动作统计:
[03:13:24]   wind      : mean= 0.972, std= 0.043, min= 0.839, max= 1.000
[03:13:24]   solar     : mean= 0.064, std= 0.772, min=-1.000, max= 1.000
[03:13:24]   diesel    : mean= 0.956, std= 0.051, min= 0.764, max= 1.000
[03:13:24]   battery   : mean= 0.948, std= 0.092, min= 0.515, max= 1.000
[03:13:24]   customer  : mean= 0.535, std= 0.185, min= 0.281, max= 0.961
[03:13:24] 
======================================================================
[03:13:24] Episode 199/200
[03:13:24] ======================================================================
[03:13:24] 总奖励: 19739.30 | 步数: 24
[03:13:24] 最近10个episodes平均: 21007.25
[03:13:24] 各Agent奖励:
[03:13:24]   wind      : 11867.709
[03:13:24]   solar     : 2668.857
[03:13:24]   diesel    : 5466.874
[03:13:24]   battery   :   37.148
[03:13:24]   customer  : -301.285
[03:13:24] Buffer大小:  4896
[03:13:24] 噪声水平: 0.0815
[03:13:24] 
动作统计:
[03:13:24]   wind      : mean= 0.958, std= 0.064, min= 0.802, max= 1.000
[03:13:24]   solar     : mean= 0.054, std= 0.776, min=-1.000, max= 1.000
[03:13:24]   diesel    : mean= 0.970, std= 0.044, min= 0.811, max= 1.000
[03:13:24]   battery   : mean= 0.944, std= 0.080, min= 0.668, max= 1.000
[03:13:24]   customer  : mean= 0.527, std= 0.182, min= 0.216, max= 0.860
[03:13:24] 
======================================================================
[03:13:24] Episode 200/200
[03:13:24] ======================================================================
[03:13:24] 总奖励: 25018.91 | 步数: 24
[03:13:24] 最近10个episodes平均: 20907.51
[03:13:24] 各Agent奖励:
[03:13:24]   wind      : 13802.406
[03:13:24]   solar     : 7683.317
[03:13:24]   diesel    : 3830.242
[03:13:24]   battery   :   30.955
[03:13:24]   customer  : -328.009
[03:13:24] Buffer大小:  4920
[03:13:24] 噪声水平: 0.0815
[03:13:24] 
动作统计:
[03:13:24]   wind      : mean= 0.958, std= 0.055, min= 0.843, max= 1.000
[03:13:24]   solar     : mean= 0.033, std= 0.794, min=-1.000, max= 1.000
[03:13:24]   diesel    : mean= 0.962, std= 0.058, min= 0.787, max= 1.000
[03:13:24]   battery   : mean= 0.944, std= 0.114, min= 0.477, max= 1.000
[03:13:24]   customer  : mean= 0.523, std= 0.176, min= 0.252, max= 0.912
[03:13:24] 
📊 生成可视化图表...
[03:13:24]   ✓ 训练曲线: debug_plots/training_ep0200.png
[03:13:24]   ✓ Agent分析: debug_plots/agents_ep0200.png
[03:13:24] 💾 保存检查点: debug_checkpoints/debug_maddpg_20251124_031242_ep0200.pt
[03:13:24] 
======================================================================
[03:13:24] 🎉 训练完成！
[03:13:24] ======================================================================
[03:13:24] 
💾 统计数据已保存: debug_logs/debug_maddpg_20251124_031242_stats.json
[03:13:25] 📊 总结图表: debug_plots/summary_final.png
[03:13:25] 💾 保存检查点: debug_checkpoints/debug_maddpg_20251124_031242_final.pt
