[19:00:01] 
======================================================================
[19:00:01] 🚀 开始调试训练
[19:00:01] ======================================================================
[19:00:01] 
🔥 预热阶段 (10 episodes)
[19:00:01]   预热 1/10
[19:00:01]   预热 2/10
[19:00:01]   预热 3/10
[19:00:01]   预热 4/10
[19:00:01]   预热 5/10
[19:00:01]   预热 6/10
[19:00:02]   预热 7/10
[19:00:02]   预热 8/10
[19:00:02]   预热 9/10
[19:00:02]   预热 10/10
[19:00:02] 
🏋️  训练阶段
[19:00:02] ======================================================================
[19:00:03] 
======================================================================
[19:00:03] Episode 1/200
[19:00:03] ======================================================================
[19:00:03] 总奖励:  -168.17 | 步数: 24
[19:00:03] 最近10个episodes平均:  -168.17
[19:00:03] 
各Agent奖励:
[19:00:03]   wind      :  137.236
[19:00:03]   solar     :   23.229
[19:00:03]   diesel    :    0.000
[19:00:03]   battery   :    0.000
[19:00:03]   customer  : -328.635
[19:00:03] 
🔌 Main Grid 交易:
[19:00:03]   进口电量:   892.69 kWh
[19:00:03]   出口电量:     0.00 kWh
[19:00:03]   净交易量:   892.69 kWh
[19:00:03]   平均出清价:  25.17 cents/kWh
[19:00:03]   市场独立度:  75.20%
[19:00:03] 
Buffer大小:   264
[19:00:03] 噪声水平: 0.0989
[19:00:03] 
动作统计:
[19:00:03]   wind      : mean=-0.615, std= 0.154
[19:00:03]   solar     : mean= 0.486, std= 0.321
[19:00:03]   diesel    : mean=-0.149, std= 0.550
[19:00:03]   battery   : mean= 0.208, std= 0.114
[19:00:03]   customer  : mean= 0.142, std= 0.211
[19:00:03] 
======================================================================
[19:00:03] Episode 2/200
[19:00:03] ======================================================================
[19:00:03] 总奖励:  -196.29 | 步数: 24
[19:00:03] 最近10个episodes平均:  -182.23
[19:00:03] 
各Agent奖励:
[19:00:03]   wind      :  135.391
[19:00:03]   solar     :   16.713
[19:00:03]   diesel    :    0.000
[19:00:03]   battery   :    0.000
[19:00:03]   customer  : -348.395
[19:00:03] 
🔌 Main Grid 交易:
[19:00:03]   进口电量:  1148.73 kWh
[19:00:03]   出口电量:     0.00 kWh
[19:00:03]   净交易量:  1148.73 kWh
[19:00:03]   平均出清价:  24.93 cents/kWh
[19:00:03]   市场独立度:  68.09%
[19:00:03] 
Buffer大小:   288
[19:00:03] 噪声水平: 0.0988
[19:00:03] 
动作统计:
[19:00:03]   wind      : mean=-0.608, std= 0.156
[19:00:03]   solar     : mean= 0.600, std= 0.256
[19:00:03]   diesel    : mean=-0.097, std= 0.625
[19:00:03]   battery   : mean= 0.227, std= 0.123
[19:00:03]   customer  : mean= 0.030, std= 0.186
[19:00:04] 
======================================================================
[19:00:04] Episode 3/200
[19:00:04] ======================================================================
[19:00:04] 总奖励:  -247.39 | 步数: 24
[19:00:04] 最近10个episodes平均:  -203.95
[19:00:04] 
各Agent奖励:
[19:00:04]   wind      :  117.584
[19:00:04]   solar     :   15.189
[19:00:04]   diesel    :    0.000
[19:00:04]   battery   :    0.000
[19:00:04]   customer  : -380.162
[19:00:04] 
🔌 Main Grid 交易:
[19:00:04]   进口电量:  1404.40 kWh
[19:00:04]   出口电量:     0.00 kWh
[19:00:04]   净交易量:  1404.40 kWh
[19:00:04]   平均出清价:  24.61 cents/kWh
[19:00:04]   市场独立度:  60.99%
[19:00:04] 
Buffer大小:   312
[19:00:04] 噪声水平: 0.0987
[19:00:04] 
动作统计:
[19:00:04]   wind      : mean=-0.531, std= 0.159
[19:00:04]   solar     : mean= 0.733, std= 0.212
[19:00:04]   diesel    : mean=-0.046, std= 0.652
[19:00:04]   battery   : mean= 0.379, std= 0.162
[19:00:04]   customer  : mean=-0.242, std= 0.191
[19:00:05] 
======================================================================
[19:00:05] Episode 4/200
[19:00:05] ======================================================================
[19:00:05] 总奖励:  -261.53 | 步数: 24
[19:00:05] 最近10个episodes平均:  -218.34
[19:00:05] 
各Agent奖励:
[19:00:05]   wind      :  118.907
[19:00:05]   solar     :    9.552
[19:00:05]   diesel    :    0.000
[19:00:05]   battery   :    0.000
[19:00:05]   customer  : -389.989
[19:00:05] 
🔌 Main Grid 交易:
[19:00:05]   进口电量:  1419.86 kWh
[19:00:05]   出口电量:     0.00 kWh
[19:00:05]   净交易量:  1419.86 kWh
[19:00:05]   平均出清价:  24.79 cents/kWh
[19:00:05]   市场独立度:  60.56%
[19:00:05] 
Buffer大小:   336
[19:00:05] 噪声水平: 0.0986
[19:00:05] 
动作统计:
[19:00:05]   wind      : mean=-0.453, std= 0.156
[19:00:05]   solar     : mean= 0.835, std= 0.156
[19:00:05]   diesel    : mean= 0.050, std= 0.727
[19:00:05]   battery   : mean= 0.589, std= 0.205
[19:00:05]   customer  : mean=-0.504, std= 0.128
[19:00:06] 
======================================================================
[19:00:06] Episode 5/200
[19:00:06] ======================================================================
[19:00:06] 总奖励:  -238.07 | 步数: 24
[19:00:06] 最近10个episodes平均:  -222.29
[19:00:06] 
各Agent奖励:
[19:00:06]   wind      :  118.659
[19:00:06]   solar     :   12.174
[19:00:06]   diesel    :    0.000
[19:00:06]   battery   :    0.000
[19:00:06]   customer  : -368.906
[19:00:06] 
🔌 Main Grid 交易:
[19:00:06]   进口电量:  1359.31 kWh
[19:00:06]   出口电量:     0.00 kWh
[19:00:06]   净交易量:  1359.31 kWh
[19:00:06]   平均出清价:  25.02 cents/kWh
[19:00:06]   市场独立度:  62.24%
[19:00:06] 
Buffer大小:   360
[19:00:06] 噪声水平: 0.0985
[19:00:06] 
动作统计:
[19:00:06]   wind      : mean=-0.482, std= 0.137
[19:00:06]   solar     : mean= 0.803, std= 0.139
[19:00:06]   diesel    : mean= 0.125, std= 0.751
[19:00:06]   battery   : mean= 0.714, std= 0.178
[19:00:06]   customer  : mean=-0.719, std= 0.100
[19:00:06] 
======================================================================
[19:00:06] Episode 6/200
[19:00:06] ======================================================================
[19:00:06] 总奖励:  -251.28 | 步数: 24
[19:00:06] 最近10个episodes平均:  -227.12
[19:00:06] 
各Agent奖励:
[19:00:06]   wind      :  115.468
[19:00:06]   solar     :   22.453
[19:00:06]   diesel    :    0.000
[19:00:06]   battery   :    0.000
[19:00:06]   customer  : -389.201
[19:00:06] 
🔌 Main Grid 交易:
[19:00:06]   进口电量:  1445.34 kWh
[19:00:06]   出口电量:     0.00 kWh
[19:00:06]   净交易量:  1445.34 kWh
[19:00:06]   平均出清价:  24.95 cents/kWh
[19:00:06]   市场独立度:  59.85%
[19:00:06] 
Buffer大小:   384
[19:00:06] 噪声水平: 0.0984
[19:00:06] 
动作统计:
[19:00:06]   wind      : mean=-0.479, std= 0.155
[19:00:06]   solar     : mean= 0.702, std= 0.150
[19:00:06]   diesel    : mean= 0.187, std= 0.713
[19:00:06]   battery   : mean= 0.768, std= 0.162
[19:00:06]   customer  : mean=-0.782, std= 0.110
[19:00:07] 
======================================================================
[19:00:07] Episode 7/200
[19:00:07] ======================================================================
[19:00:07] 总奖励:  -226.32 | 步数: 24
[19:00:07] 最近10个episodes平均:  -227.01
[19:00:07] 
各Agent奖励:
[19:00:07]   wind      :  104.838
[19:00:07]   solar     :   27.497
[19:00:07]   diesel    :    0.000
[19:00:07]   battery   :    0.000
[19:00:07]   customer  : -358.652
[19:00:07] 
🔌 Main Grid 交易:
[19:00:07]   进口电量:  1392.86 kWh
[19:00:07]   出口电量:     0.00 kWh
[19:00:07]   净交易量:  1392.86 kWh
[19:00:07]   平均出清价:  25.00 cents/kWh
[19:00:07]   市场独立度:  61.31%
[19:00:07] 
Buffer大小:   408
[19:00:07] 噪声水平: 0.0983
[19:00:07] 
动作统计:
[19:00:07]   wind      : mean=-0.438, std= 0.109
[19:00:07]   solar     : mean= 0.460, std= 0.189
[19:00:07]   diesel    : mean= 0.251, std= 0.712
[19:00:07]   battery   : mean= 0.764, std= 0.220
[19:00:07]   customer  : mean=-0.843, std= 0.087
[19:00:08] 
======================================================================
[19:00:08] Episode 8/200
[19:00:08] ======================================================================
[19:00:08] 总奖励:  -191.69 | 步数: 24
[19:00:08] 最近10个episodes平均:  -222.59
[19:00:08] 
各Agent奖励:
[19:00:08]   wind      :  133.368
[19:00:08]   solar     :   30.042
[19:00:08]   diesel    :    0.000
[19:00:08]   battery   :    0.000
[19:00:08]   customer  : -355.104
[19:00:08] 
🔌 Main Grid 交易:
[19:00:08]   进口电量:  1255.49 kWh
[19:00:08]   出口电量:     0.00 kWh
[19:00:08]   净交易量:  1255.49 kWh
[19:00:08]   平均出清价:  24.68 cents/kWh
[19:00:08]   市场独立度:  65.13%
[19:00:08] 
Buffer大小:   432
[19:00:08] 噪声水平: 0.0982
[19:00:08] 
动作统计:
[19:00:08]   wind      : mean=-0.321, std= 0.207
[19:00:08]   solar     : mean= 0.196, std= 0.262
[19:00:08]   diesel    : mean= 0.298, std= 0.653
[19:00:08]   battery   : mean= 0.754, std= 0.238
[19:00:08]   customer  : mean=-0.884, std= 0.098
[19:00:09] 
======================================================================
[19:00:09] Episode 9/200
[19:00:09] ======================================================================
[19:00:09] 总奖励:  -184.04 | 步数: 24
[19:00:09] 最近10个episodes平均:  -218.31
[19:00:09] 
各Agent奖励:
[19:00:09]   wind      :  128.782
[19:00:09]   solar     :   35.700
[19:00:09]   diesel    :    0.372
[19:00:09]   battery   :    2.872
[19:00:09]   customer  : -351.762
[19:00:09] 
🔌 Main Grid 交易:
[19:00:09]   进口电量:  1010.53 kWh
[19:00:09]   出口电量:     0.00 kWh
[19:00:09]   净交易量:  1010.53 kWh
[19:00:09]   平均出清价:  25.09 cents/kWh
[19:00:09]   市场独立度:  71.93%
[19:00:09] 
Buffer大小:   456
[19:00:09] 噪声水平: 0.0981
[19:00:09] 
动作统计:
[19:00:09]   wind      : mean=-0.256, std= 0.235
[19:00:09]   solar     : mean=-0.051, std= 0.400
[19:00:09]   diesel    : mean= 0.422, std= 0.583
[19:00:09]   battery   : mean= 0.780, std= 0.261
[19:00:09]   customer  : mean=-0.880, std= 0.090
[19:00:10] 
======================================================================
[19:00:10] Episode 10/200
[19:00:10] ======================================================================
[19:00:10] 总奖励:  -186.90 | 步数: 24
[19:00:10] 最近10个episodes平均:  -215.17
[19:00:10] 
各Agent奖励:
[19:00:10]   wind      :  131.433
[19:00:10]   solar     :   34.422
[19:00:10]   diesel    :   17.533
[19:00:10]   battery   :    2.729
[19:00:10]   customer  : -373.021
[19:00:10] 
🔌 Main Grid 交易:
[19:00:10]   进口电量:   864.54 kWh
[19:00:10]   出口电量:    30.00 kWh
[19:00:10]   净交易量:   834.54 kWh
[19:00:10]   平均出清价:  24.63 cents/kWh
[19:00:10]   市场独立度:  75.15%
[19:00:10] 
Buffer大小:   480
[19:00:10] 噪声水平: 0.0980
[19:00:10] 
动作统计:
[19:00:10]   wind      : mean=-0.313, std= 0.316
[19:00:10]   solar     : mean=-0.266, std= 0.556
[19:00:10]   diesel    : mean= 0.513, std= 0.527
[19:00:10]   battery   : mean= 0.756, std= 0.313
[19:00:10]   customer  : mean=-0.909, std= 0.078
[19:00:10] 
📊 生成可视化图表...
[19:00:11]   ✓ debug_plots/training_ep0010.png
[19:00:11] 
======================================================================
[19:00:11] Episode 11/200
[19:00:11] ======================================================================
[19:00:11] 总奖励:  -190.95 | 步数: 24
[19:00:11] 最近10个episodes平均:  -217.45
[19:00:11] 
各Agent奖励:
[19:00:11]   wind      :  104.588
[19:00:11]   solar     :   27.074
[19:00:11]   diesel    :   32.612
[19:00:11]   battery   :   -1.398
[19:00:11]   customer  : -353.825
[19:00:11] 
🔌 Main Grid 交易:
[19:00:11]   进口电量:   592.92 kWh
[19:00:11]   出口电量:    51.17 kWh
[19:00:11]   净交易量:   541.74 kWh
[19:00:11]   平均出清价:  24.38 cents/kWh
[19:00:11]   市场独立度:  82.11%
[19:00:11] 
Buffer大小:   504
[19:00:11] 噪声水平: 0.0979
[19:00:11] 
动作统计:
[19:00:11]   wind      : mean=-0.458, std= 0.330
[19:00:11]   solar     : mean=-0.393, std= 0.601
[19:00:11]   diesel    : mean= 0.604, std= 0.470
[19:00:11]   battery   : mean= 0.746, std= 0.375
[19:00:11]   customer  : mean=-0.923, std= 0.097
[19:00:12] 
======================================================================
[19:00:12] Episode 12/200
[19:00:12] ======================================================================
[19:00:12] 总奖励:  -149.04 | 步数: 24
[19:00:12] 最近10个episodes平均:  -212.72
[19:00:12] 
各Agent奖励:
[19:00:12]   wind      :  113.934
[19:00:12]   solar     :   30.121
[19:00:12]   diesel    :   51.539
[19:00:12]   battery   :    2.619
[19:00:12]   customer  : -347.253
[19:00:12] 
🔌 Main Grid 交易:
[19:00:12]   进口电量:   432.54 kWh
[19:00:12]   出口电量:   247.20 kWh
[19:00:12]   净交易量:   185.34 kWh
[19:00:12]   平均出清价:  23.59 cents/kWh
[19:00:12]   市场独立度:  81.12%
[19:00:12] 
Buffer大小:   528
[19:00:12] 噪声水平: 0.0978
[19:00:12] 
动作统计:
[19:00:12]   wind      : mean=-0.673, std= 0.273
[19:00:12]   solar     : mean=-0.464, std= 0.612
[19:00:12]   diesel    : mean= 0.684, std= 0.420
[19:00:12]   battery   : mean= 0.707, std= 0.437
[19:00:12]   customer  : mean=-0.905, std= 0.095
[19:00:13] 
======================================================================
[19:00:13] Episode 13/200
[19:00:13] ======================================================================
[19:00:13] 总奖励:  -124.00 | 步数: 24
[19:00:13] 最近10个episodes平均:  -200.38
[19:00:13] 
各Agent奖励:
[19:00:13]   wind      :  128.404
[19:00:13]   solar     :   31.766
[19:00:13]   diesel    :   55.614
[19:00:13]   battery   :    2.255
[19:00:13]   customer  : -342.035
[19:00:13] 
🔌 Main Grid 交易:
[19:00:13]   进口电量:   304.32 kWh
[19:00:13]   出口电量:   311.95 kWh
[19:00:13]   净交易量:    -7.63 kWh
[19:00:13]   平均出清价:  23.32 cents/kWh
[19:00:13]   市场独立度:  82.88%
[19:00:13] 
Buffer大小:   552
[19:00:13] 噪声水平: 0.0977
[19:00:13] 
动作统计:
[19:00:13]   wind      : mean=-0.801, std= 0.174
[19:00:13]   solar     : mean=-0.438, std= 0.621
[19:00:13]   diesel    : mean= 0.714, std= 0.281
[19:00:13]   battery   : mean= 0.672, std= 0.488
[19:00:13]   customer  : mean=-0.942, std= 0.078
[19:00:14] 
======================================================================
[19:00:14] Episode 14/200
[19:00:14] ======================================================================
[19:00:14] 总奖励:  -139.34 | 步数: 24
[19:00:14] 最近10个episodes平均:  -188.16
[19:00:14] 
各Agent奖励:
[19:00:14]   wind      :   86.936
[19:00:14]   solar     :   24.599
[19:00:14]   diesel    :   72.651
[19:00:14]   battery   :    2.456
[19:00:14]   customer  : -325.982
[19:00:14] 
🔌 Main Grid 交易:
[19:00:14]   进口电量:   295.55 kWh
[19:00:14]   出口电量:   395.14 kWh
[19:00:14]   净交易量:   -99.58 kWh
[19:00:14]   平均出清价:  21.31 cents/kWh
[19:00:14]   市场独立度:  80.81%
[19:00:14] 
Buffer大小:   576
[19:00:14] 噪声水平: 0.0976
[19:00:14] 
动作统计:
[19:00:14]   wind      : mean=-0.923, std= 0.083
[19:00:14]   solar     : mean=-0.532, std= 0.591
[19:00:14]   diesel    : mean= 0.659, std= 0.276
[19:00:14]   battery   : mean= 0.629, std= 0.549
[19:00:14]   customer  : mean=-0.957, std= 0.058
[19:00:14] 
======================================================================
[19:00:14] Episode 15/200
[19:00:14] ======================================================================
[19:00:14] 总奖励:  -110.15 | 步数: 24
[19:00:14] 最近10个episodes平均:  -175.37
[19:00:14] 
各Agent奖励:
[19:00:14]   wind      :   64.414
[19:00:14]   solar     :    7.967
[19:00:14]   diesel    :   52.057
[19:00:14]   battery   :   -2.365
[19:00:14]   customer  : -232.218
[19:00:14] 
🔌 Main Grid 交易:
[19:00:14]   进口电量:   198.42 kWh
[19:00:14]   出口电量:   468.53 kWh
[19:00:14]   净交易量:  -270.11 kWh
[19:00:14]   平均出清价:  14.67 cents/kWh
[19:00:14]   市场独立度:  81.47%
[19:00:14] 
Buffer大小:   600
[19:00:14] 噪声水平: 0.0975
[19:00:14] 
动作统计:
[19:00:14]   wind      : mean=-0.947, std= 0.072
[19:00:14]   solar     : mean=-0.506, std= 0.589
[19:00:14]   diesel    : mean= 0.533, std= 0.425
[19:00:14]   battery   : mean= 0.579, std= 0.600
[19:00:14]   customer  : mean=-0.945, std= 0.074
[19:00:15] 
======================================================================
[19:00:15] Episode 16/200
[19:00:15] ======================================================================
[19:00:15] 总奖励:  -127.36 | 步数: 24
[19:00:15] 最近10个episodes平均:  -162.98
[19:00:15] 
各Agent奖励:
[19:00:15]   wind      :   21.785
[19:00:15]   solar     :    8.013
[19:00:15]   diesel    :  -12.432
[19:00:15]   battery   :   -7.008
[19:00:15]   customer  : -137.719
[19:00:15] 
🔌 Main Grid 交易:
[19:00:15]   进口电量:   218.16 kWh
[19:00:15]   出口电量:   460.15 kWh
[19:00:15]   净交易量:  -241.99 kWh
[19:00:15]   平均出清价:   6.10 cents/kWh
[19:00:15]   市场独立度:  81.16%
[19:00:15] 
Buffer大小:   624
[19:00:15] 噪声水平: 0.0974
[19:00:15] 
动作统计:
[19:00:15]   wind      : mean=-0.948, std= 0.076
[19:00:15]   solar     : mean=-0.545, std= 0.534
[19:00:15]   diesel    : mean= 0.346, std= 0.622
[19:00:15]   battery   : mean= 0.494, std= 0.618
[19:00:15]   customer  : mean=-0.945, std= 0.065
[19:00:16] 
======================================================================
[19:00:16] Episode 17/200
[19:00:16] ======================================================================
[19:00:16] 总奖励:  -137.67 | 步数: 24
[19:00:16] 最近10个episodes平均:  -154.11
[19:00:16] 
各Agent奖励:
[19:00:16]   wind      :  -20.946
[19:00:16]   solar     :    8.682
[19:00:16]   diesel    :  -78.516
[19:00:16]   battery   :    0.000
[19:00:16]   customer  :  -46.886
[19:00:16] 
🔌 Main Grid 交易:
[19:00:16]   进口电量:   206.15 kWh
[19:00:16]   出口电量:   566.07 kWh
[19:00:16]   净交易量:  -359.92 kWh
[19:00:16]   平均出清价:  -2.43 cents/kWh
[19:00:16]   市场独立度:  78.55%
[19:00:16] 
Buffer大小:   648
[19:00:16] 噪声水平: 0.0973
[19:00:16] 
动作统计:
[19:00:16]   wind      : mean=-0.947, std= 0.059
[19:00:16]   solar     : mean=-0.556, std= 0.581
[19:00:16]   diesel    : mean= 0.192, std= 0.773
[19:00:16]   battery   : mean= 0.479, std= 0.601
[19:00:16]   customer  : mean=-0.942, std= 0.058
[19:00:17] 
======================================================================
[19:00:17] Episode 18/200
[19:00:17] ======================================================================
[19:00:17] 总奖励:  -136.78 | 步数: 24
[19:00:17] 最近10个episodes平均:  -148.62
[19:00:17] 
各Agent奖励:
[19:00:17]   wind      :  -16.626
[19:00:17]   solar     :    7.040
[19:00:17]   diesel    :  -63.492
[19:00:17]   battery   :   -5.771
[19:00:17]   customer  :  -57.930
[19:00:17] 
🔌 Main Grid 交易:
[19:00:17]   进口电量:   208.67 kWh
[19:00:17]   出口电量:   553.42 kWh
[19:00:17]   净交易量:  -344.75 kWh
[19:00:17]   平均出清价:  -2.53 cents/kWh
[19:00:17]   市场独立度:  78.83%
[19:00:17] 
Buffer大小:   672
[19:00:17] 噪声水平: 0.0972
[19:00:17] 
动作统计:
[19:00:17]   wind      : mean=-0.972, std= 0.045
[19:00:17]   solar     : mean=-0.570, std= 0.581
[19:00:17]   diesel    : mean= 0.129, std= 0.825
[19:00:17]   battery   : mean= 0.493, std= 0.610
[19:00:17]   customer  : mean=-0.931, std= 0.073
[19:00:18] 
======================================================================
[19:00:18] Episode 19/200
[19:00:18] ======================================================================
[19:00:18] 总奖励:  -129.96 | 步数: 24
[19:00:18] 最近10个episodes平均:  -143.21
[19:00:18] 
各Agent奖励:
[19:00:18]   wind      :  -17.259
[19:00:18]   solar     :    2.621
[19:00:18]   diesel    : -132.066
[19:00:18]   battery   :  -10.355
[19:00:18]   customer  :   27.097
[19:00:18] 
🔌 Main Grid 交易:
[19:00:18]   进口电量:   171.16 kWh
[19:00:18]   出口电量:   616.45 kWh
[19:00:18]   净交易量:  -445.30 kWh
[19:00:18]   平均出清价:  -3.11 cents/kWh
[19:00:18]   市场独立度:  78.12%
[19:00:18] 
Buffer大小:   696
[19:00:18] 噪声水平: 0.0971
[19:00:18] 
动作统计:
[19:00:18]   wind      : mean=-0.944, std= 0.064
[19:00:18]   solar     : mean=-0.572, std= 0.568
[19:00:18]   diesel    : mean= 0.203, std= 0.776
[19:00:18]   battery   : mean= 0.487, std= 0.590
[19:00:18]   customer  : mean=-0.961, std= 0.067
[19:00:19] 
======================================================================
[19:00:19] Episode 20/200
[19:00:19] ======================================================================
[19:00:19] 总奖励:   -89.12 | 步数: 24
[19:00:19] 最近10个episodes平均:  -133.44
[19:00:19] 
各Agent奖励:
[19:00:19]   wind      :   39.870
[19:00:19]   solar     :    7.300
[19:00:19]   diesel    :  -53.924
[19:00:19]   battery   :   -9.444
[19:00:19]   customer  :  -72.918
[19:00:19] 
🔌 Main Grid 交易:
[19:00:19]   进口电量:   119.05 kWh
[19:00:19]   出口电量:   555.82 kWh
[19:00:19]   净交易量:  -436.77 kWh
[19:00:19]   平均出清价:   4.74 cents/kWh
[19:00:19]   市场独立度:  81.25%
[19:00:19] 
Buffer大小:   720
[19:00:19] 噪声水平: 0.0970
[19:00:19] 
动作统计:
[19:00:19]   wind      : mean=-0.935, std= 0.097
[19:00:19]   solar     : mean=-0.608, std= 0.544
[19:00:19]   diesel    : mean= 0.334, std= 0.668
[19:00:19]   battery   : mean= 0.465, std= 0.568
[19:00:19]   customer  : mean=-0.937, std= 0.073
[19:00:19] 
📊 生成可视化图表...
[19:00:20]   ✓ debug_plots/training_ep0020.png
[19:00:21] 
======================================================================
[19:00:21] Episode 21/200
[19:00:21] ======================================================================
[19:00:21] 总奖励:   -91.63 | 步数: 24
[19:00:21] 最近10个episodes平均:  -123.50
[19:00:21] 
各Agent奖励:
[19:00:21]   wind      :   70.312
[19:00:21]   solar     :   11.313
[19:00:21]   diesel    :   57.473
[19:00:21]   battery   :   -8.780
[19:00:21]   customer  : -221.951
[19:00:21] 
🔌 Main Grid 交易:
[19:00:21]   进口电量:   179.24 kWh
[19:00:21]   出口电量:   542.17 kWh
[19:00:21]   净交易量:  -362.93 kWh
[19:00:21]   平均出清价:  14.75 cents/kWh
[19:00:21]   市场独立度:  79.96%
[19:00:21] 
Buffer大小:   744
[19:00:21] 噪声水平: 0.0969
[19:00:21] 
动作统计:
[19:00:21]   wind      : mean=-0.966, std= 0.060
[19:00:21]   solar     : mean=-0.621, std= 0.528
[19:00:21]   diesel    : mean= 0.462, std= 0.605
[19:00:21]   battery   : mean= 0.472, std= 0.572
[19:00:21]   customer  : mean=-0.968, std= 0.043
[19:00:22] 
======================================================================
[19:00:22] Episode 22/200
[19:00:22] ======================================================================
[19:00:22] 总奖励:   -81.92 | 步数: 24
[19:00:22] 最近10个episodes平均:  -116.79
[19:00:22] 
各Agent奖励:
[19:00:22]   wind      :   95.736
[19:00:22]   solar     :   18.696
[19:00:22]   diesel    :   64.743
[19:00:22]   battery   :   -7.930
[19:00:22]   customer  : -253.161
[19:00:22] 
🔌 Main Grid 交易:
[19:00:22]   进口电量:   147.95 kWh
[19:00:22]   出口电量:   516.13 kWh
[19:00:22]   净交易量:  -368.18 kWh
[19:00:22]   平均出清价:  18.04 cents/kWh
[19:00:22]   市场独立度:  81.55%
[19:00:22] 
Buffer大小:   768
[19:00:22] 噪声水平: 0.0968
[19:00:22] 
动作统计:
[19:00:22]   wind      : mean=-0.972, std= 0.046
[19:00:22]   solar     : mean=-0.583, std= 0.583
[19:00:22]   diesel    : mean= 0.532, std= 0.548
[19:00:22]   battery   : mean= 0.451, std= 0.585
[19:00:22]   customer  : mean=-0.940, std= 0.067
[19:00:22] 
======================================================================
[19:00:22] Episode 23/200
[19:00:22] ======================================================================
[19:00:22] 总奖励:  -116.68 | 步数: 24
[19:00:22] 最近10个episodes平均:  -116.06
[19:00:22] 
各Agent奖励:
[19:00:22]   wind      :   81.981
[19:00:22]   solar     :   19.420
[19:00:22]   diesel    :   33.763
[19:00:22]   battery   :   -2.607
[19:00:22]   customer  : -249.241
[19:00:22] 
🔌 Main Grid 交易:
[19:00:22]   进口电量:   124.96 kWh
[19:00:22]   出口电量:   448.73 kWh
[19:00:22]   净交易量:  -323.77 kWh
[19:00:22]   平均出清价:  17.30 cents/kWh
[19:00:22]   市场独立度:  84.06%
[19:00:22] 
Buffer大小:   792
[19:00:22] 噪声水平: 0.0968
[19:00:22] 
动作统计:
[19:00:22]   wind      : mean=-0.970, std= 0.045
[19:00:22]   solar     : mean=-0.582, std= 0.560
[19:00:22]   diesel    : mean= 0.573, std= 0.528
[19:00:22]   battery   : mean= 0.391, std= 0.589
[19:00:22]   customer  : mean=-0.974, std= 0.040
[19:00:23] 
======================================================================
[19:00:23] Episode 24/200
[19:00:23] ======================================================================
[19:00:23] 总奖励:   -99.55 | 步数: 24
[19:00:23] 最近10个episodes平均:  -112.08
[19:00:23] 
各Agent奖励:
[19:00:23]   wind      :  101.217
[19:00:23]   solar     :   23.261
[19:00:23]   diesel    :   61.176
[19:00:23]   battery   :   -2.200
[19:00:23]   customer  : -283.005
[19:00:23] 
🔌 Main Grid 交易:
[19:00:23]   进口电量:   181.51 kWh
[19:00:23]   出口电量:   529.65 kWh
[19:00:23]   净交易量:  -348.14 kWh
[19:00:23]   平均出清价:  20.13 cents/kWh
[19:00:23]   市场独立度:  80.25%
[19:00:23] 
Buffer大小:   816
[19:00:23] 噪声水平: 0.0967
[19:00:23] 
动作统计:
[19:00:23]   wind      : mean=-0.969, std= 0.038
[19:00:23]   solar     : mean=-0.604, std= 0.551
[19:00:23]   diesel    : mean= 0.625, std= 0.517
[19:00:23]   battery   : mean= 0.417, std= 0.562
[19:00:23]   customer  : mean=-0.968, std= 0.050
[19:00:24] 
======================================================================
[19:00:24] Episode 25/200
[19:00:24] ======================================================================
[19:00:24] 总奖励:   -84.76 | 步数: 24
[19:00:24] 最近10个episodes平均:  -109.54
[19:00:24] 
各Agent奖励:
[19:00:24]   wind      :  118.220
[19:00:24]   solar     :   21.983
[19:00:24]   diesel    :   53.987
[19:00:24]   battery   :    2.249
[19:00:24]   customer  : -281.198
[19:00:24] 
🔌 Main Grid 交易:
[19:00:24]   进口电量:   137.77 kWh
[19:00:24]   出口电量:   582.18 kWh
[19:00:24]   净交易量:  -444.40 kWh
[19:00:24]   平均出清价:  20.95 cents/kWh
[19:00:24]   市场独立度:  80.00%
[19:00:24] 
Buffer大小:   840
[19:00:24] 噪声水平: 0.0966
[19:00:24] 
动作统计:
[19:00:24]   wind      : mean=-0.966, std= 0.060
[19:00:24]   solar     : mean=-0.646, std= 0.515
[19:00:24]   diesel    : mean= 0.652, std= 0.491
[19:00:24]   battery   : mean= 0.416, std= 0.581
[19:00:24]   customer  : mean=-0.961, std= 0.058
[19:00:25] 
======================================================================
[19:00:25] Episode 26/200
[19:00:25] ======================================================================
[19:00:25] 总奖励:  -116.47 | 步数: 24
[19:00:25] 最近10个episodes平均:  -108.45
[19:00:25] 
各Agent奖励:
[19:00:25]   wind      :  107.205
[19:00:25]   solar     :   30.479
[19:00:25]   diesel    :   55.058
[19:00:25]   battery   :    1.896
[19:00:25]   customer  : -311.108
[19:00:25] 
🔌 Main Grid 交易:
[19:00:25]   进口电量:   168.00 kWh
[19:00:25]   出口电量:   544.17 kWh
[19:00:25]   净交易量:  -376.17 kWh
[19:00:25]   平均出清价:  23.04 cents/kWh
[19:00:25]   市场独立度:  80.22%
[19:00:25] 
Buffer大小:   864
[19:00:25] 噪声水平: 0.0965
[19:00:25] 
动作统计:
[19:00:25]   wind      : mean=-0.958, std= 0.053
[19:00:25]   solar     : mean=-0.642, std= 0.493
[19:00:25]   diesel    : mean= 0.684, std= 0.491
[19:00:25]   battery   : mean= 0.425, std= 0.543
[19:00:25]   customer  : mean=-0.963, std= 0.062
[19:00:26] 
======================================================================
[19:00:26] Episode 27/200
[19:00:26] ======================================================================
[19:00:26] 总奖励:  -144.19 | 步数: 24
[19:00:26] 最近10个episodes平均:  -109.11
[19:00:26] 
各Agent奖励:
[19:00:26]   wind      :  105.516
[19:00:26]   solar     :   26.183
[19:00:26]   diesel    :   68.331
[19:00:26]   battery   :    1.948
[19:00:26]   customer  : -346.167
[19:00:26] 
🔌 Main Grid 交易:
[19:00:26]   进口电量:   210.97 kWh
[19:00:26]   出口电量:   499.30 kWh
[19:00:26]   净交易量:  -288.32 kWh
[19:00:26]   平均出清价:  22.76 cents/kWh
[19:00:26]   市场独立度:  80.27%
[19:00:26] 
Buffer大小:   888
[19:00:26] 噪声水平: 0.0964
[19:00:26] 
动作统计:
[19:00:26]   wind      : mean=-0.965, std= 0.062
[19:00:26]   solar     : mean=-0.651, std= 0.478
[19:00:26]   diesel    : mean= 0.696, std= 0.479
[19:00:26]   battery   : mean= 0.454, std= 0.508
[19:00:26]   customer  : mean=-0.964, std= 0.052
[19:00:27] 
======================================================================
[19:00:27] Episode 28/200
[19:00:27] ======================================================================
[19:00:27] 总奖励:  -126.93 | 步数: 24
[19:00:27] 最近10个episodes平均:  -108.12
[19:00:27] 
各Agent奖励:
[19:00:27]   wind      :  138.229
[19:00:27]   solar     :   34.236
[19:00:27]   diesel    :   51.920
[19:00:27]   battery   :  -13.459
[19:00:27]   customer  : -337.852
[19:00:27] 
🔌 Main Grid 交易:
[19:00:27]   进口电量:   180.11 kWh
[19:00:27]   出口电量:   576.75 kWh
[19:00:27]   净交易量:  -396.64 kWh
[19:00:27]   平均出清价:  24.91 cents/kWh
[19:00:27]   市场独立度:  78.98%
[19:00:27] 
Buffer大小:   912
[19:00:27] 噪声水平: 0.0963
[19:00:27] 
动作统计:
[19:00:27]   wind      : mean=-0.952, std= 0.074
[19:00:27]   solar     : mean=-0.648, std= 0.517
[19:00:27]   diesel    : mean= 0.733, std= 0.452
[19:00:27]   battery   : mean= 0.475, std= 0.507
[19:00:27]   customer  : mean=-0.966, std= 0.043
[19:00:28] 
======================================================================
[19:00:28] Episode 29/200
[19:00:28] ======================================================================
[19:00:28] 总奖励:  -159.36 | 步数: 24
[19:00:28] 最近10个episodes平均:  -111.06
[19:00:28] 
各Agent奖励:
[19:00:28]   wind      :   88.516
[19:00:28]   solar     :   33.663
[19:00:28]   diesel    :   92.370
[19:00:28]   battery   :    2.293
[19:00:28]   customer  : -376.205
[19:00:28] 
🔌 Main Grid 交易:
[19:00:28]   进口电量:   137.37 kWh
[19:00:28]   出口电量:   375.09 kWh
[19:00:28]   净交易量:  -237.72 kWh
[19:00:28]   平均出清价:  24.54 cents/kWh
[19:00:28]   市场独立度:  85.77%
[19:00:28] 
Buffer大小:   936
[19:00:28] 噪声水平: 0.0962
[19:00:28] 
动作统计:
[19:00:28]   wind      : mean=-0.957, std= 0.061
[19:00:28]   solar     : mean=-0.630, std= 0.521
[19:00:28]   diesel    : mean= 0.708, std= 0.479
[19:00:28]   battery   : mean= 0.499, std= 0.451
[19:00:28]   customer  : mean=-0.979, std= 0.035
[19:00:29] 
======================================================================
[19:00:29] Episode 30/200
[19:00:29] ======================================================================
[19:00:29] 总奖励:  -119.87 | 步数: 24
[19:00:29] 最近10个episodes平均:  -114.14
[19:00:29] 
各Agent奖励:
[19:00:29]   wind      :  120.183
[19:00:29]   solar     :   34.325
[19:00:29]   diesel    :   72.691
[19:00:29]   battery   :    1.753
[19:00:29]   customer  : -348.823
[19:00:29] 
🔌 Main Grid 交易:
[19:00:29]   进口电量:   183.77 kWh
[19:00:29]   出口电量:   536.85 kWh
[19:00:29]   净交易量:  -353.08 kWh
[19:00:29]   平均出清价:  24.20 cents/kWh
[19:00:29]   市场独立度:  79.98%
[19:00:29] 
Buffer大小:   960
[19:00:29] 噪声水平: 0.0961
[19:00:29] 
动作统计:
[19:00:29]   wind      : mean=-0.985, std= 0.037
[19:00:29]   solar     : mean=-0.595, std= 0.534
[19:00:29]   diesel    : mean= 0.755, std= 0.441
[19:00:29]   battery   : mean= 0.527, std= 0.392
[19:00:29]   customer  : mean=-0.965, std= 0.041
[19:00:29] 
📊 生成可视化图表...
[19:00:29]   ✓ debug_plots/training_ep0030.png
[19:00:30] 
======================================================================
[19:00:30] Episode 31/200
[19:00:30] ======================================================================
[19:00:30] 总奖励:  -145.07 | 步数: 24
[19:00:30] 最近10个episodes平均:  -119.48
[19:00:30] 
各Agent奖励:
[19:00:30]   wind      :  107.723
[19:00:30]   solar     :   33.341
[19:00:30]   diesel    :   78.850
[19:00:30]   battery   :    2.319
[19:00:30]   customer  : -367.303
[19:00:30] 
🔌 Main Grid 交易:
[19:00:30]   进口电量:   233.82 kWh
[19:00:30]   出口电量:   480.58 kWh
[19:00:30]   净交易量:  -246.77 kWh
[19:00:30]   平均出清价:  24.26 cents/kWh
[19:00:30]   市场独立度:  80.16%
[19:00:30] 
Buffer大小:   984
[19:00:30] 噪声水平: 0.0960
[19:00:30] 
动作统计:
[19:00:30]   wind      : mean=-0.962, std= 0.053
[19:00:30]   solar     : mean=-0.639, std= 0.489
[19:00:30]   diesel    : mean= 0.698, std= 0.509
[19:00:30]   battery   : mean= 0.572, std= 0.330
[19:00:30]   customer  : mean=-0.967, std= 0.053
[19:00:31] 
======================================================================
[19:00:31] Episode 32/200
[19:00:31] ======================================================================
[19:00:31] 总奖励:   -88.69 | 步数: 24
[19:00:31] 最近10个episodes平均:  -120.16
[19:00:31] 
各Agent奖励:
[19:00:31]   wind      :  141.099
[19:00:31]   solar     :   30.562
[19:00:31]   diesel    :   65.220
[19:00:31]   battery   :    2.857
[19:00:31]   customer  : -328.429
[19:00:31] 
🔌 Main Grid 交易:
[19:00:31]   进口电量:   123.00 kWh
[19:00:31]   出口电量:   582.83 kWh
[19:00:31]   净交易量:  -459.82 kWh
[19:00:31]   平均出清价:  23.75 cents/kWh
[19:00:31]   市场独立度:  80.39%
[19:00:31] 
Buffer大小:  1008
[19:00:31] 噪声水平: 0.0959
[19:00:31] 
动作统计:
[19:00:31]   wind      : mean=-0.972, std= 0.048
[19:00:31]   solar     : mean=-0.650, std= 0.456
[19:00:31]   diesel    : mean= 0.725, std= 0.486
[19:00:31]   battery   : mean= 0.558, std= 0.332
[19:00:31]   customer  : mean=-0.955, std= 0.058
[19:00:32] 
======================================================================
[19:00:32] Episode 33/200
[19:00:32] ======================================================================
[19:00:32] 总奖励:  -149.68 | 步数: 24
[19:00:32] 最近10个episodes平均:  -123.46
[19:00:32] 
各Agent奖励:
[19:00:32]   wind      :  103.248
[19:00:32]   solar     :   30.918
[19:00:32]   diesel    :   60.546
[19:00:32]   battery   :    2.110
[19:00:32]   customer  : -346.502
[19:00:32] 
🔌 Main Grid 交易:
[19:00:32]   进口电量:   198.14 kWh
[19:00:32]   出口电量:   498.39 kWh
[19:00:32]   净交易量:  -300.25 kWh
[19:00:32]   平均出清价:  23.77 cents/kWh
[19:00:32]   市场独立度:  80.65%
[19:00:32] 
Buffer大小:  1032
[19:00:32] 噪声水平: 0.0958
[19:00:32] 
动作统计:
[19:00:32]   wind      : mean=-0.958, std= 0.079
[19:00:32]   solar     : mean=-0.614, std= 0.503
[19:00:32]   diesel    : mean= 0.714, std= 0.491
[19:00:32]   battery   : mean= 0.607, std= 0.280
[19:00:32]   customer  : mean=-0.974, std= 0.045
[19:00:32] 
======================================================================
[19:00:32] Episode 34/200
[19:00:32] ======================================================================
[19:00:32] 总奖励:   -89.85 | 步数: 24
[19:00:32] 最近10个episodes平均:  -122.49
[19:00:32] 
各Agent奖励:
[19:00:32]   wind      :  133.217
[19:00:32]   solar     :   34.571
[19:00:32]   diesel    :   71.978
[19:00:32]   battery   :    2.122
[19:00:32]   customer  : -331.738
[19:00:32] 
🔌 Main Grid 交易:
[19:00:32]   进口电量:   224.23 kWh
[19:00:32]   出口电量:   647.18 kWh
[19:00:32]   净交易量:  -422.95 kWh
[19:00:32]   平均出清价:  23.56 cents/kWh
[19:00:32]   市场独立度:  75.79%
[19:00:32] 
Buffer大小:  1056
[19:00:32] 噪声水平: 0.0957
[19:00:32] 
动作统计:
[19:00:32]   wind      : mean=-0.970, std= 0.048
[19:00:32]   solar     : mean=-0.528, std= 0.516
[19:00:32]   diesel    : mean= 0.708, std= 0.490
[19:00:32]   battery   : mean= 0.577, std= 0.295
[19:00:32]   customer  : mean=-0.944, std= 0.073
[19:00:33] 
======================================================================
[19:00:33] Episode 35/200
[19:00:33] ======================================================================
[19:00:33] 总奖励:  -165.73 | 步数: 24
[19:00:33] 最近10个episodes平均:  -130.58
[19:00:33] 
各Agent奖励:
[19:00:33]   wind      :   92.781
[19:00:33]   solar     :   30.650
[19:00:33]   diesel    :   41.368
[19:00:33]   battery   :    2.170
[19:00:33]   customer  : -332.701
[19:00:33] 
🔌 Main Grid 交易:
[19:00:33]   进口电量:   153.86 kWh
[19:00:33]   出口电量:   418.00 kWh
[19:00:33]   净交易量:  -264.14 kWh
[19:00:33]   平均出清价:  22.41 cents/kWh
[19:00:33]   市场独立度:  84.12%
[19:00:33] 
Buffer大小:  1080
[19:00:33] 噪声水平: 0.0956
[19:00:33] 
动作统计:
[19:00:33]   wind      : mean=-0.972, std= 0.039
[19:00:33]   solar     : mean=-0.609, std= 0.451
[19:00:33]   diesel    : mean= 0.696, std= 0.468
[19:00:33]   battery   : mean= 0.591, std= 0.290
[19:00:33]   customer  : mean=-0.890, std= 0.127
[19:00:34] 
======================================================================
[19:00:34] Episode 36/200
[19:00:34] ======================================================================
[19:00:34] 总奖励:   -99.20 | 步数: 24
[19:00:34] 最近10个episodes平均:  -128.86
[19:00:34] 
各Agent奖励:
[19:00:34]   wind      :  123.075
[19:00:34]   solar     :   29.836
[19:00:34]   diesel    :   68.234
[19:00:34]   battery   :    1.764
[19:00:34]   customer  : -322.105
[19:00:34] 
🔌 Main Grid 交易:
[19:00:34]   进口电量:   170.27 kWh
[19:00:34]   出口电量:   630.22 kWh
[19:00:34]   净交易量:  -459.95 kWh
[19:00:34]   平均出清价:  23.06 cents/kWh
[19:00:34]   市场独立度:  77.76%
[19:00:34] 
Buffer大小:  1104
[19:00:34] 噪声水平: 0.0955
[19:00:34] 
动作统计:
[19:00:34]   wind      : mean=-0.967, std= 0.066
[19:00:34]   solar     : mean=-0.581, std= 0.416
[19:00:34]   diesel    : mean= 0.711, std= 0.460
[19:00:34]   battery   : mean= 0.546, std= 0.322
[19:00:34]   customer  : mean=-0.743, std= 0.377
[19:00:35] 
======================================================================
[19:00:35] Episode 37/200
[19:00:35] ======================================================================
[19:00:35] 总奖励:  -104.41 | 步数: 24
[19:00:35] 最近10个episodes平均:  -124.88
[19:00:35] 
各Agent奖励:
[19:00:35]   wind      :  102.274
[19:00:35]   solar     :   32.497
[19:00:35]   diesel    :   62.953
[19:00:35]   battery   :    2.161
[19:00:35]   customer  : -304.298
[19:00:35] 
🔌 Main Grid 交易:
[19:00:35]   进口电量:   176.08 kWh
[19:00:35]   出口电量:   722.89 kWh
[19:00:35]   净交易量:  -546.80 kWh
[19:00:35]   平均出清价:  18.93 cents/kWh
[19:00:35]   市场独立度:  75.03%
[19:00:35] 
Buffer大小:  1128
[19:00:35] 噪声水平: 0.0954
[19:00:35] 
动作统计:
[19:00:35]   wind      : mean=-0.975, std= 0.048
[19:00:35]   solar     : mean=-0.507, std= 0.427
[19:00:35]   diesel    : mean= 0.719, std= 0.464
[19:00:35]   battery   : mean= 0.572, std= 0.312
[19:00:35]   customer  : mean=-0.599, std= 0.573
[19:00:35] 
======================================================================
[19:00:35] Episode 38/200
[19:00:35] ======================================================================
[19:00:35] 总奖励:   -76.58 | 步数: 24
[19:00:35] 最近10个episodes平均:  -119.84
[19:00:35] 
各Agent奖励:
[19:00:35]   wind      :   58.360
[19:00:35]   solar     :   24.976
[19:00:35]   diesel    :   62.189
[19:00:35]   battery   :    2.179
[19:00:35]   customer  : -224.281
[19:00:35] 
🔌 Main Grid 交易:
[19:00:35]   进口电量:   167.63 kWh
[19:00:35]   出口电量:   819.61 kWh
[19:00:35]   净交易量:  -651.97 kWh
[19:00:35]   平均出清价:   7.76 cents/kWh
[19:00:35]   市场独立度:  72.58%
[19:00:35] 
Buffer大小:  1152
[19:00:35] 噪声水平: 0.0953
[19:00:35] 
动作统计:
[19:00:35]   wind      : mean=-0.969, std= 0.051
[19:00:35]   solar     : mean=-0.487, std= 0.387
[19:00:35]   diesel    : mean= 0.671, std= 0.476
[19:00:35]   battery   : mean= 0.556, std= 0.314
[19:00:35]   customer  : mean=-0.580, std= 0.641
[19:00:36] 
======================================================================
[19:00:36] Episode 39/200
[19:00:36] ======================================================================
[19:00:36] 总奖励:   -77.07 | 步数: 24
[19:00:36] 最近10个episodes平均:  -111.61
[19:00:36] 
各Agent奖励:
[19:00:36]   wind      :  106.084
[19:00:36]   solar     :   28.344
[19:00:36]   diesel    :   84.389
[19:00:36]   battery   :    1.479
[19:00:36]   customer  : -297.363
[19:00:36] 
🔌 Main Grid 交易:
[19:00:36]   进口电量:   171.36 kWh
[19:00:36]   出口电量:   706.30 kWh
[19:00:36]   净交易量:  -534.94 kWh
[19:00:36]   平均出清价:  20.66 cents/kWh
[19:00:36]   市场独立度:  75.62%
[19:00:36] 
Buffer大小:  1176
[19:00:36] 噪声水平: 0.0952
[19:00:36] 
动作统计:
[19:00:36]   wind      : mean=-0.969, std= 0.037
[19:00:36]   solar     : mean=-0.480, std= 0.405
[19:00:36]   diesel    : mean= 0.701, std= 0.432
[19:00:36]   battery   : mean= 0.556, std= 0.301
[19:00:36]   customer  : mean=-0.657, std= 0.535
[19:00:37] 
======================================================================
[19:00:37] Episode 40/200
[19:00:37] ======================================================================
[19:00:37] 总奖励:   -71.95 | 步数: 24
[19:00:37] 最近10个episodes平均:  -106.82
[19:00:37] 
各Agent奖励:
[19:00:37]   wind      :  110.277
[19:00:37]   solar     :   30.506
[19:00:37]   diesel    :   96.174
[19:00:37]   battery   :    1.699
[19:00:37]   customer  : -310.608
[19:00:37] 
🔌 Main Grid 交易:
[19:00:37]   进口电量:   130.52 kWh
[19:00:37]   出口电量:   651.64 kWh
[19:00:37]   净交易量:  -521.13 kWh
[19:00:37]   平均出清价:  22.41 cents/kWh
[19:00:37]   市场独立度:  78.27%
[19:00:37] 
Buffer大小:  1200
[19:00:37] 噪声水平: 0.0951
[19:00:37] 
动作统计:
[19:00:37]   wind      : mean=-0.975, std= 0.034
[19:00:37]   solar     : mean=-0.465, std= 0.409
[19:00:37]   diesel    : mean= 0.709, std= 0.410
[19:00:37]   battery   : mean= 0.519, std= 0.291
[19:00:37]   customer  : mean=-0.680, std= 0.483
[19:00:37] 
📊 生成可视化图表...
[19:00:38]   ✓ debug_plots/training_ep0040.png
[19:00:39] 
======================================================================
[19:00:39] Episode 41/200
[19:00:39] ======================================================================
[19:00:39] 总奖励:   -76.81 | 步数: 24
[19:00:39] 最近10个episodes平均:  -100.00
[19:00:39] 
各Agent奖励:
[19:00:39]   wind      :  106.735
[19:00:39]   solar     :   29.456
[19:00:39]   diesel    :   95.241
[19:00:39]   battery   :    1.441
[19:00:39]   customer  : -309.682
[19:00:39] 
🔌 Main Grid 交易:
[19:00:39]   进口电量:   183.71 kWh
[19:00:39]   出口电量:   671.72 kWh
[19:00:39]   净交易量:  -488.00 kWh
[19:00:39]   平均出清价:  20.75 cents/kWh
[19:00:39]   市场独立度:  76.24%
[19:00:39] 
Buffer大小:  1224
[19:00:39] 噪声水平: 0.0950
[19:00:39] 
动作统计:
[19:00:39]   wind      : mean=-0.963, std= 0.065
[19:00:39]   solar     : mean=-0.452, std= 0.429
[19:00:39]   diesel    : mean= 0.697, std= 0.401
[19:00:39]   battery   : mean= 0.515, std= 0.283
[19:00:39]   customer  : mean=-0.661, std= 0.536
[19:00:39] 
======================================================================
[19:00:39] Episode 42/200
[19:00:39] ======================================================================
[19:00:39] 总奖励:   -79.20 | 步数: 24
[19:00:39] 最近10个episodes平均:   -99.05
[19:00:39] 
各Agent奖励:
[19:00:39]   wind      :   88.778
[19:00:39]   solar     :   29.452
[19:00:39]   diesel    :   96.007
[19:00:39]   battery   :    1.933
[19:00:39]   customer  : -295.371
[19:00:39] 
🔌 Main Grid 交易:
[19:00:39]   进口电量:   227.21 kWh
[19:00:39]   出口电量:   726.44 kWh
[19:00:39]   净交易量:  -499.23 kWh
[19:00:39]   平均出清价:  17.88 cents/kWh
[19:00:39]   市场独立度:  73.51%
[19:00:39] 
Buffer大小:  1248
[19:00:39] 噪声水平: 0.0949
[19:00:39] 
动作统计:
[19:00:39]   wind      : mean=-0.958, std= 0.052
[19:00:39]   solar     : mean=-0.422, std= 0.462
[19:00:39]   diesel    : mean= 0.696, std= 0.413
[19:00:39]   battery   : mean= 0.448, std= 0.316
[19:00:39]   customer  : mean=-0.644, std= 0.583
[19:00:40] 
======================================================================
[19:00:40] Episode 43/200
[19:00:40] ======================================================================
[19:00:40] 总奖励:   -74.69 | 步数: 24
[19:00:40] 最近10个episodes平均:   -91.55
[19:00:40] 
各Agent奖励:
[19:00:40]   wind      :  101.266
[19:00:40]   solar     :   28.995
[19:00:40]   diesel    :   91.011
[19:00:40]   battery   :    2.447
[19:00:40]   customer  : -298.405
[19:00:40] 
🔌 Main Grid 交易:
[19:00:40]   进口电量:   145.31 kWh
[19:00:40]   出口电量:   637.80 kWh
[19:00:40]   净交易量:  -492.49 kWh
[19:00:40]   平均出清价:  17.14 cents/kWh
[19:00:40]   市场独立度:  78.25%
[19:00:40] 
Buffer大小:  1272
[19:00:40] 噪声水平: 0.0948
[19:00:40] 
动作统计:
[19:00:40]   wind      : mean=-0.971, std= 0.038
[19:00:40]   solar     : mean=-0.382, std= 0.450
[19:00:40]   diesel    : mean= 0.678, std= 0.418
[19:00:40]   battery   : mean= 0.458, std= 0.350
[19:00:40]   customer  : mean=-0.649, std= 0.551
[19:00:41] 
======================================================================
[19:00:41] Episode 44/200
[19:00:41] ======================================================================
[19:00:41] 总奖励:   -66.98 | 步数: 24
[19:00:41] 最近10个episodes平均:   -89.26
[19:00:41] 
各Agent奖励:
[19:00:41]   wind      :  104.484
[19:00:41]   solar     :   28.489
[19:00:41]   diesel    :   96.965
[19:00:41]   battery   :    0.746
[19:00:41]   customer  : -297.666
[19:00:41] 
🔌 Main Grid 交易:
[19:00:41]   进口电量:   149.22 kWh
[19:00:41]   出口电量:   777.86 kWh
[19:00:41]   净交易量:  -628.63 kWh
[19:00:41]   平均出清价:  15.74 cents/kWh
[19:00:41]   市场独立度:  74.25%
[19:00:41] 
Buffer大小:  1296
[19:00:41] 噪声水平: 0.0947
[19:00:41] 
动作统计:
[19:00:41]   wind      : mean=-0.955, std= 0.067
[19:00:41]   solar     : mean=-0.388, std= 0.437
[19:00:41]   diesel    : mean= 0.679, std= 0.434
[19:00:41]   battery   : mean= 0.429, std= 0.337
[19:00:41]   customer  : mean=-0.647, std= 0.593
[19:00:42] 
======================================================================
[19:00:42] Episode 45/200
[19:00:42] ======================================================================
[19:00:42] 总奖励:  -106.86 | 步数: 24
[19:00:42] 最近10个episodes平均:   -83.37
[19:00:42] 
各Agent奖励:
[19:00:42]   wind      :   62.572
[19:00:42]   solar     :   30.334
[19:00:42]   diesel    :  114.245
[19:00:42]   battery   :    0.709
[19:00:42]   customer  : -314.716
[19:00:42] 
🔌 Main Grid 交易:
[19:00:42]   进口电量:   200.53 kWh
[19:00:42]   出口电量:   635.89 kWh
[19:00:42]   净交易量:  -435.37 kWh
[19:00:42]   平均出清价:  15.85 cents/kWh
[19:00:42]   市场独立度:  76.77%
[19:00:42] 
Buffer大小:  1320
[19:00:42] 噪声水平: 0.0946
[19:00:42] 
动作统计:
[19:00:42]   wind      : mean=-0.946, std= 0.065
[19:00:42]   solar     : mean=-0.392, std= 0.469
[19:00:42]   diesel    : mean= 0.640, std= 0.468
[19:00:42]   battery   : mean= 0.404, std= 0.358
[19:00:42]   customer  : mean=-0.644, std= 0.647
[19:00:43] 
======================================================================
[19:00:43] Episode 46/200
[19:00:43] ======================================================================
[19:00:43] 总奖励:  -113.39 | 步数: 24
[19:00:43] 最近10个episodes平均:   -84.79
[19:00:43] 
各Agent奖励:
[19:00:43]   wind      :   66.185
[19:00:43]   solar     :   27.845
[19:00:43]   diesel    :   72.409
[19:00:43]   battery   :    2.185
[19:00:43]   customer  : -282.015
[19:00:43] 
🔌 Main Grid 交易:
[19:00:43]   进口电量:   207.24 kWh
[19:00:43]   出口电量:   721.75 kWh
[19:00:43]   净交易量:  -514.51 kWh
[19:00:43]   平均出清价:  13.41 cents/kWh
[19:00:43]   市场独立度:  74.19%
[19:00:43] 
Buffer大小:  1344
[19:00:43] 噪声水平: 0.0946
[19:00:43] 
动作统计:
[19:00:43]   wind      : mean=-0.971, std= 0.050
[19:00:43]   solar     : mean=-0.403, std= 0.456
[19:00:43]   diesel    : mean= 0.666, std= 0.446
[19:00:43]   battery   : mean= 0.393, std= 0.363
[19:00:43]   customer  : mean=-0.617, std= 0.664
[19:00:44] 
======================================================================
[19:00:44] Episode 47/200
[19:00:44] ======================================================================
[19:00:44] 总奖励:   -72.85 | 步数: 24
[19:00:44] 最近10个episodes平均:   -81.64
[19:00:44] 
各Agent奖励:
[19:00:44]   wind      :   87.210
[19:00:44]   solar     :   27.943
[19:00:44]   diesel    :   93.650
[19:00:44]   battery   :    2.123
[19:00:44]   customer  : -283.778
[19:00:44] 
🔌 Main Grid 交易:
[19:00:44]   进口电量:   128.20 kWh
[19:00:44]   出口电量:   793.26 kWh
[19:00:44]   净交易量:  -665.06 kWh
[19:00:44]   平均出清价:  11.71 cents/kWh
[19:00:44]   市场独立度:  74.40%
[19:00:44] 
Buffer大小:  1368
[19:00:44] 噪声水平: 0.0945
[19:00:44] 
动作统计:
[19:00:44]   wind      : mean=-0.971, std= 0.042
[19:00:44]   solar     : mean=-0.384, std= 0.459
[19:00:44]   diesel    : mean= 0.666, std= 0.470
[19:00:44]   battery   : mean= 0.405, std= 0.372
[19:00:44]   customer  : mean=-0.588, std= 0.719
[19:00:45] 
======================================================================
[19:00:45] Episode 48/200
[19:00:45] ======================================================================
[19:00:45] 总奖励:  -103.58 | 步数: 24
[19:00:45] 最近10个episodes平均:   -84.34
[19:00:45] 
各Agent奖励:
[19:00:45]   wind      :   53.548
[19:00:45]   solar     :   30.121
[19:00:45]   diesel    :   91.204
[19:00:45]   battery   :    0.263
[19:00:45]   customer  : -278.711
[19:00:45] 
🔌 Main Grid 交易:
[19:00:45]   进口电量:   205.79 kWh
[19:00:45]   出口电量:   737.87 kWh
[19:00:45]   净交易量:  -532.09 kWh
[19:00:45]   平均出清价:   9.02 cents/kWh
[19:00:45]   市场独立度:  73.79%
[19:00:45] 
Buffer大小:  1392
[19:00:45] 噪声水平: 0.0944
[19:00:45] 
动作统计:
[19:00:45]   wind      : mean=-0.971, std= 0.042
[19:00:45]   solar     : mean=-0.383, std= 0.434
[19:00:45]   diesel    : mean= 0.665, std= 0.441
[19:00:45]   battery   : mean= 0.359, std= 0.385
[19:00:45]   customer  : mean=-0.575, std= 0.719
[19:00:45] 
======================================================================
[19:00:45] Episode 49/200
[19:00:45] ======================================================================
[19:00:45] 总奖励:  -114.04 | 步数: 24
[19:00:45] 最近10个episodes平均:   -88.03
[19:00:45] 
各Agent奖励:
[19:00:45]   wind      :   46.997
[19:00:45]   solar     :   28.976
[19:00:45]   diesel    :  113.322
[19:00:45]   battery   :    0.968
[19:00:45]   customer  : -304.308
[19:00:45] 
🔌 Main Grid 交易:
[19:00:45]   进口电量:   256.71 kWh
[19:00:45]   出口电量:   766.98 kWh
[19:00:45]   净交易量:  -510.27 kWh
[19:00:45]   平均出清价:  13.39 cents/kWh
[19:00:45]   市场独立度:  71.56%
[19:00:45] 
Buffer大小:  1416
[19:00:45] 噪声水平: 0.0943
[19:00:45] 
动作统计:
[19:00:45]   wind      : mean=-0.968, std= 0.055
[19:00:45]   solar     : mean=-0.365, std= 0.461
[19:00:45]   diesel    : mean= 0.660, std= 0.473
[19:00:45]   battery   : mean= 0.342, std= 0.417
[19:00:45]   customer  : mean=-0.598, std= 0.736
[19:00:46] 
======================================================================
[19:00:46] Episode 50/200
[19:00:46] ======================================================================
[19:00:46] 总奖励:   -92.96 | 步数: 24
[19:00:46] 最近10个episodes平均:   -90.14
[19:00:46] 
各Agent奖励:
[19:00:46]   wind      :   59.378
[19:00:46]   solar     :   26.560
[19:00:46]   diesel    :   71.200
[19:00:46]   battery   :   -0.507
[19:00:46]   customer  : -249.590
[19:00:46] 
🔌 Main Grid 交易:
[19:00:46]   进口电量:   197.84 kWh
[19:00:46]   出口电量:   783.32 kWh
[19:00:46]   净交易量:  -585.48 kWh
[19:00:46]   平均出清价:  10.08 cents/kWh
[19:00:46]   市场独立度:  72.75%
[19:00:46] 
Buffer大小:  1440
[19:00:46] 噪声水平: 0.0942
[19:00:46] 
动作统计:
[19:00:46]   wind      : mean=-0.950, std= 0.056
[19:00:46]   solar     : mean=-0.368, std= 0.445
[19:00:46]   diesel    : mean= 0.652, std= 0.461
[19:00:46]   battery   : mean= 0.338, std= 0.418
[19:00:46]   customer  : mean=-0.579, std= 0.755
[19:00:46] 
📊 生成可视化图表...
[19:00:46]   ✓ debug_plots/training_ep0050.png
[19:00:46] 💾 保存checkpoint: debug_checkpoints/debug_maddpg_20251203_190001_ep0050.pt
[19:00:47] 
======================================================================
[19:00:47] Episode 51/200
[19:00:47] ======================================================================
[19:00:47] 总奖励:   -80.65 | 步数: 24
[19:00:47] 最近10个episodes平均:   -90.52
[19:00:47] 
各Agent奖励:
[19:00:47]   wind      :   82.166
[19:00:47]   solar     :   30.800
[19:00:47]   diesel    :  100.059
[19:00:47]   battery   :    0.757
[19:00:47]   customer  : -294.432
[19:00:47] 
🔌 Main Grid 交易:
[19:00:47]   进口电量:   164.19 kWh
[19:00:47]   出口电量:   809.75 kWh
[19:00:47]   净交易量:  -645.56 kWh
[19:00:47]   平均出清价:  13.75 cents/kWh
[19:00:47]   市场独立度:  72.95%
[19:00:47] 
Buffer大小:  1464
[19:00:47] 噪声水平: 0.0941
[19:00:47] 
动作统计:
[19:00:47]   wind      : mean=-0.968, std= 0.034
[19:00:47]   solar     : mean=-0.350, std= 0.478
[19:00:47]   diesel    : mean= 0.660, std= 0.437
[19:00:47]   battery   : mean= 0.333, std= 0.430
[19:00:47]   customer  : mean=-0.569, std= 0.770
[19:00:48] 
======================================================================
[19:00:48] Episode 52/200
[19:00:48] ======================================================================
[19:00:48] 总奖励:   -86.26 | 步数: 24
[19:00:48] 最近10个episodes平均:   -91.23
[19:00:48] 
各Agent奖励:
[19:00:48]   wind      :   70.921
[19:00:48]   solar     :   27.525
[19:00:48]   diesel    :   81.378
[19:00:48]   battery   :   -1.282
[19:00:48]   customer  : -264.802
[19:00:48] 
🔌 Main Grid 交易:
[19:00:48]   进口电量:   180.54 kWh
[19:00:48]   出口电量:   785.81 kWh
[19:00:48]   净交易量:  -605.26 kWh
[19:00:48]   平均出清价:  17.52 cents/kWh
[19:00:48]   市场独立度:  73.16%
[19:00:48] 
Buffer大小:  1488
[19:00:48] 噪声水平: 0.0940
[19:00:48] 
动作统计:
[19:00:48]   wind      : mean=-0.943, std= 0.052
[19:00:48]   solar     : mean=-0.371, std= 0.463
[19:00:48]   diesel    : mean= 0.661, std= 0.456
[19:00:48]   battery   : mean= 0.318, std= 0.442
[19:00:48]   customer  : mean=-0.555, std= 0.782
[19:00:49] 
======================================================================
[19:00:49] Episode 53/200
[19:00:49] ======================================================================
[19:00:49] 总奖励:   -79.29 | 步数: 24
[19:00:49] 最近10个episodes平均:   -91.69
[19:00:49] 
各Agent奖励:
[19:00:49]   wind      :   96.248
[19:00:49]   solar     :   28.825
[19:00:49]   diesel    :   79.513
[19:00:49]   battery   :    0.055
[19:00:49]   customer  : -283.928
[19:00:49] 
🔌 Main Grid 交易:
[19:00:49]   进口电量:   158.99 kWh
[19:00:49]   出口电量:   799.80 kWh
[19:00:49]   净交易量:  -640.81 kWh
[19:00:49]   平均出清价:  11.84 cents/kWh
[19:00:49]   市场独立度:  73.37%
[19:00:49] 
Buffer大小:  1512
[19:00:49] 噪声水平: 0.0939
[19:00:49] 
动作统计:
[19:00:49]   wind      : mean=-0.950, std= 0.056
[19:00:49]   solar     : mean=-0.364, std= 0.459
[19:00:49]   diesel    : mean= 0.650, std= 0.469
[19:00:49]   battery   : mean= 0.310, std= 0.447
[19:00:49]   customer  : mean=-0.533, std= 0.768
[19:00:50] 
======================================================================
[19:00:50] Episode 54/200
[19:00:50] ======================================================================
[19:00:50] 总奖励:   -90.53 | 步数: 24
[19:00:50] 最近10个episodes平均:   -94.04
[19:00:50] 
各Agent奖励:
[19:00:50]   wind      :   91.022
[19:00:50]   solar     :   29.000
[19:00:50]   diesel    :  104.375
[19:00:50]   battery   :    0.451
[19:00:50]   customer  : -315.375
[19:00:50] 
🔌 Main Grid 交易:
[19:00:50]   进口电量:   241.82 kWh
[19:00:50]   出口电量:   817.32 kWh
[19:00:50]   净交易量:  -575.50 kWh
[19:00:50]   平均出清价:  13.89 cents/kWh
[19:00:50]   市场独立度:  70.58%
[19:00:50] 
Buffer大小:  1536
[19:00:50] 噪声水平: 0.0938
[19:00:50] 
动作统计:
[19:00:50]   wind      : mean=-0.960, std= 0.052
[19:00:50]   solar     : mean=-0.337, std= 0.466
[19:00:50]   diesel    : mean= 0.649, std= 0.443
[19:00:50]   battery   : mean= 0.271, std= 0.476
[19:00:50]   customer  : mean=-0.550, std= 0.779
[19:00:51] 
======================================================================
[19:00:51] Episode 55/200
[19:00:51] ======================================================================
[19:00:51] 总奖励:   -80.76 | 步数: 24
[19:00:51] 最近10个episodes平均:   -91.43
[19:00:51] 
各Agent奖励:
[19:00:51]   wind      :   92.229
[19:00:51]   solar     :   30.899
[19:00:51]   diesel    :   58.830
[19:00:51]   battery   :   -1.943
[19:00:51]   customer  : -260.778
[19:00:51] 
🔌 Main Grid 交易:
[19:00:51]   进口电量:   142.27 kWh
[19:00:51]   出口电量:   841.16 kWh
[19:00:51]   净交易量:  -698.89 kWh
[19:00:51]   平均出清价:  15.55 cents/kWh
[19:00:51]   市场独立度:  72.68%
[19:00:51] 
Buffer大小:  1560
[19:00:51] 噪声水平: 0.0937
[19:00:51] 
动作统计:
[19:00:51]   wind      : mean=-0.951, std= 0.054
[19:00:51]   solar     : mean=-0.353, std= 0.420
[19:00:51]   diesel    : mean= 0.640, std= 0.462
[19:00:51]   battery   : mean= 0.270, std= 0.452
[19:00:51]   customer  : mean=-0.532, std= 0.786
[19:00:51] 
======================================================================
[19:00:51] Episode 56/200
[19:00:51] ======================================================================
[19:00:51] 总奖励:   -98.67 | 步数: 24
[19:00:51] 最近10个episodes平均:   -89.96
[19:00:51] 
各Agent奖励:
[19:00:51]   wind      :   68.749
[19:00:51]   solar     :   29.894
[19:00:51]   diesel    :  111.892
[19:00:51]   battery   :    0.004
[19:00:51]   customer  : -309.211
[19:00:51] 
🔌 Main Grid 交易:
[19:00:51]   进口电量:   242.69 kWh
[19:00:51]   出口电量:   812.68 kWh
[19:00:51]   净交易量:  -569.98 kWh
[19:00:51]   平均出清价:  15.00 cents/kWh
[19:00:51]   市场独立度:  70.68%
[19:00:51] 
Buffer大小:  1584
[19:00:51] 噪声水平: 0.0936
[19:00:51] 
动作统计:
[19:00:51]   wind      : mean=-0.966, std= 0.047
[19:00:51]   solar     : mean=-0.357, std= 0.465
[19:00:51]   diesel    : mean= 0.665, std= 0.439
[19:00:51]   battery   : mean= 0.276, std= 0.425
[19:00:51]   customer  : mean=-0.510, std= 0.804
[19:00:52] 
======================================================================
[19:00:52] Episode 57/200
[19:00:52] ======================================================================
[19:00:52] 总奖励:   -96.89 | 步数: 24
[19:00:52] 最近10个episodes平均:   -92.36
[19:00:52] 
各Agent奖励:
[19:00:52]   wind      :   57.368
[19:00:52]   solar     :   25.378
[19:00:52]   diesel    :   41.652
[19:00:52]   battery   :   -1.214
[19:00:52]   customer  : -220.072
[19:00:52] 
🔌 Main Grid 交易:
[19:00:52]   进口电量:   160.06 kWh
[19:00:52]   出口电量:   793.66 kWh
[19:00:52]   净交易量:  -633.59 kWh
[19:00:52]   平均出清价:   9.48 cents/kWh
[19:00:52]   市场独立度:  73.51%
[19:00:52] 
Buffer大小:  1608
[19:00:52] 噪声水平: 0.0935
[19:00:52] 
动作统计:
[19:00:52]   wind      : mean=-0.957, std= 0.049
[19:00:52]   solar     : mean=-0.378, std= 0.460
[19:00:52]   diesel    : mean= 0.634, std= 0.460
[19:00:52]   battery   : mean= 0.270, std= 0.499
[19:00:52]   customer  : mean=-0.493, std= 0.762
[19:00:53] 
======================================================================
[19:00:53] Episode 58/200
[19:00:53] ======================================================================
[19:00:53] 总奖励:   -71.85 | 步数: 24
[19:00:53] 最近10个episodes平均:   -89.19
[19:00:53] 
各Agent奖励:
[19:00:53]   wind      :   90.081
[19:00:53]   solar     :   26.379
[19:00:53]   diesel    :  107.031
[19:00:53]   battery   :    0.626
[19:00:53]   customer  : -295.963
[19:00:53] 
🔌 Main Grid 交易:
[19:00:53]   进口电量:   145.13 kWh
[19:00:53]   出口电量:   886.26 kWh
[19:00:53]   净交易量:  -741.13 kWh
[19:00:53]   平均出清价:  12.91 cents/kWh
[19:00:53]   市场独立度:  71.35%
[19:00:53] 
Buffer大小:  1632
[19:00:53] 噪声水平: 0.0934
[19:00:53] 
动作统计:
[19:00:53]   wind      : mean=-0.837, std= 0.183
[19:00:53]   solar     : mean=-0.344, std= 0.496
[19:00:53]   diesel    : mean= 0.667, std= 0.427
[19:00:53]   battery   : mean= 0.258, std= 0.467
[19:00:53]   customer  : mean=-0.481, std= 0.824
[19:00:54] 
======================================================================
[19:00:54] Episode 59/200
[19:00:54] ======================================================================
[19:00:54] 总奖励:  -109.06 | 步数: 24
[19:00:54] 最近10个episodes平均:   -88.69
[19:00:54] 
各Agent奖励:
[19:00:54]   wind      :   68.049
[19:00:54]   solar     :   28.844
[19:00:54]   diesel    :  106.254
[19:00:54]   battery   :    0.750
[19:00:54]   customer  : -312.962
[19:00:54] 
🔌 Main Grid 交易:
[19:00:54]   进口电量:   204.32 kWh
[19:00:54]   出口电量:   790.50 kWh
[19:00:54]   净交易量:  -586.18 kWh
[19:00:54]   平均出清价:  18.16 cents/kWh
[19:00:54]   市场独立度:  72.37%
[19:00:54] 
Buffer大小:  1656
[19:00:54] 噪声水平: 0.0933
[19:00:54] 
动作统计:
[19:00:54]   wind      : mean=-0.610, std= 0.376
[19:00:54]   solar     : mean=-0.296, std= 0.429
[19:00:54]   diesel    : mean= 0.663, std= 0.443
[19:00:54]   battery   : mean= 0.245, std= 0.486
[19:00:54]   customer  : mean=-0.471, std= 0.798
[19:00:54] 
======================================================================
[19:00:54] Episode 60/200
[19:00:54] ======================================================================
[19:00:54] 总奖励:   -76.57 | 步数: 24
[19:00:54] 最近10个episodes平均:   -87.05
[19:00:54] 
各Agent奖励:
[19:00:54]   wind      :   87.893
[19:00:54]   solar     :   28.940
[19:00:54]   diesel    :   88.238
[19:00:54]   battery   :    1.038
[19:00:54]   customer  : -282.676
[19:00:54] 
🔌 Main Grid 交易:
[19:00:54]   进口电量:   163.28 kWh
[19:00:54]   出口电量:   861.45 kWh
[19:00:54]   净交易量:  -698.17 kWh
[19:00:54]   平均出清价:  21.05 cents/kWh
[19:00:54]   市场独立度:  71.54%
[19:00:54] 
Buffer大小:  1680
[19:00:54] 噪声水平: 0.0932
[19:00:54] 
动作统计:
[19:00:54]   wind      : mean=-0.343, std= 0.650
[19:00:54]   solar     : mean=-0.362, std= 0.452
[19:00:54]   diesel    : mean= 0.633, std= 0.439
[19:00:54]   battery   : mean= 0.261, std= 0.519
[19:00:54]   customer  : mean=-0.421, std= 0.803
[19:00:54] 
📊 生成可视化图表...
[19:00:55]   ✓ debug_plots/training_ep0060.png
[19:00:55] 
======================================================================
[19:00:55] Episode 61/200
[19:00:55] ======================================================================
[19:00:55] 总奖励:   -88.04 | 步数: 24
[19:00:55] 最近10个episodes平均:   -87.79
[19:00:55] 
各Agent奖励:
[19:00:55]   wind      :   79.593
[19:00:55]   solar     :   30.000
[19:00:55]   diesel    :   92.163
[19:00:55]   battery   :    0.262
[19:00:55]   customer  : -290.059
[19:00:55] 
🔌 Main Grid 交易:
[19:00:55]   进口电量:   179.11 kWh
[19:00:55]   出口电量:   838.30 kWh
[19:00:55]   净交易量:  -659.18 kWh
[19:00:55]   平均出清价:  19.98 cents/kWh
[19:00:55]   市场独立度:  71.74%
[19:00:55] 
Buffer大小:  1704
[19:00:55] 噪声水平: 0.0931
[19:00:55] 
动作统计:
[19:00:55]   wind      : mean=-0.274, std= 0.758
[19:00:55]   solar     : mean=-0.324, std= 0.445
[19:00:55]   diesel    : mean= 0.667, std= 0.425
[19:00:55]   battery   : mean= 0.273, std= 0.508
[19:00:55]   customer  : mean=-0.440, std= 0.812
[19:00:56] 
======================================================================
[19:00:56] Episode 62/200
[19:00:56] ======================================================================
[19:00:56] 总奖励:   -73.93 | 步数: 24
[19:00:56] 最近10个episodes平均:   -86.56
[19:00:56] 
各Agent奖励:
[19:00:56]   wind      :   99.015
[19:00:56]   solar     :   28.745
[19:00:56]   diesel    :   94.328
[19:00:56]   battery   :    1.813
[19:00:56]   customer  : -297.832
[19:00:56] 
🔌 Main Grid 交易:
[19:00:56]   进口电量:   123.40 kWh
[19:00:56]   出口电量:   898.18 kWh
[19:00:56]   净交易量:  -774.78 kWh
[19:00:56]   平均出清价:  19.98 cents/kWh
[19:00:56]   市场独立度:  71.62%
[19:00:56] 
Buffer大小:  1728
[19:00:56] 噪声水平: 0.0930
[19:00:56] 
动作统计:
[19:00:56]   wind      : mean=-0.229, std= 0.861
[19:00:56]   solar     : mean=-0.339, std= 0.465
[19:00:56]   diesel    : mean= 0.651, std= 0.446
[19:00:56]   battery   : mean= 0.247, std= 0.524
[19:00:56]   customer  : mean=-0.403, std= 0.816
[19:00:57] 
======================================================================
[19:00:57] Episode 63/200
[19:00:57] ======================================================================
[19:00:57] 总奖励:  -109.51 | 步数: 24
[19:00:57] 最近10个episodes平均:   -89.58
[19:00:57] 
各Agent奖励:
[19:00:57]   wind      :   56.493
[19:00:57]   solar     :   32.560
[19:00:57]   diesel    :  130.149
[19:00:57]   battery   :    0.316
[19:00:57]   customer  : -329.028
[19:00:57] 
🔌 Main Grid 交易:
[19:00:57]   进口电量:   203.51 kWh
[19:00:57]   出口电量:   831.03 kWh
[19:00:57]   净交易量:  -627.52 kWh
[19:00:57]   平均出清价:  20.45 cents/kWh
[19:00:57]   市场独立度:  71.26%
[19:00:57] 
Buffer大小:  1752
[19:00:57] 噪声水平: 0.0930
[19:00:57] 
动作统计:
[19:00:57]   wind      : mean=-0.261, std= 0.837
[19:00:57]   solar     : mean=-0.343, std= 0.442
[19:00:57]   diesel    : mean= 0.660, std= 0.429
[19:00:57]   battery   : mean= 0.247, std= 0.514
[19:00:57]   customer  : mean=-0.374, std= 0.840
[19:00:58] 
======================================================================
[19:00:58] Episode 64/200
[19:00:58] ======================================================================
[19:00:58] 总奖励:   -98.00 | 步数: 24
[19:00:58] 最近10个episodes平均:   -90.33
[19:00:58] 
各Agent奖励:
[19:00:58]   wind      :   75.447
[19:00:58]   solar     :   28.445
[19:00:58]   diesel    :  102.792
[19:00:58]   battery   :    0.810
[19:00:58]   customer  : -305.496
[19:00:58] 
🔌 Main Grid 交易:
[19:00:58]   进口电量:   149.80 kWh
[19:00:58]   出口电量:   867.18 kWh
[19:00:58]   净交易量:  -717.38 kWh
[19:00:58]   平均出清价:  20.32 cents/kWh
[19:00:58]   市场独立度:  71.75%
[19:00:58] 
Buffer大小:  1776
[19:00:58] 噪声水平: 0.0929
[19:00:58] 
动作统计:
[19:00:58]   wind      : mean=-0.293, std= 0.870
[19:00:58]   solar     : mean=-0.352, std= 0.450
[19:00:58]   diesel    : mean= 0.675, std= 0.398
[19:00:58]   battery   : mean= 0.198, std= 0.557
[19:00:58]   customer  : mean=-0.378, std= 0.830
[19:00:59] 
======================================================================
[19:00:59] Episode 65/200
[19:00:59] ======================================================================
[19:00:59] 总奖励:   -94.98 | 步数: 24
[19:00:59] 最近10个episodes平均:   -91.75
[19:00:59] 
各Agent奖励:
[19:00:59]   wind      :   79.965
[19:00:59]   solar     :   28.387
[19:00:59]   diesel    :   91.102
[19:00:59]   battery   :    0.380
[19:00:59]   customer  : -294.819
[19:00:59] 
🔌 Main Grid 交易:
[19:00:59]   进口电量:   132.83 kWh
[19:00:59]   出口电量:   923.62 kWh
[19:00:59]   净交易量:  -790.79 kWh
[19:00:59]   平均出清价:  20.15 cents/kWh
[19:00:59]   市场独立度:  70.65%
[19:00:59] 
Buffer大小:  1800
[19:00:59] 噪声水平: 0.0928
[19:00:59] 
动作统计:
[19:00:59]   wind      : mean=-0.303, std= 0.882
[19:00:59]   solar     : mean=-0.306, std= 0.452
[19:00:59]   diesel    : mean= 0.641, std= 0.426
[19:00:59]   battery   : mean= 0.244, std= 0.558
[19:00:59]   customer  : mean=-0.360, std= 0.851
[19:01:00] 
======================================================================
[19:01:00] Episode 66/200
[19:01:00] ======================================================================
[19:01:00] 总奖励:  -101.79 | 步数: 24
[19:01:00] 最近10个episodes平均:   -92.06
[19:01:00] 
各Agent奖励:
[19:01:00]   wind      :   69.795
[19:01:00]   solar     :   30.523
[19:01:00]   diesel    :   90.611
[19:01:00]   battery   :   -1.456
[19:01:00]   customer  : -291.267
[19:01:00] 
🔌 Main Grid 交易:
[19:01:00]   进口电量:   247.37 kWh
[19:01:00]   出口电量:   916.02 kWh
[19:01:00]   净交易量:  -668.65 kWh
[19:01:00]   平均出清价:  21.02 cents/kWh
[19:01:00]   市场独立度:  67.68%
[19:01:00] 
Buffer大小:  1824
[19:01:00] 噪声水平: 0.0927
[19:01:00] 
动作统计:
[19:01:00]   wind      : mean=-0.288, std= 0.897
[19:01:00]   solar     : mean=-0.270, std= 0.456
[19:01:00]   diesel    : mean= 0.637, std= 0.456
[19:01:00]   battery   : mean= 0.203, std= 0.563
[19:01:00]   customer  : mean=-0.354, std= 0.856
[19:01:00] 
======================================================================
[19:01:00] Episode 67/200
[19:01:00] ======================================================================
[19:01:00] 总奖励:  -115.01 | 步数: 24
[19:01:00] 最近10个episodes平均:   -93.87
[19:01:00] 
各Agent奖励:
[19:01:00]   wind      :   58.437
[19:01:00]   solar     :   30.006
[19:01:00]   diesel    :   98.212
[19:01:00]   battery   :   -0.172
[19:01:00]   customer  : -301.493
[19:01:00] 
🔌 Main Grid 交易:
[19:01:00]   进口电量:   211.73 kWh
[19:01:00]   出口电量:   925.02 kWh
[19:01:00]   净交易量:  -713.29 kWh
[19:01:00]   平均出清价:  20.73 cents/kWh
[19:01:00]   市场独立度:  68.42%
[19:01:00] 
Buffer大小:  1848
[19:01:00] 噪声水平: 0.0926
[19:01:00] 
动作统计:
[19:01:00]   wind      : mean=-0.251, std= 0.923
[19:01:00]   solar     : mean=-0.306, std= 0.433
[19:01:00]   diesel    : mean= 0.620, std= 0.445
[19:01:00]   battery   : mean= 0.156, std= 0.583
[19:01:00]   customer  : mean=-0.341, std= 0.861
[19:01:01] 
======================================================================
[19:01:01] Episode 68/200
[19:01:01] ======================================================================
[19:01:01] 总奖励:  -107.64 | 步数: 24
[19:01:01] 最近10个episodes平均:   -97.45
[19:01:01] 
各Agent奖励:
[19:01:01]   wind      :   54.893
[19:01:01]   solar     :   31.748
[19:01:01]   diesel    :  124.046
[19:01:01]   battery   :    0.338
[19:01:01]   customer  : -318.667
[19:01:01] 
🔌 Main Grid 交易:
[19:01:01]   进口电量:   206.86 kWh
[19:01:01]   出口电量:   862.91 kWh
[19:01:01]   净交易量:  -656.05 kWh
[19:01:01]   平均出清价:  21.75 cents/kWh
[19:01:01]   市场独立度:  70.28%
[19:01:01] 
Buffer大小:  1872
[19:01:01] 噪声水平: 0.0925
[19:01:01] 
动作统计:
[19:01:01]   wind      : mean=-0.311, std= 0.895
[19:01:01]   solar     : mean=-0.280, std= 0.417
[19:01:01]   diesel    : mean= 0.650, std= 0.432
[19:01:01]   battery   : mean= 0.148, std= 0.594
[19:01:01]   customer  : mean=-0.302, std= 0.848
[19:01:02] 
======================================================================
[19:01:02] Episode 69/200
[19:01:02] ======================================================================
[19:01:02] 总奖励:  -107.23 | 步数: 24
[19:01:02] 最近10个episodes平均:   -97.27
[19:01:02] 
各Agent奖励:
[19:01:02]   wind      :   65.217
[19:01:02]   solar     :   32.290
[19:01:02]   diesel    :   99.719
[19:01:02]   battery   :    1.621
[19:01:02]   customer  : -306.079
[19:01:02] 
🔌 Main Grid 交易:
[19:01:02]   进口电量:   170.21 kWh
[19:01:02]   出口电量:   871.86 kWh
[19:01:02]   净交易量:  -701.65 kWh
[19:01:02]   平均出清价:  18.86 cents/kWh
[19:01:02]   市场独立度:  71.05%
[19:01:02] 
Buffer大小:  1896
[19:01:02] 噪声水平: 0.0924
[19:01:02] 
动作统计:
[19:01:02]   wind      : mean=-0.296, std= 0.898
[19:01:02]   solar     : mean=-0.263, std= 0.419
[19:01:02]   diesel    : mean= 0.641, std= 0.427
[19:01:02]   battery   : mean= 0.114, std= 0.635
[19:01:02]   customer  : mean=-0.306, std= 0.873
[19:01:03] 
======================================================================
[19:01:03] Episode 70/200
[19:01:03] ======================================================================
[19:01:03] 总奖励:  -129.58 | 步数: 24
[19:01:03] 最近10个episodes平均:  -102.57
[19:01:03] 
各Agent奖励:
[19:01:03]   wind      :   59.429
[19:01:03]   solar     :   30.667
[19:01:03]   diesel    :  112.844
[19:01:03]   battery   :    1.548
[19:01:03]   customer  : -334.064
[19:01:03] 
🔌 Main Grid 交易:
[19:01:03]   进口电量:   211.06 kWh
[19:01:03]   出口电量:   763.64 kWh
[19:01:03]   净交易量:  -552.58 kWh
[19:01:03]   平均出清价:  20.51 cents/kWh
[19:01:03]   市场独立度:  72.92%
[19:01:03] 
Buffer大小:  1920
[19:01:03] 噪声水平: 0.0923
[19:01:03] 
动作统计:
[19:01:03]   wind      : mean=-0.359, std= 0.882
[19:01:03]   solar     : mean=-0.232, std= 0.346
[19:01:03]   diesel    : mean= 0.632, std= 0.427
[19:01:03]   battery   : mean= 0.112, std= 0.597
[19:01:03]   customer  : mean=-0.319, std= 0.863
[19:01:03] 
📊 生成可视化图表...
[19:01:04]   ✓ debug_plots/training_ep0070.png
[19:01:04] 
======================================================================
[19:01:04] Episode 71/200
[19:01:04] ======================================================================
[19:01:04] 总奖励:  -105.61 | 步数: 24
[19:01:04] 最近10个episodes平均:  -104.33
[19:01:04] 
各Agent奖励:
[19:01:04]   wind      :   67.339
[19:01:04]   solar     :   26.677
[19:01:04]   diesel    :   92.926
[19:01:04]   battery   :    1.766
[19:01:04]   customer  : -294.321
[19:01:04] 
🔌 Main Grid 交易:
[19:01:04]   进口电量:   159.32 kWh
[19:01:04]   出口电量:   962.21 kWh
[19:01:04]   净交易量:  -802.89 kWh
[19:01:04]   平均出清价:  17.86 cents/kWh
[19:01:04]   市场独立度:  68.85%
[19:01:04] 
Buffer大小:  1944
[19:01:04] 噪声水平: 0.0922
[19:01:04] 
动作统计:
[19:01:04]   wind      : mean=-0.402, std= 0.840
[19:01:04]   solar     : mean=-0.154, std= 0.283
[19:01:04]   diesel    : mean= 0.643, std= 0.428
[19:01:04]   battery   : mean= 0.099, std= 0.624
[19:01:04]   customer  : mean=-0.312, std= 0.891
[19:01:05] 
======================================================================
[19:01:05] Episode 72/200
[19:01:05] ======================================================================
[19:01:05] 总奖励:   -98.92 | 步数: 24
[19:01:05] 最近10个episodes平均:  -106.83
[19:01:05] 
各Agent奖励:
[19:01:05]   wind      :   76.444
[19:01:05]   solar     :   29.779
[19:01:05]   diesel    :   74.247
[19:01:05]   battery   :    2.161
[19:01:05]   customer  : -281.551
[19:01:05] 
🔌 Main Grid 交易:
[19:01:05]   进口电量:   192.14 kWh
[19:01:05]   出口电量:   956.65 kWh
[19:01:05]   净交易量:  -764.51 kWh
[19:01:05]   平均出清价:  16.55 cents/kWh
[19:01:05]   市场独立度:  68.09%
[19:01:05] 
Buffer大小:  1968
[19:01:05] 噪声水平: 0.0921
[19:01:05] 
动作统计:
[19:01:05]   wind      : mean=-0.486, std= 0.853
[19:01:05]   solar     : mean=-0.104, std= 0.223
[19:01:05]   diesel    : mean= 0.639, std= 0.423
[19:01:05]   battery   : mean= 0.110, std= 0.619
[19:01:05]   customer  : mean=-0.255, std= 0.889
[19:01:06] 
======================================================================
[19:01:06] Episode 73/200
[19:01:06] ======================================================================
[19:01:06] 总奖励:  -107.25 | 步数: 24
[19:01:06] 最近10个episodes平均:  -106.60
[19:01:06] 
各Agent奖励:
[19:01:06]   wind      :   56.364
[19:01:06]   solar     :   32.150
[19:01:06]   diesel    :  118.492
[19:01:06]   battery   :   -1.625
[19:01:06]   customer  : -312.628
[19:01:06] 
🔌 Main Grid 交易:
[19:01:06]   进口电量:   179.03 kWh
[19:01:06]   出口电量:   822.23 kWh
[19:01:06]   净交易量:  -643.21 kWh
[19:01:06]   平均出清价:  18.67 cents/kWh
[19:01:06]   市场独立度:  72.19%
[19:01:06] 
Buffer大小:  1992
[19:01:06] 噪声水平: 0.0920
[19:01:06] 
动作统计:
[19:01:06]   wind      : mean=-0.527, std= 0.792
[19:01:06]   solar     : mean=-0.035, std= 0.276
[19:01:06]   diesel    : mean= 0.640, std= 0.422
[19:01:06]   battery   : mean= 0.055, std= 0.616
[19:01:06]   customer  : mean=-0.314, std= 0.850
[19:01:07] 
======================================================================
[19:01:07] Episode 74/200
[19:01:07] ======================================================================
[19:01:07] 总奖励:  -133.34 | 步数: 24
[19:01:07] 最近10个episodes平均:  -110.14
[19:01:07] 
各Agent奖励:
[19:01:07]   wind      :   53.898
[19:01:07]   solar     :   27.197
[19:01:07]   diesel    :   47.999
[19:01:07]   battery   :    1.574
[19:01:07]   customer  : -264.011
[19:01:07] 
🔌 Main Grid 交易:
[19:01:07]   进口电量:   240.97 kWh
[19:01:07]   出口电量:   834.91 kWh
[19:01:07]   净交易量:  -593.94 kWh
[19:01:07]   平均出清价:  15.31 cents/kWh
[19:01:07]   市场独立度:  70.11%
[19:01:07] 
Buffer大小:  2016
[19:01:07] 噪声水平: 0.0919
[19:01:07] 
动作统计:
[19:01:07]   wind      : mean=-0.551, std= 0.783
[19:01:07]   solar     : mean=-0.028, std= 0.309
[19:01:07]   diesel    : mean= 0.633, std= 0.448
[19:01:07]   battery   : mean= 0.022, std= 0.622
[19:01:07]   customer  : mean=-0.306, std= 0.892
[19:01:08] 
======================================================================
[19:01:08] Episode 75/200
[19:01:08] ======================================================================
[19:01:08] 总奖励:  -101.82 | 步数: 24
[19:01:08] 最近10个episodes平均:  -110.82
[19:01:08] 
各Agent奖励:
[19:01:08]   wind      :   74.309
[19:01:08]   solar     :   23.185
[19:01:08]   diesel    :   73.885
[19:01:08]   battery   :    2.689
[19:01:08]   customer  : -275.887
[19:01:08] 
🔌 Main Grid 交易:
[19:01:08]   进口电量:   155.79 kWh
[19:01:08]   出口电量:   882.19 kWh
[19:01:08]   净交易量:  -726.40 kWh
[19:01:08]   平均出清价:  11.25 cents/kWh
[19:01:08]   市场独立度:  71.17%
[19:01:08] 
Buffer大小:  2040
[19:01:08] 噪声水平: 0.0918
[19:01:08] 
动作统计:
[19:01:08]   wind      : mean=-0.553, std= 0.788
[19:01:08]   solar     : mean=-0.046, std= 0.354
[19:01:08]   diesel    : mean= 0.631, std= 0.429
[19:01:08]   battery   : mean= 0.045, std= 0.629
[19:01:08]   customer  : mean=-0.253, std= 0.910
[19:01:09] 
======================================================================
[19:01:09] Episode 76/200
[19:01:09] ======================================================================
[19:01:09] 总奖励:  -115.49 | 步数: 24
[19:01:09] 最近10个episodes平均:  -112.19
[19:01:09] 
各Agent奖励:
[19:01:09]   wind      :   62.306
[19:01:09]   solar     :   22.055
[19:01:09]   diesel    :   66.287
[19:01:09]   battery   :    2.653
[19:01:09]   customer  : -268.795
[19:01:09] 
🔌 Main Grid 交易:
[19:01:09]   进口电量:   181.01 kWh
[19:01:09]   出口电量:   881.32 kWh
[19:01:09]   净交易量:  -700.32 kWh
[19:01:09]   平均出清价:  14.83 cents/kWh
[19:01:09]   市场独立度:  70.49%
[19:01:09] 
Buffer大小:  2064
[19:01:09] 噪声水平: 0.0918
[19:01:09] 
动作统计:
[19:01:09]   wind      : mean=-0.552, std= 0.787
[19:01:09]   solar     : mean= 0.055, std= 0.422
[19:01:09]   diesel    : mean= 0.624, std= 0.432
[19:01:09]   battery   : mean=-0.007, std= 0.631
[19:01:09]   customer  : mean=-0.267, std= 0.893
[19:01:11] 
======================================================================
[19:01:11] Episode 77/200
[19:01:11] ======================================================================
[19:01:11] 总奖励:  -124.37 | 步数: 24
[19:01:11] 最近10个episodes平均:  -113.13
[19:01:11] 
各Agent奖励:
[19:01:11]   wind      :   68.480
[19:01:11]   solar     :   24.871
[19:01:11]   diesel    :   68.703
[19:01:11]   battery   :    1.912
[19:01:11]   customer  : -288.333
[19:01:11] 
🔌 Main Grid 交易:
[19:01:11]   进口电量:   194.53 kWh
[19:01:11]   出口电量:   911.67 kWh
[19:01:11]   净交易量:  -717.14 kWh
[19:01:11]   平均出清价:  12.49 cents/kWh
[19:01:11]   市场独立度:  69.27%
[19:01:11] 
Buffer大小:  2088
[19:01:11] 噪声水平: 0.0917
[19:01:11] 
动作统计:
[19:01:11]   wind      : mean=-0.542, std= 0.777
[19:01:11]   solar     : mean=-0.033, std= 0.437
[19:01:11]   diesel    : mean= 0.630, std= 0.423
[19:01:11]   battery   : mean=-0.003, std= 0.640
[19:01:11]   customer  : mean=-0.256, std= 0.912
[19:01:12] 
======================================================================
[19:01:12] Episode 78/200
[19:01:12] ======================================================================
[19:01:12] 总奖励:  -107.12 | 步数: 24
[19:01:12] 最近10个episodes平均:  -113.07
[19:01:12] 
各Agent奖励:
[19:01:12]   wind      :   58.121
[19:01:12]   solar     :   24.375
[19:01:12]   diesel    :   66.054
[19:01:12]   battery   :    2.667
[19:01:12]   customer  : -258.342
[19:01:12] 
🔌 Main Grid 交易:
[19:01:12]   进口电量:   145.10 kWh
[19:01:12]   出口电量:   943.70 kWh
[19:01:12]   净交易量:  -798.60 kWh
[19:01:12]   平均出清价:  10.79 cents/kWh
[19:01:12]   市场独立度:  69.76%
[19:01:12] 
Buffer大小:  2112
[19:01:12] 噪声水平: 0.0916
[19:01:12] 
动作统计:
[19:01:12]   wind      : mean=-0.570, std= 0.774
[19:01:12]   solar     : mean= 0.014, std= 0.434
[19:01:12]   diesel    : mean= 0.630, std= 0.442
[19:01:12]   battery   : mean= 0.020, std= 0.670
[19:01:12]   customer  : mean=-0.254, std= 0.899
[19:01:13] 
======================================================================
[19:01:13] Episode 79/200
[19:01:13] ======================================================================
[19:01:13] 总奖励:  -117.15 | 步数: 24
[19:01:13] 最近10个episodes平均:  -114.07
[19:01:13] 
各Agent奖励:
[19:01:13]   wind      :   57.866
[19:01:13]   solar     :   23.786
[19:01:13]   diesel    :   77.829
[19:01:13]   battery   :    2.696
[19:01:13]   customer  : -279.328
[19:01:13] 
🔌 Main Grid 交易:
[19:01:13]   进口电量:   137.31 kWh
[19:01:13]   出口电量:   964.19 kWh
[19:01:13]   净交易量:  -826.88 kWh
[19:01:13]   平均出清价:   9.63 cents/kWh
[19:01:13]   市场独立度:  69.40%
[19:01:13] 
Buffer大小:  2136
[19:01:13] 噪声水平: 0.0915
[19:01:13] 
动作统计:
[19:01:13]   wind      : mean=-0.558, std= 0.799
[19:01:13]   solar     : mean= 0.034, std= 0.435
[19:01:13]   diesel    : mean= 0.656, std= 0.412
[19:01:13]   battery   : mean= 0.004, std= 0.661
[19:01:13]   customer  : mean=-0.211, std= 0.908
[19:01:14] 
======================================================================
[19:01:14] Episode 80/200
[19:01:14] ======================================================================
[19:01:14] 总奖励:  -125.47 | 步数: 24
[19:01:14] 最近10个episodes平均:  -113.65
[19:01:14] 
各Agent奖励:
[19:01:14]   wind      :   55.186
[19:01:14]   solar     :   22.988
[19:01:14]   diesel    :   84.436
[19:01:14]   battery   :    2.748
[19:01:14]   customer  : -290.827
[19:01:14] 
🔌 Main Grid 交易:
[19:01:14]   进口电量:   208.45 kWh
[19:01:14]   出口电量:   920.43 kWh
[19:01:14]   净交易量:  -711.98 kWh
[19:01:14]   平均出清价:  11.80 cents/kWh
[19:01:14]   市场独立度:  68.64%
[19:01:14] 
Buffer大小:  2160
[19:01:14] 噪声水平: 0.0914
[19:01:14] 
动作统计:
[19:01:14]   wind      : mean=-0.563, std= 0.790
[19:01:14]   solar     : mean=-0.018, std= 0.446
[19:01:14]   diesel    : mean= 0.619, std= 0.443
[19:01:14]   battery   : mean= 0.014, std= 0.676
[19:01:14]   customer  : mean=-0.224, std= 0.927
[19:01:14] 
📊 生成可视化图表...
[19:01:14]   ✓ debug_plots/training_ep0080.png
[19:01:15] 
======================================================================
[19:01:15] Episode 81/200
[19:01:15] ======================================================================
[19:01:15] 总奖励:  -113.10 | 步数: 24
[19:01:15] 最近10个episodes平均:  -114.40
[19:01:15] 
各Agent奖励:
[19:01:15]   wind      :   64.770
[19:01:15]   solar     :   20.746
[19:01:15]   diesel    :   77.232
[19:01:15]   battery   :    1.239
[19:01:15]   customer  : -277.086
[19:01:15] 
🔌 Main Grid 交易:
[19:01:15]   进口电量:   151.16 kWh
[19:01:15]   出口电量:  1034.45 kWh
[19:01:15]   净交易量:  -883.29 kWh
[19:01:15]   平均出清价:  13.69 cents/kWh
[19:01:15]   市场独立度:  67.07%
[19:01:15] 
Buffer大小:  2184
[19:01:15] 噪声水平: 0.0913
[19:01:15] 
动作统计:
[19:01:15]   wind      : mean=-0.556, std= 0.784
[19:01:15]   solar     : mean=-0.036, std= 0.401
[19:01:15]   diesel    : mean= 0.617, std= 0.443
[19:01:15]   battery   : mean= 0.055, std= 0.678
[19:01:15]   customer  : mean=-0.146, std= 0.944
[19:01:16] 
======================================================================
[19:01:16] Episode 82/200
[19:01:16] ======================================================================
[19:01:16] 总奖励:  -126.08 | 步数: 24
[19:01:16] 最近10个episodes平均:  -117.12
[19:01:16] 
各Agent奖励:
[19:01:16]   wind      :   51.433
[19:01:16]   solar     :   24.690
[19:01:16]   diesel    :   83.828
[19:01:16]   battery   :    3.405
[19:01:16]   customer  : -289.434
[19:01:16] 
🔌 Main Grid 交易:
[19:01:16]   进口电量:   206.57 kWh
[19:01:16]   出口电量:   992.60 kWh
[19:01:16]   净交易量:  -786.03 kWh
[19:01:16]   平均出清价:  10.80 cents/kWh
[19:01:16]   市场独立度:  66.69%
[19:01:16] 
Buffer大小:  2208
[19:01:16] 噪声水平: 0.0912
[19:01:16] 
动作统计:
[19:01:16]   wind      : mean=-0.566, std= 0.786
[19:01:16]   solar     : mean= 0.009, std= 0.382
[19:01:16]   diesel    : mean= 0.639, std= 0.436
[19:01:16]   battery   : mean= 0.031, std= 0.686
[19:01:16]   customer  : mean=-0.168, std= 0.936
[19:01:17] 
======================================================================
[19:01:17] Episode 83/200
[19:01:17] ======================================================================
[19:01:17] 总奖励:  -144.04 | 步数: 24
[19:01:17] 最近10个episodes平均:  -120.80
[19:01:17] 
各Agent奖励:
[19:01:17]   wind      :   29.192
[19:01:17]   solar     :   18.324
[19:01:17]   diesel    :   89.595
[19:01:17]   battery   :  -13.231
[19:01:17]   customer  : -267.921
[19:01:17] 
🔌 Main Grid 交易:
[19:01:17]   进口电量:   194.70 kWh
[19:01:17]   出口电量:   992.56 kWh
[19:01:17]   净交易量:  -797.86 kWh
[19:01:17]   平均出清价:  10.03 cents/kWh
[19:01:17]   市场独立度:  67.02%
[19:01:17] 
Buffer大小:  2232
[19:01:17] 噪声水平: 0.0911
[19:01:17] 
动作统计:
[19:01:17]   wind      : mean=-0.569, std= 0.773
[19:01:17]   solar     : mean=-0.038, std= 0.449
[19:01:17]   diesel    : mean= 0.626, std= 0.433
[19:01:17]   battery   : mean= 0.046, std= 0.706
[19:01:17]   customer  : mean=-0.147, std= 0.916
[19:01:18] 
======================================================================
[19:01:18] Episode 84/200
[19:01:18] ======================================================================
[19:01:18] 总奖励:  -114.45 | 步数: 24
[19:01:18] 最近10个episodes平均:  -118.91
[19:01:18] 
各Agent奖励:
[19:01:18]   wind      :   65.865
[19:01:18]   solar     :   18.934
[19:01:18]   diesel    :   77.864
[19:01:18]   battery   :    1.624
[19:01:18]   customer  : -278.740
[19:01:18] 
🔌 Main Grid 交易:
[19:01:18]   进口电量:   156.50 kWh
[19:01:18]   出口电量:   996.98 kWh
[19:01:18]   净交易量:  -840.48 kWh
[19:01:18]   平均出清价:  12.61 cents/kWh
[19:01:18]   市场独立度:  67.96%
[19:01:18] 
Buffer大小:  2256
[19:01:18] 噪声水平: 0.0910
[19:01:18] 
动作统计:
[19:01:18]   wind      : mean=-0.578, std= 0.794
[19:01:18]   solar     : mean=-0.051, std= 0.399
[19:01:18]   diesel    : mean= 0.616, std= 0.450
[19:01:18]   battery   : mean= 0.039, std= 0.702
[19:01:18]   customer  : mean=-0.132, std= 0.943
[19:01:18] 
======================================================================
[19:01:18] Episode 85/200
[19:01:18] ======================================================================
[19:01:18] 总奖励:  -127.64 | 步数: 24
[19:01:18] 最近10个episodes平均:  -121.49
[19:01:18] 
各Agent奖励:
[19:01:18]   wind      :   53.116
[19:01:18]   solar     :   14.636
[19:01:18]   diesel    :   54.602
[19:01:18]   battery   :    2.108
[19:01:18]   customer  : -252.101
[19:01:18] 
🔌 Main Grid 交易:
[19:01:18]   进口电量:   189.26 kWh
[19:01:18]   出口电量:  1177.89 kWh
[19:01:18]   净交易量:  -988.63 kWh
[19:01:18]   平均出清价:   8.20 cents/kWh
[19:01:18]   市场独立度:  62.02%
[19:01:18] 
Buffer大小:  2280
[19:01:18] 噪声水平: 0.0909
[19:01:18] 
动作统计:
[19:01:18]   wind      : mean=-0.555, std= 0.785
[19:01:18]   solar     : mean=-0.059, std= 0.393
[19:01:18]   diesel    : mean= 0.627, std= 0.440
[19:01:18]   battery   : mean= 0.094, std= 0.670
[19:01:18]   customer  : mean=-0.081, std= 0.946
[19:01:20] 
======================================================================
[19:01:20] Episode 86/200
[19:01:20] ======================================================================
[19:01:20] 总奖励:  -122.08 | 步数: 24
[19:01:20] 最近10个episodes平均:  -122.15
[19:01:20] 
各Agent奖励:
[19:01:20]   wind      :   54.488
[19:01:20]   solar     :   15.863
[19:01:20]   diesel    :   70.845
[19:01:20]   battery   :    2.357
[19:01:20]   customer  : -265.629
[19:01:20] 
🔌 Main Grid 交易:
[19:01:20]   进口电量:   186.71 kWh
[19:01:20]   出口电量:  1095.03 kWh
[19:01:20]   净交易量:  -908.32 kWh
[19:01:20]   平均出清价:   8.81 cents/kWh
[19:01:20]   市场独立度:  64.40%
[19:01:20] 
Buffer大小:  2304
[19:01:20] 噪声水平: 0.0908
[19:01:20] 
动作统计:
[19:01:20]   wind      : mean=-0.572, std= 0.767
[19:01:20]   solar     : mean=-0.065, std= 0.342
[19:01:20]   diesel    : mean= 0.615, std= 0.452
[19:01:20]   battery   : mean= 0.085, std= 0.700
[19:01:20]   customer  : mean=-0.068, std= 0.969
[19:01:21] 
======================================================================
[19:01:21] Episode 87/200
[19:01:21] ======================================================================
[19:01:21] 总奖励:  -131.23 | 步数: 24
[19:01:21] 最近10个episodes平均:  -122.84
[19:01:21] 
各Agent奖励:
[19:01:21]   wind      :   46.624
[19:01:21]   solar     :   12.870
[19:01:21]   diesel    :   65.842
[19:01:21]   battery   :    2.881
[19:01:21]   customer  : -259.447
[19:01:21] 
🔌 Main Grid 交易:
[19:01:21]   进口电量:   164.05 kWh
[19:01:21]   出口电量:  1175.02 kWh
[19:01:21]   净交易量: -1010.97 kWh
[19:01:21]   平均出清价:   6.69 cents/kWh
[19:01:21]   市场独立度:  62.80%
[19:01:21] 
Buffer大小:  2328
[19:01:21] 噪声水平: 0.0908
[19:01:21] 
动作统计:
[19:01:21]   wind      : mean=-0.565, std= 0.788
[19:01:21]   solar     : mean=-0.089, std= 0.358
[19:01:21]   diesel    : mean= 0.625, std= 0.446
[19:01:21]   battery   : mean= 0.077, std= 0.697
[19:01:21]   customer  : mean=-0.064, std= 0.955
[19:01:21] 
======================================================================
[19:01:21] Episode 88/200
[19:01:21] ======================================================================
[19:01:21] 总奖励:  -125.30 | 步数: 24
[19:01:21] 最近10个episodes平均:  -124.65
[19:01:21] 
各Agent奖励:
[19:01:21]   wind      :   55.147
[19:01:21]   solar     :   14.976
[19:01:21]   diesel    :   68.897
[19:01:21]   battery   :    2.389
[19:01:21]   customer  : -266.713
[19:01:21] 
🔌 Main Grid 交易:
[19:01:21]   进口电量:   149.18 kWh
[19:01:21]   出口电量:  1119.93 kWh
[19:01:21]   净交易量:  -970.75 kWh
[19:01:21]   平均出清价:   9.83 cents/kWh
[19:01:21]   市场独立度:  64.75%
[19:01:21] 
Buffer大小:  2352
[19:01:21] 噪声水平: 0.0907
[19:01:21] 
动作统计:
[19:01:21]   wind      : mean=-0.541, std= 0.793
[19:01:21]   solar     : mean=-0.027, std= 0.342
[19:01:21]   diesel    : mean= 0.637, std= 0.396
[19:01:21]   battery   : mean= 0.091, std= 0.703
[19:01:21]   customer  : mean=-0.062, std= 0.958
[19:01:22] 
======================================================================
[19:01:22] Episode 89/200
[19:01:22] ======================================================================
[19:01:22] 总奖励:  -141.62 | 步数: 24
[19:01:22] 最近10个episodes平均:  -127.10
[19:01:22] 
各Agent奖励:
[19:01:22]   wind      :   34.581
[19:01:22]   solar     :   11.458
[19:01:22]   diesel    :   67.562
[19:01:22]   battery   :    1.932
[19:01:22]   customer  : -257.151
[19:01:22] 
🔌 Main Grid 交易:
[19:01:22]   进口电量:   185.17 kWh
[19:01:22]   出口电量:  1115.95 kWh
[19:01:22]   净交易量:  -930.78 kWh
[19:01:22]   平均出清价:   4.88 cents/kWh
[19:01:22]   市场独立度:  63.86%
[19:01:22] 
Buffer大小:  2376
[19:01:22] 噪声水平: 0.0906
[19:01:22] 
动作统计:
[19:01:22]   wind      : mean=-0.549, std= 0.791
[19:01:22]   solar     : mean=-0.057, std= 0.357
[19:01:22]   diesel    : mean= 0.598, std= 0.436
[19:01:22]   battery   : mean= 0.099, std= 0.681
[19:01:22]   customer  : mean=-0.005, std= 0.953
[19:01:23] 
======================================================================
[19:01:23] Episode 90/200
[19:01:23] ======================================================================
[19:01:23] 总奖励:  -143.98 | 步数: 24
[19:01:23] 最近10个episodes平均:  -128.95
[19:01:23] 
各Agent奖励:
[19:01:23]   wind      :   38.655
[19:01:23]   solar     :    7.701
[19:01:23]   diesel    :   59.644
[19:01:23]   battery   :    2.703
[19:01:23]   customer  : -252.680
[19:01:23] 
🔌 Main Grid 交易:
[19:01:23]   进口电量:   168.76 kWh
[19:01:23]   出口电量:  1184.78 kWh
[19:01:23]   净交易量: -1016.02 kWh
[19:01:23]   平均出清价:   8.69 cents/kWh
[19:01:23]   市场独立度:  62.40%
[19:01:23] 
Buffer大小:  2400
[19:01:23] 噪声水平: 0.0905
[19:01:23] 
动作统计:
[19:01:23]   wind      : mean=-0.559, std= 0.765
[19:01:23]   solar     : mean=-0.044, std= 0.350
[19:01:23]   diesel    : mean= 0.622, std= 0.430
[19:01:23]   battery   : mean= 0.141, std= 0.670
[19:01:23]   customer  : mean= 0.090, std= 0.954
[19:01:23] 
📊 生成可视化图表...
[19:01:23]   ✓ debug_plots/training_ep0090.png
[19:01:24] 
======================================================================
[19:01:24] Episode 91/200
[19:01:24] ======================================================================
[19:01:24] 总奖励:  -170.87 | 步数: 24
[19:01:24] 最近10个episodes平均:  -134.73
[19:01:24] 
各Agent奖励:
[19:01:24]   wind      :   16.860
[19:01:24]   solar     :    4.190
[19:01:24]   diesel    :   43.644
[19:01:24]   battery   :    3.354
[19:01:24]   customer  : -238.915
[19:01:24] 
🔌 Main Grid 交易:
[19:01:24]   进口电量:   202.61 kWh
[19:01:24]   出口电量:  1323.54 kWh
[19:01:24]   净交易量: -1120.93 kWh
[19:01:24]   平均出清价:   3.69 cents/kWh
[19:01:24]   市场独立度:  57.61%
[19:01:24] 
Buffer大小:  2424
[19:01:24] 噪声水平: 0.0904
[19:01:24] 
动作统计:
[19:01:24]   wind      : mean=-0.565, std= 0.770
[19:01:24]   solar     : mean=-0.090, std= 0.357
[19:01:24]   diesel    : mean= 0.632, std= 0.425
[19:01:24]   battery   : mean= 0.192, std= 0.680
[19:01:24]   customer  : mean= 0.208, std= 0.924
[19:01:25] 
======================================================================
[19:01:25] Episode 92/200
[19:01:25] ======================================================================
[19:01:25] 总奖励:  -141.24 | 步数: 24
[19:01:25] 最近10个episodes平均:  -136.24
[19:01:25] 
各Agent奖励:
[19:01:25]   wind      :   30.177
[19:01:25]   solar     :    1.981
[19:01:25]   diesel    :   31.116
[19:01:25]   battery   :    2.516
[19:01:25]   customer  : -207.034
[19:01:25] 
🔌 Main Grid 交易:
[19:01:25]   进口电量:    93.10 kWh
[19:01:25]   出口电量:  1455.94 kWh
[19:01:25]   净交易量: -1362.84 kWh
[19:01:25]   平均出清价:   4.35 cents/kWh
[19:01:25]   市场独立度:  56.97%
[19:01:25] 
Buffer大小:  2448
[19:01:25] 噪声水平: 0.0903
[19:01:25] 
动作统计:
[19:01:25]   wind      : mean=-0.535, std= 0.763
[19:01:25]   solar     : mean=-0.021, std= 0.363
[19:01:25]   diesel    : mean= 0.641, std= 0.410
[19:01:25]   battery   : mean= 0.222, std= 0.659
[19:01:25]   customer  : mean= 0.263, std= 0.935
[19:01:27] 
======================================================================
[19:01:27] Episode 93/200
[19:01:27] ======================================================================
[19:01:27] 总奖励:  -159.58 | 步数: 24
[19:01:27] 最近10个episodes平均:  -137.80
[19:01:27] 
各Agent奖励:
[19:01:27]   wind      :   20.421
[19:01:27]   solar     :    0.618
[19:01:27]   diesel    :   24.427
[19:01:27]   battery   :    2.428
[19:01:27]   customer  : -207.477
[19:01:27] 
🔌 Main Grid 交易:
[19:01:27]   进口电量:   132.45 kWh
[19:01:27]   出口电量:  1509.88 kWh
[19:01:27]   净交易量: -1377.42 kWh
[19:01:27]   平均出清价:   1.61 cents/kWh
[19:01:27]   市场独立度:  54.38%
[19:01:27] 
Buffer大小:  2472
[19:01:27] 噪声水平: 0.0902
[19:01:27] 
动作统计:
[19:01:27]   wind      : mean=-0.556, std= 0.766
[19:01:27]   solar     : mean=-0.049, std= 0.352
[19:01:27]   diesel    : mean= 0.668, std= 0.398
[19:01:27]   battery   : mean= 0.223, std= 0.648
[19:01:27]   customer  : mean= 0.294, std= 0.890
[19:01:28] 
======================================================================
[19:01:28] Episode 94/200
[19:01:28] ======================================================================
[19:01:28] 总奖励:  -165.25 | 步数: 24
[19:01:28] 最近10个episodes平均:  -142.88
[19:01:28] 
各Agent奖励:
[19:01:28]   wind      :   17.672
[19:01:28]   solar     :   -0.230
[19:01:28]   diesel    :   15.841
[19:01:28]   battery   :    2.763
[19:01:28]   customer  : -201.295
[19:01:28] 
🔌 Main Grid 交易:
[19:01:28]   进口电量:   120.13 kWh
[19:01:28]   出口电量:  1566.20 kWh
[19:01:28]   净交易量: -1446.07 kWh
[19:01:28]   平均出清价:   2.83 cents/kWh
[19:01:28]   市场独立度:  53.16%
[19:01:28] 
Buffer大小:  2496
[19:01:28] 噪声水平: 0.0901
[19:01:28] 
动作统计:
[19:01:28]   wind      : mean=-0.567, std= 0.795
[19:01:28]   solar     : mean=-0.083, std= 0.354
[19:01:28]   diesel    : mean= 0.703, std= 0.330
[19:01:28]   battery   : mean= 0.228, std= 0.627
[19:01:28]   customer  : mean= 0.425, std= 0.842
[19:01:29] 
======================================================================
[19:01:29] Episode 95/200
[19:01:29] ======================================================================
[19:01:29] 总奖励:  -161.17 | 步数: 24
[19:01:29] 最近10个episodes平均:  -146.23
[19:01:29] 
各Agent奖励:
[19:01:29]   wind      :   16.978
[19:01:29]   solar     :    0.279
[19:01:29]   diesel    :   18.821
[19:01:29]   battery   :    3.809
[19:01:29]   customer  : -201.058
[19:01:29] 
🔌 Main Grid 交易:
[19:01:29]   进口电量:   105.55 kWh
[19:01:29]   出口电量:  1554.24 kWh
[19:01:29]   净交易量: -1448.69 kWh
[19:01:29]   平均出清价:   2.50 cents/kWh
[19:01:29]   市场独立度:  53.89%
[19:01:29] 
Buffer大小:  2520
[19:01:29] 噪声水平: 0.0900
[19:01:29] 
动作统计:
[19:01:29]   wind      : mean=-0.553, std= 0.788
[19:01:29]   solar     : mean=-0.073, std= 0.372
[19:01:29]   diesel    : mean= 0.670, std= 0.341
[19:01:29]   battery   : mean= 0.216, std= 0.634
[19:01:29]   customer  : mean= 0.456, std= 0.793
[19:01:30] 
======================================================================
[19:01:30] Episode 96/200
[19:01:30] ======================================================================
[19:01:30] 总奖励:  -174.45 | 步数: 24
[19:01:30] 最近10个episodes平均:  -151.47
[19:01:30] 
各Agent奖励:
[19:01:30]   wind      :    4.775
[19:01:30]   solar     :    0.376
[19:01:30]   diesel    :   12.728
[19:01:30]   battery   :    2.046
[19:01:30]   customer  : -194.372
[19:01:30] 
🔌 Main Grid 交易:
[19:01:30]   进口电量:    85.85 kWh
[19:01:30]   出口电量:  1737.35 kWh
[19:01:30]   净交易量: -1651.50 kWh
[19:01:30]   平均出清价:  -5.67 cents/kWh
[19:01:30]   市场独立度:  49.36%
[19:01:30] 
Buffer大小:  2544
[19:01:30] 噪声水平: 0.0899
[19:01:30] 
动作统计:
[19:01:30]   wind      : mean=-0.570, std= 0.800
[19:01:30]   solar     : mean=-0.067, std= 0.335
[19:01:30]   diesel    : mean= 0.708, std= 0.311
[19:01:30]   battery   : mean= 0.260, std= 0.595
[19:01:30]   customer  : mean= 0.560, std= 0.687
[19:01:32] 
======================================================================
[19:01:32] Episode 97/200
[19:01:32] ======================================================================
[19:01:32] 总奖励:  -179.64 | 步数: 24
[19:01:32] 最近10个episodes平均:  -156.31
[19:01:32] 
各Agent奖励:
[19:01:32]   wind      :    3.304
[19:01:32]   solar     :    0.000
[19:01:32]   diesel    :    9.696
[19:01:32]   battery   :    2.776
[19:01:32]   customer  : -195.411
[19:01:32] 
🔌 Main Grid 交易:
[19:01:32]   进口电量:    55.85 kWh
[19:01:32]   出口电量:  1806.81 kWh
[19:01:32]   净交易量: -1750.96 kWh
[19:01:32]   平均出清价:  -1.48 cents/kWh
[19:01:32]   市场独立度:  48.26%
[19:01:32] 
Buffer大小:  2568
[19:01:32] 噪声水平: 0.0898
[19:01:32] 
动作统计:
[19:01:32]   wind      : mean=-0.564, std= 0.796
[19:01:32]   solar     : mean=-0.042, std= 0.346
[19:01:32]   diesel    : mean= 0.724, std= 0.296
[19:01:32]   battery   : mean= 0.273, std= 0.590
[19:01:32]   customer  : mean= 0.644, std= 0.627
[19:01:32] 
======================================================================
[19:01:32] Episode 98/200
[19:01:32] ======================================================================
[19:01:32] 总奖励:  -187.38 | 步数: 24
[19:01:32] 最近10个episodes平均:  -162.52
[19:01:32] 
各Agent奖励:
[19:01:32]   wind      :    3.385
[19:01:32]   solar     :    0.000
[19:01:32]   diesel    :    0.000
[19:01:32]   battery   :    3.645
[19:01:32]   customer  : -194.415
[19:01:32] 
🔌 Main Grid 交易:
[19:01:32]   进口电量:    20.20 kWh
[19:01:32]   出口电量:  2040.53 kWh
[19:01:32]   净交易量: -2020.34 kWh
[19:01:32]   平均出清价:   1.93 cents/kWh
[19:01:32]   市场独立度:  42.76%
[19:01:32] 
Buffer大小:  2592
[19:01:32] 噪声水平: 0.0898
[19:01:32] 
动作统计:
[19:01:32]   wind      : mean=-0.563, std= 0.802
[19:01:32]   solar     : mean=-0.042, std= 0.354
[19:01:32]   diesel    : mean= 0.754, std= 0.241
[19:01:32]   battery   : mean= 0.282, std= 0.563
[19:01:32]   customer  : mean= 0.764, std= 0.514
[19:01:34] 
======================================================================
[19:01:34] Episode 99/200
[19:01:34] ======================================================================
[19:01:34] 总奖励:  -184.32 | 步数: 24
[19:01:34] 最近10个episodes平均:  -166.79
[19:01:34] 
各Agent奖励:
[19:01:34]   wind      :  -11.705
[19:01:34]   solar     :    0.000
[19:01:34]   diesel    :   -0.557
[19:01:34]   battery   :    2.980
[19:01:34]   customer  : -175.041
[19:01:34] 
🔌 Main Grid 交易:
[19:01:34]   进口电量:     8.08 kWh
[19:01:34]   出口电量:  1890.43 kWh
[19:01:34]   净交易量: -1882.34 kWh
[19:01:34]   平均出清价:  -6.66 cents/kWh
[19:01:34]   市场独立度:  47.26%
[19:01:34] 
Buffer大小:  2616
[19:01:34] 噪声水平: 0.0897
[19:01:34] 
动作统计:
[19:01:34]   wind      : mean=-0.580, std= 0.772
[19:01:34]   solar     : mean=-0.069, std= 0.354
[19:01:34]   diesel    : mean= 0.738, std= 0.258
[19:01:34]   battery   : mean= 0.258, std= 0.613
[19:01:34]   customer  : mean= 0.748, std= 0.504
[19:01:35] 
======================================================================
[19:01:35] Episode 100/200
[19:01:35] ======================================================================
[19:01:35] 总奖励:  -185.46 | 步数: 24
[19:01:35] 最近10个episodes平均:  -170.94
[19:01:35] 
各Agent奖励:
[19:01:35]   wind      :   -4.337
[19:01:35]   solar     :    2.245
[19:01:35]   diesel    :    1.488
[19:01:35]   battery   :    3.317
[19:01:35]   customer  : -188.172
[19:01:35] 
🔌 Main Grid 交易:
[19:01:35]   进口电量:     7.34 kWh
[19:01:35]   出口电量:  1952.69 kWh
[19:01:35]   净交易量: -1945.35 kWh
[19:01:35]   平均出清价:  -4.98 cents/kWh
[19:01:35]   市场独立度:  45.55%
[19:01:35] 
Buffer大小:  2640
[19:01:35] 噪声水平: 0.0896
[19:01:35] 
动作统计:
[19:01:35]   wind      : mean=-0.558, std= 0.788
[19:01:35]   solar     : mean=-0.054, std= 0.319
[19:01:35]   diesel    : mean= 0.758, std= 0.233
[19:01:35]   battery   : mean= 0.292, std= 0.570
[19:01:35]   customer  : mean= 0.801, std= 0.437
[19:01:35] 
📊 生成可视化图表...
[19:01:35]   ✓ debug_plots/training_ep0100.png
[19:01:35] 💾 保存checkpoint: debug_checkpoints/debug_maddpg_20251203_190001_ep0100.pt
[19:01:36] 
======================================================================
[19:01:36] Episode 101/200
[19:01:36] ======================================================================
[19:01:36] 总奖励:  -188.41 | 步数: 24
[19:01:36] 最近10个episodes平均:  -172.69
[19:01:36] 
各Agent奖励:
[19:01:36]   wind      :   -6.988
[19:01:36]   solar     :    0.258
[19:01:36]   diesel    :    0.911
[19:01:36]   battery   :    2.479
[19:01:36]   customer  : -185.070
[19:01:36] 
🔌 Main Grid 交易:
[19:01:36]   进口电量:    29.01 kWh
[19:01:36]   出口电量:  2005.57 kWh
[19:01:36]   净交易量: -1976.56 kWh
[19:01:36]   平均出清价:  -3.19 cents/kWh
[19:01:36]   市场独立度:  43.48%
[19:01:36] 
Buffer大小:  2664
[19:01:36] 噪声水平: 0.0895
[19:01:36] 
动作统计:
[19:01:36]   wind      : mean=-0.562, std= 0.795
[19:01:36]   solar     : mean=-0.030, std= 0.318
[19:01:36]   diesel    : mean= 0.760, std= 0.228
[19:01:36]   battery   : mean= 0.364, std= 0.568
[19:01:36]   customer  : mean= 0.799, std= 0.425
[19:01:37] 
======================================================================
[19:01:37] Episode 102/200
[19:01:37] ======================================================================
[19:01:37] 总奖励:  -185.40 | 步数: 24
[19:01:37] 最近10个episodes平均:  -177.11
[19:01:37] 
各Agent奖励:
[19:01:37]   wind      :   -5.880
[19:01:37]   solar     :    0.497
[19:01:37]   diesel    :    0.000
[19:01:37]   battery   :    2.411
[19:01:37]   customer  : -182.430
[19:01:37] 
🔌 Main Grid 交易:
[19:01:37]   进口电量:     5.81 kWh
[19:01:37]   出口电量:  1921.74 kWh
[19:01:37]   净交易量: -1915.93 kWh
[19:01:37]   平均出清价:  -1.80 cents/kWh
[19:01:37]   市场独立度:  46.46%
[19:01:37] 
Buffer大小:  2688
[19:01:37] 噪声水平: 0.0894
[19:01:37] 
动作统计:
[19:01:37]   wind      : mean=-0.509, std= 0.788
[19:01:37]   solar     : mean= 0.021, std= 0.316
[19:01:37]   diesel    : mean= 0.774, std= 0.195
[19:01:37]   battery   : mean= 0.342, std= 0.542
[19:01:37]   customer  : mean= 0.825, std= 0.362
[19:01:38] 
======================================================================
[19:01:38] Episode 103/200
[19:01:38] ======================================================================
[19:01:38] 总奖励:  -183.61 | 步数: 24
[19:01:38] 最近10个episodes平均:  -179.51
[19:01:38] 
各Agent奖励:
[19:01:38]   wind      :   -1.067
[19:01:38]   solar     :    2.711
[19:01:38]   diesel    :    0.000
[19:01:38]   battery   :    3.000
[19:01:38]   customer  : -188.256
[19:01:38] 
🔌 Main Grid 交易:
[19:01:38]   进口电量:    17.57 kWh
[19:01:38]   出口电量:  2016.04 kWh
[19:01:38]   净交易量: -1998.47 kWh
[19:01:38]   平均出清价:  -0.76 cents/kWh
[19:01:38]   市场独立度:  43.51%
[19:01:38] 
Buffer大小:  2712
[19:01:38] 噪声水平: 0.0893
[19:01:38] 
动作统计:
[19:01:38]   wind      : mean=-0.478, std= 0.831
[19:01:38]   solar     : mean=-0.006, std= 0.326
[19:01:38]   diesel    : mean= 0.786, std= 0.203
[19:01:38]   battery   : mean= 0.371, std= 0.550
[19:01:38]   customer  : mean= 0.848, std= 0.303
[19:01:38] 
======================================================================
[19:01:38] Episode 104/200
[19:01:38] ======================================================================
[19:01:38] 总奖励:  -182.64 | 步数: 24
[19:01:38] 最近10个episodes平均:  -181.25
[19:01:38] 
各Agent奖励:
[19:01:38]   wind      :   -6.394
[19:01:38]   solar     :    0.000
[19:01:38]   diesel    :    0.000
[19:01:38]   battery   :    2.411
[19:01:38]   customer  : -178.653
[19:01:38] 
🔌 Main Grid 交易:
[19:01:38]   进口电量:     0.00 kWh
[19:01:38]   出口电量:  2005.04 kWh
[19:01:38]   净交易量: -2005.04 kWh
[19:01:38]   平均出清价:  -6.65 cents/kWh
[19:01:38]   市场独立度:  44.30%
[19:01:38] 
Buffer大小:  2736
[19:01:38] 噪声水平: 0.0892
[19:01:38] 
动作统计:
[19:01:38]   wind      : mean=-0.465, std= 0.841
[19:01:38]   solar     : mean=-0.015, std= 0.278
[19:01:38]   diesel    : mean= 0.789, std= 0.167
[19:01:38]   battery   : mean= 0.356, std= 0.556
[19:01:38]   customer  : mean= 0.875, std= 0.292
[19:01:39] 
======================================================================
[19:01:39] Episode 105/200
[19:01:39] ======================================================================
[19:01:39] 总奖励:  -192.94 | 步数: 24
[19:01:39] 最近10个episodes平均:  -184.43
[19:01:39] 
各Agent奖励:
[19:01:39]   wind      :   -4.093
[19:01:39]   solar     :    0.155
[19:01:39]   diesel    :    0.000
[19:01:39]   battery   :    0.096
[19:01:39]   customer  : -189.103
[19:01:39] 
🔌 Main Grid 交易:
[19:01:39]   进口电量:     4.38 kWh
[19:01:39]   出口电量:  2015.60 kWh
[19:01:39]   净交易量: -2011.22 kWh
[19:01:39]   平均出清价:  -2.83 cents/kWh
[19:01:39]   市场独立度:  43.89%
[19:01:39] 
Buffer大小:  2760
[19:01:39] 噪声水平: 0.0891
[19:01:39] 
动作统计:
[19:01:39]   wind      : mean=-0.430, std= 0.830
[19:01:39]   solar     : mean= 0.007, std= 0.284
[19:01:39]   diesel    : mean= 0.817, std= 0.171
[19:01:39]   battery   : mean= 0.367, std= 0.557
[19:01:39]   customer  : mean= 0.881, std= 0.262
[19:01:40] 
======================================================================
[19:01:40] Episode 106/200
[19:01:40] ======================================================================
[19:01:40] 总奖励:  -201.16 | 步数: 24
[19:01:40] 最近10个episodes平均:  -187.10
[19:01:40] 
各Agent奖励:
[19:01:40]   wind      :  -24.157
[19:01:40]   solar     :    0.000
[19:01:40]   diesel    :    0.000
[19:01:40]   battery   :   -8.378
[19:01:40]   customer  : -168.621
[19:01:40] 
🔌 Main Grid 交易:
[19:01:40]   进口电量:     0.00 kWh
[19:01:40]   出口电量:  2234.69 kWh
[19:01:40]   净交易量: -2234.69 kWh
[19:01:40]   平均出清价:  -6.58 cents/kWh
[19:01:40]   市场独立度:  37.93%
[19:01:40] 
Buffer大小:  2784
[19:01:40] 噪声水平: 0.0890
[19:01:40] 
动作统计:
[19:01:40]   wind      : mean=-0.481, std= 0.822
[19:01:40]   solar     : mean=-0.043, std= 0.250
[19:01:40]   diesel    : mean= 0.818, std= 0.163
[19:01:40]   battery   : mean= 0.350, std= 0.546
[19:01:40]   customer  : mean= 0.939, std= 0.128
[19:01:41] 
======================================================================
[19:01:41] Episode 107/200
[19:01:41] ======================================================================
[19:01:41] 总奖励:  -191.06 | 步数: 24
[19:01:41] 最近10个episodes平均:  -188.24
[19:01:41] 
各Agent奖励:
[19:01:41]   wind      :  -10.873
[19:01:41]   solar     :    0.000
[19:01:41]   diesel    :    0.000
[19:01:41]   battery   :   -5.542
[19:01:41]   customer  : -174.641
[19:01:41] 
🔌 Main Grid 交易:
[19:01:41]   进口电量:     0.00 kWh
[19:01:41]   出口电量:  2088.97 kWh
[19:01:41]   净交易量: -2088.97 kWh
[19:01:41]   平均出清价:  -5.09 cents/kWh
[19:01:41]   市场独立度:  41.97%
[19:01:41] 
Buffer大小:  2808
[19:01:41] 噪声水平: 0.0890
[19:01:41] 
动作统计:
[19:01:41]   wind      : mean=-0.462, std= 0.832
[19:01:41]   solar     : mean=-0.057, std= 0.257
[19:01:41]   diesel    : mean= 0.815, std= 0.171
[19:01:41]   battery   : mean= 0.335, std= 0.557
[19:01:41]   customer  : mean= 0.924, std= 0.141
[19:01:42] 
======================================================================
[19:01:42] Episode 108/200
[19:01:42] ======================================================================
[19:01:42] 总奖励:  -193.01 | 步数: 24
[19:01:42] 最近10个episodes平均:  -188.80
[19:01:42] 
各Agent奖励:
[19:01:42]   wind      :  -11.161
[19:01:42]   solar     :    0.000
[19:01:42]   diesel    :    0.476
[19:01:42]   battery   :    8.772
[19:01:42]   customer  : -191.099
[19:01:42] 
🔌 Main Grid 交易:
[19:01:42]   进口电量:     0.00 kWh
[19:01:42]   出口电量:  2148.52 kWh
[19:01:42]   净交易量: -2148.52 kWh
[19:01:42]   平均出清价:  -5.68 cents/kWh
[19:01:42]   市场独立度:  40.32%
[19:01:42] 
Buffer大小:  2832
[19:01:42] 噪声水平: 0.0889
[19:01:42] 
动作统计:
[19:01:42]   wind      : mean=-0.395, std= 0.876
[19:01:42]   solar     : mean=-0.014, std= 0.292
[19:01:42]   diesel    : mean= 0.791, std= 0.188
[19:01:42]   battery   : mean= 0.351, std= 0.546
[19:01:42]   customer  : mean= 0.943, std= 0.117
[19:01:42] 
======================================================================
[19:01:42] Episode 109/200
[19:01:42] ======================================================================
[19:01:42] 总奖励:  -195.67 | 步数: 24
[19:01:42] 最近10个episodes平均:  -189.94
[19:01:42] 
各Agent奖励:
[19:01:42]   wind      :  -10.233
[19:01:42]   solar     :    0.859
[19:01:42]   diesel    :    0.000
[19:01:42]   battery   :   -9.486
[19:01:42]   customer  : -176.813
[19:01:42] 
🔌 Main Grid 交易:
[19:01:42]   进口电量:     0.00 kWh
[19:01:42]   出口电量:  2132.93 kWh
[19:01:42]   净交易量: -2132.93 kWh
[19:01:42]   平均出清价:  -5.74 cents/kWh
[19:01:42]   市场独立度:  40.75%
[19:01:42] 
Buffer大小:  2856
[19:01:42] 噪声水平: 0.0888
[19:01:42] 
动作统计:
[19:01:42]   wind      : mean=-0.428, std= 0.837
[19:01:42]   solar     : mean=-0.031, std= 0.257
[19:01:42]   diesel    : mean= 0.799, std= 0.176
[19:01:42]   battery   : mean= 0.352, std= 0.517
[19:01:42]   customer  : mean= 0.962, std= 0.053
[19:01:44] 
======================================================================
[19:01:44] Episode 110/200
[19:01:44] ======================================================================
[19:01:44] 总奖励:  -189.61 | 步数: 24
[19:01:44] 最近10个episodes平均:  -190.35
[19:01:44] 
各Agent奖励:
[19:01:44]   wind      :  -18.463
[19:01:44]   solar     :    2.369
[19:01:44]   diesel    :    1.432
[19:01:44]   battery   :    6.411
[19:01:44]   customer  : -181.364
[19:01:44] 
🔌 Main Grid 交易:
[19:01:44]   进口电量:     0.00 kWh
[19:01:44]   出口电量:  2189.84 kWh
[19:01:44]   净交易量: -2189.84 kWh
[19:01:44]   平均出清价:  -4.40 cents/kWh
[19:01:44]   市场独立度:  39.17%
[19:01:44] 
Buffer大小:  2880
[19:01:44] 噪声水平: 0.0887
[19:01:44] 
动作统计:
[19:01:44]   wind      : mean=-0.403, std= 0.864
[19:01:44]   solar     : mean=-0.005, std= 0.266
[19:01:44]   diesel    : mean= 0.821, std= 0.167
[19:01:44]   battery   : mean= 0.349, std= 0.547
[19:01:44]   customer  : mean= 0.950, std= 0.093
[19:01:44] 
📊 生成可视化图表...
[19:01:44]   ✓ debug_plots/training_ep0110.png
[19:01:45] 
======================================================================
[19:01:45] Episode 111/200
[19:01:45] ======================================================================
[19:01:45] 总奖励:  -192.30 | 步数: 24
[19:01:45] 最近10个episodes平均:  -190.74
[19:01:45] 
各Agent奖励:
[19:01:45]   wind      :  -23.716
[19:01:45]   solar     :    5.630
[19:01:45]   diesel    :    0.468
[19:01:45]   battery   :    8.100
[19:01:45]   customer  : -182.779
[19:01:45] 
🔌 Main Grid 交易:
[19:01:45]   进口电量:     0.00 kWh
[19:01:45]   出口电量:  2182.34 kWh
[19:01:45]   净交易量: -2182.34 kWh
[19:01:45]   平均出清价: -10.82 cents/kWh
[19:01:45]   市场独立度:  39.38%
[19:01:45] 
Buffer大小:  2904
[19:01:45] 噪声水平: 0.0886
[19:01:45] 
动作统计:
[19:01:45]   wind      : mean=-0.401, std= 0.855
[19:01:45]   solar     : mean= 0.044, std= 0.305
[19:01:45]   diesel    : mean= 0.819, std= 0.160
[19:01:45]   battery   : mean= 0.379, std= 0.517
[19:01:45]   customer  : mean= 0.966, std= 0.051
[19:01:45] 
======================================================================
[19:01:45] Episode 112/200
[19:01:45] ======================================================================
[19:01:45] 总奖励:  -189.92 | 步数: 24
[19:01:45] 最近10个episodes平均:  -191.19
[19:01:45] 
各Agent奖励:
[19:01:45]   wind      :   -1.254
[19:01:45]   solar     :    0.119
[19:01:45]   diesel    :    0.000
[19:01:45]   battery   :    0.828
[19:01:45]   customer  : -189.615
[19:01:45] 
🔌 Main Grid 交易:
[19:01:45]   进口电量:     0.00 kWh
[19:01:45]   出口电量:  2161.70 kWh
[19:01:45]   净交易量: -2161.70 kWh
[19:01:45]   平均出清价:  -6.18 cents/kWh
[19:01:45]   市场独立度:  39.95%
[19:01:45] 
Buffer大小:  2928
[19:01:45] 噪声水平: 0.0885
[19:01:45] 
动作统计:
[19:01:45]   wind      : mean=-0.409, std= 0.789
[19:01:45]   solar     : mean= 0.003, std= 0.288
[19:01:45]   diesel    : mean= 0.821, std= 0.161
[19:01:45]   battery   : mean= 0.380, std= 0.508
[19:01:45]   customer  : mean= 0.973, std= 0.048
[19:01:46] 
======================================================================
[19:01:46] Episode 113/200
[19:01:46] ======================================================================
[19:01:46] 总奖励:  -190.78 | 步数: 24
[19:01:46] 最近10个episodes平均:  -191.91
[19:01:46] 
各Agent奖励:
[19:01:46]   wind      :  -15.058
[19:01:46]   solar     :    0.692
[19:01:46]   diesel    :    0.000
[19:01:46]   battery   :    2.830
[19:01:46]   customer  : -179.247
[19:01:46] 
🔌 Main Grid 交易:
[19:01:46]   进口电量:     0.00 kWh
[19:01:46]   出口电量:  2134.32 kWh
[19:01:46]   净交易量: -2134.32 kWh
[19:01:46]   平均出清价:  -2.64 cents/kWh
[19:01:46]   市场独立度:  40.71%
[19:01:46] 
Buffer大小:  2952
[19:01:46] 噪声水平: 0.0884
[19:01:46] 
动作统计:
[19:01:46]   wind      : mean=-0.344, std= 0.713
[19:01:46]   solar     : mean= 0.049, std= 0.250
[19:01:46]   diesel    : mean= 0.813, std= 0.165
[19:01:46]   battery   : mean= 0.396, std= 0.507
[19:01:46]   customer  : mean= 0.962, std= 0.057
[19:01:47] 
======================================================================
[19:01:47] Episode 114/200
[19:01:47] ======================================================================
[19:01:47] 总奖励:  -182.33 | 步数: 24
[19:01:47] 最近10个episodes平均:  -191.88
[19:01:47] 
各Agent奖励:
[19:01:47]   wind      :   -1.161
[19:01:47]   solar     :    3.019
[19:01:47]   diesel    :    0.787
[19:01:47]   battery   :   -5.045
[19:01:47]   customer  : -179.931
[19:01:47] 
🔌 Main Grid 交易:
[19:01:47]   进口电量:     0.00 kWh
[19:01:47]   出口电量:  2199.98 kWh
[19:01:47]   净交易量: -2199.98 kWh
[19:01:47]   平均出清价:   2.17 cents/kWh
[19:01:47]   市场独立度:  38.89%
[19:01:47] 
Buffer大小:  2976
[19:01:47] 噪声水平: 0.0883
[19:01:47] 
动作统计:
[19:01:47]   wind      : mean=-0.090, std= 0.657
[19:01:47]   solar     : mean= 0.057, std= 0.284
[19:01:47]   diesel    : mean= 0.806, std= 0.174
[19:01:47]   battery   : mean= 0.396, std= 0.516
[19:01:47]   customer  : mean= 0.962, std= 0.052
[19:01:48] 
======================================================================
[19:01:48] Episode 115/200
[19:01:48] ======================================================================
[19:01:48] 总奖励:  -184.44 | 步数: 24
[19:01:48] 最近10个episodes平均:  -191.03
[19:01:48] 
各Agent奖励:
[19:01:48]   wind      :    4.547
[19:01:48]   solar     :    1.728
[19:01:48]   diesel    :    0.000
[19:01:48]   battery   :   -4.813
[19:01:48]   customer  : -185.907
[19:01:48] 
🔌 Main Grid 交易:
[19:01:48]   进口电量:     0.00 kWh
[19:01:48]   出口电量:  2107.89 kWh
[19:01:48]   净交易量: -2107.89 kWh
[19:01:48]   平均出清价:   2.06 cents/kWh
[19:01:48]   市场独立度:  41.45%
[19:01:48] 
Buffer大小:  3000
[19:01:48] 噪声水平: 0.0882
[19:01:48] 
动作统计:
[19:01:48]   wind      : mean=-0.111, std= 0.662
[19:01:48]   solar     : mean= 0.083, std= 0.269
[19:01:48]   diesel    : mean= 0.834, std= 0.154
[19:01:48]   battery   : mean= 0.407, std= 0.520
[19:01:48]   customer  : mean= 0.951, std= 0.061
[19:01:49] 
======================================================================
[19:01:49] Episode 116/200
[19:01:49] ======================================================================
[19:01:49] 总奖励:  -197.09 | 步数: 24
[19:01:49] 最近10个episodes平均:  -190.62
[19:01:49] 
各Agent奖励:
[19:01:49]   wind      :   -1.726
[19:01:49]   solar     :    6.214
[19:01:49]   diesel    :    0.000
[19:01:49]   battery   :  -17.324
[19:01:49]   customer  : -184.253
[19:01:49] 
🔌 Main Grid 交易:
[19:01:49]   进口电量:     0.00 kWh
[19:01:49]   出口电量:  2206.49 kWh
[19:01:49]   净交易量: -2206.49 kWh
[19:01:49]   平均出清价:   9.82 cents/kWh
[19:01:49]   市场独立度:  38.71%
[19:01:49] 
Buffer大小:  3024
[19:01:49] 噪声水平: 0.0882
[19:01:49] 
动作统计:
[19:01:49]   wind      : mean= 0.315, std= 0.596
[19:01:49]   solar     : mean= 0.128, std= 0.321
[19:01:49]   diesel    : mean= 0.829, std= 0.157
[19:01:49]   battery   : mean= 0.404, std= 0.535
[19:01:49]   customer  : mean= 0.975, std= 0.040
[19:01:50] 
======================================================================
[19:01:50] Episode 117/200
[19:01:50] ======================================================================
[19:01:50] 总奖励:  -202.52 | 步数: 24
[19:01:50] 最近10个episodes平均:  -191.77
[19:01:50] 
各Agent奖励:
[19:01:50]   wind      :    1.235
[19:01:50]   solar     :    0.279
[19:01:50]   diesel    :    0.000
[19:01:50]   battery   :  -13.704
[19:01:50]   customer  : -190.335
[19:01:50] 
🔌 Main Grid 交易:
[19:01:50]   进口电量:     0.00 kWh
[19:01:50]   出口电量:  2157.80 kWh
[19:01:50]   净交易量: -2157.80 kWh
[19:01:50]   平均出清价:   5.87 cents/kWh
[19:01:50]   市场独立度:  40.06%
[19:01:50] 
Buffer大小:  3048
[19:01:50] 噪声水平: 0.0881
[19:01:50] 
动作统计:
[19:01:50]   wind      : mean= 0.314, std= 0.623
[19:01:50]   solar     : mean= 0.158, std= 0.292
[19:01:50]   diesel    : mean= 0.836, std= 0.148
[19:01:50]   battery   : mean= 0.404, std= 0.526
[19:01:50]   customer  : mean= 0.958, std= 0.059
[19:01:50] 
======================================================================
[19:01:50] Episode 118/200
[19:01:50] ======================================================================
[19:01:50] 总奖励:  -189.11 | 步数: 24
[19:01:50] 最近10个episodes平均:  -191.38
[19:01:50] 
各Agent奖励:
[19:01:50]   wind      :    1.740
[19:01:50]   solar     :    4.031
[19:01:50]   diesel    :    0.000
[19:01:50]   battery   :  -11.957
[19:01:50]   customer  : -182.926
[19:01:50] 
🔌 Main Grid 交易:
[19:01:50]   进口电量:     0.00 kWh
[19:01:50]   出口电量:  2085.31 kWh
[19:01:50]   净交易量: -2085.31 kWh
[19:01:50]   平均出清价:   6.22 cents/kWh
[19:01:50]   市场独立度:  42.07%
[19:01:50] 
Buffer大小:  3072
[19:01:50] 噪声水平: 0.0880
[19:01:50] 
动作统计:
[19:01:50]   wind      : mean= 0.441, std= 0.486
[19:01:50]   solar     : mean= 0.251, std= 0.346
[19:01:50]   diesel    : mean= 0.810, std= 0.167
[19:01:50]   battery   : mean= 0.414, std= 0.513
[19:01:50]   customer  : mean= 0.971, std= 0.036
[19:01:51] 
======================================================================
[19:01:51] Episode 119/200
[19:01:51] ======================================================================
[19:01:51] 总奖励:  -201.87 | 步数: 24
[19:01:51] 最近10个episodes平均:  -192.00
[19:01:51] 
各Agent奖励:
[19:01:51]   wind      :   -1.940
[19:01:51]   solar     :    5.521
[19:01:51]   diesel    :    0.125
[19:01:51]   battery   :  -12.939
[19:01:51]   customer  : -192.633
[19:01:51] 
🔌 Main Grid 交易:
[19:01:51]   进口电量:     0.00 kWh
[19:01:51]   出口电量:  2069.15 kWh
[19:01:51]   净交易量: -2069.15 kWh
[19:01:51]   平均出清价:   7.78 cents/kWh
[19:01:51]   市场独立度:  42.52%
[19:01:51] 
Buffer大小:  3096
[19:01:51] 噪声水平: 0.0879
[19:01:51] 
动作统计:
[19:01:51]   wind      : mean= 0.404, std= 0.693
[19:01:51]   solar     : mean= 0.316, std= 0.349
[19:01:51]   diesel    : mean= 0.815, std= 0.160
[19:01:51]   battery   : mean= 0.414, std= 0.519
[19:01:51]   customer  : mean= 0.964, std= 0.046
[19:01:52] 
======================================================================
[19:01:52] Episode 120/200
[19:01:52] ======================================================================
[19:01:52] 总奖励:  -202.79 | 步数: 24
[19:01:52] 最近10个episodes平均:  -193.32
[19:01:52] 
各Agent奖励:
[19:01:52]   wind      :   -0.258
[19:01:52]   solar     :   10.506
[19:01:52]   diesel    :    0.000
[19:01:52]   battery   :  -17.883
[19:01:52]   customer  : -195.155
[19:01:52] 
🔌 Main Grid 交易:
[19:01:52]   进口电量:     0.00 kWh
[19:01:52]   出口电量:  2149.31 kWh
[19:01:52]   净交易量: -2149.31 kWh
[19:01:52]   平均出清价:   9.73 cents/kWh
[19:01:52]   市场独立度:  40.30%
[19:01:52] 
Buffer大小:  3120
[19:01:52] 噪声水平: 0.0878
[19:01:52] 
动作统计:
[19:01:52]   wind      : mean= 0.679, std= 0.467
[19:01:52]   solar     : mean= 0.393, std= 0.380
[19:01:52]   diesel    : mean= 0.820, std= 0.158
[19:01:52]   battery   : mean= 0.423, std= 0.524
[19:01:52]   customer  : mean= 0.958, std= 0.051
[19:01:52] 
📊 生成可视化图表...
[19:01:52]   ✓ debug_plots/training_ep0120.png
[19:01:53] 
======================================================================
[19:01:53] Episode 121/200
[19:01:53] ======================================================================
[19:01:53] 总奖励:  -200.87 | 步数: 24
[19:01:53] 最近10个episodes平均:  -194.17
[19:01:53] 
各Agent奖励:
[19:01:53]   wind      :   -0.029
[19:01:53]   solar     :    2.730
[19:01:53]   diesel    :    0.196
[19:01:53]   battery   :  -11.073
[19:01:53]   customer  : -192.693
[19:01:53] 
🔌 Main Grid 交易:
[19:01:53]   进口电量:     0.00 kWh
[19:01:53]   出口电量:  2143.56 kWh
[19:01:53]   净交易量: -2143.56 kWh
[19:01:53]   平均出清价:  12.42 cents/kWh
[19:01:53]   市场独立度:  40.46%
[19:01:53] 
Buffer大小:  3144
[19:01:53] 噪声水平: 0.0877
[19:01:53] 
动作统计:
[19:01:53]   wind      : mean= 0.771, std= 0.338
[19:01:53]   solar     : mean= 0.463, std= 0.401
[19:01:53]   diesel    : mean= 0.827, std= 0.153
[19:01:53]   battery   : mean= 0.422, std= 0.518
[19:01:53]   customer  : mean= 0.966, std= 0.052
[19:01:54] 
======================================================================
[19:01:54] Episode 122/200
[19:01:54] ======================================================================
[19:01:54] 总奖励:  -189.23 | 步数: 24
[19:01:54] 最近10个episodes平均:  -194.10
[19:01:54] 
各Agent奖励:
[19:01:54]   wind      :    3.355
[19:01:54]   solar     :    9.544
[19:01:54]   diesel    :    0.457
[19:01:54]   battery   :  -10.775
[19:01:54]   customer  : -191.809
[19:01:54] 
🔌 Main Grid 交易:
[19:01:54]   进口电量:     0.00 kWh
[19:01:54]   出口电量:  2198.33 kWh
[19:01:54]   净交易量: -2198.33 kWh
[19:01:54]   平均出清价:  12.91 cents/kWh
[19:01:54]   市场独立度:  38.94%
[19:01:54] 
Buffer大小:  3168
[19:01:54] 噪声水平: 0.0876
[19:01:54] 
动作统计:
[19:01:54]   wind      : mean= 0.778, std= 0.365
[19:01:54]   solar     : mean= 0.446, std= 0.424
[19:01:54]   diesel    : mean= 0.830, std= 0.156
[19:01:54]   battery   : mean= 0.439, std= 0.508
[19:01:54]   customer  : mean= 0.957, std= 0.048
[19:01:55] 
======================================================================
[19:01:55] Episode 123/200
[19:01:55] ======================================================================
[19:01:55] 总奖励:  -204.13 | 步数: 24
[19:01:55] 最近10个episodes平均:  -195.44
[19:01:55] 
各Agent奖励:
[19:01:55]   wind      :    0.000
[19:01:55]   solar     :    4.216
[19:01:55]   diesel    :    1.318
[19:01:55]   battery   :  -11.910
[19:01:55]   customer  : -197.751
[19:01:55] 
🔌 Main Grid 交易:
[19:01:55]   进口电量:     0.00 kWh
[19:01:55]   出口电量:  2250.43 kWh
[19:01:55]   净交易量: -2250.43 kWh
[19:01:55]   平均出清价:  10.65 cents/kWh
[19:01:55]   市场独立度:  37.49%
[19:01:55] 
Buffer大小:  3192
[19:01:55] 噪声水平: 0.0875
[19:01:55] 
动作统计:
[19:01:55]   wind      : mean= 0.894, std= 0.189
[19:01:55]   solar     : mean= 0.522, std= 0.467
[19:01:55]   diesel    : mean= 0.837, std= 0.153
[19:01:55]   battery   : mean= 0.433, std= 0.515
[19:01:55]   customer  : mean= 0.965, std= 0.045
[19:01:56] 
======================================================================
[19:01:56] Episode 124/200
[19:01:56] ======================================================================
[19:01:56] 总奖励:  -195.08 | 步数: 24
[19:01:56] 最近10个episodes平均:  -196.71
[19:01:56] 
各Agent奖励:
[19:01:56]   wind      :    4.525
[19:01:56]   solar     :    8.618
[19:01:56]   diesel    :    0.430
[19:01:56]   battery   :  -21.909
[19:01:56]   customer  : -186.745
[19:01:56] 
🔌 Main Grid 交易:
[19:01:56]   进口电量:     0.00 kWh
[19:01:56]   出口电量:  1970.77 kWh
[19:01:56]   净交易量: -1970.77 kWh
[19:01:56]   平均出清价:   6.84 cents/kWh
[19:01:56]   市场独立度:  45.26%
[19:01:56] 
Buffer大小:  3216
[19:01:56] 噪声水平: 0.0875
[19:01:56] 
动作统计:
[19:01:56]   wind      : mean= 0.470, std= 0.671
[19:01:56]   solar     : mean= 0.524, std= 0.478
[19:01:56]   diesel    : mean= 0.813, std= 0.160
[19:01:56]   battery   : mean= 0.441, std= 0.521
[19:01:56]   customer  : mean= 0.937, std= 0.070
[19:01:57] 
======================================================================
[19:01:57] Episode 125/200
[19:01:57] ======================================================================
[19:01:57] 总奖励:  -198.83 | 步数: 24
[19:01:57] 最近10个episodes平均:  -198.15
[19:01:57] 
各Agent奖励:
[19:01:57]   wind      :    0.077
[19:01:57]   solar     :    6.420
[19:01:57]   diesel    :    0.724
[19:01:57]   battery   :  -12.448
[19:01:57]   customer  : -193.599
[19:01:57] 
🔌 Main Grid 交易:
[19:01:57]   进口电量:     0.00 kWh
[19:01:57]   出口电量:  2193.89 kWh
[19:01:57]   净交易量: -2193.89 kWh
[19:01:57]   平均出清价:   9.32 cents/kWh
[19:01:57]   市场独立度:  39.06%
[19:01:57] 
Buffer大小:  3240
[19:01:57] 噪声水平: 0.0874
[19:01:57] 
动作统计:
[19:01:57]   wind      : mean= 0.767, std= 0.449
[19:01:57]   solar     : mean= 0.520, std= 0.446
[19:01:57]   diesel    : mean= 0.836, std= 0.156
[19:01:57]   battery   : mean= 0.452, std= 0.519
[19:01:57]   customer  : mean= 0.973, std= 0.038
[19:01:58] 
======================================================================
[19:01:58] Episode 126/200
[19:01:58] ======================================================================
[19:01:58] 总奖励:  -204.57 | 步数: 24
[19:01:58] 最近10个episodes平均:  -198.90
[19:01:58] 
各Agent奖励:
[19:01:58]   wind      :    0.787
[19:01:58]   solar     :    7.725
[19:01:58]   diesel    :    0.542
[19:01:58]   battery   :  -16.416
[19:01:58]   customer  : -197.204
[19:01:58] 
🔌 Main Grid 交易:
[19:01:58]   进口电量:     0.00 kWh
[19:01:58]   出口电量:  2151.47 kWh
[19:01:58]   净交易量: -2151.47 kWh
[19:01:58]   平均出清价:  12.45 cents/kWh
[19:01:58]   市场独立度:  40.24%
[19:01:58] 
Buffer大小:  3264
[19:01:58] 噪声水平: 0.0873
[19:01:58] 
动作统计:
[19:01:58]   wind      : mean= 0.874, std= 0.167
[19:01:58]   solar     : mean= 0.552, std= 0.483
[19:01:58]   diesel    : mean= 0.831, std= 0.151
[19:01:58]   battery   : mean= 0.453, std= 0.507
[19:01:58]   customer  : mean= 0.955, std= 0.055
[19:01:59] 
======================================================================
[19:01:59] Episode 127/200
[19:01:59] ======================================================================
[19:01:59] 总奖励:  -182.01 | 步数: 24
[19:01:59] 最近10个episodes平均:  -196.85
[19:01:59] 
各Agent奖励:
[19:01:59]   wind      :    2.840
[19:01:59]   solar     :   15.766
[19:01:59]   diesel    :    2.105
[19:01:59]   battery   :   -8.834
[19:01:59]   customer  : -193.887
[19:01:59] 
🔌 Main Grid 交易:
[19:01:59]   进口电量:     0.00 kWh
[19:01:59]   出口电量:  2123.88 kWh
[19:01:59]   净交易量: -2123.88 kWh
[19:01:59]   平均出清价:   9.18 cents/kWh
[19:01:59]   市场独立度:  41.00%
[19:01:59] 
Buffer大小:  3288
[19:01:59] 噪声水平: 0.0872
[19:01:59] 
动作统计:
[19:01:59]   wind      : mean= 0.608, std= 0.626
[19:01:59]   solar     : mean= 0.549, std= 0.454
[19:01:59]   diesel    : mean= 0.826, std= 0.156
[19:01:59]   battery   : mean= 0.464, std= 0.484
[19:01:59]   customer  : mean= 0.930, std= 0.082
[19:02:00] 
======================================================================
[19:02:00] Episode 128/200
[19:02:00] ======================================================================
[19:02:00] 总奖励:  -198.54 | 步数: 24
[19:02:00] 最近10个episodes平均:  -197.79
[19:02:00] 
各Agent奖励:
[19:02:00]   wind      :   -1.085
[19:02:00]   solar     :    3.664
[19:02:00]   diesel    :    1.424
[19:02:00]   battery   :  -10.206
[19:02:00]   customer  : -192.335
[19:02:00] 
🔌 Main Grid 交易:
[19:02:00]   进口电量:     0.00 kWh
[19:02:00]   出口电量:  2178.40 kWh
[19:02:00]   净交易量: -2178.40 kWh
[19:02:00]   平均出清价:  10.74 cents/kWh
[19:02:00]   市场独立度:  39.49%
[19:02:00] 
Buffer大小:  3312
[19:02:00] 噪声水平: 0.0871
[19:02:00] 
动作统计:
[19:02:00]   wind      : mean= 0.749, std= 0.455
[19:02:00]   solar     : mean= 0.512, std= 0.504
[19:02:00]   diesel    : mean= 0.844, std= 0.144
[19:02:00]   battery   : mean= 0.458, std= 0.496
[19:02:00]   customer  : mean= 0.962, std= 0.040
[19:02:01] 
======================================================================
[19:02:01] Episode 129/200
[19:02:01] ======================================================================
[19:02:01] 总奖励:  -186.24 | 步数: 24
[19:02:01] 最近10个episodes平均:  -196.23
[19:02:01] 
各Agent奖励:
[19:02:01]   wind      :    0.794
[19:02:01]   solar     :    2.782
[19:02:01]   diesel    :    0.000
[19:02:01]   battery   :   -8.419
[19:02:01]   customer  : -181.398
[19:02:01] 
🔌 Main Grid 交易:
[19:02:01]   进口电量:     0.00 kWh
[19:02:01]   出口电量:  2151.65 kWh
[19:02:01]   净交易量: -2151.65 kWh
[19:02:01]   平均出清价:   7.86 cents/kWh
[19:02:01]   市场独立度:  40.23%
[19:02:01] 
Buffer大小:  3336
[19:02:01] 噪声水平: 0.0870
[19:02:01] 
动作统计:
[19:02:01]   wind      : mean= 0.720, std= 0.352
[19:02:01]   solar     : mean= 0.514, std= 0.517
[19:02:01]   diesel    : mean= 0.843, std= 0.143
[19:02:01]   battery   : mean= 0.482, std= 0.503
[19:02:01]   customer  : mean= 0.981, std= 0.028
[19:02:01] 
======================================================================
[19:02:01] Episode 130/200
[19:02:01] ======================================================================
[19:02:01] 总奖励:  -196.56 | 步数: 24
[19:02:01] 最近10个episodes平均:  -195.60
[19:02:01] 
各Agent奖励:
[19:02:01]   wind      :    0.252
[19:02:01]   solar     :    4.234
[19:02:01]   diesel    :    0.035
[19:02:01]   battery   :   -8.815
[19:02:01]   customer  : -192.264
[19:02:01] 
🔌 Main Grid 交易:
[19:02:01]   进口电量:     0.00 kWh
[19:02:01]   出口电量:  2186.03 kWh
[19:02:01]   净交易量: -2186.03 kWh
[19:02:01]   平均出清价:  13.74 cents/kWh
[19:02:01]   市场独立度:  39.28%
[19:02:01] 
Buffer大小:  3360
[19:02:01] 噪声水平: 0.0869
[19:02:01] 
动作统计:
[19:02:01]   wind      : mean= 0.733, std= 0.456
[19:02:01]   solar     : mean= 0.518, std= 0.462
[19:02:01]   diesel    : mean= 0.850, std= 0.150
[19:02:01]   battery   : mean= 0.472, std= 0.499
[19:02:01]   customer  : mean= 0.975, std= 0.038
[19:02:01] 
📊 生成可视化图表...
[19:02:02]   ✓ debug_plots/training_ep0130.png
[19:02:03] 
======================================================================
[19:02:03] Episode 131/200
[19:02:03] ======================================================================
[19:02:03] 总奖励:  -197.38 | 步数: 24
[19:02:03] 最近10个episodes平均:  -195.26
[19:02:03] 
各Agent奖励:
[19:02:03]   wind      :    0.000
[19:02:03]   solar     :    7.644
[19:02:03]   diesel    :    1.225
[19:02:03]   battery   :  -12.462
[19:02:03]   customer  : -193.783
[19:02:03] 
🔌 Main Grid 交易:
[19:02:03]   进口电量:     0.00 kWh
[19:02:03]   出口电量:  2202.84 kWh
[19:02:03]   净交易量: -2202.84 kWh
[19:02:03]   平均出清价:  12.63 cents/kWh
[19:02:03]   市场独立度:  38.81%
[19:02:03] 
Buffer大小:  3384
[19:02:03] 噪声水平: 0.0868
[19:02:03] 
动作统计:
[19:02:03]   wind      : mean= 0.873, std= 0.175
[19:02:03]   solar     : mean= 0.509, std= 0.507
[19:02:03]   diesel    : mean= 0.829, std= 0.148
[19:02:03]   battery   : mean= 0.475, std= 0.492
[19:02:03]   customer  : mean= 0.958, std= 0.061
[19:02:04] 
======================================================================
[19:02:04] Episode 132/200
[19:02:04] ======================================================================
[19:02:04] 总奖励:  -200.09 | 步数: 24
[19:02:04] 最近10个episodes平均:  -196.34
[19:02:04] 
各Agent奖励:
[19:02:04]   wind      :    0.183
[19:02:04]   solar     :    7.375
[19:02:04]   diesel    :    0.015
[19:02:04]   battery   :  -10.359
[19:02:04]   customer  : -197.301
[19:02:04] 
🔌 Main Grid 交易:
[19:02:04]   进口电量:     0.00 kWh
[19:02:04]   出口电量:  2209.06 kWh
[19:02:04]   净交易量: -2209.06 kWh
[19:02:04]   平均出清价:  10.56 cents/kWh
[19:02:04]   市场独立度:  38.64%
[19:02:04] 
Buffer大小:  3408
[19:02:04] 噪声水平: 0.0868
[19:02:04] 
动作统计:
[19:02:04]   wind      : mean= 0.787, std= 0.269
[19:02:04]   solar     : mean= 0.565, std= 0.458
[19:02:04]   diesel    : mean= 0.828, std= 0.163
[19:02:04]   battery   : mean= 0.479, std= 0.491
[19:02:04]   customer  : mean= 0.978, std= 0.033
[19:02:05] 
======================================================================
[19:02:05] Episode 133/200
[19:02:05] ======================================================================
[19:02:05] 总奖励:  -198.89 | 步数: 24
[19:02:05] 最近10个episodes平均:  -195.82
[19:02:05] 
各Agent奖励:
[19:02:05]   wind      :    1.503
[19:02:05]   solar     :    4.032
[19:02:05]   diesel    :    0.053
[19:02:05]   battery   :  -10.085
[19:02:05]   customer  : -194.394
[19:02:05] 
🔌 Main Grid 交易:
[19:02:05]   进口电量:     0.00 kWh
[19:02:05]   出口电量:  2173.76 kWh
[19:02:05]   净交易量: -2173.76 kWh
[19:02:05]   平均出清价:  12.51 cents/kWh
[19:02:05]   市场独立度:  39.62%
[19:02:05] 
Buffer大小:  3432
[19:02:05] 噪声水平: 0.0867
[19:02:05] 
动作统计:
[19:02:05]   wind      : mean= 0.817, std= 0.227
[19:02:05]   solar     : mean= 0.572, std= 0.433
[19:02:05]   diesel    : mean= 0.841, std= 0.162
[19:02:05]   battery   : mean= 0.488, std= 0.490
[19:02:05]   customer  : mean= 0.955, std= 0.050
[19:02:06] 
======================================================================
[19:02:06] Episode 134/200
[19:02:06] ======================================================================
[19:02:06] 总奖励:  -198.16 | 步数: 24
[19:02:06] 最近10个episodes平均:  -196.13
[19:02:06] 
各Agent奖励:
[19:02:06]   wind      :    0.504
[19:02:06]   solar     :    3.821
[19:02:06]   diesel    :    0.000
[19:02:06]   battery   :   -6.346
[19:02:06]   customer  : -196.136
[19:02:06] 
🔌 Main Grid 交易:
[19:02:06]   进口电量:     0.00 kWh
[19:02:06]   出口电量:  2163.13 kWh
[19:02:06]   净交易量: -2163.13 kWh
[19:02:06]   平均出清价:   9.48 cents/kWh
[19:02:06]   市场独立度:  39.91%
[19:02:06] 
Buffer大小:  3456
[19:02:06] 噪声水平: 0.0866
[19:02:06] 
动作统计:
[19:02:06]   wind      : mean= 0.620, std= 0.459
[19:02:06]   solar     : mean= 0.556, std= 0.480
[19:02:06]   diesel    : mean= 0.819, std= 0.166
[19:02:06]   battery   : mean= 0.482, std= 0.494
[19:02:06]   customer  : mean= 0.973, std= 0.049
[19:02:07] 
======================================================================
[19:02:07] Episode 135/200
[19:02:07] ======================================================================
[19:02:07] 总奖励:  -200.44 | 步数: 24
[19:02:07] 最近10个episodes平均:  -196.29
[19:02:07] 
各Agent奖励:
[19:02:07]   wind      :   -0.556
[19:02:07]   solar     :    1.570
[19:02:07]   diesel    :    0.000
[19:02:07]   battery   :   -8.110
[19:02:07]   customer  : -193.347
[19:02:07] 
🔌 Main Grid 交易:
[19:02:07]   进口电量:     0.00 kWh
[19:02:07]   出口电量:  2131.30 kWh
[19:02:07]   净交易量: -2131.30 kWh
[19:02:07]   平均出清价:   9.58 cents/kWh
[19:02:07]   市场独立度:  40.80%
[19:02:07] 
Buffer大小:  3480
[19:02:07] 噪声水平: 0.0865
[19:02:07] 
动作统计:
[19:02:07]   wind      : mean= 0.663, std= 0.445
[19:02:07]   solar     : mean= 0.566, std= 0.472
[19:02:07]   diesel    : mean= 0.819, std= 0.169
[19:02:07]   battery   : mean= 0.481, std= 0.503
[19:02:07]   customer  : mean= 0.972, std= 0.040
[19:02:08] 
======================================================================
[19:02:08] Episode 136/200
[19:02:08] ======================================================================
[19:02:08] 总奖励:  -198.77 | 步数: 24
[19:02:08] 最近10个episodes平均:  -195.71
[19:02:08] 
各Agent奖励:
[19:02:08]   wind      :   -1.808
[19:02:08]   solar     :    4.746
[19:02:08]   diesel    :    0.000
[19:02:08]   battery   :  -13.039
[19:02:08]   customer  : -188.665
[19:02:08] 
🔌 Main Grid 交易:
[19:02:08]   进口电量:     0.00 kWh
[19:02:08]   出口电量:  2164.34 kWh
[19:02:08]   净交易量: -2164.34 kWh
[19:02:08]   平均出清价:   9.97 cents/kWh
[19:02:08]   市场独立度:  39.88%
[19:02:08] 
Buffer大小:  3504
[19:02:08] 噪声水平: 0.0864
[19:02:08] 
动作统计:
[19:02:08]   wind      : mean= 0.704, std= 0.501
[19:02:08]   solar     : mean= 0.624, std= 0.434
[19:02:08]   diesel    : mean= 0.812, std= 0.174
[19:02:08]   battery   : mean= 0.482, std= 0.482
[19:02:08]   customer  : mean= 0.966, std= 0.043
[19:02:09] 
======================================================================
[19:02:09] Episode 137/200
[19:02:09] ======================================================================
[19:02:09] 总奖励:  -190.86 | 步数: 24
[19:02:09] 最近10个episodes平均:  -196.59
[19:02:09] 
各Agent奖励:
[19:02:09]   wind      :    4.365
[19:02:09]   solar     :   11.770
[19:02:09]   diesel    :    1.641
[19:02:09]   battery   :  -10.578
[19:02:09]   customer  : -198.054
[19:02:09] 
🔌 Main Grid 交易:
[19:02:09]   进口电量:     0.00 kWh
[19:02:09]   出口电量:  2130.06 kWh
[19:02:09]   净交易量: -2130.06 kWh
[19:02:09]   平均出清价:  14.27 cents/kWh
[19:02:09]   市场独立度:  40.83%
[19:02:09] 
Buffer大小:  3528
[19:02:09] 噪声水平: 0.0863
[19:02:09] 
动作统计:
[19:02:09]   wind      : mean= 0.668, std= 0.400
[19:02:09]   solar     : mean= 0.551, std= 0.475
[19:02:09]   diesel    : mean= 0.819, std= 0.169
[19:02:09]   battery   : mean= 0.475, std= 0.502
[19:02:09]   customer  : mean= 0.957, std= 0.047
[19:02:10] 
======================================================================
[19:02:10] Episode 138/200
[19:02:10] ======================================================================
[19:02:10] 总奖励:  -191.59 | 步数: 24
[19:02:10] 最近10个episodes平均:  -195.90
[19:02:10] 
各Agent奖励:
[19:02:10]   wind      :    0.429
[19:02:10]   solar     :    7.978
[19:02:10]   diesel    :    0.000
[19:02:10]   battery   :  -10.638
[19:02:10]   customer  : -189.362
[19:02:10] 
🔌 Main Grid 交易:
[19:02:10]   进口电量:     0.00 kWh
[19:02:10]   出口电量:  2157.99 kWh
[19:02:10]   净交易量: -2157.99 kWh
[19:02:10]   平均出清价:  10.67 cents/kWh
[19:02:10]   市场独立度:  40.06%
[19:02:10] 
Buffer大小:  3552
[19:02:10] 噪声水平: 0.0862
[19:02:10] 
动作统计:
[19:02:10]   wind      : mean= 0.711, std= 0.366
[19:02:10]   solar     : mean= 0.544, std= 0.459
[19:02:10]   diesel    : mean= 0.810, std= 0.182
[19:02:10]   battery   : mean= 0.483, std= 0.508
[19:02:10]   customer  : mean= 0.967, std= 0.058
[19:02:10] 
======================================================================
[19:02:10] Episode 139/200
[19:02:10] ======================================================================
[19:02:10] 总奖励:  -190.68 | 步数: 24
[19:02:10] 最近10个episodes平均:  -196.34
[19:02:10] 
各Agent奖励:
[19:02:10]   wind      :   -0.440
[19:02:10]   solar     :    5.429
[19:02:10]   diesel    :    0.000
[19:02:10]   battery   :   -7.967
[19:02:10]   customer  : -187.707
[19:02:10] 
🔌 Main Grid 交易:
[19:02:10]   进口电量:     0.00 kWh
[19:02:10]   出口电量:  2227.67 kWh
[19:02:10]   净交易量: -2227.67 kWh
[19:02:10]   平均出清价:   9.04 cents/kWh
[19:02:10]   市场独立度:  38.12%
[19:02:10] 
Buffer大小:  3576
[19:02:10] 噪声水平: 0.0862
[19:02:10] 
动作统计:
[19:02:10]   wind      : mean= 0.793, std= 0.321
[19:02:10]   solar     : mean= 0.562, std= 0.464
[19:02:10]   diesel    : mean= 0.827, std= 0.170
[19:02:10]   battery   : mean= 0.470, std= 0.496
[19:02:10]   customer  : mean= 0.982, std= 0.032
[19:02:11] 
======================================================================
[19:02:11] Episode 140/200
[19:02:11] ======================================================================
[19:02:11] 总奖励:  -198.07 | 步数: 24
[19:02:11] 最近10个episodes平均:  -196.49
[19:02:11] 
各Agent奖励:
[19:02:11]   wind      :    0.291
[19:02:11]   solar     :    4.237
[19:02:11]   diesel    :    0.000
[19:02:11]   battery   :   -9.826
[19:02:11]   customer  : -192.769
[19:02:11] 
🔌 Main Grid 交易:
[19:02:11]   进口电量:     0.00 kWh
[19:02:11]   出口电量:  2188.39 kWh
[19:02:11]   净交易量: -2188.39 kWh
[19:02:11]   平均出清价:   9.14 cents/kWh
[19:02:11]   市场独立度:  39.21%
[19:02:11] 
Buffer大小:  3600
[19:02:11] 噪声水平: 0.0861
[19:02:11] 
动作统计:
[19:02:11]   wind      : mean= 0.762, std= 0.378
[19:02:11]   solar     : mean= 0.588, std= 0.437
[19:02:11]   diesel    : mean= 0.830, std= 0.159
[19:02:11]   battery   : mean= 0.471, std= 0.492
[19:02:11]   customer  : mean= 0.992, std= 0.019
[19:02:11] 
📊 生成可视化图表...
[19:02:12]   ✓ debug_plots/training_ep0140.png
[19:02:13] 
======================================================================
[19:02:13] Episode 141/200
[19:02:13] ======================================================================
[19:02:13] 总奖励:  -191.69 | 步数: 24
[19:02:13] 最近10个episodes平均:  -195.92
[19:02:13] 
各Agent奖励:
[19:02:13]   wind      :    1.595
[19:02:13]   solar     :    5.307
[19:02:13]   diesel    :    0.000
[19:02:13]   battery   :   -5.875
[19:02:13]   customer  : -192.717
[19:02:13] 
🔌 Main Grid 交易:
[19:02:13]   进口电量:     0.00 kWh
[19:02:13]   出口电量:  2108.70 kWh
[19:02:13]   净交易量: -2108.70 kWh
[19:02:13]   平均出清价:   7.52 cents/kWh
[19:02:13]   市场独立度:  41.42%
[19:02:13] 
Buffer大小:  3624
[19:02:13] 噪声水平: 0.0860
[19:02:13] 
动作统计:
[19:02:13]   wind      : mean= 0.680, std= 0.475
[19:02:13]   solar     : mean= 0.561, std= 0.482
[19:02:13]   diesel    : mean= 0.826, std= 0.170
[19:02:13]   battery   : mean= 0.451, std= 0.493
[19:02:13]   customer  : mean= 0.957, std= 0.053
[19:02:13] 
======================================================================
[19:02:13] Episode 142/200
[19:02:13] ======================================================================
[19:02:13] 总奖励:  -199.53 | 步数: 24
[19:02:13] 最近10个episodes平均:  -195.87
[19:02:13] 
各Agent奖励:
[19:02:13]   wind      :   -1.317
[19:02:13]   solar     :    3.166
[19:02:13]   diesel    :    0.000
[19:02:13]   battery   :   -6.865
[19:02:13]   customer  : -194.509
[19:02:13] 
🔌 Main Grid 交易:
[19:02:13]   进口电量:     0.00 kWh
[19:02:13]   出口电量:  2152.55 kWh
[19:02:13]   净交易量: -2152.55 kWh
[19:02:13]   平均出清价:  11.57 cents/kWh
[19:02:13]   市场独立度:  40.21%
[19:02:13] 
Buffer大小:  3648
[19:02:13] 噪声水平: 0.0859
[19:02:13] 
动作统计:
[19:02:13]   wind      : mean= 0.729, std= 0.392
[19:02:13]   solar     : mean= 0.576, std= 0.451
[19:02:13]   diesel    : mean= 0.834, std= 0.161
[19:02:13]   battery   : mean= 0.473, std= 0.491
[19:02:13]   customer  : mean= 0.957, std= 0.056
[19:02:14] 
======================================================================
[19:02:14] Episode 143/200
[19:02:14] ======================================================================
[19:02:14] 总奖励:  -192.40 | 步数: 24
[19:02:14] 最近10个episodes平均:  -195.22
[19:02:14] 
各Agent奖励:
[19:02:14]   wind      :    4.075
[19:02:14]   solar     :   11.009
[19:02:14]   diesel    :    1.465
[19:02:14]   battery   :  -14.117
[19:02:14]   customer  : -194.837
[19:02:14] 
🔌 Main Grid 交易:
[19:02:14]   进口电量:     0.00 kWh
[19:02:14]   出口电量:  2092.40 kWh
[19:02:14]   净交易量: -2092.40 kWh
[19:02:14]   平均出清价:   9.79 cents/kWh
[19:02:14]   市场独立度:  41.88%
[19:02:14] 
Buffer大小:  3672
[19:02:14] 噪声水平: 0.0858
[19:02:14] 
动作统计:
[19:02:14]   wind      : mean= 0.649, std= 0.498
[19:02:14]   solar     : mean= 0.536, std= 0.440
[19:02:14]   diesel    : mean= 0.816, std= 0.172
[19:02:14]   battery   : mean= 0.456, std= 0.494
[19:02:14]   customer  : mean= 0.945, std= 0.063
[19:02:16] 
======================================================================
[19:02:16] Episode 144/200
[19:02:16] ======================================================================
[19:02:16] 总奖励:  -181.62 | 步数: 24
[19:02:16] 最近10个episodes平均:  -193.57
[19:02:16] 
各Agent奖励:
[19:02:16]   wind      :    5.133
[19:02:16]   solar     :   10.874
[19:02:16]   diesel    :    0.517
[19:02:16]   battery   :  -10.464
[19:02:16]   customer  : -187.680
[19:02:16] 
🔌 Main Grid 交易:
[19:02:16]   进口电量:     0.00 kWh
[19:02:16]   出口电量:  2175.86 kWh
[19:02:16]   净交易量: -2175.86 kWh
[19:02:16]   平均出清价:   9.05 cents/kWh
[19:02:16]   市场独立度:  39.56%
[19:02:16] 
Buffer大小:  3696
[19:02:16] 噪声水平: 0.0857
[19:02:16] 
动作统计:
[19:02:16]   wind      : mean= 0.792, std= 0.301
[19:02:16]   solar     : mean= 0.538, std= 0.467
[19:02:16]   diesel    : mean= 0.828, std= 0.167
[19:02:16]   battery   : mean= 0.430, std= 0.496
[19:02:16]   customer  : mean= 0.961, std= 0.053
[19:02:17] 
======================================================================
[19:02:17] Episode 145/200
[19:02:17] ======================================================================
[19:02:17] 总奖励:  -188.92 | 步数: 24
[19:02:17] 最近10个episodes平均:  -192.41
[19:02:17] 
各Agent奖励:
[19:02:17]   wind      :    0.000
[19:02:17]   solar     :   16.041
[19:02:17]   diesel    :    5.359
[19:02:17]   battery   :  -12.827
[19:02:17]   customer  : -197.489
[19:02:17] 
🔌 Main Grid 交易:
[19:02:17]   进口电量:     0.00 kWh
[19:02:17]   出口电量:  2192.18 kWh
[19:02:17]   净交易量: -2192.18 kWh
[19:02:17]   平均出清价:  13.36 cents/kWh
[19:02:17]   市场独立度:  39.11%
[19:02:17] 
Buffer大小:  3720
[19:02:17] 噪声水平: 0.0856
[19:02:17] 
动作统计:
[19:02:17]   wind      : mean= 0.886, std= 0.192
[19:02:17]   solar     : mean= 0.506, std= 0.454
[19:02:17]   diesel    : mean= 0.819, std= 0.170
[19:02:17]   battery   : mean= 0.454, std= 0.502
[19:02:17]   customer  : mean= 0.961, std= 0.064
[19:02:18] 
======================================================================
[19:02:18] Episode 146/200
[19:02:18] ======================================================================
[19:02:18] 总奖励:  -205.82 | 步数: 24
[19:02:18] 最近10个episodes平均:  -193.12
[19:02:18] 
各Agent奖励:
[19:02:18]   wind      :    0.567
[19:02:18]   solar     :    3.576
[19:02:18]   diesel    :    0.000
[19:02:18]   battery   :   -6.366
[19:02:18]   customer  : -203.601
[19:02:18] 
🔌 Main Grid 交易:
[19:02:18]   进口电量:     0.00 kWh
[19:02:18]   出口电量:  2156.03 kWh
[19:02:18]   净交易量: -2156.03 kWh
[19:02:18]   平均出清价:  11.70 cents/kWh
[19:02:18]   市场独立度:  40.11%
[19:02:18] 
Buffer大小:  3744
[19:02:18] 噪声水平: 0.0855
[19:02:18] 
动作统计:
[19:02:18]   wind      : mean= 0.759, std= 0.388
[19:02:18]   solar     : mean= 0.515, std= 0.435
[19:02:18]   diesel    : mean= 0.821, std= 0.160
[19:02:18]   battery   : mean= 0.440, std= 0.505
[19:02:18]   customer  : mean= 0.956, std= 0.068
[19:02:19] 
======================================================================
[19:02:19] Episode 147/200
[19:02:19] ======================================================================
[19:02:19] 总奖励:  -203.14 | 步数: 24
[19:02:19] 最近10个episodes平均:  -194.35
[19:02:19] 
各Agent奖励:
[19:02:19]   wind      :    0.460
[19:02:19]   solar     :    5.431
[19:02:19]   diesel    :    0.000
[19:02:19]   battery   :   -8.476
[19:02:19]   customer  : -200.558
[19:02:19] 
🔌 Main Grid 交易:
[19:02:19]   进口电量:     0.00 kWh
[19:02:19]   出口电量:  2184.49 kWh
[19:02:19]   净交易量: -2184.49 kWh
[19:02:19]   平均出清价:  10.15 cents/kWh
[19:02:19]   市场独立度:  39.32%
[19:02:19] 
Buffer大小:  3768
[19:02:19] 噪声水平: 0.0855
[19:02:19] 
动作统计:
[19:02:19]   wind      : mean= 0.786, std= 0.324
[19:02:19]   solar     : mean= 0.509, std= 0.457
[19:02:19]   diesel    : mean= 0.828, std= 0.149
[19:02:19]   battery   : mean= 0.433, std= 0.489
[19:02:19]   customer  : mean= 0.970, std= 0.042
[19:02:20] 
======================================================================
[19:02:20] Episode 148/200
[19:02:20] ======================================================================
[19:02:20] 总奖励:  -193.23 | 步数: 24
[19:02:20] 最近10个episodes平均:  -194.51
[19:02:20] 
各Agent奖励:
[19:02:20]   wind      :    1.235
[19:02:20]   solar     :    7.911
[19:02:20]   diesel    :    1.766
[19:02:20]   battery   :  -12.246
[19:02:20]   customer  : -191.891
[19:02:20] 
🔌 Main Grid 交易:
[19:02:20]   进口电量:     0.00 kWh
[19:02:20]   出口电量:  2216.10 kWh
[19:02:20]   净交易量: -2216.10 kWh
[19:02:20]   平均出清价:   9.92 cents/kWh
[19:02:20]   市场独立度:  38.44%
[19:02:20] 
Buffer大小:  3792
[19:02:20] 噪声水平: 0.0854
[19:02:20] 
动作统计:
[19:02:20]   wind      : mean= 0.855, std= 0.271
[19:02:20]   solar     : mean= 0.476, std= 0.448
[19:02:20]   diesel    : mean= 0.819, std= 0.180
[19:02:20]   battery   : mean= 0.424, std= 0.495
[19:02:20]   customer  : mean= 0.960, std= 0.059
[19:02:21] 
======================================================================
[19:02:21] Episode 149/200
[19:02:21] ======================================================================
[19:02:21] 总奖励:  -200.98 | 步数: 24
[19:02:21] 最近10个episodes平均:  -195.54
[19:02:21] 
各Agent奖励:
[19:02:21]   wind      :    0.000
[19:02:21]   solar     :   11.138
[19:02:21]   diesel    :    0.259
[19:02:21]   battery   :  -17.093
[19:02:21]   customer  : -195.287
[19:02:21] 
🔌 Main Grid 交易:
[19:02:21]   进口电量:     0.00 kWh
[19:02:21]   出口电量:  2169.54 kWh
[19:02:21]   净交易量: -2169.54 kWh
[19:02:21]   平均出清价:  11.24 cents/kWh
[19:02:21]   市场独立度:  39.73%
[19:02:21] 
Buffer大小:  3816
[19:02:21] 噪声水平: 0.0853
[19:02:21] 
动作统计:
[19:02:21]   wind      : mean= 0.866, std= 0.175
[19:02:21]   solar     : mean= 0.423, std= 0.466
[19:02:21]   diesel    : mean= 0.792, std= 0.201
[19:02:21]   battery   : mean= 0.394, std= 0.513
[19:02:21]   customer  : mean= 0.962, std= 0.046
[19:02:22] 
======================================================================
[19:02:22] Episode 150/200
[19:02:22] ======================================================================
[19:02:22] 总奖励:  -197.85 | 步数: 24
[19:02:22] 最近10个episodes平均:  -195.52
[19:02:22] 
各Agent奖励:
[19:02:22]   wind      :   -0.511
[19:02:22]   solar     :    6.478
[19:02:22]   diesel    :    0.332
[19:02:22]   battery   :  -11.134
[19:02:22]   customer  : -193.014
[19:02:22] 
🔌 Main Grid 交易:
[19:02:22]   进口电量:     0.00 kWh
[19:02:22]   出口电量:  2048.42 kWh
[19:02:22]   净交易量: -2048.42 kWh
[19:02:22]   平均出清价:  11.14 cents/kWh
[19:02:22]   市场独立度:  43.10%
[19:02:22] 
Buffer大小:  3840
[19:02:22] 噪声水平: 0.0852
[19:02:22] 
动作统计:
[19:02:22]   wind      : mean= 0.683, std= 0.381
[19:02:22]   solar     : mean= 0.452, std= 0.446
[19:02:22]   diesel    : mean= 0.805, std= 0.173
[19:02:22]   battery   : mean= 0.360, std= 0.528
[19:02:22]   customer  : mean= 0.936, std= 0.052
[19:02:22] 
📊 生成可视化图表...
[19:02:22]   ✓ debug_plots/training_ep0150.png
[19:02:22] 💾 保存checkpoint: debug_checkpoints/debug_maddpg_20251203_190001_ep0150.pt
[19:02:24] 
======================================================================
[19:02:24] Episode 151/200
[19:02:24] ======================================================================
[19:02:24] 总奖励:  -188.99 | 步数: 24
[19:02:24] 最近10个episodes平均:  -195.25
[19:02:24] 
各Agent奖励:
[19:02:24]   wind      :    5.561
[19:02:24]   solar     :    7.093
[19:02:24]   diesel    :    0.000
[19:02:24]   battery   :   -7.488
[19:02:24]   customer  : -194.155
[19:02:24] 
🔌 Main Grid 交易:
[19:02:24]   进口电量:     0.00 kWh
[19:02:24]   出口电量:  2128.23 kWh
[19:02:24]   净交易量: -2128.23 kWh
[19:02:24]   平均出清价:  11.61 cents/kWh
[19:02:24]   市场独立度:  40.88%
[19:02:24] 
Buffer大小:  3864
[19:02:24] 噪声水平: 0.0851
[19:02:24] 
动作统计:
[19:02:24]   wind      : mean= 0.618, std= 0.386
[19:02:24]   solar     : mean= 0.434, std= 0.465
[19:02:24]   diesel    : mean= 0.827, std= 0.167
[19:02:24]   battery   : mean= 0.373, std= 0.485
[19:02:24]   customer  : mean= 0.974, std= 0.039
[19:02:25] 
======================================================================
[19:02:25] Episode 152/200
[19:02:25] ======================================================================
[19:02:25] 总奖励:  -199.13 | 步数: 24
[19:02:25] 最近10个episodes平均:  -195.21
[19:02:25] 
各Agent奖励:
[19:02:25]   wind      :    0.532
[19:02:25]   solar     :    9.691
[19:02:25]   diesel    :    2.572
[19:02:25]   battery   :   -9.970
[19:02:25]   customer  : -201.954
[19:02:25] 
🔌 Main Grid 交易:
[19:02:25]   进口电量:     0.00 kWh
[19:02:25]   出口电量:  2134.91 kWh
[19:02:25]   净交易量: -2134.91 kWh
[19:02:25]   平均出清价:  10.68 cents/kWh
[19:02:25]   市场独立度:  40.70%
[19:02:25] 
Buffer大小:  3888
[19:02:25] 噪声水平: 0.0850
[19:02:25] 
动作统计:
[19:02:25]   wind      : mean= 0.758, std= 0.262
[19:02:25]   solar     : mean= 0.411, std= 0.455
[19:02:25]   diesel    : mean= 0.817, std= 0.159
[19:02:25]   battery   : mean= 0.375, std= 0.511
[19:02:25]   customer  : mean= 0.969, std= 0.052
[19:02:26] 
======================================================================
[19:02:26] Episode 153/200
[19:02:26] ======================================================================
[19:02:26] 总奖励:  -201.08 | 步数: 24
[19:02:26] 最近10个episodes平均:  -196.08
[19:02:26] 
各Agent奖励:
[19:02:26]   wind      :   -0.116
[19:02:26]   solar     :    6.107
[19:02:26]   diesel    :    0.000
[19:02:26]   battery   :  -10.381
[19:02:26]   customer  : -196.685
[19:02:26] 
🔌 Main Grid 交易:
[19:02:26]   进口电量:     0.00 kWh
[19:02:26]   出口电量:  2164.15 kWh
[19:02:26]   净交易量: -2164.15 kWh
[19:02:26]   平均出清价:  11.04 cents/kWh
[19:02:26]   市场独立度:  39.88%
[19:02:26] 
Buffer大小:  3912
[19:02:26] 噪声水平: 0.0850
[19:02:26] 
动作统计:
[19:02:26]   wind      : mean= 0.772, std= 0.297
[19:02:26]   solar     : mean= 0.397, std= 0.484
[19:02:26]   diesel    : mean= 0.814, std= 0.192
[19:02:26]   battery   : mean= 0.393, std= 0.485
[19:02:26]   customer  : mean= 0.958, std= 0.053
[19:02:27] 
======================================================================
[19:02:27] Episode 154/200
[19:02:27] ======================================================================
[19:02:27] 总奖励:  -193.79 | 步数: 24
[19:02:27] 最近10个episodes平均:  -197.29
[19:02:27] 
各Agent奖励:
[19:02:27]   wind      :    0.097
[19:02:27]   solar     :    7.472
[19:02:27]   diesel    :    0.000
[19:02:27]   battery   :   -9.076
[19:02:27]   customer  : -192.279
[19:02:27] 
🔌 Main Grid 交易:
[19:02:27]   进口电量:     0.00 kWh
[19:02:27]   出口电量:  2216.62 kWh
[19:02:27]   净交易量: -2216.62 kWh
[19:02:27]   平均出清价:  10.84 cents/kWh
[19:02:27]   市场独立度:  38.43%
[19:02:27] 
Buffer大小:  3936
[19:02:27] 噪声水平: 0.0849
[19:02:27] 
动作统计:
[19:02:27]   wind      : mean= 0.745, std= 0.352
[19:02:27]   solar     : mean= 0.387, std= 0.487
[19:02:27]   diesel    : mean= 0.817, std= 0.182
[19:02:27]   battery   : mean= 0.375, std= 0.504
[19:02:27]   customer  : mean= 0.969, std= 0.044
[19:02:28] 
======================================================================
[19:02:28] Episode 155/200
[19:02:28] ======================================================================
[19:02:28] 总奖励:  -203.46 | 步数: 24
[19:02:28] 最近10个episodes平均:  -198.75
[19:02:28] 
各Agent奖励:
[19:02:28]   wind      :    0.952
[19:02:28]   solar     :    1.635
[19:02:28]   diesel    :    0.747
[19:02:28]   battery   :   -8.382
[19:02:28]   customer  : -198.411
[19:02:28] 
🔌 Main Grid 交易:
[19:02:28]   进口电量:     0.00 kWh
[19:02:28]   出口电量:  2136.53 kWh
[19:02:28]   净交易量: -2136.53 kWh
[19:02:28]   平均出清价:   9.40 cents/kWh
[19:02:28]   市场独立度:  40.65%
[19:02:28] 
Buffer大小:  3960
[19:02:28] 噪声水平: 0.0848
[19:02:28] 
动作统计:
[19:02:28]   wind      : mean= 0.624, std= 0.394
[19:02:28]   solar     : mean= 0.411, std= 0.492
[19:02:28]   diesel    : mean= 0.807, std= 0.184
[19:02:28]   battery   : mean= 0.377, std= 0.512
[19:02:28]   customer  : mean= 0.979, std= 0.042
[19:02:28] 
======================================================================
[19:02:28] Episode 156/200
[19:02:28] ======================================================================
[19:02:28] 总奖励:  -198.14 | 步数: 24
[19:02:28] 最近10个episodes平均:  -197.98
[19:02:28] 
各Agent奖励:
[19:02:28]   wind      :    0.022
[19:02:28]   solar     :    6.219
[19:02:28]   diesel    :    0.536
[19:02:28]   battery   :   -8.705
[19:02:28]   customer  : -196.213
[19:02:28] 
🔌 Main Grid 交易:
[19:02:28]   进口电量:     0.00 kWh
[19:02:28]   出口电量:  2196.08 kWh
[19:02:28]   净交易量: -2196.08 kWh
[19:02:28]   平均出清价:  12.09 cents/kWh
[19:02:28]   市场独立度:  39.00%
[19:02:28] 
Buffer大小:  3984
[19:02:28] 噪声水平: 0.0847
[19:02:28] 
动作统计:
[19:02:28]   wind      : mean= 0.675, std= 0.364
[19:02:28]   solar     : mean= 0.417, std= 0.453
[19:02:28]   diesel    : mean= 0.800, std= 0.195
[19:02:28]   battery   : mean= 0.388, std= 0.490
[19:02:28]   customer  : mean= 0.963, std= 0.049
[19:02:29] 
======================================================================
[19:02:29] Episode 157/200
[19:02:29] ======================================================================
[19:02:29] 总奖励:  -192.49 | 步数: 24
[19:02:29] 最近10个episodes平均:  -196.91
[19:02:29] 
各Agent奖励:
[19:02:29]   wind      :   -0.072
[19:02:29]   solar     :    8.873
[19:02:29]   diesel    :    0.066
[19:02:29]   battery   :  -14.593
[19:02:29]   customer  : -186.766
[19:02:29] 
🔌 Main Grid 交易:
[19:02:29]   进口电量:     0.00 kWh
[19:02:29]   出口电量:  2194.27 kWh
[19:02:29]   净交易量: -2194.27 kWh
[19:02:29]   平均出清价:   9.67 cents/kWh
[19:02:29]   市场独立度:  39.05%
[19:02:29] 
Buffer大小:  4008
[19:02:29] 噪声水平: 0.0846
[19:02:29] 
动作统计:
[19:02:29]   wind      : mean= 0.720, std= 0.356
[19:02:29]   solar     : mean= 0.399, std= 0.479
[19:02:29]   diesel    : mean= 0.808, std= 0.167
[19:02:29]   battery   : mean= 0.356, std= 0.512
[19:02:29]   customer  : mean= 0.966, std= 0.046
[19:02:30] 
======================================================================
[19:02:30] Episode 158/200
[19:02:30] ======================================================================
[19:02:30] 总奖励:  -191.33 | 步数: 24
[19:02:30] 最近10个episodes平均:  -196.72
[19:02:30] 
各Agent奖励:
[19:02:30]   wind      :   -0.569
[19:02:30]   solar     :    7.586
[19:02:30]   diesel    :    0.000
[19:02:30]   battery   :  -12.815
[19:02:30]   customer  : -185.537
[19:02:30] 
🔌 Main Grid 交易:
[19:02:30]   进口电量:     0.00 kWh
[19:02:30]   出口电量:  2253.56 kWh
[19:02:30]   净交易量: -2253.56 kWh
[19:02:30]   平均出清价:   9.24 cents/kWh
[19:02:30]   市场独立度:  37.40%
[19:02:30] 
Buffer大小:  4032
[19:02:30] 噪声水平: 0.0845
[19:02:30] 
动作统计:
[19:02:30]   wind      : mean= 0.732, std= 0.343
[19:02:30]   solar     : mean= 0.378, std= 0.504
[19:02:30]   diesel    : mean= 0.810, std= 0.183
[19:02:30]   battery   : mean= 0.377, std= 0.521
[19:02:30]   customer  : mean= 0.972, std= 0.046
[19:02:31] 
======================================================================
[19:02:31] Episode 159/200
[19:02:31] ======================================================================
[19:02:31] 总奖励:  -196.63 | 步数: 24
[19:02:31] 最近10个episodes平均:  -196.29
[19:02:31] 
各Agent奖励:
[19:02:31]   wind      :   -0.572
[19:02:31]   solar     :    5.926
[19:02:31]   diesel    :    1.707
[19:02:31]   battery   :   -9.277
[19:02:31]   customer  : -194.412
[19:02:31] 
🔌 Main Grid 交易:
[19:02:31]   进口电量:     0.00 kWh
[19:02:31]   出口电量:  2199.85 kWh
[19:02:31]   净交易量: -2199.85 kWh
[19:02:31]   平均出清价:  11.07 cents/kWh
[19:02:31]   市场独立度:  38.89%
[19:02:31] 
Buffer大小:  4056
[19:02:31] 噪声水平: 0.0844
[19:02:31] 
动作统计:
[19:02:31]   wind      : mean= 0.705, std= 0.320
[19:02:31]   solar     : mean= 0.403, std= 0.478
[19:02:31]   diesel    : mean= 0.795, std= 0.196
[19:02:31]   battery   : mean= 0.351, std= 0.522
[19:02:31]   customer  : mean= 0.961, std= 0.046
[19:02:32] 
======================================================================
[19:02:32] Episode 160/200
[19:02:32] ======================================================================
[19:02:32] 总奖励:  -191.96 | 步数: 24
[19:02:32] 最近10个episodes平均:  -195.70
[19:02:32] 
各Agent奖励:
[19:02:32]   wind      :    0.040
[19:02:32]   solar     :    0.205
[19:02:32]   diesel    :    0.000
[19:02:32]   battery   :   -7.087
[19:02:32]   customer  : -185.115
[19:02:32] 
🔌 Main Grid 交易:
[19:02:32]   进口电量:     0.00 kWh
[19:02:32]   出口电量:  2114.69 kWh
[19:02:32]   净交易量: -2114.69 kWh
[19:02:32]   平均出清价:   8.34 cents/kWh
[19:02:32]   市场独立度:  41.26%
[19:02:32] 
Buffer大小:  4080
[19:02:32] 噪声水平: 0.0844
[19:02:32] 
动作统计:
[19:02:32]   wind      : mean= 0.408, std= 0.500
[19:02:32]   solar     : mean= 0.416, std= 0.470
[19:02:32]   diesel    : mean= 0.799, std= 0.179
[19:02:32]   battery   : mean= 0.386, std= 0.498
[19:02:32]   customer  : mean= 0.980, std= 0.039
[19:02:32] 
📊 生成可视化图表...
[19:02:32]   ✓ debug_plots/training_ep0160.png
[19:02:33] 
======================================================================
[19:02:33] Episode 161/200
[19:02:33] ======================================================================
[19:02:33] 总奖励:  -190.17 | 步数: 24
[19:02:33] 最近10个episodes平均:  -195.82
[19:02:33] 
各Agent奖励:
[19:02:33]   wind      :    3.034
[19:02:33]   solar     :    4.164
[19:02:33]   diesel    :    0.000
[19:02:33]   battery   :   -8.965
[19:02:33]   customer  : -188.405
[19:02:33] 
🔌 Main Grid 交易:
[19:02:33]   进口电量:     0.00 kWh
[19:02:33]   出口电量:  2128.39 kWh
[19:02:33]   净交易量: -2128.39 kWh
[19:02:33]   平均出清价:   9.35 cents/kWh
[19:02:33]   市场独立度:  40.88%
[19:02:33] 
Buffer大小:  4104
[19:02:33] 噪声水平: 0.0843
[19:02:33] 
动作统计:
[19:02:33]   wind      : mean= 0.437, std= 0.403
[19:02:33]   solar     : mean= 0.409, std= 0.482
[19:02:33]   diesel    : mean= 0.798, std= 0.193
[19:02:33]   battery   : mean= 0.356, std= 0.486
[19:02:33]   customer  : mean= 0.976, std= 0.034
[19:02:34] 
======================================================================
[19:02:34] Episode 162/200
[19:02:34] ======================================================================
[19:02:34] 总奖励:  -194.08 | 步数: 24
[19:02:34] 最近10个episodes平均:  -195.31
[19:02:34] 
各Agent奖励:
[19:02:34]   wind      :    0.959
[19:02:34]   solar     :    0.363
[19:02:34]   diesel    :    0.000
[19:02:34]   battery   :   -9.574
[19:02:34]   customer  : -185.826
[19:02:34] 
🔌 Main Grid 交易:
[19:02:34]   进口电量:     0.00 kWh
[19:02:34]   出口电量:  2185.73 kWh
[19:02:34]   净交易量: -2185.73 kWh
[19:02:34]   平均出清价:   6.47 cents/kWh
[19:02:34]   市场独立度:  39.29%
[19:02:34] 
Buffer大小:  4128
[19:02:34] 噪声水平: 0.0842
[19:02:34] 
动作统计:
[19:02:34]   wind      : mean= 0.556, std= 0.285
[19:02:34]   solar     : mean= 0.392, std= 0.490
[19:02:34]   diesel    : mean= 0.795, std= 0.186
[19:02:34]   battery   : mean= 0.341, std= 0.541
[19:02:34]   customer  : mean= 0.972, std= 0.042
[19:02:35] 
======================================================================
[19:02:35] Episode 163/200
[19:02:35] ======================================================================
[19:02:35] 总奖励:  -194.72 | 步数: 24
[19:02:35] 最近10个episodes平均:  -194.68
[19:02:35] 
各Agent奖励:
[19:02:35]   wind      :    3.668
[19:02:35]   solar     :    6.965
[19:02:35]   diesel    :    1.013
[19:02:35]   battery   :  -12.567
[19:02:35]   customer  : -193.800
[19:02:35] 
🔌 Main Grid 交易:
[19:02:35]   进口电量:     0.00 kWh
[19:02:35]   出口电量:  2319.46 kWh
[19:02:35]   净交易量: -2319.46 kWh
[19:02:35]   平均出清价:   7.76 cents/kWh
[19:02:35]   市场独立度:  35.57%
[19:02:35] 
Buffer大小:  4152
[19:02:35] 噪声水平: 0.0841
[19:02:35] 
动作统计:
[19:02:35]   wind      : mean= 0.554, std= 0.346
[19:02:35]   solar     : mean= 0.391, std= 0.475
[19:02:35]   diesel    : mean= 0.805, std= 0.197
[19:02:35]   battery   : mean= 0.324, std= 0.507
[19:02:35]   customer  : mean= 0.979, std= 0.038
[19:02:36] 
======================================================================
[19:02:36] Episode 164/200
[19:02:36] ======================================================================
[19:02:36] 总奖励:  -191.70 | 步数: 24
[19:02:36] 最近10个episodes平均:  -194.47
[19:02:36] 
各Agent奖励:
[19:02:36]   wind      :    0.624
[19:02:36]   solar     :    6.004
[19:02:36]   diesel    :    0.000
[19:02:36]   battery   :   -8.966
[19:02:36]   customer  : -189.358
[19:02:36] 
🔌 Main Grid 交易:
[19:02:36]   进口电量:     0.00 kWh
[19:02:36]   出口电量:  2215.68 kWh
[19:02:36]   净交易量: -2215.68 kWh
[19:02:36]   平均出清价:   9.76 cents/kWh
[19:02:36]   市场独立度:  38.45%
[19:02:36] 
Buffer大小:  4176
[19:02:36] 噪声水平: 0.0840
[19:02:36] 
动作统计:
[19:02:36]   wind      : mean= 0.520, std= 0.261
[19:02:36]   solar     : mean= 0.404, std= 0.442
[19:02:36]   diesel    : mean= 0.792, std= 0.194
[19:02:36]   battery   : mean= 0.323, std= 0.511
[19:02:36]   customer  : mean= 0.985, std= 0.026
[19:02:37] 
======================================================================
[19:02:37] Episode 165/200
[19:02:37] ======================================================================
[19:02:37] 总奖励:  -191.93 | 步数: 24
[19:02:37] 最近10个episodes平均:  -193.31
[19:02:37] 
各Agent奖励:
[19:02:37]   wind      :    4.225
[19:02:37]   solar     :    3.893
[19:02:37]   diesel    :    0.000
[19:02:37]   battery   :   -9.007
[19:02:37]   customer  : -191.040
[19:02:37] 
🔌 Main Grid 交易:
[19:02:37]   进口电量:     0.00 kWh
[19:02:37]   出口电量:  2176.25 kWh
[19:02:37]   净交易量: -2176.25 kWh
[19:02:37]   平均出清价:   8.64 cents/kWh
[19:02:37]   市场独立度:  39.55%
[19:02:37] 
Buffer大小:  4200
[19:02:37] 噪声水平: 0.0839
[19:02:37] 
动作统计:
[19:02:37]   wind      : mean= 0.361, std= 0.323
[19:02:37]   solar     : mean= 0.412, std= 0.501
[19:02:37]   diesel    : mean= 0.802, std= 0.183
[19:02:37]   battery   : mean= 0.315, std= 0.479
[19:02:37]   customer  : mean= 0.978, std= 0.042
[19:02:37] 
======================================================================
[19:02:37] Episode 166/200
[19:02:37] ======================================================================
[19:02:37] 总奖励:  -195.97 | 步数: 24
[19:02:37] 最近10个episodes平均:  -193.10
[19:02:37] 
各Agent奖励:
[19:02:37]   wind      :    2.239
[19:02:37]   solar     :    3.053
[19:02:37]   diesel    :    0.000
[19:02:37]   battery   :   -7.284
[19:02:37]   customer  : -193.978
[19:02:37] 
🔌 Main Grid 交易:
[19:02:37]   进口电量:     0.00 kWh
[19:02:37]   出口电量:  2151.29 kWh
[19:02:37]   净交易量: -2151.29 kWh
[19:02:37]   平均出清价:   9.28 cents/kWh
[19:02:37]   市场独立度:  40.24%
[19:02:37] 
Buffer大小:  4224
[19:02:37] 噪声水平: 0.0839
[19:02:37] 
动作统计:
[19:02:37]   wind      : mean= 0.333, std= 0.336
[19:02:37]   solar     : mean= 0.377, std= 0.483
[19:02:37]   diesel    : mean= 0.792, std= 0.184
[19:02:37]   battery   : mean= 0.287, std= 0.483
[19:02:37]   customer  : mean= 0.955, std= 0.052
[19:02:38] 
======================================================================
[19:02:38] Episode 167/200
[19:02:38] ======================================================================
[19:02:38] 总奖励:  -190.54 | 步数: 24
[19:02:38] 最近10个episodes平均:  -192.90
[19:02:38] 
各Agent奖励:
[19:02:38]   wind      :    6.949
[19:02:38]   solar     :    4.401
[19:02:38]   diesel    :    0.000
[19:02:38]   battery   :   -9.147
[19:02:38]   customer  : -192.744
[19:02:38] 
🔌 Main Grid 交易:
[19:02:38]   进口电量:     0.00 kWh
[19:02:38]   出口电量:  2138.89 kWh
[19:02:38]   净交易量: -2138.89 kWh
[19:02:38]   平均出清价:  10.21 cents/kWh
[19:02:38]   市场独立度:  40.59%
[19:02:38] 
Buffer大小:  4248
[19:02:38] 噪声水平: 0.0838
[19:02:38] 
动作统计:
[19:02:38]   wind      : mean= 0.306, std= 0.361
[19:02:38]   solar     : mean= 0.413, std= 0.454
[19:02:38]   diesel    : mean= 0.793, std= 0.178
[19:02:38]   battery   : mean= 0.300, std= 0.446
[19:02:38]   customer  : mean= 0.956, std= 0.056
[19:02:39] 
======================================================================
[19:02:39] Episode 168/200
[19:02:39] ======================================================================
[19:02:39] 总奖励:  -193.43 | 步数: 24
[19:02:39] 最近10个episodes平均:  -193.11
[19:02:39] 
各Agent奖励:
[19:02:39]   wind      :    2.691
[19:02:39]   solar     :    1.146
[19:02:39]   diesel    :    0.711
[19:02:39]   battery   :   -6.344
[19:02:39]   customer  : -191.634
[19:02:39] 
🔌 Main Grid 交易:
[19:02:39]   进口电量:     0.00 kWh
[19:02:39]   出口电量:  2219.15 kWh
[19:02:39]   净交易量: -2219.15 kWh
[19:02:39]   平均出清价:   9.05 cents/kWh
[19:02:39]   市场独立度:  38.36%
[19:02:39] 
Buffer大小:  4272
[19:02:39] 噪声水平: 0.0837
[19:02:39] 
动作统计:
[19:02:39]   wind      : mean= 0.319, std= 0.393
[19:02:39]   solar     : mean= 0.418, std= 0.509
[19:02:39]   diesel    : mean= 0.799, std= 0.196
[19:02:39]   battery   : mean= 0.260, std= 0.441
[19:02:39]   customer  : mean= 0.971, std= 0.033
[19:02:40] 
======================================================================
[19:02:40] Episode 169/200
[19:02:40] ======================================================================
[19:02:40] 总奖励:  -190.58 | 步数: 24
[19:02:40] 最近10个episodes平均:  -192.51
[19:02:40] 
各Agent奖励:
[19:02:40]   wind      :    4.973
[19:02:40]   solar     :    3.192
[19:02:40]   diesel    :    0.000
[19:02:40]   battery   :  -15.865
[19:02:40]   customer  : -182.880
[19:02:40] 
🔌 Main Grid 交易:
[19:02:40]   进口电量:     0.00 kWh
[19:02:40]   出口电量:  2146.74 kWh
[19:02:40]   净交易量: -2146.74 kWh
[19:02:40]   平均出清价:   6.47 cents/kWh
[19:02:40]   市场独立度:  40.37%
[19:02:40] 
Buffer大小:  4296
[19:02:40] 噪声水平: 0.0836
[19:02:40] 
动作统计:
[19:02:40]   wind      : mean= 0.258, std= 0.370
[19:02:40]   solar     : mean= 0.414, std= 0.448
[19:02:40]   diesel    : mean= 0.787, std= 0.212
[19:02:40]   battery   : mean= 0.253, std= 0.465
[19:02:40]   customer  : mean= 0.958, std= 0.059
[19:02:41] 
======================================================================
[19:02:41] Episode 170/200
[19:02:41] ======================================================================
[19:02:41] 总奖励:  -192.67 | 步数: 24
[19:02:41] 最近10个episodes平均:  -192.58
[19:02:41] 
各Agent奖励:
[19:02:41]   wind      :    9.700
[19:02:41]   solar     :    2.238
[19:02:41]   diesel    :    0.000
[19:02:41]   battery   :  -12.112
[19:02:41]   customer  : -192.500
[19:02:41] 
🔌 Main Grid 交易:
[19:02:41]   进口电量:     0.00 kWh
[19:02:41]   出口电量:  2258.91 kWh
[19:02:41]   净交易量: -2258.91 kWh
[19:02:41]   平均出清价:   8.46 cents/kWh
[19:02:41]   市场独立度:  37.25%
[19:02:41] 
Buffer大小:  4320
[19:02:41] 噪声水平: 0.0835
[19:02:41] 
动作统计:
[19:02:41]   wind      : mean= 0.338, std= 0.295
[19:02:41]   solar     : mean= 0.406, std= 0.450
[19:02:41]   diesel    : mean= 0.789, std= 0.191
[19:02:41]   battery   : mean= 0.248, std= 0.430
[19:02:41]   customer  : mean= 0.966, std= 0.046
[19:02:41] 
📊 生成可视化图表...
[19:02:41]   ✓ debug_plots/training_ep0170.png
[19:02:42] 
======================================================================
[19:02:42] Episode 171/200
[19:02:42] ======================================================================
[19:02:42] 总奖励:  -183.95 | 步数: 24
[19:02:42] 最近10个episodes平均:  -191.96
[19:02:42] 
各Agent奖励:
[19:02:42]   wind      :    6.832
[19:02:42]   solar     :    0.647
[19:02:42]   diesel    :    0.000
[19:02:42]   battery   :   -3.956
[19:02:42]   customer  : -187.477
[19:02:42] 
🔌 Main Grid 交易:
[19:02:42]   进口电量:     0.00 kWh
[19:02:42]   出口电量:  2255.26 kWh
[19:02:42]   净交易量: -2255.26 kWh
[19:02:42]   平均出清价:   6.70 cents/kWh
[19:02:42]   市场独立度:  37.35%
[19:02:42] 
Buffer大小:  4344
[19:02:42] 噪声水平: 0.0834
[19:02:42] 
动作统计:
[19:02:42]   wind      : mean= 0.289, std= 0.380
[19:02:42]   solar     : mean= 0.394, std= 0.461
[19:02:42]   diesel    : mean= 0.785, std= 0.202
[19:02:42]   battery   : mean= 0.252, std= 0.444
[19:02:42]   customer  : mean= 0.962, std= 0.056
[19:02:43] 
======================================================================
[19:02:43] Episode 172/200
[19:02:43] ======================================================================
[19:02:43] 总奖励:  -184.76 | 步数: 24
[19:02:43] 最近10个episodes平均:  -191.03
[19:02:43] 
各Agent奖励:
[19:02:43]   wind      :   12.454
[19:02:43]   solar     :    3.003
[19:02:43]   diesel    :    0.000
[19:02:43]   battery   :   -7.799
[19:02:43]   customer  : -192.423
[19:02:43] 
🔌 Main Grid 交易:
[19:02:43]   进口电量:     0.00 kWh
[19:02:43]   出口电量:  2193.88 kWh
[19:02:43]   净交易量: -2193.88 kWh
[19:02:43]   平均出清价:   9.47 cents/kWh
[19:02:43]   市场独立度:  39.06%
[19:02:43] 
Buffer大小:  4368
[19:02:43] 噪声水平: 0.0834
[19:02:43] 
动作统计:
[19:02:43]   wind      : mean= 0.238, std= 0.324
[19:02:43]   solar     : mean= 0.392, std= 0.463
[19:02:43]   diesel    : mean= 0.794, std= 0.212
[19:02:43]   battery   : mean= 0.194, std= 0.401
[19:02:43]   customer  : mean= 0.954, std= 0.064
[19:02:44] 
======================================================================
[19:02:44] Episode 173/200
[19:02:44] ======================================================================
[19:02:44] 总奖励:  -194.98 | 步数: 24
[19:02:44] 最近10个episodes平均:  -191.05
[19:02:44] 
各Agent奖励:
[19:02:44]   wind      :    6.278
[19:02:44]   solar     :    3.925
[19:02:44]   diesel    :    0.000
[19:02:44]   battery   :  -10.425
[19:02:44]   customer  : -194.754
[19:02:44] 
🔌 Main Grid 交易:
[19:02:44]   进口电量:     0.00 kWh
[19:02:44]   出口电量:  2063.78 kWh
[19:02:44]   净交易量: -2063.78 kWh
[19:02:44]   平均出清价:   9.88 cents/kWh
[19:02:44]   市场独立度:  42.67%
[19:02:44] 
Buffer大小:  4392
[19:02:44] 噪声水平: 0.0833
[19:02:44] 
动作统计:
[19:02:44]   wind      : mean= 0.125, std= 0.397
[19:02:44]   solar     : mean= 0.395, std= 0.430
[19:02:44]   diesel    : mean= 0.764, std= 0.215
[19:02:44]   battery   : mean= 0.194, std= 0.379
[19:02:44]   customer  : mean= 0.957, std= 0.061
[19:02:45] 
======================================================================
[19:02:45] Episode 174/200
[19:02:45] ======================================================================
[19:02:45] 总奖励:  -190.49 | 步数: 24
[19:02:45] 最近10个episodes平均:  -190.93
[19:02:45] 
各Agent奖励:
[19:02:45]   wind      :    3.582
[19:02:45]   solar     :    0.614
[19:02:45]   diesel    :    0.000
[19:02:45]   battery   :   -4.118
[19:02:45]   customer  : -190.567
[19:02:45] 
🔌 Main Grid 交易:
[19:02:45]   进口电量:     0.00 kWh
[19:02:45]   出口电量:  2108.36 kWh
[19:02:45]   净交易量: -2108.36 kWh
[19:02:45]   平均出清价:   7.74 cents/kWh
[19:02:45]   市场独立度:  41.43%
[19:02:45] 
Buffer大小:  4416
[19:02:45] 噪声水平: 0.0832
[19:02:45] 
动作统计:
[19:02:45]   wind      : mean= 0.136, std= 0.378
[19:02:45]   solar     : mean= 0.363, std= 0.473
[19:02:45]   diesel    : mean= 0.763, std= 0.220
[19:02:45]   battery   : mean= 0.278, std= 0.404
[19:02:45]   customer  : mean= 0.962, std= 0.042
[19:02:46] 
======================================================================
[19:02:46] Episode 175/200
[19:02:46] ======================================================================
[19:02:46] 总奖励:  -190.03 | 步数: 24
[19:02:46] 最近10个episodes平均:  -190.74
[19:02:46] 
各Agent奖励:
[19:02:46]   wind      :    3.447
[19:02:46]   solar     :    3.825
[19:02:46]   diesel    :    0.000
[19:02:46]   battery   :   -7.803
[19:02:46]   customer  : -189.503
[19:02:46] 
🔌 Main Grid 交易:
[19:02:46]   进口电量:     0.00 kWh
[19:02:46]   出口电量:  2268.06 kWh
[19:02:46]   净交易量: -2268.06 kWh
[19:02:46]   平均出清价:   7.94 cents/kWh
[19:02:46]   市场独立度:  37.00%
[19:02:46] 
Buffer大小:  4440
[19:02:46] 噪声水平: 0.0831
[19:02:46] 
动作统计:
[19:02:46]   wind      : mean= 0.313, std= 0.294
[19:02:46]   solar     : mean= 0.405, std= 0.453
[19:02:46]   diesel    : mean= 0.758, std= 0.204
[19:02:46]   battery   : mean= 0.278, std= 0.408
[19:02:46]   customer  : mean= 0.969, std= 0.046
[19:02:47] 
======================================================================
[19:02:47] Episode 176/200
[19:02:47] ======================================================================
[19:02:47] 总奖励:  -181.19 | 步数: 24
[19:02:47] 最近10个episodes平均:  -189.26
[19:02:47] 
各Agent奖励:
[19:02:47]   wind      :   12.771
[19:02:47]   solar     :    1.511
[19:02:47]   diesel    :    0.000
[19:02:47]   battery   :   -6.199
[19:02:47]   customer  : -189.269
[19:02:47] 
🔌 Main Grid 交易:
[19:02:47]   进口电量:     0.00 kWh
[19:02:47]   出口电量:  2254.03 kWh
[19:02:47]   净交易量: -2254.03 kWh
[19:02:47]   平均出清价:   7.40 cents/kWh
[19:02:47]   市场独立度:  37.39%
[19:02:47] 
Buffer大小:  4464
[19:02:47] 噪声水平: 0.0830
[19:02:47] 
动作统计:
[19:02:47]   wind      : mean= 0.233, std= 0.288
[19:02:47]   solar     : mean= 0.360, std= 0.464
[19:02:47]   diesel    : mean= 0.770, std= 0.223
[19:02:47]   battery   : mean= 0.246, std= 0.390
[19:02:47]   customer  : mean= 0.966, std= 0.051
[19:02:48] 
======================================================================
[19:02:48] Episode 177/200
[19:02:48] ======================================================================
[19:02:48] 总奖励:  -180.30 | 步数: 24
[19:02:48] 最近10个episodes平均:  -188.24
[19:02:48] 
各Agent奖励:
[19:02:48]   wind      :    9.602
[19:02:48]   solar     :    3.602
[19:02:48]   diesel    :    0.602
[19:02:48]   battery   :   -5.066
[19:02:48]   customer  : -189.043
[19:02:48] 
🔌 Main Grid 交易:
[19:02:48]   进口电量:     0.00 kWh
[19:02:48]   出口电量:  2143.71 kWh
[19:02:48]   净交易量: -2143.71 kWh
[19:02:48]   平均出清价:   7.68 cents/kWh
[19:02:48]   市场独立度:  40.45%
[19:02:48] 
Buffer大小:  4488
[19:02:48] 噪声水平: 0.0829
[19:02:48] 
动作统计:
[19:02:48]   wind      : mean= 0.075, std= 0.319
[19:02:48]   solar     : mean= 0.378, std= 0.481
[19:02:48]   diesel    : mean= 0.770, std= 0.229
[19:02:48]   battery   : mean= 0.288, std= 0.402
[19:02:48]   customer  : mean= 0.958, std= 0.046
[19:02:49] 
======================================================================
[19:02:49] Episode 178/200
[19:02:49] ======================================================================
[19:02:49] 总奖励:  -187.10 | 步数: 24
[19:02:49] 最近10个episodes平均:  -187.61
[19:02:49] 
各Agent奖励:
[19:02:49]   wind      :    5.877
[19:02:49]   solar     :    2.478
[19:02:49]   diesel    :    0.000
[19:02:49]   battery   :   -4.856
[19:02:49]   customer  : -190.599
[19:02:49] 
🔌 Main Grid 交易:
[19:02:49]   进口电量:     0.00 kWh
[19:02:49]   出口电量:  2169.16 kWh
[19:02:49]   净交易量: -2169.16 kWh
[19:02:49]   平均出清价:   7.38 cents/kWh
[19:02:49]   市场独立度:  39.75%
[19:02:49] 
Buffer大小:  4512
[19:02:49] 噪声水平: 0.0829
[19:02:49] 
动作统计:
[19:02:49]   wind      : mean= 0.123, std= 0.302
[19:02:49]   solar     : mean= 0.350, std= 0.489
[19:02:49]   diesel    : mean= 0.776, std= 0.224
[19:02:49]   battery   : mean= 0.310, std= 0.417
[19:02:49]   customer  : mean= 0.976, std= 0.031
[19:02:50] 
======================================================================
[19:02:50] Episode 179/200
[19:02:50] ======================================================================
[19:02:50] 总奖励:  -176.62 | 步数: 24
[19:02:50] 最近10个episodes平均:  -186.21
[19:02:50] 
各Agent奖励:
[19:02:50]   wind      :   10.432
[19:02:50]   solar     :    3.641
[19:02:50]   diesel    :    0.680
[19:02:50]   battery   :   -3.880
[19:02:50]   customer  : -187.497
[19:02:50] 
🔌 Main Grid 交易:
[19:02:50]   进口电量:     0.00 kWh
[19:02:50]   出口电量:  2124.44 kWh
[19:02:50]   净交易量: -2124.44 kWh
[19:02:50]   平均出清价:   7.57 cents/kWh
[19:02:50]   市场独立度:  40.99%
[19:02:50] 
Buffer大小:  4536
[19:02:50] 噪声水平: 0.0828
[19:02:50] 
动作统计:
[19:02:50]   wind      : mean= 0.153, std= 0.327
[19:02:50]   solar     : mean= 0.346, std= 0.504
[19:02:50]   diesel    : mean= 0.753, std= 0.239
[19:02:50]   battery   : mean= 0.264, std= 0.395
[19:02:50]   customer  : mean= 0.951, std= 0.072
[19:02:51] 
======================================================================
[19:02:51] Episode 180/200
[19:02:51] ======================================================================
[19:02:51] 总奖励:  -177.00 | 步数: 24
[19:02:51] 最近10个episodes平均:  -184.64
[19:02:51] 
各Agent奖励:
[19:02:51]   wind      :    7.018
[19:02:51]   solar     :    1.899
[19:02:51]   diesel    :    0.581
[19:02:51]   battery   :   -3.372
[19:02:51]   customer  : -183.124
[19:02:51] 
🔌 Main Grid 交易:
[19:02:51]   进口电量:     0.00 kWh
[19:02:51]   出口电量:  2113.50 kWh
[19:02:51]   净交易量: -2113.50 kWh
[19:02:51]   平均出清价:   8.34 cents/kWh
[19:02:51]   市场独立度:  41.29%
[19:02:51] 
Buffer大小:  4560
[19:02:51] 噪声水平: 0.0827
[19:02:51] 
动作统计:
[19:02:51]   wind      : mean= 0.086, std= 0.264
[19:02:51]   solar     : mean= 0.292, std= 0.496
[19:02:51]   diesel    : mean= 0.757, std= 0.231
[19:02:51]   battery   : mean= 0.297, std= 0.413
[19:02:51]   customer  : mean= 0.965, std= 0.048
[19:02:51] 
📊 生成可视化图表...
[19:02:51]   ✓ debug_plots/training_ep0180.png
[19:02:52] 
======================================================================
[19:02:52] Episode 181/200
[19:02:52] ======================================================================
[19:02:52] 总奖励:  -179.21 | 步数: 24
[19:02:52] 最近10个episodes平均:  -184.17
[19:02:52] 
各Agent奖励:
[19:02:52]   wind      :   12.930
[19:02:52]   solar     :    0.967
[19:02:52]   diesel    :    0.000
[19:02:52]   battery   :   -4.277
[19:02:52]   customer  : -188.831
[19:02:52] 
🔌 Main Grid 交易:
[19:02:52]   进口电量:     0.00 kWh
[19:02:52]   出口电量:  2268.45 kWh
[19:02:52]   净交易量: -2268.45 kWh
[19:02:52]   平均出清价:   4.46 cents/kWh
[19:02:52]   市场独立度:  36.99%
[19:02:52] 
Buffer大小:  4584
[19:02:52] 噪声水平: 0.0826
[19:02:52] 
动作统计:
[19:02:52]   wind      : mean= 0.110, std= 0.235
[19:02:52]   solar     : mean= 0.251, std= 0.497
[19:02:52]   diesel    : mean= 0.783, std= 0.218
[19:02:52]   battery   : mean= 0.304, std= 0.433
[19:02:52]   customer  : mean= 0.957, std= 0.073
[19:02:53] 
======================================================================
[19:02:53] Episode 182/200
[19:02:53] ======================================================================
[19:02:53] 总奖励:  -180.08 | 步数: 24
[19:02:53] 最近10个episodes平均:  -183.70
[19:02:53] 
各Agent奖励:
[19:02:53]   wind      :   12.041
[19:02:53]   solar     :    4.276
[19:02:53]   diesel    :    1.127
[19:02:53]   battery   :  -12.951
[19:02:53]   customer  : -184.578
[19:02:53] 
🔌 Main Grid 交易:
[19:02:53]   进口电量:     0.00 kWh
[19:02:53]   出口电量:  2137.32 kWh
[19:02:53]   净交易量: -2137.32 kWh
[19:02:53]   平均出清价:   8.84 cents/kWh
[19:02:53]   市场独立度:  40.63%
[19:02:53] 
Buffer大小:  4608
[19:02:53] 噪声水平: 0.0825
[19:02:53] 
动作统计:
[19:02:53]   wind      : mean= 0.105, std= 0.293
[19:02:53]   solar     : mean= 0.238, std= 0.479
[19:02:53]   diesel    : mean= 0.746, std= 0.248
[19:02:53]   battery   : mean= 0.324, std= 0.451
[19:02:53]   customer  : mean= 0.933, std= 0.054
[19:02:53] 
======================================================================
[19:02:53] Episode 183/200
[19:02:53] ======================================================================
[19:02:53] 总奖励:  -188.88 | 步数: 24
[19:02:53] 最近10个episodes平均:  -183.09
[19:02:53] 
各Agent奖励:
[19:02:53]   wind      :   12.232
[19:02:53]   solar     :    1.695
[19:02:53]   diesel    :    0.492
[19:02:53]   battery   :   -5.834
[19:02:53]   customer  : -197.465
[19:02:53] 
🔌 Main Grid 交易:
[19:02:53]   进口电量:     0.00 kWh
[19:02:53]   出口电量:  2186.34 kWh
[19:02:53]   净交易量: -2186.34 kWh
[19:02:53]   平均出清价:   9.03 cents/kWh
[19:02:53]   市场独立度:  39.27%
[19:02:53] 
Buffer大小:  4632
[19:02:53] 噪声水平: 0.0824
[19:02:53] 
动作统计:
[19:02:53]   wind      : mean= 0.054, std= 0.217
[19:02:53]   solar     : mean= 0.263, std= 0.423
[19:02:53]   diesel    : mean= 0.773, std= 0.223
[19:02:53]   battery   : mean= 0.342, std= 0.423
[19:02:53]   customer  : mean= 0.956, std= 0.061
[19:02:54] 
======================================================================
[19:02:54] Episode 184/200
[19:02:54] ======================================================================
[19:02:54] 总奖励:  -180.71 | 步数: 24
[19:02:54] 最近10个episodes平均:  -182.11
[19:02:54] 
各Agent奖励:
[19:02:54]   wind      :    2.242
[19:02:54]   solar     :    1.561
[19:02:54]   diesel    :    0.000
[19:02:54]   battery   :   -5.615
[19:02:54]   customer  : -178.896
[19:02:54] 
🔌 Main Grid 交易:
[19:02:54]   进口电量:     0.00 kWh
[19:02:54]   出口电量:  2024.35 kWh
[19:02:54]   净交易量: -2024.35 kWh
[19:02:54]   平均出清价:   1.74 cents/kWh
[19:02:54]   市场独立度:  43.77%
[19:02:54] 
Buffer大小:  4656
[19:02:54] 噪声水平: 0.0824
[19:02:54] 
动作统计:
[19:02:54]   wind      : mean=-0.119, std= 0.245
[19:02:54]   solar     : mean= 0.277, std= 0.470
[19:02:54]   diesel    : mean= 0.770, std= 0.215
[19:02:54]   battery   : mean= 0.363, std= 0.426
[19:02:54]   customer  : mean= 0.905, std= 0.120
[19:02:55] 
======================================================================
[19:02:55] Episode 185/200
[19:02:55] ======================================================================
[19:02:55] 总奖励:  -176.81 | 步数: 24
[19:02:55] 最近10个episodes平均:  -180.79
[19:02:55] 
各Agent奖励:
[19:02:55]   wind      :   12.885
[19:02:55]   solar     :   -0.131
[19:02:55]   diesel    :    0.281
[19:02:55]   battery   :   -2.456
[19:02:55]   customer  : -187.390
[19:02:55] 
🔌 Main Grid 交易:
[19:02:55]   进口电量:     0.00 kWh
[19:02:55]   出口电量:  2159.04 kWh
[19:02:55]   净交易量: -2159.04 kWh
[19:02:55]   平均出清价:   2.33 cents/kWh
[19:02:55]   市场独立度:  40.03%
[19:02:55] 
Buffer大小:  4680
[19:02:55] 噪声水平: 0.0823
[19:02:55] 
动作统计:
[19:02:55]   wind      : mean=-0.055, std= 0.303
[19:02:55]   solar     : mean= 0.291, std= 0.458
[19:02:55]   diesel    : mean= 0.769, std= 0.218
[19:02:55]   battery   : mean= 0.357, std= 0.436
[19:02:55]   customer  : mean= 0.897, std= 0.161
[19:02:56] 
======================================================================
[19:02:56] Episode 186/200
[19:02:56] ======================================================================
[19:02:56] 总奖励:  -175.18 | 步数: 24
[19:02:56] 最近10个episodes平均:  -180.19
[19:02:56] 
各Agent奖励:
[19:02:56]   wind      :   19.999
[19:02:56]   solar     :    5.124
[19:02:56]   diesel    :    4.770
[19:02:56]   battery   :   -9.762
[19:02:56]   customer  : -195.311
[19:02:56] 
🔌 Main Grid 交易:
[19:02:56]   进口电量:     0.00 kWh
[19:02:56]   出口电量:  1986.75 kWh
[19:02:56]   净交易量: -1986.75 kWh
[19:02:56]   平均出清价:   8.55 cents/kWh
[19:02:56]   市场独立度:  44.81%
[19:02:56] 
Buffer大小:  4704
[19:02:56] 噪声水平: 0.0822
[19:02:56] 
动作统计:
[19:02:56]   wind      : mean=-0.118, std= 0.328
[19:02:56]   solar     : mean= 0.264, std= 0.463
[19:02:56]   diesel    : mean= 0.759, std= 0.226
[19:02:56]   battery   : mean= 0.368, std= 0.448
[19:02:56]   customer  : mean= 0.843, std= 0.179
[19:02:57] 
======================================================================
[19:02:57] Episode 187/200
[19:02:57] ======================================================================
[19:02:57] 总奖励:  -169.37 | 步数: 24
[19:02:57] 最近10个episodes平均:  -179.10
[19:02:57] 
各Agent奖励:
[19:02:57]   wind      :   13.974
[19:02:57]   solar     :    1.908
[19:02:57]   diesel    :    8.816
[19:02:57]   battery   :   -4.809
[19:02:57]   customer  : -189.261
[19:02:57] 
🔌 Main Grid 交易:
[19:02:57]   进口电量:     0.00 kWh
[19:02:57]   出口电量:  2147.00 kWh
[19:02:57]   净交易量: -2147.00 kWh
[19:02:57]   平均出清价:   6.78 cents/kWh
[19:02:57]   市场独立度:  40.36%
[19:02:57] 
Buffer大小:  4728
[19:02:57] 噪声水平: 0.0821
[19:02:57] 
动作统计:
[19:02:57]   wind      : mean=-0.112, std= 0.264
[19:02:57]   solar     : mean= 0.257, std= 0.449
[19:02:57]   diesel    : mean= 0.767, std= 0.235
[19:02:57]   battery   : mean= 0.393, std= 0.461
[19:02:57]   customer  : mean= 0.827, std= 0.236
[19:02:58] 
======================================================================
[19:02:58] Episode 188/200
[19:02:58] ======================================================================
[19:02:58] 总奖励:  -153.30 | 步数: 24
[19:02:58] 最近10个episodes平均:  -175.72
[19:02:58] 
各Agent奖励:
[19:02:58]   wind      :   23.529
[19:02:58]   solar     :    4.128
[19:02:58]   diesel    :    5.072
[19:02:58]   battery   :   -3.810
[19:02:58]   customer  : -182.224
[19:02:58] 
🔌 Main Grid 交易:
[19:02:58]   进口电量:     0.00 kWh
[19:02:58]   出口电量:  2020.75 kWh
[19:02:58]   净交易量: -2020.75 kWh
[19:02:58]   平均出清价:   4.39 cents/kWh
[19:02:58]   市场独立度:  43.87%
[19:02:58] 
Buffer大小:  4752
[19:02:58] 噪声水平: 0.0820
[19:02:58] 
动作统计:
[19:02:58]   wind      : mean=-0.113, std= 0.227
[19:02:58]   solar     : mean= 0.278, std= 0.432
[19:02:58]   diesel    : mean= 0.750, std= 0.242
[19:02:58]   battery   : mean= 0.389, std= 0.457
[19:02:58]   customer  : mean= 0.799, std= 0.234
[19:02:58] 
======================================================================
[19:02:58] Episode 189/200
[19:02:58] ======================================================================
[19:02:58] 总奖励:  -170.44 | 步数: 24
[19:02:58] 最近10个episodes平均:  -175.10
[19:02:58] 
各Agent奖励:
[19:02:58]   wind      :   20.110
[19:02:58]   solar     :    1.019
[19:02:58]   diesel    :    5.184
[19:02:58]   battery   :   -3.449
[19:02:58]   customer  : -193.305
[19:02:58] 
🔌 Main Grid 交易:
[19:02:58]   进口电量:     0.00 kWh
[19:02:58]   出口电量:  1981.69 kWh
[19:02:58]   净交易量: -1981.69 kWh
[19:02:58]   平均出清价:   6.01 cents/kWh
[19:02:58]   市场独立度:  44.95%
[19:02:58] 
Buffer大小:  4776
[19:02:58] 噪声水平: 0.0819
[19:02:58] 
动作统计:
[19:02:58]   wind      : mean=-0.115, std= 0.229
[19:02:58]   solar     : mean= 0.313, std= 0.388
[19:02:58]   diesel    : mean= 0.729, std= 0.262
[19:02:58]   battery   : mean= 0.436, std= 0.447
[19:02:58]   customer  : mean= 0.786, std= 0.317
[19:02:59] 
======================================================================
[19:02:59] Episode 190/200
[19:02:59] ======================================================================
[19:02:59] 总奖励:  -151.14 | 步数: 24
[19:02:59] 最近10个episodes平均:  -172.51
[19:02:59] 
各Agent奖励:
[19:02:59]   wind      :   36.291
[19:02:59]   solar     :    2.534
[19:02:59]   diesel    :    8.695
[19:02:59]   battery   :   -2.509
[19:02:59]   customer  : -196.151
[19:02:59] 
🔌 Main Grid 交易:
[19:02:59]   进口电量:     0.00 kWh
[19:02:59]   出口电量:  1982.00 kWh
[19:02:59]   净交易量: -1982.00 kWh
[19:02:59]   平均出清价:   4.64 cents/kWh
[19:02:59]   市场独立度:  44.94%
[19:02:59] 
Buffer大小:  4800
[19:02:59] 噪声水平: 0.0819
[19:02:59] 
动作统计:
[19:02:59]   wind      : mean=-0.201, std= 0.290
[19:02:59]   solar     : mean= 0.320, std= 0.416
[19:02:59]   diesel    : mean= 0.732, std= 0.252
[19:02:59]   battery   : mean= 0.414, std= 0.431
[19:02:59]   customer  : mean= 0.771, std= 0.335
[19:02:59] 
📊 生成可视化图表...
[19:03:00]   ✓ debug_plots/training_ep0190.png
[19:03:01] 
======================================================================
[19:03:01] Episode 191/200
[19:03:01] ======================================================================
[19:03:01] 总奖励:  -169.99 | 步数: 24
[19:03:01] 最近10个episodes平均:  -171.59
[19:03:01] 
各Agent奖励:
[19:03:01]   wind      :   20.782
[19:03:01]   solar     :    5.389
[19:03:01]   diesel    :   10.980
[19:03:01]   battery   :  -11.870
[19:03:01]   customer  : -195.266
[19:03:01] 
🔌 Main Grid 交易:
[19:03:01]   进口电量:     0.00 kWh
[19:03:01]   出口电量:  1931.99 kWh
[19:03:01]   净交易量: -1931.99 kWh
[19:03:01]   平均出清价:   7.99 cents/kWh
[19:03:01]   市场独立度:  46.33%
[19:03:01] 
Buffer大小:  4824
[19:03:01] 噪声水平: 0.0818
[19:03:01] 
动作统计:
[19:03:01]   wind      : mean=-0.181, std= 0.282
[19:03:01]   solar     : mean= 0.291, std= 0.428
[19:03:01]   diesel    : mean= 0.744, std= 0.251
[19:03:01]   battery   : mean= 0.440, std= 0.439
[19:03:01]   customer  : mean= 0.790, std= 0.262
[19:03:02] 
======================================================================
[19:03:02] Episode 192/200
[19:03:02] ======================================================================
[19:03:02] 总奖励:  -159.26 | 步数: 24
[19:03:02] 最近10个episodes平均:  -169.51
[19:03:02] 
各Agent奖励:
[19:03:02]   wind      :   24.293
[19:03:02]   solar     :    2.605
[19:03:02]   diesel    :   11.079
[19:03:02]   battery   :   -5.879
[19:03:02]   customer  : -191.354
[19:03:02] 
🔌 Main Grid 交易:
[19:03:02]   进口电量:     0.00 kWh
[19:03:02]   出口电量:  1940.09 kWh
[19:03:02]   净交易量: -1940.09 kWh
[19:03:02]   平均出清价:   6.04 cents/kWh
[19:03:02]   市场独立度:  46.11%
[19:03:02] 
Buffer大小:  4848
[19:03:02] 噪声水平: 0.0817
[19:03:02] 
动作统计:
[19:03:02]   wind      : mean=-0.139, std= 0.233
[19:03:02]   solar     : mean= 0.309, std= 0.467
[19:03:02]   diesel    : mean= 0.758, std= 0.229
[19:03:02]   battery   : mean= 0.449, std= 0.424
[19:03:02]   customer  : mean= 0.756, std= 0.356
[19:03:03] 
======================================================================
[19:03:03] Episode 193/200
[19:03:03] ======================================================================
[19:03:03] 总奖励:  -178.43 | 步数: 24
[19:03:03] 最近10个episodes平均:  -168.46
[19:03:03] 
各Agent奖励:
[19:03:03]   wind      :   19.216
[19:03:03]   solar     :    3.852
[19:03:03]   diesel    :    7.540
[19:03:03]   battery   :   -2.652
[19:03:03]   customer  : -206.388
[19:03:03] 
🔌 Main Grid 交易:
[19:03:03]   进口电量:     0.00 kWh
[19:03:03]   出口电量:  1907.36 kWh
[19:03:03]   净交易量: -1907.36 kWh
[19:03:03]   平均出清价:   6.49 cents/kWh
[19:03:03]   市场独立度:  47.02%
[19:03:03] 
Buffer大小:  4872
[19:03:03] 噪声水平: 0.0816
[19:03:03] 
动作统计:
[19:03:03]   wind      : mean=-0.157, std= 0.321
[19:03:03]   solar     : mean= 0.278, std= 0.442
[19:03:03]   diesel    : mean= 0.738, std= 0.241
[19:03:03]   battery   : mean= 0.461, std= 0.419
[19:03:03]   customer  : mean= 0.766, std= 0.373
[19:03:04] 
======================================================================
[19:03:04] Episode 194/200
[19:03:04] ======================================================================
[19:03:04] 总奖励:  -171.38 | 步数: 24
[19:03:04] 最近10个episodes平均:  -167.53
[19:03:04] 
各Agent奖励:
[19:03:04]   wind      :   21.392
[19:03:04]   solar     :    4.717
[19:03:04]   diesel    :    0.885
[19:03:04]   battery   :   -2.247
[19:03:04]   customer  : -196.129
[19:03:04] 
🔌 Main Grid 交易:
[19:03:04]   进口电量:     0.00 kWh
[19:03:04]   出口电量:  1979.18 kWh
[19:03:04]   净交易量: -1979.18 kWh
[19:03:04]   平均出清价:   7.35 cents/kWh
[19:03:04]   市场独立度:  45.02%
[19:03:04] 
Buffer大小:  4896
[19:03:04] 噪声水平: 0.0815
[19:03:04] 
动作统计:
[19:03:04]   wind      : mean=-0.126, std= 0.324
[19:03:04]   solar     : mean= 0.291, std= 0.448
[19:03:04]   diesel    : mean= 0.747, std= 0.248
[19:03:04]   battery   : mean= 0.471, std= 0.418
[19:03:04]   customer  : mean= 0.775, std= 0.366
[19:03:05] 
======================================================================
[19:03:05] Episode 195/200
[19:03:05] ======================================================================
[19:03:05] 总奖励:  -177.71 | 步数: 24
[19:03:05] 最近10个episodes平均:  -167.62
[19:03:05] 
各Agent奖励:
[19:03:05]   wind      :   18.035
[19:03:05]   solar     :    6.393
[19:03:05]   diesel    :    2.640
[19:03:05]   battery   :   -6.581
[19:03:05]   customer  : -198.198
[19:03:05] 
🔌 Main Grid 交易:
[19:03:05]   进口电量:     0.00 kWh
[19:03:05]   出口电量:  1915.47 kWh
[19:03:05]   净交易量: -1915.47 kWh
[19:03:05]   平均出清价:   7.31 cents/kWh
[19:03:05]   市场独立度:  46.79%
[19:03:05] 
Buffer大小:  4920
[19:03:05] 噪声水平: 0.0815
[19:03:05] 
动作统计:
[19:03:05]   wind      : mean=-0.076, std= 0.281
[19:03:05]   solar     : mean= 0.263, std= 0.437
[19:03:05]   diesel    : mean= 0.761, std= 0.222
[19:03:05]   battery   : mean= 0.451, std= 0.409
[19:03:05]   customer  : mean= 0.766, std= 0.373
[19:03:06] 
======================================================================
[19:03:06] Episode 196/200
[19:03:06] ======================================================================
[19:03:06] 总奖励:  -177.24 | 步数: 24
[19:03:06] 最近10个episodes平均:  -167.83
[19:03:06] 
各Agent奖励:
[19:03:06]   wind      :   23.539
[19:03:06]   solar     :    0.249
[19:03:06]   diesel    :    0.000
[19:03:06]   battery   :   -6.192
[19:03:06]   customer  : -194.832
[19:03:06] 
🔌 Main Grid 交易:
[19:03:06]   进口电量:     0.00 kWh
[19:03:06]   出口电量:  2077.13 kWh
[19:03:06]   净交易量: -2077.13 kWh
[19:03:06]   平均出清价:   5.97 cents/kWh
[19:03:06]   市场独立度:  42.30%
[19:03:06] 
Buffer大小:  4944
[19:03:06] 噪声水平: 0.0814
[19:03:06] 
动作统计:
[19:03:06]   wind      : mean=-0.004, std= 0.312
[19:03:06]   solar     : mean= 0.266, std= 0.432
[19:03:06]   diesel    : mean= 0.742, std= 0.245
[19:03:06]   battery   : mean= 0.450, std= 0.421
[19:03:06]   customer  : mean= 0.809, std= 0.337
[19:03:07] 
======================================================================
[19:03:07] Episode 197/200
[19:03:07] ======================================================================
[19:03:07] 总奖励:  -178.73 | 步数: 24
[19:03:07] 最近10个episodes平均:  -168.76
[19:03:07] 
各Agent奖励:
[19:03:07]   wind      :    5.659
[19:03:07]   solar     :    6.107
[19:03:07]   diesel    :    2.131
[19:03:07]   battery   :   -2.793
[19:03:07]   customer  : -189.836
[19:03:07] 
🔌 Main Grid 交易:
[19:03:07]   进口电量:     0.00 kWh
[19:03:07]   出口电量:  1886.84 kWh
[19:03:07]   净交易量: -1886.84 kWh
[19:03:07]   平均出清价:   8.98 cents/kWh
[19:03:07]   市场独立度:  47.59%
[19:03:07] 
Buffer大小:  4968
[19:03:07] 噪声水平: 0.0813
[19:03:07] 
动作统计:
[19:03:07]   wind      : mean=-0.142, std= 0.373
[19:03:07]   solar     : mean= 0.230, std= 0.442
[19:03:07]   diesel    : mean= 0.751, std= 0.250
[19:03:07]   battery   : mean= 0.445, std= 0.415
[19:03:07]   customer  : mean= 0.803, std= 0.235
[19:03:08] 
======================================================================
[19:03:08] Episode 198/200
[19:03:08] ======================================================================
[19:03:08] 总奖励:  -174.56 | 步数: 24
[19:03:08] 最近10个episodes平均:  -170.89
[19:03:08] 
各Agent奖励:
[19:03:08]   wind      :   14.713
[19:03:08]   solar     :    5.799
[19:03:08]   diesel    :    3.252
[19:03:08]   battery   :   -0.589
[19:03:08]   customer  : -197.733
[19:03:08] 
🔌 Main Grid 交易:
[19:03:08]   进口电量:     0.00 kWh
[19:03:08]   出口电量:  1989.14 kWh
[19:03:08]   净交易量: -1989.14 kWh
[19:03:08]   平均出清价:   5.50 cents/kWh
[19:03:08]   市场独立度:  44.75%
[19:03:08] 
Buffer大小:  4992
[19:03:08] 噪声水平: 0.0812
[19:03:08] 
动作统计:
[19:03:08]   wind      : mean=-0.103, std= 0.305
[19:03:08]   solar     : mean= 0.247, std= 0.457
[19:03:08]   diesel    : mean= 0.761, std= 0.238
[19:03:08]   battery   : mean= 0.403, std= 0.427
[19:03:08]   customer  : mean= 0.808, std= 0.270
[19:03:09] 
======================================================================
[19:03:09] Episode 199/200
[19:03:09] ======================================================================
[19:03:09] 总奖励:  -163.39 | 步数: 24
[19:03:09] 最近10个episodes平均:  -170.18
[19:03:09] 
各Agent奖励:
[19:03:09]   wind      :   20.597
[19:03:09]   solar     :    6.187
[19:03:09]   diesel    :    1.704
[19:03:09]   battery   :   -1.263
[19:03:09]   customer  : -190.612
[19:03:09] 
🔌 Main Grid 交易:
[19:03:09]   进口电量:     0.00 kWh
[19:03:09]   出口电量:  1862.72 kWh
[19:03:09]   净交易量: -1862.72 kWh
[19:03:09]   平均出清价:   7.65 cents/kWh
[19:03:09]   市场独立度:  48.26%
[19:03:09] 
Buffer大小:  5016
[19:03:09] 噪声水平: 0.0811
[19:03:09] 
动作统计:
[19:03:09]   wind      : mean=-0.119, std= 0.299
[19:03:09]   solar     : mean= 0.231, std= 0.441
[19:03:09]   diesel    : mean= 0.737, std= 0.250
[19:03:09]   battery   : mean= 0.367, std= 0.425
[19:03:09]   customer  : mean= 0.787, std= 0.283
[19:03:10] 
======================================================================
[19:03:10] Episode 200/200
[19:03:10] ======================================================================
[19:03:10] 总奖励:  -163.53 | 步数: 24
[19:03:10] 最近10个episodes平均:  -171.42
[19:03:10] 
各Agent奖励:
[19:03:10]   wind      :   12.770
[19:03:10]   solar     :    6.889
[19:03:10]   diesel    :    1.308
[19:03:10]   battery   :   -7.816
[19:03:10]   customer  : -176.683
[19:03:10] 
🔌 Main Grid 交易:
[19:03:10]   进口电量:     0.00 kWh
[19:03:10]   出口电量:  2049.44 kWh
[19:03:10]   净交易量: -2049.44 kWh
[19:03:10]   平均出清价:   3.84 cents/kWh
[19:03:10]   市场独立度:  43.07%
[19:03:10] 
Buffer大小:  5040
[19:03:10] 噪声水平: 0.0810
[19:03:10] 
动作统计:
[19:03:10]   wind      : mean=-0.110, std= 0.278
[19:03:10]   solar     : mean= 0.209, std= 0.442
[19:03:10]   diesel    : mean= 0.771, std= 0.231
[19:03:10]   battery   : mean= 0.352, std= 0.449
[19:03:10]   customer  : mean= 0.826, std= 0.197
[19:03:10] 
📊 生成可视化图表...
[19:03:10]   ✓ debug_plots/training_ep0200.png
[19:03:10] 💾 保存checkpoint: debug_checkpoints/debug_maddpg_20251203_190001_ep0200.pt
[19:03:10] 
======================================================================
[19:03:10] 🎉 训练完成！
[19:03:10] ======================================================================
[19:03:10] 
💾 统计数据已保存: debug_logs/debug_maddpg_20251203_190001_stats.json
[19:03:11] 📊 Main Grid分析: debug_plots/grid_analysis_final.png
[19:03:11] 💾 保存checkpoint: debug_checkpoints/debug_maddpg_20251203_190001_final.pt
