[17:41:16] 
======================================================================
[17:41:16] 🚀 开始调试训练
[17:41:16] ======================================================================
[17:41:16] 
🔥 预热阶段 (5 episodes)
[17:41:16]   预热 1/5
[17:41:16]   预热 2/5
[17:41:16]   预热 3/5
[17:41:16]   预热 4/5
[17:41:16]   预热 5/5
[17:41:16] 
🏋️  训练阶段
[17:41:16] ======================================================================
[17:41:16] 
======================================================================
[17:41:16] Episode 1/200
[17:41:16] ======================================================================
[17:41:16] 总奖励:   -26.65 | 步数: 24
[17:41:16] 最近10个episodes平均:   -26.65
[17:41:16] 
各Agent奖励:
[17:41:16]   wind      :  112.371
[17:41:16]   solar     :   20.147
[17:41:16]   diesel    :    1.288
[17:41:16]   battery   :    1.200
[17:41:16]   customer  : -161.660
[17:41:16] 
🔌 Main Grid 交易:
[17:41:16]   进口电量:   618.14 kWh
[17:41:16]   出口电量:   472.39 kWh
[17:41:16]   净交易量:   145.75 kWh
[17:41:16]   平均出清价:   9.75 cents/kWh
[17:41:16]   市场独立度:  69.71%
[17:41:16] 
Buffer大小:   144
[17:41:16] 噪声水平: 0.0994
[17:41:16] 
动作统计:
[17:41:16]   wind      : mean=-0.153, std= 0.102
[17:41:16]   solar     : mean=-0.006, std= 0.081
[17:41:16]   diesel    : mean= 0.039, std= 0.120
[17:41:16]   battery   : mean= 0.046, std= 0.085
[17:41:16]   customer  : mean=-0.021, std= 0.117
[17:41:16] 
======================================================================
[17:41:16] Episode 2/200
[17:41:16] ======================================================================
[17:41:16] 总奖励:     6.58 | 步数: 24
[17:41:16] 最近10个episodes平均:   -10.04
[17:41:16] 
各Agent奖励:
[17:41:16]   wind      :  137.462
[17:41:16]   solar     :   27.669
[17:41:16]   diesel    :    4.153
[17:41:16]   battery   :   -4.478
[17:41:16]   customer  : -158.229
[17:41:16] 
🔌 Main Grid 交易:
[17:41:16]   进口电量:   455.77 kWh
[17:41:16]   出口电量:   528.57 kWh
[17:41:16]   净交易量:   -72.80 kWh
[17:41:16]   平均出清价:  10.06 cents/kWh
[17:41:16]   市场独立度:  72.66%
[17:41:16] 
Buffer大小:   168
[17:41:16] 噪声水平: 0.0993
[17:41:16] 
动作统计:
[17:41:16]   wind      : mean=-0.104, std= 0.085
[17:41:16]   solar     : mean=-0.006, std= 0.109
[17:41:16]   diesel    : mean= 0.014, std= 0.108
[17:41:16]   battery   : mean= 0.045, std= 0.106
[17:41:16]   customer  : mean=-0.050, std= 0.121
[17:41:16] 
======================================================================
[17:41:16] Episode 3/200
[17:41:16] ======================================================================
[17:41:16] 总奖励:    -4.46 | 步数: 24
[17:41:16] 最近10个episodes平均:    -8.18
[17:41:16] 
各Agent奖励:
[17:41:16]   wind      :  122.759
[17:41:16]   solar     :   10.685
[17:41:16]   diesel    :    2.371
[17:41:16]   battery   :    0.908
[17:41:16]   customer  : -141.182
[17:41:16] 
🔌 Main Grid 交易:
[17:41:16]   进口电量:   488.30 kWh
[17:41:16]   出口电量:   551.67 kWh
[17:41:16]   净交易量:   -63.38 kWh
[17:41:16]   平均出清价:   9.22 cents/kWh
[17:41:16]   市场独立度:  71.11%
[17:41:16] 
Buffer大小:   192
[17:41:16] 噪声水平: 0.0992
[17:41:16] 
动作统计:
[17:41:16]   wind      : mean=-0.109, std= 0.095
[17:41:16]   solar     : mean=-0.010, std= 0.087
[17:41:16]   diesel    : mean= 0.028, std= 0.091
[17:41:16]   battery   : mean= 0.033, std= 0.088
[17:41:16]   customer  : mean=-0.080, std= 0.096
[17:41:17] 
======================================================================
[17:41:17] Episode 4/200
[17:41:17] ======================================================================
[17:41:17] 总奖励:    -5.59 | 步数: 24
[17:41:17] 最近10个episodes平均:    -7.53
[17:41:17] 
各Agent奖励:
[17:41:17]   wind      :  117.842
[17:41:17]   solar     :   47.700
[17:41:17]   diesel    :    7.971
[17:41:17]   battery   :    0.184
[17:41:17]   customer  : -179.290
[17:41:17] 
🔌 Main Grid 交易:
[17:41:17]   进口电量:   534.18 kWh
[17:41:17]   出口电量:   428.79 kWh
[17:41:17]   净交易量:   105.38 kWh
[17:41:17]   平均出清价:  11.15 cents/kWh
[17:41:17]   市场独立度:  73.25%
[17:41:17] 
Buffer大小:   216
[17:41:17] 噪声水平: 0.0991
[17:41:17] 
动作统计:
[17:41:17]   wind      : mean=-0.118, std= 0.096
[17:41:17]   solar     : mean=-0.007, std= 0.083
[17:41:17]   diesel    : mean= 0.083, std= 0.102
[17:41:17]   battery   : mean= 0.045, std= 0.109
[17:41:17]   customer  : mean=-0.112, std= 0.115
[17:41:17] 
======================================================================
[17:41:17] Episode 5/200
[17:41:17] ======================================================================
[17:41:17] 总奖励:    31.00 | 步数: 24
[17:41:17] 最近10个episodes平均:     0.17
[17:41:17] 
各Agent奖励:
[17:41:17]   wind      :  120.211
[17:41:17]   solar     :   22.475
[17:41:17]   diesel    :    5.583
[17:41:17]   battery   :    0.838
[17:41:17]   customer  : -118.108
[17:41:17] 
🔌 Main Grid 交易:
[17:41:17]   进口电量:   312.06 kWh
[17:41:17]   出口电量:   726.96 kWh
[17:41:17]   净交易量:  -414.91 kWh
[17:41:17]   平均出清价:   6.76 cents/kWh
[17:41:17]   市场独立度:  71.14%
[17:41:17] 
Buffer大小:   240
[17:41:17] 噪声水平: 0.0990
[17:41:17] 
动作统计:
[17:41:17]   wind      : mean=-0.164, std= 0.105
[17:41:17]   solar     : mean=-0.088, std= 0.080
[17:41:17]   diesel    : mean= 0.163, std= 0.091
[17:41:17]   battery   : mean= 0.055, std= 0.152
[17:41:17]   customer  : mean=-0.193, std= 0.096
[17:41:17] 
======================================================================
[17:41:17] Episode 6/200
[17:41:17] ======================================================================
[17:41:17] 总奖励:    -1.11 | 步数: 24
[17:41:17] 最近10个episodes平均:    -0.04
[17:41:17] 
各Agent奖励:
[17:41:17]   wind      :   94.442
[17:41:17]   solar     :   19.053
[17:41:17]   diesel    :    8.361
[17:41:17]   battery   :    1.221
[17:41:17]   customer  : -124.191
[17:41:17] 
🔌 Main Grid 交易:
[17:41:17]   进口电量:   361.57 kWh
[17:41:17]   出口电量:   779.04 kWh
[17:41:17]   净交易量:  -417.47 kWh
[17:41:17]   平均出清价:   7.16 cents/kWh
[17:41:17]   市场独立度:  68.32%
[17:41:17] 
Buffer大小:   264
[17:41:17] 噪声水平: 0.0989
[17:41:17] 
动作统计:
[17:41:17]   wind      : mean=-0.146, std= 0.099
[17:41:17]   solar     : mean=-0.212, std= 0.090
[17:41:17]   diesel    : mean= 0.257, std= 0.106
[17:41:17]   battery   : mean= 0.159, std= 0.161
[17:41:17]   customer  : mean=-0.312, std= 0.093
[17:41:17] 
======================================================================
[17:41:17] Episode 7/200
[17:41:17] ======================================================================
[17:41:17] 总奖励:     9.92 | 步数: 24
[17:41:17] 最近10个episodes平均:     1.38
[17:41:17] 
各Agent奖励:
[17:41:17]   wind      :  108.884
[17:41:17]   solar     :   38.199
[17:41:17]   diesel    :   17.653
[17:41:17]   battery   :    1.034
[17:41:17]   customer  : -155.847
[17:41:17] 
🔌 Main Grid 交易:
[17:41:17]   进口电量:   251.89 kWh
[17:41:17]   出口电量:   997.98 kWh
[17:41:17]   净交易量:  -746.09 kWh
[17:41:17]   平均出清价:  10.02 cents/kWh
[17:41:17]   市场独立度:  65.28%
[17:41:17] 
Buffer大小:   288
[17:41:17] 噪声水平: 0.0988
[17:41:17] 
动作统计:
[17:41:17]   wind      : mean=-0.098, std= 0.088
[17:41:17]   solar     : mean=-0.387, std= 0.081
[17:41:17]   diesel    : mean= 0.421, std= 0.150
[17:41:17]   battery   : mean= 0.259, std= 0.199
[17:41:17]   customer  : mean=-0.463, std= 0.090
[17:41:17] 
======================================================================
[17:41:17] Episode 8/200
[17:41:17] ======================================================================
[17:41:17] 总奖励:    25.34 | 步数: 24
[17:41:17] 最近10个episodes平均:     4.38
[17:41:17] 
各Agent奖励:
[17:41:17]   wind      :  134.867
[17:41:17]   solar     :   50.766
[17:41:17]   diesel    :   11.757
[17:41:17]   battery   :    1.796
[17:41:17]   customer  : -173.851
[17:41:17] 
🔌 Main Grid 交易:
[17:41:17]   进口电量:   170.88 kWh
[17:41:17]   出口电量:  1203.37 kWh
[17:41:17]   净交易量: -1032.49 kWh
[17:41:17]   平均出清价:  12.71 cents/kWh
[17:41:17]   市场独立度:  61.83%
[17:41:17] 
Buffer大小:   312
[17:41:17] 噪声水平: 0.0987
[17:41:17] 
动作统计:
[17:41:17]   wind      : mean= 0.018, std= 0.087
[17:41:17]   solar     : mean=-0.564, std= 0.120
[17:41:17]   diesel    : mean= 0.550, std= 0.127
[17:41:17]   battery   : mean= 0.373, std= 0.239
[17:41:17]   customer  : mean=-0.597, std= 0.117
[17:41:17] 
======================================================================
[17:41:17] Episode 9/200
[17:41:17] ======================================================================
[17:41:17] 总奖励:    59.86 | 步数: 24
[17:41:17] 最近10个episodes平均:    10.54
[17:41:17] 
各Agent奖励:
[17:41:17]   wind      :  200.601
[17:41:17]   solar     :   70.270
[17:41:17]   diesel    :    0.171
[17:41:17]   battery   :    0.000
[17:41:17]   customer  : -211.180
[17:41:17] 
🔌 Main Grid 交易:
[17:41:17]   进口电量:    36.55 kWh
[17:41:17]   出口电量:  1472.28 kWh
[17:41:17]   净交易量: -1435.73 kWh
[17:41:17]   平均出清价:  16.64 cents/kWh
[17:41:17]   市场独立度:  58.09%
[17:41:17] 
Buffer大小:   336
[17:41:17] 噪声水平: 0.0986
[17:41:17] 
动作统计:
[17:41:17]   wind      : mean= 0.187, std= 0.088
[17:41:17]   solar     : mean=-0.716, std= 0.092
[17:41:17]   diesel    : mean= 0.692, std= 0.148
[17:41:17]   battery   : mean= 0.452, std= 0.247
[17:41:17]   customer  : mean=-0.709, std= 0.100
[17:41:17] 
======================================================================
[17:41:17] Episode 10/200
[17:41:17] ======================================================================
[17:41:17] 总奖励:   -19.66 | 步数: 24
[17:41:17] 最近10个episodes平均:     7.52
[17:41:17] 
各Agent奖励:
[17:41:17]   wind      :  152.963
[17:41:17]   solar     :   73.391
[17:41:17]   diesel    :    6.739
[17:41:17]   battery   :    0.000
[17:41:17]   customer  : -252.748
[17:41:17] 
🔌 Main Grid 交易:
[17:41:17]   进口电量:    71.44 kWh
[17:41:17]   出口电量:  1416.95 kWh
[17:41:17]   净交易量: -1345.51 kWh
[17:41:17]   平均出清价:  18.13 cents/kWh
[17:41:17]   市场独立度:  58.66%
[17:41:17] 
Buffer大小:   360
[17:41:17] 噪声水平: 0.0985
[17:41:17] 
动作统计:
[17:41:17]   wind      : mean= 0.301, std= 0.116
[17:41:17]   solar     : mean=-0.786, std= 0.110
[17:41:17]   diesel    : mean= 0.733, std= 0.162
[17:41:17]   battery   : mean= 0.551, std= 0.266
[17:41:17]   customer  : mean=-0.764, std= 0.101
[17:41:17] 
📊 生成可视化图表...
[17:41:18]   ✓ debug_plots/training_ep0010.png
[17:41:18] 
======================================================================
[17:41:18] Episode 11/200
[17:41:18] ======================================================================
[17:41:18] 总奖励:  -106.79 | 步数: 24
[17:41:18] 最近10个episodes平均:    -0.49
[17:41:18] 
各Agent奖励:
[17:41:18]   wind      :   89.566
[17:41:18]   solar     :   84.283
[17:41:18]   diesel    :    4.492
[17:41:18]   battery   :    0.000
[17:41:18]   customer  : -285.126
[17:41:18] 
🔌 Main Grid 交易:
[17:41:18]   进口电量:    49.06 kWh
[17:41:18]   出口电量:  1505.22 kWh
[17:41:18]   净交易量: -1456.16 kWh
[17:41:18]   平均出清价:  20.34 cents/kWh
[17:41:18]   市场独立度:  56.83%
[17:41:18] 
Buffer大小:   384
[17:41:18] 噪声水平: 0.0984
[17:41:18] 
动作统计:
[17:41:18]   wind      : mean= 0.465, std= 0.094
[17:41:18]   solar     : mean=-0.880, std= 0.090
[17:41:18]   diesel    : mean= 0.736, std= 0.188
[17:41:18]   battery   : mean= 0.652, std= 0.234
[17:41:18]   customer  : mean=-0.741, std= 0.099
[17:41:18] 
======================================================================
[17:41:18] Episode 12/200
[17:41:18] ======================================================================
[17:41:18] 总奖励:  -168.03 | 步数: 24
[17:41:18] 最近10个episodes平均:   -17.95
[17:41:18] 
各Agent奖励:
[17:41:18]   wind      :    0.000
[17:41:18]   solar     :   86.061
[17:41:18]   diesel    :   65.018
[17:41:18]   battery   :    0.000
[17:41:18]   customer  : -319.110
[17:41:18] 
🔌 Main Grid 交易:
[17:41:18]   进口电量:    34.69 kWh
[17:41:18]   出口电量:  1370.17 kWh
[17:41:18]   净交易量: -1335.48 kWh
[17:41:18]   平均出清价:  19.87 cents/kWh
[17:41:18]   市场独立度:  60.98%
[17:41:18] 
Buffer大小:   408
[17:41:18] 噪声水平: 0.0983
[17:41:18] 
动作统计:
[17:41:18]   wind      : mean= 0.612, std= 0.093
[17:41:18]   solar     : mean=-0.907, std= 0.088
[17:41:18]   diesel    : mean= 0.683, std= 0.255
[17:41:18]   battery   : mean= 0.648, std= 0.238
[17:41:18]   customer  : mean=-0.667, std= 0.109
[17:41:18] 
======================================================================
[17:41:18] Episode 13/200
[17:41:18] ======================================================================
[17:41:18] 总奖励:  -155.57 | 步数: 24
[17:41:18] 最近10个episodes平均:   -33.06
[17:41:18] 
各Agent奖励:
[17:41:18]   wind      :    0.000
[17:41:18]   solar     :   65.119
[17:41:18]   diesel    :   73.648
[17:41:18]   battery   :    0.000
[17:41:18]   customer  : -294.334
[17:41:18] 
🔌 Main Grid 交易:
[17:41:18]   进口电量:    50.31 kWh
[17:41:18]   出口电量:  1600.60 kWh
[17:41:18]   净交易量: -1550.29 kWh
[17:41:18]   平均出清价:  15.76 cents/kWh
[17:41:18]   市场独立度:  54.14%
[17:41:18] 
Buffer大小:   432
[17:41:18] 噪声水平: 0.0982
[17:41:18] 
动作统计:
[17:41:18]   wind      : mean= 0.708, std= 0.116
[17:41:18]   solar     : mean=-0.918, std= 0.079
[17:41:18]   diesel    : mean= 0.579, std= 0.385
[17:41:18]   battery   : mean= 0.722, std= 0.223
[17:41:18]   customer  : mean=-0.529, std= 0.100
[17:41:18] 
======================================================================
[17:41:18] Episode 14/200
[17:41:18] ======================================================================
[17:41:18] 总奖励:  -160.86 | 步数: 24
[17:41:18] 最近10个episodes平均:   -48.59
[17:41:18] 
各Agent奖励:
[17:41:18]   wind      :    0.000
[17:41:18]   solar     :   29.178
[17:41:18]   diesel    :   -6.887
[17:41:18]   battery   :    0.000
[17:41:18]   customer  : -183.153
[17:41:18] 
🔌 Main Grid 交易:
[17:41:18]   进口电量:    61.96 kWh
[17:41:18]   出口电量:  1924.32 kWh
[17:41:18]   净交易量: -1862.36 kWh
[17:41:18]   平均出清价:   8.41 cents/kWh
[17:41:18]   市场独立度:  44.83%
[17:41:18] 
Buffer大小:   456
[17:41:18] 噪声水平: 0.0981
[17:41:18] 
动作统计:
[17:41:18]   wind      : mean= 0.777, std= 0.129
[17:41:18]   solar     : mean=-0.929, std= 0.086
[17:41:18]   diesel    : mean= 0.455, std= 0.524
[17:41:18]   battery   : mean= 0.763, std= 0.183
[17:41:18]   customer  : mean=-0.349, std= 0.120
[17:41:19] 
======================================================================
[17:41:19] Episode 15/200
[17:41:19] ======================================================================
[17:41:19] 总奖励:  -174.01 | 步数: 24
[17:41:19] 最近10个episodes平均:   -69.09
[17:41:19] 
各Agent奖励:
[17:41:19]   wind      :    0.000
[17:41:19]   solar     :    6.699
[17:41:19]   diesel    :  -34.581
[17:41:19]   battery   :    0.000
[17:41:19]   customer  : -146.125
[17:41:19] 
🔌 Main Grid 交易:
[17:41:19]   进口电量:    53.81 kWh
[17:41:19]   出口电量:  1799.67 kWh
[17:41:19]   净交易量: -1745.86 kWh
[17:41:19]   平均出清价:   3.36 cents/kWh
[17:41:19]   市场独立度:  48.51%
[17:41:19] 
Buffer大小:   480
[17:41:19] 噪声水平: 0.0980
[17:41:19] 
动作统计:
[17:41:19]   wind      : mean= 0.881, std= 0.092
[17:41:19]   solar     : mean=-0.947, std= 0.062
[17:41:19]   diesel    : mean= 0.253, std= 0.713
[17:41:19]   battery   : mean= 0.785, std= 0.179
[17:41:19]   customer  : mean=-0.115, std= 0.090
[17:41:19] 
======================================================================
[17:41:19] Episode 16/200
[17:41:19] ======================================================================
[17:41:19] 总奖励:  -188.99 | 步数: 24
[17:41:19] 最近10个episodes平均:   -87.88
[17:41:19] 
各Agent奖励:
[17:41:19]   wind      :    0.000
[17:41:19]   solar     :  -50.417
[17:41:19]   diesel    : -188.252
[17:41:19]   battery   :    0.000
[17:41:19]   customer  :   49.682
[17:41:19] 
🔌 Main Grid 交易:
[17:41:19]   进口电量:    55.70 kWh
[17:41:19]   出口电量:  1667.39 kWh
[17:41:19]   净交易量: -1611.69 kWh
[17:41:19]   平均出清价:  -9.84 cents/kWh
[17:41:19]   市场独立度:  52.14%
[17:41:19] 
Buffer大小:   504
[17:41:19] 噪声水平: 0.0979
[17:41:19] 
动作统计:
[17:41:19]   wind      : mean= 0.864, std= 0.077
[17:41:19]   solar     : mean=-0.913, std= 0.090
[17:41:19]   diesel    : mean= 0.155, std= 0.821
[17:41:19]   battery   : mean= 0.782, std= 0.184
[17:41:19]   customer  : mean= 0.136, std= 0.083
[17:41:19] 
======================================================================
[17:41:19] Episode 17/200
[17:41:19] ======================================================================
[17:41:19] 总奖励:  -197.75 | 步数: 24
[17:41:19] 最近10个episodes平均:  -108.64
[17:41:19] 
各Agent奖励:
[17:41:19]   wind      :    0.000
[17:41:19]   solar     :  -72.278
[17:41:19]   diesel    : -298.003
[17:41:19]   battery   :    0.000
[17:41:19]   customer  :  172.533
[17:41:19] 
🔌 Main Grid 交易:
[17:41:19]   进口电量:     0.00 kWh
[17:41:19]   出口电量:  2547.91 kWh
[17:41:19]   净交易量: -2547.91 kWh
[17:41:19]   平均出清价: -22.26 cents/kWh
[17:41:19]   市场独立度:  29.22%
[17:41:19] 
Buffer大小:   528
[17:41:19] 噪声水平: 0.0978
[17:41:19] 
动作统计:
[17:41:19]   wind      : mean= 0.912, std= 0.072
[17:41:19]   solar     : mean=-0.934, std= 0.088
[17:41:19]   diesel    : mean= 0.104, std= 0.868
[17:41:19]   battery   : mean= 0.757, std= 0.190
[17:41:19]   customer  : mean= 0.321, std= 0.084
[17:41:19] 
======================================================================
[17:41:19] Episode 18/200
[17:41:19] ======================================================================
[17:41:19] 总奖励:  -202.82 | 步数: 24
[17:41:19] 最近10个episodes平均:  -131.46
[17:41:19] 
各Agent奖励:
[17:41:19]   wind      :    0.000
[17:41:19]   solar     :  -77.560
[17:41:19]   diesel    : -211.660
[17:41:19]   battery   :    0.000
[17:41:19]   customer  :   86.400
[17:41:19] 
🔌 Main Grid 交易:
[17:41:19]   进口电量:     0.00 kWh
[17:41:19]   出口电量:  2713.12 kWh
[17:41:19]   净交易量: -2713.12 kWh
[17:41:19]   平均出清价: -26.67 cents/kWh
[17:41:19]   市场独立度:  24.64%
[17:41:19] 
Buffer大小:   552
[17:41:19] 噪声水平: 0.0977
[17:41:19] 
动作统计:
[17:41:19]   wind      : mean= 0.911, std= 0.083
[17:41:19]   solar     : mean=-0.971, std= 0.040
[17:41:19]   diesel    : mean= 0.109, std= 0.847
[17:41:19]   battery   : mean= 0.737, std= 0.220
[17:41:19]   customer  : mean= 0.538, std= 0.084
[17:41:19] 
======================================================================
[17:41:19] Episode 19/200
[17:41:19] ======================================================================
[17:41:19] 总奖励:  -197.10 | 步数: 24
[17:41:19] 最近10个episodes平均:  -157.16
[17:41:19] 
各Agent奖励:
[17:41:19]   wind      :    0.000
[17:41:19]   solar     :  -54.267
[17:41:19]   diesel    : -100.674
[17:41:19]   battery   :    0.000
[17:41:19]   customer  :  -42.154
[17:41:19] 
🔌 Main Grid 交易:
[17:41:19]   进口电量:     0.00 kWh
[17:41:19]   出口电量:  2973.78 kWh
[17:41:19]   净交易量: -2973.78 kWh
[17:41:19]   平均出清价: -21.86 cents/kWh
[17:41:19]   市场独立度:  17.39%
[17:41:19] 
Buffer大小:   576
[17:41:19] 噪声水平: 0.0976
[17:41:19] 
动作统计:
[17:41:19]   wind      : mean= 0.927, std= 0.069
[17:41:19]   solar     : mean=-0.972, std= 0.040
[17:41:19]   diesel    : mean= 0.244, std= 0.731
[17:41:19]   battery   : mean= 0.696, std= 0.268
[17:41:19]   customer  : mean= 0.696, std= 0.090
[17:41:20] 
======================================================================
[17:41:20] Episode 20/200
[17:41:20] ======================================================================
[17:41:20] 总奖励:  -195.60 | 步数: 24
[17:41:20] 最近10个episodes平均:  -174.75
[17:41:20] 
各Agent奖励:
[17:41:20]   wind      :    0.000
[17:41:20]   solar     :  -26.922
[17:41:20]   diesel    :  -24.380
[17:41:20]   battery   :    0.000
[17:41:20]   customer  : -144.302
[17:41:20] 
🔌 Main Grid 交易:
[17:41:20]   进口电量:     0.00 kWh
[17:41:20]   出口电量:  3347.47 kWh
[17:41:20]   净交易量: -3347.47 kWh
[17:41:20]   平均出清价: -11.55 cents/kWh
[17:41:20]   市场独立度:   7.01%
[17:41:20] 
Buffer大小:   600
[17:41:20] 噪声水平: 0.0975
[17:41:20] 
动作统计:
[17:41:20]   wind      : mean= 0.928, std= 0.082
[17:41:20]   solar     : mean=-0.937, std= 0.071
[17:41:20]   diesel    : mean= 0.406, std= 0.566
[17:41:20]   battery   : mean= 0.666, std= 0.303
[17:41:20]   customer  : mean= 0.842, std= 0.088
[17:41:20] 
📊 生成可视化图表...
[17:41:20]   ✓ debug_plots/training_ep0020.png
[17:41:20] 
======================================================================
[17:41:20] Episode 21/200
[17:41:20] ======================================================================
[17:41:20] 总奖励:  -192.31 | 步数: 24
[17:41:20] 最近10个episodes平均:  -183.30
[17:41:20] 
各Agent奖励:
[17:41:20]   wind      :    0.000
[17:41:20]   solar     :  -17.280
[17:41:20]   diesel    :   -5.011
[17:41:20]   battery   :    0.000
[17:41:20]   customer  : -170.021
[17:41:20] 
🔌 Main Grid 交易:
[17:41:20]   进口电量:     0.00 kWh
[17:41:20]   出口电量:  3364.16 kWh
[17:41:20]   净交易量: -3364.16 kWh
[17:41:20]   平均出清价:  -7.12 cents/kWh
[17:41:20]   市场独立度:   6.55%
[17:41:20] 
Buffer大小:   624
[17:41:20] 噪声水平: 0.0974
[17:41:20] 
动作统计:
[17:41:20]   wind      : mean= 0.912, std= 0.087
[17:41:20]   solar     : mean=-0.954, std= 0.047
[17:41:20]   diesel    : mean= 0.529, std= 0.440
[17:41:20]   battery   : mean= 0.669, std= 0.293
[17:41:20]   customer  : mean= 0.852, std= 0.082
[17:41:20] 
======================================================================
[17:41:20] Episode 22/200
[17:41:20] ======================================================================
[17:41:20] 总奖励:  -187.24 | 步数: 24
[17:41:20] 最近10个episodes平均:  -185.22
[17:41:20] 
各Agent奖励:
[17:41:20]   wind      :    0.000
[17:41:20]   solar     :  -10.705
[17:41:20]   diesel    :    1.372
[17:41:20]   battery   :   -0.190
[17:41:20]   customer  : -177.721
[17:41:20] 
🔌 Main Grid 交易:
[17:41:20]   进口电量:     0.00 kWh
[17:41:20]   出口电量:  3635.37 kWh
[17:41:20]   净交易量: -3635.37 kWh
[17:41:20]   平均出清价:   0.06 cents/kWh
[17:41:20]   市场独立度:  -0.98%
[17:41:20] 
Buffer大小:   648
[17:41:20] 噪声水平: 0.0973
[17:41:20] 
动作统计:
[17:41:20]   wind      : mean= 0.950, std= 0.060
[17:41:20]   solar     : mean=-0.948, std= 0.064
[17:41:20]   diesel    : mean= 0.633, std= 0.331
[17:41:20]   battery   : mean= 0.643, std= 0.336
[17:41:20]   customer  : mean= 0.903, std= 0.092
[17:41:20] 
======================================================================
[17:41:20] Episode 23/200
[17:41:20] ======================================================================
[17:41:20] 总奖励:  -195.70 | 步数: 24
[17:41:20] 最近10个episodes平均:  -189.24
[17:41:20] 
各Agent奖励:
[17:41:20]   wind      :    0.000
[17:41:20]   solar     :  -11.853
[17:41:20]   diesel    :    0.796
[17:41:20]   battery   :   -0.414
[17:41:20]   customer  : -184.226
[17:41:20] 
🔌 Main Grid 交易:
[17:41:20]   进口电量:     0.00 kWh
[17:41:20]   出口电量:  3499.11 kWh
[17:41:20]   净交易量: -3499.11 kWh
[17:41:20]   平均出清价:   1.49 cents/kWh
[17:41:20]   市场独立度:   2.80%
[17:41:20] 
Buffer大小:   672
[17:41:20] 噪声水平: 0.0972
[17:41:20] 
动作统计:
[17:41:20]   wind      : mean= 0.918, std= 0.073
[17:41:20]   solar     : mean=-0.951, std= 0.060
[17:41:20]   diesel    : mean= 0.675, std= 0.291
[17:41:20]   battery   : mean= 0.632, std= 0.360
[17:41:20]   customer  : mean= 0.932, std= 0.071
[17:41:20] 
======================================================================
[17:41:20] Episode 24/200
[17:41:20] ======================================================================
[17:41:20] 总奖励:  -191.90 | 步数: 24
[17:41:20] 最近10个episodes平均:  -192.34
[17:41:20] 
各Agent奖励:
[17:41:20]   wind      :    0.000
[17:41:20]   solar     :   -6.441
[17:41:20]   diesel    :    0.000
[17:41:20]   battery   :    0.000
[17:41:20]   customer  : -185.455
[17:41:20] 
🔌 Main Grid 交易:
[17:41:20]   进口电量:     0.00 kWh
[17:41:20]   出口电量:  3324.36 kWh
[17:41:20]   净交易量: -3324.36 kWh
[17:41:20]   平均出清价:  -2.29 cents/kWh
[17:41:20]   市场独立度:   7.66%
[17:41:20] 
Buffer大小:   696
[17:41:20] 噪声水平: 0.0971
[17:41:20] 
动作统计:
[17:41:20]   wind      : mean= 0.928, std= 0.072
[17:41:20]   solar     : mean=-0.961, std= 0.061
[17:41:20]   diesel    : mean= 0.759, std= 0.236
[17:41:20]   battery   : mean= 0.603, std= 0.357
[17:41:20]   customer  : mean= 0.958, std= 0.051
[17:41:21] 
======================================================================
[17:41:21] Episode 25/200
[17:41:21] ======================================================================
[17:41:21] 总奖励:  -199.46 | 步数: 24
[17:41:21] 最近10个episodes平均:  -194.89
[17:41:21] 
各Agent奖励:
[17:41:21]   wind      :    0.000
[17:41:21]   solar     :   -7.715
[17:41:21]   diesel    :    0.553
[17:41:21]   battery   :   -0.078
[17:41:21]   customer  : -192.222
[17:41:21] 
🔌 Main Grid 交易:
[17:41:21]   进口电量:     0.00 kWh
[17:41:21]   出口电量:  3690.90 kWh
[17:41:21]   净交易量: -3690.90 kWh
[17:41:21]   平均出清价:   1.94 cents/kWh
[17:41:21]   市场独立度:  -2.53%
[17:41:21] 
Buffer大小:   720
[17:41:21] 噪声水平: 0.0970
[17:41:21] 
动作统计:
[17:41:21]   wind      : mean= 0.944, std= 0.052
[17:41:21]   solar     : mean=-0.947, std= 0.063
[17:41:21]   diesel    : mean= 0.781, std= 0.201
[17:41:21]   battery   : mean= 0.591, std= 0.392
[17:41:21]   customer  : mean= 0.965, std= 0.037
[17:41:21] 
======================================================================
[17:41:21] Episode 26/200
[17:41:21] ======================================================================
[17:41:21] 总奖励:  -195.16 | 步数: 24
[17:41:21] 最近10个episodes平均:  -195.50
[17:41:21] 
各Agent奖励:
[17:41:21]   wind      :    0.000
[17:41:21]   solar     :   -5.181
[17:41:21]   diesel    :    0.000
[17:41:21]   battery   :   -1.094
[17:41:21]   customer  : -188.884
[17:41:21] 
🔌 Main Grid 交易:
[17:41:21]   进口电量:     0.00 kWh
[17:41:21]   出口电量:  3549.48 kWh
[17:41:21]   净交易量: -3549.48 kWh
[17:41:21]   平均出清价:   2.38 cents/kWh
[17:41:21]   市场独立度:   1.40%
[17:41:21] 
Buffer大小:   744
[17:41:21] 噪声水平: 0.0969
[17:41:21] 
动作统计:
[17:41:21]   wind      : mean= 0.925, std= 0.082
[17:41:21]   solar     : mean=-0.963, std= 0.052
[17:41:21]   diesel    : mean= 0.794, std= 0.207
[17:41:21]   battery   : mean= 0.562, std= 0.399
[17:41:21]   customer  : mean= 0.968, std= 0.061
[17:41:21] 
======================================================================
[17:41:21] Episode 27/200
[17:41:21] ======================================================================
[17:41:21] 总奖励:  -195.96 | 步数: 24
[17:41:21] 最近10个episodes平均:  -195.32
[17:41:21] 
各Agent奖励:
[17:41:21]   wind      :    0.000
[17:41:21]   solar     :   -8.678
[17:41:21]   diesel    :    0.000
[17:41:21]   battery   :    0.000
[17:41:21]   customer  : -187.283
[17:41:21] 
🔌 Main Grid 交易:
[17:41:21]   进口电量:     0.00 kWh
[17:41:21]   出口电量:  3368.00 kWh
[17:41:21]   净交易量: -3368.00 kWh
[17:41:21]   平均出清价:  -5.30 cents/kWh
[17:41:21]   市场独立度:   6.44%
[17:41:21] 
Buffer大小:   768
[17:41:21] 噪声水平: 0.0968
[17:41:21] 
动作统计:
[17:41:21]   wind      : mean= 0.903, std= 0.086
[17:41:21]   solar     : mean=-0.946, std= 0.076
[17:41:21]   diesel    : mean= 0.802, std= 0.184
[17:41:21]   battery   : mean= 0.553, std= 0.408
[17:41:21]   customer  : mean= 0.962, std= 0.046
[17:41:21] 
======================================================================
[17:41:21] Episode 28/200
[17:41:21] ======================================================================
[17:41:21] 总奖励:  -197.47 | 步数: 24
[17:41:21] 最近10个episodes平均:  -194.79
[17:41:21] 
各Agent奖励:
[17:41:21]   wind      :    0.000
[17:41:21]   solar     :   -9.582
[17:41:21]   diesel    :    0.000
[17:41:21]   battery   :   -1.283
[17:41:21]   customer  : -186.602
[17:41:21] 
🔌 Main Grid 交易:
[17:41:21]   进口电量:     0.00 kWh
[17:41:21]   出口电量:  3376.34 kWh
[17:41:21]   净交易量: -3376.34 kWh
[17:41:21]   平均出清价:  -2.16 cents/kWh
[17:41:21]   市场独立度:   6.21%
[17:41:21] 
Buffer大小:   792
[17:41:21] 噪声水平: 0.0968
[17:41:21] 
动作统计:
[17:41:21]   wind      : mean= 0.893, std= 0.064
[17:41:21]   solar     : mean=-0.974, std= 0.063
[17:41:21]   diesel    : mean= 0.815, std= 0.187
[17:41:21]   battery   : mean= 0.566, std= 0.421
[17:41:21]   customer  : mean= 0.958, std= 0.046
[17:41:21] 
======================================================================
[17:41:21] Episode 29/200
[17:41:21] ======================================================================
[17:41:21] 总奖励:  -189.60 | 步数: 24
[17:41:21] 最近10个episodes平均:  -194.04
[17:41:21] 
各Agent奖励:
[17:41:21]   wind      :    0.000
[17:41:21]   solar     :   -8.783
[17:41:21]   diesel    :    0.000
[17:41:21]   battery   :   -0.937
[17:41:21]   customer  : -179.878
[17:41:21] 
🔌 Main Grid 交易:
[17:41:21]   进口电量:     0.00 kWh
[17:41:21]   出口电量:  3651.77 kWh
[17:41:21]   净交易量: -3651.77 kWh
[17:41:21]   平均出清价:   1.11 cents/kWh
[17:41:21]   市场独立度:  -1.44%
[17:41:21] 
Buffer大小:   816
[17:41:21] 噪声水平: 0.0967
[17:41:21] 
动作统计:
[17:41:21]   wind      : mean= 0.889, std= 0.085
[17:41:21]   solar     : mean=-0.946, std= 0.061
[17:41:21]   diesel    : mean= 0.815, std= 0.215
[17:41:21]   battery   : mean= 0.530, std= 0.450
[17:41:21]   customer  : mean= 0.951, std= 0.058
[17:41:22] 
======================================================================
[17:41:22] Episode 30/200
[17:41:22] ======================================================================
[17:41:22] 总奖励:  -193.40 | 步数: 24
[17:41:22] 最近10个episodes平均:  -193.82
[17:41:22] 
各Agent奖励:
[17:41:22]   wind      :    0.000
[17:41:22]   solar     :   -3.309
[17:41:22]   diesel    :    0.000
[17:41:22]   battery   :   -0.192
[17:41:22]   customer  : -189.895
[17:41:22] 
🔌 Main Grid 交易:
[17:41:22]   进口电量:     0.00 kWh
[17:41:22]   出口电量:  3307.15 kWh
[17:41:22]   净交易量: -3307.15 kWh
[17:41:22]   平均出清价:   1.00 cents/kWh
[17:41:22]   市场独立度:   8.13%
[17:41:22] 
Buffer大小:   840
[17:41:22] 噪声水平: 0.0966
[17:41:22] 
动作统计:
[17:41:22]   wind      : mean= 0.876, std= 0.097
[17:41:22]   solar     : mean=-0.950, std= 0.056
[17:41:22]   diesel    : mean= 0.832, std= 0.209
[17:41:22]   battery   : mean= 0.513, std= 0.439
[17:41:22]   customer  : mean= 0.959, std= 0.056
[17:41:22] 
📊 生成可视化图表...
[17:41:22]   ✓ debug_plots/training_ep0030.png
[17:41:22] 
======================================================================
[17:41:22] Episode 31/200
[17:41:22] ======================================================================
[17:41:22] 总奖励:  -198.94 | 步数: 24
[17:41:22] 最近10个episodes平均:  -194.48
[17:41:22] 
各Agent奖励:
[17:41:22]   wind      :    0.000
[17:41:22]   solar     :  -19.111
[17:41:22]   diesel    :   -0.164
[17:41:22]   battery   :    0.000
[17:41:22]   customer  : -179.667
[17:41:22] 
🔌 Main Grid 交易:
[17:41:22]   进口电量:     0.00 kWh
[17:41:22]   出口电量:  3536.15 kWh
[17:41:22]   净交易量: -3536.15 kWh
[17:41:22]   平均出清价:  -1.40 cents/kWh
[17:41:22]   市场独立度:   1.77%
[17:41:22] 
Buffer大小:   864
[17:41:22] 噪声水平: 0.0965
[17:41:22] 
动作统计:
[17:41:22]   wind      : mean= 0.791, std= 0.119
[17:41:22]   solar     : mean=-0.967, std= 0.044
[17:41:22]   diesel    : mean= 0.852, std= 0.195
[17:41:22]   battery   : mean= 0.567, std= 0.418
[17:41:22]   customer  : mean= 0.948, std= 0.085
[17:41:22] 
======================================================================
[17:41:22] Episode 32/200
[17:41:22] ======================================================================
[17:41:22] 总奖励:  -197.92 | 步数: 24
[17:41:22] 最近10个episodes平均:  -195.55
[17:41:22] 
各Agent奖励:
[17:41:22]   wind      :    0.000
[17:41:22]   solar     :   -7.571
[17:41:22]   diesel    :    0.000
[17:41:22]   battery   :    0.000
[17:41:22]   customer  : -190.351
[17:41:22] 
🔌 Main Grid 交易:
[17:41:22]   进口电量:     0.00 kWh
[17:41:22]   出口电量:  3158.96 kWh
[17:41:22]   净交易量: -3158.96 kWh
[17:41:22]   平均出清价:   2.13 cents/kWh
[17:41:22]   市场独立度:  12.25%
[17:41:22] 
Buffer大小:   888
[17:41:22] 噪声水平: 0.0964
[17:41:22] 
动作统计:
[17:41:22]   wind      : mean= 0.716, std= 0.120
[17:41:22]   solar     : mean=-0.952, std= 0.050
[17:41:22]   diesel    : mean= 0.840, std= 0.210
[17:41:22]   battery   : mean= 0.529, std= 0.431
[17:41:22]   customer  : mean= 0.954, std= 0.068
[17:41:22] 
======================================================================
[17:41:22] Episode 33/200
[17:41:22] ======================================================================
[17:41:22] 总奖励:  -194.11 | 步数: 24
[17:41:22] 最近10个episodes平均:  -195.39
[17:41:22] 
各Agent奖励:
[17:41:22]   wind      :    0.000
[17:41:22]   solar     :   -5.050
[17:41:22]   diesel    :   -0.139
[17:41:22]   battery   :    0.000
[17:41:22]   customer  : -188.922
[17:41:22] 
🔌 Main Grid 交易:
[17:41:22]   进口电量:     0.00 kWh
[17:41:22]   出口电量:  3300.73 kWh
[17:41:22]   净交易量: -3300.73 kWh
[17:41:22]   平均出清价:   0.45 cents/kWh
[17:41:22]   市场独立度:   8.31%
[17:41:22] 
Buffer大小:   912
[17:41:22] 噪声水平: 0.0963
[17:41:22] 
动作统计:
[17:41:22]   wind      : mean= 0.617, std= 0.090
[17:41:22]   solar     : mean=-0.956, std= 0.052
[17:41:22]   diesel    : mean= 0.865, std= 0.190
[17:41:22]   battery   : mean= 0.552, std= 0.408
[17:41:22]   customer  : mean= 0.966, std= 0.056
[17:41:22] 
======================================================================
[17:41:22] Episode 34/200
[17:41:22] ======================================================================
[17:41:22] 总奖励:  -189.23 | 步数: 24
[17:41:22] 最近10个episodes平均:  -195.12
[17:41:22] 
各Agent奖励:
[17:41:22]   wind      :    1.253
[17:41:22]   solar     :   -4.511
[17:41:22]   diesel    :    0.000
[17:41:22]   battery   :    0.000
[17:41:22]   customer  : -185.974
[17:41:22] 
🔌 Main Grid 交易:
[17:41:22]   进口电量:     0.00 kWh
[17:41:22]   出口电量:  3205.89 kWh
[17:41:22]   净交易量: -3205.89 kWh
[17:41:22]   平均出清价:   5.40 cents/kWh
[17:41:22]   市场独立度:  10.95%
[17:41:22] 
Buffer大小:   936
[17:41:22] 噪声水平: 0.0962
[17:41:22] 
动作统计:
[17:41:22]   wind      : mean= 0.530, std= 0.124
[17:41:22]   solar     : mean=-0.959, std= 0.038
[17:41:22]   diesel    : mean= 0.854, std= 0.190
[17:41:22]   battery   : mean= 0.562, std= 0.424
[17:41:22]   customer  : mean= 0.959, std= 0.051
[17:41:23] 
======================================================================
[17:41:23] Episode 35/200
[17:41:23] ======================================================================
[17:41:23] 总奖励:  -193.18 | 步数: 24
[17:41:23] 最近10个episodes平均:  -194.50
[17:41:23] 
各Agent奖励:
[17:41:23]   wind      :    0.364
[17:41:23]   solar     :  -11.399
[17:41:23]   diesel    :   -0.184
[17:41:23]   battery   :    0.000
[17:41:23]   customer  : -181.960
[17:41:23] 
🔌 Main Grid 交易:
[17:41:23]   进口电量:     0.00 kWh
[17:41:23]   出口电量:  3211.91 kWh
[17:41:23]   净交易量: -3211.91 kWh
[17:41:23]   平均出清价:  -3.10 cents/kWh
[17:41:23]   市场独立度:  10.78%
[17:41:23] 
Buffer大小:   960
[17:41:23] 噪声水平: 0.0961
[17:41:23] 
动作统计:
[17:41:23]   wind      : mean= 0.485, std= 0.118
[17:41:23]   solar     : mean=-0.954, std= 0.068
[17:41:23]   diesel    : mean= 0.834, std= 0.180
[17:41:23]   battery   : mean= 0.560, std= 0.403
[17:41:23]   customer  : mean= 0.972, std= 0.042
[17:41:23] 
======================================================================
[17:41:23] Episode 36/200
[17:41:23] ======================================================================
[17:41:23] 总奖励:  -184.54 | 步数: 24
[17:41:23] 最近10个episodes平均:  -193.43
[17:41:23] 
各Agent奖励:
[17:41:23]   wind      :    6.541
[17:41:23]   solar     :   -8.508
[17:41:23]   diesel    :    0.000
[17:41:23]   battery   :    0.000
[17:41:23]   customer  : -182.569
[17:41:23] 
🔌 Main Grid 交易:
[17:41:23]   进口电量:     0.00 kWh
[17:41:23]   出口电量:  2834.59 kWh
[17:41:23]   净交易量: -2834.59 kWh
[17:41:23]   平均出清价:   1.77 cents/kWh
[17:41:23]   市场独立度:  21.26%
[17:41:23] 
Buffer大小:   984
[17:41:23] 噪声水平: 0.0960
[17:41:23] 
动作统计:
[17:41:23]   wind      : mean= 0.395, std= 0.116
[17:41:23]   solar     : mean=-0.951, std= 0.069
[17:41:23]   diesel    : mean= 0.781, std= 0.200
[17:41:23]   battery   : mean= 0.575, std= 0.402
[17:41:23]   customer  : mean= 0.940, std= 0.068
[17:41:23] 
======================================================================
[17:41:23] Episode 37/200
[17:41:23] ======================================================================
[17:41:23] 总奖励:  -190.38 | 步数: 24
[17:41:23] 最近10个episodes平均:  -192.88
[17:41:23] 
各Agent奖励:
[17:41:23]   wind      :    1.809
[17:41:23]   solar     :   -4.669
[17:41:23]   diesel    :   -2.009
[17:41:23]   battery   :    0.000
[17:41:23]   customer  : -185.512
[17:41:23] 
🔌 Main Grid 交易:
[17:41:23]   进口电量:     0.00 kWh
[17:41:23]   出口电量:  2741.70 kWh
[17:41:23]   净交易量: -2741.70 kWh
[17:41:23]   平均出清价:   1.93 cents/kWh
[17:41:23]   市场独立度:  23.84%
[17:41:23] 
Buffer大小:  1008
[17:41:23] 噪声水平: 0.0959
[17:41:23] 
动作统计:
[17:41:23]   wind      : mean= 0.365, std= 0.157
[17:41:23]   solar     : mean=-0.970, std= 0.054
[17:41:23]   diesel    : mean= 0.711, std= 0.272
[17:41:23]   battery   : mean= 0.562, std= 0.386
[17:41:23]   customer  : mean= 0.959, std= 0.056
[17:41:23] 
======================================================================
[17:41:23] Episode 38/200
[17:41:23] ======================================================================
[17:41:23] 总奖励:  -193.25 | 步数: 24
[17:41:23] 最近10个episodes平均:  -192.45
[17:41:23] 
各Agent奖励:
[17:41:23]   wind      :    2.121
[17:41:23]   solar     :  -18.104
[17:41:23]   diesel    :   -2.203
[17:41:23]   battery   :    0.000
[17:41:23]   customer  : -175.063
[17:41:23] 
🔌 Main Grid 交易:
[17:41:23]   进口电量:     0.00 kWh
[17:41:23]   出口电量:  2867.24 kWh
[17:41:23]   净交易量: -2867.24 kWh
[17:41:23]   平均出清价:  -6.72 cents/kWh
[17:41:23]   市场独立度:  20.35%
[17:41:23] 
Buffer大小:  1032
[17:41:23] 噪声水平: 0.0958
[17:41:23] 
动作统计:
[17:41:23]   wind      : mean= 0.304, std= 0.143
[17:41:23]   solar     : mean=-0.974, std= 0.043
[17:41:23]   diesel    : mean= 0.665, std= 0.315
[17:41:23]   battery   : mean= 0.551, std= 0.430
[17:41:23]   customer  : mean= 0.945, std= 0.078
[17:41:23] 
======================================================================
[17:41:23] Episode 39/200
[17:41:23] ======================================================================
[17:41:23] 总奖励:  -184.23 | 步数: 24
[17:41:23] 最近10个episodes平均:  -191.92
[17:41:23] 
各Agent奖励:
[17:41:23]   wind      :    2.996
[17:41:23]   solar     :   -5.626
[17:41:23]   diesel    :   -1.559
[17:41:23]   battery   :    0.000
[17:41:23]   customer  : -180.045
[17:41:23] 
🔌 Main Grid 交易:
[17:41:23]   进口电量:     0.00 kWh
[17:41:23]   出口电量:  2573.12 kWh
[17:41:23]   净交易量: -2573.12 kWh
[17:41:23]   平均出清价:  -3.20 cents/kWh
[17:41:23]   市场独立度:  28.52%
[17:41:23] 
Buffer大小:  1056
[17:41:23] 噪声水平: 0.0957
[17:41:23] 
动作统计:
[17:41:23]   wind      : mean= 0.333, std= 0.189
[17:41:23]   solar     : mean=-0.960, std= 0.056
[17:41:23]   diesel    : mean= 0.606, std= 0.351
[17:41:23]   battery   : mean= 0.563, std= 0.398
[17:41:23]   customer  : mean= 0.958, std= 0.048
[17:41:24] 
======================================================================
[17:41:24] Episode 40/200
[17:41:24] ======================================================================
[17:41:24] 总奖励:  -192.90 | 步数: 24
[17:41:24] 最近10个episodes平均:  -191.87
[17:41:24] 
各Agent奖励:
[17:41:24]   wind      :    1.756
[17:41:24]   solar     :  -17.564
[17:41:24]   diesel    :    0.000
[17:41:24]   battery   :    0.000
[17:41:24]   customer  : -177.092
[17:41:24] 
🔌 Main Grid 交易:
[17:41:24]   进口电量:     0.00 kWh
[17:41:24]   出口电量:  1907.51 kWh
[17:41:24]   净交易量: -1907.51 kWh
[17:41:24]   平均出清价:  -6.99 cents/kWh
[17:41:24]   市场独立度:  47.01%
[17:41:24] 
Buffer大小:  1080
[17:41:24] 噪声水平: 0.0956
[17:41:24] 
动作统计:
[17:41:24]   wind      : mean= 0.336, std= 0.189
[17:41:24]   solar     : mean=-0.969, std= 0.056
[17:41:24]   diesel    : mean= 0.575, std= 0.393
[17:41:24]   battery   : mean= 0.565, std= 0.420
[17:41:24]   customer  : mean= 0.962, std= 0.042
[17:41:24] 
📊 生成可视化图表...
[17:41:24]   ✓ debug_plots/training_ep0040.png
[17:41:24] 
======================================================================
[17:41:24] Episode 41/200
[17:41:24] ======================================================================
[17:41:24] 总奖励:  -182.83 | 步数: 24
[17:41:24] 最近10个episodes平均:  -190.26
[17:41:24] 
各Agent奖励:
[17:41:24]   wind      :    8.204
[17:41:24]   solar     :   -8.306
[17:41:24]   diesel    :   -1.503
[17:41:24]   battery   :    0.000
[17:41:24]   customer  : -181.222
[17:41:24] 
🔌 Main Grid 交易:
[17:41:24]   进口电量:     0.00 kWh
[17:41:24]   出口电量:  2147.18 kWh
[17:41:24]   净交易量: -2147.18 kWh
[17:41:24]   平均出清价:  -6.09 cents/kWh
[17:41:24]   市场独立度:  40.36%
[17:41:24] 
Buffer大小:  1104
[17:41:24] 噪声水平: 0.0955
[17:41:24] 
动作统计:
[17:41:24]   wind      : mean= 0.269, std= 0.209
[17:41:24]   solar     : mean=-0.962, std= 0.059
[17:41:24]   diesel    : mean= 0.495, std= 0.446
[17:41:24]   battery   : mean= 0.574, std= 0.400
[17:41:24]   customer  : mean= 0.940, std= 0.070
[17:41:24] 
======================================================================
[17:41:24] Episode 42/200
[17:41:24] ======================================================================
[17:41:24] 总奖励:  -186.72 | 步数: 24
[17:41:24] 最近10个episodes平均:  -189.14
[17:41:24] 
各Agent奖励:
[17:41:24]   wind      :    3.562
[17:41:24]   solar     :   -3.356
[17:41:24]   diesel    :   -1.877
[17:41:24]   battery   :    0.000
[17:41:24]   customer  : -185.046
[17:41:24] 
🔌 Main Grid 交易:
[17:41:24]   进口电量:     0.00 kWh
[17:41:24]   出口电量:  2054.51 kWh
[17:41:24]   净交易量: -2054.51 kWh
[17:41:24]   平均出清价:   1.63 cents/kWh
[17:41:24]   市场独立度:  42.93%
[17:41:24] 
Buffer大小:  1128
[17:41:24] 噪声水平: 0.0954
[17:41:24] 
动作统计:
[17:41:24]   wind      : mean= 0.279, std= 0.239
[17:41:24]   solar     : mean=-0.954, std= 0.067
[17:41:24]   diesel    : mean= 0.457, std= 0.475
[17:41:24]   battery   : mean= 0.559, std= 0.423
[17:41:24]   customer  : mean= 0.971, std= 0.050
[17:41:25] 
======================================================================
[17:41:25] Episode 43/200
[17:41:25] ======================================================================
[17:41:25] 总奖励:  -174.76 | 步数: 24
[17:41:25] 最近10个episodes平均:  -187.20
[17:41:25] 
各Agent奖励:
[17:41:25]   wind      :   13.290
[17:41:25]   solar     :  -18.892
[17:41:25]   diesel    :   -3.532
[17:41:25]   battery   :    0.000
[17:41:25]   customer  : -165.625
[17:41:25] 
🔌 Main Grid 交易:
[17:41:25]   进口电量:     0.00 kWh
[17:41:25]   出口电量:  1991.87 kWh
[17:41:25]   净交易量: -1991.87 kWh
[17:41:25]   平均出清价:  -6.64 cents/kWh
[17:41:25]   市场独立度:  44.67%
[17:41:25] 
Buffer大小:  1152
[17:41:25] 噪声水平: 0.0953
[17:41:25] 
动作统计:
[17:41:25]   wind      : mean= 0.278, std= 0.184
[17:41:25]   solar     : mean=-0.964, std= 0.046
[17:41:25]   diesel    : mean= 0.420, std= 0.518
[17:41:25]   battery   : mean= 0.565, std= 0.397
[17:41:25]   customer  : mean= 0.896, std= 0.081
[17:41:25] 
======================================================================
[17:41:25] Episode 44/200
[17:41:25] ======================================================================
[17:41:25] 总奖励:  -158.17 | 步数: 24
[17:41:25] 最近10个episodes平均:  -184.10
[17:41:25] 
各Agent奖励:
[17:41:25]   wind      :   23.770
[17:41:25]   solar     :  -17.041
[17:41:25]   diesel    :   -3.047
[17:41:25]   battery   :    0.000
[17:41:25]   customer  : -161.855
[17:41:25] 
🔌 Main Grid 交易:
[17:41:25]   进口电量:     0.00 kWh
[17:41:25]   出口电量:  1810.39 kWh
[17:41:25]   净交易量: -1810.39 kWh
[17:41:25]   平均出清价:  -3.54 cents/kWh
[17:41:25]   市场独立度:  49.71%
[17:41:25] 
Buffer大小:  1176
[17:41:25] 噪声水平: 0.0952
[17:41:25] 
动作统计:
[17:41:25]   wind      : mean= 0.272, std= 0.197
[17:41:25]   solar     : mean=-0.966, std= 0.053
[17:41:25]   diesel    : mean= 0.406, std= 0.523
[17:41:25]   battery   : mean= 0.531, std= 0.446
[17:41:25]   customer  : mean= 0.827, std= 0.114
[17:41:25] 
======================================================================
[17:41:25] Episode 45/200
[17:41:25] ======================================================================
[17:41:25] 总奖励:  -145.94 | 步数: 24
[17:41:25] 最近10个episodes平均:  -179.37
[17:41:25] 
各Agent奖励:
[17:41:25]   wind      :   32.873
[17:41:25]   solar     :  -27.910
[17:41:25]   diesel    :   -6.675
[17:41:25]   battery   :    0.000
[17:41:25]   customer  : -144.224
[17:41:25] 
🔌 Main Grid 交易:
[17:41:25]   进口电量:     6.74 kWh
[17:41:25]   出口电量:  1801.21 kWh
[17:41:25]   净交易量: -1794.48 kWh
[17:41:25]   平均出清价:  -4.78 cents/kWh
[17:41:25]   市场独立度:  49.78%
[17:41:25] 
Buffer大小:  1200
[17:41:25] 噪声水平: 0.0951
[17:41:25] 
动作统计:
[17:41:25]   wind      : mean= 0.277, std= 0.235
[17:41:25]   solar     : mean=-0.943, std= 0.064
[17:41:25]   diesel    : mean= 0.391, std= 0.535
[17:41:25]   battery   : mean= 0.497, std= 0.462
[17:41:25]   customer  : mean= 0.778, std= 0.084
[17:41:25] 
======================================================================
[17:41:25] Episode 46/200
[17:41:25] ======================================================================
[17:41:25] 总奖励:  -148.74 | 步数: 24
[17:41:25] 最近10个episodes平均:  -175.79
[17:41:25] 
各Agent奖励:
[17:41:25]   wind      :   38.145
[17:41:25]   solar     :  -38.813
[17:41:25]   diesel    :   -2.782
[17:41:25]   battery   :    0.000
[17:41:25]   customer  : -145.293
[17:41:25] 
🔌 Main Grid 交易:
[17:41:25]   进口电量:    17.59 kWh
[17:41:25]   出口电量:  1107.69 kWh
[17:41:25]   净交易量: -1090.10 kWh
[17:41:25]   平均出清价:  -1.87 cents/kWh
[17:41:25]   市场独立度:  68.74%
[17:41:25] 
Buffer大小:  1224
[17:41:25] 噪声水平: 0.0950
[17:41:25] 
动作统计:
[17:41:25]   wind      : mean= 0.280, std= 0.223
[17:41:25]   solar     : mean=-0.934, std= 0.061
[17:41:25]   diesel    : mean= 0.422, std= 0.475
[17:41:25]   battery   : mean= 0.493, std= 0.475
[17:41:25]   customer  : mean= 0.675, std= 0.106
[17:41:25] 
======================================================================
[17:41:25] Episode 47/200
[17:41:25] ======================================================================
[17:41:25] 总奖励:  -109.43 | 步数: 24
[17:41:25] 最近10个episodes平均:  -167.70
[17:41:25] 
各Agent奖励:
[17:41:25]   wind      :   46.865
[17:41:25]   solar     :  -22.602
[17:41:25]   diesel    :   -5.331
[17:41:25]   battery   :    0.000
[17:41:25]   customer  : -128.357
[17:41:25] 
🔌 Main Grid 交易:
[17:41:25]   进口电量:     0.92 kWh
[17:41:25]   出口电量:  1540.93 kWh
[17:41:25]   净交易量: -1540.02 kWh
[17:41:25]   平均出清价:  -0.21 cents/kWh
[17:41:25]   市场独立度:  57.17%
[17:41:25] 
Buffer大小:  1248
[17:41:25] 噪声水平: 0.0949
[17:41:25] 
动作统计:
[17:41:25]   wind      : mean= 0.250, std= 0.250
[17:41:25]   solar     : mean=-0.975, std= 0.031
[17:41:25]   diesel    : mean= 0.418, std= 0.485
[17:41:25]   battery   : mean= 0.527, std= 0.435
[17:41:25]   customer  : mean= 0.617, std= 0.086
[17:41:26] 
======================================================================
[17:41:26] Episode 48/200
[17:41:26] ======================================================================
[17:41:26] 总奖励:  -123.14 | 步数: 24
[17:41:26] 最近10个episodes平均:  -160.69
[17:41:26] 
各Agent奖励:
[17:41:26]   wind      :   45.619
[17:41:26]   solar     :  -21.258
[17:41:26]   diesel    :  -10.339
[17:41:26]   battery   :    0.000
[17:41:26]   customer  : -137.157
[17:41:26] 
🔌 Main Grid 交易:
[17:41:26]   进口电量:    57.08 kWh
[17:41:26]   出口电量:  1258.46 kWh
[17:41:26]   净交易量: -1201.38 kWh
[17:41:26]   平均出清价:   3.97 cents/kWh
[17:41:26]   市场独立度:  63.46%
[17:41:26] 
Buffer大小:  1272
[17:41:26] 噪声水平: 0.0948
[17:41:26] 
动作统计:
[17:41:26]   wind      : mean= 0.232, std= 0.228
[17:41:26]   solar     : mean=-0.941, std= 0.073
[17:41:26]   diesel    : mean= 0.408, std= 0.492
[17:41:26]   battery   : mean= 0.498, std= 0.482
[17:41:26]   customer  : mean= 0.544, std= 0.109
[17:41:26] 
======================================================================
[17:41:26] Episode 49/200
[17:41:26] ======================================================================
[17:41:26] 总奖励:  -117.05 | 步数: 24
[17:41:26] 最近10个episodes平均:  -153.97
[17:41:26] 
各Agent奖励:
[17:41:26]   wind      :   45.653
[17:41:26]   solar     :  -21.114
[17:41:26]   diesel    :  -19.570
[17:41:26]   battery   :    0.000
[17:41:26]   customer  : -122.023
[17:41:26] 
🔌 Main Grid 交易:
[17:41:26]   进口电量:    36.47 kWh
[17:41:26]   出口电量:  1208.65 kWh
[17:41:26]   净交易量: -1172.18 kWh
[17:41:26]   平均出清价:   1.24 cents/kWh
[17:41:26]   市场独立度:  65.41%
[17:41:26] 
Buffer大小:  1296
[17:41:26] 噪声水平: 0.0947
[17:41:26] 
动作统计:
[17:41:26]   wind      : mean= 0.222, std= 0.251
[17:41:26]   solar     : mean=-0.943, std= 0.066
[17:41:26]   diesel    : mean= 0.407, std= 0.507
[17:41:26]   battery   : mean= 0.504, std= 0.453
[17:41:26]   customer  : mean= 0.507, std= 0.117
[17:41:26] 
======================================================================
[17:41:26] Episode 50/200
[17:41:26] ======================================================================
[17:41:26] 总奖励:   -81.06 | 步数: 24
[17:41:26] 最近10个episodes平均:  -142.78
[17:41:26] 
各Agent奖励:
[17:41:26]   wind      :   51.029
[17:41:26]   solar     :   17.183
[17:41:26]   diesel    :  -17.365
[17:41:26]   battery   :    0.000
[17:41:26]   customer  : -131.901
[17:41:26] 
🔌 Main Grid 交易:
[17:41:26]   进口电量:    22.14 kWh
[17:41:26]   出口电量:  1343.40 kWh
[17:41:26]   净交易量: -1321.26 kWh
[17:41:26]   平均出清价:   5.81 cents/kWh
[17:41:26]   市场独立度:  62.07%
[17:41:26] 
Buffer大小:  1320
[17:41:26] 噪声水平: 0.0946
[17:41:26] 
动作统计:
[17:41:26]   wind      : mean= 0.195, std= 0.246
[17:41:26]   solar     : mean=-0.950, std= 0.058
[17:41:26]   diesel    : mean= 0.403, std= 0.494
[17:41:26]   battery   : mean= 0.498, std= 0.475
[17:41:26]   customer  : mean= 0.484, std= 0.094
[17:41:26] 
📊 生成可视化图表...
[17:41:26]   ✓ debug_plots/training_ep0050.png
[17:41:26] 💾 保存checkpoint: debug_checkpoints/debug_maddpg_20251203_174115_ep0050.pt
[17:41:26] 
======================================================================
[17:41:26] Episode 51/200
[17:41:26] ======================================================================
[17:41:26] 总奖励:   -70.07 | 步数: 24
[17:41:26] 最近10个episodes平均:  -131.51
[17:41:26] 
各Agent奖励:
[17:41:26]   wind      :   61.738
[17:41:26]   solar     :   41.489
[17:41:26]   diesel    :  -15.129
[17:41:26]   battery   :    0.000
[17:41:26]   customer  : -158.163
[17:41:26] 
🔌 Main Grid 交易:
[17:41:26]   进口电量:    62.80 kWh
[17:41:26]   出口电量:   933.78 kWh
[17:41:26]   净交易量:  -870.98 kWh
[17:41:26]   平均出清价:   9.83 cents/kWh
[17:41:26]   市场独立度:  72.32%
[17:41:26] 
Buffer大小:  1344
[17:41:26] 噪声水平: 0.0946
[17:41:26] 
动作统计:
[17:41:26]   wind      : mean= 0.211, std= 0.259
[17:41:26]   solar     : mean=-0.935, std= 0.080
[17:41:26]   diesel    : mean= 0.450, std= 0.458
[17:41:26]   battery   : mean= 0.505, std= 0.475
[17:41:26]   customer  : mean= 0.460, std= 0.121
[17:41:27] 
======================================================================
[17:41:27] Episode 52/200
[17:41:27] ======================================================================
[17:41:27] 总奖励:   -43.56 | 步数: 24
[17:41:27] 最近10个episodes平均:  -117.19
[17:41:27] 
各Agent奖励:
[17:41:27]   wind      :   79.177
[17:41:27]   solar     :   58.173
[17:41:27]   diesel    :   -3.184
[17:41:27]   battery   :    0.000
[17:41:27]   customer  : -177.723
[17:41:27] 
🔌 Main Grid 交易:
[17:41:27]   进口电量:    28.77 kWh
[17:41:27]   出口电量:  1105.56 kWh
[17:41:27]   净交易量: -1076.79 kWh
[17:41:27]   平均出清价:  13.90 cents/kWh
[17:41:27]   市场独立度:  68.49%
[17:41:27] 
Buffer大小:  1368
[17:41:27] 噪声水平: 0.0945
[17:41:27] 
动作统计:
[17:41:27]   wind      : mean= 0.216, std= 0.239
[17:41:27]   solar     : mean=-0.905, std= 0.088
[17:41:27]   diesel    : mean= 0.433, std= 0.451
[17:41:27]   battery   : mean= 0.491, std= 0.482
[17:41:27]   customer  : mean= 0.384, std= 0.110
[17:41:27] 
======================================================================
[17:41:27] Episode 53/200
[17:41:27] ======================================================================
[17:41:27] 总奖励:   -24.33 | 步数: 24
[17:41:27] 最近10个episodes平均:  -102.15
[17:41:27] 
各Agent奖励:
[17:41:27]   wind      :   97.224
[17:41:27]   solar     :   55.776
[17:41:27]   diesel    :   -0.313
[17:41:27]   battery   :    0.000
[17:41:27]   customer  : -177.018
[17:41:27] 
🔌 Main Grid 交易:
[17:41:27]   进口电量:    55.34 kWh
[17:41:27]   出口电量:  1100.01 kWh
[17:41:27]   净交易量: -1044.67 kWh
[17:41:27]   平均出清价:  14.51 cents/kWh
[17:41:27]   市场独立度:  67.91%
[17:41:27] 
Buffer大小:  1392
[17:41:27] 噪声水平: 0.0944
[17:41:27] 
动作统计:
[17:41:27]   wind      : mean= 0.198, std= 0.250
[17:41:27]   solar     : mean=-0.806, std= 0.130
[17:41:27]   diesel    : mean= 0.412, std= 0.463
[17:41:27]   battery   : mean= 0.485, std= 0.498
[17:41:27]   customer  : mean= 0.406, std= 0.108
[17:41:27] 
======================================================================
[17:41:27] Episode 54/200
[17:41:27] ======================================================================
[17:41:27] 总奖励:   -26.30 | 步数: 24
[17:41:27] 最近10个episodes平均:   -88.96
[17:41:27] 
各Agent奖励:
[17:41:27]   wind      :   84.432
[17:41:27]   solar     :   48.585
[17:41:27]   diesel    :   -7.295
[17:41:27]   battery   :   -0.019
[17:41:27]   customer  : -152.008
[17:41:27] 
🔌 Main Grid 交易:
[17:41:27]   进口电量:    19.16 kWh
[17:41:27]   出口电量:  1229.20 kWh
[17:41:27]   净交易量: -1210.04 kWh
[17:41:27]   平均出清价:  11.77 cents/kWh
[17:41:27]   市场独立度:  65.32%
[17:41:27] 
Buffer大小:  1416
[17:41:27] 噪声水平: 0.0943
[17:41:27] 
动作统计:
[17:41:27]   wind      : mean= 0.184, std= 0.245
[17:41:27]   solar     : mean=-0.714, std= 0.187
[17:41:27]   diesel    : mean= 0.397, std= 0.468
[17:41:27]   battery   : mean= 0.503, std= 0.481
[17:41:27]   customer  : mean= 0.397, std= 0.109
[17:41:27] 
======================================================================
[17:41:27] Episode 55/200
[17:41:27] ======================================================================
[17:41:27] 总奖励:   -26.21 | 步数: 24
[17:41:27] 最近10个episodes平均:   -76.99
[17:41:27] 
各Agent奖励:
[17:41:27]   wind      :   99.358
[17:41:27]   solar     :   31.632
[17:41:27]   diesel    :   -8.026
[17:41:27]   battery   :    0.000
[17:41:27]   customer  : -149.171
[17:41:27] 
🔌 Main Grid 交易:
[17:41:27]   进口电量:    21.81 kWh
[17:41:27]   出口电量:  1288.61 kWh
[17:41:27]   净交易量: -1266.80 kWh
[17:41:27]   平均出清价:  10.59 cents/kWh
[17:41:27]   市场独立度:  63.60%
[17:41:27] 
Buffer大小:  1440
[17:41:27] 噪声水平: 0.0942
[17:41:27] 
动作统计:
[17:41:27]   wind      : mean= 0.212, std= 0.207
[17:41:27]   solar     : mean=-0.657, std= 0.197
[17:41:27]   diesel    : mean= 0.383, std= 0.445
[17:41:27]   battery   : mean= 0.511, std= 0.474
[17:41:27]   customer  : mean= 0.401, std= 0.115
[17:41:27] 
======================================================================
[17:41:27] Episode 56/200
[17:41:27] ======================================================================
[17:41:27] 总奖励:   -34.38 | 步数: 24
[17:41:27] 最近10个episodes平均:   -65.55
[17:41:27] 
各Agent奖励:
[17:41:27]   wind      :   89.246
[17:41:27]   solar     :   52.961
[17:41:27]   diesel    :   -7.594
[17:41:27]   battery   :    0.000
[17:41:27]   customer  : -168.998
[17:41:27] 
🔌 Main Grid 交易:
[17:41:27]   进口电量:    49.60 kWh
[17:41:27]   出口电量:  1092.66 kWh
[17:41:27]   净交易量: -1043.06 kWh
[17:41:27]   平均出清价:  14.29 cents/kWh
[17:41:27]   市场独立度:  68.27%
[17:41:27] 
Buffer大小:  1464
[17:41:27] 噪声水平: 0.0941
[17:41:27] 
动作统计:
[17:41:27]   wind      : mean= 0.219, std= 0.220
[17:41:27]   solar     : mean=-0.636, std= 0.231
[17:41:27]   diesel    : mean= 0.442, std= 0.409
[17:41:27]   battery   : mean= 0.491, std= 0.473
[17:41:27]   customer  : mean= 0.373, std= 0.102
[17:41:27] 
======================================================================
[17:41:27] Episode 57/200
[17:41:27] ======================================================================
[17:41:27] 总奖励:   -21.36 | 步数: 24
[17:41:27] 最近10个episodes平均:   -56.75
[17:41:27] 
各Agent奖励:
[17:41:27]   wind      :   90.064
[17:41:27]   solar     :   72.750
[17:41:27]   diesel    :    3.810
[17:41:27]   battery   :    0.642
[17:41:27]   customer  : -188.622
[17:41:27] 
🔌 Main Grid 交易:
[17:41:27]   进口电量:    82.83 kWh
[17:41:27]   出口电量:  1217.09 kWh
[17:41:27]   净交易量: -1134.26 kWh
[17:41:27]   平均出清价:  15.94 cents/kWh
[17:41:27]   市场独立度:  63.89%
[17:41:27] 
Buffer大小:  1488
[17:41:27] 噪声水平: 0.0940
[17:41:27] 
动作统计:
[17:41:27]   wind      : mean= 0.196, std= 0.217
[17:41:27]   solar     : mean=-0.602, std= 0.258
[17:41:27]   diesel    : mean= 0.446, std= 0.406
[17:41:27]   battery   : mean= 0.531, std= 0.451
[17:41:27]   customer  : mean= 0.360, std= 0.116
[17:41:27] 
======================================================================
[17:41:27] Episode 58/200
[17:41:27] ======================================================================
[17:41:27] 总奖励:     0.17 | 步数: 24
[17:41:27] 最近10个episodes平均:   -44.41
[17:41:27] 
各Agent奖励:
[17:41:27]   wind      :   88.924
[17:41:27]   solar     :   71.552
[17:41:27]   diesel    :  -16.258
[17:41:27]   battery   :    0.000
[17:41:27]   customer  : -144.049
[17:41:27] 
🔌 Main Grid 交易:
[17:41:27]   进口电量:     7.95 kWh
[17:41:27]   出口电量:  1192.66 kWh
[17:41:27]   净交易量: -1184.71 kWh
[17:41:27]   平均出清价:  12.42 cents/kWh
[17:41:27]   市场独立度:  66.65%
[17:41:27] 
Buffer大小:  1512
[17:41:27] 噪声水平: 0.0939
[17:41:27] 
动作统计:
[17:41:27]   wind      : mean= 0.156, std= 0.228
[17:41:27]   solar     : mean=-0.555, std= 0.294
[17:41:27]   diesel    : mean= 0.463, std= 0.414
[17:41:27]   battery   : mean= 0.517, std= 0.463
[17:41:27]   customer  : mean= 0.336, std= 0.152
[17:41:28] 
======================================================================
[17:41:28] Episode 59/200
[17:41:28] ======================================================================
[17:41:28] 总奖励:   -18.27 | 步数: 24
[17:41:28] 最近10个episodes平均:   -34.54
[17:41:28] 
各Agent奖励:
[17:41:28]   wind      :   82.933
[17:41:28]   solar     :   59.660
[17:41:28]   diesel    :  -10.442
[17:41:28]   battery   :    0.000
[17:41:28]   customer  : -150.423
[17:41:28] 
🔌 Main Grid 交易:
[17:41:28]   进口电量:    53.35 kWh
[17:41:28]   出口电量:  1256.00 kWh
[17:41:28]   净交易量: -1202.65 kWh
[17:41:28]   平均出清价:  12.61 cents/kWh
[17:41:28]   市场独立度:  63.63%
[17:41:28] 
Buffer大小:  1536
[17:41:28] 噪声水平: 0.0938
[17:41:28] 
动作统计:
[17:41:28]   wind      : mean= 0.163, std= 0.230
[17:41:28]   solar     : mean=-0.495, std= 0.298
[17:41:28]   diesel    : mean= 0.505, std= 0.393
[17:41:28]   battery   : mean= 0.540, std= 0.430
[17:41:28]   customer  : mean= 0.330, std= 0.101
[17:41:28] 
======================================================================
[17:41:28] Episode 60/200
[17:41:28] ======================================================================
[17:41:28] 总奖励:   -82.12 | 步数: 24
[17:41:28] 最近10个episodes平均:   -34.64
[17:41:28] 
各Agent奖励:
[17:41:28]   wind      :   62.897
[17:41:28]   solar     :   23.145
[17:41:28]   diesel    :  -45.795
[17:41:28]   battery   :    0.000
[17:41:28]   customer  : -122.371
[17:41:28] 
🔌 Main Grid 交易:
[17:41:28]   进口电量:   122.00 kWh
[17:41:28]   出口电量:  1506.76 kWh
[17:41:28]   净交易量: -1384.76 kWh
[17:41:28]   平均出清价:   6.83 cents/kWh
[17:41:28]   市场独立度:  54.76%
[17:41:28] 
Buffer大小:  1560
[17:41:28] 噪声水平: 0.0937
[17:41:28] 
动作统计:
[17:41:28]   wind      : mean= 0.197, std= 0.187
[17:41:28]   solar     : mean=-0.585, std= 0.346
[17:41:28]   diesel    : mean= 0.508, std= 0.419
[17:41:28]   battery   : mean= 0.543, std= 0.425
[17:41:28]   customer  : mean= 0.376, std= 0.126
[17:41:28] 
📊 生成可视化图表...
[17:41:28]   ✓ debug_plots/training_ep0060.png
[17:41:28] 
======================================================================
[17:41:28] Episode 61/200
[17:41:28] ======================================================================
[17:41:28] 总奖励:   -46.64 | 步数: 24
[17:41:28] 最近10个episodes平均:   -32.30
[17:41:28] 
各Agent奖励:
[17:41:28]   wind      :   81.309
[17:41:28]   solar     :   39.086
[17:41:28]   diesel    :    1.451
[17:41:28]   battery   :    0.000
[17:41:28]   customer  : -168.490
[17:41:28] 
🔌 Main Grid 交易:
[17:41:28]   进口电量:   111.50 kWh
[17:41:28]   出口电量:  1147.33 kWh
[17:41:28]   净交易量: -1035.83 kWh
[17:41:28]   平均出清价:  11.43 cents/kWh
[17:41:28]   市场独立度:  65.03%
[17:41:28] 
Buffer大小:  1584
[17:41:28] 噪声水平: 0.0936
[17:41:28] 
动作统计:
[17:41:28]   wind      : mean= 0.219, std= 0.204
[17:41:28]   solar     : mean=-0.564, std= 0.409
[17:41:28]   diesel    : mean= 0.490, std= 0.404
[17:41:28]   battery   : mean= 0.577, std= 0.384
[17:41:28]   customer  : mean= 0.330, std= 0.123
[17:41:28] 
======================================================================
[17:41:28] Episode 62/200
[17:41:28] ======================================================================
[17:41:28] 总奖励:   -17.34 | 步数: 24
[17:41:28] 最近10个episodes平均:   -29.68
[17:41:28] 
各Agent奖励:
[17:41:28]   wind      :   87.498
[17:41:28]   solar     :   52.063
[17:41:28]   diesel    :   -5.203
[17:41:28]   battery   :    0.000
[17:41:28]   customer  : -151.697
[17:41:28] 
🔌 Main Grid 交易:
[17:41:28]   进口电量:    62.56 kWh
[17:41:28]   出口电量:  1357.18 kWh
[17:41:28]   净交易量: -1294.62 kWh
[17:41:28]   平均出清价:  12.04 cents/kWh
[17:41:28]   市场独立度:  60.56%
[17:41:28] 
Buffer大小:  1608
[17:41:28] 噪声水平: 0.0935
[17:41:28] 
动作统计:
[17:41:28]   wind      : mean= 0.182, std= 0.237
[17:41:28]   solar     : mean=-0.609, std= 0.449
[17:41:28]   diesel    : mean= 0.473, std= 0.390
[17:41:28]   battery   : mean= 0.614, std= 0.369
[17:41:28]   customer  : mean= 0.371, std= 0.113
[17:41:29] 
======================================================================
[17:41:29] Episode 63/200
[17:41:29] ======================================================================
[17:41:29] 总奖励:   -11.65 | 步数: 24
[17:41:29] 最近10个episodes平均:   -28.41
[17:41:29] 
各Agent奖励:
[17:41:29]   wind      :  105.205
[17:41:29]   solar     :   30.619
[17:41:29]   diesel    :  -12.411
[17:41:29]   battery   :    0.000
[17:41:29]   customer  : -135.067
[17:41:29] 
🔌 Main Grid 交易:
[17:41:29]   进口电量:    43.05 kWh
[17:41:29]   出口电量:  1534.94 kWh
[17:41:29]   净交易量: -1491.89 kWh
[17:41:29]   平均出清价:   9.97 cents/kWh
[17:41:29]   市场独立度:  56.17%
[17:41:29] 
Buffer大小:  1632
[17:41:29] 噪声水平: 0.0934
[17:41:29] 
动作统计:
[17:41:29]   wind      : mean= 0.186, std= 0.241
[17:41:29]   solar     : mean=-0.619, std= 0.437
[17:41:29]   diesel    : mean= 0.489, std= 0.395
[17:41:29]   battery   : mean= 0.601, std= 0.396
[17:41:29]   customer  : mean= 0.369, std= 0.116
[17:41:29] 
======================================================================
[17:41:29] Episode 64/200
[17:41:29] ======================================================================
[17:41:29] 总奖励:   -77.68 | 步数: 24
[17:41:29] 最近10个episodes平均:   -33.55
[17:41:29] 
各Agent奖励:
[17:41:29]   wind      :   76.079
[17:41:29]   solar     :   12.134
[17:41:29]   diesel    :   -7.662
[17:41:29]   battery   :    0.000
[17:41:29]   customer  : -158.228
[17:41:29] 
🔌 Main Grid 交易:
[17:41:29]   进口电量:   164.31 kWh
[17:41:29]   出口电量:  1128.65 kWh
[17:41:29]   净交易量:  -964.34 kWh
[17:41:29]   平均出清价:   9.08 cents/kWh
[17:41:29]   市场独立度:  64.08%
[17:41:29] 
Buffer大小:  1656
[17:41:29] 噪声水平: 0.0933
[17:41:29] 
动作统计:
[17:41:29]   wind      : mean= 0.210, std= 0.234
[17:41:29]   solar     : mean=-0.613, std= 0.454
[17:41:29]   diesel    : mean= 0.466, std= 0.409
[17:41:29]   battery   : mean= 0.620, std= 0.374
[17:41:29]   customer  : mean= 0.366, std= 0.134
[17:41:29] 
======================================================================
[17:41:29] Episode 65/200
[17:41:29] ======================================================================
[17:41:29] 总奖励:   -23.48 | 步数: 24
[17:41:29] 最近10个episodes平均:   -33.28
[17:41:29] 
各Agent奖励:
[17:41:29]   wind      :   88.725
[17:41:29]   solar     :   63.167
[17:41:29]   diesel    :   -5.286
[17:41:29]   battery   :    1.479
[17:41:29]   customer  : -171.568
[17:41:29] 
🔌 Main Grid 交易:
[17:41:29]   进口电量:   123.23 kWh
[17:41:29]   出口电量:  1689.69 kWh
[17:41:29]   净交易量: -1566.46 kWh
[17:41:29]   平均出清价:  13.92 cents/kWh
[17:41:29]   市场独立度:  49.64%
[17:41:29] 
Buffer大小:  1680
[17:41:29] 噪声水平: 0.0932
[17:41:29] 
动作统计:
[17:41:29]   wind      : mean= 0.245, std= 0.250
[17:41:29]   solar     : mean=-0.659, std= 0.455
[17:41:29]   diesel    : mean= 0.453, std= 0.449
[17:41:29]   battery   : mean= 0.627, std= 0.379
[17:41:29]   customer  : mean= 0.357, std= 0.150
[17:41:29] 
======================================================================
[17:41:29] Episode 66/200
[17:41:29] ======================================================================
[17:41:29] 总奖励:   -35.60 | 步数: 24
[17:41:29] 最近10个episodes平均:   -33.40
[17:41:29] 
各Agent奖励:
[17:41:29]   wind      :   68.805
[17:41:29]   solar     :   41.909
[17:41:29]   diesel    :   -3.734
[17:41:29]   battery   :    0.085
[17:41:29]   customer  : -142.665
[17:41:29] 
🔌 Main Grid 交易:
[17:41:29]   进口电量:    60.50 kWh
[17:41:29]   出口电量:  1152.93 kWh
[17:41:29]   净交易量: -1092.43 kWh
[17:41:29]   平均出清价:  10.68 cents/kWh
[17:41:29]   市场独立度:  66.29%
[17:41:29] 
Buffer大小:  1704
[17:41:29] 噪声水平: 0.0931
[17:41:29] 
动作统计:
[17:41:29]   wind      : mean= 0.196, std= 0.289
[17:41:29]   solar     : mean=-0.679, std= 0.446
[17:41:29]   diesel    : mean= 0.410, std= 0.438
[17:41:29]   battery   : mean= 0.658, std= 0.344
[17:41:29]   customer  : mean= 0.368, std= 0.145
[17:41:29] 
======================================================================
[17:41:29] Episode 67/200
[17:41:29] ======================================================================
[17:41:29] 总奖励:    12.23 | 步数: 24
[17:41:29] 最近10个episodes平均:   -30.04
[17:41:29] 
各Agent奖励:
[17:41:29]   wind      :  114.196
[17:41:29]   solar     :   33.955
[17:41:29]   diesel    :   -0.314
[17:41:29]   battery   :    3.519
[17:41:29]   customer  : -139.128
[17:41:29] 
🔌 Main Grid 交易:
[17:41:29]   进口电量:    72.63 kWh
[17:41:29]   出口电量:  1251.32 kWh
[17:41:29]   净交易量: -1178.69 kWh
[17:41:29]   平均出清价:  10.61 cents/kWh
[17:41:29]   市场独立度:  63.22%
[17:41:29] 
Buffer大小:  1728
[17:41:29] 噪声水平: 0.0930
[17:41:29] 
动作统计:
[17:41:29]   wind      : mean= 0.207, std= 0.237
[17:41:29]   solar     : mean=-0.687, std= 0.425
[17:41:29]   diesel    : mean= 0.374, std= 0.466
[17:41:29]   battery   : mean= 0.629, std= 0.354
[17:41:29]   customer  : mean= 0.362, std= 0.119
[17:41:29] 
======================================================================
[17:41:29] Episode 68/200
[17:41:29] ======================================================================
[17:41:29] 总奖励:   -34.59 | 步数: 24
[17:41:29] 最近10个episodes平均:   -33.52
[17:41:29] 
各Agent奖励:
[17:41:29]   wind      :   87.085
[17:41:29]   solar     :   54.220
[17:41:29]   diesel    :    1.881
[17:41:29]   battery   :    2.513
[17:41:29]   customer  : -180.285
[17:41:29] 
🔌 Main Grid 交易:
[17:41:29]   进口电量:   167.21 kWh
[17:41:29]   出口电量:  1260.31 kWh
[17:41:29]   净交易量: -1093.11 kWh
[17:41:29]   平均出清价:  12.10 cents/kWh
[17:41:29]   市场独立度:  60.35%
[17:41:29] 
Buffer大小:  1752
[17:41:29] 噪声水平: 0.0930
[17:41:29] 
动作统计:
[17:41:29]   wind      : mean= 0.212, std= 0.237
[17:41:29]   solar     : mean=-0.700, std= 0.422
[17:41:29]   diesel    : mean= 0.373, std= 0.495
[17:41:29]   battery   : mean= 0.637, std= 0.337
[17:41:29]   customer  : mean= 0.390, std= 0.144
[17:41:29] 
======================================================================
[17:41:29] Episode 69/200
[17:41:29] ======================================================================
[17:41:29] 总奖励:   -48.13 | 步数: 24
[17:41:29] 最近10个episodes平均:   -36.50
[17:41:29] 
各Agent奖励:
[17:41:29]   wind      :   76.876
[17:41:29]   solar     :   68.932
[17:41:29]   diesel    :    0.322
[17:41:29]   battery   :    0.000
[17:41:29]   customer  : -194.257
[17:41:29] 
🔌 Main Grid 交易:
[17:41:29]   进口电量:   224.32 kWh
[17:41:29]   出口电量:  1339.39 kWh
[17:41:29]   净交易量: -1115.07 kWh
[17:41:29]   平均出清价:  16.34 cents/kWh
[17:41:29]   市场独立度:  56.56%
[17:41:29] 
Buffer大小:  1776
[17:41:29] 噪声水平: 0.0929
[17:41:29] 
动作统计:
[17:41:29]   wind      : mean= 0.292, std= 0.251
[17:41:29]   solar     : mean=-0.721, std= 0.372
[17:41:29]   diesel    : mean= 0.348, std= 0.492
[17:41:29]   battery   : mean= 0.662, std= 0.340
[17:41:29]   customer  : mean= 0.396, std= 0.143
[17:41:30] 
======================================================================
[17:41:30] Episode 70/200
[17:41:30] ======================================================================
[17:41:30] 总奖励:   -13.93 | 步数: 24
[17:41:30] 最近10个episodes平均:   -29.68
[17:41:30] 
各Agent奖励:
[17:41:30]   wind      :   99.851
[17:41:30]   solar     :   59.194
[17:41:30]   diesel    :    0.891
[17:41:30]   battery   :    1.216
[17:41:30]   customer  : -175.082
[17:41:30] 
🔌 Main Grid 交易:
[17:41:30]   进口电量:   149.56 kWh
[17:41:30]   出口电量:  1183.84 kWh
[17:41:30]   净交易量: -1034.28 kWh
[17:41:30]   平均出清价:  14.17 cents/kWh
[17:41:30]   市场独立度:  62.96%
[17:41:30] 
Buffer大小:  1800
[17:41:30] 噪声水平: 0.0928
[17:41:30] 
动作统计:
[17:41:30]   wind      : mean= 0.213, std= 0.256
[17:41:30]   solar     : mean=-0.739, std= 0.387
[17:41:30]   diesel    : mean= 0.340, std= 0.487
[17:41:30]   battery   : mean= 0.699, std= 0.347
[17:41:30]   customer  : mean= 0.388, std= 0.169
[17:41:30] 
📊 生成可视化图表...
[17:41:30]   ✓ debug_plots/training_ep0070.png
[17:41:30] 
======================================================================
[17:41:30] Episode 71/200
[17:41:30] ======================================================================
[17:41:30] 总奖励:   -41.26 | 步数: 24
[17:41:30] 最近10个episodes平均:   -29.14
[17:41:30] 
各Agent奖励:
[17:41:30]   wind      :   91.355
[17:41:30]   solar     :  -13.631
[17:41:30]   diesel    :    0.113
[17:41:30]   battery   :    2.816
[17:41:30]   customer  : -121.913
[17:41:30] 
🔌 Main Grid 交易:
[17:41:30]   进口电量:   131.91 kWh
[17:41:30]   出口电量:  1062.00 kWh
[17:41:30]   净交易量:  -930.09 kWh
[17:41:30]   平均出清价:   3.91 cents/kWh
[17:41:30]   市场独立度:  66.84%
[17:41:30] 
Buffer大小:  1824
[17:41:30] 噪声水平: 0.0927
[17:41:30] 
动作统计:
[17:41:30]   wind      : mean= 0.199, std= 0.270
[17:41:30]   solar     : mean=-0.787, std= 0.290
[17:41:30]   diesel    : mean= 0.289, std= 0.503
[17:41:30]   battery   : mean= 0.686, std= 0.323
[17:41:30]   customer  : mean= 0.416, std= 0.144
[17:41:31] 
======================================================================
[17:41:31] Episode 72/200
[17:41:31] ======================================================================
[17:41:31] 总奖励:   -36.93 | 步数: 24
[17:41:31] 最近10个episodes平均:   -31.10
[17:41:31] 
各Agent奖励:
[17:41:31]   wind      :  104.118
[17:41:31]   solar     :    9.915
[17:41:31]   diesel    :    0.178
[17:41:31]   battery   :    3.625
[17:41:31]   customer  : -154.763
[17:41:31] 
🔌 Main Grid 交易:
[17:41:31]   进口电量:   292.47 kWh
[17:41:31]   出口电量:  1385.31 kWh
[17:41:31]   净交易量: -1092.83 kWh
[17:41:31]   平均出清价:  10.11 cents/kWh
[17:41:31]   市场独立度:  53.40%
[17:41:31] 
Buffer大小:  1848
[17:41:31] 噪声水平: 0.0926
[17:41:31] 
动作统计:
[17:41:31]   wind      : mean= 0.238, std= 0.241
[17:41:31]   solar     : mean=-0.840, std= 0.260
[17:41:31]   diesel    : mean= 0.262, std= 0.541
[17:41:31]   battery   : mean= 0.708, std= 0.324
[17:41:31]   customer  : mean= 0.384, std= 0.178
[17:41:31] 
======================================================================
[17:41:31] Episode 73/200
[17:41:31] ======================================================================
[17:41:31] 总奖励:   -16.46 | 步数: 24
[17:41:31] 最近10个episodes平均:   -31.58
[17:41:31] 
各Agent奖励:
[17:41:31]   wind      :  111.827
[17:41:31]   solar     :   -0.198
[17:41:31]   diesel    :   -3.357
[17:41:31]   battery   :    0.000
[17:41:31]   customer  : -124.731
[17:41:31] 
🔌 Main Grid 交易:
[17:41:31]   进口电量:    93.58 kWh
[17:41:31]   出口电量:   958.26 kWh
[17:41:31]   净交易量:  -864.68 kWh
[17:41:31]   平均出清价:   7.02 cents/kWh
[17:41:31]   市场独立度:  70.78%
[17:41:31] 
Buffer大小:  1872
[17:41:31] 噪声水平: 0.0925
[17:41:31] 
动作统计:
[17:41:31]   wind      : mean= 0.233, std= 0.245
[17:41:31]   solar     : mean=-0.870, std= 0.199
[17:41:31]   diesel    : mean= 0.247, std= 0.531
[17:41:31]   battery   : mean= 0.719, std= 0.321
[17:41:31]   customer  : mean= 0.405, std= 0.178
[17:41:31] 
======================================================================
[17:41:31] Episode 74/200
[17:41:31] ======================================================================
[17:41:31] 总奖励:   -43.89 | 步数: 24
[17:41:31] 最近10个episodes平均:   -28.20
[17:41:31] 
各Agent奖励:
[17:41:31]   wind      :   88.961
[17:41:31]   solar     :  -13.673
[17:41:31]   diesel    :   -1.294
[17:41:31]   battery   :    0.917
[17:41:31]   customer  : -118.806
[17:41:31] 
🔌 Main Grid 交易:
[17:41:31]   进口电量:   137.06 kWh
[17:41:31]   出口电量:  1151.53 kWh
[17:41:31]   净交易量: -1014.47 kWh
[17:41:31]   平均出清价:   3.49 cents/kWh
[17:41:31]   市场独立度:  64.21%
[17:41:31] 
Buffer大小:  1896
[17:41:31] 噪声水平: 0.0924
[17:41:31] 
动作统计:
[17:41:31]   wind      : mean= 0.231, std= 0.272
[17:41:31]   solar     : mean=-0.903, std= 0.148
[17:41:31]   diesel    : mean= 0.206, std= 0.575
[17:41:31]   battery   : mean= 0.714, std= 0.313
[17:41:31]   customer  : mean= 0.411, std= 0.183
[17:41:31] 
======================================================================
[17:41:31] Episode 75/200
[17:41:31] ======================================================================
[17:41:31] 总奖励:   -49.67 | 步数: 24
[17:41:31] 最近10个episodes平均:   -30.82
[17:41:31] 
各Agent奖励:
[17:41:31]   wind      :   91.448
[17:41:31]   solar     :   16.113
[17:41:31]   diesel    :    0.000
[17:41:31]   battery   :    1.383
[17:41:31]   customer  : -158.613
[17:41:31] 
🔌 Main Grid 交易:
[17:41:31]   进口电量:   266.05 kWh
[17:41:31]   出口电量:   849.33 kWh
[17:41:31]   净交易量:  -583.28 kWh
[17:41:31]   平均出清价:  10.04 cents/kWh
[17:41:31]   市场独立度:  69.02%
[17:41:31] 
Buffer大小:  1920
[17:41:31] 噪声水平: 0.0923
[17:41:31] 
动作统计:
[17:41:31]   wind      : mean= 0.224, std= 0.247
[17:41:31]   solar     : mean=-0.893, std= 0.133
[17:41:31]   diesel    : mean= 0.185, std= 0.570
[17:41:31]   battery   : mean= 0.703, std= 0.330
[17:41:31]   customer  : mean= 0.396, std= 0.175
[17:41:31] 
======================================================================
[17:41:31] Episode 76/200
[17:41:31] ======================================================================
[17:41:31] 总奖励:   -11.60 | 步数: 24
[17:41:31] 最近10个episodes平均:   -28.42
[17:41:31] 
各Agent奖励:
[17:41:31]   wind      :  103.195
[17:41:31]   solar     :   -7.436
[17:41:31]   diesel    :    0.000
[17:41:31]   battery   :    0.000
[17:41:31]   customer  : -107.359
[17:41:31] 
🔌 Main Grid 交易:
[17:41:31]   进口电量:     9.19 kWh
[17:41:31]   出口电量:  1086.74 kWh
[17:41:31]   净交易量: -1077.55 kWh
[17:41:31]   平均出清价:   2.62 cents/kWh
[17:41:31]   市场独立度:  69.56%
[17:41:31] 
Buffer大小:  1944
[17:41:31] 噪声水平: 0.0922
[17:41:31] 
动作统计:
[17:41:31]   wind      : mean= 0.186, std= 0.259
[17:41:31]   solar     : mean=-0.898, std= 0.115
[17:41:31]   diesel    : mean= 0.158, std= 0.589
[17:41:31]   battery   : mean= 0.718, std= 0.332
[17:41:31]   customer  : mean= 0.423, std= 0.193
[17:41:32] 
======================================================================
[17:41:32] Episode 77/200
[17:41:32] ======================================================================
[17:41:32] 总奖励:   -63.20 | 步数: 24
[17:41:32] 最近10个episodes平均:   -35.97
[17:41:32] 
各Agent奖励:
[17:41:32]   wind      :   84.072
[17:41:32]   solar     :   -5.140
[17:41:32]   diesel    :   -0.092
[17:41:32]   battery   :    2.819
[17:41:32]   customer  : -144.859
[17:41:32] 
🔌 Main Grid 交易:
[17:41:32]   进口电量:   266.15 kWh
[17:41:32]   出口电量:  1007.75 kWh
[17:41:32]   净交易量:  -741.60 kWh
[17:41:32]   平均出清价:   4.35 cents/kWh
[17:41:32]   市场独立度:  64.61%
[17:41:32] 
Buffer大小:  1968
[17:41:32] 噪声水平: 0.0921
[17:41:32] 
动作统计:
[17:41:32]   wind      : mean= 0.220, std= 0.249
[17:41:32]   solar     : mean=-0.951, std= 0.074
[17:41:32]   diesel    : mean= 0.150, std= 0.573
[17:41:32]   battery   : mean= 0.725, std= 0.314
[17:41:32]   customer  : mean= 0.455, std= 0.209
[17:41:32] 
======================================================================
[17:41:32] Episode 78/200
[17:41:32] ======================================================================
[17:41:32] 总奖励:  -103.25 | 步数: 24
[17:41:32] 最近10个episodes平均:   -42.83
[17:41:32] 
各Agent奖励:
[17:41:32]   wind      :   69.909
[17:41:32]   solar     :  -28.899
[17:41:32]   diesel    :    0.000
[17:41:32]   battery   :    0.000
[17:41:32]   customer  : -144.260
[17:41:32] 
🔌 Main Grid 交易:
[17:41:32]   进口电量:   280.34 kWh
[17:41:32]   出口电量:  1025.26 kWh
[17:41:32]   净交易量:  -744.92 kWh
[17:41:32]   平均出清价:   3.43 cents/kWh
[17:41:32]   市场独立度:  63.73%
[17:41:32] 
Buffer大小:  1992
[17:41:32] 噪声水平: 0.0920
[17:41:32] 
动作统计:
[17:41:32]   wind      : mean= 0.268, std= 0.295
[17:41:32]   solar     : mean=-0.945, std= 0.065
[17:41:32]   diesel    : mean= 0.160, std= 0.587
[17:41:32]   battery   : mean= 0.720, std= 0.302
[17:41:32]   customer  : mean= 0.437, std= 0.171
[17:41:32] 
======================================================================
[17:41:32] Episode 79/200
[17:41:32] ======================================================================
[17:41:32] 总奖励:   -72.93 | 步数: 24
[17:41:32] 最近10个episodes平均:   -45.31
[17:41:32] 
各Agent奖励:
[17:41:32]   wind      :   81.876
[17:41:32]   solar     :   14.740
[17:41:32]   diesel    :    0.225
[17:41:32]   battery   :    2.259
[17:41:32]   customer  : -172.035
[17:41:32] 
🔌 Main Grid 交易:
[17:41:32]   进口电量:   289.09 kWh
[17:41:32]   出口电量:  1132.62 kWh
[17:41:32]   净交易量:  -843.53 kWh
[17:41:32]   平均出清价:   8.82 cents/kWh
[17:41:32]   市场独立度:  60.51%
[17:41:32] 
Buffer大小:  2016
[17:41:32] 噪声水平: 0.0919
[17:41:32] 
动作统计:
[17:41:32]   wind      : mean= 0.286, std= 0.219
[17:41:32]   solar     : mean=-0.941, std= 0.063
[17:41:32]   diesel    : mean= 0.114, std= 0.607
[17:41:32]   battery   : mean= 0.705, std= 0.365
[17:41:32]   customer  : mean= 0.432, std= 0.169
[17:41:32] 
======================================================================
[17:41:32] Episode 80/200
[17:41:32] ======================================================================
[17:41:32] 总奖励:   -52.79 | 步数: 24
[17:41:32] 最近10个episodes平均:   -49.20
[17:41:32] 
各Agent奖励:
[17:41:32]   wind      :   97.642
[17:41:32]   solar     :  -20.220
[17:41:32]   diesel    :    0.000
[17:41:32]   battery   :    2.323
[17:41:32]   customer  : -132.535
[17:41:32] 
🔌 Main Grid 交易:
[17:41:32]   进口电量:   203.48 kWh
[17:41:32]   出口电量:  1064.12 kWh
[17:41:32]   净交易量:  -860.64 kWh
[17:41:32]   平均出清价:   4.61 cents/kWh
[17:41:32]   市场独立度:  64.79%
[17:41:32] 
Buffer大小:  2040
[17:41:32] 噪声水平: 0.0918
[17:41:32] 
动作统计:
[17:41:32]   wind      : mean= 0.249, std= 0.261
[17:41:32]   solar     : mean=-0.966, std= 0.059
[17:41:32]   diesel    : mean= 0.127, std= 0.579
[17:41:32]   battery   : mean= 0.662, std= 0.320
[17:41:32]   customer  : mean= 0.434, std= 0.181
[17:41:32] 
📊 生成可视化图表...
[17:41:32]   ✓ debug_plots/training_ep0080.png
[17:41:33] 
======================================================================
[17:41:33] Episode 81/200
[17:41:33] ======================================================================
[17:41:33] 总奖励:   -37.31 | 步数: 24
[17:41:33] 最近10个episodes平均:   -48.80
[17:41:33] 
各Agent奖励:
[17:41:33]   wind      :   88.038
[17:41:33]   solar     :   18.284
[17:41:33]   diesel    :   -0.093
[17:41:33]   battery   :    0.000
[17:41:33]   customer  : -143.539
[17:41:33] 
🔌 Main Grid 交易:
[17:41:33]   进口电量:   140.89 kWh
[17:41:33]   出口电量:   873.82 kWh
[17:41:33]   净交易量:  -732.93 kWh
[17:41:33]   平均出清价:   7.37 cents/kWh
[17:41:33]   市场独立度:  71.81%
[17:41:33] 
Buffer大小:  2064
[17:41:33] 噪声水平: 0.0918
[17:41:33] 
动作统计:
[17:41:33]   wind      : mean= 0.272, std= 0.243
[17:41:33]   solar     : mean=-0.953, std= 0.064
[17:41:33]   diesel    : mean= 0.115, std= 0.609
[17:41:33]   battery   : mean= 0.699, std= 0.322
[17:41:33]   customer  : mean= 0.463, std= 0.182
[17:41:33] 
======================================================================
[17:41:33] Episode 82/200
[17:41:33] ======================================================================
[17:41:33] 总奖励:   -44.66 | 步数: 24
[17:41:33] 最近10个episodes平均:   -49.58
[17:41:33] 
各Agent奖励:
[17:41:33]   wind      :   82.288
[17:41:33]   solar     :  -12.350
[17:41:33]   diesel    :    0.368
[17:41:33]   battery   :    2.708
[17:41:33]   customer  : -117.673
[17:41:33] 
🔌 Main Grid 交易:
[17:41:33]   进口电量:   116.28 kWh
[17:41:33]   出口电量:   779.79 kWh
[17:41:33]   净交易量:  -663.52 kWh
[17:41:33]   平均出清价:   3.55 cents/kWh
[17:41:33]   市场独立度:  75.11%
[17:41:33] 
Buffer大小:  2088
[17:41:33] 噪声水平: 0.0917
[17:41:33] 
动作统计:
[17:41:33]   wind      : mean= 0.241, std= 0.239
[17:41:33]   solar     : mean=-0.955, std= 0.049
[17:41:33]   diesel    : mean= 0.111, std= 0.592
[17:41:33]   battery   : mean= 0.654, std= 0.298
[17:41:33]   customer  : mean= 0.454, std= 0.147
[17:41:33] 
======================================================================
[17:41:33] Episode 83/200
[17:41:33] ======================================================================
[17:41:33] 总奖励:  -100.06 | 步数: 24
[17:41:33] 最近10个episodes平均:   -57.94
[17:41:33] 
各Agent奖励:
[17:41:33]   wind      :   82.518
[17:41:33]   solar     :   -3.725
[17:41:33]   diesel    :    0.000
[17:41:33]   battery   :    0.317
[17:41:33]   customer  : -179.173
[17:41:33] 
🔌 Main Grid 交易:
[17:41:33]   进口电量:   383.73 kWh
[17:41:33]   出口电量:   837.71 kWh
[17:41:33]   净交易量:  -453.98 kWh
[17:41:33]   平均出清价:   7.02 cents/kWh
[17:41:33]   市场独立度:  66.07%
[17:41:33] 
Buffer大小:  2112
[17:41:33] 噪声水平: 0.0916
[17:41:33] 
动作统计:
[17:41:33]   wind      : mean= 0.267, std= 0.233
[17:41:33]   solar     : mean=-0.964, std= 0.059
[17:41:33]   diesel    : mean= 0.094, std= 0.602
[17:41:33]   battery   : mean= 0.640, std= 0.298
[17:41:33]   customer  : mean= 0.451, std= 0.187
[17:41:33] 
======================================================================
[17:41:33] Episode 84/200
[17:41:33] ======================================================================
[17:41:33] 总奖励:   -72.34 | 步数: 24
[17:41:33] 最近10个episodes平均:   -60.78
[17:41:33] 
各Agent奖励:
[17:41:33]   wind      :   94.846
[17:41:33]   solar     :  -25.341
[17:41:33]   diesel    :    0.000
[17:41:33]   battery   :    0.000
[17:41:33]   customer  : -141.848
[17:41:33] 
🔌 Main Grid 交易:
[17:41:33]   进口电量:   243.00 kWh
[17:41:33]   出口电量:   854.65 kWh
[17:41:33]   净交易量:  -611.65 kWh
[17:41:33]   平均出清价:   3.75 cents/kWh
[17:41:33]   市场独立度:  69.51%
[17:41:33] 
Buffer大小:  2136
[17:41:33] 噪声水平: 0.0915
[17:41:33] 
动作统计:
[17:41:33]   wind      : mean= 0.258, std= 0.202
[17:41:33]   solar     : mean=-0.969, std= 0.042
[17:41:33]   diesel    : mean= 0.073, std= 0.620
[17:41:33]   battery   : mean= 0.618, std= 0.288
[17:41:33]   customer  : mean= 0.443, std= 0.175
[17:41:33] 
======================================================================
[17:41:33] Episode 85/200
[17:41:33] ======================================================================
[17:41:33] 总奖励:  -106.60 | 步数: 24
[17:41:33] 最近10个episodes平均:   -66.47
[17:41:33] 
各Agent奖励:
[17:41:33]   wind      :   59.257
[17:41:33]   solar     :   11.031
[17:41:33]   diesel    :    0.000
[17:41:33]   battery   :    0.000
[17:41:33]   customer  : -176.884
[17:41:33] 
🔌 Main Grid 交易:
[17:41:33]   进口电量:   371.30 kWh
[17:41:33]   出口电量:  1036.76 kWh
[17:41:33]   净交易量:  -665.45 kWh
[17:41:33]   平均出清价:   8.20 cents/kWh
[17:41:33]   市场独立度:  60.89%
[17:41:33] 
Buffer大小:  2160
[17:41:33] 噪声水平: 0.0914
[17:41:33] 
动作统计:
[17:41:33]   wind      : mean= 0.296, std= 0.220
[17:41:33]   solar     : mean=-0.966, std= 0.059
[17:41:33]   diesel    : mean= 0.048, std= 0.628
[17:41:33]   battery   : mean= 0.597, std= 0.277
[17:41:33]   customer  : mean= 0.440, std= 0.182
[17:41:33] 
======================================================================
[17:41:33] Episode 86/200
[17:41:33] ======================================================================
[17:41:33] 总奖励:   -76.99 | 步数: 24
[17:41:33] 最近10个episodes平均:   -73.01
[17:41:33] 
各Agent奖励:
[17:41:33]   wind      :   71.327
[17:41:33]   solar     :  -15.926
[17:41:33]   diesel    :    0.000
[17:41:33]   battery   :    0.000
[17:41:33]   customer  : -132.395
[17:41:33] 
🔌 Main Grid 交易:
[17:41:33]   进口电量:   181.93 kWh
[17:41:33]   出口电量:   899.88 kWh
[17:41:33]   净交易量:  -717.95 kWh
[17:41:33]   平均出清价:   3.68 cents/kWh
[17:41:33]   市场独立度:  69.95%
[17:41:33] 
Buffer大小:  2184
[17:41:33] 噪声水平: 0.0913
[17:41:33] 
动作统计:
[17:41:33]   wind      : mean= 0.264, std= 0.249
[17:41:33]   solar     : mean=-0.916, std= 0.079
[17:41:33]   diesel    : mean=-0.015, std= 0.651
[17:41:33]   battery   : mean= 0.558, std= 0.253
[17:41:33]   customer  : mean= 0.488, std= 0.150
[17:41:33] 
======================================================================
[17:41:33] Episode 87/200
[17:41:33] ======================================================================
[17:41:33] 总奖励:   -59.60 | 步数: 24
[17:41:33] 最近10个episodes平均:   -72.65
[17:41:33] 
各Agent奖励:
[17:41:33]   wind      :   85.591
[17:41:33]   solar     :  -33.111
[17:41:33]   diesel    :    0.000
[17:41:33]   battery   :    0.000
[17:41:33]   customer  : -112.080
[17:41:33] 
🔌 Main Grid 交易:
[17:41:33]   进口电量:    33.65 kWh
[17:41:33]   出口电量:  1143.66 kWh
[17:41:33]   净交易量: -1110.01 kWh
[17:41:33]   平均出清价:   1.31 cents/kWh
[17:41:33]   市场独立度:  67.30%
[17:41:33] 
Buffer大小:  2208
[17:41:33] 噪声水平: 0.0912
[17:41:33] 
动作统计:
[17:41:33]   wind      : mean= 0.259, std= 0.254
[17:41:33]   solar     : mean=-0.982, std= 0.040
[17:41:33]   diesel    : mean=-0.048, std= 0.661
[17:41:33]   battery   : mean= 0.519, std= 0.280
[17:41:33]   customer  : mean= 0.477, std= 0.153
[17:41:34] 
======================================================================
[17:41:34] Episode 88/200
[17:41:34] ======================================================================
[17:41:34] 总奖励:   -74.76 | 步数: 24
[17:41:34] 最近10个episodes平均:   -69.81
[17:41:34] 
各Agent奖励:
[17:41:34]   wind      :   73.328
[17:41:34]   solar     :  -46.003
[17:41:34]   diesel    :    0.000
[17:41:34]   battery   :   -0.412
[17:41:34]   customer  : -101.675
[17:41:34] 
🔌 Main Grid 交易:
[17:41:34]   进口电量:    27.18 kWh
[17:41:34]   出口电量:   921.22 kWh
[17:41:34]   净交易量:  -894.04 kWh
[17:41:34]   平均出清价:  -0.34 cents/kWh
[17:41:34]   市场独立度:  73.66%
[17:41:34] 
Buffer大小:  2232
[17:41:34] 噪声水平: 0.0911
[17:41:34] 
动作统计:
[17:41:34]   wind      : mean= 0.242, std= 0.218
[17:41:34]   solar     : mean=-0.953, std= 0.070
[17:41:34]   diesel    : mean=-0.059, std= 0.661
[17:41:34]   battery   : mean= 0.515, std= 0.273
[17:41:34]   customer  : mean= 0.489, std= 0.150
[17:41:34] 
======================================================================
[17:41:34] Episode 89/200
[17:41:34] ======================================================================
[17:41:34] 总奖励:   -88.41 | 步数: 24
[17:41:34] 最近10个episodes平均:   -71.35
[17:41:34] 
各Agent奖励:
[17:41:34]   wind      :   78.954
[17:41:34]   solar     :  -19.977
[17:41:34]   diesel    :    0.000
[17:41:34]   battery   :    0.510
[17:41:34]   customer  : -147.899
[17:41:34] 
🔌 Main Grid 交易:
[17:41:34]   进口电量:   230.81 kWh
[17:41:34]   出口电量:   934.89 kWh
[17:41:34]   净交易量:  -704.07 kWh
[17:41:34]   平均出清价:   6.44 cents/kWh
[17:41:34]   市场独立度:  67.62%
[17:41:34] 
Buffer大小:  2256
[17:41:34] 噪声水平: 0.0910
[17:41:34] 
动作统计:
[17:41:34]   wind      : mean= 0.266, std= 0.242
[17:41:34]   solar     : mean=-0.956, std= 0.056
[17:41:34]   diesel    : mean=-0.033, std= 0.665
[17:41:34]   battery   : mean= 0.509, std= 0.244
[17:41:34]   customer  : mean= 0.461, std= 0.138
[17:41:34] 
======================================================================
[17:41:34] Episode 90/200
[17:41:34] ======================================================================
[17:41:34] 总奖励:   -77.97 | 步数: 24
[17:41:34] 最近10个episodes平均:   -73.87
[17:41:34] 
各Agent奖励:
[17:41:34]   wind      :   75.849
[17:41:34]   solar     :   -2.395
[17:41:34]   diesel    :    0.000
[17:41:34]   battery   :    0.339
[17:41:34]   customer  : -151.762
[17:41:34] 
🔌 Main Grid 交易:
[17:41:34]   进口电量:   155.73 kWh
[17:41:34]   出口电量:   952.80 kWh
[17:41:34]   净交易量:  -797.07 kWh
[17:41:34]   平均出清价:   6.33 cents/kWh
[17:41:34]   市场独立度:  69.21%
[17:41:34] 
Buffer大小:  2280
[17:41:34] 噪声水平: 0.0909
[17:41:34] 
动作统计:
[17:41:34]   wind      : mean= 0.279, std= 0.210
[17:41:34]   solar     : mean=-0.972, std= 0.054
[17:41:34]   diesel    : mean=-0.047, std= 0.662
[17:41:34]   battery   : mean= 0.488, std= 0.256
[17:41:34]   customer  : mean= 0.494, std= 0.115
[17:41:34] 
📊 生成可视化图表...
[17:41:34]   ✓ debug_plots/training_ep0090.png
[17:41:34] 
======================================================================
[17:41:34] Episode 91/200
[17:41:34] ======================================================================
[17:41:34] 总奖励:   -41.35 | 步数: 24
[17:41:34] 最近10个episodes平均:   -74.28
[17:41:34] 
各Agent奖励:
[17:41:34]   wind      :   94.492
[17:41:34]   solar     :   -2.578
[17:41:34]   diesel    :    0.000
[17:41:34]   battery   :    1.265
[17:41:34]   customer  : -134.534
[17:41:34] 
🔌 Main Grid 交易:
[17:41:34]   进口电量:    41.09 kWh
[17:41:34]   出口电量:   805.59 kWh
[17:41:34]   净交易量:  -764.51 kWh
[17:41:34]   平均出清价:   7.26 cents/kWh
[17:41:34]   市场独立度:  76.48%
[17:41:34] 
Buffer大小:  2304
[17:41:34] 噪声水平: 0.0908
[17:41:34] 
动作统计:
[17:41:34]   wind      : mean= 0.255, std= 0.208
[17:41:34]   solar     : mean=-0.967, std= 0.051
[17:41:34]   diesel    : mean=-0.078, std= 0.673
[17:41:34]   battery   : mean= 0.438, std= 0.240
[17:41:34]   customer  : mean= 0.486, std= 0.142
[17:41:35] 
======================================================================
[17:41:35] Episode 92/200
[17:41:35] ======================================================================
[17:41:35] 总奖励:   -78.07 | 步数: 24
[17:41:35] 最近10个episodes平均:   -77.62
[17:41:35] 
各Agent奖励:
[17:41:35]   wind      :   76.562
[17:41:35]   solar     :  -12.570
[17:41:35]   diesel    :    0.000
[17:41:35]   battery   :    0.000
[17:41:35]   customer  : -142.063
[17:41:35] 
🔌 Main Grid 交易:
[17:41:35]   进口电量:   197.77 kWh
[17:41:35]   出口电量:   982.36 kWh
[17:41:35]   净交易量:  -784.59 kWh
[17:41:35]   平均出清价:   4.82 cents/kWh
[17:41:35]   市场独立度:  67.22%
[17:41:35] 
Buffer大小:  2328
[17:41:35] 噪声水平: 0.0908
[17:41:35] 
动作统计:
[17:41:35]   wind      : mean= 0.250, std= 0.192
[17:41:35]   solar     : mean=-0.957, std= 0.059
[17:41:35]   diesel    : mean=-0.094, std= 0.671
[17:41:35]   battery   : mean= 0.425, std= 0.221
[17:41:35]   customer  : mean= 0.469, std= 0.134
[17:41:35] 
======================================================================
[17:41:35] Episode 93/200
[17:41:35] ======================================================================
[17:41:35] 总奖励:   -39.87 | 步数: 24
[17:41:35] 最近10个episodes平均:   -71.60
[17:41:35] 
各Agent奖励:
[17:41:35]   wind      :  107.796
[17:41:35]   solar     :  -24.398
[17:41:35]   diesel    :    0.000
[17:41:35]   battery   :    0.000
[17:41:35]   customer  : -123.270
[17:41:35] 
🔌 Main Grid 交易:
[17:41:35]   进口电量:    77.48 kWh
[17:41:35]   出口电量:   812.90 kWh
[17:41:35]   净交易量:  -735.42 kWh
[17:41:35]   平均出清价:   1.56 cents/kWh
[17:41:35]   市场独立度:  75.27%
[17:41:35] 
Buffer大小:  2352
[17:41:35] 噪声水平: 0.0907
[17:41:35] 
动作统计:
[17:41:35]   wind      : mean= 0.216, std= 0.185
[17:41:35]   solar     : mean=-0.960, std= 0.058
[17:41:35]   diesel    : mean=-0.111, std= 0.654
[17:41:35]   battery   : mean= 0.443, std= 0.209
[17:41:35]   customer  : mean= 0.471, std= 0.144
[17:41:35] 
======================================================================
[17:41:35] Episode 94/200
[17:41:35] ======================================================================
[17:41:35] 总奖励:   -60.77 | 步数: 24
[17:41:35] 最近10个episodes平均:   -70.44
[17:41:35] 
各Agent奖励:
[17:41:35]   wind      :   71.732
[17:41:35]   solar     :    1.649
[17:41:35]   diesel    :    0.000
[17:41:35]   battery   :    0.000
[17:41:35]   customer  : -134.149
[17:41:35] 
🔌 Main Grid 交易:
[17:41:35]   进口电量:   148.00 kWh
[17:41:35]   出口电量:   835.82 kWh
[17:41:35]   净交易量:  -687.82 kWh
[17:41:35]   平均出清价:   6.34 cents/kWh
[17:41:35]   市场独立度:  72.67%
[17:41:35] 
Buffer大小:  2376
[17:41:35] 噪声水平: 0.0906
[17:41:35] 
动作统计:
[17:41:35]   wind      : mean= 0.214, std= 0.201
[17:41:35]   solar     : mean=-0.975, std= 0.062
[17:41:35]   diesel    : mean=-0.161, std= 0.680
[17:41:35]   battery   : mean= 0.401, std= 0.207
[17:41:35]   customer  : mean= 0.452, std= 0.086
[17:41:35] 
======================================================================
[17:41:35] Episode 95/200
[17:41:35] ======================================================================
[17:41:35] 总奖励:   -43.19 | 步数: 24
[17:41:35] 最近10个episodes平均:   -64.10
[17:41:35] 
各Agent奖励:
[17:41:35]   wind      :  102.721
[17:41:35]   solar     :    9.164
[17:41:35]   diesel    :    0.000
[17:41:35]   battery   :    0.391
[17:41:35]   customer  : -155.471
[17:41:35] 
🔌 Main Grid 交易:
[17:41:35]   进口电量:   168.64 kWh
[17:41:35]   出口电量:  1052.39 kWh
[17:41:35]   净交易量:  -883.75 kWh
[17:41:35]   平均出清价:   7.74 cents/kWh
[17:41:35]   市场独立度:  66.08%
[17:41:35] 
Buffer大小:  2400
[17:41:35] 噪声水平: 0.0905
[17:41:35] 
动作统计:
[17:41:35]   wind      : mean= 0.227, std= 0.181
[17:41:35]   solar     : mean=-0.958, std= 0.062
[17:41:35]   diesel    : mean=-0.208, std= 0.662
[17:41:35]   battery   : mean= 0.415, std= 0.192
[17:41:35]   customer  : mean= 0.451, std= 0.131
[17:41:35] 
======================================================================
[17:41:35] Episode 96/200
[17:41:35] ======================================================================
[17:41:35] 总奖励:   -49.05 | 步数: 24
[17:41:35] 最近10个episodes平均:   -61.31
[17:41:35] 
各Agent奖励:
[17:41:35]   wind      :   82.974
[17:41:35]   solar     :   21.095
[17:41:35]   diesel    :    0.000
[17:41:35]   battery   :    0.636
[17:41:35]   customer  : -153.754
[17:41:35] 
🔌 Main Grid 交易:
[17:41:35]   进口电量:   106.20 kWh
[17:41:35]   出口电量:   917.76 kWh
[17:41:35]   净交易量:  -811.56 kWh
[17:41:35]   平均出清价:   9.49 cents/kWh
[17:41:35]   市场独立度:  71.56%
[17:41:35] 
Buffer大小:  2424
[17:41:35] 噪声水平: 0.0904
[17:41:35] 
动作统计:
[17:41:35]   wind      : mean= 0.248, std= 0.198
[17:41:35]   solar     : mean=-0.952, std= 0.048
[17:41:35]   diesel    : mean=-0.274, std= 0.642
[17:41:35]   battery   : mean= 0.382, std= 0.221
[17:41:35]   customer  : mean= 0.456, std= 0.084
[17:41:36] 
======================================================================
[17:41:36] Episode 97/200
[17:41:36] ======================================================================
[17:41:36] 总奖励:   -68.61 | 步数: 24
[17:41:36] 最近10个episodes平均:   -62.21
[17:41:36] 
各Agent奖励:
[17:41:36]   wind      :   88.411
[17:41:36]   solar     :   -8.070
[17:41:36]   diesel    :    0.000
[17:41:36]   battery   :    0.000
[17:41:36]   customer  : -148.949
[17:41:36] 
🔌 Main Grid 交易:
[17:41:36]   进口电量:   127.76 kWh
[17:41:36]   出口电量:   808.45 kWh
[17:41:36]   净交易量:  -680.70 kWh
[17:41:36]   平均出清价:   7.60 cents/kWh
[17:41:36]   市场独立度:  73.99%
[17:41:36] 
Buffer大小:  2448
[17:41:36] 噪声水平: 0.0903
[17:41:36] 
动作统计:
[17:41:36]   wind      : mean= 0.230, std= 0.197
[17:41:36]   solar     : mean=-0.964, std= 0.054
[17:41:36]   diesel    : mean=-0.348, std= 0.613
[17:41:36]   battery   : mean= 0.345, std= 0.212
[17:41:36]   customer  : mean= 0.476, std= 0.117
[17:41:36] 
======================================================================
[17:41:36] Episode 98/200
[17:41:36] ======================================================================
[17:41:36] 总奖励:   -42.12 | 步数: 24
[17:41:36] 最近10个episodes平均:   -58.94
[17:41:36] 
各Agent奖励:
[17:41:36]   wind      :   90.613
[17:41:36]   solar     :   15.137
[17:41:36]   diesel    :    0.000
[17:41:36]   battery   :    1.875
[17:41:36]   customer  : -149.745
[17:41:36] 
🔌 Main Grid 交易:
[17:41:36]   进口电量:   123.94 kWh
[17:41:36]   出口电量:  1064.52 kWh
[17:41:36]   净交易量:  -940.58 kWh
[17:41:36]   平均出清价:   9.81 cents/kWh
[17:41:36]   市场独立度:  66.99%
[17:41:36] 
Buffer大小:  2472
[17:41:36] 噪声水平: 0.0902
[17:41:36] 
动作统计:
[17:41:36]   wind      : mean= 0.258, std= 0.181
[17:41:36]   solar     : mean=-0.959, std= 0.052
[17:41:36]   diesel    : mean=-0.453, std= 0.545
[17:41:36]   battery   : mean= 0.344, std= 0.200
[17:41:36]   customer  : mean= 0.458, std= 0.089
[17:41:36] 
======================================================================
[17:41:36] Episode 99/200
[17:41:36] ======================================================================
[17:41:36] 总奖励:   -78.59 | 步数: 24
[17:41:36] 最近10个episodes平均:   -57.96
[17:41:36] 
各Agent奖励:
[17:41:36]   wind      :   67.077
[17:41:36]   solar     :    3.099
[17:41:36]   diesel    :    0.000
[17:41:36]   battery   :    0.696
[17:41:36]   customer  : -149.467
[17:41:36] 
🔌 Main Grid 交易:
[17:41:36]   进口电量:    98.59 kWh
[17:41:36]   出口电量:   924.50 kWh
[17:41:36]   净交易量:  -825.91 kWh
[17:41:36]   平均出清价:   6.21 cents/kWh
[17:41:36]   市场独立度:  71.58%
[17:41:36] 
Buffer大小:  2496
[17:41:36] 噪声水平: 0.0901
[17:41:36] 
动作统计:
[17:41:36]   wind      : mean= 0.209, std= 0.151
[17:41:36]   solar     : mean=-0.946, std= 0.061
[17:41:36]   diesel    : mean=-0.490, std= 0.478
[17:41:36]   battery   : mean= 0.321, std= 0.217
[17:41:36]   customer  : mean= 0.464, std= 0.110
[17:41:36] 
======================================================================
[17:41:36] Episode 100/200
[17:41:36] ======================================================================
[17:41:36] 总奖励:   -28.58 | 步数: 24
[17:41:36] 最近10个episodes平均:   -53.02
[17:41:36] 
各Agent奖励:
[17:41:36]   wind      :  101.832
[17:41:36]   solar     :   34.951
[17:41:36]   diesel    :    0.000
[17:41:36]   battery   :    0.006
[17:41:36]   customer  : -165.364
[17:41:36] 
🔌 Main Grid 交易:
[17:41:36]   进口电量:   124.80 kWh
[17:41:36]   出口电量:   882.21 kWh
[17:41:36]   净交易量:  -757.41 kWh
[17:41:36]   平均出清价:  12.60 cents/kWh
[17:41:36]   市场独立度:  72.03%
[17:41:36] 
Buffer大小:  2520
[17:41:36] 噪声水平: 0.0900
[17:41:36] 
动作统计:
[17:41:36]   wind      : mean= 0.237, std= 0.169
[17:41:36]   solar     : mean=-0.975, std= 0.034
[17:41:36]   diesel    : mean=-0.544, std= 0.459
[17:41:36]   battery   : mean= 0.343, std= 0.184
[17:41:36]   customer  : mean= 0.425, std= 0.112
[17:41:36] 
📊 生成可视化图表...
[17:41:36]   ✓ debug_plots/training_ep0100.png
[17:41:36] 💾 保存checkpoint: debug_checkpoints/debug_maddpg_20251203_174115_ep0100.pt
[17:41:37] 
======================================================================
[17:41:37] Episode 101/200
[17:41:37] ======================================================================
[17:41:37] 总奖励:   -48.08 | 步数: 24
[17:41:37] 最近10个episodes平均:   -53.69
[17:41:37] 
各Agent奖励:
[17:41:37]   wind      :  101.203
[17:41:37]   solar     :   19.184
[17:41:37]   diesel    :    0.000
[17:41:37]   battery   :    0.834
[17:41:37]   customer  : -169.299
[17:41:37] 
🔌 Main Grid 交易:
[17:41:37]   进口电量:   192.94 kWh
[17:41:37]   出口电量:   626.08 kWh
[17:41:37]   净交易量:  -433.13 kWh
[17:41:37]   平均出清价:  10.29 cents/kWh
[17:41:37]   市场独立度:  77.25%
[17:41:37] 
Buffer大小:  2544
[17:41:37] 噪声水平: 0.0899
[17:41:37] 
动作统计:
[17:41:37]   wind      : mean= 0.206, std= 0.132
[17:41:37]   solar     : mean=-0.968, std= 0.055
[17:41:37]   diesel    : mean=-0.575, std= 0.392
[17:41:37]   battery   : mean= 0.339, std= 0.198
[17:41:37]   customer  : mean= 0.419, std= 0.147
[17:41:37] 
======================================================================
[17:41:37] Episode 102/200
[17:41:37] ======================================================================
[17:41:37] 总奖励:   -26.71 | 步数: 24
[17:41:37] 最近10个episodes平均:   -48.56
[17:41:37] 
各Agent奖励:
[17:41:37]   wind      :   95.502
[17:41:37]   solar     :   50.254
[17:41:37]   diesel    :    0.000
[17:41:37]   battery   :    2.580
[17:41:37]   customer  : -175.041
[17:41:37] 
🔌 Main Grid 交易:
[17:41:37]   进口电量:   201.27 kWh
[17:41:37]   出口电量:   714.53 kWh
[17:41:37]   净交易量:  -513.26 kWh
[17:41:37]   平均出清价:  13.55 cents/kWh
[17:41:37]   市场独立度:  74.56%
[17:41:37] 
Buffer大小:  2568
[17:41:37] 噪声水平: 0.0898
[17:41:37] 
动作统计:
[17:41:37]   wind      : mean= 0.210, std= 0.152
[17:41:37]   solar     : mean=-0.950, std= 0.066
[17:41:37]   diesel    : mean=-0.610, std= 0.351
[17:41:37]   battery   : mean= 0.348, std= 0.222
[17:41:37]   customer  : mean= 0.397, std= 0.135
[17:41:37] 
======================================================================
[17:41:37] Episode 103/200
[17:41:37] ======================================================================
[17:41:37] 总奖励:   -24.00 | 步数: 24
[17:41:37] 最近10个episodes平均:   -46.97
[17:41:37] 
各Agent奖励:
[17:41:37]   wind      :   84.620
[17:41:37]   solar     :   70.968
[17:41:37]   diesel    :    0.000
[17:41:37]   battery   :    0.163
[17:41:37]   customer  : -179.752
[17:41:37] 
🔌 Main Grid 交易:
[17:41:37]   进口电量:   100.83 kWh
[17:41:37]   出口电量:   872.47 kWh
[17:41:37]   净交易量:  -771.63 kWh
[17:41:37]   平均出清价:  15.23 cents/kWh
[17:41:37]   市场独立度:  72.96%
[17:41:37] 
Buffer大小:  2592
[17:41:37] 噪声水平: 0.0898
[17:41:37] 
动作统计:
[17:41:37]   wind      : mean= 0.239, std= 0.216
[17:41:37]   solar     : mean=-0.949, std= 0.061
[17:41:37]   diesel    : mean=-0.624, std= 0.331
[17:41:37]   battery   : mean= 0.325, std= 0.201
[17:41:37]   customer  : mean= 0.410, std= 0.156
[17:41:37] 
======================================================================
[17:41:37] Episode 104/200
[17:41:37] ======================================================================
[17:41:37] 总奖励:    -7.63 | 步数: 24
[17:41:37] 最近10个episodes平均:   -41.66
[17:41:37] 
各Agent奖励:
[17:41:37]   wind      :   98.282
[17:41:37]   solar     :   63.000
[17:41:37]   diesel    :    0.000
[17:41:37]   battery   :    0.745
[17:41:37]   customer  : -169.660
[17:41:37] 
🔌 Main Grid 交易:
[17:41:37]   进口电量:    75.08 kWh
[17:41:37]   出口电量:  1116.75 kWh
[17:41:37]   净交易量: -1041.67 kWh
[17:41:37]   平均出清价:  15.13 cents/kWh
[17:41:37]   市场独立度:  66.89%
[17:41:37] 
Buffer大小:  2616
[17:41:37] 噪声水平: 0.0897
[17:41:37] 
动作统计:
[17:41:37]   wind      : mean= 0.217, std= 0.162
[17:41:37]   solar     : mean=-0.944, std= 0.062
[17:41:37]   diesel    : mean=-0.683, std= 0.312
[17:41:37]   battery   : mean= 0.308, std= 0.187
[17:41:37]   customer  : mean= 0.434, std= 0.124
[17:41:37] 
======================================================================
[17:41:37] Episode 105/200
[17:41:37] ======================================================================
[17:41:37] 总奖励:   -57.53 | 步数: 24
[17:41:37] 最近10个episodes平均:   -43.09
[17:41:37] 
各Agent奖励:
[17:41:37]   wind      :   86.491
[17:41:37]   solar     :   30.333
[17:41:37]   diesel    :    0.000
[17:41:37]   battery   :    0.103
[17:41:37]   customer  : -174.456
[17:41:37] 
🔌 Main Grid 交易:
[17:41:37]   进口电量:   197.08 kWh
[17:41:37]   出口电量:   462.02 kWh
[17:41:37]   净交易量:  -264.95 kWh
[17:41:37]   平均出清价:  12.83 cents/kWh
[17:41:37]   市场独立度:  81.69%
[17:41:37] 
Buffer大小:  2640
[17:41:37] 噪声水平: 0.0896
[17:41:37] 
动作统计:
[17:41:37]   wind      : mean= 0.237, std= 0.172
[17:41:37]   solar     : mean=-0.956, std= 0.065
[17:41:37]   diesel    : mean=-0.657, std= 0.275
[17:41:37]   battery   : mean= 0.306, std= 0.214
[17:41:37]   customer  : mean= 0.417, std= 0.101
[17:41:37] 
======================================================================
[17:41:37] Episode 106/200
[17:41:37] ======================================================================
[17:41:37] 总奖励:   -21.74 | 步数: 24
[17:41:37] 最近10个episodes平均:   -40.36
[17:41:37] 
各Agent奖励:
[17:41:37]   wind      :   96.591
[17:41:37]   solar     :   42.865
[17:41:37]   diesel    :    0.000
[17:41:37]   battery   :    3.005
[17:41:37]   customer  : -164.203
[17:41:37] 
🔌 Main Grid 交易:
[17:41:37]   进口电量:   102.22 kWh
[17:41:37]   出口电量:   815.60 kWh
[17:41:37]   净交易量:  -713.38 kWh
[17:41:37]   平均出清价:  11.67 cents/kWh
[17:41:37]   市场独立度:  74.51%
[17:41:37] 
Buffer大小:  2664
[17:41:37] 噪声水平: 0.0895
[17:41:37] 
动作统计:
[17:41:37]   wind      : mean= 0.235, std= 0.150
[17:41:37]   solar     : mean=-0.977, std= 0.040
[17:41:37]   diesel    : mean=-0.705, std= 0.257
[17:41:37]   battery   : mean= 0.336, std= 0.212
[17:41:37]   customer  : mean= 0.420, std= 0.141
[17:41:38] 
======================================================================
[17:41:38] Episode 107/200
[17:41:38] ======================================================================
[17:41:38] 总奖励:   -43.28 | 步数: 24
[17:41:38] 最近10个episodes平均:   -37.83
[17:41:38] 
各Agent奖励:
[17:41:38]   wind      :   91.749
[17:41:38]   solar     :   18.330
[17:41:38]   diesel    :    0.000
[17:41:38]   battery   :   -0.161
[17:41:38]   customer  : -153.194
[17:41:38] 
🔌 Main Grid 交易:
[17:41:38]   进口电量:    92.12 kWh
[17:41:38]   出口电量:   929.61 kWh
[17:41:38]   净交易量:  -837.49 kWh
[17:41:38]   平均出清价:   8.73 cents/kWh
[17:41:38]   市场独立度:  71.62%
[17:41:38] 
Buffer大小:  2688
[17:41:38] 噪声水平: 0.0894
[17:41:38] 
动作统计:
[17:41:38]   wind      : mean= 0.214, std= 0.155
[17:41:38]   solar     : mean=-0.965, std= 0.048
[17:41:38]   diesel    : mean=-0.682, std= 0.244
[17:41:38]   battery   : mean= 0.304, std= 0.207
[17:41:38]   customer  : mean= 0.440, std= 0.149
[17:41:38] 
======================================================================
[17:41:38] Episode 108/200
[17:41:38] ======================================================================
[17:41:38] 总奖励:   -57.85 | 步数: 24
[17:41:38] 最近10个episodes平均:   -39.40
[17:41:38] 
各Agent奖励:
[17:41:38]   wind      :   81.713
[17:41:38]   solar     :    9.301
[17:41:38]   diesel    :    0.000
[17:41:38]   battery   :    0.000
[17:41:38]   customer  : -148.863
[17:41:38] 
🔌 Main Grid 交易:
[17:41:38]   进口电量:   163.98 kWh
[17:41:38]   出口电量:   849.75 kWh
[17:41:38]   净交易量:  -685.78 kWh
[17:41:38]   平均出清价:   8.25 cents/kWh
[17:41:38]   市场独立度:  71.84%
[17:41:38] 
Buffer大小:  2712
[17:41:38] 噪声水平: 0.0893
[17:41:38] 
动作统计:
[17:41:38]   wind      : mean= 0.203, std= 0.169
[17:41:38]   solar     : mean=-0.939, std= 0.052
[17:41:38]   diesel    : mean=-0.720, std= 0.234
[17:41:38]   battery   : mean= 0.310, std= 0.202
[17:41:38]   customer  : mean= 0.420, std= 0.150
[17:41:38] 
======================================================================
[17:41:38] Episode 109/200
[17:41:38] ======================================================================
[17:41:38] 总奖励:   -58.21 | 步数: 24
[17:41:38] 最近10个episodes平均:   -37.36
[17:41:38] 
各Agent奖励:
[17:41:38]   wind      :   80.137
[17:41:38]   solar     :    2.234
[17:41:38]   diesel    :    0.000
[17:41:38]   battery   :    0.000
[17:41:38]   customer  : -140.585
[17:41:38] 
🔌 Main Grid 交易:
[17:41:38]   进口电量:   103.42 kWh
[17:41:38]   出口电量:   805.48 kWh
[17:41:38]   净交易量:  -702.06 kWh
[17:41:38]   平均出清价:   7.90 cents/kWh
[17:41:38]   市场独立度:  74.75%
[17:41:38] 
Buffer大小:  2736
[17:41:38] 噪声水平: 0.0892
[17:41:38] 
动作统计:
[17:41:38]   wind      : mean= 0.224, std= 0.153
[17:41:38]   solar     : mean=-0.951, std= 0.066
[17:41:38]   diesel    : mean=-0.721, std= 0.218
[17:41:38]   battery   : mean= 0.314, std= 0.192
[17:41:38]   customer  : mean= 0.407, std= 0.123
[17:41:38] 
======================================================================
[17:41:38] Episode 110/200
[17:41:38] ======================================================================
[17:41:38] 总奖励:   -19.01 | 步数: 24
[17:41:38] 最近10个episodes平均:   -36.40
[17:41:38] 
各Agent奖励:
[17:41:38]   wind      :  113.928
[17:41:38]   solar     :   28.829
[17:41:38]   diesel    :    0.000
[17:41:38]   battery   :    0.000
[17:41:38]   customer  : -161.767
[17:41:38] 
🔌 Main Grid 交易:
[17:41:38]   进口电量:   110.06 kWh
[17:41:38]   出口电量:  1014.47 kWh
[17:41:38]   净交易量:  -904.40 kWh
[17:41:38]   平均出清价:  10.72 cents/kWh
[17:41:38]   市场独立度:  68.76%
[17:41:38] 
Buffer大小:  2760
[17:41:38] 噪声水平: 0.0891
[17:41:38] 
动作统计:
[17:41:38]   wind      : mean= 0.235, std= 0.161
[17:41:38]   solar     : mean=-0.946, std= 0.069
[17:41:38]   diesel    : mean=-0.738, std= 0.238
[17:41:38]   battery   : mean= 0.312, std= 0.189
[17:41:38]   customer  : mean= 0.412, std= 0.117
[17:41:38] 
📊 生成可视化图表...
[17:41:38]   ✓ debug_plots/training_ep0110.png
[17:41:39] 
======================================================================
[17:41:39] Episode 111/200
[17:41:39] ======================================================================
[17:41:39] 总奖励:   -45.73 | 步数: 24
[17:41:39] 最近10个episodes平均:   -36.17
[17:41:39] 
各Agent奖励:
[17:41:39]   wind      :   94.866
[17:41:39]   solar     :   16.138
[17:41:39]   diesel    :    0.000
[17:41:39]   battery   :    0.000
[17:41:39]   customer  : -156.730
[17:41:39] 
🔌 Main Grid 交易:
[17:41:39]   进口电量:   152.05 kWh
[17:41:39]   出口电量:  1122.56 kWh
[17:41:39]   净交易量:  -970.52 kWh
[17:41:39]   平均出清价:   9.57 cents/kWh
[17:41:39]   市场独立度:  64.59%
[17:41:39] 
Buffer大小:  2784
[17:41:39] 噪声水平: 0.0890
[17:41:39] 
动作统计:
[17:41:39]   wind      : mean= 0.231, std= 0.169
[17:41:39]   solar     : mean=-0.930, std= 0.086
[17:41:39]   diesel    : mean=-0.714, std= 0.240
[17:41:39]   battery   : mean= 0.318, std= 0.168
[17:41:39]   customer  : mean= 0.379, std= 0.155
[17:41:39] 
======================================================================
[17:41:39] Episode 112/200
[17:41:39] ======================================================================
[17:41:39] 总奖励:   -40.39 | 步数: 24
[17:41:39] 最近10个episodes平均:   -37.54
[17:41:39] 
各Agent奖励:
[17:41:39]   wind      :   93.800
[17:41:39]   solar     :   38.540
[17:41:39]   diesel    :    0.000
[17:41:39]   battery   :   -0.164
[17:41:39]   customer  : -172.563
[17:41:39] 
🔌 Main Grid 交易:
[17:41:39]   进口电量:    67.13 kWh
[17:41:39]   出口电量:   824.23 kWh
[17:41:39]   净交易量:  -757.10 kWh
[17:41:39]   平均出清价:  12.01 cents/kWh
[17:41:39]   市场独立度:  75.24%
[17:41:39] 
Buffer大小:  2808
[17:41:39] 噪声水平: 0.0890
[17:41:39] 
动作统计:
[17:41:39]   wind      : mean= 0.252, std= 0.149
[17:41:39]   solar     : mean=-0.915, std= 0.095
[17:41:39]   diesel    : mean=-0.747, std= 0.225
[17:41:39]   battery   : mean= 0.317, std= 0.201
[17:41:39]   customer  : mean= 0.408, std= 0.140
[17:41:39] 
======================================================================
[17:41:39] Episode 113/200
[17:41:39] ======================================================================
[17:41:39] 总奖励:   -21.00 | 步数: 24
[17:41:39] 最近10个episodes平均:   -37.24
[17:41:39] 
各Agent奖励:
[17:41:39]   wind      :  108.441
[17:41:39]   solar     :   27.602
[17:41:39]   diesel    :    0.000
[17:41:39]   battery   :    0.296
[17:41:39]   customer  : -157.340
[17:41:39] 
🔌 Main Grid 交易:
[17:41:39]   进口电量:   105.34 kWh
[17:41:39]   出口电量:   992.34 kWh
[17:41:39]   净交易量:  -887.00 kWh
[17:41:39]   平均出清价:  10.82 cents/kWh
[17:41:39]   市场独立度:  69.51%
[17:41:39] 
Buffer大小:  2832
[17:41:39] 噪声水平: 0.0889
[17:41:39] 
动作统计:
[17:41:39]   wind      : mean= 0.214, std= 0.162
[17:41:39]   solar     : mean=-0.919, std= 0.107
[17:41:39]   diesel    : mean=-0.737, std= 0.226
[17:41:39]   battery   : mean= 0.296, std= 0.176
[17:41:39]   customer  : mean= 0.395, std= 0.142
[17:41:39] 
======================================================================
[17:41:39] Episode 114/200
[17:41:39] ======================================================================
[17:41:39] 总奖励:   -29.25 | 步数: 24
[17:41:39] 最近10个episodes平均:   -39.40
[17:41:39] 
各Agent奖励:
[17:41:39]   wind      :  100.159
[17:41:39]   solar     :   19.620
[17:41:39]   diesel    :    0.000
[17:41:39]   battery   :    0.856
[17:41:39]   customer  : -149.886
[17:41:39] 
🔌 Main Grid 交易:
[17:41:39]   进口电量:   104.50 kWh
[17:41:39]   出口电量:   862.30 kWh
[17:41:39]   净交易量:  -757.80 kWh
[17:41:39]   平均出清价:  10.31 cents/kWh
[17:41:39]   市场独立度:  73.14%
[17:41:39] 
Buffer大小:  2856
[17:41:39] 噪声水平: 0.0888
[17:41:39] 
动作统计:
[17:41:39]   wind      : mean= 0.216, std= 0.140
[17:41:39]   solar     : mean=-0.900, std= 0.113
[17:41:39]   diesel    : mean=-0.763, std= 0.218
[17:41:39]   battery   : mean= 0.287, std= 0.203
[17:41:39]   customer  : mean= 0.425, std= 0.118
[17:41:39] 
======================================================================
[17:41:39] Episode 115/200
[17:41:39] ======================================================================
[17:41:39] 总奖励:   -29.93 | 步数: 24
[17:41:39] 最近10个episodes平均:   -36.64
[17:41:39] 
各Agent奖励:
[17:41:39]   wind      :   96.777
[17:41:39]   solar     :   44.516
[17:41:39]   diesel    :    0.000
[17:41:39]   battery   :   -0.608
[17:41:39]   customer  : -170.614
[17:41:39] 
🔌 Main Grid 交易:
[17:41:39]   进口电量:    70.65 kWh
[17:41:39]   出口电量:  1023.52 kWh
[17:41:39]   净交易量:  -952.87 kWh
[17:41:39]   平均出清价:  13.54 cents/kWh
[17:41:39]   市场独立度:  69.61%
[17:41:39] 
Buffer大小:  2880
[17:41:39] 噪声水平: 0.0887
[17:41:39] 
动作统计:
[17:41:39]   wind      : mean= 0.234, std= 0.128
[17:41:39]   solar     : mean=-0.913, std= 0.097
[17:41:39]   diesel    : mean=-0.751, std= 0.193
[17:41:39]   battery   : mean= 0.307, std= 0.187
[17:41:39]   customer  : mean= 0.412, std= 0.132
[17:41:39] 
======================================================================
[17:41:39] Episode 116/200
[17:41:39] ======================================================================
[17:41:39] 总奖励:   -35.78 | 步数: 24
[17:41:39] 最近10个episodes平均:   -38.04
[17:41:39] 
各Agent奖励:
[17:41:39]   wind      :  102.363
[17:41:39]   solar     :   22.655
[17:41:39]   diesel    :    0.000
[17:41:39]   battery   :   -0.740
[17:41:39]   customer  : -160.054
[17:41:39] 
🔌 Main Grid 交易:
[17:41:39]   进口电量:   152.45 kWh
[17:41:39]   出口电量:   627.92 kWh
[17:41:39]   净交易量:  -475.46 kWh
[17:41:39]   平均出清价:   9.96 cents/kWh
[17:41:39]   市场独立度:  78.32%
[17:41:39] 
Buffer大小:  2904
[17:41:39] 噪声水平: 0.0886
[17:41:39] 
动作统计:
[17:41:39]   wind      : mean= 0.209, std= 0.162
[17:41:39]   solar     : mean=-0.882, std= 0.144
[17:41:39]   diesel    : mean=-0.736, std= 0.209
[17:41:39]   battery   : mean= 0.315, std= 0.190
[17:41:39]   customer  : mean= 0.414, std= 0.129
[17:41:39] 
======================================================================
[17:41:39] Episode 117/200
[17:41:39] ======================================================================
[17:41:39] 总奖励:   -34.50 | 步数: 24
[17:41:39] 最近10个episodes平均:   -37.16
[17:41:39] 
各Agent奖励:
[17:41:39]   wind      :   92.445
[17:41:39]   solar     :   41.840
[17:41:39]   diesel    :    0.000
[17:41:39]   battery   :    0.000
[17:41:39]   customer  : -168.790
[17:41:39] 
🔌 Main Grid 交易:
[17:41:39]   进口电量:    76.52 kWh
[17:41:39]   出口电量:   871.78 kWh
[17:41:39]   净交易量:  -795.26 kWh
[17:41:39]   平均出清价:  12.58 cents/kWh
[17:41:39]   市场独立度:  73.66%
[17:41:39] 
Buffer大小:  2928
[17:41:39] 噪声水平: 0.0885
[17:41:39] 
动作统计:
[17:41:39]   wind      : mean= 0.229, std= 0.179
[17:41:39]   solar     : mean=-0.875, std= 0.143
[17:41:39]   diesel    : mean=-0.758, std= 0.204
[17:41:39]   battery   : mean= 0.307, std= 0.191
[17:41:39]   customer  : mean= 0.410, std= 0.112
[17:41:40] 
======================================================================
[17:41:40] Episode 118/200
[17:41:40] ======================================================================
[17:41:40] 总奖励:   -21.92 | 步数: 24
[17:41:40] 最近10个episodes平均:   -33.57
[17:41:40] 
各Agent奖励:
[17:41:40]   wind      :   95.419
[17:41:40]   solar     :   33.085
[17:41:40]   diesel    :    0.000
[17:41:40]   battery   :   -0.226
[17:41:40]   customer  : -150.203
[17:41:40] 
🔌 Main Grid 交易:
[17:41:40]   进口电量:    86.75 kWh
[17:41:40]   出口电量:   786.98 kWh
[17:41:40]   净交易量:  -700.23 kWh
[17:41:40]   平均出清价:  11.20 cents/kWh
[17:41:40]   市场独立度:  75.73%
[17:41:40] 
Buffer大小:  2952
[17:41:40] 噪声水平: 0.0884
[17:41:40] 
动作统计:
[17:41:40]   wind      : mean= 0.222, std= 0.138
[17:41:40]   solar     : mean=-0.859, std= 0.143
[17:41:40]   diesel    : mean=-0.792, std= 0.184
[17:41:40]   battery   : mean= 0.297, std= 0.222
[17:41:40]   customer  : mean= 0.394, std= 0.148
[17:41:40] 
======================================================================
[17:41:40] Episode 119/200
[17:41:40] ======================================================================
[17:41:40] 总奖励:   -35.05 | 步数: 24
[17:41:40] 最近10个episodes平均:   -31.26
[17:41:40] 
各Agent奖励:
[17:41:40]   wind      :   95.125
[17:41:40]   solar     :   25.562
[17:41:40]   diesel    :    0.000
[17:41:40]   battery   :    1.130
[17:41:40]   customer  : -156.871
[17:41:40] 
🔌 Main Grid 交易:
[17:41:40]   进口电量:    69.49 kWh
[17:41:40]   出口电量:   837.08 kWh
[17:41:40]   净交易量:  -767.59 kWh
[17:41:40]   平均出清价:  10.41 cents/kWh
[17:41:40]   市场独立度:  74.82%
[17:41:40] 
Buffer大小:  2976
[17:41:40] 噪声水平: 0.0883
[17:41:40] 
动作统计:
[17:41:40]   wind      : mean= 0.235, std= 0.145
[17:41:40]   solar     : mean=-0.872, std= 0.169
[17:41:40]   diesel    : mean=-0.780, std= 0.191
[17:41:40]   battery   : mean= 0.272, std= 0.203
[17:41:40]   customer  : mean= 0.373, std= 0.134
[17:41:40] 
======================================================================
[17:41:40] Episode 120/200
[17:41:40] ======================================================================
[17:41:40] 总奖励:   -21.25 | 步数: 24
[17:41:40] 最近10个episodes平均:   -31.48
[17:41:40] 
各Agent奖励:
[17:41:40]   wind      :  108.591
[17:41:40]   solar     :   53.322
[17:41:40]   diesel    :    0.000
[17:41:40]   battery   :    0.356
[17:41:40]   customer  : -183.516
[17:41:40] 
🔌 Main Grid 交易:
[17:41:40]   进口电量:   201.51 kWh
[17:41:40]   出口电量:   826.88 kWh
[17:41:40]   净交易量:  -625.37 kWh
[17:41:40]   平均出清价:  14.91 cents/kWh
[17:41:40]   市场独立度:  71.43%
[17:41:40] 
Buffer大小:  3000
[17:41:40] 噪声水平: 0.0882
[17:41:40] 
动作统计:
[17:41:40]   wind      : mean= 0.234, std= 0.141
[17:41:40]   solar     : mean=-0.854, std= 0.154
[17:41:40]   diesel    : mean=-0.791, std= 0.193
[17:41:40]   battery   : mean= 0.287, std= 0.207
[17:41:40]   customer  : mean= 0.385, std= 0.119
[17:41:40] 
📊 生成可视化图表...
[17:41:40]   ✓ debug_plots/training_ep0120.png
[17:41:40] 
======================================================================
[17:41:40] Episode 121/200
[17:41:40] ======================================================================
[17:41:40] 总奖励:   -36.81 | 步数: 24
[17:41:40] 最近10个episodes平均:   -30.59
[17:41:40] 
各Agent奖励:
[17:41:40]   wind      :  103.340
[17:41:40]   solar     :   13.413
[17:41:40]   diesel    :    0.000
[17:41:40]   battery   :    0.000
[17:41:40]   customer  : -153.561
[17:41:40] 
🔌 Main Grid 交易:
[17:41:40]   进口电量:    87.68 kWh
[17:41:40]   出口电量:   884.13 kWh
[17:41:40]   净交易量:  -796.45 kWh
[17:41:40]   平均出清价:   9.44 cents/kWh
[17:41:40]   市场独立度:  73.01%
[17:41:40] 
Buffer大小:  3024
[17:41:40] 噪声水平: 0.0882
[17:41:40] 
动作统计:
[17:41:40]   wind      : mean= 0.233, std= 0.139
[17:41:40]   solar     : mean=-0.854, std= 0.139
[17:41:40]   diesel    : mean=-0.785, std= 0.177
[17:41:40]   battery   : mean= 0.312, std= 0.196
[17:41:40]   customer  : mean= 0.417, std= 0.139
[17:41:41] 
======================================================================
[17:41:41] Episode 122/200
[17:41:41] ======================================================================
[17:41:41] 总奖励:   -50.15 | 步数: 24
[17:41:41] 最近10个episodes平均:   -31.56
[17:41:41] 
各Agent奖励:
[17:41:41]   wind      :   94.327
[17:41:41]   solar     :   26.722
[17:41:41]   diesel    :    0.000
[17:41:41]   battery   :   -0.090
[17:41:41]   customer  : -171.109
[17:41:41] 
🔌 Main Grid 交易:
[17:41:41]   进口电量:   236.14 kWh
[17:41:41]   出口电量:   699.87 kWh
[17:41:41]   净交易量:  -463.73 kWh
[17:41:41]   平均出清价:  11.81 cents/kWh
[17:41:41]   市场独立度:  74.00%
[17:41:41] 
Buffer大小:  3048
[17:41:41] 噪声水平: 0.0881
[17:41:41] 
动作统计:
[17:41:41]   wind      : mean= 0.233, std= 0.153
[17:41:41]   solar     : mean=-0.838, std= 0.137
[17:41:41]   diesel    : mean=-0.773, std= 0.204
[17:41:41]   battery   : mean= 0.304, std= 0.186
[17:41:41]   customer  : mean= 0.372, std= 0.156
[17:41:41] 
======================================================================
[17:41:41] Episode 123/200
[17:41:41] ======================================================================
[17:41:41] 总奖励:   -54.92 | 步数: 24
[17:41:41] 最近10个episodes平均:   -34.96
[17:41:41] 
各Agent奖励:
[17:41:41]   wind      :   88.637
[17:41:41]   solar     :   36.935
[17:41:41]   diesel    :    0.000
[17:41:41]   battery   :    0.179
[17:41:41]   customer  : -180.665
[17:41:41] 
🔌 Main Grid 交易:
[17:41:41]   进口电量:   204.88 kWh
[17:41:41]   出口电量:   762.40 kWh
[17:41:41]   净交易量:  -557.52 kWh
[17:41:41]   平均出清价:  13.72 cents/kWh
[17:41:41]   市场独立度:  73.13%
[17:41:41] 
Buffer大小:  3072
[17:41:41] 噪声水平: 0.0880
[17:41:41] 
动作统计:
[17:41:41]   wind      : mean= 0.228, std= 0.146
[17:41:41]   solar     : mean=-0.843, std= 0.119
[17:41:41]   diesel    : mean=-0.768, std= 0.186
[17:41:41]   battery   : mean= 0.322, std= 0.184
[17:41:41]   customer  : mean= 0.416, std= 0.136
[17:41:41] 
======================================================================
[17:41:41] Episode 124/200
[17:41:41] ======================================================================
[17:41:41] 总奖励:     4.44 | 步数: 24
[17:41:41] 最近10个episodes平均:   -31.59
[17:41:41] 
各Agent奖励:
[17:41:41]   wind      :  116.562
[17:41:41]   solar     :   64.298
[17:41:41]   diesel    :    0.000
[17:41:41]   battery   :    0.000
[17:41:41]   customer  : -176.419
[17:41:41] 
🔌 Main Grid 交易:
[17:41:41]   进口电量:    98.91 kWh
[17:41:41]   出口电量:   832.19 kWh
[17:41:41]   净交易量:  -733.28 kWh
[17:41:41]   平均出清价:  14.96 cents/kWh
[17:41:41]   市场独立度:  74.14%
[17:41:41] 
Buffer大小:  3096
[17:41:41] 噪声水平: 0.0879
[17:41:41] 
动作统计:
[17:41:41]   wind      : mean= 0.236, std= 0.139
[17:41:41]   solar     : mean=-0.846, std= 0.135
[17:41:41]   diesel    : mean=-0.787, std= 0.170
[17:41:41]   battery   : mean= 0.315, std= 0.196
[17:41:41]   customer  : mean= 0.407, std= 0.103
[17:41:41] 
======================================================================
[17:41:41] Episode 125/200
[17:41:41] ======================================================================
[17:41:41] 总奖励:   -45.55 | 步数: 24
[17:41:41] 最近10个episodes平均:   -33.15
[17:41:41] 
各Agent奖励:
[17:41:41]   wind      :   89.058
[17:41:41]   solar     :   24.292
[17:41:41]   diesel    :    0.000
[17:41:41]   battery   :    0.000
[17:41:41]   customer  : -158.900
[17:41:41] 
🔌 Main Grid 交易:
[17:41:41]   进口电量:   127.65 kWh
[17:41:41]   出口电量:   883.90 kWh
[17:41:41]   净交易量:  -756.25 kWh
[17:41:41]   平均出清价:  10.79 cents/kWh
[17:41:41]   市场独立度:  71.90%
[17:41:41] 
Buffer大小:  3120
[17:41:41] 噪声水平: 0.0878
[17:41:41] 
动作统计:
[17:41:41]   wind      : mean= 0.224, std= 0.104
[17:41:41]   solar     : mean=-0.786, std= 0.142
[17:41:41]   diesel    : mean=-0.800, std= 0.185
[17:41:41]   battery   : mean= 0.306, std= 0.169
[17:41:41]   customer  : mean= 0.411, std= 0.115
[17:41:41] 
======================================================================
[17:41:41] Episode 126/200
[17:41:41] ======================================================================
[17:41:41] 总奖励:   -52.60 | 步数: 24
[17:41:41] 最近10个episodes平均:   -34.83
[17:41:41] 
各Agent奖励:
[17:41:41]   wind      :   92.140
[17:41:41]   solar     :   10.060
[17:41:41]   diesel    :    0.000
[17:41:41]   battery   :    0.000
[17:41:41]   customer  : -154.802
[17:41:41] 
🔌 Main Grid 交易:
[17:41:41]   进口电量:   122.83 kWh
[17:41:41]   出口电量:   988.49 kWh
[17:41:41]   净交易量:  -865.66 kWh
[17:41:41]   平均出清价:   9.44 cents/kWh
[17:41:41]   市场独立度:  69.13%
[17:41:41] 
Buffer大小:  3144
[17:41:41] 噪声水平: 0.0877
[17:41:41] 
动作统计:
[17:41:41]   wind      : mean= 0.246, std= 0.133
[17:41:41]   solar     : mean=-0.831, std= 0.141
[17:41:41]   diesel    : mean=-0.838, std= 0.143
[17:41:41]   battery   : mean= 0.287, std= 0.161
[17:41:41]   customer  : mean= 0.422, std= 0.126
[17:41:42] 
======================================================================
[17:41:42] Episode 127/200
[17:41:42] ======================================================================
[17:41:42] 总奖励:   -35.06 | 步数: 24
[17:41:42] 最近10个episodes平均:   -34.89
[17:41:42] 
各Agent奖励:
[17:41:42]   wind      :   91.321
[17:41:42]   solar     :   67.065
[17:41:42]   diesel    :    0.000
[17:41:42]   battery   :    0.000
[17:41:42]   customer  : -193.448
[17:41:42] 
🔌 Main Grid 交易:
[17:41:42]   进口电量:   111.12 kWh
[17:41:42]   出口电量:   733.89 kWh
[17:41:42]   净交易量:  -622.76 kWh
[17:41:42]   平均出清价:  16.88 cents/kWh
[17:41:42]   市场独立度:  76.53%
[17:41:42] 
Buffer大小:  3168
[17:41:42] 噪声水平: 0.0876
[17:41:42] 
动作统计:
[17:41:42]   wind      : mean= 0.276, std= 0.145
[17:41:42]   solar     : mean=-0.773, std= 0.162
[17:41:42]   diesel    : mean=-0.795, std= 0.164
[17:41:42]   battery   : mean= 0.322, std= 0.158
[17:41:42]   customer  : mean= 0.434, std= 0.110
[17:41:42] 
======================================================================
[17:41:42] Episode 128/200
[17:41:42] ======================================================================
[17:41:42] 总奖励:   -71.89 | 步数: 24
[17:41:42] 最近10个episodes平均:   -39.88
[17:41:42] 
各Agent奖励:
[17:41:42]   wind      :   75.428
[17:41:42]   solar     :   33.187
[17:41:42]   diesel    :    0.000
[17:41:42]   battery   :    0.000
[17:41:42]   customer  : -180.504
[17:41:42] 
🔌 Main Grid 交易:
[17:41:42]   进口电量:   124.93 kWh
[17:41:42]   出口电量:   908.55 kWh
[17:41:42]   净交易量:  -783.63 kWh
[17:41:42]   平均出清价:  11.76 cents/kWh
[17:41:42]   市场独立度:  71.29%
[17:41:42] 
Buffer大小:  3192
[17:41:42] 噪声水平: 0.0875
[17:41:42] 
动作统计:
[17:41:42]   wind      : mean= 0.236, std= 0.137
[17:41:42]   solar     : mean=-0.791, std= 0.149
[17:41:42]   diesel    : mean=-0.823, std= 0.184
[17:41:42]   battery   : mean= 0.322, std= 0.172
[17:41:42]   customer  : mean= 0.441, std= 0.170
[17:41:42] 
======================================================================
[17:41:42] Episode 129/200
[17:41:42] ======================================================================
[17:41:42] 总奖励:   -38.71 | 步数: 24
[17:41:42] 最近10个episodes平均:   -40.25
[17:41:42] 
各Agent奖励:
[17:41:42]   wind      :   91.067
[17:41:42]   solar     :   39.140
[17:41:42]   diesel    :    0.000
[17:41:42]   battery   :    0.000
[17:41:42]   customer  : -168.918
[17:41:42] 
🔌 Main Grid 交易:
[17:41:42]   进口电量:   132.76 kWh
[17:41:42]   出口电量:   762.12 kWh
[17:41:42]   净交易量:  -629.36 kWh
[17:41:42]   平均出清价:  11.80 cents/kWh
[17:41:42]   市场独立度:  75.14%
[17:41:42] 
Buffer大小:  3216
[17:41:42] 噪声水平: 0.0875
[17:41:42] 
动作统计:
[17:41:42]   wind      : mean= 0.247, std= 0.119
[17:41:42]   solar     : mean=-0.766, std= 0.174
[17:41:42]   diesel    : mean=-0.834, std= 0.158
[17:41:42]   battery   : mean= 0.315, std= 0.146
[17:41:42]   customer  : mean= 0.442, std= 0.117
[17:41:42] 
======================================================================
[17:41:42] Episode 130/200
[17:41:42] ======================================================================
[17:41:42] 总奖励:    -0.74 | 步数: 24
[17:41:42] 最近10个episodes平均:   -38.20
[17:41:42] 
各Agent奖励:
[17:41:42]   wind      :  110.969
[17:41:42]   solar     :   52.621
[17:41:42]   diesel    :    0.000
[17:41:42]   battery   :    0.000
[17:41:42]   customer  : -164.328
[17:41:42] 
🔌 Main Grid 交易:
[17:41:42]   进口电量:     8.45 kWh
[17:41:42]   出口电量:   813.19 kWh
[17:41:42]   净交易量:  -804.75 kWh
[17:41:42]   平均出清价:  14.52 cents/kWh
[17:41:42]   市场独立度:  77.18%
[17:41:42] 
Buffer大小:  3240
[17:41:42] 噪声水平: 0.0874
[17:41:42] 
动作统计:
[17:41:42]   wind      : mean= 0.238, std= 0.154
[17:41:42]   solar     : mean=-0.762, std= 0.154
[17:41:42]   diesel    : mean=-0.837, std= 0.158
[17:41:42]   battery   : mean= 0.321, std= 0.189
[17:41:42]   customer  : mean= 0.426, std= 0.116
[17:41:42] 
📊 生成可视化图表...
[17:41:43]   ✓ debug_plots/training_ep0130.png
[17:41:43] 
======================================================================
[17:41:43] Episode 131/200
[17:41:43] ======================================================================
[17:41:43] 总奖励:   -49.52 | 步数: 24
[17:41:43] 最近10个episodes平均:   -39.47
[17:41:43] 
各Agent奖励:
[17:41:43]   wind      :   87.215
[17:41:43]   solar     :   13.766
[17:41:43]   diesel    :    0.000
[17:41:43]   battery   :    0.000
[17:41:43]   customer  : -150.502
[17:41:43] 
🔌 Main Grid 交易:
[17:41:43]   进口电量:    46.43 kWh
[17:41:43]   出口电量:  1084.64 kWh
[17:41:43]   净交易量: -1038.21 kWh
[17:41:43]   平均出清价:   9.67 cents/kWh
[17:41:43]   市场独立度:  68.58%
[17:41:43] 
Buffer大小:  3264
[17:41:43] 噪声水平: 0.0873
[17:41:43] 
动作统计:
[17:41:43]   wind      : mean= 0.253, std= 0.140
[17:41:43]   solar     : mean=-0.750, std= 0.184
[17:41:43]   diesel    : mean=-0.834, std= 0.156
[17:41:43]   battery   : mean= 0.312, std= 0.182
[17:41:43]   customer  : mean= 0.463, std= 0.138
[17:41:43] 
======================================================================
[17:41:43] Episode 132/200
[17:41:43] ======================================================================
[17:41:43] 总奖励:  -101.60 | 步数: 24
[17:41:43] 最近10个episodes平均:   -44.61
[17:41:43] 
各Agent奖励:
[17:41:43]   wind      :   79.060
[17:41:43]   solar     :  -52.573
[17:41:43]   diesel    :    0.000
[17:41:43]   battery   :    0.001
[17:41:43]   customer  : -128.084
[17:41:43] 
🔌 Main Grid 交易:
[17:41:43]   进口电量:   204.06 kWh
[17:41:43]   出口电量:   950.23 kWh
[17:41:43]   净交易量:  -746.17 kWh
[17:41:43]   平均出清价:   0.51 cents/kWh
[17:41:43]   市场独立度:  67.94%
[17:41:43] 
Buffer大小:  3288
[17:41:43] 噪声水平: 0.0872
[17:41:43] 
动作统计:
[17:41:43]   wind      : mean= 0.254, std= 0.145
[17:41:43]   solar     : mean=-0.770, std= 0.145
[17:41:43]   diesel    : mean=-0.833, std= 0.185
[17:41:43]   battery   : mean= 0.333, std= 0.201
[17:41:43]   customer  : mean= 0.470, std= 0.149
[17:41:43] 
======================================================================
[17:41:43] Episode 133/200
[17:41:43] ======================================================================
[17:41:43] 总奖励:   -47.04 | 步数: 24
[17:41:43] 最近10个episodes平均:   -43.83
[17:41:43] 
各Agent奖励:
[17:41:43]   wind      :   81.044
[17:41:43]   solar     :   35.613
[17:41:43]   diesel    :    0.000
[17:41:43]   battery   :    0.000
[17:41:43]   customer  : -163.699
[17:41:43] 
🔌 Main Grid 交易:
[17:41:43]   进口电量:   122.31 kWh
[17:41:43]   出口电量:   971.23 kWh
[17:41:43]   净交易量:  -848.93 kWh
[17:41:43]   平均出清价:  13.22 cents/kWh
[17:41:43]   市场独立度:  69.62%
[17:41:43] 
Buffer大小:  3312
[17:41:43] 噪声水平: 0.0871
[17:41:43] 
动作统计:
[17:41:43]   wind      : mean= 0.224, std= 0.151
[17:41:43]   solar     : mean=-0.806, std= 0.140
[17:41:43]   diesel    : mean=-0.826, std= 0.130
[17:41:43]   battery   : mean= 0.302, std= 0.153
[17:41:43]   customer  : mean= 0.475, std= 0.106
[17:41:43] 
======================================================================
[17:41:43] Episode 134/200
[17:41:43] ======================================================================
[17:41:43] 总奖励:   -78.32 | 步数: 24
[17:41:43] 最近10个episodes平均:   -52.10
[17:41:43] 
各Agent奖励:
[17:41:43]   wind      :   66.241
[17:41:43]   solar     :   25.840
[17:41:43]   diesel    :    0.000
[17:41:43]   battery   :    0.000
[17:41:43]   customer  : -170.401
[17:41:43] 
🔌 Main Grid 交易:
[17:41:43]   进口电量:   194.47 kWh
[17:41:43]   出口电量:   763.66 kWh
[17:41:43]   净交易量:  -569.19 kWh
[17:41:43]   平均出清价:  12.07 cents/kWh
[17:41:43]   市场独立度:  73.39%
[17:41:43] 
Buffer大小:  3336
[17:41:43] 噪声水平: 0.0870
[17:41:43] 
动作统计:
[17:41:43]   wind      : mean= 0.239, std= 0.152
[17:41:43]   solar     : mean=-0.790, std= 0.144
[17:41:43]   diesel    : mean=-0.844, std= 0.158
[17:41:43]   battery   : mean= 0.305, std= 0.170
[17:41:43]   customer  : mean= 0.445, std= 0.118
[17:41:43] 
======================================================================
[17:41:43] Episode 135/200
[17:41:43] ======================================================================
[17:41:43] 总奖励:   -56.61 | 步数: 24
[17:41:43] 最近10个episodes平均:   -53.21
[17:41:43] 
各Agent奖励:
[17:41:43]   wind      :   81.745
[17:41:43]   solar     :   25.268
[17:41:43]   diesel    :    0.000
[17:41:43]   battery   :    0.000
[17:41:43]   customer  : -163.624
[17:41:43] 
🔌 Main Grid 交易:
[17:41:43]   进口电量:   130.59 kWh
[17:41:43]   出口电量:  1159.16 kWh
[17:41:43]   净交易量: -1028.57 kWh
[17:41:43]   平均出清价:  12.09 cents/kWh
[17:41:43]   市场独立度:  64.17%
[17:41:43] 
Buffer大小:  3360
[17:41:43] 噪声水平: 0.0869
[17:41:43] 
动作统计:
[17:41:43]   wind      : mean= 0.277, std= 0.171
[17:41:43]   solar     : mean=-0.809, std= 0.132
[17:41:43]   diesel    : mean=-0.841, std= 0.158
[17:41:43]   battery   : mean= 0.314, std= 0.156
[17:41:43]   customer  : mean= 0.455, std= 0.112
[17:41:43] 
======================================================================
[17:41:43] Episode 136/200
[17:41:43] ======================================================================
[17:41:43] 总奖励:   -83.43 | 步数: 24
[17:41:43] 最近10个episodes平均:   -56.29
[17:41:43] 
各Agent奖励:
[17:41:43]   wind      :   61.199
[17:41:43]   solar     :   25.636
[17:41:43]   diesel    :    0.000
[17:41:43]   battery   :    0.000
[17:41:43]   customer  : -170.263
[17:41:43] 
🔌 Main Grid 交易:
[17:41:43]   进口电量:    66.34 kWh
[17:41:43]   出口电量:  1003.70 kWh
[17:41:43]   净交易量:  -937.36 kWh
[17:41:43]   平均出清价:  10.36 cents/kWh
[17:41:43]   市场独立度:  70.28%
[17:41:43] 
Buffer大小:  3384
[17:41:43] 噪声水平: 0.0868
[17:41:43] 
动作统计:
[17:41:43]   wind      : mean= 0.264, std= 0.192
[17:41:43]   solar     : mean=-0.785, std= 0.152
[17:41:43]   diesel    : mean=-0.859, std= 0.133
[17:41:43]   battery   : mean= 0.291, std= 0.173
[17:41:43]   customer  : mean= 0.491, std= 0.123
[17:41:44] 
======================================================================
[17:41:44] Episode 137/200
[17:41:44] ======================================================================
[17:41:44] 总奖励:  -121.16 | 步数: 24
[17:41:44] 最近10个episodes平均:   -64.90
[17:41:44] 
各Agent奖励:
[17:41:44]   wind      :   65.565
[17:41:44]   solar     :  -45.358
[17:41:44]   diesel    :    0.000
[17:41:44]   battery   :    0.000
[17:41:44]   customer  : -141.363
[17:41:44] 
🔌 Main Grid 交易:
[17:41:44]   进口电量:    48.76 kWh
[17:41:44]   出口电量:  1021.06 kWh
[17:41:44]   净交易量:  -972.29 kWh
[17:41:44]   平均出清价:   0.80 cents/kWh
[17:41:44]   市场独立度:  70.28%
[17:41:44] 
Buffer大小:  3408
[17:41:44] 噪声水平: 0.0868
[17:41:44] 
动作统计:
[17:41:44]   wind      : mean= 0.300, std= 0.193
[17:41:44]   solar     : mean=-0.779, std= 0.171
[17:41:44]   diesel    : mean=-0.876, std= 0.148
[17:41:44]   battery   : mean= 0.278, std= 0.165
[17:41:44]   customer  : mean= 0.540, std= 0.144
[17:41:44] 
======================================================================
[17:41:44] Episode 138/200
[17:41:44] ======================================================================
[17:41:44] 总奖励:   -73.13 | 步数: 24
[17:41:44] 最近10个episodes平均:   -65.03
[17:41:44] 
各Agent奖励:
[17:41:44]   wind      :   83.347
[17:41:44]   solar     :    6.735
[17:41:44]   diesel    :    0.000
[17:41:44]   battery   :    0.000
[17:41:44]   customer  : -163.212
[17:41:44] 
🔌 Main Grid 交易:
[17:41:44]   进口电量:   126.80 kWh
[17:41:44]   出口电量:  1083.44 kWh
[17:41:44]   净交易量:  -956.64 kWh
[17:41:44]   平均出清价:   7.05 cents/kWh
[17:41:44]   市场独立度:  66.38%
[17:41:44] 
Buffer大小:  3432
[17:41:44] 噪声水平: 0.0867
[17:41:44] 
动作统计:
[17:41:44]   wind      : mean= 0.254, std= 0.152
[17:41:44]   solar     : mean=-0.804, std= 0.175
[17:41:44]   diesel    : mean=-0.849, std= 0.156
[17:41:44]   battery   : mean= 0.283, std= 0.174
[17:41:44]   customer  : mean= 0.469, std= 0.128
[17:41:44] 
======================================================================
[17:41:44] Episode 139/200
[17:41:44] ======================================================================
[17:41:44] 总奖励:   -71.89 | 步数: 24
[17:41:44] 最近10个episodes平均:   -68.34
[17:41:44] 
各Agent奖励:
[17:41:44]   wind      :   83.900
[17:41:44]   solar     :   -5.872
[17:41:44]   diesel    :   -0.272
[17:41:44]   battery   :    0.000
[17:41:44]   customer  : -149.649
[17:41:44] 
🔌 Main Grid 交易:
[17:41:44]   进口电量:    78.76 kWh
[17:41:44]   出口电量:   798.12 kWh
[17:41:44]   净交易量:  -719.36 kWh
[17:41:44]   平均出清价:   5.92 cents/kWh
[17:41:44]   市场独立度:  75.64%
[17:41:44] 
Buffer大小:  3456
[17:41:44] 噪声水平: 0.0866
[17:41:44] 
动作统计:
[17:41:44]   wind      : mean= 0.251, std= 0.133
[17:41:44]   solar     : mean=-0.744, std= 0.183
[17:41:44]   diesel    : mean=-0.849, std= 0.197
[17:41:44]   battery   : mean= 0.279, std= 0.174
[17:41:44]   customer  : mean= 0.528, std= 0.094
[17:41:44] 
======================================================================
[17:41:44] Episode 140/200
[17:41:44] ======================================================================
[17:41:44] 总奖励:   -67.41 | 步数: 24
[17:41:44] 最近10个episodes平均:   -75.01
[17:41:44] 
各Agent奖励:
[17:41:44]   wind      :   82.032
[17:41:44]   solar     :   -2.802
[17:41:44]   diesel    :    0.000
[17:41:44]   battery   :    0.000
[17:41:44]   customer  : -146.645
[17:41:44] 
🔌 Main Grid 交易:
[17:41:44]   进口电量:    69.70 kWh
[17:41:44]   出口电量:   733.58 kWh
[17:41:44]   净交易量:  -663.88 kWh
[17:41:44]   平均出清价:   7.03 cents/kWh
[17:41:44]   市场独立度:  77.69%
[17:41:44] 
Buffer大小:  3480
[17:41:44] 噪声水平: 0.0865
[17:41:44] 
动作统计:
[17:41:44]   wind      : mean= 0.266, std= 0.142
[17:41:44]   solar     : mean=-0.802, std= 0.180
[17:41:44]   diesel    : mean=-0.851, std= 0.143
[17:41:44]   battery   : mean= 0.306, std= 0.178
[17:41:44]   customer  : mean= 0.484, std= 0.098
[17:41:44] 
📊 生成可视化图表...
[17:41:44]   ✓ debug_plots/training_ep0140.png
[17:41:45] 
======================================================================
[17:41:45] Episode 141/200
[17:41:45] ======================================================================
[17:41:45] 总奖励:   -91.85 | 步数: 24
[17:41:45] 最近10个episodes平均:   -79.24
[17:41:45] 
各Agent奖励:
[17:41:45]   wind      :   70.328
[17:41:45]   solar     :  -20.833
[17:41:45]   diesel    :    0.000
[17:41:45]   battery   :    0.214
[17:41:45]   customer  : -141.554
[17:41:45] 
🔌 Main Grid 交易:
[17:41:45]   进口电量:    65.66 kWh
[17:41:45]   出口电量:  1088.94 kWh
[17:41:45]   净交易量: -1023.28 kWh
[17:41:45]   平均出清价:   5.03 cents/kWh
[17:41:45]   市场独立度:  67.93%
[17:41:45] 
Buffer大小:  3504
[17:41:45] 噪声水平: 0.0864
[17:41:45] 
动作统计:
[17:41:45]   wind      : mean= 0.247, std= 0.148
[17:41:45]   solar     : mean=-0.818, std= 0.155
[17:41:45]   diesel    : mean=-0.871, std= 0.146
[17:41:45]   battery   : mean= 0.296, std= 0.185
[17:41:45]   customer  : mean= 0.543, std= 0.077
[17:41:45] 
======================================================================
[17:41:45] Episode 142/200
[17:41:45] ======================================================================
[17:41:45] 总奖励:  -112.86 | 步数: 24
[17:41:45] 最近10个episodes平均:   -80.37
[17:41:45] 
各Agent奖励:
[17:41:45]   wind      :   61.796
[17:41:45]   solar     :  -28.999
[17:41:45]   diesel    :    0.000
[17:41:45]   battery   :    0.000
[17:41:45]   customer  : -145.656
[17:41:45] 
🔌 Main Grid 交易:
[17:41:45]   进口电量:   129.68 kWh
[17:41:45]   出口电量:   904.48 kWh
[17:41:45]   净交易量:  -774.80 kWh
[17:41:45]   平均出清价:   4.92 cents/kWh
[17:41:45]   市场独立度:  71.27%
[17:41:45] 
Buffer大小:  3528
[17:41:45] 噪声水平: 0.0863
[17:41:45] 
动作统计:
[17:41:45]   wind      : mean= 0.283, std= 0.134
[17:41:45]   solar     : mean=-0.801, std= 0.192
[17:41:45]   diesel    : mean=-0.860, std= 0.181
[17:41:45]   battery   : mean= 0.282, std= 0.181
[17:41:45]   customer  : mean= 0.534, std= 0.084
[17:41:45] 
======================================================================
[17:41:45] Episode 143/200
[17:41:45] ======================================================================
[17:41:45] 总奖励:  -113.05 | 步数: 24
[17:41:45] 最近10个episodes平均:   -86.97
[17:41:45] 
各Agent奖励:
[17:41:45]   wind      :   57.210
[17:41:45]   solar     :  -35.251
[17:41:45]   diesel    :    0.000
[17:41:45]   battery   :    0.121
[17:41:45]   customer  : -135.125
[17:41:45] 
🔌 Main Grid 交易:
[17:41:45]   进口电量:    47.36 kWh
[17:41:45]   出口电量:  1081.38 kWh
[17:41:45]   净交易量: -1034.03 kWh
[17:41:45]   平均出清价:   3.13 cents/kWh
[17:41:45]   市场独立度:  68.65%
[17:41:45] 
Buffer大小:  3552
[17:41:45] 噪声水平: 0.0862
[17:41:45] 
动作统计:
[17:41:45]   wind      : mean= 0.289, std= 0.169
[17:41:45]   solar     : mean=-0.789, std= 0.179
[17:41:45]   diesel    : mean=-0.882, std= 0.119
[17:41:45]   battery   : mean= 0.263, std= 0.154
[17:41:45]   customer  : mean= 0.573, std= 0.082
[17:41:45] 
======================================================================
[17:41:45] Episode 144/200
[17:41:45] ======================================================================
[17:41:45] 总奖励:  -135.81 | 步数: 24
[17:41:45] 最近10个episodes平均:   -92.72
[17:41:45] 
各Agent奖励:
[17:41:45]   wind      :   48.601
[17:41:45]   solar     :  -49.376
[17:41:45]   diesel    :    0.000
[17:41:45]   battery   :    0.000
[17:41:45]   customer  : -135.036
[17:41:45] 
🔌 Main Grid 交易:
[17:41:45]   进口电量:    58.29 kWh
[17:41:45]   出口电量:  1432.90 kWh
[17:41:45]   净交易量: -1374.61 kWh
[17:41:45]   平均出清价:  -1.48 cents/kWh
[17:41:45]   市场独立度:  58.58%
[17:41:45] 
Buffer大小:  3576
[17:41:45] 噪声水平: 0.0862
[17:41:45] 
动作统计:
[17:41:45]   wind      : mean= 0.301, std= 0.171
[17:41:45]   solar     : mean=-0.765, std= 0.182
[17:41:45]   diesel    : mean=-0.869, std= 0.157
[17:41:45]   battery   : mean= 0.252, std= 0.174
[17:41:45]   customer  : mean= 0.606, std= 0.113
[17:41:45] 
======================================================================
[17:41:45] Episode 145/200
[17:41:45] ======================================================================
[17:41:45] 总奖励:   -94.41 | 步数: 24
[17:41:45] 最近10个episodes平均:   -96.50
[17:41:45] 
各Agent奖励:
[17:41:45]   wind      :   59.440
[17:41:45]   solar     :  -14.905
[17:41:45]   diesel    :    0.000
[17:41:45]   battery   :    0.000
[17:41:45]   customer  : -138.943
[17:41:45] 
🔌 Main Grid 交易:
[17:41:45]   进口电量:    34.84 kWh
[17:41:45]   出口电量:  1055.81 kWh
[17:41:45]   净交易量: -1020.97 kWh
[17:41:45]   平均出清价:   2.94 cents/kWh
[17:41:45]   市场独立度:  69.70%
[17:41:45] 
Buffer大小:  3600
[17:41:45] 噪声水平: 0.0861
[17:41:45] 
动作统计:
[17:41:45]   wind      : mean= 0.211, std= 0.163
[17:41:45]   solar     : mean=-0.803, std= 0.140
[17:41:45]   diesel    : mean=-0.865, std= 0.154
[17:41:45]   battery   : mean= 0.242, std= 0.188
[17:41:45]   customer  : mean= 0.574, std= 0.106
[17:41:46] 
======================================================================
[17:41:46] Episode 146/200
[17:41:46] ======================================================================
[17:41:46] 总奖励:  -107.65 | 步数: 24
[17:41:46] 最近10个episodes平均:   -98.92
[17:41:46] 
各Agent奖励:
[17:41:46]   wind      :   59.268
[17:41:46]   solar     :  -33.326
[17:41:46]   diesel    :    0.000
[17:41:46]   battery   :    1.619
[17:41:46]   customer  : -135.214
[17:41:46] 
🔌 Main Grid 交易:
[17:41:46]   进口电量:    55.19 kWh
[17:41:46]   出口电量:  1073.18 kWh
[17:41:46]   净交易量: -1017.99 kWh
[17:41:46]   平均出清价:   3.34 cents/kWh
[17:41:46]   市场独立度:  68.66%
[17:41:46] 
Buffer大小:  3624
[17:41:46] 噪声水平: 0.0860
[17:41:46] 
动作统计:
[17:41:46]   wind      : mean= 0.290, std= 0.177
[17:41:46]   solar     : mean=-0.771, std= 0.192
[17:41:46]   diesel    : mean=-0.882, std= 0.140
[17:41:46]   battery   : mean= 0.252, std= 0.187
[17:41:46]   customer  : mean= 0.578, std= 0.108
[17:41:46] 
======================================================================
[17:41:46] Episode 147/200
[17:41:46] ======================================================================
[17:41:46] 总奖励:   -47.97 | 步数: 24
[17:41:46] 最近10个episodes平均:   -91.60
[17:41:46] 
各Agent奖励:
[17:41:46]   wind      :   82.691
[17:41:46]   solar     :   29.294
[17:41:46]   diesel    :    0.000
[17:41:46]   battery   :    0.000
[17:41:46]   customer  : -159.956
[17:41:46] 
🔌 Main Grid 交易:
[17:41:46]   进口电量:    12.46 kWh
[17:41:46]   出口电量:  1112.38 kWh
[17:41:46]   净交易量: -1099.92 kWh
[17:41:46]   平均出清价:   9.54 cents/kWh
[17:41:46]   市场独立度:  68.75%
[17:41:46] 
Buffer大小:  3648
[17:41:46] 噪声水平: 0.0859
[17:41:46] 
动作统计:
[17:41:46]   wind      : mean= 0.247, std= 0.170
[17:41:46]   solar     : mean=-0.819, std= 0.142
[17:41:46]   diesel    : mean=-0.887, std= 0.144
[17:41:46]   battery   : mean= 0.259, std= 0.211
[17:41:46]   customer  : mean= 0.562, std= 0.102
[17:41:46] 
======================================================================
[17:41:46] Episode 148/200
[17:41:46] ======================================================================
[17:41:46] 总奖励:   -78.21 | 步数: 24
[17:41:46] 最近10个episodes平均:   -92.11
[17:41:46] 
各Agent奖励:
[17:41:46]   wind      :   68.199
[17:41:46]   solar     :   21.327
[17:41:46]   diesel    :    0.000
[17:41:46]   battery   :    0.000
[17:41:46]   customer  : -167.734
[17:41:46] 
🔌 Main Grid 交易:
[17:41:46]   进口电量:    74.81 kWh
[17:41:46]   出口电量:   971.00 kWh
[17:41:46]   净交易量:  -896.18 kWh
[17:41:46]   平均出清价:   9.85 cents/kWh
[17:41:46]   市场独立度:  70.95%
[17:41:46] 
Buffer大小:  3672
[17:41:46] 噪声水平: 0.0858
[17:41:46] 
动作统计:
[17:41:46]   wind      : mean= 0.278, std= 0.156
[17:41:46]   solar     : mean=-0.805, std= 0.185
[17:41:46]   diesel    : mean=-0.879, std= 0.139
[17:41:46]   battery   : mean= 0.243, std= 0.182
[17:41:46]   customer  : mean= 0.547, std= 0.101
[17:41:46] 
======================================================================
[17:41:46] Episode 149/200
[17:41:46] ======================================================================
[17:41:46] 总奖励:  -107.84 | 步数: 24
[17:41:46] 最近10个episodes平均:   -95.71
[17:41:46] 
各Agent奖励:
[17:41:46]   wind      :   59.763
[17:41:46]   solar     :  -33.236
[17:41:46]   diesel    :    0.000
[17:41:46]   battery   :    0.466
[17:41:46]   customer  : -134.833
[17:41:46] 
🔌 Main Grid 交易:
[17:41:46]   进口电量:    60.87 kWh
[17:41:46]   出口电量:  1097.93 kWh
[17:41:46]   净交易量: -1037.06 kWh
[17:41:46]   平均出清价:   1.71 cents/kWh
[17:41:46]   市场独立度:  67.81%
[17:41:46] 
Buffer大小:  3696
[17:41:46] 噪声水平: 0.0857
[17:41:46] 
动作统计:
[17:41:46]   wind      : mean= 0.255, std= 0.153
[17:41:46]   solar     : mean=-0.833, std= 0.158
[17:41:46]   diesel    : mean=-0.875, std= 0.148
[17:41:46]   battery   : mean= 0.238, std= 0.184
[17:41:46]   customer  : mean= 0.582, std= 0.117
[17:41:46] 
======================================================================
[17:41:46] Episode 150/200
[17:41:46] ======================================================================
[17:41:46] 总奖励:  -100.86 | 步数: 24
[17:41:46] 最近10个episodes平均:   -99.05
[17:41:46] 
各Agent奖励:
[17:41:46]   wind      :   59.515
[17:41:46]   solar     :   -5.489
[17:41:46]   diesel    :    0.000
[17:41:46]   battery   :    0.000
[17:41:46]   customer  : -154.889
[17:41:46] 
🔌 Main Grid 交易:
[17:41:46]   进口电量:    65.55 kWh
[17:41:46]   出口电量:  1383.20 kWh
[17:41:46]   净交易量: -1317.66 kWh
[17:41:46]   平均出清价:   4.89 cents/kWh
[17:41:46]   市场独立度:  59.76%
[17:41:46] 
Buffer大小:  3720
[17:41:46] 噪声水平: 0.0856
[17:41:46] 
动作统计:
[17:41:46]   wind      : mean= 0.281, std= 0.174
[17:41:46]   solar     : mean=-0.825, std= 0.158
[17:41:46]   diesel    : mean=-0.880, std= 0.154
[17:41:46]   battery   : mean= 0.258, std= 0.197
[17:41:46]   customer  : mean= 0.610, std= 0.073
[17:41:46] 
📊 生成可视化图表...
[17:41:47]   ✓ debug_plots/training_ep0150.png
[17:41:47] 💾 保存checkpoint: debug_checkpoints/debug_maddpg_20251203_174115_ep0150.pt
[17:41:47] 
======================================================================
[17:41:47] Episode 151/200
[17:41:47] ======================================================================
[17:41:47] 总奖励:  -128.16 | 步数: 24
[17:41:47] 最近10个episodes平均:  -102.68
[17:41:47] 
各Agent奖励:
[17:41:47]   wind      :   53.221
[17:41:47]   solar     :  -30.451
[17:41:47]   diesel    :    0.000
[17:41:47]   battery   :    0.000
[17:41:47]   customer  : -150.928
[17:41:47] 
🔌 Main Grid 交易:
[17:41:47]   进口电量:   141.54 kWh
[17:41:47]   出口电量:  1290.63 kWh
[17:41:47]   净交易量: -1149.09 kWh
[17:41:47]   平均出清价:   3.31 cents/kWh
[17:41:47]   市场独立度:  60.22%
[17:41:47] 
Buffer大小:  3744
[17:41:47] 噪声水平: 0.0855
[17:41:47] 
动作统计:
[17:41:47]   wind      : mean= 0.263, std= 0.188
[17:41:47]   solar     : mean=-0.804, std= 0.158
[17:41:47]   diesel    : mean=-0.913, std= 0.113
[17:41:47]   battery   : mean= 0.231, std= 0.191
[17:41:47]   customer  : mean= 0.608, std= 0.107
[17:41:47] 
======================================================================
[17:41:47] Episode 152/200
[17:41:47] ======================================================================
[17:41:47] 总奖励:  -106.29 | 步数: 24
[17:41:47] 最近10个episodes平均:  -102.02
[17:41:47] 
各Agent奖励:
[17:41:47]   wind      :   58.922
[17:41:47]   solar     :  -14.212
[17:41:47]   diesel    :   -0.147
[17:41:47]   battery   :    0.000
[17:41:47]   customer  : -150.849
[17:41:47] 
🔌 Main Grid 交易:
[17:41:47]   进口电量:    42.35 kWh
[17:41:47]   出口电量:   991.66 kWh
[17:41:47]   净交易量:  -949.31 kWh
[17:41:47]   平均出清价:   4.90 cents/kWh
[17:41:47]   市场独立度:  71.28%
[17:41:47] 
Buffer大小:  3768
[17:41:47] 噪声水平: 0.0855
[17:41:47] 
动作统计:
[17:41:47]   wind      : mean= 0.281, std= 0.186
[17:41:47]   solar     : mean=-0.785, std= 0.127
[17:41:47]   diesel    : mean=-0.880, std= 0.171
[17:41:47]   battery   : mean= 0.262, std= 0.184
[17:41:47]   customer  : mean= 0.618, std= 0.114
[17:41:47] 
======================================================================
[17:41:47] Episode 153/200
[17:41:47] ======================================================================
[17:41:47] 总奖励:   -94.54 | 步数: 24
[17:41:47] 最近10个episodes平均:  -100.17
[17:41:47] 
各Agent奖励:
[17:41:47]   wind      :   52.777
[17:41:47]   solar     :    8.215
[17:41:47]   diesel    :    0.000
[17:41:47]   battery   :    0.079
[17:41:47]   customer  : -155.607
[17:41:47] 
🔌 Main Grid 交易:
[17:41:47]   进口电量:    60.18 kWh
[17:41:47]   出口电量:  1234.82 kWh
[17:41:47]   净交易量: -1174.64 kWh
[17:41:47]   平均出清价:   7.70 cents/kWh
[17:41:47]   市场独立度:  64.03%
[17:41:47] 
Buffer大小:  3792
[17:41:47] 噪声水平: 0.0854
[17:41:47] 
动作统计:
[17:41:47]   wind      : mean= 0.264, std= 0.147
[17:41:47]   solar     : mean=-0.790, std= 0.150
[17:41:47]   diesel    : mean=-0.912, std= 0.111
[17:41:47]   battery   : mean= 0.252, std= 0.172
[17:41:47]   customer  : mean= 0.587, std= 0.136
[17:41:47] 
======================================================================
[17:41:47] Episode 154/200
[17:41:47] ======================================================================
[17:41:47] 总奖励:  -122.78 | 步数: 24
[17:41:47] 最近10个episodes平均:   -98.87
[17:41:47] 
各Agent奖励:
[17:41:47]   wind      :   40.001
[17:41:47]   solar     :   -8.143
[17:41:47]   diesel    :    0.000
[17:41:47]   battery   :    0.000
[17:41:47]   customer  : -154.643
[17:41:47] 
🔌 Main Grid 交易:
[17:41:47]   进口电量:    16.23 kWh
[17:41:47]   出口电量:  1223.51 kWh
[17:41:47]   净交易量: -1207.28 kWh
[17:41:47]   平均出清价:   4.71 cents/kWh
[17:41:47]   市场独立度:  65.56%
[17:41:47] 
Buffer大小:  3816
[17:41:47] 噪声水平: 0.0853
[17:41:47] 
动作统计:
[17:41:47]   wind      : mean= 0.300, std= 0.185
[17:41:47]   solar     : mean=-0.775, std= 0.163
[17:41:47]   diesel    : mean=-0.877, std= 0.146
[17:41:47]   battery   : mean= 0.212, std= 0.196
[17:41:47]   customer  : mean= 0.658, std= 0.073
[17:41:48] 
======================================================================
[17:41:48] Episode 155/200
[17:41:48] ======================================================================
[17:41:48] 总奖励:  -109.65 | 步数: 24
[17:41:48] 最近10个episodes平均:  -100.39
[17:41:48] 
各Agent奖励:
[17:41:48]   wind      :   50.240
[17:41:48]   solar     :  -14.249
[17:41:48]   diesel    :    0.000
[17:41:48]   battery   :    0.000
[17:41:48]   customer  : -145.639
[17:41:48] 
🔌 Main Grid 交易:
[17:41:48]   进口电量:    61.10 kWh
[17:41:48]   出口电量:  1292.47 kWh
[17:41:48]   净交易量: -1231.38 kWh
[17:41:48]   平均出清价:   3.84 cents/kWh
[17:41:48]   市场独立度:  62.40%
[17:41:48] 
Buffer大小:  3840
[17:41:48] 噪声水平: 0.0852
[17:41:48] 
动作统计:
[17:41:48]   wind      : mean= 0.292, std= 0.178
[17:41:48]   solar     : mean=-0.754, std= 0.131
[17:41:48]   diesel    : mean=-0.875, std= 0.124
[17:41:48]   battery   : mean= 0.210, std= 0.190
[17:41:48]   customer  : mean= 0.622, std= 0.098
[17:41:48] 
======================================================================
[17:41:48] Episode 156/200
[17:41:48] ======================================================================
[17:41:48] 总奖励:   -84.65 | 步数: 24
[17:41:48] 最近10个episodes平均:   -98.09
[17:41:48] 
各Agent奖励:
[17:41:48]   wind      :   70.000
[17:41:48]   solar     :    0.462
[17:41:48]   diesel    :    0.000
[17:41:48]   battery   :    0.556
[17:41:48]   customer  : -155.669
[17:41:48] 
🔌 Main Grid 交易:
[17:41:48]   进口电量:    46.84 kWh
[17:41:48]   出口电量:  1039.18 kWh
[17:41:48]   净交易量:  -992.34 kWh
[17:41:48]   平均出清价:   6.13 cents/kWh
[17:41:48]   市场独立度:  69.83%
[17:41:48] 
Buffer大小:  3864
[17:41:48] 噪声水平: 0.0851
[17:41:48] 
动作统计:
[17:41:48]   wind      : mean= 0.283, std= 0.141
[17:41:48]   solar     : mean=-0.734, std= 0.123
[17:41:48]   diesel    : mean=-0.893, std= 0.146
[17:41:48]   battery   : mean= 0.211, std= 0.210
[17:41:48]   customer  : mean= 0.614, std= 0.105
[17:41:48] 
======================================================================
[17:41:48] Episode 157/200
[17:41:48] ======================================================================
[17:41:48] 总奖励:   -89.23 | 步数: 24
[17:41:48] 最近10个episodes平均:  -102.22
[17:41:48] 
各Agent奖励:
[17:41:48]   wind      :   65.048
[17:41:48]   solar     :   -3.060
[17:41:48]   diesel    :    0.000
[17:41:48]   battery   :    0.000
[17:41:48]   customer  : -151.215
[17:41:48] 
🔌 Main Grid 交易:
[17:41:48]   进口电量:    33.91 kWh
[17:41:48]   出口电量:  1106.60 kWh
[17:41:48]   净交易量: -1072.69 kWh
[17:41:48]   平均出清价:   6.33 cents/kWh
[17:41:48]   市场独立度:  68.32%
[17:41:48] 
Buffer大小:  3888
[17:41:48] 噪声水平: 0.0850
[17:41:48] 
动作统计:
[17:41:48]   wind      : mean= 0.290, std= 0.168
[17:41:48]   solar     : mean=-0.657, std= 0.142
[17:41:48]   diesel    : mean=-0.877, std= 0.145
[17:41:48]   battery   : mean= 0.239, std= 0.223
[17:41:48]   customer  : mean= 0.602, std= 0.101
[17:41:48] 
======================================================================
[17:41:48] Episode 158/200
[17:41:48] ======================================================================
[17:41:48] 总奖励:  -109.55 | 步数: 24
[17:41:48] 最近10个episodes平均:  -105.35
[17:41:48] 
各Agent奖励:
[17:41:48]   wind      :   45.039
[17:41:48]   solar     :    8.076
[17:41:48]   diesel    :    0.000
[17:41:48]   battery   :    0.062
[17:41:48]   customer  : -162.729
[17:41:48] 
🔌 Main Grid 交易:
[17:41:48]   进口电量:    48.89 kWh
[17:41:48]   出口电量:  1268.57 kWh
[17:41:48]   净交易量: -1219.69 kWh
[17:41:48]   平均出清价:   6.19 cents/kWh
[17:41:48]   市场独立度:  63.40%
[17:41:48] 
Buffer大小:  3912
[17:41:48] 噪声水平: 0.0850
[17:41:48] 
动作统计:
[17:41:48]   wind      : mean= 0.296, std= 0.158
[17:41:48]   solar     : mean=-0.614, std= 0.238
[17:41:48]   diesel    : mean=-0.900, std= 0.119
[17:41:48]   battery   : mean= 0.223, std= 0.201
[17:41:48]   customer  : mean= 0.613, std= 0.118
[17:41:48] 
======================================================================
[17:41:48] Episode 159/200
[17:41:48] ======================================================================
[17:41:48] 总奖励:   -93.26 | 步数: 24
[17:41:48] 最近10个episodes平均:  -103.90
[17:41:48] 
各Agent奖励:
[17:41:48]   wind      :   60.637
[17:41:48]   solar     :   -0.571
[17:41:48]   diesel    :    0.000
[17:41:48]   battery   :    0.000
[17:41:48]   customer  : -153.329
[17:41:48] 
🔌 Main Grid 交易:
[17:41:48]   进口电量:    30.84 kWh
[17:41:48]   出口电量:   950.96 kWh
[17:41:48]   净交易量:  -920.12 kWh
[17:41:48]   平均出清价:   7.15 cents/kWh
[17:41:48]   市场独立度:  72.73%
[17:41:48] 
Buffer大小:  3936
[17:41:48] 噪声水平: 0.0849
[17:41:48] 
动作统计:
[17:41:48]   wind      : mean= 0.283, std= 0.162
[17:41:48]   solar     : mean=-0.628, std= 0.247
[17:41:48]   diesel    : mean=-0.880, std= 0.158
[17:41:48]   battery   : mean= 0.240, std= 0.219
[17:41:48]   customer  : mean= 0.620, std= 0.095
[17:41:49] 
======================================================================
[17:41:49] Episode 160/200
[17:41:49] ======================================================================
[17:41:49] 总奖励:   -86.49 | 步数: 24
[17:41:49] 最近10个episodes平均:  -102.46
[17:41:49] 
各Agent奖励:
[17:41:49]   wind      :   63.045
[17:41:49]   solar     :   26.029
[17:41:49]   diesel    :    0.000
[17:41:49]   battery   :    0.000
[17:41:49]   customer  : -175.564
[17:41:49] 
🔌 Main Grid 交易:
[17:41:49]   进口电量:     6.60 kWh
[17:41:49]   出口电量:  1269.81 kWh
[17:41:49]   净交易量: -1263.21 kWh
[17:41:49]   平均出清价:  11.01 cents/kWh
[17:41:49]   市场独立度:  64.54%
[17:41:49] 
Buffer大小:  3960
[17:41:49] 噪声水平: 0.0848
[17:41:49] 
动作统计:
[17:41:49]   wind      : mean= 0.317, std= 0.167
[17:41:49]   solar     : mean=-0.653, std= 0.175
[17:41:49]   diesel    : mean=-0.876, std= 0.159
[17:41:49]   battery   : mean= 0.218, std= 0.184
[17:41:49]   customer  : mean= 0.628, std= 0.107
[17:41:49] 
📊 生成可视化图表...
[17:41:49]   ✓ debug_plots/training_ep0160.png
[17:41:49] 
======================================================================
[17:41:49] Episode 161/200
[17:41:49] ======================================================================
[17:41:49] 总奖励:   -76.16 | 步数: 24
[17:41:49] 最近10个episodes平均:   -97.26
[17:41:49] 
各Agent奖励:
[17:41:49]   wind      :   82.990
[17:41:49]   solar     :   20.715
[17:41:49]   diesel    :    0.000
[17:41:49]   battery   :    0.890
[17:41:49]   customer  : -180.753
[17:41:49] 
🔌 Main Grid 交易:
[17:41:49]   进口电量:    61.74 kWh
[17:41:49]   出口电量:  1216.14 kWh
[17:41:49]   净交易量: -1154.39 kWh
[17:41:49]   平均出清价:  13.47 cents/kWh
[17:41:49]   市场独立度:  64.50%
[17:41:49] 
Buffer大小:  3984
[17:41:49] 噪声水平: 0.0847
[17:41:49] 
动作统计:
[17:41:49]   wind      : mean= 0.252, std= 0.134
[17:41:49]   solar     : mean=-0.405, std= 0.476
[17:41:49]   diesel    : mean=-0.869, std= 0.183
[17:41:49]   battery   : mean= 0.242, std= 0.217
[17:41:49]   customer  : mean= 0.605, std= 0.108
[17:41:50] 
======================================================================
[17:41:50] Episode 162/200
[17:41:50] ======================================================================
[17:41:50] 总奖励:  -112.54 | 步数: 24
[17:41:50] 最近10个episodes平均:   -97.88
[17:41:50] 
各Agent奖励:
[17:41:50]   wind      :   40.644
[17:41:50]   solar     :   21.612
[17:41:50]   diesel    :    0.000
[17:41:50]   battery   :    0.711
[17:41:50]   customer  : -175.505
[17:41:50] 
🔌 Main Grid 交易:
[17:41:50]   进口电量:    59.63 kWh
[17:41:50]   出口电量:  1151.62 kWh
[17:41:50]   净交易量: -1091.99 kWh
[17:41:50]   平均出清价:  12.03 cents/kWh
[17:41:50]   市场独立度:  66.35%
[17:41:50] 
Buffer大小:  4008
[17:41:50] 噪声水平: 0.0846
[17:41:50] 
动作统计:
[17:41:50]   wind      : mean= 0.312, std= 0.161
[17:41:50]   solar     : mean=-0.483, std= 0.334
[17:41:50]   diesel    : mean=-0.873, std= 0.159
[17:41:50]   battery   : mean= 0.223, std= 0.219
[17:41:50]   customer  : mean= 0.630, std= 0.094
[17:41:50] 
======================================================================
[17:41:50] Episode 163/200
[17:41:50] ======================================================================
[17:41:50] 总奖励:   -81.08 | 步数: 24
[17:41:50] 最近10个episodes平均:   -96.54
[17:41:50] 
各Agent奖励:
[17:41:50]   wind      :   85.491
[17:41:50]   solar     :   20.608
[17:41:50]   diesel    :    0.000
[17:41:50]   battery   :    0.000
[17:41:50]   customer  : -187.179
[17:41:50] 
🔌 Main Grid 交易:
[17:41:50]   进口电量:    75.49 kWh
[17:41:50]   出口电量:  1118.56 kWh
[17:41:50]   净交易量: -1043.07 kWh
[17:41:50]   平均出清价:  15.83 cents/kWh
[17:41:50]   市场独立度:  66.83%
[17:41:50] 
Buffer大小:  4032
[17:41:50] 噪声水平: 0.0845
[17:41:50] 
动作统计:
[17:41:50]   wind      : mean= 0.295, std= 0.134
[17:41:50]   solar     : mean=-0.322, std= 0.529
[17:41:50]   diesel    : mean=-0.878, std= 0.154
[17:41:50]   battery   : mean= 0.241, std= 0.210
[17:41:50]   customer  : mean= 0.621, std= 0.108
[17:41:50] 
======================================================================
[17:41:50] Episode 164/200
[17:41:50] ======================================================================
[17:41:50] 总奖励:  -102.26 | 步数: 24
[17:41:50] 最近10个episodes平均:   -94.49
[17:41:50] 
各Agent奖励:
[17:41:50]   wind      :   45.338
[17:41:50]   solar     :    4.512
[17:41:50]   diesel    :    0.000
[17:41:50]   battery   :    0.000
[17:41:50]   customer  : -152.114
[17:41:50] 
🔌 Main Grid 交易:
[17:41:50]   进口电量:    43.95 kWh
[17:41:50]   出口电量:  1147.17 kWh
[17:41:50]   净交易量: -1103.22 kWh
[17:41:50]   平均出清价:   4.92 cents/kWh
[17:41:50]   市场独立度:  66.91%
[17:41:50] 
Buffer大小:  4056
[17:41:50] 噪声水平: 0.0844
[17:41:50] 
动作统计:
[17:41:50]   wind      : mean= 0.237, std= 0.219
[17:41:50]   solar     : mean=-0.500, std= 0.180
[17:41:50]   diesel    : mean=-0.894, std= 0.164
[17:41:50]   battery   : mean= 0.229, std= 0.207
[17:41:50]   customer  : mean= 0.612, std= 0.101
[17:41:50] 
======================================================================
[17:41:50] Episode 165/200
[17:41:50] ======================================================================
[17:41:50] 总奖励:   -70.59 | 步数: 24
[17:41:50] 最近10个episodes平均:   -90.58
[17:41:50] 
各Agent奖励:
[17:41:50]   wind      :   63.177
[17:41:50]   solar     :   44.862
[17:41:50]   diesel    :    0.000
[17:41:50]   battery   :    0.000
[17:41:50]   customer  : -178.630
[17:41:50] 
🔌 Main Grid 交易:
[17:41:50]   进口电量:    60.72 kWh
[17:41:50]   出口电量:  1477.99 kWh
[17:41:50]   净交易量: -1417.27 kWh
[17:41:50]   平均出清价:  13.59 cents/kWh
[17:41:50]   市场独立度:  57.26%
[17:41:50] 
Buffer大小:  4080
[17:41:50] 噪声水平: 0.0844
[17:41:50] 
动作统计:
[17:41:50]   wind      : mean= 0.296, std= 0.150
[17:41:50]   solar     : mean=-0.418, std= 0.231
[17:41:50]   diesel    : mean=-0.908, std= 0.163
[17:41:50]   battery   : mean= 0.256, std= 0.196
[17:41:50]   customer  : mean= 0.577, std= 0.106
[17:41:50] 
======================================================================
[17:41:50] Episode 166/200
[17:41:50] ======================================================================
[17:41:50] 总奖励:   -66.98 | 步数: 24
[17:41:50] 最近10个episodes平均:   -88.81
[17:41:50] 
各Agent奖励:
[17:41:50]   wind      :   74.145
[17:41:50]   solar     :   23.275
[17:41:50]   diesel    :    0.000
[17:41:50]   battery   :    0.000
[17:41:50]   customer  : -164.404
[17:41:50] 
🔌 Main Grid 交易:
[17:41:50]   进口电量:    15.30 kWh
[17:41:50]   出口电量:  1057.91 kWh
[17:41:50]   净交易量: -1042.61 kWh
[17:41:50]   平均出清价:  10.42 cents/kWh
[17:41:50]   市场独立度:  70.19%
[17:41:50] 
Buffer大小:  4104
[17:41:50] 噪声水平: 0.0843
[17:41:50] 
动作统计:
[17:41:50]   wind      : mean= 0.294, std= 0.181
[17:41:50]   solar     : mean=-0.426, std= 0.221
[17:41:50]   diesel    : mean=-0.881, std= 0.164
[17:41:50]   battery   : mean= 0.235, std= 0.225
[17:41:50]   customer  : mean= 0.602, std= 0.106
[17:41:50] 
======================================================================
[17:41:50] Episode 167/200
[17:41:50] ======================================================================
[17:41:50] 总奖励:   -70.02 | 步数: 24
[17:41:50] 最近10个episodes平均:   -86.89
[17:41:50] 
各Agent奖励:
[17:41:50]   wind      :   82.684
[17:41:50]   solar     :   23.561
[17:41:50]   diesel    :    0.000
[17:41:50]   battery   :    0.000
[17:41:50]   customer  : -176.269
[17:41:50] 
🔌 Main Grid 交易:
[17:41:50]   进口电量:    59.29 kWh
[17:41:50]   出口电量:  1128.99 kWh
[17:41:50]   净交易量: -1069.70 kWh
[17:41:50]   平均出清价:  15.34 cents/kWh
[17:41:50]   市场独立度:  66.99%
[17:41:50] 
Buffer大小:  4128
[17:41:50] 噪声水平: 0.0842
[17:41:50] 
动作统计:
[17:41:50]   wind      : mean= 0.274, std= 0.175
[17:41:50]   solar     : mean=-0.191, std= 0.486
[17:41:50]   diesel    : mean=-0.909, std= 0.139
[17:41:50]   battery   : mean= 0.190, std= 0.211
[17:41:50]   customer  : mean= 0.626, std= 0.122
[17:41:51] 
======================================================================
[17:41:51] Episode 168/200
[17:41:51] ======================================================================
[17:41:51] 总奖励:   -89.23 | 步数: 24
[17:41:51] 最近10个episodes平均:   -84.86
[17:41:51] 
各Agent奖励:
[17:41:51]   wind      :   47.904
[17:41:51]   solar     :   40.667
[17:41:51]   diesel    :    0.000
[17:41:51]   battery   :    0.000
[17:41:51]   customer  : -177.804
[17:41:51] 
🔌 Main Grid 交易:
[17:41:51]   进口电量:    21.83 kWh
[17:41:51]   出口电量:  1187.29 kWh
[17:41:51]   净交易量: -1165.46 kWh
[17:41:51]   平均出清价:  13.19 cents/kWh
[17:41:51]   市场独立度:  66.41%
[17:41:51] 
Buffer大小:  4152
[17:41:51] 噪声水平: 0.0841
[17:41:51] 
动作统计:
[17:41:51]   wind      : mean= 0.291, std= 0.191
[17:41:51]   solar     : mean=-0.209, std= 0.338
[17:41:51]   diesel    : mean=-0.899, std= 0.155
[17:41:51]   battery   : mean= 0.227, std= 0.212
[17:41:51]   customer  : mean= 0.605, std= 0.096
[17:41:51] 
======================================================================
[17:41:51] Episode 169/200
[17:41:51] ======================================================================
[17:41:51] 总奖励:   -56.61 | 步数: 24
[17:41:51] 最近10个episodes平均:   -81.20
[17:41:51] 
各Agent奖励:
[17:41:51]   wind      :   82.402
[17:41:51]   solar     :   37.523
[17:41:51]   diesel    :    0.000
[17:41:51]   battery   :   -0.000
[17:41:51]   customer  : -176.536
[17:41:51] 
🔌 Main Grid 交易:
[17:41:51]   进口电量:    67.23 kWh
[17:41:51]   出口电量:  1080.30 kWh
[17:41:51]   净交易量: -1013.07 kWh
[17:41:51]   平均出清价:  14.52 cents/kWh
[17:41:51]   市场独立度:  68.12%
[17:41:51] 
Buffer大小:  4176
[17:41:51] 噪声水平: 0.0840
[17:41:51] 
动作统计:
[17:41:51]   wind      : mean= 0.254, std= 0.161
[17:41:51]   solar     : mean=-0.063, std= 0.369
[17:41:51]   diesel    : mean=-0.904, std= 0.149
[17:41:51]   battery   : mean= 0.204, std= 0.226
[17:41:51]   customer  : mean= 0.583, std= 0.110
[17:41:51] 
======================================================================
[17:41:51] Episode 170/200
[17:41:51] ======================================================================
[17:41:51] 总奖励:   -90.59 | 步数: 24
[17:41:51] 最近10个episodes平均:   -81.61
[17:41:51] 
各Agent奖励:
[17:41:51]   wind      :   97.443
[17:41:51]   solar     :    2.355
[17:41:51]   diesel    :    0.000
[17:41:51]   battery   :   -0.330
[17:41:51]   customer  : -190.060
[17:41:51] 
🔌 Main Grid 交易:
[17:41:51]   进口电量:    49.69 kWh
[17:41:51]   出口电量:   884.85 kWh
[17:41:51]   净交易量:  -835.16 kWh
[17:41:51]   平均出清价:  17.65 cents/kWh
[17:41:51]   市场独立度:  74.04%
[17:41:51] 
Buffer大小:  4200
[17:41:51] 噪声水平: 0.0839
[17:41:51] 
动作统计:
[17:41:51]   wind      : mean= 0.267, std= 0.152
[17:41:51]   solar     : mean= 0.259, std= 0.514
[17:41:51]   diesel    : mean=-0.898, std= 0.122
[17:41:51]   battery   : mean= 0.202, std= 0.209
[17:41:51]   customer  : mean= 0.617, std= 0.082
[17:41:51] 
📊 生成可视化图表...
[17:41:51]   ✓ debug_plots/training_ep0170.png
[17:41:51] 
======================================================================
[17:41:51] Episode 171/200
[17:41:51] ======================================================================
[17:41:51] 总奖励:   -64.15 | 步数: 24
[17:41:51] 最近10个episodes平均:   -80.41
[17:41:51] 
各Agent奖励:
[17:41:51]   wind      :  101.154
[17:41:51]   solar     :   29.610
[17:41:51]   diesel    :    0.000
[17:41:51]   battery   :   -0.016
[17:41:51]   customer  : -194.896
[17:41:51] 
🔌 Main Grid 交易:
[17:41:51]   进口电量:     8.69 kWh
[17:41:51]   出口电量:   992.46 kWh
[17:41:51]   净交易量:  -983.76 kWh
[17:41:51]   平均出清价:  18.55 cents/kWh
[17:41:51]   市场独立度:  72.19%
[17:41:51] 
Buffer大小:  4224
[17:41:51] 噪声水平: 0.0839
[17:41:51] 
动作统计:
[17:41:51]   wind      : mean= 0.270, std= 0.153
[17:41:51]   solar     : mean= 0.327, std= 0.442
[17:41:51]   diesel    : mean=-0.892, std= 0.153
[17:41:51]   battery   : mean= 0.206, std= 0.211
[17:41:51]   customer  : mean= 0.572, std= 0.096
[17:41:52] 
======================================================================
[17:41:52] Episode 172/200
[17:41:52] ======================================================================
[17:41:52] 总奖励:   -68.27 | 步数: 24
[17:41:52] 最近10个episodes平均:   -75.98
[17:41:52] 
各Agent奖励:
[17:41:52]   wind      :  117.465
[17:41:52]   solar     :    0.000
[17:41:52]   diesel    :    0.000
[17:41:52]   battery   :    0.237
[17:41:52]   customer  : -185.968
[17:41:52] 
🔌 Main Grid 交易:
[17:41:52]   进口电量:    49.31 kWh
[17:41:52]   出口电量:  1156.90 kWh
[17:41:52]   净交易量: -1107.58 kWh
[17:41:52]   平均出清价:  16.29 cents/kWh
[17:41:52]   市场独立度:  66.49%
[17:41:52] 
Buffer大小:  4248
[17:41:52] 噪声水平: 0.0838
[17:41:52] 
动作统计:
[17:41:52]   wind      : mean= 0.253, std= 0.142
[17:41:52]   solar     : mean= 0.482, std= 0.441
[17:41:52]   diesel    : mean=-0.879, std= 0.175
[17:41:52]   battery   : mean= 0.195, std= 0.183
[17:41:52]   customer  : mean= 0.576, std= 0.121
[17:41:52] 
======================================================================
[17:41:52] Episode 173/200
[17:41:52] ======================================================================
[17:41:52] 总奖励:   -83.06 | 步数: 24
[17:41:52] 最近10个episodes平均:   -76.18
[17:41:52] 
各Agent奖励:
[17:41:52]   wind      :  107.061
[17:41:52]   solar     :    0.000
[17:41:52]   diesel    :    0.000
[17:41:52]   battery   :   -0.012
[17:41:52]   customer  : -190.113
[17:41:52] 
🔌 Main Grid 交易:
[17:41:52]   进口电量:    85.41 kWh
[17:41:52]   出口电量:   935.58 kWh
[17:41:52]   净交易量:  -850.16 kWh
[17:41:52]   平均出清价:  17.61 cents/kWh
[17:41:52]   市场独立度:  71.64%
[17:41:52] 
Buffer大小:  4272
[17:41:52] 噪声水平: 0.0837
[17:41:52] 
动作统计:
[17:41:52]   wind      : mean= 0.272, std= 0.151
[17:41:52]   solar     : mean= 0.514, std= 0.464
[17:41:52]   diesel    : mean=-0.893, std= 0.137
[17:41:52]   battery   : mean= 0.213, std= 0.200
[17:41:52]   customer  : mean= 0.590, std= 0.102
[17:41:52] 
======================================================================
[17:41:52] Episode 174/200
[17:41:52] ======================================================================
[17:41:52] 总奖励:   -79.11 | 步数: 24
[17:41:52] 最近10个episodes平均:   -73.86
[17:41:52] 
各Agent奖励:
[17:41:52]   wind      :  112.752
[17:41:52]   solar     :    2.298
[17:41:52]   diesel    :    0.000
[17:41:52]   battery   :    0.000
[17:41:52]   customer  : -194.157
[17:41:52] 
🔌 Main Grid 交易:
[17:41:52]   进口电量:    15.69 kWh
[17:41:52]   出口电量:  1301.52 kWh
[17:41:52]   净交易量: -1285.83 kWh
[17:41:52]   平均出清价:  16.91 cents/kWh
[17:41:52]   市场独立度:  63.41%
[17:41:52] 
Buffer大小:  4296
[17:41:52] 噪声水平: 0.0836
[17:41:52] 
动作统计:
[17:41:52]   wind      : mean= 0.264, std= 0.151
[17:41:52]   solar     : mean= 0.571, std= 0.510
[17:41:52]   diesel    : mean=-0.897, std= 0.139
[17:41:52]   battery   : mean= 0.229, std= 0.184
[17:41:52]   customer  : mean= 0.631, std= 0.114
[17:41:52] 
======================================================================
[17:41:52] Episode 175/200
[17:41:52] ======================================================================
[17:41:52] 总奖励:  -104.16 | 步数: 24
[17:41:52] 最近10个episodes平均:   -77.22
[17:41:52] 
各Agent奖励:
[17:41:52]   wind      :   97.620
[17:41:52]   solar     :    3.110
[17:41:52]   diesel    :    0.021
[17:41:52]   battery   :    0.459
[17:41:52]   customer  : -205.368
[17:41:52] 
🔌 Main Grid 交易:
[17:41:52]   进口电量:    43.33 kWh
[17:41:52]   出口电量:  1107.52 kWh
[17:41:52]   净交易量: -1064.19 kWh
[17:41:52]   平均出清价:  18.06 cents/kWh
[17:41:52]   市场独立度:  68.03%
[17:41:52] 
Buffer大小:  4320
[17:41:52] 噪声水平: 0.0835
[17:41:52] 
动作统计:
[17:41:52]   wind      : mean= 0.278, std= 0.147
[17:41:52]   solar     : mean= 0.555, std= 0.508
[17:41:52]   diesel    : mean=-0.883, std= 0.177
[17:41:52]   battery   : mean= 0.234, std= 0.206
[17:41:52]   customer  : mean= 0.604, std= 0.097
[17:41:52] 
======================================================================
[17:41:52] Episode 176/200
[17:41:52] ======================================================================
[17:41:52] 总奖励:  -112.73 | 步数: 24
[17:41:52] 最近10个episodes平均:   -81.79
[17:41:52] 
各Agent奖励:
[17:41:52]   wind      :   89.011
[17:41:52]   solar     :    1.724
[17:41:52]   diesel    :   -3.642
[17:41:52]   battery   :    0.000
[17:41:52]   customer  : -199.819
[17:41:52] 
🔌 Main Grid 交易:
[17:41:52]   进口电量:    95.54 kWh
[17:41:52]   出口电量:  1035.82 kWh
[17:41:52]   净交易量:  -940.28 kWh
[17:41:52]   平均出清价:  14.76 cents/kWh
[17:41:52]   市场独立度:  68.57%
[17:41:52] 
Buffer大小:  4344
[17:41:52] 噪声水平: 0.0834
[17:41:52] 
动作统计:
[17:41:52]   wind      : mean= 0.250, std= 0.130
[17:41:52]   solar     : mean= 0.593, std= 0.537
[17:41:52]   diesel    : mean=-0.883, std= 0.186
[17:41:52]   battery   : mean= 0.196, std= 0.186
[17:41:52]   customer  : mean= 0.599, std= 0.127
[17:41:52] 
======================================================================
[17:41:52] Episode 177/200
[17:41:52] ======================================================================
[17:41:52] 总奖励:   -60.91 | 步数: 24
[17:41:52] 最近10个episodes平均:   -80.88
[17:41:52] 
各Agent奖励:
[17:41:52]   wind      :  104.847
[17:41:52]   solar     :   20.762
[17:41:52]   diesel    :    0.000
[17:41:52]   battery   :    0.000
[17:41:52]   customer  : -186.516
[17:41:52] 
🔌 Main Grid 交易:
[17:41:52]   进口电量:    41.14 kWh
[17:41:52]   出口电量:  1046.47 kWh
[17:41:52]   净交易量: -1005.33 kWh
[17:41:52]   平均出清价:  16.84 cents/kWh
[17:41:52]   市场独立度:  69.79%
[17:41:52] 
Buffer大小:  4368
[17:41:52] 噪声水平: 0.0834
[17:41:52] 
动作统计:
[17:41:52]   wind      : mean= 0.246, std= 0.117
[17:41:52]   solar     : mean= 0.466, std= 0.616
[17:41:52]   diesel    : mean=-0.893, std= 0.130
[17:41:52]   battery   : mean= 0.197, std= 0.183
[17:41:52]   customer  : mean= 0.571, std= 0.109
[17:41:53] 
======================================================================
[17:41:53] Episode 178/200
[17:41:53] ======================================================================
[17:41:53] 总奖励:   -90.05 | 步数: 24
[17:41:53] 最近10个episodes平均:   -80.96
[17:41:53] 
各Agent奖励:
[17:41:53]   wind      :  102.766
[17:41:53]   solar     :    0.000
[17:41:53]   diesel    :    0.000
[17:41:53]   battery   :   -0.030
[17:41:53]   customer  : -192.783
[17:41:53] 
🔌 Main Grid 交易:
[17:41:53]   进口电量:   129.15 kWh
[17:41:53]   出口电量:  1194.74 kWh
[17:41:53]   净交易量: -1065.60 kWh
[17:41:53]   平均出清价:  15.76 cents/kWh
[17:41:53]   市场独立度:  63.23%
[17:41:53] 
Buffer大小:  4392
[17:41:53] 噪声水平: 0.0833
[17:41:53] 
动作统计:
[17:41:53]   wind      : mean= 0.235, std= 0.154
[17:41:53]   solar     : mean= 0.591, std= 0.525
[17:41:53]   diesel    : mean=-0.897, std= 0.159
[17:41:53]   battery   : mean= 0.193, std= 0.185
[17:41:53]   customer  : mean= 0.579, std= 0.121
[17:41:53] 
======================================================================
[17:41:53] Episode 179/200
[17:41:53] ======================================================================
[17:41:53] 总奖励:   -58.41 | 步数: 24
[17:41:53] 最近10个episodes平均:   -81.14
[17:41:53] 
各Agent奖励:
[17:41:53]   wind      :  116.949
[17:41:53]   solar     :    9.581
[17:41:53]   diesel    :    0.000
[17:41:53]   battery   :    0.243
[17:41:53]   customer  : -185.187
[17:41:53] 
🔌 Main Grid 交易:
[17:41:53]   进口电量:    62.06 kWh
[17:41:53]   出口电量:   955.43 kWh
[17:41:53]   净交易量:  -893.37 kWh
[17:41:53]   平均出清价:  17.09 cents/kWh
[17:41:53]   市场独立度:  71.74%
[17:41:53] 
Buffer大小:  4416
[17:41:53] 噪声水平: 0.0832
[17:41:53] 
动作统计:
[17:41:53]   wind      : mean= 0.250, std= 0.133
[17:41:53]   solar     : mean= 0.564, std= 0.570
[17:41:53]   diesel    : mean=-0.896, std= 0.125
[17:41:53]   battery   : mean= 0.189, std= 0.181
[17:41:53]   customer  : mean= 0.579, std= 0.103
[17:41:53] 
======================================================================
[17:41:53] Episode 180/200
[17:41:53] ======================================================================
[17:41:53] 总奖励:   -62.91 | 步数: 24
[17:41:53] 最近10个episodes平均:   -78.37
[17:41:53] 
各Agent奖励:
[17:41:53]   wind      :  127.716
[17:41:53]   solar     :    0.781
[17:41:53]   diesel    :   -0.382
[17:41:53]   battery   :   -3.082
[17:41:53]   customer  : -187.941
[17:41:53] 
🔌 Main Grid 交易:
[17:41:53]   进口电量:    39.85 kWh
[17:41:53]   出口电量:  1167.07 kWh
[17:41:53]   净交易量: -1127.22 kWh
[17:41:53]   平均出清价:  15.90 cents/kWh
[17:41:53]   市场独立度:  66.47%
[17:41:53] 
Buffer大小:  4440
[17:41:53] 噪声水平: 0.0831
[17:41:53] 
动作统计:
[17:41:53]   wind      : mean= 0.221, std= 0.138
[17:41:53]   solar     : mean= 0.589, std= 0.518
[17:41:53]   diesel    : mean=-0.886, std= 0.181
[17:41:53]   battery   : mean= 0.212, std= 0.180
[17:41:53]   customer  : mean= 0.575, std= 0.116
[17:41:53] 
📊 生成可视化图表...
[17:41:53]   ✓ debug_plots/training_ep0180.png
[17:41:54] 
======================================================================
[17:41:54] Episode 181/200
[17:41:54] ======================================================================
[17:41:54] 总奖励:   -67.28 | 步数: 24
[17:41:54] 最近10个episodes平均:   -78.69
[17:41:54] 
各Agent奖励:
[17:41:54]   wind      :  119.220
[17:41:54]   solar     :    3.057
[17:41:54]   diesel    :    0.000
[17:41:54]   battery   :    0.241
[17:41:54]   customer  : -189.802
[17:41:54] 
🔌 Main Grid 交易:
[17:41:54]   进口电量:    50.29 kWh
[17:41:54]   出口电量:  1029.75 kWh
[17:41:54]   净交易量:  -979.46 kWh
[17:41:54]   平均出清价:  16.89 cents/kWh
[17:41:54]   市场独立度:  70.00%
[17:41:54] 
Buffer大小:  4464
[17:41:54] 噪声水平: 0.0830
[17:41:54] 
动作统计:
[17:41:54]   wind      : mean= 0.279, std= 0.136
[17:41:54]   solar     : mean= 0.571, std= 0.546
[17:41:54]   diesel    : mean=-0.889, std= 0.158
[17:41:54]   battery   : mean= 0.173, std= 0.198
[17:41:54]   customer  : mean= 0.575, std= 0.115
[17:41:54] 
======================================================================
[17:41:54] Episode 182/200
[17:41:54] ======================================================================
[17:41:54] 总奖励:   -64.92 | 步数: 24
[17:41:54] 最近10个episodes平均:   -78.35
[17:41:54] 
各Agent奖励:
[17:41:54]   wind      :  120.509
[17:41:54]   solar     :    3.058
[17:41:54]   diesel    :    0.000
[17:41:54]   battery   :    0.000
[17:41:54]   customer  : -188.483
[17:41:54] 
🔌 Main Grid 交易:
[17:41:54]   进口电量:    69.98 kWh
[17:41:54]   出口电量:  1095.24 kWh
[17:41:54]   净交易量: -1025.25 kWh
[17:41:54]   平均出清价:  15.56 cents/kWh
[17:41:54]   市场独立度:  67.63%
[17:41:54] 
Buffer大小:  4488
[17:41:54] 噪声水平: 0.0829
[17:41:54] 
动作统计:
[17:41:54]   wind      : mean= 0.228, std= 0.108
[17:41:54]   solar     : mean= 0.599, std= 0.513
[17:41:54]   diesel    : mean=-0.892, std= 0.169
[17:41:54]   battery   : mean= 0.214, std= 0.180
[17:41:54]   customer  : mean= 0.582, std= 0.114
[17:41:54] 
======================================================================
[17:41:54] Episode 183/200
[17:41:54] ======================================================================
[17:41:54] 总奖励:   -80.69 | 步数: 24
[17:41:54] 最近10个episodes平均:   -78.12
[17:41:54] 
各Agent奖励:
[17:41:54]   wind      :  107.847
[17:41:54]   solar     :    2.828
[17:41:54]   diesel    :    0.000
[17:41:54]   battery   :    0.000
[17:41:54]   customer  : -191.362
[17:41:54] 
🔌 Main Grid 交易:
[17:41:54]   进口电量:    46.07 kWh
[17:41:54]   出口电量:  1096.33 kWh
[17:41:54]   净交易量: -1050.26 kWh
[17:41:54]   平均出清价:  15.84 cents/kWh
[17:41:54]   市场独立度:  68.27%
[17:41:54] 
Buffer大小:  4512
[17:41:54] 噪声水平: 0.0829
[17:41:54] 
动作统计:
[17:41:54]   wind      : mean= 0.250, std= 0.173
[17:41:54]   solar     : mean= 0.584, std= 0.523
[17:41:54]   diesel    : mean=-0.895, std= 0.157
[17:41:54]   battery   : mean= 0.224, std= 0.171
[17:41:54]   customer  : mean= 0.604, std= 0.105
[17:41:54] 
======================================================================
[17:41:54] Episode 184/200
[17:41:54] ======================================================================
[17:41:54] 总奖励:   -90.58 | 步数: 24
[17:41:54] 最近10个episodes平均:   -79.26
[17:41:54] 
各Agent奖励:
[17:41:54]   wind      :  106.258
[17:41:54]   solar     :    0.000
[17:41:54]   diesel    :    0.000
[17:41:54]   battery   :    0.000
[17:41:54]   customer  : -196.839
[17:41:54] 
🔌 Main Grid 交易:
[17:41:54]   进口电量:    54.94 kWh
[17:41:54]   出口电量:  1285.46 kWh
[17:41:54]   净交易量: -1230.52 kWh
[17:41:54]   平均出清价:  17.90 cents/kWh
[17:41:54]   市场独立度:  62.77%
[17:41:54] 
Buffer大小:  4536
[17:41:54] 噪声水平: 0.0828
[17:41:54] 
动作统计:
[17:41:54]   wind      : mean= 0.269, std= 0.116
[17:41:54]   solar     : mean= 0.607, std= 0.517
[17:41:54]   diesel    : mean=-0.896, std= 0.143
[17:41:54]   battery   : mean= 0.236, std= 0.167
[17:41:54]   customer  : mean= 0.626, std= 0.132
[17:41:54] 
======================================================================
[17:41:54] Episode 185/200
[17:41:54] ======================================================================
[17:41:54] 总奖励:   -87.20 | 步数: 24
[17:41:54] 最近10个episodes平均:   -77.57
[17:41:54] 
各Agent奖励:
[17:41:54]   wind      :  107.651
[17:41:54]   solar     :    0.000
[17:41:54]   diesel    :    0.000
[17:41:54]   battery   :    0.000
[17:41:54]   customer  : -194.850
[17:41:54] 
🔌 Main Grid 交易:
[17:41:54]   进口电量:   124.72 kWh
[17:41:54]   出口电量:  1174.34 kWh
[17:41:54]   净交易量: -1049.62 kWh
[17:41:54]   平均出清价:  16.09 cents/kWh
[17:41:54]   市场独立度:  63.92%
[17:41:54] 
Buffer大小:  4560
[17:41:54] 噪声水平: 0.0827
[17:41:54] 
动作统计:
[17:41:54]   wind      : mean= 0.251, std= 0.102
[17:41:54]   solar     : mean= 0.643, std= 0.521
[17:41:54]   diesel    : mean=-0.905, std= 0.145
[17:41:54]   battery   : mean= 0.228, std= 0.164
[17:41:54]   customer  : mean= 0.574, std= 0.119
[17:41:55] 
======================================================================
[17:41:55] Episode 186/200
[17:41:55] ======================================================================
[17:41:55] 总奖励:  -113.22 | 步数: 24
[17:41:55] 最近10个episodes平均:   -77.62
[17:41:55] 
各Agent奖励:
[17:41:55]   wind      :   91.849
[17:41:55]   solar     :    2.416
[17:41:55]   diesel    :    0.000
[17:41:55]   battery   :    0.000
[17:41:55]   customer  : -207.487
[17:41:55] 
🔌 Main Grid 交易:
[17:41:55]   进口电量:    97.92 kWh
[17:41:55]   出口电量:  1154.58 kWh
[17:41:55]   净交易量: -1056.66 kWh
[17:41:55]   平均出清价:  16.33 cents/kWh
[17:41:55]   市场独立度:  65.21%
[17:41:55] 
Buffer大小:  4584
[17:41:55] 噪声水平: 0.0826
[17:41:55] 
动作统计:
[17:41:55]   wind      : mean= 0.278, std= 0.111
[17:41:55]   solar     : mean= 0.598, std= 0.524
[17:41:55]   diesel    : mean=-0.888, std= 0.123
[17:41:55]   battery   : mean= 0.221, std= 0.180
[17:41:55]   customer  : mean= 0.578, std= 0.150
[17:41:55] 
======================================================================
[17:41:55] Episode 187/200
[17:41:55] ======================================================================
[17:41:55] 总奖励:   -88.90 | 步数: 24
[17:41:55] 最近10个episodes平均:   -80.42
[17:41:55] 
各Agent奖励:
[17:41:55]   wind      :   99.234
[17:41:55]   solar     :    0.000
[17:41:55]   diesel    :    0.519
[17:41:55]   battery   :    0.000
[17:41:55]   customer  : -188.652
[17:41:55] 
🔌 Main Grid 交易:
[17:41:55]   进口电量:   102.91 kWh
[17:41:55]   出口电量:  1204.19 kWh
[17:41:55]   净交易量: -1101.27 kWh
[17:41:55]   平均出清价:  15.50 cents/kWh
[17:41:55]   市场独立度:  63.69%
[17:41:55] 
Buffer大小:  4608
[17:41:55] 噪声水平: 0.0825
[17:41:55] 
动作统计:
[17:41:55]   wind      : mean= 0.239, std= 0.164
[17:41:55]   solar     : mean= 0.598, std= 0.500
[17:41:55]   diesel    : mean=-0.886, std= 0.190
[17:41:55]   battery   : mean= 0.251, std= 0.170
[17:41:55]   customer  : mean= 0.584, std= 0.123
[17:41:55] 
======================================================================
[17:41:55] Episode 188/200
[17:41:55] ======================================================================
[17:41:55] 总奖励:   -47.28 | 步数: 24
[17:41:55] 最近10个episodes平均:   -76.14
[17:41:55] 
各Agent奖励:
[17:41:55]   wind      :  129.843
[17:41:55]   solar     :    1.330
[17:41:55]   diesel    :    0.000
[17:41:55]   battery   :    0.524
[17:41:55]   customer  : -178.981
[17:41:55] 
🔌 Main Grid 交易:
[17:41:55]   进口电量:     4.37 kWh
[17:41:55]   出口电量:  1288.04 kWh
[17:41:55]   净交易量: -1283.67 kWh
[17:41:55]   平均出清价:  16.65 cents/kWh
[17:41:55]   市场独立度:  64.10%
[17:41:55] 
Buffer大小:  4632
[17:41:55] 噪声水平: 0.0824
[17:41:55] 
动作统计:
[17:41:55]   wind      : mean= 0.266, std= 0.148
[17:41:55]   solar     : mean= 0.592, std= 0.553
[17:41:55]   diesel    : mean=-0.898, std= 0.154
[17:41:55]   battery   : mean= 0.227, std= 0.189
[17:41:55]   customer  : mean= 0.590, std= 0.115
[17:41:55] 
======================================================================
[17:41:55] Episode 189/200
[17:41:55] ======================================================================
[17:41:55] 总奖励:   -93.87 | 步数: 24
[17:41:55] 最近10个episodes平均:   -79.68
[17:41:55] 
各Agent奖励:
[17:41:55]   wind      :  106.357
[17:41:55]   solar     :    0.000
[17:41:55]   diesel    :    0.000
[17:41:55]   battery   :   -1.294
[17:41:55]   customer  : -198.933
[17:41:55] 
🔌 Main Grid 交易:
[17:41:55]   进口电量:    30.39 kWh
[17:41:55]   出口电量:   910.09 kWh
[17:41:55]   净交易量:  -879.70 kWh
[17:41:55]   平均出清价:  17.00 cents/kWh
[17:41:55]   市场独立度:  73.88%
[17:41:55] 
Buffer大小:  4656
[17:41:55] 噪声水平: 0.0824
[17:41:55] 
动作统计:
[17:41:55]   wind      : mean= 0.248, std= 0.125
[17:41:55]   solar     : mean= 0.558, std= 0.523
[17:41:55]   diesel    : mean=-0.897, std= 0.172
[17:41:55]   battery   : mean= 0.232, std= 0.189
[17:41:55]   customer  : mean= 0.574, std= 0.098
[17:41:55] 
======================================================================
[17:41:55] Episode 190/200
[17:41:55] ======================================================================
[17:41:55] 总奖励:   -76.44 | 步数: 24
[17:41:55] 最近10个episodes平均:   -81.04
[17:41:55] 
各Agent奖励:
[17:41:55]   wind      :   98.662
[17:41:55]   solar     :   23.202
[17:41:55]   diesel    :   -0.036
[17:41:55]   battery   :    0.205
[17:41:55]   customer  : -198.473
[17:41:55] 
🔌 Main Grid 交易:
[17:41:55]   进口电量:   105.55 kWh
[17:41:55]   出口电量:   962.93 kWh
[17:41:55]   净交易量:  -857.37 kWh
[17:41:55]   平均出清价:  18.95 cents/kWh
[17:41:55]   市场独立度:  70.32%
[17:41:55] 
Buffer大小:  4680
[17:41:55] 噪声水平: 0.0823
[17:41:55] 
动作统计:
[17:41:55]   wind      : mean= 0.300, std= 0.162
[17:41:55]   solar     : mean= 0.449, std= 0.620
[17:41:55]   diesel    : mean=-0.884, std= 0.158
[17:41:55]   battery   : mean= 0.212, std= 0.174
[17:41:55]   customer  : mean= 0.584, std= 0.106
[17:41:55] 
📊 生成可视化图表...
[17:41:56]   ✓ debug_plots/training_ep0190.png
[17:41:56] 
======================================================================
[17:41:56] Episode 191/200
[17:41:56] ======================================================================
[17:41:56] 总奖励:  -119.58 | 步数: 24
[17:41:56] 最近10个episodes平均:   -86.27
[17:41:56] 
各Agent奖励:
[17:41:56]   wind      :   77.080
[17:41:56]   solar     :    2.379
[17:41:56]   diesel    :   -0.403
[17:41:56]   battery   :   -0.423
[17:41:56]   customer  : -198.215
[17:41:56] 
🔌 Main Grid 交易:
[17:41:56]   进口电量:    61.03 kWh
[17:41:56]   出口电量:   980.77 kWh
[17:41:56]   净交易量:  -919.73 kWh
[17:41:56]   平均出清价:  15.91 cents/kWh
[17:41:56]   市场独立度:  71.06%
[17:41:56] 
Buffer大小:  4704
[17:41:56] 噪声水平: 0.0822
[17:41:56] 
动作统计:
[17:41:56]   wind      : mean= 0.250, std= 0.157
[17:41:56]   solar     : mean= 0.497, std= 0.589
[17:41:56]   diesel    : mean=-0.895, std= 0.186
[17:41:56]   battery   : mean= 0.229, std= 0.214
[17:41:56]   customer  : mean= 0.602, std= 0.122
[17:41:56] 
======================================================================
[17:41:56] Episode 192/200
[17:41:56] ======================================================================
[17:41:56] 总奖励:   -95.82 | 步数: 24
[17:41:56] 最近10个episodes平均:   -89.36
[17:41:56] 
各Agent奖励:
[17:41:56]   wind      :   98.129
[17:41:56]   solar     :    0.000
[17:41:56]   diesel    :    0.000
[17:41:56]   battery   :   -0.034
[17:41:56]   customer  : -193.911
[17:41:56] 
🔌 Main Grid 交易:
[17:41:56]   进口电量:    58.28 kWh
[17:41:56]   出口电量:  1214.00 kWh
[17:41:56]   净交易量: -1155.72 kWh
[17:41:56]   平均出清价:  17.19 cents/kWh
[17:41:56]   市场独立度:  64.66%
[17:41:56] 
Buffer大小:  4728
[17:41:56] 噪声水平: 0.0821
[17:41:56] 
动作统计:
[17:41:56]   wind      : mean= 0.283, std= 0.154
[17:41:56]   solar     : mean= 0.518, std= 0.536
[17:41:56]   diesel    : mean=-0.902, std= 0.152
[17:41:56]   battery   : mean= 0.255, std= 0.208
[17:41:56]   customer  : mean= 0.586, std= 0.104
[17:41:56] 
======================================================================
[17:41:56] Episode 193/200
[17:41:56] ======================================================================
[17:41:56] 总奖励:   -73.77 | 步数: 24
[17:41:56] 最近10个episodes平均:   -88.67
[17:41:56] 
各Agent奖励:
[17:41:56]   wind      :  116.424
[17:41:56]   solar     :    1.758
[17:41:56]   diesel    :    0.000
[17:41:56]   battery   :    0.000
[17:41:56]   customer  : -191.951
[17:41:56] 
🔌 Main Grid 交易:
[17:41:56]   进口电量:    61.42 kWh
[17:41:56]   出口电量:  1224.92 kWh
[17:41:56]   净交易量: -1163.50 kWh
[17:41:56]   平均出清价:  16.61 cents/kWh
[17:41:56]   市场独立度:  64.27%
[17:41:56] 
Buffer大小:  4752
[17:41:56] 噪声水平: 0.0820
[17:41:56] 
动作统计:
[17:41:56]   wind      : mean= 0.247, std= 0.145
[17:41:56]   solar     : mean= 0.377, std= 0.553
[17:41:56]   diesel    : mean=-0.878, std= 0.153
[17:41:56]   battery   : mean= 0.294, std= 0.205
[17:41:56]   customer  : mean= 0.567, std= 0.130
[17:41:56] 
======================================================================
[17:41:56] Episode 194/200
[17:41:56] ======================================================================
[17:41:56] 总奖励:   -73.46 | 步数: 24
[17:41:56] 最近10个episodes平均:   -86.95
[17:41:56] 
各Agent奖励:
[17:41:56]   wind      :  107.185
[17:41:56]   solar     :    7.154
[17:41:56]   diesel    :    0.000
[17:41:56]   battery   :    0.213
[17:41:56]   customer  : -188.010
[17:41:56] 
🔌 Main Grid 交易:
[17:41:56]   进口电量:    23.30 kWh
[17:41:56]   出口电量:  1098.17 kWh
[17:41:56]   净交易量: -1074.87 kWh
[17:41:56]   平均出清价:  16.61 cents/kWh
[17:41:56]   市场独立度:  68.85%
[17:41:56] 
Buffer大小:  4776
[17:41:56] 噪声水平: 0.0819
[17:41:56] 
动作统计:
[17:41:56]   wind      : mean= 0.287, std= 0.141
[17:41:56]   solar     : mean= 0.255, std= 0.558
[17:41:56]   diesel    : mean=-0.883, std= 0.136
[17:41:56]   battery   : mean= 0.255, std= 0.195
[17:41:56]   customer  : mean= 0.583, std= 0.100
[17:41:56] 
======================================================================
[17:41:56] Episode 195/200
[17:41:56] ======================================================================
[17:41:56] 总奖励:   -74.98 | 步数: 24
[17:41:56] 最近10个episodes平均:   -85.73
[17:41:56] 
各Agent奖励:
[17:41:56]   wind      :   56.149
[17:41:56]   solar     :   45.156
[17:41:56]   diesel    :   -5.958
[17:41:56]   battery   :    0.000
[17:41:56]   customer  : -170.322
[17:41:56] 
🔌 Main Grid 交易:
[17:41:56]   进口电量:    38.76 kWh
[17:41:56]   出口电量:  1401.36 kWh
[17:41:56]   净交易量: -1362.60 kWh
[17:41:56]   平均出清价:  12.05 cents/kWh
[17:41:56]   市场独立度:  60.00%
[17:41:56] 
Buffer大小:  4800
[17:41:56] 噪声水平: 0.0819
[17:41:56] 
动作统计:
[17:41:56]   wind      : mean= 0.296, std= 0.165
[17:41:56]   solar     : mean= 0.024, std= 0.318
[17:41:56]   diesel    : mean=-0.879, std= 0.210
[17:41:56]   battery   : mean= 0.257, std= 0.185
[17:41:56]   customer  : mean= 0.606, std= 0.122
[17:41:57] 
======================================================================
[17:41:57] Episode 196/200
[17:41:57] ======================================================================
[17:41:57] 总奖励:   -93.68 | 步数: 24
[17:41:57] 最近10个episodes平均:   -83.78
[17:41:57] 
各Agent奖励:
[17:41:57]   wind      :   55.508
[17:41:57]   solar     :   39.695
[17:41:57]   diesel    :   -0.484
[17:41:57]   battery   :    0.000
[17:41:57]   customer  : -188.395
[17:41:57] 
🔌 Main Grid 交易:
[17:41:57]   进口电量:   133.80 kWh
[17:41:57]   出口电量:   759.84 kWh
[17:41:57]   净交易量:  -626.04 kWh
[17:41:57]   平均出清价:  13.66 cents/kWh
[17:41:57]   市场独立度:  75.18%
[17:41:57] 
Buffer大小:  4824
[17:41:57] 噪声水平: 0.0818
[17:41:57] 
动作统计:
[17:41:57]   wind      : mean= 0.294, std= 0.169
[17:41:57]   solar     : mean=-0.167, std= 0.290
[17:41:57]   diesel    : mean=-0.873, std= 0.184
[17:41:57]   battery   : mean= 0.274, std= 0.227
[17:41:57]   customer  : mean= 0.543, std= 0.112
[17:41:57] 
======================================================================
[17:41:57] Episode 197/200
[17:41:57] ======================================================================
[17:41:57] 总奖励:   -59.78 | 步数: 24
[17:41:57] 最近10个episodes平均:   -80.86
[17:41:57] 
各Agent奖励:
[17:41:57]   wind      :  104.911
[17:41:57]   solar     :   15.779
[17:41:57]   diesel    :    0.000
[17:41:57]   battery   :   -0.175
[17:41:57]   customer  : -180.295
[17:41:57] 
🔌 Main Grid 交易:
[17:41:57]   进口电量:    54.05 kWh
[17:41:57]   出口电量:  1151.28 kWh
[17:41:57]   净交易量: -1097.24 kWh
[17:41:57]   平均出清价:  15.45 cents/kWh
[17:41:57]   市场独立度:  66.52%
[17:41:57] 
Buffer大小:  4848
[17:41:57] 噪声水平: 0.0817
[17:41:57] 
动作统计:
[17:41:57]   wind      : mean= 0.261, std= 0.139
[17:41:57]   solar     : mean= 0.134, std= 0.453
[17:41:57]   diesel    : mean=-0.869, std= 0.158
[17:41:57]   battery   : mean= 0.269, std= 0.209
[17:41:57]   customer  : mean= 0.574, std= 0.108
[17:41:57] 
======================================================================
[17:41:57] Episode 198/200
[17:41:57] ======================================================================
[17:41:57] 总奖励:   -60.91 | 步数: 24
[17:41:57] 最近10个episodes平均:   -82.23
[17:41:57] 
各Agent奖励:
[17:41:57]   wind      :   94.782
[17:41:57]   solar     :   28.786
[17:41:57]   diesel    :    0.000
[17:41:57]   battery   :    0.000
[17:41:57]   customer  : -184.479
[17:41:57] 
🔌 Main Grid 交易:
[17:41:57]   进口电量:    85.78 kWh
[17:41:57]   出口电量:   859.71 kWh
[17:41:57]   净交易量:  -773.93 kWh
[17:41:57]   平均出清价:  16.47 cents/kWh
[17:41:57]   市场独立度:  73.74%
[17:41:57] 
Buffer大小:  4872
[17:41:57] 噪声水平: 0.0816
[17:41:57] 
动作统计:
[17:41:57]   wind      : mean= 0.258, std= 0.140
[17:41:57]   solar     : mean= 0.030, std= 0.421
[17:41:57]   diesel    : mean=-0.883, std= 0.178
[17:41:57]   battery   : mean= 0.257, std= 0.242
[17:41:57]   customer  : mean= 0.587, std= 0.111
[17:41:57] 
======================================================================
[17:41:57] Episode 199/200
[17:41:57] ======================================================================
[17:41:57] 总奖励:   -65.47 | 步数: 24
[17:41:57] 最近10个episodes平均:   -79.39
[17:41:57] 
各Agent奖励:
[17:41:57]   wind      :   95.650
[17:41:57]   solar     :   24.201
[17:41:57]   diesel    :    0.000
[17:41:57]   battery   :    0.000
[17:41:57]   customer  : -185.317
[17:41:57] 
🔌 Main Grid 交易:
[17:41:57]   进口电量:    27.83 kWh
[17:41:57]   出口电量:  1215.24 kWh
[17:41:57]   净交易量: -1187.41 kWh
[17:41:57]   平均出清价:  16.31 cents/kWh
[17:41:57]   市场独立度:  65.47%
[17:41:57] 
Buffer大小:  4896
[17:41:57] 噪声水平: 0.0815
[17:41:57] 
动作统计:
[17:41:57]   wind      : mean= 0.265, std= 0.153
[17:41:57]   solar     : mean= 0.055, std= 0.376
[17:41:57]   diesel    : mean=-0.867, std= 0.174
[17:41:57]   battery   : mean= 0.274, std= 0.232
[17:41:57]   customer  : mean= 0.583, std= 0.079
[17:41:57] 
======================================================================
[17:41:57] Episode 200/200
[17:41:57] ======================================================================
[17:41:57] 总奖励:   -84.67 | 步数: 24
[17:41:57] 最近10个episodes平均:   -80.21
[17:41:57] 
各Agent奖励:
[17:41:57]   wind      :   71.953
[17:41:57]   solar     :   35.306
[17:41:57]   diesel    :   -0.304
[17:41:57]   battery   :    0.042
[17:41:57]   customer  : -191.669
[17:41:57] 
🔌 Main Grid 交易:
[17:41:57]   进口电量:   161.88 kWh
[17:41:57]   出口电量:   882.05 kWh
[17:41:57]   净交易量:  -720.17 kWh
[17:41:57]   平均出清价:  14.92 cents/kWh
[17:41:57]   市场独立度:  71.00%
[17:41:57] 
Buffer大小:  4920
[17:41:57] 噪声水平: 0.0815
[17:41:57] 
动作统计:
[17:41:57]   wind      : mean= 0.279, std= 0.188
[17:41:57]   solar     : mean=-0.065, std= 0.324
[17:41:57]   diesel    : mean=-0.870, std= 0.221
[17:41:57]   battery   : mean= 0.237, std= 0.224
[17:41:57]   customer  : mean= 0.570, std= 0.117
[17:41:57] 
📊 生成可视化图表...
[17:41:58]   ✓ debug_plots/training_ep0200.png
[17:41:58] 💾 保存checkpoint: debug_checkpoints/debug_maddpg_20251203_174115_ep0200.pt
[17:41:58] 
======================================================================
[17:41:58] 🎉 训练完成！
[17:41:58] ======================================================================
[17:41:58] 
💾 统计数据已保存: debug_logs/debug_maddpg_20251203_174115_stats.json
[17:41:58] 📊 Main Grid分析: debug_plots/grid_analysis_final.png
[17:41:58] 💾 保存checkpoint: debug_checkpoints/debug_maddpg_20251203_174115_final.pt
