[19:30:28] 
======================================================================
[19:30:28] 🚀 开始调试训练
[19:30:28] ======================================================================
[19:30:28] 
🔥 预热阶段 (10 episodes)
[19:30:28]   预热 1/10
[19:30:28]   预热 2/10
[19:30:28]   预热 3/10
[19:30:28]   预热 4/10
[19:30:28]   预热 5/10
[19:30:28]   预热 6/10
[19:30:28]   预热 7/10
[19:30:28]   预热 8/10
[19:30:28]   预热 9/10
[19:30:29]   预热 10/10
[19:30:29] 
🏋️  训练阶段
[19:30:29] ======================================================================
[19:30:29] 
======================================================================
[19:30:29] Episode 1/800
[19:30:29] ======================================================================
[19:30:29] 总奖励:  -244.43 | 步数: 24
[19:30:29] 最近10个episodes平均:  -244.43
[19:30:29] 
各Agent奖励:
[19:30:29]   wind      :   93.495
[19:30:29]   solar     :   32.476
[19:30:29]   diesel    :    2.210
[19:30:29]   battery   :    1.535
[19:30:29]   customer  : -374.145
[19:30:29] 
🔌 Main Grid 交易:
[19:30:29]   进口电量:  1449.49 kWh
[19:30:29]   出口电量:     0.00 kWh
[19:30:29]   净交易量:  1449.49 kWh
[19:30:29]   平均出清价:  24.81 cents/kWh
[19:30:29]   市场独立度:  59.74%
[19:30:29] 
Buffer大小:   264
[19:30:29] 噪声水平: 0.0989
[19:30:29] 
动作统计:
[19:30:29]   wind      : mean=-0.067, std= 0.173
[19:30:29]   solar     : mean= 0.038, std= 0.212
[19:30:29]   diesel    : mean=-0.512, std= 0.368
[19:30:29]   battery   : mean= 0.271, std= 0.242
[19:30:29]   customer  : mean=-0.813, std= 0.094
[19:30:30] 
======================================================================
[19:30:30] Episode 2/800
[19:30:30] ======================================================================
[19:30:30] 总奖励:  -205.57 | 步数: 24
[19:30:30] 最近10个episodes平均:  -225.00
[19:30:30] 
各Agent奖励:
[19:30:30]   wind      :  108.618
[19:30:30]   solar     :   35.283
[19:30:30]   diesel    :    0.255
[19:30:30]   battery   :    2.524
[19:30:30]   customer  : -352.249
[19:30:30] 
🔌 Main Grid 交易:
[19:30:30]   进口电量:  1337.63 kWh
[19:30:30]   出口电量:     0.00 kWh
[19:30:30]   净交易量:  1337.63 kWh
[19:30:30]   平均出清价:  24.94 cents/kWh
[19:30:30]   市场独立度:  62.84%
[19:30:30] 
Buffer大小:   288
[19:30:30] 噪声水平: 0.0988
[19:30:30] 
动作统计:
[19:30:30]   wind      : mean=-0.083, std= 0.229
[19:30:30]   solar     : mean= 0.122, std= 0.232
[19:30:30]   diesel    : mean=-0.506, std= 0.331
[19:30:30]   battery   : mean= 0.315, std= 0.197
[19:30:30]   customer  : mean=-0.768, std= 0.107
[19:30:31] 
======================================================================
[19:30:31] Episode 3/800
[19:30:31] ======================================================================
[19:30:31] 总奖励:  -214.03 | 步数: 24
[19:30:31] 最近10个episodes平均:  -221.34
[19:30:31] 
各Agent奖励:
[19:30:31]   wind      :  115.388
[19:30:31]   solar     :   33.069
[19:30:31]   diesel    :    0.802
[19:30:31]   battery   :    0.000
[19:30:31]   customer  : -363.292
[19:30:31] 
🔌 Main Grid 交易:
[19:30:31]   进口电量:  1344.05 kWh
[19:30:31]   出口电量:     0.00 kWh
[19:30:31]   净交易量:  1344.05 kWh
[19:30:31]   平均出清价:  25.07 cents/kWh
[19:30:31]   市场独立度:  62.67%
[19:30:31] 
Buffer大小:   312
[19:30:31] 噪声水平: 0.0987
[19:30:31] 
动作统计:
[19:30:31]   wind      : mean=-0.212, std= 0.189
[19:30:31]   solar     : mean= 0.269, std= 0.193
[19:30:31]   diesel    : mean=-0.508, std= 0.333
[19:30:31]   battery   : mean= 0.466, std= 0.211
[19:30:31]   customer  : mean=-0.648, std= 0.125
[19:30:31] 
======================================================================
[19:30:31] Episode 4/800
[19:30:31] ======================================================================
[19:30:31] 总奖励:  -196.89 | 步数: 24
[19:30:31] 最近10个episodes平均:  -215.23
[19:30:31] 
各Agent奖励:
[19:30:31]   wind      :  133.807
[19:30:31]   solar     :   32.213
[19:30:31]   diesel    :    8.147
[19:30:31]   battery   :    0.000
[19:30:31]   customer  : -371.061
[19:30:31] 
🔌 Main Grid 交易:
[19:30:31]   进口电量:  1244.45 kWh
[19:30:31]   出口电量:     0.00 kWh
[19:30:31]   净交易量:  1244.45 kWh
[19:30:31]   平均出清价:  25.14 cents/kWh
[19:30:31]   市场独立度:  65.43%
[19:30:31] 
Buffer大小:   336
[19:30:31] 噪声水平: 0.0986
[19:30:31] 
动作统计:
[19:30:31]   wind      : mean=-0.494, std= 0.128
[19:30:31]   solar     : mean= 0.387, std= 0.146
[19:30:31]   diesel    : mean=-0.411, std= 0.427
[19:30:31]   battery   : mean= 0.560, std= 0.259
[19:30:31]   customer  : mean=-0.247, std= 0.163
[19:30:32] 
======================================================================
[19:30:32] Episode 5/800
[19:30:32] ======================================================================
[19:30:32] 总奖励:  -151.06 | 步数: 24
[19:30:32] 最近10个episodes平均:  -202.40
[19:30:32] 
各Agent奖励:
[19:30:32]   wind      :   71.434
[19:30:32]   solar     :   22.787
[19:30:32]   diesel    :   31.997
[19:30:32]   battery   :    0.036
[19:30:32]   customer  : -277.317
[19:30:32] 
🔌 Main Grid 交易:
[19:30:32]   进口电量:   582.46 kWh
[19:30:32]   出口电量:    42.88 kWh
[19:30:32]   净交易量:   539.58 kWh
[19:30:32]   平均出清价:  17.53 cents/kWh
[19:30:32]   市场独立度:  82.63%
[19:30:32] 
Buffer大小:   360
[19:30:32] 噪声水平: 0.0985
[19:30:32] 
动作统计:
[19:30:32]   wind      : mean=-0.673, std= 0.103
[19:30:32]   solar     : mean= 0.540, std= 0.153
[19:30:32]   diesel    : mean=-0.235, std= 0.525
[19:30:32]   battery   : mean= 0.577, std= 0.300
[19:30:32]   customer  : mean= 0.160, std= 0.170
[19:30:33] 
======================================================================
[19:30:33] Episode 6/800
[19:30:33] ======================================================================
[19:30:33] 总奖励:  -187.29 | 步数: 24
[19:30:33] 最近10个episodes平均:  -199.88
[19:30:33] 
各Agent奖励:
[19:30:33]   wind      :  -41.954
[19:30:33]   solar     :    0.000
[19:30:33]   diesel    : -152.590
[19:30:33]   battery   :    0.000
[19:30:33]   customer  :    7.252
[19:30:33] 
🔌 Main Grid 交易:
[19:30:33]   进口电量:    43.90 kWh
[19:30:33]   出口电量:   480.39 kWh
[19:30:33]   净交易量:  -436.49 kWh
[19:30:33]   平均出清价: -15.52 cents/kWh
[19:30:33]   市场独立度:  85.44%
[19:30:33] 
Buffer大小:   384
[19:30:33] 噪声水平: 0.0984
[19:30:33] 
动作统计:
[19:30:33]   wind      : mean=-0.778, std= 0.113
[19:30:33]   solar     : mean= 0.548, std= 0.226
[19:30:33]   diesel    : mean=-0.090, std= 0.633
[19:30:33]   battery   : mean= 0.427, std= 0.459
[19:30:33]   customer  : mean= 0.479, std= 0.121
[19:30:34] 
======================================================================
[19:30:34] Episode 7/800
[19:30:34] ======================================================================
[19:30:34] 总奖励:  -188.28 | 步数: 24
[19:30:34] 最近10个episodes平均:  -198.22
[19:30:34] 
各Agent奖励:
[19:30:34]   wind      :  -48.788
[19:30:34]   solar     :    0.000
[19:30:34]   diesel    : -119.394
[19:30:34]   battery   :    0.000
[19:30:34]   customer  :  -20.098
[19:30:34] 
🔌 Main Grid 交易:
[19:30:34]   进口电量:     0.00 kWh
[19:30:34]   出口电量:  1390.06 kWh
[19:30:34]   净交易量: -1390.06 kWh
[19:30:34]   平均出清价: -24.29 cents/kWh
[19:30:34]   市场独立度:  61.39%
[19:30:34] 
Buffer大小:   408
[19:30:34] 噪声水平: 0.0983
[19:30:34] 
动作统计:
[19:30:34]   wind      : mean=-0.817, std= 0.098
[19:30:34]   solar     : mean= 0.611, std= 0.272
[19:30:34]   diesel    : mean= 0.067, std= 0.752
[19:30:34]   battery   : mean= 0.279, std= 0.655
[19:30:34]   customer  : mean= 0.700, std= 0.115
[19:30:34] 
======================================================================
[19:30:34] Episode 8/800
[19:30:34] ======================================================================
[19:30:34] 总奖励:  -193.82 | 步数: 24
[19:30:34] 最近10个episodes平均:  -197.67
[19:30:34] 
各Agent奖励:
[19:30:34]   wind      :  -54.030
[19:30:34]   solar     :    0.000
[19:30:34]   diesel    :  -32.565
[19:30:34]   battery   :    0.000
[19:30:34]   customer  : -107.230
[19:30:34] 
🔌 Main Grid 交易:
[19:30:34]   进口电量:     0.00 kWh
[19:30:34]   出口电量:  1894.14 kWh
[19:30:34]   净交易量: -1894.14 kWh
[19:30:34]   平均出清价: -23.67 cents/kWh
[19:30:34]   市场独立度:  47.39%
[19:30:34] 
Buffer大小:   432
[19:30:34] 噪声水平: 0.0982
[19:30:34] 
动作统计:
[19:30:34]   wind      : mean=-0.797, std= 0.110
[19:30:34]   solar     : mean= 0.693, std= 0.286
[19:30:34]   diesel    : mean= 0.085, std= 0.795
[19:30:34]   battery   : mean= 0.176, std= 0.775
[19:30:34]   customer  : mean= 0.831, std= 0.111
[19:30:35] 
======================================================================
[19:30:35] Episode 9/800
[19:30:35] ======================================================================
[19:30:35] 总奖励:  -191.14 | 步数: 24
[19:30:35] 最近10个episodes平均:  -196.95
[19:30:35] 
各Agent奖励:
[19:30:35]   wind      :  -30.984
[19:30:35]   solar     :    0.000
[19:30:35]   diesel    :  -46.109
[19:30:35]   battery   :   -0.532
[19:30:35]   customer  : -113.511
[19:30:35] 
🔌 Main Grid 交易:
[19:30:35]   进口电量:     0.00 kWh
[19:30:35]   出口电量:  1821.44 kWh
[19:30:35]   净交易量: -1821.44 kWh
[19:30:35]   平均出清价: -18.69 cents/kWh
[19:30:35]   市场独立度:  49.40%
[19:30:35] 
Buffer大小:   456
[19:30:35] 噪声水平: 0.0981
[19:30:35] 
动作统计:
[19:30:35]   wind      : mean=-0.723, std= 0.187
[19:30:35]   solar     : mean= 0.702, std= 0.302
[19:30:35]   diesel    : mean= 0.132, std= 0.774
[19:30:35]   battery   : mean= 0.122, std= 0.830
[19:30:35]   customer  : mean= 0.866, std= 0.090
[19:30:36] 
======================================================================
[19:30:36] Episode 10/800
[19:30:36] ======================================================================
[19:30:36] 总奖励:  -197.40 | 步数: 24
[19:30:36] 最近10个episodes平均:  -196.99
[19:30:36] 
各Agent奖励:
[19:30:36]   wind      :  -21.141
[19:30:36]   solar     :    0.000
[19:30:36]   diesel    :  -12.050
[19:30:36]   battery   :   -9.058
[19:30:36]   customer  : -155.145
[19:30:36] 
🔌 Main Grid 交易:
[19:30:36]   进口电量:     0.00 kWh
[19:30:36]   出口电量:  1915.73 kWh
[19:30:36]   净交易量: -1915.73 kWh
[19:30:36]   平均出清价: -15.52 cents/kWh
[19:30:36]   市场独立度:  46.79%
[19:30:36] 
Buffer大小:   480
[19:30:36] 噪声水平: 0.0980
[19:30:36] 
动作统计:
[19:30:36]   wind      : mean=-0.647, std= 0.277
[19:30:36]   solar     : mean= 0.745, std= 0.275
[19:30:36]   diesel    : mean= 0.162, std= 0.715
[19:30:36]   battery   : mean= 0.053, std= 0.886
[19:30:36]   customer  : mean= 0.922, std= 0.071
[19:30:36] 
📊 生成可视化图表...
[19:30:37]   ✓ debug_plots/training_ep0010.png
[19:30:37] 
======================================================================
[19:30:37] Episode 11/800
[19:30:37] ======================================================================
[19:30:37] 总奖励:  -185.28 | 步数: 24
[19:30:37] 最近10个episodes平均:  -191.08
[19:30:37] 
各Agent奖励:
[19:30:37]   wind      :  -21.430
[19:30:37]   solar     :    0.000
[19:30:37]   diesel    :   -6.596
[19:30:37]   battery   :    0.000
[19:30:37]   customer  : -157.256
[19:30:37] 
🔌 Main Grid 交易:
[19:30:37]   进口电量:     0.00 kWh
[19:30:37]   出口电量:  1997.92 kWh
[19:30:37]   净交易量: -1997.92 kWh
[19:30:37]   平均出清价:  -8.96 cents/kWh
[19:30:37]   市场独立度:  44.50%
[19:30:37] 
Buffer大小:   504
[19:30:37] 噪声水平: 0.0979
[19:30:37] 
动作统计:
[19:30:37]   wind      : mean=-0.531, std= 0.397
[19:30:37]   solar     : mean= 0.758, std= 0.273
[19:30:37]   diesel    : mean= 0.260, std= 0.634
[19:30:37]   battery   : mean= 0.057, std= 0.913
[19:30:37]   customer  : mean= 0.941, std= 0.072
[19:30:38] 
======================================================================
[19:30:38] Episode 12/800
[19:30:38] ======================================================================
[19:30:38] 总奖励:  -188.92 | 步数: 24
[19:30:38] 最近10个episodes平均:  -189.41
[19:30:38] 
各Agent奖励:
[19:30:38]   wind      :   -7.234
[19:30:38]   solar     :    0.000
[19:30:38]   diesel    :   -2.621
[19:30:38]   battery   :    0.000
[19:30:38]   customer  : -179.066
[19:30:38] 
🔌 Main Grid 交易:
[19:30:38]   进口电量:     0.00 kWh
[19:30:38]   出口电量:  1868.27 kWh
[19:30:38]   净交易量: -1868.27 kWh
[19:30:38]   平均出清价:  -3.87 cents/kWh
[19:30:38]   市场独立度:  48.10%
[19:30:38] 
Buffer大小:   528
[19:30:38] 噪声水平: 0.0978
[19:30:38] 
动作统计:
[19:30:38]   wind      : mean=-0.436, std= 0.401
[19:30:38]   solar     : mean= 0.810, std= 0.253
[19:30:38]   diesel    : mean= 0.400, std= 0.427
[19:30:38]   battery   : mean= 0.056, std= 0.910
[19:30:38]   customer  : mean= 0.954, std= 0.059
[19:30:39] 
======================================================================
[19:30:39] Episode 13/800
[19:30:39] ======================================================================
[19:30:39] 总奖励:  -188.66 | 步数: 24
[19:30:39] 最近10个episodes平均:  -186.87
[19:30:39] 
各Agent奖励:
[19:30:39]   wind      :   -5.107
[19:30:39]   solar     :    0.000
[19:30:39]   diesel    :    0.000
[19:30:39]   battery   :    0.000
[19:30:39]   customer  : -183.548
[19:30:39] 
🔌 Main Grid 交易:
[19:30:39]   进口电量:     0.00 kWh
[19:30:39]   出口电量:  1891.02 kWh
[19:30:39]   净交易量: -1891.02 kWh
[19:30:39]   平均出清价:   0.30 cents/kWh
[19:30:39]   市场独立度:  47.47%
[19:30:39] 
Buffer大小:   552
[19:30:39] 噪声水平: 0.0977
[19:30:39] 
动作统计:
[19:30:39]   wind      : mean=-0.360, std= 0.408
[19:30:39]   solar     : mean= 0.827, std= 0.227
[19:30:39]   diesel    : mean= 0.565, std= 0.252
[19:30:39]   battery   : mean= 0.043, std= 0.904
[19:30:39]   customer  : mean= 0.951, std= 0.060
[19:30:40] 
======================================================================
[19:30:40] Episode 14/800
[19:30:40] ======================================================================
[19:30:40] 总奖励:  -190.27 | 步数: 24
[19:30:40] 最近10个episodes平均:  -186.21
[19:30:40] 
各Agent奖励:
[19:30:40]   wind      :   -2.269
[19:30:40]   solar     :    1.637
[19:30:40]   diesel    :    0.000
[19:30:40]   battery   :    0.000
[19:30:40]   customer  : -189.637
[19:30:40] 
🔌 Main Grid 交易:
[19:30:40]   进口电量:     0.00 kWh
[19:30:40]   出口电量:  1827.75 kWh
[19:30:40]   净交易量: -1827.75 kWh
[19:30:40]   平均出清价:   1.05 cents/kWh
[19:30:40]   市场独立度:  49.23%
[19:30:40] 
Buffer大小:   576
[19:30:40] 噪声水平: 0.0976
[19:30:40] 
动作统计:
[19:30:40]   wind      : mean=-0.266, std= 0.433
[19:30:40]   solar     : mean= 0.757, std= 0.306
[19:30:40]   diesel    : mean= 0.639, std= 0.154
[19:30:40]   battery   : mean= 0.037, std= 0.912
[19:30:40]   customer  : mean= 0.960, std= 0.052
[19:30:41] 
======================================================================
[19:30:41] Episode 15/800
[19:30:41] ======================================================================
[19:30:41] 总奖励:  -181.85 | 步数: 24
[19:30:41] 最近10个episodes平均:  -189.29
[19:30:41] 
各Agent奖励:
[19:30:41]   wind      :    1.208
[19:30:41]   solar     :    0.000
[19:30:41]   diesel    :    0.000
[19:30:41]   battery   :    0.000
[19:30:41]   customer  : -183.056
[19:30:41] 
🔌 Main Grid 交易:
[19:30:41]   进口电量:     0.00 kWh
[19:30:41]   出口电量:  1667.60 kWh
[19:30:41]   净交易量: -1667.60 kWh
[19:30:41]   平均出清价:   2.34 cents/kWh
[19:30:41]   市场独立度:  53.68%
[19:30:41] 
Buffer大小:   600
[19:30:41] 噪声水平: 0.0975
[19:30:41] 
动作统计:
[19:30:41]   wind      : mean=-0.211, std= 0.447
[19:30:41]   solar     : mean= 0.764, std= 0.316
[19:30:41]   diesel    : mean= 0.711, std= 0.141
[19:30:41]   battery   : mean= 0.062, std= 0.887
[19:30:41]   customer  : mean= 0.950, std= 0.076
[19:30:41] 
======================================================================
[19:30:41] Episode 16/800
[19:30:41] ======================================================================
[19:30:41] 总奖励:  -185.52 | 步数: 24
[19:30:41] 最近10个episodes平均:  -189.11
[19:30:41] 
各Agent奖励:
[19:30:41]   wind      :    4.863
[19:30:41]   solar     :    0.059
[19:30:41]   diesel    :    0.000
[19:30:41]   battery   :    0.000
[19:30:41]   customer  : -190.442
[19:30:41] 
🔌 Main Grid 交易:
[19:30:41]   进口电量:     0.00 kWh
[19:30:41]   出口电量:  1404.39 kWh
[19:30:41]   净交易量: -1404.39 kWh
[19:30:41]   平均出清价:   5.00 cents/kWh
[19:30:41]   市场独立度:  60.99%
[19:30:41] 
Buffer大小:   624
[19:30:41] 噪声水平: 0.0974
[19:30:41] 
动作统计:
[19:30:41]   wind      : mean=-0.115, std= 0.385
[19:30:41]   solar     : mean= 0.714, std= 0.287
[19:30:41]   diesel    : mean= 0.671, std= 0.189
[19:30:41]   battery   : mean= 0.097, std= 0.883
[19:30:41]   customer  : mean= 0.950, std= 0.065
[19:30:42] 
======================================================================
[19:30:42] Episode 17/800
[19:30:42] ======================================================================
[19:30:42] 总奖励:  -190.01 | 步数: 24
[19:30:42] 最近10个episodes平均:  -189.29
[19:30:42] 
各Agent奖励:
[19:30:42]   wind      :    0.826
[19:30:42]   solar     :   -0.033
[19:30:42]   diesel    :    1.785
[19:30:42]   battery   :    0.000
[19:30:42]   customer  : -192.584
[19:30:42] 
🔌 Main Grid 交易:
[19:30:42]   进口电量:     0.00 kWh
[19:30:42]   出口电量:  1229.53 kWh
[19:30:42]   净交易量: -1229.53 kWh
[19:30:42]   平均出清价:   4.95 cents/kWh
[19:30:42]   市场独立度:  65.85%
[19:30:42] 
Buffer大小:   648
[19:30:42] 噪声水平: 0.0973
[19:30:42] 
动作统计:
[19:30:42]   wind      : mean=-0.044, std= 0.407
[19:30:42]   solar     : mean= 0.652, std= 0.378
[19:30:42]   diesel    : mean= 0.626, std= 0.277
[19:30:42]   battery   : mean= 0.107, std= 0.867
[19:30:42]   customer  : mean= 0.957, std= 0.065
[19:30:43] 
======================================================================
[19:30:43] Episode 18/800
[19:30:43] ======================================================================
[19:30:43] 总奖励:  -186.26 | 步数: 24
[19:30:43] 最近10个episodes平均:  -188.53
[19:30:43] 
各Agent奖励:
[19:30:43]   wind      :   -3.794
[19:30:43]   solar     :    0.000
[19:30:43]   diesel    :    0.000
[19:30:43]   battery   :    0.000
[19:30:43]   customer  : -182.467
[19:30:43] 
🔌 Main Grid 交易:
[19:30:43]   进口电量:     0.00 kWh
[19:30:43]   出口电量:   858.85 kWh
[19:30:43]   净交易量:  -858.85 kWh
[19:30:43]   平均出清价:   3.42 cents/kWh
[19:30:43]   市场独立度:  76.14%
[19:30:43] 
Buffer大小:   672
[19:30:43] 噪声水平: 0.0972
[19:30:43] 
动作统计:
[19:30:43]   wind      : mean=-0.002, std= 0.364
[19:30:43]   solar     : mean= 0.637, std= 0.348
[19:30:43]   diesel    : mean= 0.585, std= 0.375
[19:30:43]   battery   : mean= 0.120, std= 0.834
[19:30:43]   customer  : mean= 0.969, std= 0.038
[19:30:44] 
======================================================================
[19:30:44] Episode 19/800
[19:30:44] ======================================================================
[19:30:44] 总奖励:  -186.20 | 步数: 24
[19:30:44] 最近10个episodes平均:  -188.04
[19:30:44] 
各Agent奖励:
[19:30:44]   wind      :    3.886
[19:30:44]   solar     :    0.000
[19:30:44]   diesel    :    0.000
[19:30:44]   battery   :    0.000
[19:30:44]   customer  : -190.081
[19:30:44] 
🔌 Main Grid 交易:
[19:30:44]   进口电量:     0.00 kWh
[19:30:44]   出口电量:   631.73 kWh
[19:30:44]   净交易量:  -631.73 kWh
[19:30:44]   平均出清价:   6.91 cents/kWh
[19:30:44]   市场独立度:  82.45%
[19:30:44] 
Buffer大小:   696
[19:30:44] 噪声水平: 0.0971
[19:30:44] 
动作统计:
[19:30:44]   wind      : mean= 0.019, std= 0.339
[19:30:44]   solar     : mean= 0.607, std= 0.330
[19:30:44]   diesel    : mean= 0.451, std= 0.488
[19:30:44]   battery   : mean= 0.113, std= 0.837
[19:30:44]   customer  : mean= 0.968, std= 0.059
[19:30:45] 
======================================================================
[19:30:45] Episode 20/800
[19:30:45] ======================================================================
[19:30:45] 总奖励:  -177.44 | 步数: 24
[19:30:45] 最近10个episodes平均:  -186.04
[19:30:45] 
各Agent奖励:
[19:30:45]   wind      :    6.303
[19:30:45]   solar     :    3.506
[19:30:45]   diesel    :    0.000
[19:30:45]   battery   :   -0.220
[19:30:45]   customer  : -187.028
[19:30:45] 
🔌 Main Grid 交易:
[19:30:45]   进口电量:    16.77 kWh
[19:30:45]   出口电量:   550.41 kWh
[19:30:45]   净交易量:  -533.63 kWh
[19:30:45]   平均出清价:   8.34 cents/kWh
[19:30:45]   市场独立度:  84.24%
[19:30:45] 
Buffer大小:   720
[19:30:45] 噪声水平: 0.0970
[19:30:45] 
动作统计:
[19:30:45]   wind      : mean= 0.061, std= 0.296
[19:30:45]   solar     : mean= 0.501, std= 0.455
[19:30:45]   diesel    : mean= 0.417, std= 0.533
[19:30:45]   battery   : mean= 0.151, std= 0.824
[19:30:45]   customer  : mean= 0.946, std= 0.056
[19:30:45] 
📊 生成可视化图表...
[19:30:45]   ✓ debug_plots/training_ep0020.png
[19:30:46] 
======================================================================
[19:30:46] Episode 21/800
[19:30:46] ======================================================================
[19:30:46] 总奖励:  -172.67 | 步数: 24
[19:30:46] 最近10个episodes平均:  -184.78
[19:30:46] 
各Agent奖励:
[19:30:46]   wind      :   12.343
[19:30:46]   solar     :    1.641
[19:30:46]   diesel    :    0.000
[19:30:46]   battery   :    0.000
[19:30:46]   customer  : -186.656
[19:30:46] 
🔌 Main Grid 交易:
[19:30:46]   进口电量:    31.45 kWh
[19:30:46]   出口电量:   525.82 kWh
[19:30:46]   净交易量:  -494.37 kWh
[19:30:46]   平均出清价:   8.02 cents/kWh
[19:30:46]   市场独立度:  84.52%
[19:30:46] 
Buffer大小:   744
[19:30:46] 噪声水平: 0.0969
[19:30:46] 
动作统计:
[19:30:46]   wind      : mean= 0.017, std= 0.284
[19:30:46]   solar     : mean= 0.476, std= 0.459
[19:30:46]   diesel    : mean= 0.419, std= 0.543
[19:30:46]   battery   : mean= 0.163, std= 0.803
[19:30:46]   customer  : mean= 0.910, std= 0.080
[19:30:47] 
======================================================================
[19:30:47] Episode 22/800
[19:30:47] ======================================================================
[19:30:47] 总奖励:  -166.07 | 步数: 24
[19:30:47] 最近10个episodes平均:  -182.49
[19:30:47] 
各Agent奖励:
[19:30:47]   wind      :   15.488
[19:30:47]   solar     :    0.658
[19:30:47]   diesel    :    0.000
[19:30:47]   battery   :    0.000
[19:30:47]   customer  : -182.216
[19:30:47] 
🔌 Main Grid 交易:
[19:30:47]   进口电量:   129.05 kWh
[19:30:47]   出口电量:   537.89 kWh
[19:30:47]   净交易量:  -408.83 kWh
[19:30:47]   平均出清价:   7.77 cents/kWh
[19:30:47]   市场独立度:  81.47%
[19:30:47] 
Buffer大小:   768
[19:30:47] 噪声水平: 0.0968
[19:30:47] 
动作统计:
[19:30:47]   wind      : mean=-0.023, std= 0.309
[19:30:47]   solar     : mean= 0.396, std= 0.558
[19:30:47]   diesel    : mean= 0.398, std= 0.550
[19:30:47]   battery   : mean= 0.157, std= 0.823
[19:30:47]   customer  : mean= 0.834, std= 0.143
[19:30:48] 
======================================================================
[19:30:48] Episode 23/800
[19:30:48] ======================================================================
[19:30:48] 总奖励:  -147.81 | 步数: 24
[19:30:48] 最近10个episodes平均:  -178.41
[19:30:48] 
各Agent奖励:
[19:30:48]   wind      :   34.659
[19:30:48]   solar     :   11.099
[19:30:48]   diesel    :    0.000
[19:30:48]   battery   :    0.000
[19:30:48]   customer  : -193.567
[19:30:48] 
🔌 Main Grid 交易:
[19:30:48]   进口电量:    88.08 kWh
[19:30:48]   出口电量:   475.01 kWh
[19:30:48]   净交易量:  -386.93 kWh
[19:30:48]   平均出清价:  12.25 cents/kWh
[19:30:48]   市场独立度:  84.36%
[19:30:48] 
Buffer大小:   792
[19:30:48] 噪声水平: 0.0968
[19:30:48] 
动作统计:
[19:30:48]   wind      : mean=-0.065, std= 0.329
[19:30:48]   solar     : mean= 0.288, std= 0.588
[19:30:48]   diesel    : mean= 0.445, std= 0.527
[19:30:48]   battery   : mean= 0.160, std= 0.807
[19:30:48]   customer  : mean= 0.776, std= 0.135
[19:30:49] 
======================================================================
[19:30:49] Episode 24/800
[19:30:49] ======================================================================
[19:30:49] 总奖励:  -154.81 | 步数: 24
[19:30:49] 最近10个episodes平均:  -174.86
[19:30:49] 
各Agent奖励:
[19:30:49]   wind      :   43.013
[19:30:49]   solar     :    7.054
[19:30:49]   diesel    :    1.735
[19:30:49]   battery   :    0.000
[19:30:49]   customer  : -206.609
[19:30:49] 
🔌 Main Grid 交易:
[19:30:49]   进口电量:   235.54 kWh
[19:30:49]   出口电量:   459.73 kWh
[19:30:49]   净交易量:  -224.19 kWh
[19:30:49]   平均出清价:  11.67 cents/kWh
[19:30:49]   市场独立度:  80.69%
[19:30:49] 
Buffer大小:   816
[19:30:49] 噪声水平: 0.0967
[19:30:49] 
动作统计:
[19:30:49]   wind      : mean=-0.031, std= 0.255
[19:30:49]   solar     : mean= 0.268, std= 0.672
[19:30:49]   diesel    : mean= 0.411, std= 0.540
[19:30:49]   battery   : mean= 0.177, std= 0.818
[19:30:49]   customer  : mean= 0.717, std= 0.217
[19:30:50] 
======================================================================
[19:30:50] Episode 25/800
[19:30:50] ======================================================================
[19:30:50] 总奖励:  -172.35 | 步数: 24
[19:30:50] 最近10个episodes平均:  -173.91
[19:30:50] 
各Agent奖励:
[19:30:50]   wind      :   52.574
[19:30:50]   solar     :   15.771
[19:30:50]   diesel    :    0.000
[19:30:50]   battery   :   -0.992
[19:30:50]   customer  : -239.703
[19:30:50] 
🔌 Main Grid 交易:
[19:30:50]   进口电量:   360.16 kWh
[19:30:50]   出口电量:   547.49 kWh
[19:30:50]   净交易量:  -187.33 kWh
[19:30:50]   平均出清价:  12.90 cents/kWh
[19:30:50]   市场独立度:  74.79%
[19:30:50] 
Buffer大小:   840
[19:30:50] 噪声水平: 0.0966
[19:30:50] 
动作统计:
[19:30:50]   wind      : mean=-0.043, std= 0.218
[19:30:50]   solar     : mean= 0.226, std= 0.638
[19:30:50]   diesel    : mean= 0.421, std= 0.466
[19:30:50]   battery   : mean= 0.169, std= 0.794
[19:30:50]   customer  : mean= 0.625, std= 0.283
[19:30:51] 
======================================================================
[19:30:51] Episode 26/800
[19:30:51] ======================================================================
[19:30:51] 总奖励:  -174.07 | 步数: 24
[19:30:51] 最近10个episodes平均:  -172.77
[19:30:51] 
各Agent奖励:
[19:30:51]   wind      :   53.409
[19:30:51]   solar     :    5.947
[19:30:51]   diesel    :    0.000
[19:30:51]   battery   :    0.000
[19:30:51]   customer  : -233.423
[19:30:51] 
🔌 Main Grid 交易:
[19:30:51]   进口电量:   445.58 kWh
[19:30:51]   出口电量:   644.82 kWh
[19:30:51]   净交易量:  -199.24 kWh
[19:30:51]   平均出清价:  13.01 cents/kWh
[19:30:51]   市场独立度:  69.71%
[19:30:51] 
Buffer大小:   864
[19:30:51] 噪声水平: 0.0965
[19:30:51] 
动作统计:
[19:30:51]   wind      : mean=-0.089, std= 0.233
[19:30:51]   solar     : mean= 0.251, std= 0.677
[19:30:51]   diesel    : mean= 0.416, std= 0.523
[19:30:51]   battery   : mean= 0.164, std= 0.819
[19:30:51]   customer  : mean= 0.600, std= 0.306
[19:30:51] 
======================================================================
[19:30:51] Episode 27/800
[19:30:51] ======================================================================
[19:30:51] 总奖励:  -180.35 | 步数: 24
[19:30:51] 最近10个episodes平均:  -171.80
[19:30:51] 
各Agent奖励:
[19:30:51]   wind      :   51.937
[19:30:51]   solar     :    6.097
[19:30:51]   diesel    :    0.000
[19:30:51]   battery   :    0.000
[19:30:51]   customer  : -238.381
[19:30:51] 
🔌 Main Grid 交易:
[19:30:51]   进口电量:   390.30 kWh
[19:30:51]   出口电量:   580.77 kWh
[19:30:51]   净交易量:  -190.46 kWh
[19:30:51]   平均出清价:  12.80 cents/kWh
[19:30:51]   市场独立度:  73.03%
[19:30:51] 
Buffer大小:   888
[19:30:51] 噪声水平: 0.0964
[19:30:51] 
动作统计:
[19:30:51]   wind      : mean=-0.090, std= 0.216
[19:30:51]   solar     : mean= 0.236, std= 0.718
[19:30:51]   diesel    : mean= 0.405, std= 0.449
[19:30:51]   battery   : mean= 0.165, std= 0.817
[19:30:51]   customer  : mean= 0.554, std= 0.309
[19:30:52] 
======================================================================
[19:30:52] Episode 28/800
[19:30:52] ======================================================================
[19:30:52] 总奖励:  -172.42 | 步数: 24
[19:30:52] 最近10个episodes平均:  -170.42
[19:30:52] 
各Agent奖励:
[19:30:52]   wind      :   68.066
[19:30:52]   solar     :    5.955
[19:30:52]   diesel    :    0.058
[19:30:52]   battery   :   -0.028
[19:30:52]   customer  : -246.474
[19:30:52] 
🔌 Main Grid 交易:
[19:30:52]   进口电量:   510.55 kWh
[19:30:52]   出口电量:   738.29 kWh
[19:30:52]   净交易量:  -227.74 kWh
[19:30:52]   平均出清价:  14.48 cents/kWh
[19:30:52]   市场独立度:  65.31%
[19:30:52] 
Buffer大小:   912
[19:30:52] 噪声水平: 0.0963
[19:30:52] 
动作统计:
[19:30:52]   wind      : mean=-0.097, std= 0.233
[19:30:52]   solar     : mean= 0.195, std= 0.746
[19:30:52]   diesel    : mean= 0.324, std= 0.493
[19:30:52]   battery   : mean= 0.145, std= 0.838
[19:30:52]   customer  : mean= 0.524, std= 0.394
[19:30:54] 
======================================================================
[19:30:54] Episode 29/800
[19:30:54] ======================================================================
[19:30:54] 总奖励:  -190.02 | 步数: 24
[19:30:54] 最近10个episodes平均:  -170.80
[19:30:54] 
各Agent奖励:
[19:30:54]   wind      :   66.871
[19:30:54]   solar     :   11.918
[19:30:54]   diesel    :    0.000
[19:30:54]   battery   :    0.000
[19:30:54]   customer  : -268.810
[19:30:54] 
🔌 Main Grid 交易:
[19:30:54]   进口电量:   582.67 kWh
[19:30:54]   出口电量:   806.84 kWh
[19:30:54]   净交易量:  -224.17 kWh
[19:30:54]   平均出清价:  13.21 cents/kWh
[19:30:54]   市场独立度:  61.40%
[19:30:54] 
Buffer大小:   936
[19:30:54] 噪声水平: 0.0962
[19:30:54] 
动作统计:
[19:30:54]   wind      : mean=-0.083, std= 0.243
[19:30:54]   solar     : mean= 0.201, std= 0.705
[19:30:54]   diesel    : mean= 0.292, std= 0.519
[19:30:54]   battery   : mean= 0.130, std= 0.823
[19:30:54]   customer  : mean= 0.480, std= 0.449
[19:30:54] 
======================================================================
[19:30:54] Episode 30/800
[19:30:54] ======================================================================
[19:30:54] 总奖励:  -199.92 | 步数: 24
[19:30:54] 最近10个episodes平均:  -173.05
[19:30:54] 
各Agent奖励:
[19:30:54]   wind      :   49.846
[19:30:54]   solar     :   13.314
[19:30:54]   diesel    :    1.225
[19:30:54]   battery   :   -0.770
[19:30:54]   customer  : -263.537
[19:30:54] 
🔌 Main Grid 交易:
[19:30:54]   进口电量:   559.83 kWh
[19:30:54]   出口电量:   714.71 kWh
[19:30:54]   净交易量:  -154.88 kWh
[19:30:54]   平均出清价:  16.08 cents/kWh
[19:30:54]   市场独立度:  64.60%
[19:30:54] 
Buffer大小:   960
[19:30:54] 噪声水平: 0.0961
[19:30:54] 
动作统计:
[19:30:54]   wind      : mean=-0.027, std= 0.194
[19:30:54]   solar     : mean= 0.207, std= 0.676
[19:30:54]   diesel    : mean= 0.285, std= 0.444
[19:30:54]   battery   : mean= 0.162, std= 0.829
[19:30:54]   customer  : mean= 0.494, std= 0.377
[19:30:54] 
📊 生成可视化图表...
[19:30:55]   ✓ debug_plots/training_ep0030.png
[19:30:56] 
======================================================================
[19:30:56] Episode 31/800
[19:30:56] ======================================================================
[19:30:56] 总奖励:  -160.73 | 步数: 24
[19:30:56] 最近10个episodes平均:  -171.85
[19:30:56] 
各Agent奖励:
[19:30:56]   wind      :   78.061
[19:30:56]   solar     :   17.566
[19:30:56]   diesel    :    2.053
[19:30:56]   battery   :    0.000
[19:30:56]   customer  : -258.409
[19:30:56] 
🔌 Main Grid 交易:
[19:30:56]   进口电量:   444.53 kWh
[19:30:56]   出口电量:   636.48 kWh
[19:30:56]   净交易量:  -191.96 kWh
[19:30:56]   平均出清价:  16.06 cents/kWh
[19:30:56]   市场独立度:  69.97%
[19:30:56] 
Buffer大小:   984
[19:30:56] 噪声水平: 0.0960
[19:30:56] 
动作统计:
[19:30:56]   wind      : mean=-0.120, std= 0.180
[19:30:56]   solar     : mean= 0.152, std= 0.692
[19:30:56]   diesel    : mean= 0.326, std= 0.418
[19:30:56]   battery   : mean= 0.128, std= 0.852
[19:30:56]   customer  : mean= 0.483, std= 0.301
[19:30:56] 
======================================================================
[19:30:56] Episode 32/800
[19:30:56] ======================================================================
[19:30:56] 总奖励:  -165.18 | 步数: 24
[19:30:56] 最近10个episodes平均:  -171.77
[19:30:56] 
各Agent奖励:
[19:30:56]   wind      :   61.299
[19:30:56]   solar     :   14.007
[19:30:56]   diesel    :    0.244
[19:30:56]   battery   :   -1.155
[19:30:56]   customer  : -239.578
[19:30:56] 
🔌 Main Grid 交易:
[19:30:56]   进口电量:   310.93 kWh
[19:30:56]   出口电量:   553.31 kWh
[19:30:56]   净交易量:  -242.38 kWh
[19:30:56]   平均出清价:  14.54 cents/kWh
[19:30:56]   市场独立度:  75.99%
[19:30:56] 
Buffer大小:  1008
[19:30:56] 噪声水平: 0.0959
[19:30:56] 
动作统计:
[19:30:56]   wind      : mean=-0.076, std= 0.193
[19:30:56]   solar     : mean= 0.129, std= 0.648
[19:30:56]   diesel    : mean= 0.307, std= 0.458
[19:30:56]   battery   : mean= 0.142, std= 0.819
[19:30:56]   customer  : mean= 0.475, std= 0.271
[19:30:57] 
======================================================================
[19:30:57] Episode 33/800
[19:30:57] ======================================================================
[19:30:57] 总奖励:  -195.28 | 步数: 24
[19:30:57] 最近10个episodes平均:  -176.51
[19:30:57] 
各Agent奖励:
[19:30:57]   wind      :   51.443
[19:30:57]   solar     :   15.970
[19:30:57]   diesel    :    1.629
[19:30:57]   battery   :   -3.316
[19:30:57]   customer  : -261.007
[19:30:57] 
🔌 Main Grid 交易:
[19:30:57]   进口电量:   566.24 kWh
[19:30:57]   出口电量:   696.88 kWh
[19:30:57]   净交易量:  -130.64 kWh
[19:30:57]   平均出清价:  16.31 cents/kWh
[19:30:57]   市场独立度:  64.91%
[19:30:57] 
Buffer大小:  1032
[19:30:57] 噪声水平: 0.0958
[19:30:57] 
动作统计:
[19:30:57]   wind      : mean= 0.003, std= 0.157
[19:30:57]   solar     : mean= 0.086, std= 0.581
[19:30:57]   diesel    : mean= 0.274, std= 0.513
[19:30:57]   battery   : mean= 0.138, std= 0.827
[19:30:57]   customer  : mean= 0.469, std= 0.373
[19:30:58] 
======================================================================
[19:30:58] Episode 34/800
[19:30:58] ======================================================================
[19:30:58] 总奖励:  -203.17 | 步数: 24
[19:30:58] 最近10个episodes平均:  -181.35
[19:30:58] 
各Agent奖励:
[19:30:58]   wind      :   44.541
[19:30:58]   solar     :   15.500
[19:30:58]   diesel    :    1.077
[19:30:58]   battery   :   -0.380
[19:30:58]   customer  : -263.910
[19:30:58] 
🔌 Main Grid 交易:
[19:30:58]   进口电量:   493.63 kWh
[19:30:58]   出口电量:   691.69 kWh
[19:30:58]   净交易量:  -198.07 kWh
[19:30:58]   平均出清价:  14.67 cents/kWh
[19:30:58]   市场独立度:  67.07%
[19:30:58] 
Buffer大小:  1056
[19:30:58] 噪声水平: 0.0957
[19:30:58] 
动作统计:
[19:30:58]   wind      : mean=-0.029, std= 0.157
[19:30:58]   solar     : mean=-0.024, std= 0.519
[19:30:58]   diesel    : mean= 0.299, std= 0.462
[19:30:58]   battery   : mean= 0.149, std= 0.832
[19:30:58]   customer  : mean= 0.482, std= 0.277
[19:30:59] 
======================================================================
[19:30:59] Episode 35/800
[19:30:59] ======================================================================
[19:30:59] 总奖励:  -166.30 | 步数: 24
[19:30:59] 最近10个episodes平均:  -180.74
[19:30:59] 
各Agent奖励:
[19:30:59]   wind      :   53.329
[19:30:59]   solar     :   13.786
[19:30:59]   diesel    :    4.756
[19:30:59]   battery   :   -1.091
[19:30:59]   customer  : -237.081
[19:30:59] 
🔌 Main Grid 交易:
[19:30:59]   进口电量:   420.03 kWh
[19:30:59]   出口电量:   654.39 kWh
[19:30:59]   净交易量:  -234.35 kWh
[19:30:59]   平均出清价:  12.96 cents/kWh
[19:30:59]   市场独立度:  70.15%
[19:30:59] 
Buffer大小:  1080
[19:30:59] 噪声水平: 0.0956
[19:30:59] 
动作统计:
[19:30:59]   wind      : mean=-0.055, std= 0.217
[19:30:59]   solar     : mean=-0.140, std= 0.480
[19:30:59]   diesel    : mean= 0.286, std= 0.451
[19:30:59]   battery   : mean= 0.129, std= 0.827
[19:30:59]   customer  : mean= 0.484, std= 0.273
[19:31:00] 
======================================================================
[19:31:00] Episode 36/800
[19:31:00] ======================================================================
[19:31:00] 总奖励:  -123.70 | 步数: 24
[19:31:00] 最近10个episodes平均:  -175.71
[19:31:00] 
各Agent奖励:
[19:31:00]   wind      :   71.142
[19:31:00]   solar     :   26.595
[19:31:00]   diesel    :   24.053
[19:31:00]   battery   :    0.000
[19:31:00]   customer  : -245.490
[19:31:00] 
🔌 Main Grid 交易:
[19:31:00]   进口电量:   146.63 kWh
[19:31:00]   出口电量:   418.59 kWh
[19:31:00]   净交易量:  -271.96 kWh
[19:31:00]   平均出清价:  17.53 cents/kWh
[19:31:00]   市场独立度:  84.30%
[19:31:00] 
Buffer大小:  1104
[19:31:00] 噪声水平: 0.0955
[19:31:00] 
动作统计:
[19:31:00]   wind      : mean=-0.039, std= 0.223
[19:31:00]   solar     : mean=-0.297, std= 0.357
[19:31:00]   diesel    : mean= 0.248, std= 0.417
[19:31:00]   battery   : mean= 0.161, std= 0.823
[19:31:00]   customer  : mean= 0.489, std= 0.151
[19:31:01] 
======================================================================
[19:31:01] Episode 37/800
[19:31:01] ======================================================================
[19:31:01] 总奖励:  -142.36 | 步数: 24
[19:31:01] 最近10个episodes平均:  -171.91
[19:31:01] 
各Agent奖励:
[19:31:01]   wind      :   58.814
[19:31:01]   solar     :   21.953
[19:31:01]   diesel    :    8.653
[19:31:01]   battery   :   -0.604
[19:31:01]   customer  : -231.176
[19:31:01] 
🔌 Main Grid 交易:
[19:31:01]   进口电量:   180.17 kWh
[19:31:01]   出口电量:   433.02 kWh
[19:31:01]   净交易量:  -252.85 kWh
[19:31:01]   平均出清价:  16.06 cents/kWh
[19:31:01]   市场独立度:  82.97%
[19:31:01] 
Buffer大小:  1128
[19:31:01] 噪声水平: 0.0954
[19:31:01] 
动作统计:
[19:31:01]   wind      : mean= 0.019, std= 0.177
[19:31:01]   solar     : mean=-0.372, std= 0.225
[19:31:01]   diesel    : mean= 0.241, std= 0.476
[19:31:01]   battery   : mean= 0.148, std= 0.826
[19:31:01]   customer  : mean= 0.478, std= 0.186
[19:31:01] 
======================================================================
[19:31:01] Episode 38/800
[19:31:01] ======================================================================
[19:31:01] 总奖励:  -137.55 | 步数: 24
[19:31:01] 最近10个episodes平均:  -168.42
[19:31:01] 
各Agent奖励:
[19:31:01]   wind      :   64.221
[19:31:01]   solar     :   11.453
[19:31:01]   diesel    :    5.274
[19:31:01]   battery   :   -0.234
[19:31:01]   customer  : -218.265
[19:31:01] 
🔌 Main Grid 交易:
[19:31:01]   进口电量:   130.65 kWh
[19:31:01]   出口电量:   415.20 kWh
[19:31:01]   净交易量:  -284.55 kWh
[19:31:01]   平均出清价:  12.51 cents/kWh
[19:31:01]   市场独立度:  84.84%
[19:31:01] 
Buffer大小:  1152
[19:31:01] 噪声水平: 0.0953
[19:31:01] 
动作统计:
[19:31:01]   wind      : mean=-0.008, std= 0.191
[19:31:01]   solar     : mean=-0.455, std= 0.284
[19:31:01]   diesel    : mean= 0.201, std= 0.516
[19:31:01]   battery   : mean= 0.119, std= 0.832
[19:31:01]   customer  : mean= 0.495, std= 0.173
[19:31:02] 
======================================================================
[19:31:02] Episode 39/800
[19:31:02] ======================================================================
[19:31:02] 总奖励:  -147.08 | 步数: 24
[19:31:02] 最近10个episodes平均:  -164.13
[19:31:02] 
各Agent奖励:
[19:31:02]   wind      :   55.382
[19:31:02]   solar     :   13.040
[19:31:02]   diesel    :   -7.613
[19:31:02]   battery   :    1.121
[19:31:02]   customer  : -209.013
[19:31:02] 
🔌 Main Grid 交易:
[19:31:02]   进口电量:   151.39 kWh
[19:31:02]   出口电量:   455.23 kWh
[19:31:02]   净交易量:  -303.84 kWh
[19:31:02]   平均出清价:  11.35 cents/kWh
[19:31:02]   市场独立度:  83.15%
[19:31:02] 
Buffer大小:  1176
[19:31:02] 噪声水平: 0.0952
[19:31:02] 
动作统计:
[19:31:02]   wind      : mean=-0.033, std= 0.184
[19:31:02]   solar     : mean=-0.462, std= 0.294
[19:31:02]   diesel    : mean= 0.267, std= 0.523
[19:31:02]   battery   : mean= 0.116, std= 0.857
[19:31:02]   customer  : mean= 0.465, std= 0.114
[19:31:03] 
======================================================================
[19:31:03] Episode 40/800
[19:31:03] ======================================================================
[19:31:03] 总奖励:  -151.92 | 步数: 24
[19:31:03] 最近10个episodes平均:  -159.33
[19:31:03] 
各Agent奖励:
[19:31:03]   wind      :   54.952
[19:31:03]   solar     :   17.641
[19:31:03]   diesel    :   -6.927
[19:31:03]   battery   :    1.078
[19:31:03]   customer  : -218.669
[19:31:03] 
🔌 Main Grid 交易:
[19:31:03]   进口电量:   187.84 kWh
[19:31:03]   出口电量:   571.00 kWh
[19:31:03]   净交易量:  -383.16 kWh
[19:31:03]   平均出清价:  14.69 cents/kWh
[19:31:03]   市场独立度:  78.92%
[19:31:03] 
Buffer大小:  1200
[19:31:03] 噪声水平: 0.0951
[19:31:03] 
动作统计:
[19:31:03]   wind      : mean= 0.009, std= 0.179
[19:31:03]   solar     : mean=-0.422, std= 0.301
[19:31:03]   diesel    : mean= 0.258, std= 0.537
[19:31:03]   battery   : mean= 0.108, std= 0.868
[19:31:03]   customer  : mean= 0.499, std= 0.156
[19:31:03] 
📊 生成可视化图表...
[19:31:03]   ✓ debug_plots/training_ep0040.png
[19:31:04] 
======================================================================
[19:31:04] Episode 41/800
[19:31:04] ======================================================================
[19:31:04] 总奖励:  -127.22 | 步数: 24
[19:31:04] 最近10个episodes平均:  -155.98
[19:31:04] 
各Agent奖励:
[19:31:04]   wind      :   63.384
[19:31:04]   solar     :   12.342
[19:31:04]   diesel    :    3.358
[19:31:04]   battery   :   -0.223
[19:31:04]   customer  : -206.078
[19:31:04] 
🔌 Main Grid 交易:
[19:31:04]   进口电量:   175.10 kWh
[19:31:04]   出口电量:   588.90 kWh
[19:31:04]   净交易量:  -413.80 kWh
[19:31:04]   平均出清价:  12.94 cents/kWh
[19:31:04]   市场独立度:  78.78%
[19:31:04] 
Buffer大小:  1224
[19:31:04] 噪声水平: 0.0950
[19:31:04] 
动作统计:
[19:31:04]   wind      : mean=-0.033, std= 0.199
[19:31:04]   solar     : mean=-0.424, std= 0.339
[19:31:04]   diesel    : mean= 0.250, std= 0.534
[19:31:04]   battery   : mean= 0.140, std= 0.835
[19:31:04]   customer  : mean= 0.481, std= 0.132
[19:31:05] 
======================================================================
[19:31:05] Episode 42/800
[19:31:05] ======================================================================
[19:31:05] 总奖励:  -125.85 | 步数: 24
[19:31:05] 最近10个episodes平均:  -152.04
[19:31:05] 
各Agent奖励:
[19:31:05]   wind      :   64.295
[19:31:05]   solar     :   17.144
[19:31:05]   diesel    :    5.342
[19:31:05]   battery   :   -1.487
[19:31:05]   customer  : -211.148
[19:31:05] 
🔌 Main Grid 交易:
[19:31:05]   进口电量:   130.90 kWh
[19:31:05]   出口电量:   511.41 kWh
[19:31:05]   净交易量:  -380.51 kWh
[19:31:05]   平均出清价:  15.09 cents/kWh
[19:31:05]   市场独立度:  82.16%
[19:31:05] 
Buffer大小:  1248
[19:31:05] 噪声水平: 0.0949
[19:31:05] 
动作统计:
[19:31:05]   wind      : mean= 0.017, std= 0.166
[19:31:05]   solar     : mean=-0.468, std= 0.333
[19:31:05]   diesel    : mean= 0.233, std= 0.527
[19:31:05]   battery   : mean= 0.150, std= 0.834
[19:31:05]   customer  : mean= 0.504, std= 0.145
[19:31:06] 
======================================================================
[19:31:06] Episode 43/800
[19:31:06] ======================================================================
[19:31:06] 总奖励:  -141.15 | 步数: 24
[19:31:06] 最近10个episodes平均:  -146.63
[19:31:06] 
各Agent奖励:
[19:31:06]   wind      :   56.878
[19:31:06]   solar     :   12.256
[19:31:06]   diesel    :  -10.671
[19:31:06]   battery   :   -1.699
[19:31:06]   customer  : -197.914
[19:31:06] 
🔌 Main Grid 交易:
[19:31:06]   进口电量:    13.97 kWh
[19:31:06]   出口电量:   571.71 kWh
[19:31:06]   净交易量:  -557.75 kWh
[19:31:06]   平均出清价:  11.05 cents/kWh
[19:31:06]   市场独立度:  83.73%
[19:31:06] 
Buffer大小:  1272
[19:31:06] 噪声水平: 0.0948
[19:31:06] 
动作统计:
[19:31:06]   wind      : mean= 0.009, std= 0.194
[19:31:06]   solar     : mean=-0.423, std= 0.384
[19:31:06]   diesel    : mean= 0.298, std= 0.551
[19:31:06]   battery   : mean= 0.131, std= 0.836
[19:31:06]   customer  : mean= 0.500, std= 0.147
[19:31:07] 
======================================================================
[19:31:07] Episode 44/800
[19:31:07] ======================================================================
[19:31:07] 总奖励:  -146.31 | 步数: 24
[19:31:07] 最近10个episodes平均:  -140.94
[19:31:07] 
各Agent奖励:
[19:31:07]   wind      :   56.007
[19:31:07]   solar     :   11.206
[19:31:07]   diesel    :    3.013
[19:31:07]   battery   :   -0.636
[19:31:07]   customer  : -215.900
[19:31:07] 
🔌 Main Grid 交易:
[19:31:07]   进口电量:   161.14 kWh
[19:31:07]   出口电量:   614.62 kWh
[19:31:07]   净交易量:  -453.48 kWh
[19:31:07]   平均出清价:  12.88 cents/kWh
[19:31:07]   市场独立度:  78.45%
[19:31:07] 
Buffer大小:  1296
[19:31:07] 噪声水平: 0.0947
[19:31:07] 
动作统计:
[19:31:07]   wind      : mean=-0.006, std= 0.157
[19:31:07]   solar     : mean=-0.451, std= 0.398
[19:31:07]   diesel    : mean= 0.309, std= 0.488
[19:31:07]   battery   : mean= 0.153, std= 0.818
[19:31:07]   customer  : mean= 0.531, std= 0.166
[19:31:08] 
======================================================================
[19:31:08] Episode 45/800
[19:31:08] ======================================================================
[19:31:08] 总奖励:  -139.28 | 步数: 24
[19:31:08] 最近10个episodes平均:  -138.24
[19:31:08] 
各Agent奖励:
[19:31:08]   wind      :   50.805
[19:31:08]   solar     :   12.474
[19:31:08]   diesel    :   -0.591
[19:31:08]   battery   :   -1.533
[19:31:08]   customer  : -200.439
[19:31:08] 
🔌 Main Grid 交易:
[19:31:08]   进口电量:     4.89 kWh
[19:31:08]   出口电量:   659.11 kWh
[19:31:08]   净交易量:  -654.23 kWh
[19:31:08]   平均出清价:  10.58 cents/kWh
[19:31:08]   市场独立度:  81.56%
[19:31:08] 
Buffer大小:  1320
[19:31:08] 噪声水平: 0.0946
[19:31:08] 
动作统计:
[19:31:08]   wind      : mean=-0.009, std= 0.121
[19:31:08]   solar     : mean=-0.413, std= 0.371
[19:31:08]   diesel    : mean= 0.378, std= 0.463
[19:31:08]   battery   : mean= 0.149, std= 0.824
[19:31:08]   customer  : mean= 0.532, std= 0.158
[19:31:09] 
======================================================================
[19:31:09] Episode 46/800
[19:31:09] ======================================================================
[19:31:09] 总奖励:  -132.72 | 步数: 24
[19:31:09] 最近10个episodes平均:  -139.14
[19:31:09] 
各Agent奖励:
[19:31:09]   wind      :   61.792
[19:31:09]   solar     :   16.624
[19:31:09]   diesel    :    2.271
[19:31:09]   battery   :   -0.734
[19:31:09]   customer  : -212.669
[19:31:09] 
🔌 Main Grid 交易:
[19:31:09]   进口电量:     0.00 kWh
[19:31:09]   出口电量:   580.83 kWh
[19:31:09]   净交易量:  -580.83 kWh
[19:31:09]   平均出清价:  12.59 cents/kWh
[19:31:09]   市场独立度:  83.87%
[19:31:09] 
Buffer大小:  1344
[19:31:09] 噪声水平: 0.0946
[19:31:09] 
动作统计:
[19:31:09]   wind      : mean=-0.027, std= 0.178
[19:31:09]   solar     : mean=-0.371, std= 0.416
[19:31:09]   diesel    : mean= 0.349, std= 0.469
[19:31:09]   battery   : mean= 0.187, std= 0.800
[19:31:09]   customer  : mean= 0.552, std= 0.166
[19:31:09] 
======================================================================
[19:31:09] Episode 47/800
[19:31:09] ======================================================================
[19:31:09] 总奖励:  -129.58 | 步数: 24
[19:31:09] 最近10个episodes平均:  -137.87
[19:31:09] 
各Agent奖励:
[19:31:09]   wind      :   47.342
[19:31:09]   solar     :    9.946
[19:31:09]   diesel    :    6.111
[19:31:09]   battery   :   -0.009
[19:31:09]   customer  : -192.975
[19:31:09] 
🔌 Main Grid 交易:
[19:31:09]   进口电量:    71.82 kWh
[19:31:09]   出口电量:   699.16 kWh
[19:31:09]   净交易量:  -627.34 kWh
[19:31:09]   平均出清价:  11.09 cents/kWh
[19:31:09]   市场独立度:  78.58%
[19:31:09] 
Buffer大小:  1368
[19:31:09] 噪声水平: 0.0945
[19:31:09] 
动作统计:
[19:31:09]   wind      : mean=-0.037, std= 0.152
[19:31:09]   solar     : mean=-0.407, std= 0.400
[19:31:09]   diesel    : mean= 0.385, std= 0.445
[19:31:09]   battery   : mean= 0.214, std= 0.785
[19:31:09]   customer  : mean= 0.581, std= 0.162
[19:31:10] 
======================================================================
[19:31:10] Episode 48/800
[19:31:10] ======================================================================
[19:31:10] 总奖励:  -159.15 | 步数: 24
[19:31:10] 最近10个episodes平均:  -140.03
[19:31:10] 
各Agent奖励:
[19:31:10]   wind      :   50.762
[19:31:10]   solar     :   16.507
[19:31:10]   diesel    :    3.416
[19:31:10]   battery   :   -0.101
[19:31:10]   customer  : -229.734
[19:31:10] 
🔌 Main Grid 交易:
[19:31:10]   进口电量:    65.76 kWh
[19:31:10]   出口电量:   685.21 kWh
[19:31:10]   净交易量:  -619.45 kWh
[19:31:10]   平均出清价:  13.00 cents/kWh
[19:31:10]   市场独立度:  79.14%
[19:31:10] 
Buffer大小:  1392
[19:31:10] 噪声水平: 0.0944
[19:31:10] 
动作统计:
[19:31:10]   wind      : mean=-0.033, std= 0.212
[19:31:10]   solar     : mean=-0.388, std= 0.422
[19:31:10]   diesel    : mean= 0.396, std= 0.432
[19:31:10]   battery   : mean= 0.203, std= 0.775
[19:31:10]   customer  : mean= 0.571, std= 0.185
[19:31:11] 
======================================================================
[19:31:11] Episode 49/800
[19:31:11] ======================================================================
[19:31:11] 总奖励:  -157.06 | 步数: 24
[19:31:11] 最近10个episodes平均:  -141.02
[19:31:11] 
各Agent奖励:
[19:31:11]   wind      :   38.340
[19:31:11]   solar     :   10.373
[19:31:11]   diesel    :    0.173
[19:31:11]   battery   :   -2.347
[19:31:11]   customer  : -203.596
[19:31:11] 
🔌 Main Grid 交易:
[19:31:11]   进口电量:    60.77 kWh
[19:31:11]   出口电量:   680.93 kWh
[19:31:11]   净交易量:  -620.16 kWh
[19:31:11]   平均出清价:  10.35 cents/kWh
[19:31:11]   市场独立度:  79.40%
[19:31:11] 
Buffer大小:  1416
[19:31:11] 噪声水平: 0.0943
[19:31:11] 
动作统计:
[19:31:11]   wind      : mean=-0.028, std= 0.154
[19:31:11]   solar     : mean=-0.411, std= 0.399
[19:31:11]   diesel    : mean= 0.448, std= 0.375
[19:31:11]   battery   : mean= 0.200, std= 0.774
[19:31:11]   customer  : mean= 0.591, std= 0.167
[19:31:12] 
======================================================================
[19:31:12] Episode 50/800
[19:31:12] ======================================================================
[19:31:12] 总奖励:  -143.18 | 步数: 24
[19:31:12] 最近10个episodes平均:  -140.15
[19:31:12] 
各Agent奖励:
[19:31:12]   wind      :   37.622
[19:31:12]   solar     :    9.879
[19:31:12]   diesel    :    3.128
[19:31:12]   battery   :   -1.521
[19:31:12]   customer  : -192.286
[19:31:12] 
🔌 Main Grid 交易:
[19:31:12]   进口电量:    63.12 kWh
[19:31:12]   出口电量:   800.75 kWh
[19:31:12]   净交易量:  -737.63 kWh
[19:31:12]   平均出清价:   9.62 cents/kWh
[19:31:12]   市场独立度:  76.00%
[19:31:12] 
Buffer大小:  1440
[19:31:12] 噪声水平: 0.0942
[19:31:12] 
动作统计:
[19:31:12]   wind      : mean=-0.056, std= 0.181
[19:31:12]   solar     : mean=-0.393, std= 0.437
[19:31:12]   diesel    : mean= 0.436, std= 0.409
[19:31:12]   battery   : mean= 0.229, std= 0.750
[19:31:12]   customer  : mean= 0.630, std= 0.170
[19:31:12] 
📊 生成可视化图表...
[19:31:12]   ✓ debug_plots/training_ep0050.png
[19:31:12] 💾 保存checkpoint: debug_checkpoints/debug_maddpg_20251203_193028_ep0050.pt
[19:31:13] 
======================================================================
[19:31:13] Episode 51/800
[19:31:13] ======================================================================
[19:31:13] 总奖励:  -146.42 | 步数: 24
[19:31:13] 最近10个episodes平均:  -142.07
[19:31:13] 
各Agent奖励:
[19:31:13]   wind      :   47.200
[19:31:13]   solar     :   10.587
[19:31:13]   diesel    :   -0.422
[19:31:13]   battery   :   -0.156
[19:31:13]   customer  : -203.631
[19:31:13] 
🔌 Main Grid 交易:
[19:31:13]   进口电量:    63.24 kWh
[19:31:13]   出口电量:   828.19 kWh
[19:31:13]   净交易量:  -764.95 kWh
[19:31:13]   平均出清价:  11.77 cents/kWh
[19:31:13]   市场独立度:  75.24%
[19:31:13] 
Buffer大小:  1464
[19:31:13] 噪声水平: 0.0941
[19:31:13] 
动作统计:
[19:31:13]   wind      : mean=-0.075, std= 0.166
[19:31:13]   solar     : mean=-0.426, std= 0.417
[19:31:13]   diesel    : mean= 0.481, std= 0.371
[19:31:13]   battery   : mean= 0.304, std= 0.676
[19:31:13]   customer  : mean= 0.615, std= 0.172
[19:31:14] 
======================================================================
[19:31:14] Episode 52/800
[19:31:14] ======================================================================
[19:31:14] 总奖励:  -148.54 | 步数: 24
[19:31:14] 最近10个episodes平均:  -144.34
[19:31:14] 
各Agent奖励:
[19:31:14]   wind      :   39.018
[19:31:14]   solar     :    9.059
[19:31:14]   diesel    :    0.845
[19:31:14]   battery   :   -2.111
[19:31:14]   customer  : -195.347
[19:31:14] 
🔌 Main Grid 交易:
[19:31:14]   进口电量:    29.17 kWh
[19:31:14]   出口电量:   801.93 kWh
[19:31:14]   净交易量:  -772.76 kWh
[19:31:14]   平均出清价:   8.89 cents/kWh
[19:31:14]   市场独立度:  76.91%
[19:31:14] 
Buffer大小:  1488
[19:31:14] 噪声水平: 0.0940
[19:31:14] 
动作统计:
[19:31:14]   wind      : mean=-0.038, std= 0.205
[19:31:14]   solar     : mean=-0.414, std= 0.408
[19:31:14]   diesel    : mean= 0.479, std= 0.389
[19:31:14]   battery   : mean= 0.404, std= 0.606
[19:31:14]   customer  : mean= 0.628, std= 0.187
[19:31:14] 
======================================================================
[19:31:14] Episode 53/800
[19:31:14] ======================================================================
[19:31:14] 总奖励:  -137.14 | 步数: 24
[19:31:14] 最近10个episodes平均:  -143.94
[19:31:14] 
各Agent奖励:
[19:31:14]   wind      :   48.665
[19:31:14]   solar     :   16.540
[19:31:14]   diesel    :    7.560
[19:31:14]   battery   :   -1.040
[19:31:14]   customer  : -208.866
[19:31:14] 
🔌 Main Grid 交易:
[19:31:14]   进口电量:    59.63 kWh
[19:31:14]   出口电量:   732.27 kWh
[19:31:14]   净交易量:  -672.65 kWh
[19:31:14]   平均出清价:  13.14 cents/kWh
[19:31:14]   市场独立度:  78.00%
[19:31:14] 
Buffer大小:  1512
[19:31:14] 噪声水平: 0.0939
[19:31:14] 
动作统计:
[19:31:14]   wind      : mean=-0.048, std= 0.178
[19:31:14]   solar     : mean=-0.405, std= 0.385
[19:31:14]   diesel    : mean= 0.488, std= 0.369
[19:31:14]   battery   : mean= 0.485, std= 0.540
[19:31:14]   customer  : mean= 0.615, std= 0.204
[19:31:15] 
======================================================================
[19:31:15] Episode 54/800
[19:31:15] ======================================================================
[19:31:15] 总奖励:  -140.20 | 步数: 24
[19:31:15] 最近10个episodes平均:  -143.33
[19:31:15] 
各Agent奖励:
[19:31:15]   wind      :   51.449
[19:31:15]   solar     :    8.720
[19:31:15]   diesel    :    2.722
[19:31:15]   battery   :    1.876
[19:31:15]   customer  : -204.968
[19:31:15] 
🔌 Main Grid 交易:
[19:31:15]   进口电量:    63.16 kWh
[19:31:15]   出口电量:   845.59 kWh
[19:31:15]   净交易量:  -782.43 kWh
[19:31:15]   平均出清价:  11.48 cents/kWh
[19:31:15]   市场独立度:  74.76%
[19:31:15] 
Buffer大小:  1536
[19:31:15] 噪声水平: 0.0938
[19:31:15] 
动作统计:
[19:31:15]   wind      : mean=-0.095, std= 0.197
[19:31:15]   solar     : mean=-0.439, std= 0.384
[19:31:15]   diesel    : mean= 0.527, std= 0.349
[19:31:15]   battery   : mean= 0.626, std= 0.442
[19:31:15]   customer  : mean= 0.620, std= 0.157
[19:31:16] 
======================================================================
[19:31:16] Episode 55/800
[19:31:16] ======================================================================
[19:31:16] 总奖励:  -149.54 | 步数: 24
[19:31:16] 最近10个episodes平均:  -144.35
[19:31:16] 
各Agent奖励:
[19:31:16]   wind      :   46.306
[19:31:16]   solar     :    5.238
[19:31:16]   diesel    :    2.494
[19:31:16]   battery   :    0.561
[19:31:16]   customer  : -204.141
[19:31:16] 
🔌 Main Grid 交易:
[19:31:16]   进口电量:    72.25 kWh
[19:31:16]   出口电量:   916.98 kWh
[19:31:16]   净交易量:  -844.72 kWh
[19:31:16]   平均出清价:   9.50 cents/kWh
[19:31:16]   市场独立度:  72.52%
[19:31:16] 
Buffer大小:  1560
[19:31:16] 噪声水平: 0.0937
[19:31:16] 
动作统计:
[19:31:16]   wind      : mean=-0.030, std= 0.205
[19:31:16]   solar     : mean=-0.370, std= 0.419
[19:31:16]   diesel    : mean= 0.533, std= 0.327
[19:31:16]   battery   : mean= 0.684, std= 0.407
[19:31:16]   customer  : mean= 0.657, std= 0.197
[19:31:17] 
======================================================================
[19:31:17] Episode 56/800
[19:31:17] ======================================================================
[19:31:17] 总奖励:  -139.46 | 步数: 24
[19:31:17] 最近10个episodes平均:  -145.03
[19:31:17] 
各Agent奖励:
[19:31:17]   wind      :   49.515
[19:31:17]   solar     :   15.763
[19:31:17]   diesel    :    2.162
[19:31:17]   battery   :   -1.596
[19:31:17]   customer  : -205.308
[19:31:17] 
🔌 Main Grid 交易:
[19:31:17]   进口电量:    63.65 kWh
[19:31:17]   出口电量:   853.00 kWh
[19:31:17]   净交易量:  -789.36 kWh
[19:31:17]   平均出清价:  13.90 cents/kWh
[19:31:17]   市场独立度:  74.54%
[19:31:17] 
Buffer大小:  1584
[19:31:17] 噪声水平: 0.0936
[19:31:17] 
动作统计:
[19:31:17]   wind      : mean=-0.015, std= 0.173
[19:31:17]   solar     : mean=-0.335, std= 0.380
[19:31:17]   diesel    : mean= 0.553, std= 0.362
[19:31:17]   battery   : mean= 0.759, std= 0.364
[19:31:17]   customer  : mean= 0.639, std= 0.163
[19:31:18] 
======================================================================
[19:31:18] Episode 57/800
[19:31:18] ======================================================================
[19:31:18] 总奖励:  -144.21 | 步数: 24
[19:31:18] 最近10个episodes平均:  -146.49
[19:31:18] 
各Agent奖励:
[19:31:18]   wind      :   43.611
[19:31:18]   solar     :    8.653
[19:31:18]   diesel    :    6.700
[19:31:18]   battery   :    0.450
[19:31:18]   customer  : -203.628
[19:31:18] 
🔌 Main Grid 交易:
[19:31:18]   进口电量:    78.29 kWh
[19:31:18]   出口电量:   934.20 kWh
[19:31:18]   净交易量:  -855.91 kWh
[19:31:18]   平均出清价:  11.47 cents/kWh
[19:31:18]   市场独立度:  71.88%
[19:31:18] 
Buffer大小:  1608
[19:31:18] 噪声水平: 0.0935
[19:31:18] 
动作统计:
[19:31:18]   wind      : mean=-0.074, std= 0.185
[19:31:18]   solar     : mean=-0.333, std= 0.396
[19:31:18]   diesel    : mean= 0.530, std= 0.416
[19:31:18]   battery   : mean= 0.793, std= 0.325
[19:31:18]   customer  : mean= 0.646, std= 0.163
[19:31:19] 
======================================================================
[19:31:19] Episode 58/800
[19:31:19] ======================================================================
[19:31:19] 总奖励:  -122.41 | 步数: 24
[19:31:19] 最近10个episodes平均:  -142.82
[19:31:19] 
各Agent奖励:
[19:31:19]   wind      :   57.818
[19:31:19]   solar     :    8.622
[19:31:19]   diesel    :    3.181
[19:31:19]   battery   :   -1.718
[19:31:19]   customer  : -190.308
[19:31:19] 
🔌 Main Grid 交易:
[19:31:19]   进口电量:    67.91 kWh
[19:31:19]   出口电量:   928.38 kWh
[19:31:19]   净交易量:  -860.46 kWh
[19:31:19]   平均出清价:  12.04 cents/kWh
[19:31:19]   市场独立度:  72.33%
[19:31:19] 
Buffer大小:  1632
[19:31:19] 噪声水平: 0.0934
[19:31:19] 
动作统计:
[19:31:19]   wind      : mean=-0.055, std= 0.166
[19:31:19]   solar     : mean=-0.333, std= 0.448
[19:31:19]   diesel    : mean= 0.564, std= 0.323
[19:31:19]   battery   : mean= 0.815, std= 0.305
[19:31:19]   customer  : mean= 0.639, std= 0.135
[19:31:20] 
======================================================================
[19:31:20] Episode 59/800
[19:31:20] ======================================================================
[19:31:20] 总奖励:  -138.91 | 步数: 24
[19:31:20] 最近10个episodes平均:  -141.00
[19:31:20] 
各Agent奖励:
[19:31:20]   wind      :   44.979
[19:31:20]   solar     :    5.574
[19:31:20]   diesel    :    4.084
[19:31:20]   battery   :    0.000
[19:31:20]   customer  : -193.544
[19:31:20] 
🔌 Main Grid 交易:
[19:31:20]   进口电量:   143.23 kWh
[19:31:20]   出口电量:   880.71 kWh
[19:31:20]   净交易量:  -737.49 kWh
[19:31:20]   平均出清价:  12.20 cents/kWh
[19:31:20]   市场独立度:  71.56%
[19:31:20] 
Buffer大小:  1656
[19:31:20] 噪声水平: 0.0933
[19:31:20] 
动作统计:
[19:31:20]   wind      : mean=-0.050, std= 0.182
[19:31:20]   solar     : mean=-0.314, std= 0.400
[19:31:20]   diesel    : mean= 0.510, std= 0.417
[19:31:20]   battery   : mean= 0.845, std= 0.214
[19:31:20]   customer  : mean= 0.634, std= 0.117
[19:31:22] 
======================================================================
[19:31:22] Episode 60/800
[19:31:22] ======================================================================
[19:31:22] 总奖励:  -135.46 | 步数: 24
[19:31:22] 最近10个episodes平均:  -140.23
[19:31:22] 
各Agent奖励:
[19:31:22]   wind      :   47.095
[19:31:22]   solar     :    6.370
[19:31:22]   diesel    :    2.201
[19:31:22]   battery   :    0.306
[19:31:22]   customer  : -191.434
[19:31:22] 
🔌 Main Grid 交易:
[19:31:22]   进口电量:   130.46 kWh
[19:31:22]   出口电量:  1002.93 kWh
[19:31:22]   净交易量:  -872.47 kWh
[19:31:22]   平均出清价:  12.04 cents/kWh
[19:31:22]   市场独立度:  68.52%
[19:31:22] 
Buffer大小:  1680
[19:31:22] 噪声水平: 0.0932
[19:31:22] 
动作统计:
[19:31:22]   wind      : mean=-0.082, std= 0.235
[19:31:22]   solar     : mean=-0.376, std= 0.416
[19:31:22]   diesel    : mean= 0.507, std= 0.395
[19:31:22]   battery   : mean= 0.864, std= 0.224
[19:31:22]   customer  : mean= 0.676, std= 0.165
[19:31:22] 
📊 生成可视化图表...
[19:31:22]   ✓ debug_plots/training_ep0060.png
[19:31:23] 
======================================================================
[19:31:23] Episode 61/800
[19:31:23] ======================================================================
[19:31:23] 总奖励:  -136.11 | 步数: 24
[19:31:23] 最近10个episodes平均:  -139.20
[19:31:23] 
各Agent奖励:
[19:31:23]   wind      :   49.668
[19:31:23]   solar     :    7.058
[19:31:23]   diesel    :    3.729
[19:31:23]   battery   :   -3.672
[19:31:23]   customer  : -192.889
[19:31:23] 
🔌 Main Grid 交易:
[19:31:23]   进口电量:    92.98 kWh
[19:31:23]   出口电量:   922.12 kWh
[19:31:23]   净交易量:  -829.14 kWh
[19:31:23]   平均出清价:  11.93 cents/kWh
[19:31:23]   市场独立度:  71.80%
[19:31:23] 
Buffer大小:  1704
[19:31:23] 噪声水平: 0.0931
[19:31:23] 
动作统计:
[19:31:23]   wind      : mean=-0.071, std= 0.178
[19:31:23]   solar     : mean=-0.357, std= 0.398
[19:31:23]   diesel    : mean= 0.565, std= 0.313
[19:31:23]   battery   : mean= 0.827, std= 0.261
[19:31:23]   customer  : mean= 0.654, std= 0.143
[19:31:23] 
======================================================================
[19:31:23] Episode 62/800
[19:31:23] ======================================================================
[19:31:23] 总奖励:  -138.24 | 步数: 24
[19:31:23] 最近10个episodes平均:  -138.17
[19:31:23] 
各Agent奖励:
[19:31:23]   wind      :   43.973
[19:31:23]   solar     :    8.634
[19:31:23]   diesel    :   10.508
[19:31:23]   battery   :   -0.373
[19:31:23]   customer  : -200.986
[19:31:23] 
🔌 Main Grid 交易:
[19:31:23]   进口电量:   105.09 kWh
[19:31:23]   出口电量:   809.90 kWh
[19:31:23]   净交易量:  -704.81 kWh
[19:31:23]   平均出清价:  14.50 cents/kWh
[19:31:23]   市场独立度:  74.58%
[19:31:23] 
Buffer大小:  1728
[19:31:23] 噪声水平: 0.0930
[19:31:23] 
动作统计:
[19:31:23]   wind      : mean=-0.014, std= 0.216
[19:31:23]   solar     : mean=-0.417, std= 0.411
[19:31:23]   diesel    : mean= 0.496, std= 0.398
[19:31:23]   battery   : mean= 0.813, std= 0.229
[19:31:23]   customer  : mean= 0.658, std= 0.155
[19:31:24] 
======================================================================
[19:31:24] Episode 63/800
[19:31:24] ======================================================================
[19:31:24] 总奖励:  -129.15 | 步数: 24
[19:31:24] 最近10个episodes平均:  -137.37
[19:31:24] 
各Agent奖励:
[19:31:24]   wind      :   48.740
[19:31:24]   solar     :    7.369
[19:31:24]   diesel    :    1.022
[19:31:24]   battery   :    0.000
[19:31:24]   customer  : -186.276
[19:31:24] 
🔌 Main Grid 交易:
[19:31:24]   进口电量:   164.57 kWh
[19:31:24]   出口电量:  1072.37 kWh
[19:31:24]   净交易量:  -907.80 kWh
[19:31:24]   平均出清价:  11.82 cents/kWh
[19:31:24]   市场独立度:  65.64%
[19:31:24] 
Buffer大小:  1752
[19:31:24] 噪声水平: 0.0930
[19:31:24] 
动作统计:
[19:31:24]   wind      : mean=-0.053, std= 0.170
[19:31:24]   solar     : mean=-0.378, std= 0.388
[19:31:24]   diesel    : mean= 0.491, std= 0.514
[19:31:24]   battery   : mean= 0.731, std= 0.321
[19:31:24]   customer  : mean= 0.667, std= 0.129
[19:31:25] 
======================================================================
[19:31:25] Episode 64/800
[19:31:25] ======================================================================
[19:31:25] 总奖励:  -129.26 | 步数: 24
[19:31:25] 最近10个episodes平均:  -136.27
[19:31:25] 
各Agent奖励:
[19:31:25]   wind      :   56.673
[19:31:25]   solar     :   10.055
[19:31:25]   diesel    :    0.924
[19:31:25]   battery   :   -5.350
[19:31:25]   customer  : -191.560
[19:31:25] 
🔌 Main Grid 交易:
[19:31:25]   进口电量:   167.18 kWh
[19:31:25]   出口电量:  1025.96 kWh
[19:31:25]   净交易量:  -858.78 kWh
[19:31:25]   平均出清价:  12.18 cents/kWh
[19:31:25]   市场独立度:  66.86%
[19:31:25] 
Buffer大小:  1776
[19:31:25] 噪声水平: 0.0929
[19:31:25] 
动作统计:
[19:31:25]   wind      : mean=-0.061, std= 0.179
[19:31:25]   solar     : mean=-0.411, std= 0.402
[19:31:25]   diesel    : mean= 0.568, std= 0.297
[19:31:25]   battery   : mean= 0.625, std= 0.443
[19:31:25]   customer  : mean= 0.655, std= 0.152
[19:31:26] 
======================================================================
[19:31:26] Episode 65/800
[19:31:26] ======================================================================
[19:31:26] 总奖励:  -136.12 | 步数: 24
[19:31:26] 最近10个episodes平均:  -134.93
[19:31:26] 
各Agent奖励:
[19:31:26]   wind      :   55.868
[19:31:26]   solar     :   10.913
[19:31:26]   diesel    :    4.604
[19:31:26]   battery   :  -17.734
[19:31:26]   customer  : -189.771
[19:31:26] 
🔌 Main Grid 交易:
[19:31:26]   进口电量:   113.27 kWh
[19:31:26]   出口电量:   907.91 kWh
[19:31:26]   净交易量:  -794.64 kWh
[19:31:26]   平均出清价:  12.69 cents/kWh
[19:31:26]   市场独立度:  71.63%
[19:31:26] 
Buffer大小:  1800
[19:31:26] 噪声水平: 0.0928
[19:31:26] 
动作统计:
[19:31:26]   wind      : mean=-0.094, std= 0.172
[19:31:26]   solar     : mean=-0.406, std= 0.422
[19:31:26]   diesel    : mean= 0.511, std= 0.429
[19:31:26]   battery   : mean= 0.588, std= 0.481
[19:31:26]   customer  : mean= 0.644, std= 0.118
[19:31:27] 
======================================================================
[19:31:27] Episode 66/800
[19:31:27] ======================================================================
[19:31:27] 总奖励:  -143.52 | 步数: 24
[19:31:27] 最近10个episodes平均:  -135.34
[19:31:27] 
各Agent奖励:
[19:31:27]   wind      :   64.592
[19:31:27]   solar     :   10.918
[19:31:27]   diesel    :   13.303
[19:31:27]   battery   :  -30.946
[19:31:27]   customer  : -201.386
[19:31:27] 
🔌 Main Grid 交易:
[19:31:27]   进口电量:   179.61 kWh
[19:31:27]   出口电量:   866.29 kWh
[19:31:27]   净交易量:  -686.68 kWh
[19:31:27]   平均出清价:  11.41 cents/kWh
[19:31:27]   市场独立度:  70.95%
[19:31:27] 
Buffer大小:  1824
[19:31:27] 噪声水平: 0.0927
[19:31:27] 
动作统计:
[19:31:27]   wind      : mean=-0.099, std= 0.214
[19:31:27]   solar     : mean=-0.431, std= 0.427
[19:31:27]   diesel    : mean= 0.487, std= 0.413
[19:31:27]   battery   : mean= 0.514, std= 0.533
[19:31:27]   customer  : mean= 0.665, std= 0.161
[19:31:27] 
======================================================================
[19:31:27] Episode 67/800
[19:31:27] ======================================================================
[19:31:27] 总奖励:  -158.23 | 步数: 24
[19:31:27] 最近10个episodes平均:  -136.74
[19:31:27] 
各Agent奖励:
[19:31:27]   wind      :   48.474
[19:31:27]   solar     :   12.269
[19:31:27]   diesel    :   12.490
[19:31:27]   battery   :  -33.226
[19:31:27]   customer  : -198.236
[19:31:27] 
🔌 Main Grid 交易:
[19:31:27]   进口电量:   169.76 kWh
[19:31:27]   出口电量:   772.39 kWh
[19:31:27]   净交易量:  -602.63 kWh
[19:31:27]   平均出清价:  11.87 cents/kWh
[19:31:27]   市场独立度:  73.83%
[19:31:27] 
Buffer大小:  1848
[19:31:27] 噪声水平: 0.0926
[19:31:27] 
动作统计:
[19:31:27]   wind      : mean=-0.063, std= 0.179
[19:31:27]   solar     : mean=-0.391, std= 0.470
[19:31:27]   diesel    : mean= 0.473, std= 0.465
[19:31:27]   battery   : mean= 0.491, std= 0.580
[19:31:27]   customer  : mean= 0.672, std= 0.118
[19:31:28] 
======================================================================
[19:31:28] Episode 68/800
[19:31:28] ======================================================================
[19:31:28] 总奖励:  -168.55 | 步数: 24
[19:31:28] 最近10个episodes平均:  -141.35
[19:31:28] 
各Agent奖励:
[19:31:28]   wind      :   49.540
[19:31:28]   solar     :   15.190
[19:31:28]   diesel    :   10.940
[19:31:28]   battery   :  -42.394
[19:31:28]   customer  : -201.822
[19:31:28] 
🔌 Main Grid 交易:
[19:31:28]   进口电量:   193.33 kWh
[19:31:28]   出口电量:   820.46 kWh
[19:31:28]   净交易量:  -627.14 kWh
[19:31:28]   平均出清价:  10.94 cents/kWh
[19:31:28]   市场独立度:  71.84%
[19:31:28] 
Buffer大小:  1872
[19:31:28] 噪声水平: 0.0925
[19:31:28] 
动作统计:
[19:31:28]   wind      : mean=-0.072, std= 0.158
[19:31:28]   solar     : mean=-0.400, std= 0.449
[19:31:28]   diesel    : mean= 0.492, std= 0.452
[19:31:28]   battery   : mean= 0.486, std= 0.564
[19:31:28]   customer  : mean= 0.668, std= 0.150
[19:31:29] 
======================================================================
[19:31:29] Episode 69/800
[19:31:29] ======================================================================
[19:31:29] 总奖励:  -136.39 | 步数: 24
[19:31:29] 最近10个episodes平均:  -141.10
[19:31:29] 
各Agent奖励:
[19:31:29]   wind      :   78.157
[19:31:29]   solar     :   19.227
[19:31:29]   diesel    :   17.905
[19:31:29]   battery   :  -45.945
[19:31:29]   customer  : -205.729
[19:31:29] 
🔌 Main Grid 交易:
[19:31:29]   进口电量:    91.41 kWh
[19:31:29]   出口电量:   801.57 kWh
[19:31:29]   净交易量:  -710.16 kWh
[19:31:29]   平均出清价:  16.59 cents/kWh
[19:31:29]   市场独立度:  75.20%
[19:31:29] 
Buffer大小:  1896
[19:31:29] 噪声水平: 0.0924
[19:31:29] 
动作统计:
[19:31:29]   wind      : mean=-0.065, std= 0.161
[19:31:29]   solar     : mean=-0.391, std= 0.458
[19:31:29]   diesel    : mean= 0.498, std= 0.393
[19:31:29]   battery   : mean= 0.484, std= 0.573
[19:31:29]   customer  : mean= 0.653, std= 0.146
[19:31:30] 
======================================================================
[19:31:30] Episode 70/800
[19:31:30] ======================================================================
[19:31:30] 总奖励:  -133.41 | 步数: 24
[19:31:30] 最近10个episodes平均:  -140.90
[19:31:30] 
各Agent奖励:
[19:31:30]   wind      :   55.258
[19:31:30]   solar     :    5.999
[19:31:30]   diesel    :    2.499
[19:31:30]   battery   :  -12.506
[19:31:30]   customer  : -184.656
[19:31:30] 
🔌 Main Grid 交易:
[19:31:30]   进口电量:    91.22 kWh
[19:31:30]   出口电量:   944.64 kWh
[19:31:30]   净交易量:  -853.42 kWh
[19:31:30]   平均出清价:  13.40 cents/kWh
[19:31:30]   市场独立度:  71.23%
[19:31:30] 
Buffer大小:  1920
[19:31:30] 噪声水平: 0.0923
[19:31:30] 
动作统计:
[19:31:30]   wind      : mean=-0.073, std= 0.181
[19:31:30]   solar     : mean=-0.431, std= 0.450
[19:31:30]   diesel    : mean= 0.540, std= 0.425
[19:31:30]   battery   : mean= 0.505, std= 0.540
[19:31:30]   customer  : mean= 0.667, std= 0.140
[19:31:30] 
📊 生成可视化图表...
[19:31:30]   ✓ debug_plots/training_ep0070.png
[19:31:31] 
======================================================================
[19:31:31] Episode 71/800
[19:31:31] ======================================================================
[19:31:31] 总奖励:  -137.24 | 步数: 24
[19:31:31] 最近10个episodes平均:  -141.01
[19:31:31] 
各Agent奖励:
[19:31:31]   wind      :   44.485
[19:31:31]   solar     :    7.901
[19:31:31]   diesel    :    3.334
[19:31:31]   battery   :    0.000
[19:31:31]   customer  : -192.961
[19:31:31] 
🔌 Main Grid 交易:
[19:31:31]   进口电量:   147.07 kWh
[19:31:31]   出口电量:  1098.43 kWh
[19:31:31]   净交易量:  -951.36 kWh
[19:31:31]   平均出清价:  12.31 cents/kWh
[19:31:31]   市场独立度:  65.40%
[19:31:31] 
Buffer大小:  1944
[19:31:31] 噪声水平: 0.0922
[19:31:31] 
动作统计:
[19:31:31]   wind      : mean=-0.009, std= 0.176
[19:31:31]   solar     : mean=-0.391, std= 0.435
[19:31:31]   diesel    : mean= 0.537, std= 0.404
[19:31:31]   battery   : mean= 0.520, std= 0.522
[19:31:31]   customer  : mean= 0.665, std= 0.162
[19:31:32] 
======================================================================
[19:31:32] Episode 72/800
[19:31:32] ======================================================================
[19:31:32] 总奖励:  -133.22 | 步数: 24
[19:31:32] 最近10个episodes平均:  -140.51
[19:31:32] 
各Agent奖励:
[19:31:32]   wind      :   42.755
[19:31:32]   solar     :    9.786
[19:31:32]   diesel    :    4.445
[19:31:32]   battery   :   -1.218
[19:31:32]   customer  : -188.987
[19:31:32] 
🔌 Main Grid 交易:
[19:31:32]   进口电量:   103.02 kWh
[19:31:32]   出口电量:   975.39 kWh
[19:31:32]   净交易量:  -872.37 kWh
[19:31:32]   平均出清价:  12.75 cents/kWh
[19:31:32]   市场独立度:  70.04%
[19:31:32] 
Buffer大小:  1968
[19:31:32] 噪声水平: 0.0921
[19:31:32] 
动作统计:
[19:31:32]   wind      : mean=-0.059, std= 0.155
[19:31:32]   solar     : mean=-0.423, std= 0.442
[19:31:32]   diesel    : mean= 0.552, std= 0.397
[19:31:32]   battery   : mean= 0.516, std= 0.580
[19:31:32]   customer  : mean= 0.634, std= 0.128
[19:31:33] 
======================================================================
[19:31:33] Episode 73/800
[19:31:33] ======================================================================
[19:31:33] 总奖励:  -149.40 | 步数: 24
[19:31:33] 最近10个episodes平均:  -142.53
[19:31:33] 
各Agent奖励:
[19:31:33]   wind      :   38.755
[19:31:33]   solar     :   10.616
[19:31:33]   diesel    :   -0.322
[19:31:33]   battery   :    0.223
[19:31:33]   customer  : -198.667
[19:31:33] 
🔌 Main Grid 交易:
[19:31:33]   进口电量:   154.25 kWh
[19:31:33]   出口电量:  1027.14 kWh
[19:31:33]   净交易量:  -872.89 kWh
[19:31:33]   平均出清价:  13.56 cents/kWh
[19:31:33]   市场独立度:  67.18%
[19:31:33] 
Buffer大小:  1992
[19:31:33] 噪声水平: 0.0920
[19:31:33] 
动作统计:
[19:31:33]   wind      : mean= 0.002, std= 0.165
[19:31:33]   solar     : mean=-0.394, std= 0.444
[19:31:33]   diesel    : mean= 0.508, std= 0.432
[19:31:33]   battery   : mean= 0.557, std= 0.541
[19:31:33]   customer  : mean= 0.655, std= 0.145
[19:31:34] 
======================================================================
[19:31:34] Episode 74/800
[19:31:34] ======================================================================
[19:31:34] 总奖励:  -127.59 | 步数: 24
[19:31:34] 最近10个episodes平均:  -142.36
[19:31:34] 
各Agent奖励:
[19:31:34]   wind      :   40.790
[19:31:34]   solar     :    5.564
[19:31:34]   diesel    :    3.009
[19:31:34]   battery   :    0.306
[19:31:34]   customer  : -177.257
[19:31:34] 
🔌 Main Grid 交易:
[19:31:34]   进口电量:   154.56 kWh
[19:31:34]   出口电量:  1037.08 kWh
[19:31:34]   净交易量:  -882.52 kWh
[19:31:34]   平均出清价:  11.42 cents/kWh
[19:31:34]   市场独立度:  66.90%
[19:31:34] 
Buffer大小:  2016
[19:31:34] 噪声水平: 0.0919
[19:31:34] 
动作统计:
[19:31:34]   wind      : mean=-0.076, std= 0.161
[19:31:34]   solar     : mean=-0.402, std= 0.425
[19:31:34]   diesel    : mean= 0.489, std= 0.446
[19:31:34]   battery   : mean= 0.549, std= 0.530
[19:31:34]   customer  : mean= 0.664, std= 0.122
[19:31:35] 
======================================================================
[19:31:35] Episode 75/800
[19:31:35] ======================================================================
[19:31:35] 总奖励:  -122.94 | 步数: 24
[19:31:35] 最近10个episodes平均:  -141.05
[19:31:35] 
各Agent奖励:
[19:31:35]   wind      :   46.155
[19:31:35]   solar     :   10.823
[19:31:35]   diesel    :    1.201
[19:31:35]   battery   :   -0.753
[19:31:35]   customer  : -180.368
[19:31:35] 
🔌 Main Grid 交易:
[19:31:35]   进口电量:    64.37 kWh
[19:31:35]   出口电量:   980.57 kWh
[19:31:35]   净交易量:  -916.21 kWh
[19:31:35]   平均出清价:  12.95 cents/kWh
[19:31:35]   市场独立度:  70.97%
[19:31:35] 
Buffer大小:  2040
[19:31:35] 噪声水平: 0.0918
[19:31:35] 
动作统计:
[19:31:35]   wind      : mean=-0.059, std= 0.152
[19:31:35]   solar     : mean=-0.435, std= 0.392
[19:31:35]   diesel    : mean= 0.527, std= 0.339
[19:31:35]   battery   : mean= 0.518, std= 0.578
[19:31:35]   customer  : mean= 0.649, std= 0.124
[19:31:36] 
======================================================================
[19:31:36] Episode 76/800
[19:31:36] ======================================================================
[19:31:36] 总奖励:  -138.90 | 步数: 24
[19:31:36] 最近10个episodes平均:  -140.59
[19:31:36] 
各Agent奖励:
[19:31:36]   wind      :   38.528
[19:31:36]   solar     :   15.887
[19:31:36]   diesel    :   11.760
[19:31:36]   battery   :   -0.799
[19:31:36]   customer  : -204.271
[19:31:36] 
🔌 Main Grid 交易:
[19:31:36]   进口电量:   127.49 kWh
[19:31:36]   出口电量:   867.75 kWh
[19:31:36]   净交易量:  -740.26 kWh
[19:31:36]   平均出清价:  14.51 cents/kWh
[19:31:36]   市场独立度:  72.35%
[19:31:36] 
Buffer大小:  2064
[19:31:36] 噪声水平: 0.0918
[19:31:36] 
动作统计:
[19:31:36]   wind      : mean=-0.012, std= 0.152
[19:31:36]   solar     : mean=-0.409, std= 0.432
[19:31:36]   diesel    : mean= 0.488, std= 0.387
[19:31:36]   battery   : mean= 0.510, std= 0.567
[19:31:36]   customer  : mean= 0.627, std= 0.125
[19:31:37] 
======================================================================
[19:31:37] Episode 77/800
[19:31:37] ======================================================================
[19:31:37] 总奖励:  -135.47 | 步数: 24
[19:31:37] 最近10个episodes平均:  -138.31
[19:31:37] 
各Agent奖励:
[19:31:37]   wind      :   47.060
[19:31:37]   solar     :    4.647
[19:31:37]   diesel    :    3.503
[19:31:37]   battery   :    0.073
[19:31:37]   customer  : -190.753
[19:31:37] 
🔌 Main Grid 交易:
[19:31:37]   进口电量:   122.27 kWh
[19:31:37]   出口电量:   974.66 kWh
[19:31:37]   净交易量:  -852.39 kWh
[19:31:37]   平均出清价:  10.53 cents/kWh
[19:31:37]   市场独立度:  69.53%
[19:31:37] 
Buffer大小:  2088
[19:31:37] 噪声水平: 0.0917
[19:31:37] 
动作统计:
[19:31:37]   wind      : mean=-0.044, std= 0.147
[19:31:37]   solar     : mean=-0.416, std= 0.411
[19:31:37]   diesel    : mean= 0.526, std= 0.346
[19:31:37]   battery   : mean= 0.537, std= 0.548
[19:31:37]   customer  : mean= 0.649, std= 0.141
[19:31:38] 
======================================================================
[19:31:38] Episode 78/800
[19:31:38] ======================================================================
[19:31:38] 总奖励:  -115.94 | 步数: 24
[19:31:38] 最近10个episodes平均:  -133.05
[19:31:38] 
各Agent奖励:
[19:31:38]   wind      :   50.620
[19:31:38]   solar     :   17.411
[19:31:38]   diesel    :   18.001
[19:31:38]   battery   :   -0.311
[19:31:38]   customer  : -201.666
[19:31:38] 
🔌 Main Grid 交易:
[19:31:38]   进口电量:    72.36 kWh
[19:31:38]   出口电量:   829.65 kWh
[19:31:38]   净交易量:  -757.29 kWh
[19:31:38]   平均出清价:  14.89 cents/kWh
[19:31:38]   市场独立度:  74.94%
[19:31:38] 
Buffer大小:  2112
[19:31:38] 噪声水平: 0.0916
[19:31:38] 
动作统计:
[19:31:38]   wind      : mean=-0.066, std= 0.165
[19:31:38]   solar     : mean=-0.372, std= 0.403
[19:31:38]   diesel    : mean= 0.500, std= 0.411
[19:31:38]   battery   : mean= 0.527, std= 0.559
[19:31:38]   customer  : mean= 0.593, std= 0.123
[19:31:38] 
======================================================================
[19:31:38] Episode 79/800
[19:31:38] ======================================================================
[19:31:38] 总奖励:  -135.15 | 步数: 24
[19:31:38] 最近10个episodes平均:  -132.93
[19:31:38] 
各Agent奖励:
[19:31:38]   wind      :   40.860
[19:31:38]   solar     :   10.682
[19:31:38]   diesel    :    2.855
[19:31:38]   battery   :    0.796
[19:31:38]   customer  : -190.338
[19:31:38] 
🔌 Main Grid 交易:
[19:31:38]   进口电量:    56.95 kWh
[19:31:38]   出口电量:   905.82 kWh
[19:31:38]   净交易量:  -848.87 kWh
[19:31:38]   平均出清价:  11.79 cents/kWh
[19:31:38]   市场独立度:  73.26%
[19:31:38] 
Buffer大小:  2136
[19:31:38] 噪声水平: 0.0915
[19:31:38] 
动作统计:
[19:31:38]   wind      : mean=-0.026, std= 0.181
[19:31:38]   solar     : mean=-0.347, std= 0.411
[19:31:38]   diesel    : mean= 0.473, std= 0.342
[19:31:38]   battery   : mean= 0.562, std= 0.511
[19:31:38]   customer  : mean= 0.683, std= 0.149
[19:31:39] 
======================================================================
[19:31:39] Episode 80/800
[19:31:39] ======================================================================
[19:31:39] 总奖励:  -124.61 | 步数: 24
[19:31:39] 最近10个episodes平均:  -132.04
[19:31:39] 
各Agent奖励:
[19:31:39]   wind      :   48.740
[19:31:39]   solar     :    5.397
[19:31:39]   diesel    :    0.376
[19:31:39]   battery   :    3.383
[19:31:39]   customer  : -182.502
[19:31:39] 
🔌 Main Grid 交易:
[19:31:39]   进口电量:    66.43 kWh
[19:31:39]   出口电量:   961.21 kWh
[19:31:39]   净交易量:  -894.78 kWh
[19:31:39]   平均出清价:   9.16 cents/kWh
[19:31:39]   市场独立度:  71.45%
[19:31:39] 
Buffer大小:  2160
[19:31:39] 噪声水平: 0.0914
[19:31:39] 
动作统计:
[19:31:39]   wind      : mean=-0.104, std= 0.176
[19:31:39]   solar     : mean=-0.456, std= 0.392
[19:31:39]   diesel    : mean= 0.526, std= 0.352
[19:31:39]   battery   : mean= 0.558, std= 0.511
[19:31:39]   customer  : mean= 0.625, std= 0.151
[19:31:39] 
📊 生成可视化图表...
[19:31:40]   ✓ debug_plots/training_ep0080.png
[19:31:41] 
======================================================================
[19:31:41] Episode 81/800
[19:31:41] ======================================================================
[19:31:41] 总奖励:  -132.24 | 步数: 24
[19:31:41] 最近10个episodes平均:  -131.54
[19:31:41] 
各Agent奖励:
[19:31:41]   wind      :   40.602
[19:31:41]   solar     :    6.905
[19:31:41]   diesel    :    1.726
[19:31:41]   battery   :    1.840
[19:31:41]   customer  : -183.309
[19:31:41] 
🔌 Main Grid 交易:
[19:31:41]   进口电量:    97.82 kWh
[19:31:41]   出口电量:   944.71 kWh
[19:31:41]   净交易量:  -846.89 kWh
[19:31:41]   平均出清价:   9.51 cents/kWh
[19:31:41]   市场独立度:  71.04%
[19:31:41] 
Buffer大小:  2184
[19:31:41] 噪声水平: 0.0913
[19:31:41] 
动作统计:
[19:31:41]   wind      : mean=-0.075, std= 0.163
[19:31:41]   solar     : mean=-0.496, std= 0.349
[19:31:41]   diesel    : mean= 0.490, std= 0.373
[19:31:41]   battery   : mean= 0.571, std= 0.475
[19:31:41]   customer  : mean= 0.666, std= 0.163
[19:31:42] 
======================================================================
[19:31:42] Episode 82/800
[19:31:42] ======================================================================
[19:31:42] 总奖励:  -133.27 | 步数: 24
[19:31:42] 最近10个episodes平均:  -131.55
[19:31:42] 
各Agent奖励:
[19:31:42]   wind      :   44.501
[19:31:42]   solar     :    9.051
[19:31:42]   diesel    :    2.959
[19:31:42]   battery   :    0.530
[19:31:42]   customer  : -190.307
[19:31:42] 
🔌 Main Grid 交易:
[19:31:42]   进口电量:   150.42 kWh
[19:31:42]   出口电量:   900.60 kWh
[19:31:42]   净交易量:  -750.18 kWh
[19:31:42]   平均出清价:  11.94 cents/kWh
[19:31:42]   市场独立度:  70.81%
[19:31:42] 
Buffer大小:  2208
[19:31:42] 噪声水平: 0.0912
[19:31:42] 
动作统计:
[19:31:42]   wind      : mean=-0.008, std= 0.138
[19:31:42]   solar     : mean=-0.552, std= 0.321
[19:31:42]   diesel    : mean= 0.414, std= 0.384
[19:31:42]   battery   : mean= 0.580, std= 0.480
[19:31:42]   customer  : mean= 0.670, std= 0.114
[19:31:43] 
======================================================================
[19:31:43] Episode 83/800
[19:31:43] ======================================================================
[19:31:43] 总奖励:  -123.86 | 步数: 24
[19:31:43] 最近10个episodes平均:  -129.00
[19:31:43] 
各Agent奖励:
[19:31:43]   wind      :   49.679
[19:31:43]   solar     :   10.784
[19:31:43]   diesel    :    2.058
[19:31:43]   battery   :    0.019
[19:31:43]   customer  : -186.401
[19:31:43] 
🔌 Main Grid 交易:
[19:31:43]   进口电量:   140.49 kWh
[19:31:43]   出口电量:   951.52 kWh
[19:31:43]   净交易量:  -811.03 kWh
[19:31:43]   平均出清价:  11.88 cents/kWh
[19:31:43]   市场独立度:  69.67%
[19:31:43] 
Buffer大小:  2232
[19:31:43] 噪声水平: 0.0911
[19:31:43] 
动作统计:
[19:31:43]   wind      : mean=-0.044, std= 0.165
[19:31:43]   solar     : mean=-0.599, std= 0.318
[19:31:43]   diesel    : mean= 0.460, std= 0.370
[19:31:43]   battery   : mean= 0.555, std= 0.494
[19:31:43]   customer  : mean= 0.606, std= 0.142
[19:31:44] 
======================================================================
[19:31:44] Episode 84/800
[19:31:44] ======================================================================
[19:31:44] 总奖励:  -139.91 | 步数: 24
[19:31:44] 最近10个episodes平均:  -130.23
[19:31:44] 
各Agent奖励:
[19:31:44]   wind      :   42.543
[19:31:44]   solar     :   10.892
[19:31:44]   diesel    :    5.286
[19:31:44]   battery   :    0.023
[19:31:44]   customer  : -198.655
[19:31:44] 
🔌 Main Grid 交易:
[19:31:44]   进口电量:   144.64 kWh
[19:31:44]   出口电量:   844.38 kWh
[19:31:44]   净交易量:  -699.74 kWh
[19:31:44]   平均出清价:  12.72 cents/kWh
[19:31:44]   市场独立度:  72.53%
[19:31:44] 
Buffer大小:  2256
[19:31:44] 噪声水平: 0.0910
[19:31:44] 
动作统计:
[19:31:44]   wind      : mean=-0.034, std= 0.218
[19:31:44]   solar     : mean=-0.650, std= 0.283
[19:31:44]   diesel    : mean= 0.388, std= 0.342
[19:31:44]   battery   : mean= 0.585, std= 0.460
[19:31:44]   customer  : mean= 0.656, std= 0.149
[19:31:46] 
======================================================================
[19:31:46] Episode 85/800
[19:31:46] ======================================================================
[19:31:46] 总奖励:  -121.99 | 步数: 24
[19:31:46] 最近10个episodes平均:  -130.13
[19:31:46] 
各Agent奖励:
[19:31:46]   wind      :   48.012
[19:31:46]   solar     :    6.268
[19:31:46]   diesel    :    0.695
[19:31:46]   battery   :    0.023
[19:31:46]   customer  : -176.993
[19:31:46] 
🔌 Main Grid 交易:
[19:31:46]   进口电量:   127.94 kWh
[19:31:46]   出口电量:  1018.35 kWh
[19:31:46]   净交易量:  -890.41 kWh
[19:31:46]   平均出清价:   9.92 cents/kWh
[19:31:46]   市场独立度:  68.16%
[19:31:46] 
Buffer大小:  2280
[19:31:46] 噪声水平: 0.0909
[19:31:46] 
动作统计:
[19:31:46]   wind      : mean=-0.055, std= 0.184
[19:31:46]   solar     : mean=-0.669, std= 0.299
[19:31:46]   diesel    : mean= 0.460, std= 0.310
[19:31:46]   battery   : mean= 0.605, std= 0.459
[19:31:46]   customer  : mean= 0.645, std= 0.144
[19:31:48] 
======================================================================
[19:31:48] Episode 86/800
[19:31:48] ======================================================================
[19:31:48] 总奖励:  -138.31 | 步数: 24
[19:31:48] 最近10个episodes平均:  -130.07
[19:31:48] 
各Agent奖励:
[19:31:48]   wind      :   42.274
[19:31:48]   solar     :   12.206
[19:31:48]   diesel    :    5.757
[19:31:48]   battery   :   -1.271
[19:31:48]   customer  : -197.276
[19:31:48] 
🔌 Main Grid 交易:
[19:31:48]   进口电量:   148.71 kWh
[19:31:48]   出口电量:   817.33 kWh
[19:31:48]   净交易量:  -668.62 kWh
[19:31:48]   平均出清价:  13.24 cents/kWh
[19:31:48]   市场独立度:  73.17%
[19:31:48] 
Buffer大小:  2304
[19:31:48] 噪声水平: 0.0908
[19:31:48] 
动作统计:
[19:31:48]   wind      : mean= 0.008, std= 0.160
[19:31:48]   solar     : mean=-0.728, std= 0.316
[19:31:48]   diesel    : mean= 0.388, std= 0.378
[19:31:48]   battery   : mean= 0.624, std= 0.442
[19:31:48]   customer  : mean= 0.645, std= 0.140
[19:31:50] 
======================================================================
[19:31:50] Episode 87/800
[19:31:50] ======================================================================
[19:31:50] 总奖励:  -130.81 | 步数: 24
[19:31:50] 最近10个episodes平均:  -129.61
[19:31:50] 
各Agent奖励:
[19:31:50]   wind      :   43.318
[19:31:50]   solar     :   11.404
[19:31:50]   diesel    :    3.441
[19:31:50]   battery   :    0.238
[19:31:50]   customer  : -189.209
[19:31:50] 
🔌 Main Grid 交易:
[19:31:50]   进口电量:   129.59 kWh
[19:31:50]   出口电量:   914.30 kWh
[19:31:50]   净交易量:  -784.71 kWh
[19:31:50]   平均出清价:  12.21 cents/kWh
[19:31:50]   市场独立度:  71.00%
[19:31:50] 
Buffer大小:  2328
[19:31:50] 噪声水平: 0.0908
[19:31:50] 
动作统计:
[19:31:50]   wind      : mean= 0.016, std= 0.177
[19:31:50]   solar     : mean=-0.740, std= 0.296
[19:31:50]   diesel    : mean= 0.360, std= 0.340
[19:31:50]   battery   : mean= 0.675, std= 0.401
[19:31:50]   customer  : mean= 0.673, std= 0.139
[19:31:51] 
======================================================================
[19:31:51] Episode 88/800
[19:31:51] ======================================================================
[19:31:51] 总奖励:  -127.06 | 步数: 24
[19:31:51] 最近10个episodes平均:  -130.72
[19:31:51] 
各Agent奖励:
[19:31:51]   wind      :   48.976
[19:31:51]   solar     :    3.434
[19:31:51]   diesel    :   -0.511
[19:31:51]   battery   :    0.126
[19:31:51]   customer  : -179.084
[19:31:51] 
🔌 Main Grid 交易:
[19:31:51]   进口电量:   122.09 kWh
[19:31:51]   出口电量:   909.56 kWh
[19:31:51]   净交易量:  -787.47 kWh
[19:31:51]   平均出清价:   8.94 cents/kWh
[19:31:51]   市场独立度:  71.34%
[19:31:51] 
Buffer大小:  2352
[19:31:51] 噪声水平: 0.0907
[19:31:51] 
动作统计:
[19:31:51]   wind      : mean=-0.020, std= 0.180
[19:31:51]   solar     : mean=-0.782, std= 0.287
[19:31:51]   diesel    : mean= 0.357, std= 0.365
[19:31:51]   battery   : mean= 0.703, std= 0.396
[19:31:51]   customer  : mean= 0.647, std= 0.143
[19:31:52] 
======================================================================
[19:31:52] Episode 89/800
[19:31:52] ======================================================================
[19:31:52] 总奖励:  -137.28 | 步数: 24
[19:31:52] 最近10个episodes平均:  -130.93
[19:31:52] 
各Agent奖励:
[19:31:52]   wind      :   42.093
[19:31:52]   solar     :    8.564
[19:31:52]   diesel    :    3.511
[19:31:52]   battery   :    0.204
[19:31:52]   customer  : -191.650
[19:31:52] 
🔌 Main Grid 交易:
[19:31:52]   进口电量:   144.46 kWh
[19:31:52]   出口电量:   934.40 kWh
[19:31:52]   净交易量:  -789.94 kWh
[19:31:52]   平均出清价:  12.24 cents/kWh
[19:31:52]   市场独立度:  70.03%
[19:31:52] 
Buffer大小:  2376
[19:31:52] 噪声水平: 0.0906
[19:31:52] 
动作统计:
[19:31:52]   wind      : mean= 0.004, std= 0.197
[19:31:52]   solar     : mean=-0.762, std= 0.327
[19:31:52]   diesel    : mean= 0.394, std= 0.363
[19:31:52]   battery   : mean= 0.730, std= 0.381
[19:31:52]   customer  : mean= 0.686, std= 0.144
[19:31:53] 
======================================================================
[19:31:53] Episode 90/800
[19:31:53] ======================================================================
[19:31:53] 总奖励:  -129.83 | 步数: 24
[19:31:53] 最近10个episodes平均:  -131.45
[19:31:53] 
各Agent奖励:
[19:31:53]   wind      :   47.012
[19:31:53]   solar     :   11.110
[19:31:53]   diesel    :   -2.886
[19:31:53]   battery   :    0.000
[19:31:53]   customer  : -185.061
[19:31:53] 
🔌 Main Grid 交易:
[19:31:53]   进口电量:   149.30 kWh
[19:31:53]   出口电量:   844.00 kWh
[19:31:53]   净交易量:  -694.70 kWh
[19:31:53]   平均出清价:  11.69 cents/kWh
[19:31:53]   市场独立度:  72.41%
[19:31:53] 
Buffer大小:  2400
[19:31:53] 噪声水平: 0.0905
[19:31:53] 
动作统计:
[19:31:53]   wind      : mean= 0.014, std= 0.204
[19:31:53]   solar     : mean=-0.723, std= 0.295
[19:31:53]   diesel    : mean= 0.365, std= 0.351
[19:31:53]   battery   : mean= 0.760, std= 0.334
[19:31:53]   customer  : mean= 0.644, std= 0.130
[19:31:53] 
📊 生成可视化图表...
[19:31:53]   ✓ debug_plots/training_ep0090.png
[19:31:54] 
======================================================================
[19:31:54] Episode 91/800
[19:31:54] ======================================================================
[19:31:54] 总奖励:  -149.92 | 步数: 24
[19:31:54] 最近10个episodes平均:  -133.22
[19:31:54] 
各Agent奖励:
[19:31:54]   wind      :   32.717
[19:31:54]   solar     :    7.420
[19:31:54]   diesel    :   -3.701
[19:31:54]   battery   :    0.036
[19:31:54]   customer  : -186.394
[19:31:54] 
🔌 Main Grid 交易:
[19:31:54]   进口电量:   116.27 kWh
[19:31:54]   出口电量:   863.78 kWh
[19:31:54]   净交易量:  -747.50 kWh
[19:31:54]   平均出清价:  11.33 cents/kWh
[19:31:54]   市场独立度:  72.78%
[19:31:54] 
Buffer大小:  2424
[19:31:54] 噪声水平: 0.0904
[19:31:54] 
动作统计:
[19:31:54]   wind      : mean= 0.014, std= 0.261
[19:31:54]   solar     : mean=-0.799, std= 0.289
[19:31:54]   diesel    : mean= 0.375, std= 0.314
[19:31:54]   battery   : mean= 0.774, std= 0.317
[19:31:54]   customer  : mean= 0.677, std= 0.129
[19:31:55] 
======================================================================
[19:31:55] Episode 92/800
[19:31:55] ======================================================================
[19:31:55] 总奖励:  -131.47 | 步数: 24
[19:31:55] 最近10个episodes平均:  -133.04
[19:31:55] 
各Agent奖励:
[19:31:55]   wind      :   43.450
[19:31:55]   solar     :   15.783
[19:31:55]   diesel    :   12.050
[19:31:55]   battery   :   -0.046
[19:31:55]   customer  : -202.711
[19:31:55] 
🔌 Main Grid 交易:
[19:31:55]   进口电量:   140.22 kWh
[19:31:55]   出口电量:   811.37 kWh
[19:31:55]   净交易量:  -671.15 kWh
[19:31:55]   平均出清价:  14.97 cents/kWh
[19:31:55]   市场独立度:  73.57%
[19:31:55] 
Buffer大小:  2448
[19:31:55] 噪声水平: 0.0903
[19:31:55] 
动作统计:
[19:31:55]   wind      : mean=-0.015, std= 0.228
[19:31:55]   solar     : mean=-0.811, std= 0.266
[19:31:55]   diesel    : mean= 0.360, std= 0.379
[19:31:55]   battery   : mean= 0.791, std= 0.311
[19:31:55]   customer  : mean= 0.664, std= 0.126
[19:31:56] 
======================================================================
[19:31:56] Episode 93/800
[19:31:56] ======================================================================
[19:31:56] 总奖励:  -147.44 | 步数: 24
[19:31:56] 最近10个episodes平均:  -135.40
[19:31:56] 
各Agent奖励:
[19:31:56]   wind      :   29.014
[19:31:56]   solar     :   10.721
[19:31:56]   diesel    :    2.703
[19:31:56]   battery   :    0.000
[19:31:56]   customer  : -189.876
[19:31:56] 
🔌 Main Grid 交易:
[19:31:56]   进口电量:   167.80 kWh
[19:31:56]   出口电量:   887.57 kWh
[19:31:56]   净交易量:  -719.77 kWh
[19:31:56]   平均出清价:  11.83 cents/kWh
[19:31:56]   市场独立度:  70.68%
[19:31:56] 
Buffer大小:  2472
[19:31:56] 噪声水平: 0.0902
[19:31:56] 
动作统计:
[19:31:56]   wind      : mean= 0.041, std= 0.175
[19:31:56]   solar     : mean=-0.795, std= 0.300
[19:31:56]   diesel    : mean= 0.345, std= 0.371
[19:31:56]   battery   : mean= 0.814, std= 0.295
[19:31:56]   customer  : mean= 0.678, std= 0.123
[19:31:57] 
======================================================================
[19:31:57] Episode 94/800
[19:31:57] ======================================================================
[19:31:57] 总奖励:  -127.70 | 步数: 24
[19:31:57] 最近10个episodes平均:  -134.18
[19:31:57] 
各Agent奖励:
[19:31:57]   wind      :   43.072
[19:31:57]   solar     :   11.418
[19:31:57]   diesel    :   -1.055
[19:31:57]   battery   :    0.000
[19:31:57]   customer  : -181.137
[19:31:57] 
🔌 Main Grid 交易:
[19:31:57]   进口电量:   147.93 kWh
[19:31:57]   出口电量:   916.14 kWh
[19:31:57]   净交易量:  -768.21 kWh
[19:31:57]   平均出清价:  12.44 cents/kWh
[19:31:57]   市场独立度:  70.44%
[19:31:57] 
Buffer大小:  2496
[19:31:57] 噪声水平: 0.0901
[19:31:57] 
动作统计:
[19:31:57]   wind      : mean= 0.042, std= 0.181
[19:31:57]   solar     : mean=-0.791, std= 0.296
[19:31:57]   diesel    : mean= 0.370, std= 0.409
[19:31:57]   battery   : mean= 0.827, std= 0.279
[19:31:57]   customer  : mean= 0.647, std= 0.133
[19:31:58] 
======================================================================
[19:31:58] Episode 95/800
[19:31:58] ======================================================================
[19:31:58] 总奖励:  -136.18 | 步数: 24
[19:31:58] 最近10个episodes平均:  -135.60
[19:31:58] 
各Agent奖励:
[19:31:58]   wind      :   36.480
[19:31:58]   solar     :    8.427
[19:31:58]   diesel    :   -1.543
[19:31:58]   battery   :    0.000
[19:31:58]   customer  : -179.542
[19:31:58] 
🔌 Main Grid 交易:
[19:31:58]   进口电量:   148.78 kWh
[19:31:58]   出口电量:  1052.31 kWh
[19:31:58]   净交易量:  -903.53 kWh
[19:31:58]   平均出清价:  10.11 cents/kWh
[19:31:58]   市场独立度:  66.64%
[19:31:58] 
Buffer大小:  2520
[19:31:58] 噪声水平: 0.0900
[19:31:58] 
动作统计:
[19:31:58]   wind      : mean= 0.039, std= 0.195
[19:31:58]   solar     : mean=-0.742, std= 0.347
[19:31:58]   diesel    : mean= 0.378, std= 0.397
[19:31:58]   battery   : mean= 0.854, std= 0.270
[19:31:58]   customer  : mean= 0.680, std= 0.157
[19:31:59] 
======================================================================
[19:31:59] Episode 96/800
[19:31:59] ======================================================================
[19:31:59] 总奖励:  -141.88 | 步数: 24
[19:31:59] 最近10个episodes平均:  -135.96
[19:31:59] 
各Agent奖励:
[19:31:59]   wind      :   39.641
[19:31:59]   solar     :    3.721
[19:31:59]   diesel    :    3.225
[19:31:59]   battery   :    0.000
[19:31:59]   customer  : -188.471
[19:31:59] 
🔌 Main Grid 交易:
[19:31:59]   进口电量:   111.32 kWh
[19:31:59]   出口电量:   918.79 kWh
[19:31:59]   净交易量:  -807.47 kWh
[19:31:59]   平均出清价:   9.33 cents/kWh
[19:31:59]   市场独立度:  71.39%
[19:31:59] 
Buffer大小:  2544
[19:31:59] 噪声水平: 0.0899
[19:31:59] 
动作统计:
[19:31:59]   wind      : mean= 0.003, std= 0.210
[19:31:59]   solar     : mean=-0.775, std= 0.330
[19:31:59]   diesel    : mean= 0.379, std= 0.371
[19:31:59]   battery   : mean= 0.849, std= 0.227
[19:31:59]   customer  : mean= 0.699, std= 0.144
[19:32:00] 
======================================================================
[19:32:00] Episode 97/800
[19:32:00] ======================================================================
[19:32:00] 总奖励:  -130.26 | 步数: 24
[19:32:00] 最近10个episodes平均:  -135.90
[19:32:00] 
各Agent奖励:
[19:32:00]   wind      :   40.854
[19:32:00]   solar     :   15.696
[19:32:00]   diesel    :    6.566
[19:32:00]   battery   :    0.000
[19:32:00]   customer  : -193.374
[19:32:00] 
🔌 Main Grid 交易:
[19:32:00]   进口电量:    63.40 kWh
[19:32:00]   出口电量:   942.85 kWh
[19:32:00]   净交易量:  -879.45 kWh
[19:32:00]   平均出清价:  14.42 cents/kWh
[19:32:00]   市场独立度:  72.05%
[19:32:00] 
Buffer大小:  2568
[19:32:00] 噪声水平: 0.0898
[19:32:00] 
动作统计:
[19:32:00]   wind      : mean= 0.044, std= 0.225
[19:32:00]   solar     : mean=-0.764, std= 0.330
[19:32:00]   diesel    : mean= 0.393, std= 0.404
[19:32:00]   battery   : mean= 0.889, std= 0.183
[19:32:00]   customer  : mean= 0.701, std= 0.103
[19:32:02] 
======================================================================
[19:32:02] Episode 98/800
[19:32:02] ======================================================================
[19:32:02] 总奖励:  -126.31 | 步数: 24
[19:32:02] 最近10个episodes平均:  -135.83
[19:32:02] 
各Agent奖励:
[19:32:02]   wind      :   45.229
[19:32:02]   solar     :   11.471
[19:32:02]   diesel    :    1.888
[19:32:02]   battery   :    0.006
[19:32:02]   customer  : -184.909
[19:32:02] 
🔌 Main Grid 交易:
[19:32:02]   进口电量:   106.75 kWh
[19:32:02]   出口电量:   959.33 kWh
[19:32:02]   净交易量:  -852.57 kWh
[19:32:02]   平均出清价:  12.55 cents/kWh
[19:32:02]   市场独立度:  70.39%
[19:32:02] 
Buffer大小:  2592
[19:32:02] 噪声水平: 0.0898
[19:32:02] 
动作统计:
[19:32:02]   wind      : mean= 0.010, std= 0.245
[19:32:02]   solar     : mean=-0.751, std= 0.315
[19:32:02]   diesel    : mean= 0.414, std= 0.394
[19:32:02]   battery   : mean= 0.883, std= 0.204
[19:32:02]   customer  : mean= 0.683, std= 0.112
[19:32:03] 
======================================================================
[19:32:03] Episode 99/800
[19:32:03] ======================================================================
[19:32:03] 总奖励:  -125.01 | 步数: 24
[19:32:03] 最近10个episodes平均:  -134.60
[19:32:03] 
各Agent奖励:
[19:32:03]   wind      :   35.338
[19:32:03]   solar     :   14.463
[19:32:03]   diesel    :    0.356
[19:32:03]   battery   :    0.000
[19:32:03]   customer  : -175.163
[19:32:03] 
🔌 Main Grid 交易:
[19:32:03]   进口电量:    63.48 kWh
[19:32:03]   出口电量:  1055.68 kWh
[19:32:03]   净交易量:  -992.20 kWh
[19:32:03]   平均出清价:  11.29 cents/kWh
[19:32:03]   市场独立度:  68.91%
[19:32:03] 
Buffer大小:  2616
[19:32:03] 噪声水平: 0.0897
[19:32:03] 
动作统计:
[19:32:03]   wind      : mean= 0.054, std= 0.215
[19:32:03]   solar     : mean=-0.687, std= 0.392
[19:32:03]   diesel    : mean= 0.391, std= 0.397
[19:32:03]   battery   : mean= 0.923, std= 0.151
[19:32:03]   customer  : mean= 0.684, std= 0.125
[19:32:04] 
======================================================================
[19:32:04] Episode 100/800
[19:32:04] ======================================================================
[19:32:04] 总奖励:  -132.37 | 步数: 24
[19:32:04] 最近10个episodes平均:  -134.85
[19:32:04] 
各Agent奖励:
[19:32:04]   wind      :   43.537
[19:32:04]   solar     :   12.606
[19:32:04]   diesel    :   -3.766
[19:32:04]   battery   :    0.000
[19:32:04]   customer  : -184.749
[19:32:04] 
🔌 Main Grid 交易:
[19:32:04]   进口电量:   102.98 kWh
[19:32:04]   出口电量:  1002.44 kWh
[19:32:04]   净交易量:  -899.46 kWh
[19:32:04]   平均出清价:  11.50 cents/kWh
[19:32:04]   市场独立度:  69.29%
[19:32:04] 
Buffer大小:  2640
[19:32:04] 噪声水平: 0.0896
[19:32:04] 
动作统计:
[19:32:04]   wind      : mean= 0.027, std= 0.232
[19:32:04]   solar     : mean=-0.738, std= 0.351
[19:32:04]   diesel    : mean= 0.410, std= 0.403
[19:32:04]   battery   : mean= 0.918, std= 0.138
[19:32:04]   customer  : mean= 0.669, std= 0.126
[19:32:04] 
📊 生成可视化图表...
[19:32:04]   ✓ debug_plots/training_ep0100.png
[19:32:04] 💾 保存checkpoint: debug_checkpoints/debug_maddpg_20251203_193028_ep0100.pt
[19:32:05] 
======================================================================
[19:32:05] Episode 101/800
[19:32:05] ======================================================================
[19:32:05] 总奖励:  -126.45 | 步数: 24
[19:32:05] 最近10个episodes平均:  -132.51
[19:32:05] 
各Agent奖励:
[19:32:05]   wind      :   43.787
[19:32:05]   solar     :   15.276
[19:32:05]   diesel    :    5.521
[19:32:05]   battery   :    0.000
[19:32:05]   customer  : -191.038
[19:32:05] 
🔌 Main Grid 交易:
[19:32:05]   进口电量:    70.22 kWh
[19:32:05]   出口电量:   974.83 kWh
[19:32:05]   净交易量:  -904.60 kWh
[19:32:05]   平均出清价:  12.31 cents/kWh
[19:32:05]   市场独立度:  70.97%
[19:32:05] 
Buffer大小:  2664
[19:32:05] 噪声水平: 0.0895
[19:32:05] 
动作统计:
[19:32:05]   wind      : mean= 0.016, std= 0.225
[19:32:05]   solar     : mean=-0.752, std= 0.300
[19:32:05]   diesel    : mean= 0.431, std= 0.367
[19:32:05]   battery   : mean= 0.924, std= 0.149
[19:32:05]   customer  : mean= 0.657, std= 0.139
[19:32:06] 
======================================================================
[19:32:06] Episode 102/800
[19:32:06] ======================================================================
[19:32:06] 总奖励:  -133.80 | 步数: 24
[19:32:06] 最近10个episodes平均:  -132.74
[19:32:06] 
各Agent奖励:
[19:32:06]   wind      :   42.556
[19:32:06]   solar     :   15.988
[19:32:06]   diesel    :    5.071
[19:32:06]   battery   :    0.081
[19:32:06]   customer  : -197.499
[19:32:06] 
🔌 Main Grid 交易:
[19:32:06]   进口电量:   109.77 kWh
[19:32:06]   出口电量:   971.11 kWh
[19:32:06]   净交易量:  -861.34 kWh
[19:32:06]   平均出清价:  14.93 cents/kWh
[19:32:06]   市场独立度:  69.98%
[19:32:06] 
Buffer大小:  2688
[19:32:06] 噪声水平: 0.0894
[19:32:06] 
动作统计:
[19:32:06]   wind      : mean= 0.074, std= 0.195
[19:32:06]   solar     : mean=-0.769, std= 0.334
[19:32:06]   diesel    : mean= 0.405, std= 0.393
[19:32:06]   battery   : mean= 0.930, std= 0.151
[19:32:06]   customer  : mean= 0.678, std= 0.130
[19:32:07] 
======================================================================
[19:32:07] Episode 103/800
[19:32:07] ======================================================================
[19:32:07] 总奖励:  -137.73 | 步数: 24
[19:32:07] 最近10个episodes平均:  -131.77
[19:32:07] 
各Agent奖励:
[19:32:07]   wind      :   35.497
[19:32:07]   solar     :   14.215
[19:32:07]   diesel    :   -1.097
[19:32:07]   battery   :    0.000
[19:32:07]   customer  : -186.341
[19:32:07] 
🔌 Main Grid 交易:
[19:32:07]   进口电量:   165.83 kWh
[19:32:07]   出口电量:  1037.89 kWh
[19:32:07]   净交易量:  -872.05 kWh
[19:32:07]   平均出清价:  12.86 cents/kWh
[19:32:07]   市场独立度:  66.56%
[19:32:07] 
Buffer大小:  2712
[19:32:07] 噪声水平: 0.0893
[19:32:07] 
动作统计:
[19:32:07]   wind      : mean= 0.079, std= 0.183
[19:32:07]   solar     : mean=-0.776, std= 0.321
[19:32:07]   diesel    : mean= 0.409, std= 0.411
[19:32:07]   battery   : mean= 0.919, std= 0.142
[19:32:07]   customer  : mean= 0.687, std= 0.111
[19:32:08] 
======================================================================
[19:32:08] Episode 104/800
[19:32:08] ======================================================================
[19:32:08] 总奖励:  -122.87 | 步数: 24
[19:32:08] 最近10个episodes平均:  -131.29
[19:32:08] 
各Agent奖励:
[19:32:08]   wind      :   50.776
[19:32:08]   solar     :   15.040
[19:32:08]   diesel    :    1.999
[19:32:08]   battery   :    0.000
[19:32:08]   customer  : -190.684
[19:32:08] 
🔌 Main Grid 交易:
[19:32:08]   进口电量:    36.69 kWh
[19:32:08]   出口电量:   975.01 kWh
[19:32:08]   净交易量:  -938.32 kWh
[19:32:08]   平均出清价:  13.95 cents/kWh
[19:32:08]   市场独立度:  71.90%
[19:32:08] 
Buffer大小:  2736
[19:32:08] 噪声水平: 0.0892
[19:32:08] 
动作统计:
[19:32:08]   wind      : mean= 0.013, std= 0.191
[19:32:08]   solar     : mean=-0.793, std= 0.286
[19:32:08]   diesel    : mean= 0.399, std= 0.418
[19:32:08]   battery   : mean= 0.935, std= 0.153
[19:32:08]   customer  : mean= 0.672, std= 0.115
[19:32:09] 
======================================================================
[19:32:09] Episode 105/800
[19:32:09] ======================================================================
[19:32:09] 总奖励:  -132.96 | 步数: 24
[19:32:09] 最近10个episodes平均:  -130.96
[19:32:09] 
各Agent奖励:
[19:32:09]   wind      :   36.726
[19:32:09]   solar     :    7.650
[19:32:09]   diesel    :   -3.830
[19:32:09]   battery   :    0.000
[19:32:09]   customer  : -173.503
[19:32:09] 
🔌 Main Grid 交易:
[19:32:09]   进口电量:    77.26 kWh
[19:32:09]   出口电量:  1048.91 kWh
[19:32:09]   净交易量:  -971.65 kWh
[19:32:09]   平均出清价:   9.81 cents/kWh
[19:32:09]   市场独立度:  68.72%
[19:32:09] 
Buffer大小:  2760
[19:32:09] 噪声水平: 0.0891
[19:32:09] 
动作统计:
[19:32:09]   wind      : mean= 0.025, std= 0.230
[19:32:09]   solar     : mean=-0.750, std= 0.343
[19:32:09]   diesel    : mean= 0.415, std= 0.405
[19:32:09]   battery   : mean= 0.939, std= 0.134
[19:32:09]   customer  : mean= 0.703, std= 0.133
[19:32:10] 
======================================================================
[19:32:10] Episode 106/800
[19:32:10] ======================================================================
[19:32:10] 总奖励:  -129.82 | 步数: 24
[19:32:10] 最近10个episodes平均:  -129.76
[19:32:10] 
各Agent奖励:
[19:32:10]   wind      :   44.038
[19:32:10]   solar     :   13.877
[19:32:10]   diesel    :    0.245
[19:32:10]   battery   :    0.000
[19:32:10]   customer  : -187.984
[19:32:10] 
🔌 Main Grid 交易:
[19:32:10]   进口电量:    75.41 kWh
[19:32:10]   出口电量:  1088.74 kWh
[19:32:10]   净交易量: -1013.33 kWh
[19:32:10]   平均出清价:  12.45 cents/kWh
[19:32:10]   市场独立度:  67.66%
[19:32:10] 
Buffer大小:  2784
[19:32:10] 噪声水平: 0.0890
[19:32:10] 
动作统计:
[19:32:10]   wind      : mean= 0.048, std= 0.226
[19:32:10]   solar     : mean=-0.769, std= 0.319
[19:32:10]   diesel    : mean= 0.427, std= 0.410
[19:32:10]   battery   : mean= 0.944, std= 0.115
[19:32:10]   customer  : mean= 0.705, std= 0.130
[19:32:11] 
======================================================================
[19:32:11] Episode 107/800
[19:32:11] ======================================================================
[19:32:11] 总奖励:  -136.11 | 步数: 24
[19:32:11] 最近10个episodes平均:  -130.34
[19:32:11] 
各Agent奖励:
[19:32:11]   wind      :   37.369
[19:32:11]   solar     :    9.242
[19:32:11]   diesel    :   -3.271
[19:32:11]   battery   :    0.000
[19:32:11]   customer  : -179.451
[19:32:11] 
🔌 Main Grid 交易:
[19:32:11]   进口电量:   104.02 kWh
[19:32:11]   出口电量:  1048.71 kWh
[19:32:11]   净交易量:  -944.68 kWh
[19:32:11]   平均出清价:  10.87 cents/kWh
[19:32:11]   市场独立度:  67.98%
[19:32:11] 
Buffer大小:  2808
[19:32:11] 噪声水平: 0.0890
[19:32:11] 
动作统计:
[19:32:11]   wind      : mean= 0.024, std= 0.202
[19:32:11]   solar     : mean=-0.764, std= 0.298
[19:32:11]   diesel    : mean= 0.431, std= 0.383
[19:32:11]   battery   : mean= 0.945, std= 0.136
[19:32:11]   customer  : mean= 0.672, std= 0.105
[19:32:12] 
======================================================================
[19:32:12] Episode 108/800
[19:32:12] ======================================================================
[19:32:12] 总奖励:  -129.24 | 步数: 24
[19:32:12] 最近10个episodes平均:  -130.64
[19:32:12] 
各Agent奖励:
[19:32:12]   wind      :   42.144
[19:32:12]   solar     :   11.688
[19:32:12]   diesel    :    1.895
[19:32:12]   battery   :    0.000
[19:32:12]   customer  : -184.968
[19:32:12] 
🔌 Main Grid 交易:
[19:32:12]   进口电量:    58.88 kWh
[19:32:12]   出口电量:  1097.93 kWh
[19:32:12]   净交易量: -1039.05 kWh
[19:32:12]   平均出清价:  11.94 cents/kWh
[19:32:12]   市场独立度:  67.87%
[19:32:12] 
Buffer大小:  2832
[19:32:12] 噪声水平: 0.0889
[19:32:12] 
动作统计:
[19:32:12]   wind      : mean= 0.020, std= 0.230
[19:32:12]   solar     : mean=-0.749, std= 0.329
[19:32:12]   diesel    : mean= 0.434, std= 0.420
[19:32:12]   battery   : mean= 0.931, std= 0.147
[19:32:12]   customer  : mean= 0.691, std= 0.118
[19:32:13] 
======================================================================
[19:32:13] Episode 109/800
[19:32:13] ======================================================================
[19:32:13] 总奖励:  -135.72 | 步数: 24
[19:32:13] 最近10个episodes平均:  -131.71
[19:32:13] 
各Agent奖励:
[19:32:13]   wind      :   39.025
[19:32:13]   solar     :   15.089
[19:32:13]   diesel    :   -0.058
[19:32:13]   battery   :    0.011
[19:32:13]   customer  : -189.790
[19:32:13] 
🔌 Main Grid 交易:
[19:32:13]   进口电量:    96.47 kWh
[19:32:13]   出口电量:  1114.74 kWh
[19:32:13]   净交易量: -1018.28 kWh
[19:32:13]   平均出清价:  14.28 cents/kWh
[19:32:13]   市场独立度:  66.36%
[19:32:13] 
Buffer大小:  2856
[19:32:13] 噪声水平: 0.0888
[19:32:13] 
动作统计:
[19:32:13]   wind      : mean= 0.082, std= 0.229
[19:32:13]   solar     : mean=-0.743, std= 0.348
[19:32:13]   diesel    : mean= 0.436, std= 0.403
[19:32:13]   battery   : mean= 0.935, std= 0.165
[19:32:13]   customer  : mean= 0.703, std= 0.123
[19:32:14] 
======================================================================
[19:32:14] Episode 110/800
[19:32:14] ======================================================================
[19:32:14] 总奖励:  -131.61 | 步数: 24
[19:32:14] 最近10个episodes平均:  -131.63
[19:32:14] 
各Agent奖励:
[19:32:14]   wind      :   34.973
[19:32:14]   solar     :   11.655
[19:32:14]   diesel    :   -4.125
[19:32:14]   battery   :    0.000
[19:32:14]   customer  : -174.116
[19:32:14] 
🔌 Main Grid 交易:
[19:32:14]   进口电量:   102.85 kWh
[19:32:14]   出口电量:  1178.12 kWh
[19:32:14]   净交易量: -1075.27 kWh
[19:32:14]   平均出清价:  10.96 cents/kWh
[19:32:14]   市场独立度:  64.42%
[19:32:14] 
Buffer大小:  2880
[19:32:14] 噪声水平: 0.0887
[19:32:14] 
动作统计:
[19:32:14]   wind      : mean= 0.043, std= 0.225
[19:32:14]   solar     : mean=-0.741, std= 0.351
[19:32:14]   diesel    : mean= 0.470, std= 0.406
[19:32:14]   battery   : mean= 0.947, std= 0.125
[19:32:14]   customer  : mean= 0.684, std= 0.089
[19:32:14] 
📊 生成可视化图表...
[19:32:14]   ✓ debug_plots/training_ep0110.png
[19:32:15] 
======================================================================
[19:32:15] Episode 111/800
[19:32:15] ======================================================================
[19:32:15] 总奖励:  -138.52 | 步数: 24
[19:32:15] 最近10个episodes平均:  -132.84
[19:32:15] 
各Agent奖励:
[19:32:15]   wind      :   36.283
[19:32:15]   solar     :   15.376
[19:32:15]   diesel    :    4.107
[19:32:15]   battery   :    0.155
[19:32:15]   customer  : -194.438
[19:32:15] 
🔌 Main Grid 交易:
[19:32:15]   进口电量:   108.30 kWh
[19:32:15]   出口电量:  1203.70 kWh
[19:32:15]   净交易量: -1095.40 kWh
[19:32:15]   平均出清价:  13.46 cents/kWh
[19:32:15]   市场独立度:  63.56%
[19:32:15] 
Buffer大小:  2904
[19:32:15] 噪声水平: 0.0886
[19:32:15] 
动作统计:
[19:32:15]   wind      : mean= 0.076, std= 0.252
[19:32:15]   solar     : mean=-0.777, std= 0.280
[19:32:15]   diesel    : mean= 0.443, std= 0.422
[19:32:15]   battery   : mean= 0.949, std= 0.123
[19:32:15]   customer  : mean= 0.707, std= 0.108
[19:32:16] 
======================================================================
[19:32:16] Episode 112/800
[19:32:16] ======================================================================
[19:32:16] 总奖励:  -130.88 | 步数: 24
[19:32:16] 最近10个episodes平均:  -132.55
[19:32:16] 
各Agent奖励:
[19:32:16]   wind      :   37.332
[19:32:16]   solar     :   12.453
[19:32:16]   diesel    :    1.557
[19:32:16]   battery   :    0.000
[19:32:16]   customer  : -182.219
[19:32:16] 
🔌 Main Grid 交易:
[19:32:16]   进口电量:    62.31 kWh
[19:32:16]   出口电量:  1201.61 kWh
[19:32:16]   净交易量: -1139.30 kWh
[19:32:16]   平均出清价:  13.41 cents/kWh
[19:32:16]   市场独立度:  64.89%
[19:32:16] 
Buffer大小:  2928
[19:32:16] 噪声水平: 0.0885
[19:32:16] 
动作统计:
[19:32:16]   wind      : mean= 0.115, std= 0.275
[19:32:16]   solar     : mean=-0.755, std= 0.328
[19:32:16]   diesel    : mean= 0.462, std= 0.369
[19:32:16]   battery   : mean= 0.952, std= 0.109
[19:32:16]   customer  : mean= 0.707, std= 0.117
[19:32:17] 
======================================================================
[19:32:17] Episode 113/800
[19:32:17] ======================================================================
[19:32:17] 总奖励:  -147.89 | 步数: 24
[19:32:17] 最近10个episodes平均:  -133.56
[19:32:17] 
各Agent奖励:
[19:32:17]   wind      :   36.373
[19:32:17]   solar     :    9.339
[19:32:17]   diesel    :   -0.764
[19:32:17]   battery   :    0.000
[19:32:17]   customer  : -192.837
[19:32:17] 
🔌 Main Grid 交易:
[19:32:17]   进口电量:   108.62 kWh
[19:32:17]   出口电量:  1109.23 kWh
[19:32:17]   净交易量: -1000.61 kWh
[19:32:17]   平均出清价:  12.42 cents/kWh
[19:32:17]   市场独立度:  66.17%
[19:32:17] 
Buffer大小:  2952
[19:32:17] 噪声水平: 0.0884
[19:32:17] 
动作统计:
[19:32:17]   wind      : mean= 0.060, std= 0.221
[19:32:17]   solar     : mean=-0.780, std= 0.338
[19:32:17]   diesel    : mean= 0.474, std= 0.385
[19:32:17]   battery   : mean= 0.941, std= 0.123
[19:32:17]   customer  : mean= 0.699, std= 0.099
[19:32:18] 
======================================================================
[19:32:18] Episode 114/800
[19:32:18] ======================================================================
[19:32:18] 总奖励:  -127.31 | 步数: 24
[19:32:18] 最近10个episodes平均:  -134.01
[19:32:18] 
各Agent奖励:
[19:32:18]   wind      :   30.309
[19:32:18]   solar     :   13.273
[19:32:18]   diesel    :   -0.432
[19:32:18]   battery   :    0.000
[19:32:18]   customer  : -170.455
[19:32:18] 
🔌 Main Grid 交易:
[19:32:18]   进口电量:    49.71 kWh
[19:32:18]   出口电量:  1357.38 kWh
[19:32:18]   净交易量: -1307.67 kWh
[19:32:18]   平均出清价:  11.44 cents/kWh
[19:32:18]   市场独立度:  60.91%
[19:32:18] 
Buffer大小:  2976
[19:32:18] 噪声水平: 0.0883
[19:32:18] 
动作统计:
[19:32:18]   wind      : mean= 0.076, std= 0.288
[19:32:18]   solar     : mean=-0.776, std= 0.331
[19:32:18]   diesel    : mean= 0.523, std= 0.383
[19:32:18]   battery   : mean= 0.948, std= 0.113
[19:32:18]   customer  : mean= 0.730, std= 0.105
[19:32:18] 
======================================================================
[19:32:18] Episode 115/800
[19:32:18] ======================================================================
[19:32:18] 总奖励:  -131.52 | 步数: 24
[19:32:18] 最近10个episodes平均:  -133.86
[19:32:18] 
各Agent奖励:
[19:32:18]   wind      :   33.794
[19:32:18]   solar     :   14.714
[19:32:18]   diesel    :   -0.353
[19:32:18]   battery   :    0.000
[19:32:18]   customer  : -179.677
[19:32:18] 
🔌 Main Grid 交易:
[19:32:18]   进口电量:    49.08 kWh
[19:32:18]   出口电量:  1211.47 kWh
[19:32:18]   净交易量: -1162.40 kWh
[19:32:18]   平均出清价:  12.40 cents/kWh
[19:32:18]   市场独立度:  64.98%
[19:32:18] 
Buffer大小:  3000
[19:32:18] 噪声水平: 0.0882
[19:32:18] 
动作统计:
[19:32:18]   wind      : mean= 0.060, std= 0.219
[19:32:18]   solar     : mean=-0.746, std= 0.328
[19:32:18]   diesel    : mean= 0.501, std= 0.355
[19:32:18]   battery   : mean= 0.929, std= 0.124
[19:32:18]   customer  : mean= 0.714, std= 0.092
[19:32:19] 
======================================================================
[19:32:19] Episode 116/800
[19:32:19] ======================================================================
[19:32:19] 总奖励:  -119.24 | 步数: 24
[19:32:19] 最近10个episodes平均:  -132.80
[19:32:19] 
各Agent奖励:
[19:32:19]   wind      :   46.520
[19:32:19]   solar     :   10.886
[19:32:19]   diesel    :   -0.582
[19:32:19]   battery   :    0.000
[19:32:19]   customer  : -176.069
[19:32:19] 
🔌 Main Grid 交易:
[19:32:19]   进口电量:    70.92 kWh
[19:32:19]   出口电量:  1250.63 kWh
[19:32:19]   净交易量: -1179.71 kWh
[19:32:19]   平均出清价:  11.55 cents/kWh
[19:32:19]   市场独立度:  63.29%
[19:32:19] 
Buffer大小:  3024
[19:32:19] 噪声水平: 0.0882
[19:32:19] 
动作统计:
[19:32:19]   wind      : mean= 0.056, std= 0.220
[19:32:19]   solar     : mean=-0.723, std= 0.309
[19:32:19]   diesel    : mean= 0.489, std= 0.391
[19:32:19]   battery   : mean= 0.938, std= 0.129
[19:32:19]   customer  : mean= 0.700, std= 0.089
[19:32:20] 
======================================================================
[19:32:20] Episode 117/800
[19:32:20] ======================================================================
[19:32:20] 总奖励:  -142.77 | 步数: 24
[19:32:20] 最近10个episodes平均:  -133.47
[19:32:20] 
各Agent奖励:
[19:32:20]   wind      :   29.243
[19:32:20]   solar     :   14.900
[19:32:20]   diesel    :   -1.927
[19:32:20]   battery   :    0.000
[19:32:20]   customer  : -184.983
[19:32:20] 
🔌 Main Grid 交易:
[19:32:20]   进口电量:    52.34 kWh
[19:32:20]   出口电量:  1190.02 kWh
[19:32:20]   净交易量: -1137.68 kWh
[19:32:20]   平均出清价:  12.58 cents/kWh
[19:32:20]   市场独立度:  65.49%
[19:32:20] 
Buffer大小:  3048
[19:32:20] 噪声水平: 0.0881
[19:32:20] 
动作统计:
[19:32:20]   wind      : mean= 0.044, std= 0.233
[19:32:20]   solar     : mean=-0.739, std= 0.338
[19:32:20]   diesel    : mean= 0.508, std= 0.382
[19:32:20]   battery   : mean= 0.948, std= 0.120
[19:32:20]   customer  : mean= 0.742, std= 0.112
[19:32:22] 
======================================================================
[19:32:22] Episode 118/800
[19:32:22] ======================================================================
[19:32:22] 总奖励:  -130.53 | 步数: 24
[19:32:22] 最近10个episodes平均:  -133.60
[19:32:22] 
各Agent奖励:
[19:32:22]   wind      :   33.221
[19:32:22]   solar     :   16.190
[19:32:22]   diesel    :    1.269
[19:32:22]   battery   :    0.000
[19:32:22]   customer  : -181.213
[19:32:22] 
🔌 Main Grid 交易:
[19:32:22]   进口电量:    23.95 kWh
[19:32:22]   出口电量:  1248.37 kWh
[19:32:22]   净交易量: -1224.43 kWh
[19:32:22]   平均出清价:  12.69 cents/kWh
[19:32:22]   市场独立度:  64.66%
[19:32:22] 
Buffer大小:  3072
[19:32:22] 噪声水平: 0.0880
[19:32:22] 
动作统计:
[19:32:22]   wind      : mean= 0.046, std= 0.299
[19:32:22]   solar     : mean=-0.714, std= 0.354
[19:32:22]   diesel    : mean= 0.511, std= 0.397
[19:32:22]   battery   : mean= 0.938, std= 0.115
[19:32:22]   customer  : mean= 0.712, std= 0.079
[19:32:23] 
======================================================================
[19:32:23] Episode 119/800
[19:32:23] ======================================================================
[19:32:23] 总奖励:  -129.86 | 步数: 24
[19:32:23] 最近10个episodes平均:  -133.01
[19:32:23] 
各Agent奖励:
[19:32:23]   wind      :   34.256
[19:32:23]   solar     :   10.625
[19:32:23]   diesel    :   -2.270
[19:32:23]   battery   :    0.000
[19:32:23]   customer  : -172.469
[19:32:23] 
🔌 Main Grid 交易:
[19:32:23]   进口电量:    36.95 kWh
[19:32:23]   出口电量:  1266.89 kWh
[19:32:23]   净交易量: -1229.93 kWh
[19:32:23]   平均出清价:   9.24 cents/kWh
[19:32:23]   市场独立度:  63.78%
[19:32:23] 
Buffer大小:  3096
[19:32:23] 噪声水平: 0.0879
[19:32:23] 
动作统计:
[19:32:23]   wind      : mean= 0.022, std= 0.247
[19:32:23]   solar     : mean=-0.756, std= 0.324
[19:32:23]   diesel    : mean= 0.521, std= 0.397
[19:32:23]   battery   : mean= 0.954, std= 0.114
[19:32:23]   customer  : mean= 0.715, std= 0.109
[19:32:24] 
======================================================================
[19:32:24] Episode 120/800
[19:32:24] ======================================================================
[19:32:24] 总奖励:  -137.94 | 步数: 24
[19:32:24] 最近10个episodes平均:  -133.64
[19:32:24] 
各Agent奖励:
[19:32:24]   wind      :   23.306
[19:32:24]   solar     :   11.250
[19:32:24]   diesel    :   -1.252
[19:32:24]   battery   :    0.000
[19:32:24]   customer  : -171.239
[19:32:24] 
🔌 Main Grid 交易:
[19:32:24]   进口电量:    28.04 kWh
[19:32:24]   出口电量:  1223.26 kWh
[19:32:24]   净交易量: -1195.22 kWh
[19:32:24]   平均出清价:   9.51 cents/kWh
[19:32:24]   市场独立度:  65.24%
[19:32:24] 
Buffer大小:  3120
[19:32:24] 噪声水平: 0.0878
[19:32:24] 
动作统计:
[19:32:24]   wind      : mean= 0.024, std= 0.260
[19:32:24]   solar     : mean=-0.731, std= 0.343
[19:32:24]   diesel    : mean= 0.523, std= 0.362
[19:32:24]   battery   : mean= 0.943, std= 0.115
[19:32:24]   customer  : mean= 0.743, std= 0.094
[19:32:24] 
📊 生成可视化图表...
[19:32:25]   ✓ debug_plots/training_ep0120.png
[19:32:26] 
======================================================================
[19:32:26] Episode 121/800
[19:32:26] ======================================================================
[19:32:26] 总奖励:  -121.42 | 步数: 24
[19:32:26] 最近10个episodes平均:  -131.93
[19:32:26] 
各Agent奖励:
[19:32:26]   wind      :   33.792
[19:32:26]   solar     :   14.932
[19:32:26]   diesel    :    2.946
[19:32:26]   battery   :    0.000
[19:32:26]   customer  : -173.088
[19:32:26] 
🔌 Main Grid 交易:
[19:32:26]   进口电量:    62.12 kWh
[19:32:26]   出口电量:  1283.75 kWh
[19:32:26]   净交易量: -1221.62 kWh
[19:32:26]   平均出清价:  12.44 cents/kWh
[19:32:26]   市场独立度:  62.61%
[19:32:26] 
Buffer大小:  3144
[19:32:26] 噪声水平: 0.0877
[19:32:26] 
动作统计:
[19:32:26]   wind      : mean= 0.061, std= 0.230
[19:32:26]   solar     : mean=-0.757, std= 0.318
[19:32:26]   diesel    : mean= 0.497, std= 0.379
[19:32:26]   battery   : mean= 0.944, std= 0.114
[19:32:26]   customer  : mean= 0.708, std= 0.074
[19:32:27] 
======================================================================
[19:32:27] Episode 122/800
[19:32:27] ======================================================================
[19:32:27] 总奖励:  -138.64 | 步数: 24
[19:32:27] 最近10个episodes平均:  -132.71
[19:32:27] 
各Agent奖励:
[19:32:27]   wind      :   35.126
[19:32:27]   solar     :   11.042
[19:32:27]   diesel    :    2.562
[19:32:27]   battery   :    0.237
[19:32:27]   customer  : -187.607
[19:32:27] 
🔌 Main Grid 交易:
[19:32:27]   进口电量:    39.24 kWh
[19:32:27]   出口电量:  1170.68 kWh
[19:32:27]   净交易量: -1131.44 kWh
[19:32:27]   平均出清价:  12.99 cents/kWh
[19:32:27]   市场独立度:  66.39%
[19:32:27] 
Buffer大小:  3168
[19:32:27] 噪声水平: 0.0876
[19:32:27] 
动作统计:
[19:32:27]   wind      : mean= 0.048, std= 0.285
[19:32:27]   solar     : mean=-0.763, std= 0.314
[19:32:27]   diesel    : mean= 0.513, std= 0.400
[19:32:27]   battery   : mean= 0.954, std= 0.125
[19:32:27]   customer  : mean= 0.716, std= 0.082
[19:32:28] 
======================================================================
[19:32:28] Episode 123/800
[19:32:28] ======================================================================
[19:32:28] 总奖励:  -137.72 | 步数: 24
[19:32:28] 最近10个episodes平均:  -131.69
[19:32:28] 
各Agent奖励:
[19:32:28]   wind      :   24.558
[19:32:28]   solar     :    7.557
[19:32:28]   diesel    :   -2.038
[19:32:28]   battery   :    0.959
[19:32:28]   customer  : -168.751
[19:32:28] 
🔌 Main Grid 交易:
[19:32:28]   进口电量:    35.16 kWh
[19:32:28]   出口电量:  1333.23 kWh
[19:32:28]   净交易量: -1298.07 kWh
[19:32:28]   平均出清价:   9.46 cents/kWh
[19:32:28]   市场独立度:  61.99%
[19:32:28] 
Buffer大小:  3192
[19:32:28] 噪声水平: 0.0875
[19:32:28] 
动作统计:
[19:32:28]   wind      : mean= 0.030, std= 0.245
[19:32:28]   solar     : mean=-0.809, std= 0.275
[19:32:28]   diesel    : mean= 0.559, std= 0.362
[19:32:28]   battery   : mean= 0.949, std= 0.137
[19:32:28]   customer  : mean= 0.708, std= 0.082
[19:32:29] 
======================================================================
[19:32:29] Episode 124/800
[19:32:29] ======================================================================
[19:32:29] 总奖励:  -140.96 | 步数: 24
[19:32:29] 最近10个episodes平均:  -133.06
[19:32:29] 
各Agent奖励:
[19:32:29]   wind      :   33.697
[19:32:29]   solar     :    7.803
[19:32:29]   diesel    :   -4.581
[19:32:29]   battery   :    0.000
[19:32:29]   customer  : -177.875
[19:32:29] 
🔌 Main Grid 交易:
[19:32:29]   进口电量:    48.00 kWh
[19:32:29]   出口电量:  1271.33 kWh
[19:32:29]   净交易量: -1223.33 kWh
[19:32:29]   平均出清价:   9.36 cents/kWh
[19:32:29]   市场独立度:  63.35%
[19:32:29] 
Buffer大小:  3216
[19:32:29] 噪声水平: 0.0875
[19:32:29] 
动作统计:
[19:32:29]   wind      : mean= 0.039, std= 0.248
[19:32:29]   solar     : mean=-0.812, std= 0.285
[19:32:29]   diesel    : mean= 0.550, std= 0.360
[19:32:29]   battery   : mean= 0.931, std= 0.119
[19:32:29]   customer  : mean= 0.741, std= 0.120
[19:32:30] 
======================================================================
[19:32:30] Episode 125/800
[19:32:30] ======================================================================
[19:32:30] 总奖励:  -142.51 | 步数: 24
[19:32:30] 最近10个episodes平均:  -134.16
[19:32:30] 
各Agent奖励:
[19:32:30]   wind      :   22.953
[19:32:30]   solar     :   14.541
[19:32:30]   diesel    :   -4.825
[19:32:30]   battery   :   -0.464
[19:32:30]   customer  : -174.713
[19:32:30] 
🔌 Main Grid 交易:
[19:32:30]   进口电量:    38.87 kWh
[19:32:30]   出口电量:  1298.99 kWh
[19:32:30]   净交易量: -1260.11 kWh
[19:32:30]   平均出清价:  11.25 cents/kWh
[19:32:30]   市场独立度:  62.84%
[19:32:30] 
Buffer大小:  3240
[19:32:30] 噪声水平: 0.0874
[19:32:30] 
动作统计:
[19:32:30]   wind      : mean= 0.103, std= 0.224
[19:32:30]   solar     : mean=-0.731, std= 0.359
[19:32:30]   diesel    : mean= 0.536, std= 0.388
[19:32:30]   battery   : mean= 0.936, std= 0.151
[19:32:30]   customer  : mean= 0.762, std= 0.082
[19:32:31] 
======================================================================
[19:32:31] Episode 126/800
[19:32:31] ======================================================================
[19:32:31] 总奖励:  -142.57 | 步数: 24
[19:32:31] 最近10个episodes平均:  -136.49
[19:32:31] 
各Agent奖励:
[19:32:31]   wind      :   32.766
[19:32:31]   solar     :    3.331
[19:32:31]   diesel    :   -5.358
[19:32:31]   battery   :    0.000
[19:32:31]   customer  : -173.309
[19:32:31] 
🔌 Main Grid 交易:
[19:32:31]   进口电量:    61.92 kWh
[19:32:31]   出口电量:  1363.95 kWh
[19:32:31]   净交易量: -1302.02 kWh
[19:32:31]   平均出清价:   7.75 cents/kWh
[19:32:31]   市场独立度:  60.39%
[19:32:31] 
Buffer大小:  3264
[19:32:31] 噪声水平: 0.0873
[19:32:31] 
动作统计:
[19:32:31]   wind      : mean= 0.085, std= 0.240
[19:32:31]   solar     : mean=-0.796, std= 0.289
[19:32:31]   diesel    : mean= 0.561, std= 0.363
[19:32:31]   battery   : mean= 0.949, std= 0.114
[19:32:31]   customer  : mean= 0.744, std= 0.092
[19:32:32] 
======================================================================
[19:32:32] Episode 127/800
[19:32:32] ======================================================================
[19:32:32] 总奖励:  -136.79 | 步数: 24
[19:32:32] 最近10个episodes平均:  -135.89
[19:32:32] 
各Agent奖励:
[19:32:32]   wind      :   30.664
[19:32:32]   solar     :   14.040
[19:32:32]   diesel    :   -1.038
[19:32:32]   battery   :   -0.230
[19:32:32]   customer  : -180.221
[19:32:32] 
🔌 Main Grid 交易:
[19:32:32]   进口电量:    57.07 kWh
[19:32:32]   出口电量:  1212.74 kWh
[19:32:32]   净交易量: -1155.66 kWh
[19:32:32]   平均出清价:  14.17 cents/kWh
[19:32:32]   市场独立度:  64.73%
[19:32:32] 
Buffer大小:  3288
[19:32:32] 噪声水平: 0.0872
[19:32:32] 
动作统计:
[19:32:32]   wind      : mean= 0.095, std= 0.243
[19:32:32]   solar     : mean=-0.801, std= 0.310
[19:32:32]   diesel    : mean= 0.571, std= 0.363
[19:32:32]   battery   : mean= 0.922, std= 0.203
[19:32:32]   customer  : mean= 0.704, std= 0.071
[19:32:33] 
======================================================================
[19:32:33] Episode 128/800
[19:32:33] ======================================================================
[19:32:33] 总奖励:  -127.44 | 步数: 24
[19:32:33] 最近10个episodes平均:  -135.58
[19:32:33] 
各Agent奖励:
[19:32:33]   wind      :   34.511
[19:32:33]   solar     :   13.797
[19:32:33]   diesel    :    1.394
[19:32:33]   battery   :    0.000
[19:32:33]   customer  : -177.141
[19:32:33] 
🔌 Main Grid 交易:
[19:32:33]   进口电量:    28.09 kWh
[19:32:33]   出口电量:  1351.87 kWh
[19:32:33]   净交易量: -1323.78 kWh
[19:32:33]   平均出清价:  11.48 cents/kWh
[19:32:33]   市场独立度:  61.67%
[19:32:33] 
Buffer大小:  3312
[19:32:33] 噪声水平: 0.0871
[19:32:33] 
动作统计:
[19:32:33]   wind      : mean= 0.059, std= 0.286
[19:32:33]   solar     : mean=-0.765, std= 0.313
[19:32:33]   diesel    : mean= 0.552, std= 0.354
[19:32:33]   battery   : mean= 0.944, std= 0.135
[19:32:33]   customer  : mean= 0.733, std= 0.113
[19:32:33] 
======================================================================
[19:32:33] Episode 129/800
[19:32:33] ======================================================================
[19:32:33] 总奖励:  -138.64 | 步数: 24
[19:32:33] 最近10个episodes平均:  -136.46
[19:32:33] 
各Agent奖励:
[19:32:33]   wind      :   33.601
[19:32:33]   solar     :   11.268
[19:32:33]   diesel    :    1.125
[19:32:33]   battery   :    0.000
[19:32:33]   customer  : -184.633
[19:32:33] 
🔌 Main Grid 交易:
[19:32:33]   进口电量:    76.78 kWh
[19:32:33]   出口电量:  1273.71 kWh
[19:32:33]   净交易量: -1196.93 kWh
[19:32:33]   平均出清价:  10.19 cents/kWh
[19:32:33]   市场独立度:  62.49%
[19:32:33] 
Buffer大小:  3336
[19:32:33] 噪声水平: 0.0870
[19:32:33] 
动作统计:
[19:32:33]   wind      : mean= 0.044, std= 0.194
[19:32:33]   solar     : mean=-0.744, std= 0.340
[19:32:33]   diesel    : mean= 0.534, std= 0.386
[19:32:33]   battery   : mean= 0.935, std= 0.122
[19:32:33]   customer  : mean= 0.710, std= 0.088
[19:32:34] 
======================================================================
[19:32:34] Episode 130/800
[19:32:34] ======================================================================
[19:32:34] 总奖励:  -142.72 | 步数: 24
[19:32:34] 最近10个episodes平均:  -136.94
[19:32:34] 
各Agent奖励:
[19:32:34]   wind      :   20.775
[19:32:34]   solar     :   11.427
[19:32:34]   diesel    :    1.819
[19:32:34]   battery   :    0.020
[19:32:34]   customer  : -176.765
[19:32:34] 
🔌 Main Grid 交易:
[19:32:34]   进口电量:    52.33 kWh
[19:32:34]   出口电量:  1285.52 kWh
[19:32:34]   净交易量: -1233.19 kWh
[19:32:34]   平均出清价:  10.76 cents/kWh
[19:32:34]   市场独立度:  62.84%
[19:32:34] 
Buffer大小:  3360
[19:32:34] 噪声水平: 0.0869
[19:32:34] 
动作统计:
[19:32:34]   wind      : mean= 0.111, std= 0.252
[19:32:34]   solar     : mean=-0.740, std= 0.339
[19:32:34]   diesel    : mean= 0.531, std= 0.372
[19:32:34]   battery   : mean= 0.949, std= 0.128
[19:32:34]   customer  : mean= 0.726, std= 0.085
[19:32:34] 
📊 生成可视化图表...
[19:32:35]   ✓ debug_plots/training_ep0130.png
[19:32:36] 
======================================================================
[19:32:36] Episode 131/800
[19:32:36] ======================================================================
[19:32:36] 总奖励:  -146.03 | 步数: 24
[19:32:36] 最近10个episodes平均:  -139.40
[19:32:36] 
各Agent奖励:
[19:32:36]   wind      :   24.904
[19:32:36]   solar     :    9.550
[19:32:36]   diesel    :   -0.450
[19:32:36]   battery   :    0.110
[19:32:36]   customer  : -180.143
[19:32:36] 
🔌 Main Grid 交易:
[19:32:36]   进口电量:    15.86 kWh
[19:32:36]   出口电量:  1317.87 kWh
[19:32:36]   净交易量: -1302.01 kWh
[19:32:36]   平均出清价:  10.46 cents/kWh
[19:32:36]   市场独立度:  62.95%
[19:32:36] 
Buffer大小:  3384
[19:32:36] 噪声水平: 0.0868
[19:32:36] 
动作统计:
[19:32:36]   wind      : mean= 0.140, std= 0.295
[19:32:36]   solar     : mean=-0.755, std= 0.318
[19:32:36]   diesel    : mean= 0.538, std= 0.373
[19:32:36]   battery   : mean= 0.947, std= 0.149
[19:32:36]   customer  : mean= 0.751, std= 0.071
[19:32:37] 
======================================================================
[19:32:37] Episode 132/800
[19:32:37] ======================================================================
[19:32:37] 总奖励:  -144.70 | 步数: 24
[19:32:37] 最近10个episodes平均:  -140.01
[19:32:37] 
各Agent奖励:
[19:32:37]   wind      :   29.892
[19:32:37]   solar     :   11.309
[19:32:37]   diesel    :    1.372
[19:32:37]   battery   :    0.322
[19:32:37]   customer  : -187.594
[19:32:37] 
🔌 Main Grid 交易:
[19:32:37]   进口电量:    34.35 kWh
[19:32:37]   出口电量:  1266.02 kWh
[19:32:37]   净交易量: -1231.67 kWh
[19:32:37]   平均出清价:  11.92 cents/kWh
[19:32:37]   市场独立度:  63.88%
[19:32:37] 
Buffer大小:  3408
[19:32:37] 噪声水平: 0.0868
[19:32:37] 
动作统计:
[19:32:37]   wind      : mean= 0.115, std= 0.278
[19:32:37]   solar     : mean=-0.675, std= 0.359
[19:32:37]   diesel    : mean= 0.537, std= 0.387
[19:32:37]   battery   : mean= 0.943, std= 0.141
[19:32:37]   customer  : mean= 0.736, std= 0.083
[19:32:38] 
======================================================================
[19:32:38] Episode 133/800
[19:32:38] ======================================================================
[19:32:38] 总奖励:  -141.90 | 步数: 24
[19:32:38] 最近10个episodes平均:  -140.42
[19:32:38] 
各Agent奖励:
[19:32:38]   wind      :   30.104
[19:32:38]   solar     :   13.537
[19:32:38]   diesel    :    1.491
[19:32:38]   battery   :    0.000
[19:32:38]   customer  : -187.032
[19:32:38] 
🔌 Main Grid 交易:
[19:32:38]   进口电量:    40.78 kWh
[19:32:38]   出口电量:  1292.06 kWh
[19:32:38]   净交易量: -1251.28 kWh
[19:32:38]   平均出清价:  14.51 cents/kWh
[19:32:38]   市场独立度:  62.98%
[19:32:38] 
Buffer大小:  3432
[19:32:38] 噪声水平: 0.0867
[19:32:38] 
动作统计:
[19:32:38]   wind      : mean= 0.165, std= 0.274
[19:32:38]   solar     : mean=-0.727, std= 0.348
[19:32:38]   diesel    : mean= 0.530, std= 0.367
[19:32:38]   battery   : mean= 0.938, std= 0.118
[19:32:38]   customer  : mean= 0.768, std= 0.085
[19:32:39] 
======================================================================
[19:32:39] Episode 134/800
[19:32:39] ======================================================================
[19:32:39] 总奖励:  -137.87 | 步数: 24
[19:32:39] 最近10个episodes平均:  -140.12
[19:32:39] 
各Agent奖励:
[19:32:39]   wind      :   35.045
[19:32:39]   solar     :   14.552
[19:32:39]   diesel    :    1.589
[19:32:39]   battery   :    0.825
[19:32:39]   customer  : -189.885
[19:32:39] 
🔌 Main Grid 交易:
[19:32:39]   进口电量:    78.97 kWh
[19:32:39]   出口电量:  1320.80 kWh
[19:32:39]   净交易量: -1241.84 kWh
[19:32:39]   平均出清价:  14.03 cents/kWh
[19:32:39]   市场独立度:  61.12%
[19:32:39] 
Buffer大小:  3456
[19:32:39] 噪声水平: 0.0866
[19:32:39] 
动作统计:
[19:32:39]   wind      : mean= 0.177, std= 0.288
[19:32:39]   solar     : mean=-0.768, std= 0.324
[19:32:39]   diesel    : mean= 0.559, std= 0.353
[19:32:39]   battery   : mean= 0.924, std= 0.202
[19:32:39]   customer  : mean= 0.700, std= 0.114
[19:32:40] 
======================================================================
[19:32:40] Episode 135/800
[19:32:40] ======================================================================
[19:32:40] 总奖励:  -137.43 | 步数: 24
[19:32:40] 最近10个episodes平均:  -139.61
[19:32:40] 
各Agent奖励:
[19:32:40]   wind      :   33.197
[19:32:40]   solar     :   16.839
[19:32:40]   diesel    :   -0.785
[19:32:40]   battery   :   -0.115
[19:32:40]   customer  : -186.568
[19:32:40] 
🔌 Main Grid 交易:
[19:32:40]   进口电量:    92.07 kWh
[19:32:40]   出口电量:  1302.36 kWh
[19:32:40]   净交易量: -1210.29 kWh
[19:32:40]   平均出清价:  14.16 cents/kWh
[19:32:40]   市场独立度:  61.27%
[19:32:40] 
Buffer大小:  3480
[19:32:40] 噪声水平: 0.0865
[19:32:40] 
动作统计:
[19:32:40]   wind      : mean= 0.122, std= 0.284
[19:32:40]   solar     : mean=-0.732, std= 0.343
[19:32:40]   diesel    : mean= 0.532, std= 0.369
[19:32:40]   battery   : mean= 0.936, std= 0.149
[19:32:40]   customer  : mean= 0.721, std= 0.081
[19:32:41] 
======================================================================
[19:32:41] Episode 136/800
[19:32:41] ======================================================================
[19:32:41] 总奖励:  -143.03 | 步数: 24
[19:32:41] 最近10个episodes平均:  -139.66
[19:32:41] 
各Agent奖励:
[19:32:41]   wind      :   23.204
[19:32:41]   solar     :   17.435
[19:32:41]   diesel    :    3.014
[19:32:41]   battery   :    0.000
[19:32:41]   customer  : -186.686
[19:32:41] 
🔌 Main Grid 交易:
[19:32:41]   进口电量:    18.73 kWh
[19:32:41]   出口电量:  1143.89 kWh
[19:32:41]   净交易量: -1125.15 kWh
[19:32:41]   平均出清价:  14.22 cents/kWh
[19:32:41]   市场独立度:  67.70%
[19:32:41] 
Buffer大小:  3504
[19:32:41] 噪声水平: 0.0864
[19:32:41] 
动作统计:
[19:32:41]   wind      : mean= 0.060, std= 0.246
[19:32:41]   solar     : mean=-0.750, std= 0.358
[19:32:41]   diesel    : mean= 0.533, std= 0.351
[19:32:41]   battery   : mean= 0.931, std= 0.131
[19:32:41]   customer  : mean= 0.738, std= 0.112
[19:32:42] 
======================================================================
[19:32:42] Episode 137/800
[19:32:42] ======================================================================
[19:32:42] 总奖励:  -130.60 | 步数: 24
[19:32:42] 最近10个episodes平均:  -139.04
[19:32:42] 
各Agent奖励:
[19:32:42]   wind      :   36.275
[19:32:42]   solar     :   15.390
[19:32:42]   diesel    :   -1.368
[19:32:42]   battery   :    0.073
[19:32:42]   customer  : -180.973
[19:32:42] 
🔌 Main Grid 交易:
[19:32:42]   进口电量:    41.34 kWh
[19:32:42]   出口电量:  1309.50 kWh
[19:32:42]   净交易量: -1268.17 kWh
[19:32:42]   平均出清价:  14.29 cents/kWh
[19:32:42]   市场独立度:  62.48%
[19:32:42] 
Buffer大小:  3528
[19:32:42] 噪声水平: 0.0863
[19:32:42] 
动作统计:
[19:32:42]   wind      : mean= 0.138, std= 0.267
[19:32:42]   solar     : mean=-0.774, std= 0.298
[19:32:42]   diesel    : mean= 0.516, std= 0.373
[19:32:42]   battery   : mean= 0.916, std= 0.207
[19:32:42]   customer  : mean= 0.726, std= 0.085
[19:32:43] 
======================================================================
[19:32:43] Episode 138/800
[19:32:43] ======================================================================
[19:32:43] 总奖励:  -118.58 | 步数: 24
[19:32:43] 最近10个episodes平均:  -138.15
[19:32:43] 
各Agent奖励:
[19:32:43]   wind      :   41.171
[19:32:43]   solar     :   15.986
[19:32:43]   diesel    :    3.510
[19:32:43]   battery   :    0.000
[19:32:43]   customer  : -179.244
[19:32:43] 
🔌 Main Grid 交易:
[19:32:43]   进口电量:    34.10 kWh
[19:32:43]   出口电量:  1287.25 kWh
[19:32:43]   净交易量: -1253.15 kWh
[19:32:43]   平均出清价:  13.34 cents/kWh
[19:32:43]   市场独立度:  63.30%
[19:32:43] 
Buffer大小:  3552
[19:32:43] 噪声水平: 0.0862
[19:32:43] 
动作统计:
[19:32:43]   wind      : mean= 0.089, std= 0.272
[19:32:43]   solar     : mean=-0.730, std= 0.334
[19:32:43]   diesel    : mean= 0.528, std= 0.345
[19:32:43]   battery   : mean= 0.944, std= 0.106
[19:32:43]   customer  : mean= 0.716, std= 0.091
[19:32:44] 
======================================================================
[19:32:44] Episode 139/800
[19:32:44] ======================================================================
[19:32:44] 总奖励:  -135.57 | 步数: 24
[19:32:44] 最近10个episodes平均:  -137.84
[19:32:44] 
各Agent奖励:
[19:32:44]   wind      :   35.235
[19:32:44]   solar     :   15.902
[19:32:44]   diesel    :   -1.248
[19:32:44]   battery   :    0.000
[19:32:44]   customer  : -185.459
[19:32:44] 
🔌 Main Grid 交易:
[19:32:44]   进口电量:    20.17 kWh
[19:32:44]   出口电量:  1149.62 kWh
[19:32:44]   净交易量: -1129.44 kWh
[19:32:44]   平均出清价:  13.55 cents/kWh
[19:32:44]   市场独立度:  67.51%
[19:32:44] 
Buffer大小:  3576
[19:32:44] 噪声水平: 0.0862
[19:32:44] 
动作统计:
[19:32:44]   wind      : mean= 0.127, std= 0.258
[19:32:44]   solar     : mean=-0.732, std= 0.348
[19:32:44]   diesel    : mean= 0.526, std= 0.367
[19:32:44]   battery   : mean= 0.936, std= 0.129
[19:32:44]   customer  : mean= 0.748, std= 0.083
[19:32:45] 
======================================================================
[19:32:45] Episode 140/800
[19:32:45] ======================================================================
[19:32:45] 总奖励:  -128.14 | 步数: 24
[19:32:45] 最近10个episodes平均:  -136.39
[19:32:45] 
各Agent奖励:
[19:32:45]   wind      :   29.023
[19:32:45]   solar     :   17.939
[19:32:45]   diesel    :    2.763
[19:32:45]   battery   :    0.000
[19:32:45]   customer  : -177.866
[19:32:45] 
🔌 Main Grid 交易:
[19:32:45]   进口电量:    12.24 kWh
[19:32:45]   出口电量:  1299.83 kWh
[19:32:45]   净交易量: -1287.59 kWh
[19:32:45]   平均出清价:  13.15 cents/kWh
[19:32:45]   市场独立度:  63.55%
[19:32:45] 
Buffer大小:  3600
[19:32:45] 噪声水平: 0.0861
[19:32:45] 
动作统计:
[19:32:45]   wind      : mean= 0.150, std= 0.255
[19:32:45]   solar     : mean=-0.727, std= 0.328
[19:32:45]   diesel    : mean= 0.529, std= 0.349
[19:32:45]   battery   : mean= 0.926, std= 0.134
[19:32:45]   customer  : mean= 0.760, std= 0.088
[19:32:45] 
📊 生成可视化图表...
[19:32:45]   ✓ debug_plots/training_ep0140.png
[19:32:46] 
======================================================================
[19:32:46] Episode 141/800
[19:32:46] ======================================================================
[19:32:46] 总奖励:  -132.96 | 步数: 24
[19:32:46] 最近10个episodes平均:  -135.08
[19:32:46] 
各Agent奖励:
[19:32:46]   wind      :   32.834
[19:32:46]   solar     :   13.599
[19:32:46]   diesel    :    1.123
[19:32:46]   battery   :   -0.201
[19:32:46]   customer  : -180.311
[19:32:46] 
🔌 Main Grid 交易:
[19:32:46]   进口电量:    25.26 kWh
[19:32:46]   出口电量:  1219.13 kWh
[19:32:46]   净交易量: -1193.87 kWh
[19:32:46]   平均出清价:  10.81 cents/kWh
[19:32:46]   市场独立度:  65.43%
[19:32:46] 
Buffer大小:  3624
[19:32:46] 噪声水平: 0.0860
[19:32:46] 
动作统计:
[19:32:46]   wind      : mean= 0.075, std= 0.236
[19:32:46]   solar     : mean=-0.696, std= 0.354
[19:32:46]   diesel    : mean= 0.499, std= 0.331
[19:32:46]   battery   : mean= 0.938, std= 0.176
[19:32:46]   customer  : mean= 0.724, std= 0.132
[19:32:48] 
======================================================================
[19:32:48] Episode 142/800
[19:32:48] ======================================================================
[19:32:48] 总奖励:  -140.47 | 步数: 24
[19:32:48] 最近10个episodes平均:  -134.66
[19:32:48] 
各Agent奖励:
[19:32:48]   wind      :   35.586
[19:32:48]   solar     :   13.282
[19:32:48]   diesel    :    7.143
[19:32:48]   battery   :    0.000
[19:32:48]   customer  : -196.484
[19:32:48] 
🔌 Main Grid 交易:
[19:32:48]   进口电量:    90.50 kWh
[19:32:48]   出口电量:  1206.91 kWh
[19:32:48]   净交易量: -1116.40 kWh
[19:32:48]   平均出清价:  13.49 cents/kWh
[19:32:48]   市场独立度:  63.96%
[19:32:48] 
Buffer大小:  3648
[19:32:48] 噪声水平: 0.0859
[19:32:48] 
动作统计:
[19:32:48]   wind      : mean= 0.136, std= 0.257
[19:32:48]   solar     : mean=-0.724, std= 0.357
[19:32:48]   diesel    : mean= 0.513, std= 0.364
[19:32:48]   battery   : mean= 0.948, std= 0.125
[19:32:48]   customer  : mean= 0.717, std= 0.108
[19:32:49] 
======================================================================
[19:32:49] Episode 143/800
[19:32:49] ======================================================================
[19:32:49] 总奖励:  -142.21 | 步数: 24
[19:32:49] 最近10个episodes平均:  -134.69
[19:32:49] 
各Agent奖励:
[19:32:49]   wind      :   27.620
[19:32:49]   solar     :   13.323
[19:32:49]   diesel    :    0.582
[19:32:49]   battery   :    0.000
[19:32:49]   customer  : -183.738
[19:32:49] 
🔌 Main Grid 交易:
[19:32:49]   进口电量:    15.77 kWh
[19:32:49]   出口电量:  1132.59 kWh
[19:32:49]   净交易量: -1116.82 kWh
[19:32:49]   平均出清价:  11.38 cents/kWh
[19:32:49]   市场独立度:  68.10%
[19:32:49] 
Buffer大小:  3672
[19:32:49] 噪声水平: 0.0858
[19:32:49] 
动作统计:
[19:32:49]   wind      : mean= 0.132, std= 0.217
[19:32:49]   solar     : mean=-0.728, std= 0.363
[19:32:49]   diesel    : mean= 0.502, std= 0.345
[19:32:49]   battery   : mean= 0.945, std= 0.123
[19:32:49]   customer  : mean= 0.734, std= 0.080
[19:32:50] 
======================================================================
[19:32:50] Episode 144/800
[19:32:50] ======================================================================
[19:32:50] 总奖励:  -140.90 | 步数: 24
[19:32:50] 最近10个episodes平均:  -134.99
[19:32:50] 
各Agent奖励:
[19:32:50]   wind      :   23.449
[19:32:50]   solar     :   14.572
[19:32:50]   diesel    :    1.311
[19:32:50]   battery   :    0.000
[19:32:50]   customer  : -180.228
[19:32:50] 
🔌 Main Grid 交易:
[19:32:50]   进口电量:     0.00 kWh
[19:32:50]   出口电量:  1173.09 kWh
[19:32:50]   净交易量: -1173.09 kWh
[19:32:50]   平均出清价:  10.99 cents/kWh
[19:32:50]   市场独立度:  67.41%
[19:32:50] 
Buffer大小:  3696
[19:32:50] 噪声水平: 0.0857
[19:32:50] 
动作统计:
[19:32:50]   wind      : mean= 0.121, std= 0.265
[19:32:50]   solar     : mean=-0.688, std= 0.401
[19:32:50]   diesel    : mean= 0.487, std= 0.323
[19:32:50]   battery   : mean= 0.937, std= 0.145
[19:32:50]   customer  : mean= 0.743, std= 0.071
[19:32:51] 
======================================================================
[19:32:51] Episode 145/800
[19:32:51] ======================================================================
[19:32:51] 总奖励:  -138.16 | 步数: 24
[19:32:51] 最近10个episodes平均:  -135.06
[19:32:51] 
各Agent奖励:
[19:32:51]   wind      :   30.879
[19:32:51]   solar     :   17.289
[19:32:51]   diesel    :   -3.192
[19:32:51]   battery   :    0.000
[19:32:51]   customer  : -183.137
[19:32:51] 
🔌 Main Grid 交易:
[19:32:51]   进口电量:    29.24 kWh
[19:32:51]   出口电量:  1078.79 kWh
[19:32:51]   净交易量: -1049.55 kWh
[19:32:51]   平均出清价:  12.57 cents/kWh
[19:32:51]   市场独立度:  69.22%
[19:32:51] 
Buffer大小:  3720
[19:32:51] 噪声水平: 0.0856
[19:32:51] 
动作统计:
[19:32:51]   wind      : mean= 0.108, std= 0.236
[19:32:51]   solar     : mean=-0.723, std= 0.341
[19:32:51]   diesel    : mean= 0.478, std= 0.342
[19:32:51]   battery   : mean= 0.949, std= 0.138
[19:32:51]   customer  : mean= 0.751, std= 0.090
[19:32:52] 
======================================================================
[19:32:52] Episode 146/800
[19:32:52] ======================================================================
[19:32:52] 总奖励:  -135.07 | 步数: 24
[19:32:52] 最近10个episodes平均:  -134.27
[19:32:52] 
各Agent奖励:
[19:32:52]   wind      :   39.487
[19:32:52]   solar     :   14.443
[19:32:52]   diesel    :    5.766
[19:32:52]   battery   :    0.516
[19:32:52]   customer  : -195.281
[19:32:52] 
🔌 Main Grid 交易:
[19:32:52]   进口电量:    63.46 kWh
[19:32:52]   出口电量:  1147.09 kWh
[19:32:52]   净交易量: -1083.63 kWh
[19:32:52]   平均出清价:  14.42 cents/kWh
[19:32:52]   市场独立度:  66.37%
[19:32:52] 
Buffer大小:  3744
[19:32:52] 噪声水平: 0.0855
[19:32:52] 
动作统计:
[19:32:52]   wind      : mean= 0.152, std= 0.246
[19:32:52]   solar     : mean=-0.707, std= 0.407
[19:32:52]   diesel    : mean= 0.479, std= 0.301
[19:32:52]   battery   : mean= 0.929, std= 0.175
[19:32:52]   customer  : mean= 0.706, std= 0.123
[19:32:53] 
======================================================================
[19:32:53] Episode 147/800
[19:32:53] ======================================================================
[19:32:53] 总奖励:  -125.65 | 步数: 24
[19:32:53] 最近10个episodes平均:  -133.77
[19:32:53] 
各Agent奖励:
[19:32:53]   wind      :   37.116
[19:32:53]   solar     :   11.191
[19:32:53]   diesel    :   -3.724
[19:32:53]   battery   :    0.041
[19:32:53]   customer  : -170.274
[19:32:53] 
🔌 Main Grid 交易:
[19:32:53]   进口电量:     7.44 kWh
[19:32:53]   出口电量:  1089.80 kWh
[19:32:53]   净交易量: -1082.36 kWh
[19:32:53]   平均出清价:  11.65 cents/kWh
[19:32:53]   市场独立度:  69.52%
[19:32:53] 
Buffer大小:  3768
[19:32:53] 噪声水平: 0.0855
[19:32:53] 
动作统计:
[19:32:53]   wind      : mean= 0.077, std= 0.239
[19:32:53]   solar     : mean=-0.741, std= 0.373
[19:32:53]   diesel    : mean= 0.479, std= 0.316
[19:32:53]   battery   : mean= 0.938, std= 0.149
[19:32:53]   customer  : mean= 0.681, std= 0.102
[19:32:54] 
======================================================================
[19:32:54] Episode 148/800
[19:32:54] ======================================================================
[19:32:54] 总奖励:  -140.73 | 步数: 24
[19:32:54] 最近10个episodes平均:  -135.99
[19:32:54] 
各Agent奖励:
[19:32:54]   wind      :   36.691
[19:32:54]   solar     :   13.703
[19:32:54]   diesel    :    4.017
[19:32:54]   battery   :    0.000
[19:32:54]   customer  : -195.138
[19:32:54] 
🔌 Main Grid 交易:
[19:32:54]   进口电量:    54.16 kWh
[19:32:54]   出口电量:  1031.71 kWh
[19:32:54]   净交易量:  -977.55 kWh
[19:32:54]   平均出清价:  13.08 cents/kWh
[19:32:54]   市场独立度:  69.84%
[19:32:54] 
Buffer大小:  3792
[19:32:54] 噪声水平: 0.0854
[19:32:54] 
动作统计:
[19:32:54]   wind      : mean= 0.140, std= 0.219
[19:32:54]   solar     : mean=-0.753, std= 0.329
[19:32:54]   diesel    : mean= 0.444, std= 0.306
[19:32:54]   battery   : mean= 0.933, std= 0.140
[19:32:54]   customer  : mean= 0.725, std= 0.097
[19:32:54] 
======================================================================
[19:32:54] Episode 149/800
[19:32:54] ======================================================================
[19:32:54] 总奖励:  -140.34 | 步数: 24
[19:32:54] 最近10个episodes平均:  -136.46
[19:32:54] 
各Agent奖励:
[19:32:54]   wind      :   26.055
[19:32:54]   solar     :   15.366
[19:32:54]   diesel    :   -0.741
[19:32:54]   battery   :   -0.101
[19:32:54]   customer  : -180.923
[19:32:54] 
🔌 Main Grid 交易:
[19:32:54]   进口电量:    60.06 kWh
[19:32:54]   出口电量:  1161.41 kWh
[19:32:54]   净交易量: -1101.36 kWh
[19:32:54]   平均出清价:  11.82 cents/kWh
[19:32:54]   市场独立度:  66.07%
[19:32:54] 
Buffer大小:  3816
[19:32:54] 噪声水平: 0.0853
[19:32:54] 
动作统计:
[19:32:54]   wind      : mean= 0.128, std= 0.250
[19:32:54]   solar     : mean=-0.690, std= 0.374
[19:32:54]   diesel    : mean= 0.422, std= 0.320
[19:32:54]   battery   : mean= 0.938, std= 0.175
[19:32:54]   customer  : mean= 0.729, std= 0.092
[19:32:55] 
======================================================================
[19:32:55] Episode 150/800
[19:32:55] ======================================================================
[19:32:55] 总奖励:  -150.42 | 步数: 24
[19:32:55] 最近10个episodes平均:  -138.69
[19:32:55] 
各Agent奖励:
[19:32:55]   wind      :   23.813
[19:32:55]   solar     :    9.629
[19:32:55]   diesel    :    4.796
[19:32:55]   battery   :    0.000
[19:32:55]   customer  : -188.654
[19:32:55] 
🔌 Main Grid 交易:
[19:32:55]   进口电量:    73.17 kWh
[19:32:55]   出口电量:  1037.17 kWh
[19:32:55]   净交易量:  -964.00 kWh
[19:32:55]   平均出清价:  12.20 cents/kWh
[19:32:55]   市场独立度:  69.16%
[19:32:55] 
Buffer大小:  3840
[19:32:55] 噪声水平: 0.0852
[19:32:55] 
动作统计:
[19:32:55]   wind      : mean= 0.116, std= 0.253
[19:32:55]   solar     : mean=-0.675, std= 0.396
[19:32:55]   diesel    : mean= 0.425, std= 0.313
[19:32:55]   battery   : mean= 0.938, std= 0.150
[19:32:55]   customer  : mean= 0.744, std= 0.083
[19:32:55] 
📊 生成可视化图表...
[19:32:56]   ✓ debug_plots/training_ep0150.png
[19:32:56] 💾 保存checkpoint: debug_checkpoints/debug_maddpg_20251203_193028_ep0150.pt
[19:32:57] 
======================================================================
[19:32:57] Episode 151/800
[19:32:57] ======================================================================
[19:32:57] 总奖励:  -153.25 | 步数: 24
[19:32:57] 最近10个episodes平均:  -140.72
[19:32:57] 
各Agent奖励:
[19:32:57]   wind      :   23.377
[19:32:57]   solar     :   15.002
[19:32:57]   diesel    :   -1.599
[19:32:57]   battery   :    0.007
[19:32:57]   customer  : -190.033
[19:32:57] 
🔌 Main Grid 交易:
[19:32:57]   进口电量:    68.34 kWh
[19:32:57]   出口电量:  1115.51 kWh
[19:32:57]   净交易量: -1047.16 kWh
[19:32:57]   平均出清价:  13.04 cents/kWh
[19:32:57]   市场独立度:  67.12%
[19:32:57] 
Buffer大小:  3864
[19:32:57] 噪声水平: 0.0851
[19:32:57] 
动作统计:
[19:32:57]   wind      : mean= 0.139, std= 0.290
[19:32:57]   solar     : mean=-0.595, std= 0.401
[19:32:57]   diesel    : mean= 0.410, std= 0.324
[19:32:57]   battery   : mean= 0.932, std= 0.211
[19:32:57]   customer  : mean= 0.746, std= 0.122
[19:32:58] 
======================================================================
[19:32:58] Episode 152/800
[19:32:58] ======================================================================
[19:32:58] 总奖励:  -135.26 | 步数: 24
[19:32:58] 最近10个episodes平均:  -140.20
[19:32:58] 
各Agent奖励:
[19:32:58]   wind      :   33.390
[19:32:58]   solar     :   11.980
[19:32:58]   diesel    :    4.959
[19:32:58]   battery   :   -0.019
[19:32:58]   customer  : -185.573
[19:32:58] 
🔌 Main Grid 交易:
[19:32:58]   进口电量:    38.76 kWh
[19:32:58]   出口电量:  1067.25 kWh
[19:32:58]   净交易量: -1028.49 kWh
[19:32:58]   平均出清价:  11.96 cents/kWh
[19:32:58]   市场独立度:  69.28%
[19:32:58] 
Buffer大小:  3888
[19:32:58] 噪声水平: 0.0850
[19:32:58] 
动作统计:
[19:32:58]   wind      : mean= 0.132, std= 0.262
[19:32:58]   solar     : mean=-0.602, std= 0.323
[19:32:58]   diesel    : mean= 0.388, std= 0.294
[19:32:58]   battery   : mean= 0.929, std= 0.182
[19:32:58]   customer  : mean= 0.735, std= 0.095
[19:32:59] 
======================================================================
[19:32:59] Episode 153/800
[19:32:59] ======================================================================
[19:32:59] 总奖励:  -144.23 | 步数: 24
[19:32:59] 最近10个episodes平均:  -140.40
[19:32:59] 
各Agent奖励:
[19:32:59]   wind      :   20.820
[19:32:59]   solar     :   14.141
[19:32:59]   diesel    :    1.281
[19:32:59]   battery   :    0.000
[19:32:59]   customer  : -180.472
[19:32:59] 
🔌 Main Grid 交易:
[19:32:59]   进口电量:    15.28 kWh
[19:32:59]   出口电量:   997.79 kWh
[19:32:59]   净交易量:  -982.51 kWh
[19:32:59]   平均出清价:   9.99 cents/kWh
[19:32:59]   市场独立度:  71.86%
[19:32:59] 
Buffer大小:  3912
[19:32:59] 噪声水平: 0.0850
[19:32:59] 
动作统计:
[19:32:59]   wind      : mean= 0.136, std= 0.276
[19:32:59]   solar     : mean=-0.570, std= 0.330
[19:32:59]   diesel    : mean= 0.395, std= 0.274
[19:32:59]   battery   : mean= 0.923, std= 0.152
[19:32:59]   customer  : mean= 0.761, std= 0.104
[19:33:00] 
======================================================================
[19:33:00] Episode 154/800
[19:33:00] ======================================================================
[19:33:00] 总奖励:  -139.30 | 步数: 24
[19:33:00] 最近10个episodes平均:  -140.24
[19:33:00] 
各Agent奖励:
[19:33:00]   wind      :   18.948
[19:33:00]   solar     :   15.098
[19:33:00]   diesel    :    5.239
[19:33:00]   battery   :    0.000
[19:33:00]   customer  : -178.582
[19:33:00] 
🔌 Main Grid 交易:
[19:33:00]   进口电量:     6.57 kWh
[19:33:00]   出口电量:  1042.26 kWh
[19:33:00]   净交易量: -1035.69 kWh
[19:33:00]   平均出清价:  11.05 cents/kWh
[19:33:00]   市场独立度:  70.87%
[19:33:00] 
Buffer大小:  3936
[19:33:00] 噪声水平: 0.0849
[19:33:00] 
动作统计:
[19:33:00]   wind      : mean= 0.175, std= 0.250
[19:33:00]   solar     : mean=-0.479, std= 0.358
[19:33:00]   diesel    : mean= 0.378, std= 0.257
[19:33:00]   battery   : mean= 0.938, std= 0.161
[19:33:00]   customer  : mean= 0.734, std= 0.122
[19:33:01] 
======================================================================
[19:33:01] Episode 155/800
[19:33:01] ======================================================================
[19:33:01] 总奖励:  -150.79 | 步数: 24
[19:33:01] 最近10个episodes平均:  -141.50
[19:33:01] 
各Agent奖励:
[19:33:01]   wind      :   18.238
[19:33:01]   solar     :    8.060
[19:33:01]   diesel    :    9.435
[19:33:01]   battery   :    0.000
[19:33:01]   customer  : -186.522
[19:33:01] 
🔌 Main Grid 交易:
[19:33:01]   进口电量:    42.46 kWh
[19:33:01]   出口电量:   894.71 kWh
[19:33:01]   净交易量:  -852.25 kWh
[19:33:01]   平均出清价:   9.77 cents/kWh
[19:33:01]   市场独立度:  73.97%
[19:33:01] 
Buffer大小:  3960
[19:33:01] 噪声水平: 0.0848
[19:33:01] 
动作统计:
[19:33:01]   wind      : mean= 0.152, std= 0.231
[19:33:01]   solar     : mean=-0.465, std= 0.390
[19:33:01]   diesel    : mean= 0.365, std= 0.246
[19:33:01]   battery   : mean= 0.939, std= 0.143
[19:33:01]   customer  : mean= 0.752, std= 0.086
[19:33:02] 
======================================================================
[19:33:02] Episode 156/800
[19:33:02] ======================================================================
[19:33:02] 总奖励:  -147.82 | 步数: 24
[19:33:02] 最近10个episodes平均:  -142.78
[19:33:02] 
各Agent奖励:
[19:33:02]   wind      :   21.415
[19:33:02]   solar     :   13.022
[19:33:02]   diesel    :    1.169
[19:33:02]   battery   :    0.000
[19:33:02]   customer  : -183.432
[19:33:02] 
🔌 Main Grid 交易:
[19:33:02]   进口电量:    46.42 kWh
[19:33:02]   出口电量:   970.71 kWh
[19:33:02]   净交易量:  -924.30 kWh
[19:33:02]   平均出清价:  10.81 cents/kWh
[19:33:02]   市场独立度:  71.75%
[19:33:02] 
Buffer大小:  3984
[19:33:02] 噪声水平: 0.0847
[19:33:02] 
动作统计:
[19:33:02]   wind      : mean= 0.144, std= 0.256
[19:33:02]   solar     : mean=-0.417, std= 0.427
[19:33:02]   diesel    : mean= 0.359, std= 0.269
[19:33:02]   battery   : mean= 0.924, std= 0.151
[19:33:02]   customer  : mean= 0.744, std= 0.090
[19:33:03] 
======================================================================
[19:33:03] Episode 157/800
[19:33:03] ======================================================================
[19:33:03] 总奖励:  -146.53 | 步数: 24
[19:33:03] 最近10个episodes平均:  -144.87
[19:33:03] 
各Agent奖励:
[19:33:03]   wind      :   19.922
[19:33:03]   solar     :   12.101
[19:33:03]   diesel    :    5.390
[19:33:03]   battery   :    0.000
[19:33:03]   customer  : -183.947
[19:33:03] 
🔌 Main Grid 交易:
[19:33:03]   进口电量:    25.99 kWh
[19:33:03]   出口电量:   878.20 kWh
[19:33:03]   净交易量:  -852.21 kWh
[19:33:03]   平均出清价:   9.49 cents/kWh
[19:33:03]   市场独立度:  74.88%
[19:33:03] 
Buffer大小:  4008
[19:33:03] 噪声水平: 0.0846
[19:33:03] 
动作统计:
[19:33:03]   wind      : mean= 0.106, std= 0.231
[19:33:03]   solar     : mean=-0.418, std= 0.439
[19:33:03]   diesel    : mean= 0.360, std= 0.243
[19:33:03]   battery   : mean= 0.926, std= 0.168
[19:33:03]   customer  : mean= 0.748, std= 0.107
[19:33:04] 
======================================================================
[19:33:04] Episode 158/800
[19:33:04] ======================================================================
[19:33:04] 总奖励:  -142.74 | 步数: 24
[19:33:04] 最近10个episodes平均:  -145.07
[19:33:04] 
各Agent奖励:
[19:33:04]   wind      :   25.076
[19:33:04]   solar     :   14.567
[19:33:04]   diesel    :    2.002
[19:33:04]   battery   :   -0.181
[19:33:04]   customer  : -184.208
[19:33:04] 
🔌 Main Grid 交易:
[19:33:04]   进口电量:    43.39 kWh
[19:33:04]   出口电量:   877.52 kWh
[19:33:04]   净交易量:  -834.13 kWh
[19:33:04]   平均出清价:  10.93 cents/kWh
[19:33:04]   市场独立度:  74.42%
[19:33:04] 
Buffer大小:  4032
[19:33:04] 噪声水平: 0.0845
[19:33:04] 
动作统计:
[19:33:04]   wind      : mean= 0.117, std= 0.210
[19:33:04]   solar     : mean=-0.364, std= 0.509
[19:33:04]   diesel    : mean= 0.338, std= 0.231
[19:33:04]   battery   : mean= 0.914, std= 0.242
[19:33:04]   customer  : mean= 0.771, std= 0.118
[19:33:05] 
======================================================================
[19:33:05] Episode 159/800
[19:33:05] ======================================================================
[19:33:05] 总奖励:  -140.10 | 步数: 24
[19:33:05] 最近10个episodes平均:  -145.04
[19:33:05] 
各Agent奖励:
[19:33:05]   wind      :   25.322
[19:33:05]   solar     :    3.803
[19:33:05]   diesel    :    3.397
[19:33:05]   battery   :    1.119
[19:33:05]   customer  : -173.744
[19:33:05] 
🔌 Main Grid 交易:
[19:33:05]   进口电量:    40.09 kWh
[19:33:05]   出口电量:   897.81 kWh
[19:33:05]   净交易量:  -857.72 kWh
[19:33:05]   平均出清价:   5.20 cents/kWh
[19:33:05]   市场独立度:  73.95%
[19:33:05] 
Buffer大小:  4056
[19:33:05] 噪声水平: 0.0844
[19:33:05] 
动作统计:
[19:33:05]   wind      : mean= 0.096, std= 0.194
[19:33:05]   solar     : mean=-0.394, std= 0.529
[19:33:05]   diesel    : mean= 0.315, std= 0.247
[19:33:05]   battery   : mean= 0.913, std= 0.262
[19:33:05]   customer  : mean= 0.753, std= 0.131
[19:33:06] 
======================================================================
[19:33:06] Episode 160/800
[19:33:06] ======================================================================
[19:33:06] 总奖励:  -144.21 | 步数: 24
[19:33:06] 最近10个episodes平均:  -144.42
[19:33:06] 
各Agent奖励:
[19:33:06]   wind      :   21.239
[19:33:06]   solar     :   12.767
[19:33:06]   diesel    :    4.623
[19:33:06]   battery   :    0.233
[19:33:06]   customer  : -183.075
[19:33:06] 
🔌 Main Grid 交易:
[19:33:06]   进口电量:    30.51 kWh
[19:33:06]   出口电量:   899.93 kWh
[19:33:06]   净交易量:  -869.42 kWh
[19:33:06]   平均出清价:   9.89 cents/kWh
[19:33:06]   市场独立度:  74.15%
[19:33:06] 
Buffer大小:  4080
[19:33:06] 噪声水平: 0.0844
[19:33:06] 
动作统计:
[19:33:06]   wind      : mean= 0.100, std= 0.213
[19:33:06]   solar     : mean=-0.332, std= 0.557
[19:33:06]   diesel    : mean= 0.340, std= 0.211
[19:33:06]   battery   : mean= 0.907, std= 0.247
[19:33:06]   customer  : mean= 0.772, std= 0.111
[19:33:06] 
📊 生成可视化图表...
[19:33:07]   ✓ debug_plots/training_ep0160.png
[19:33:07] 
======================================================================
[19:33:07] Episode 161/800
[19:33:07] ======================================================================
[19:33:07] 总奖励:  -131.17 | 步数: 24
[19:33:07] 最近10个episodes平均:  -142.22
[19:33:07] 
各Agent奖励:
[19:33:07]   wind      :   28.422
[19:33:07]   solar     :   12.307
[19:33:07]   diesel    :    2.542
[19:33:07]   battery   :    0.165
[19:33:07]   customer  : -174.605
[19:33:07] 
🔌 Main Grid 交易:
[19:33:07]   进口电量:    19.84 kWh
[19:33:07]   出口电量:   839.56 kWh
[19:33:07]   净交易量:  -819.72 kWh
[19:33:07]   平均出清价:  12.80 cents/kWh
[19:33:07]   市场独立度:  76.13%
[19:33:07] 
Buffer大小:  4104
[19:33:07] 噪声水平: 0.0843
[19:33:07] 
动作统计:
[19:33:07]   wind      : mean= 0.137, std= 0.221
[19:33:07]   solar     : mean=-0.378, std= 0.532
[19:33:07]   diesel    : mean= 0.325, std= 0.215
[19:33:07]   battery   : mean= 0.902, std= 0.228
[19:33:07]   customer  : mean= 0.750, std= 0.089
[19:33:08] 
======================================================================
[19:33:08] Episode 162/800
[19:33:08] ======================================================================
[19:33:08] 总奖励:  -143.52 | 步数: 24
[19:33:08] 最近10个episodes平均:  -143.04
[19:33:08] 
各Agent奖励:
[19:33:08]   wind      :   20.142
[19:33:08]   solar     :   10.075
[19:33:08]   diesel    :    3.420
[19:33:08]   battery   :    0.034
[19:33:08]   customer  : -177.196
[19:33:08] 
🔌 Main Grid 交易:
[19:33:08]   进口电量:    31.53 kWh
[19:33:08]   出口电量:   888.79 kWh
[19:33:08]   净交易量:  -857.27 kWh
[19:33:08]   平均出清价:   9.22 cents/kWh
[19:33:08]   市场独立度:  74.44%
[19:33:08] 
Buffer大小:  4128
[19:33:08] 噪声水平: 0.0842
[19:33:08] 
动作统计:
[19:33:08]   wind      : mean= 0.130, std= 0.199
[19:33:08]   solar     : mean=-0.366, std= 0.563
[19:33:08]   diesel    : mean= 0.319, std= 0.197
[19:33:08]   battery   : mean= 0.928, std= 0.206
[19:33:08]   customer  : mean= 0.783, std= 0.096
[19:33:09] 
======================================================================
[19:33:09] Episode 163/800
[19:33:09] ======================================================================
[19:33:09] 总奖励:  -140.21 | 步数: 24
[19:33:09] 最近10个episodes平均:  -142.64
[19:33:09] 
各Agent奖励:
[19:33:09]   wind      :   23.347
[19:33:09]   solar     :   14.477
[19:33:09]   diesel    :    8.163
[19:33:09]   battery   :    0.497
[19:33:09]   customer  : -186.696
[19:33:09] 
🔌 Main Grid 交易:
[19:33:09]   进口电量:    49.59 kWh
[19:33:09]   出口电量:   703.93 kWh
[19:33:09]   净交易量:  -654.33 kWh
[19:33:09]   平均出清价:  11.23 cents/kWh
[19:33:09]   市场独立度:  79.07%
[19:33:09] 
Buffer大小:  4152
[19:33:09] 噪声水平: 0.0841
[19:33:09] 
动作统计:
[19:33:09]   wind      : mean= 0.147, std= 0.231
[19:33:09]   solar     : mean=-0.416, std= 0.516
[19:33:09]   diesel    : mean= 0.303, std= 0.200
[19:33:09]   battery   : mean= 0.902, std= 0.256
[19:33:09]   customer  : mean= 0.759, std= 0.115
[19:33:10] 
======================================================================
[19:33:10] Episode 164/800
[19:33:10] ======================================================================
[19:33:10] 总奖励:  -148.31 | 步数: 24
[19:33:10] 最近10个episodes平均:  -143.54
[19:33:10] 
各Agent奖励:
[19:33:10]   wind      :   19.632
[19:33:10]   solar     :   12.701
[19:33:10]   diesel    :    2.547
[19:33:10]   battery   :    0.000
[19:33:10]   customer  : -183.187
[19:33:10] 
🔌 Main Grid 交易:
[19:33:10]   进口电量:    16.31 kWh
[19:33:10]   出口电量:   763.91 kWh
[19:33:10]   净交易量:  -747.60 kWh
[19:33:10]   平均出清价:  10.07 cents/kWh
[19:33:10]   市场独立度:  78.33%
[19:33:10] 
Buffer大小:  4176
[19:33:10] 噪声水平: 0.0840
[19:33:10] 
动作统计:
[19:33:10]   wind      : mean= 0.069, std= 0.252
[19:33:10]   solar     : mean=-0.395, std= 0.547
[19:33:10]   diesel    : mean= 0.284, std= 0.210
[19:33:10]   battery   : mean= 0.927, std= 0.165
[19:33:10]   customer  : mean= 0.775, std= 0.136
[19:33:11] 
======================================================================
[19:33:11] Episode 165/800
[19:33:11] ======================================================================
[19:33:11] 总奖励:  -146.78 | 步数: 24
[19:33:11] 最近10个episodes平均:  -143.14
[19:33:11] 
各Agent奖励:
[19:33:11]   wind      :   20.035
[19:33:11]   solar     :    8.860
[19:33:11]   diesel    :   -0.653
[19:33:11]   battery   :    0.000
[19:33:11]   customer  : -175.024
[19:33:11] 
🔌 Main Grid 交易:
[19:33:11]   进口电量:     7.50 kWh
[19:33:11]   出口电量:   757.16 kWh
[19:33:11]   净交易量:  -749.67 kWh
[19:33:11]   平均出清价:   8.23 cents/kWh
[19:33:11]   市场独立度:  78.76%
[19:33:11] 
Buffer大小:  4200
[19:33:11] 噪声水平: 0.0839
[19:33:11] 
动作统计:
[19:33:11]   wind      : mean= 0.082, std= 0.268
[19:33:11]   solar     : mean=-0.365, std= 0.569
[19:33:11]   diesel    : mean= 0.270, std= 0.181
[19:33:11]   battery   : mean= 0.900, std= 0.189
[19:33:11]   customer  : mean= 0.770, std= 0.114
[19:33:13] 
======================================================================
[19:33:13] Episode 166/800
[19:33:13] ======================================================================
[19:33:13] 总奖励:  -151.19 | 步数: 24
[19:33:13] 最近10个episodes平均:  -143.48
[19:33:13] 
各Agent奖励:
[19:33:13]   wind      :   23.933
[19:33:13]   solar     :   12.242
[19:33:13]   diesel    :    6.636
[19:33:13]   battery   :    0.000
[19:33:13]   customer  : -194.003
[19:33:13] 
🔌 Main Grid 交易:
[19:33:13]   进口电量:    70.62 kWh
[19:33:13]   出口电量:   572.27 kWh
[19:33:13]   净交易量:  -501.65 kWh
[19:33:13]   平均出清价:  10.77 cents/kWh
[19:33:13]   市场独立度:  82.14%
[19:33:13] 
Buffer大小:  4224
[19:33:13] 噪声水平: 0.0839
[19:33:13] 
动作统计:
[19:33:13]   wind      : mean= 0.101, std= 0.189
[19:33:13]   solar     : mean=-0.433, std= 0.558
[19:33:13]   diesel    : mean= 0.258, std= 0.201
[19:33:13]   battery   : mean= 0.913, std= 0.180
[19:33:13]   customer  : mean= 0.729, std= 0.114
[19:33:14] 
======================================================================
[19:33:14] Episode 167/800
[19:33:14] ======================================================================
[19:33:14] 总奖励:  -143.44 | 步数: 24
[19:33:14] 最近10个episodes平均:  -143.17
[19:33:14] 
各Agent奖励:
[19:33:14]   wind      :   26.776
[19:33:14]   solar     :   11.624
[19:33:14]   diesel    :    8.004
[19:33:14]   battery   :   -0.025
[19:33:14]   customer  : -189.818
[19:33:14] 
🔌 Main Grid 交易:
[19:33:14]   进口电量:    43.92 kWh
[19:33:14]   出口电量:   588.58 kWh
[19:33:14]   净交易量:  -544.66 kWh
[19:33:14]   平均出清价:  11.77 cents/kWh
[19:33:14]   市场独立度:  82.43%
[19:33:14] 
Buffer大小:  4248
[19:33:14] 噪声水平: 0.0838
[19:33:14] 
动作统计:
[19:33:14]   wind      : mean= 0.155, std= 0.232
[19:33:14]   solar     : mean=-0.381, std= 0.530
[19:33:14]   diesel    : mean= 0.262, std= 0.157
[19:33:14]   battery   : mean= 0.921, std= 0.225
[19:33:14]   customer  : mean= 0.742, std= 0.115
[19:33:15] 
======================================================================
[19:33:15] Episode 168/800
[19:33:15] ======================================================================
[19:33:15] 总奖励:  -155.33 | 步数: 24
[19:33:15] 最近10个episodes平均:  -144.43
[19:33:15] 
各Agent奖励:
[19:33:15]   wind      :   13.709
[19:33:15]   solar     :   11.185
[19:33:15]   diesel    :    0.827
[19:33:15]   battery   :    1.418
[19:33:15]   customer  : -182.466
[19:33:15] 
🔌 Main Grid 交易:
[19:33:15]   进口电量:    32.60 kWh
[19:33:15]   出口电量:   748.65 kWh
[19:33:15]   净交易量:  -716.04 kWh
[19:33:15]   平均出清价:   8.81 cents/kWh
[19:33:15]   市场独立度:  78.30%
[19:33:15] 
Buffer大小:  4272
[19:33:15] 噪声水平: 0.0837
[19:33:15] 
动作统计:
[19:33:15]   wind      : mean= 0.163, std= 0.190
[19:33:15]   solar     : mean=-0.387, std= 0.579
[19:33:15]   diesel    : mean= 0.263, std= 0.182
[19:33:15]   battery   : mean= 0.914, std= 0.250
[19:33:15]   customer  : mean= 0.803, std= 0.119
[19:33:16] 
======================================================================
[19:33:16] Episode 169/800
[19:33:16] ======================================================================
[19:33:16] 总奖励:  -135.86 | 步数: 24
[19:33:16] 最近10个episodes平均:  -144.00
[19:33:16] 
各Agent奖励:
[19:33:16]   wind      :   28.403
[19:33:16]   solar     :   12.531
[19:33:16]   diesel    :   -2.262
[19:33:16]   battery   :    1.487
[19:33:16]   customer  : -176.015
[19:33:16] 
🔌 Main Grid 交易:
[19:33:16]   进口电量:    38.64 kWh
[19:33:16]   出口电量:   638.62 kWh
[19:33:16]   净交易量:  -599.98 kWh
[19:33:16]   平均出清价:  11.19 cents/kWh
[19:33:16]   市场独立度:  81.19%
[19:33:16] 
Buffer大小:  4296
[19:33:16] 噪声水平: 0.0836
[19:33:16] 
动作统计:
[19:33:16]   wind      : mean= 0.101, std= 0.239
[19:33:16]   solar     : mean=-0.329, std= 0.576
[19:33:16]   diesel    : mean= 0.219, std= 0.216
[19:33:16]   battery   : mean= 0.905, std= 0.218
[19:33:16]   customer  : mean= 0.754, std= 0.085
[19:33:17] 
======================================================================
[19:33:17] Episode 170/800
[19:33:17] ======================================================================
[19:33:17] 总奖励:  -145.09 | 步数: 24
[19:33:17] 最近10个episodes平均:  -144.09
[19:33:17] 
各Agent奖励:
[19:33:17]   wind      :   12.941
[19:33:17]   solar     :   13.424
[19:33:17]   diesel    :    1.940
[19:33:17]   battery   :    0.987
[19:33:17]   customer  : -174.380
[19:33:17] 
🔌 Main Grid 交易:
[19:33:17]   进口电量:    27.22 kWh
[19:33:17]   出口电量:   718.64 kWh
[19:33:17]   净交易量:  -691.43 kWh
[19:33:17]   平均出清价:   9.19 cents/kWh
[19:33:17]   市场独立度:  79.28%
[19:33:17] 
Buffer大小:  4320
[19:33:17] 噪声水平: 0.0835
[19:33:17] 
动作统计:
[19:33:17]   wind      : mean= 0.112, std= 0.233
[19:33:17]   solar     : mean=-0.332, std= 0.576
[19:33:17]   diesel    : mean= 0.245, std= 0.197
[19:33:17]   battery   : mean= 0.908, std= 0.244
[19:33:17]   customer  : mean= 0.758, std= 0.124
[19:33:17] 
📊 生成可视化图表...
[19:33:17]   ✓ debug_plots/training_ep0170.png
[19:33:19] 
======================================================================
[19:33:19] Episode 171/800
[19:33:19] ======================================================================
[19:33:19] 总奖励:  -154.50 | 步数: 24
[19:33:19] 最近10个episodes平均:  -146.42
[19:33:19] 
各Agent奖励:
[19:33:19]   wind      :   15.324
[19:33:19]   solar     :   15.057
[19:33:19]   diesel    :    5.281
[19:33:19]   battery   :   -0.303
[19:33:19]   customer  : -189.855
[19:33:19] 
🔌 Main Grid 交易:
[19:33:19]   进口电量:    21.82 kWh
[19:33:19]   出口电量:   530.85 kWh
[19:33:19]   净交易量:  -509.02 kWh
[19:33:19]   平均出清价:  11.88 cents/kWh
[19:33:19]   市场独立度:  84.65%
[19:33:19] 
Buffer大小:  4344
[19:33:19] 噪声水平: 0.0834
[19:33:19] 
动作统计:
[19:33:19]   wind      : mean= 0.154, std= 0.215
[19:33:19]   solar     : mean=-0.363, std= 0.529
[19:33:19]   diesel    : mean= 0.244, std= 0.151
[19:33:19]   battery   : mean= 0.915, std= 0.241
[19:33:19]   customer  : mean= 0.778, std= 0.083
[19:33:20] 
======================================================================
[19:33:20] Episode 172/800
[19:33:20] ======================================================================
[19:33:20] 总奖励:  -144.53 | 步数: 24
[19:33:20] 最近10个episodes平均:  -146.52
[19:33:20] 
各Agent奖励:
[19:33:20]   wind      :   17.060
[19:33:20]   solar     :   11.750
[19:33:20]   diesel    :    1.276
[19:33:20]   battery   :    0.825
[19:33:20]   customer  : -175.442
[19:33:20] 
🔌 Main Grid 交易:
[19:33:20]   进口电量:    10.18 kWh
[19:33:20]   出口电量:   697.31 kWh
[19:33:20]   净交易量:  -687.13 kWh
[19:33:20]   平均出清价:  10.34 cents/kWh
[19:33:20]   市场独立度:  80.35%
[19:33:20] 
Buffer大小:  4368
[19:33:20] 噪声水平: 0.0834
[19:33:20] 
动作统计:
[19:33:20]   wind      : mean= 0.161, std= 0.204
[19:33:20]   solar     : mean=-0.359, std= 0.518
[19:33:20]   diesel    : mean= 0.259, std= 0.213
[19:33:20]   battery   : mean= 0.904, std= 0.244
[19:33:20]   customer  : mean= 0.768, std= 0.090
[19:33:21] 
======================================================================
[19:33:21] Episode 173/800
[19:33:21] ======================================================================
[19:33:21] 总奖励:  -142.84 | 步数: 24
[19:33:21] 最近10个episodes平均:  -146.79
[19:33:21] 
各Agent奖励:
[19:33:21]   wind      :   18.016
[19:33:21]   solar     :   12.063
[19:33:21]   diesel    :   -0.806
[19:33:21]   battery   :    0.000
[19:33:21]   customer  : -172.116
[19:33:21] 
🔌 Main Grid 交易:
[19:33:21]   进口电量:    34.13 kWh
[19:33:21]   出口电量:   701.40 kWh
[19:33:21]   净交易量:  -667.27 kWh
[19:33:21]   平均出清价:   9.89 cents/kWh
[19:33:21]   市场独立度:  79.57%
[19:33:21] 
Buffer大小:  4392
[19:33:21] 噪声水平: 0.0833
[19:33:21] 
动作统计:
[19:33:21]   wind      : mean= 0.087, std= 0.204
[19:33:21]   solar     : mean=-0.368, std= 0.561
[19:33:21]   diesel    : mean= 0.248, std= 0.176
[19:33:21]   battery   : mean= 0.916, std= 0.181
[19:33:21]   customer  : mean= 0.772, std= 0.102
[19:33:22] 
======================================================================
[19:33:22] Episode 174/800
[19:33:22] ======================================================================
[19:33:22] 总奖励:  -148.45 | 步数: 24
[19:33:22] 最近10个episodes平均:  -146.80
[19:33:22] 
各Agent奖励:
[19:33:22]   wind      :   24.886
[19:33:22]   solar     :   10.588
[19:33:22]   diesel    :    3.495
[19:33:22]   battery   :    0.999
[19:33:22]   customer  : -188.422
[19:33:22] 
🔌 Main Grid 交易:
[19:33:22]   进口电量:    14.21 kWh
[19:33:22]   出口电量:   615.96 kWh
[19:33:22]   净交易量:  -601.75 kWh
[19:33:22]   平均出清价:  11.05 cents/kWh
[19:33:22]   市场独立度:  82.50%
[19:33:22] 
Buffer大小:  4416
[19:33:22] 噪声水平: 0.0832
[19:33:22] 
动作统计:
[19:33:22]   wind      : mean= 0.115, std= 0.217
[19:33:22]   solar     : mean=-0.382, std= 0.562
[19:33:22]   diesel    : mean= 0.241, std= 0.183
[19:33:22]   battery   : mean= 0.915, std= 0.215
[19:33:22]   customer  : mean= 0.786, std= 0.112
[19:33:23] 
======================================================================
[19:33:23] Episode 175/800
[19:33:23] ======================================================================
[19:33:23] 总奖励:  -145.25 | 步数: 24
[19:33:23] 最近10个episodes平均:  -146.65
[19:33:23] 
各Agent奖励:
[19:33:23]   wind      :   16.552
[19:33:23]   solar     :   11.702
[19:33:23]   diesel    :   -3.831
[19:33:23]   battery   :    0.000
[19:33:23]   customer  : -169.671
[19:33:23] 
🔌 Main Grid 交易:
[19:33:23]   进口电量:     8.42 kWh
[19:33:23]   出口电量:   612.51 kWh
[19:33:23]   净交易量:  -604.09 kWh
[19:33:23]   平均出清价:   8.98 cents/kWh
[19:33:23]   市场独立度:  82.75%
[19:33:23] 
Buffer大小:  4440
[19:33:23] 噪声水平: 0.0831
[19:33:23] 
动作统计:
[19:33:23]   wind      : mean= 0.075, std= 0.256
[19:33:23]   solar     : mean=-0.389, std= 0.500
[19:33:23]   diesel    : mean= 0.237, std= 0.177
[19:33:23]   battery   : mean= 0.925, std= 0.169
[19:33:23]   customer  : mean= 0.783, std= 0.099
[19:33:24] 
======================================================================
[19:33:24] Episode 176/800
[19:33:24] ======================================================================
[19:33:24] 总奖励:  -141.72 | 步数: 24
[19:33:24] 最近10个episodes平均:  -145.70
[19:33:24] 
各Agent奖励:
[19:33:24]   wind      :   19.259
[19:33:24]   solar     :   13.325
[19:33:24]   diesel    :    3.158
[19:33:24]   battery   :   -1.475
[19:33:24]   customer  : -175.983
[19:33:24] 
🔌 Main Grid 交易:
[19:33:24]   进口电量:     3.35 kWh
[19:33:24]   出口电量:   648.23 kWh
[19:33:24]   净交易量:  -644.88 kWh
[19:33:24]   平均出清价:   8.19 cents/kWh
[19:33:24]   市场独立度:  81.90%
[19:33:24] 
Buffer大小:  4464
[19:33:24] 噪声水平: 0.0830
[19:33:24] 
动作统计:
[19:33:24]   wind      : mean= 0.121, std= 0.210
[19:33:24]   solar     : mean=-0.381, std= 0.548
[19:33:24]   diesel    : mean= 0.243, std= 0.193
[19:33:24]   battery   : mean= 0.892, std= 0.253
[19:33:24]   customer  : mean= 0.771, std= 0.136
[19:33:25] 
======================================================================
[19:33:25] Episode 177/800
[19:33:25] ======================================================================
[19:33:25] 总奖励:  -155.26 | 步数: 24
[19:33:25] 最近10个episodes平均:  -146.88
[19:33:25] 
各Agent奖励:
[19:33:25]   wind      :   16.721
[19:33:25]   solar     :   10.511
[19:33:25]   diesel    :   -3.690
[19:33:25]   battery   :    0.000
[19:33:25]   customer  : -178.804
[19:33:25] 
🔌 Main Grid 交易:
[19:33:25]   进口电量:    39.30 kWh
[19:33:25]   出口电量:   605.08 kWh
[19:33:25]   净交易量:  -565.78 kWh
[19:33:25]   平均出清价:   9.77 cents/kWh
[19:33:25]   市场独立度:  82.10%
[19:33:25] 
Buffer大小:  4488
[19:33:25] 噪声水平: 0.0829
[19:33:25] 
动作统计:
[19:33:25]   wind      : mean= 0.046, std= 0.207
[19:33:25]   solar     : mean=-0.375, std= 0.525
[19:33:25]   diesel    : mean= 0.217, std= 0.169
[19:33:25]   battery   : mean= 0.923, std= 0.188
[19:33:25]   customer  : mean= 0.781, std= 0.115
[19:33:26] 
======================================================================
[19:33:26] Episode 178/800
[19:33:26] ======================================================================
[19:33:26] 总奖励:  -147.93 | 步数: 24
[19:33:26] 最近10个episodes平均:  -146.14
[19:33:26] 
各Agent奖励:
[19:33:26]   wind      :   19.116
[19:33:26]   solar     :    9.220
[19:33:26]   diesel    :   -0.192
[19:33:26]   battery   :    2.459
[19:33:26]   customer  : -178.533
[19:33:26] 
🔌 Main Grid 交易:
[19:33:26]   进口电量:    29.96 kWh
[19:33:26]   出口电量:   554.83 kWh
[19:33:26]   净交易量:  -524.87 kWh
[19:33:26]   平均出清价:  10.66 cents/kWh
[19:33:26]   市场独立度:  83.76%
[19:33:26] 
Buffer大小:  4512
[19:33:26] 噪声水平: 0.0829
[19:33:26] 
动作统计:
[19:33:26]   wind      : mean= 0.101, std= 0.204
[19:33:26]   solar     : mean=-0.323, std= 0.572
[19:33:26]   diesel    : mean= 0.245, std= 0.187
[19:33:26]   battery   : mean= 0.901, std= 0.279
[19:33:26]   customer  : mean= 0.782, std= 0.125
[19:33:27] 
======================================================================
[19:33:27] Episode 179/800
[19:33:27] ======================================================================
[19:33:27] 总奖励:  -146.92 | 步数: 24
[19:33:27] 最近10个episodes平均:  -147.25
[19:33:27] 
各Agent奖励:
[19:33:27]   wind      :   21.526
[19:33:27]   solar     :   12.238
[19:33:27]   diesel    :    0.549
[19:33:27]   battery   :    0.297
[19:33:27]   customer  : -181.534
[19:33:27] 
🔌 Main Grid 交易:
[19:33:27]   进口电量:    35.41 kWh
[19:33:27]   出口电量:   531.95 kWh
[19:33:27]   净交易量:  -496.54 kWh
[19:33:27]   平均出清价:  10.97 cents/kWh
[19:33:27]   市场独立度:  84.24%
[19:33:27] 
Buffer大小:  4536
[19:33:27] 噪声水平: 0.0828
[19:33:27] 
动作统计:
[19:33:27]   wind      : mean= 0.125, std= 0.213
[19:33:27]   solar     : mean=-0.339, std= 0.551
[19:33:27]   diesel    : mean= 0.236, std= 0.199
[19:33:27]   battery   : mean= 0.912, std= 0.199
[19:33:27]   customer  : mean= 0.774, std= 0.101
[19:33:28] 
======================================================================
[19:33:28] Episode 180/800
[19:33:28] ======================================================================
[19:33:28] 总奖励:  -135.25 | 步数: 24
[19:33:28] 最近10个episodes平均:  -146.27
[19:33:28] 
各Agent奖励:
[19:33:28]   wind      :   24.545
[19:33:28]   solar     :   10.217
[19:33:28]   diesel    :    2.501
[19:33:28]   battery   :    0.234
[19:33:28]   customer  : -172.749
[19:33:28] 
🔌 Main Grid 交易:
[19:33:28]   进口电量:    25.86 kWh
[19:33:28]   出口电量:   651.37 kWh
[19:33:28]   净交易量:  -625.50 kWh
[19:33:28]   平均出清价:  10.93 cents/kWh
[19:33:28]   市场独立度:  81.19%
[19:33:28] 
Buffer大小:  4560
[19:33:28] 噪声水平: 0.0827
[19:33:28] 
动作统计:
[19:33:28]   wind      : mean= 0.064, std= 0.173
[19:33:28]   solar     : mean=-0.284, std= 0.555
[19:33:28]   diesel    : mean= 0.249, std= 0.184
[19:33:28]   battery   : mean= 0.897, std= 0.216
[19:33:28]   customer  : mean= 0.761, std= 0.083
[19:33:28] 
📊 生成可视化图表...
[19:33:28]   ✓ debug_plots/training_ep0180.png
[19:33:30] 
======================================================================
[19:33:30] Episode 181/800
[19:33:30] ======================================================================
[19:33:30] 总奖励:  -142.39 | 步数: 24
[19:33:30] 最近10个episodes平均:  -145.06
[19:33:30] 
各Agent奖励:
[19:33:30]   wind      :   27.742
[19:33:30]   solar     :    9.386
[19:33:30]   diesel    :    3.818
[19:33:30]   battery   :    0.000
[19:33:30]   customer  : -183.339
[19:33:30] 
🔌 Main Grid 交易:
[19:33:30]   进口电量:    29.86 kWh
[19:33:30]   出口电量:   538.40 kWh
[19:33:30]   净交易量:  -508.55 kWh
[19:33:30]   平均出清价:   9.74 cents/kWh
[19:33:30]   市场独立度:  84.21%
[19:33:30] 
Buffer大小:  4584
[19:33:30] 噪声水平: 0.0826
[19:33:30] 
动作统计:
[19:33:30]   wind      : mean= 0.086, std= 0.191
[19:33:30]   solar     : mean=-0.331, std= 0.534
[19:33:30]   diesel    : mean= 0.245, std= 0.179
[19:33:30]   battery   : mean= 0.916, std= 0.167
[19:33:30]   customer  : mean= 0.752, std= 0.092
[19:33:31] 
======================================================================
[19:33:31] Episode 182/800
[19:33:31] ======================================================================
[19:33:31] 总奖励:  -148.49 | 步数: 24
[19:33:31] 最近10个episodes平均:  -145.45
[19:33:31] 
各Agent奖励:
[19:33:31]   wind      :   19.132
[19:33:31]   solar     :    7.010
[19:33:31]   diesel    :    0.457
[19:33:31]   battery   :    1.093
[19:33:31]   customer  : -176.180
[19:33:31] 
🔌 Main Grid 交易:
[19:33:31]   进口电量:    21.91 kWh
[19:33:31]   出口电量:   582.20 kWh
[19:33:31]   净交易量:  -560.29 kWh
[19:33:31]   平均出清价:   9.02 cents/kWh
[19:33:31]   市场独立度:  83.22%
[19:33:31] 
Buffer大小:  4608
[19:33:31] 噪声水平: 0.0825
[19:33:31] 
动作统计:
[19:33:31]   wind      : mean= 0.075, std= 0.177
[19:33:31]   solar     : mean=-0.301, std= 0.561
[19:33:31]   diesel    : mean= 0.231, std= 0.198
[19:33:31]   battery   : mean= 0.904, std= 0.225
[19:33:31]   customer  : mean= 0.768, std= 0.109
[19:33:33] 
======================================================================
[19:33:33] Episode 183/800
[19:33:33] ======================================================================
[19:33:33] 总奖励:  -146.58 | 步数: 24
[19:33:33] 最近10个episodes平均:  -145.82
[19:33:33] 
各Agent奖励:
[19:33:33]   wind      :   23.271
[19:33:33]   solar     :    9.296
[19:33:33]   diesel    :    3.394
[19:33:33]   battery   :    0.987
[19:33:33]   customer  : -183.524
[19:33:33] 
🔌 Main Grid 交易:
[19:33:33]   进口电量:    42.09 kWh
[19:33:33]   出口电量:   614.50 kWh
[19:33:33]   净交易量:  -572.41 kWh
[19:33:33]   平均出清价:  10.41 cents/kWh
[19:33:33]   市场独立度:  81.76%
[19:33:33] 
Buffer大小:  4632
[19:33:33] 噪声水平: 0.0824
[19:33:33] 
动作统计:
[19:33:33]   wind      : mean= 0.120, std= 0.182
[19:33:33]   solar     : mean=-0.330, std= 0.469
[19:33:33]   diesel    : mean= 0.259, std= 0.194
[19:33:33]   battery   : mean= 0.908, std= 0.239
[19:33:33]   customer  : mean= 0.762, std= 0.128
[19:33:34] 
======================================================================
[19:33:34] Episode 184/800
[19:33:34] ======================================================================
[19:33:34] 总奖励:  -140.75 | 步数: 24
[19:33:34] 最近10个episodes平均:  -145.05
[19:33:34] 
各Agent奖励:
[19:33:34]   wind      :   29.902
[19:33:34]   solar     :   10.367
[19:33:34]   diesel    :    0.203
[19:33:34]   battery   :    0.000
[19:33:34]   customer  : -181.223
[19:33:34] 
🔌 Main Grid 交易:
[19:33:34]   进口电量:    29.42 kWh
[19:33:34]   出口电量:   548.26 kWh
[19:33:34]   净交易量:  -518.84 kWh
[19:33:34]   平均出清价:  10.36 cents/kWh
[19:33:34]   市场独立度:  83.95%
[19:33:34] 
Buffer大小:  4656
[19:33:34] 噪声水平: 0.0824
[19:33:34] 
动作统计:
[19:33:34]   wind      : mean= 0.052, std= 0.177
[19:33:34]   solar     : mean=-0.336, std= 0.467
[19:33:34]   diesel    : mean= 0.254, std= 0.197
[19:33:34]   battery   : mean= 0.914, std= 0.176
[19:33:34]   customer  : mean= 0.751, std= 0.122
[19:33:34] 
======================================================================
[19:33:34] Episode 185/800
[19:33:34] ======================================================================
[19:33:34] 总奖励:  -154.46 | 步数: 24
[19:33:34] 最近10个episodes平均:  -145.98
[19:33:34] 
各Agent奖励:
[19:33:34]   wind      :   18.203
[19:33:34]   solar     :    9.622
[19:33:34]   diesel    :    4.000
[19:33:34]   battery   :    0.313
[19:33:34]   customer  : -186.599
[19:33:34] 
🔌 Main Grid 交易:
[19:33:34]   进口电量:    60.63 kWh
[19:33:34]   出口电量:   643.69 kWh
[19:33:34]   净交易量:  -583.05 kWh
[19:33:34]   平均出清价:   9.71 cents/kWh
[19:33:34]   市场独立度:  80.44%
[19:33:34] 
Buffer大小:  4680
[19:33:34] 噪声水平: 0.0823
[19:33:34] 
动作统计:
[19:33:34]   wind      : mean= 0.074, std= 0.177
[19:33:34]   solar     : mean=-0.383, std= 0.453
[19:33:34]   diesel    : mean= 0.266, std= 0.226
[19:33:34]   battery   : mean= 0.906, std= 0.235
[19:33:34]   customer  : mean= 0.780, std= 0.125
[19:33:35] 
======================================================================
[19:33:35] Episode 186/800
[19:33:35] ======================================================================
[19:33:35] 总奖励:  -148.33 | 步数: 24
[19:33:35] 最近10个episodes平均:  -146.64
[19:33:35] 
各Agent奖励:
[19:33:35]   wind      :   17.755
[19:33:35]   solar     :    7.108
[19:33:35]   diesel    :   -7.618
[19:33:35]   battery   :    0.107
[19:33:35]   customer  : -165.686
[19:33:35] 
🔌 Main Grid 交易:
[19:33:35]   进口电量:    15.93 kWh
[19:33:35]   出口电量:   614.23 kWh
[19:33:35]   净交易量:  -598.30 kWh
[19:33:35]   平均出清价:   8.18 cents/kWh
[19:33:35]   市场独立度:  82.50%
[19:33:35] 
Buffer大小:  4704
[19:33:35] 噪声水平: 0.0822
[19:33:35] 
动作统计:
[19:33:35]   wind      : mean= 0.061, std= 0.183
[19:33:35]   solar     : mean=-0.396, std= 0.407
[19:33:35]   diesel    : mean= 0.259, std= 0.216
[19:33:35]   battery   : mean= 0.897, std= 0.190
[19:33:35]   customer  : mean= 0.768, std= 0.101
[19:33:36] 
======================================================================
[19:33:36] Episode 187/800
[19:33:36] ======================================================================
[19:33:36] 总奖励:  -136.42 | 步数: 24
[19:33:36] 最近10个episodes平均:  -144.75
[19:33:36] 
各Agent奖励:
[19:33:36]   wind      :   27.354
[19:33:36]   solar     :   13.228
[19:33:36]   diesel    :    1.367
[19:33:36]   battery   :    1.389
[19:33:36]   customer  : -179.762
[19:33:36] 
🔌 Main Grid 交易:
[19:33:36]   进口电量:     9.84 kWh
[19:33:36]   出口电量:   571.26 kWh
[19:33:36]   净交易量:  -561.42 kWh
[19:33:36]   平均出清价:  10.76 cents/kWh
[19:33:36]   市场独立度:  83.86%
[19:33:36] 
Buffer大小:  4728
[19:33:36] 噪声水平: 0.0821
[19:33:36] 
动作统计:
[19:33:36]   wind      : mean= 0.108, std= 0.194
[19:33:36]   solar     : mean=-0.414, std= 0.389
[19:33:36]   diesel    : mean= 0.246, std= 0.223
[19:33:36]   battery   : mean= 0.904, std= 0.230
[19:33:36]   customer  : mean= 0.774, std= 0.105
[19:33:37] 
======================================================================
[19:33:37] Episode 188/800
[19:33:37] ======================================================================
[19:33:37] 总奖励:  -146.63 | 步数: 24
[19:33:37] 最近10个episodes平均:  -144.62
[19:33:37] 
各Agent奖励:
[19:33:37]   wind      :   23.809
[19:33:37]   solar     :    8.397
[19:33:37]   diesel    :   -1.764
[19:33:37]   battery   :    0.000
[19:33:37]   customer  : -177.073
[19:33:37] 
🔌 Main Grid 交易:
[19:33:37]   进口电量:    20.67 kWh
[19:33:37]   出口电量:   579.29 kWh
[19:33:37]   净交易量:  -558.62 kWh
[19:33:37]   平均出清价:   9.92 cents/kWh
[19:33:37]   市场独立度:  83.33%
[19:33:37] 
Buffer大小:  4752
[19:33:37] 噪声水平: 0.0820
[19:33:37] 
动作统计:
[19:33:37]   wind      : mean= 0.054, std= 0.180
[19:33:37]   solar     : mean=-0.404, std= 0.394
[19:33:37]   diesel    : mean= 0.264, std= 0.184
[19:33:37]   battery   : mean= 0.913, std= 0.179
[19:33:37]   customer  : mean= 0.789, std= 0.120
[19:33:38] 
======================================================================
[19:33:38] Episode 189/800
[19:33:38] ======================================================================
[19:33:38] 总奖励:  -147.22 | 步数: 24
[19:33:38] 最近10个episodes平均:  -144.65
[19:33:38] 
各Agent奖励:
[19:33:38]   wind      :   19.399
[19:33:38]   solar     :    9.191
[19:33:38]   diesel    :    3.232
[19:33:38]   battery   :   -0.032
[19:33:38]   customer  : -179.011
[19:33:38] 
🔌 Main Grid 交易:
[19:33:38]   进口电量:    23.19 kWh
[19:33:38]   出口电量:   587.56 kWh
[19:33:38]   净交易量:  -564.36 kWh
[19:33:38]   平均出清价:   8.30 cents/kWh
[19:33:38]   市场独立度:  83.03%
[19:33:38] 
Buffer大小:  4776
[19:33:38] 噪声水平: 0.0819
[19:33:38] 
动作统计:
[19:33:38]   wind      : mean= 0.087, std= 0.185
[19:33:38]   solar     : mean=-0.454, std= 0.391
[19:33:38]   diesel    : mean= 0.232, std= 0.194
[19:33:38]   battery   : mean= 0.914, std= 0.201
[19:33:38]   customer  : mean= 0.798, std= 0.105
[19:33:39] 
======================================================================
[19:33:39] Episode 190/800
[19:33:39] ======================================================================
[19:33:39] 总奖励:  -144.59 | 步数: 24
[19:33:39] 最近10个episodes平均:  -145.59
[19:33:39] 
各Agent奖励:
[19:33:39]   wind      :   23.802
[19:33:39]   solar     :   11.329
[19:33:39]   diesel    :   -0.188
[19:33:39]   battery   :    0.261
[19:33:39]   customer  : -179.795
[19:33:39] 
🔌 Main Grid 交易:
[19:33:39]   进口电量:    19.67 kWh
[19:33:39]   出口电量:   672.17 kWh
[19:33:39]   净交易量:  -652.49 kWh
[19:33:39]   平均出清价:  10.52 cents/kWh
[19:33:39]   市场独立度:  80.78%
[19:33:39] 
Buffer大小:  4800
[19:33:39] 噪声水平: 0.0819
[19:33:39] 
动作统计:
[19:33:39]   wind      : mean= 0.112, std= 0.228
[19:33:39]   solar     : mean=-0.416, std= 0.392
[19:33:39]   diesel    : mean= 0.252, std= 0.213
[19:33:39]   battery   : mean= 0.885, std= 0.244
[19:33:39]   customer  : mean= 0.787, std= 0.141
[19:33:39] 
📊 生成可视化图表...
[19:33:40]   ✓ debug_plots/training_ep0190.png
[19:33:41] 
======================================================================
[19:33:41] Episode 191/800
[19:33:41] ======================================================================
[19:33:41] 总奖励:  -144.15 | 步数: 24
[19:33:41] 最近10个episodes平均:  -145.76
[19:33:41] 
各Agent奖励:
[19:33:41]   wind      :   24.278
[19:33:41]   solar     :   10.881
[19:33:41]   diesel    :    5.049
[19:33:41]   battery   :    0.000
[19:33:41]   customer  : -184.358
[19:33:41] 
🔌 Main Grid 交易:
[19:33:41]   进口电量:    32.17 kWh
[19:33:41]   出口电量:   561.59 kWh
[19:33:41]   净交易量:  -529.42 kWh
[19:33:41]   平均出清价:  10.10 cents/kWh
[19:33:41]   市场独立度:  83.51%
[19:33:41] 
Buffer大小:  4824
[19:33:41] 噪声水平: 0.0818
[19:33:41] 
动作统计:
[19:33:41]   wind      : mean= 0.059, std= 0.162
[19:33:41]   solar     : mean=-0.452, std= 0.361
[19:33:41]   diesel    : mean= 0.251, std= 0.173
[19:33:41]   battery   : mean= 0.926, std= 0.169
[19:33:41]   customer  : mean= 0.779, std= 0.125
[19:33:42] 
======================================================================
[19:33:42] Episode 192/800
[19:33:42] ======================================================================
[19:33:42] 总奖励:  -139.89 | 步数: 24
[19:33:42] 最近10个episodes平均:  -144.90
[19:33:42] 
各Agent奖励:
[19:33:42]   wind      :   25.858
[19:33:42]   solar     :   11.353
[19:33:42]   diesel    :    1.013
[19:33:42]   battery   :    0.335
[19:33:42]   customer  : -178.446
[19:33:42] 
🔌 Main Grid 交易:
[19:33:42]   进口电量:    10.38 kWh
[19:33:42]   出口电量:   669.16 kWh
[19:33:42]   净交易量:  -658.78 kWh
[19:33:42]   平均出清价:   8.77 cents/kWh
[19:33:42]   市场独立度:  81.12%
[19:33:42] 
Buffer大小:  4848
[19:33:42] 噪声水平: 0.0817
[19:33:42] 
动作统计:
[19:33:42]   wind      : mean= 0.071, std= 0.187
[19:33:42]   solar     : mean=-0.488, std= 0.346
[19:33:42]   diesel    : mean= 0.264, std= 0.170
[19:33:42]   battery   : mean= 0.929, std= 0.172
[19:33:42]   customer  : mean= 0.795, std= 0.119
[19:33:43] 
======================================================================
[19:33:43] Episode 193/800
[19:33:43] ======================================================================
[19:33:43] 总奖励:  -131.47 | 步数: 24
[19:33:43] 最近10个episodes平均:  -143.39
[19:33:43] 
各Agent奖励:
[19:33:43]   wind      :   27.746
[19:33:43]   solar     :   10.871
[19:33:43]   diesel    :   -0.757
[19:33:43]   battery   :    0.177
[19:33:43]   customer  : -169.512
[19:33:43] 
🔌 Main Grid 交易:
[19:33:43]   进口电量:    19.99 kWh
[19:33:43]   出口电量:   734.34 kWh
[19:33:43]   净交易量:  -714.36 kWh
[19:33:43]   平均出清价:   9.30 cents/kWh
[19:33:43]   市场独立度:  79.05%
[19:33:43] 
Buffer大小:  4872
[19:33:43] 噪声水平: 0.0816
[19:33:43] 
动作统计:
[19:33:43]   wind      : mean= 0.084, std= 0.188
[19:33:43]   solar     : mean=-0.416, std= 0.384
[19:33:43]   diesel    : mean= 0.245, std= 0.205
[19:33:43]   battery   : mean= 0.925, std= 0.192
[19:33:43]   customer  : mean= 0.765, std= 0.110
[19:33:44] 
======================================================================
[19:33:44] Episode 194/800
[19:33:44] ======================================================================
[19:33:44] 总奖励:  -150.40 | 步数: 24
[19:33:44] 最近10个episodes平均:  -144.36
[19:33:44] 
各Agent奖励:
[19:33:44]   wind      :   14.297
[19:33:44]   solar     :   11.289
[19:33:44]   diesel    :    5.662
[19:33:44]   battery   :    0.000
[19:33:44]   customer  : -181.644
[19:33:44] 
🔌 Main Grid 交易:
[19:33:44]   进口电量:    20.95 kWh
[19:33:44]   出口电量:   639.66 kWh
[19:33:44]   净交易量:  -618.70 kWh
[19:33:44]   平均出清价:   9.43 cents/kWh
[19:33:44]   市场独立度:  81.65%
[19:33:44] 
Buffer大小:  4896
[19:33:44] 噪声水平: 0.0815
[19:33:44] 
动作统计:
[19:33:44]   wind      : mean= 0.107, std= 0.233
[19:33:44]   solar     : mean=-0.452, std= 0.357
[19:33:44]   diesel    : mean= 0.286, std= 0.180
[19:33:44]   battery   : mean= 0.926, std= 0.176
[19:33:44]   customer  : mean= 0.790, std= 0.118
[19:33:45] 
======================================================================
[19:33:45] Episode 195/800
[19:33:45] ======================================================================
[19:33:45] 总奖励:  -146.01 | 步数: 24
[19:33:45] 最近10个episodes平均:  -143.51
[19:33:45] 
各Agent奖励:
[19:33:45]   wind      :   21.149
[19:33:45]   solar     :    9.129
[19:33:45]   diesel    :   -0.239
[19:33:45]   battery   :    0.000
[19:33:45]   customer  : -176.051
[19:33:45] 
🔌 Main Grid 交易:
[19:33:45]   进口电量:     2.39 kWh
[19:33:45]   出口电量:   662.13 kWh
[19:33:45]   净交易量:  -659.73 kWh
[19:33:45]   平均出清价:  10.02 cents/kWh
[19:33:45]   市场独立度:  81.54%
[19:33:45] 
Buffer大小:  4920
[19:33:45] 噪声水平: 0.0815
[19:33:45] 
动作统计:
[19:33:45]   wind      : mean= 0.124, std= 0.140
[19:33:45]   solar     : mean=-0.416, std= 0.390
[19:33:45]   diesel    : mean= 0.281, std= 0.176
[19:33:45]   battery   : mean= 0.932, std= 0.167
[19:33:45]   customer  : mean= 0.798, std= 0.120
[19:33:46] 
======================================================================
[19:33:46] Episode 196/800
[19:33:46] ======================================================================
[19:33:46] 总奖励:  -145.94 | 步数: 24
[19:33:46] 最近10个episodes平均:  -143.27
[19:33:46] 
各Agent奖励:
[19:33:46]   wind      :   20.763
[19:33:46]   solar     :   10.856
[19:33:46]   diesel    :    3.587
[19:33:46]   battery   :    0.781
[19:33:46]   customer  : -181.925
[19:33:46] 
🔌 Main Grid 交易:
[19:33:46]   进口电量:    30.91 kWh
[19:33:46]   出口电量:   696.77 kWh
[19:33:46]   净交易量:  -665.87 kWh
[19:33:46]   平均出清价:  10.28 cents/kWh
[19:33:46]   市场独立度:  79.79%
[19:33:46] 
Buffer大小:  4944
[19:33:46] 噪声水平: 0.0814
[19:33:46] 
动作统计:
[19:33:46]   wind      : mean= 0.096, std= 0.190
[19:33:46]   solar     : mean=-0.465, std= 0.382
[19:33:46]   diesel    : mean= 0.281, std= 0.200
[19:33:46]   battery   : mean= 0.913, std= 0.205
[19:33:46]   customer  : mean= 0.782, std= 0.130
[19:33:47] 
======================================================================
[19:33:47] Episode 197/800
[19:33:47] ======================================================================
[19:33:47] 总奖励:  -136.87 | 步数: 24
[19:33:47] 最近10个episodes平均:  -143.32
[19:33:47] 
各Agent奖励:
[19:33:47]   wind      :   23.849
[19:33:47]   solar     :   12.783
[19:33:47]   diesel    :   -1.829
[19:33:47]   battery   :    0.000
[19:33:47]   customer  : -171.674
[19:33:47] 
🔌 Main Grid 交易:
[19:33:47]   进口电量:     0.00 kWh
[19:33:47]   出口电量:   648.88 kWh
[19:33:47]   净交易量:  -648.88 kWh
[19:33:47]   平均出清价:   9.48 cents/kWh
[19:33:47]   市场独立度:  81.98%
[19:33:47] 
Buffer大小:  4968
[19:33:47] 噪声水平: 0.0813
[19:33:47] 
动作统计:
[19:33:47]   wind      : mean= 0.081, std= 0.200
[19:33:47]   solar     : mean=-0.449, std= 0.377
[19:33:47]   diesel    : mean= 0.272, std= 0.217
[19:33:47]   battery   : mean= 0.929, std= 0.161
[19:33:47]   customer  : mean= 0.786, std= 0.118
[19:33:48] 
======================================================================
[19:33:48] Episode 198/800
[19:33:48] ======================================================================
[19:33:48] 总奖励:  -146.84 | 步数: 24
[19:33:48] 最近10个episodes平均:  -143.34
[19:33:48] 
各Agent奖励:
[19:33:48]   wind      :   16.999
[19:33:48]   solar     :   12.316
[19:33:48]   diesel    :    1.588
[19:33:48]   battery   :    0.000
[19:33:48]   customer  : -177.744
[19:33:48] 
🔌 Main Grid 交易:
[19:33:48]   进口电量:     2.69 kWh
[19:33:48]   出口电量:   671.21 kWh
[19:33:48]   净交易量:  -668.53 kWh
[19:33:48]   平均出清价:   9.66 cents/kWh
[19:33:48]   市场独立度:  81.28%
[19:33:48] 
Buffer大小:  4992
[19:33:48] 噪声水平: 0.0812
[19:33:48] 
动作统计:
[19:33:48]   wind      : mean= 0.067, std= 0.138
[19:33:48]   solar     : mean=-0.448, std= 0.347
[19:33:48]   diesel    : mean= 0.274, std= 0.191
[19:33:48]   battery   : mean= 0.919, std= 0.154
[19:33:48]   customer  : mean= 0.798, std= 0.099
[19:33:49] 
======================================================================
[19:33:49] Episode 199/800
[19:33:49] ======================================================================
[19:33:49] 总奖励:  -140.97 | 步数: 24
[19:33:49] 最近10个episodes平均:  -142.71
[19:33:49] 
各Agent奖励:
[19:33:49]   wind      :   24.146
[19:33:49]   solar     :   14.865
[19:33:49]   diesel    :    2.888
[19:33:49]   battery   :    0.455
[19:33:49]   customer  : -183.321
[19:33:49] 
🔌 Main Grid 交易:
[19:33:49]   进口电量:     9.67 kWh
[19:33:49]   出口电量:   643.10 kWh
[19:33:49]   净交易量:  -633.43 kWh
[19:33:49]   平均出清价:  11.14 cents/kWh
[19:33:49]   市场独立度:  81.87%
[19:33:49] 
Buffer大小:  5016
[19:33:49] 噪声水平: 0.0811
[19:33:49] 
动作统计:
[19:33:49]   wind      : mean= 0.062, std= 0.172
[19:33:49]   solar     : mean=-0.389, std= 0.362
[19:33:49]   diesel    : mean= 0.274, std= 0.174
[19:33:49]   battery   : mean= 0.921, std= 0.176
[19:33:49]   customer  : mean= 0.798, std= 0.107
[19:33:50] 
======================================================================
[19:33:50] Episode 200/800
[19:33:50] ======================================================================
[19:33:50] 总奖励:  -139.74 | 步数: 24
[19:33:50] 最近10个episodes平均:  -142.23
[19:33:50] 
各Agent奖励:
[19:33:50]   wind      :   23.168
[19:33:50]   solar     :   12.693
[19:33:50]   diesel    :    4.815
[19:33:50]   battery   :    0.019
[19:33:50]   customer  : -180.435
[19:33:50] 
🔌 Main Grid 交易:
[19:33:50]   进口电量:     6.48 kWh
[19:33:50]   出口电量:   614.78 kWh
[19:33:50]   净交易量:  -608.30 kWh
[19:33:50]   平均出清价:  10.85 cents/kWh
[19:33:50]   市场独立度:  82.74%
[19:33:50] 
Buffer大小:  5040
[19:33:50] 噪声水平: 0.0810
[19:33:50] 
动作统计:
[19:33:50]   wind      : mean= 0.050, std= 0.170
[19:33:50]   solar     : mean=-0.426, std= 0.357
[19:33:50]   diesel    : mean= 0.269, std= 0.149
[19:33:50]   battery   : mean= 0.923, std= 0.186
[19:33:50]   customer  : mean= 0.785, std= 0.124
[19:33:50] 
📊 生成可视化图表...
[19:33:50]   ✓ debug_plots/training_ep0200.png
[19:33:50] 💾 保存checkpoint: debug_checkpoints/debug_maddpg_20251203_193028_ep0200.pt
[19:33:51] 
======================================================================
[19:33:51] Episode 201/800
[19:33:51] ======================================================================
[19:33:51] 总奖励:  -142.68 | 步数: 24
[19:33:51] 最近10个episodes平均:  -142.08
[19:33:51] 
各Agent奖励:
[19:33:51]   wind      :   22.086
[19:33:51]   solar     :   10.443
[19:33:51]   diesel    :    1.705
[19:33:51]   battery   :   -0.074
[19:33:51]   customer  : -176.844
[19:33:51] 
🔌 Main Grid 交易:
[19:33:51]   进口电量:    23.54 kWh
[19:33:51]   出口电量:   740.80 kWh
[19:33:51]   净交易量:  -717.26 kWh
[19:33:51]   平均出清价:  10.49 cents/kWh
[19:33:51]   市场独立度:  78.77%
[19:33:51] 
Buffer大小:  5064
[19:33:51] 噪声水平: 0.0810
[19:33:51] 
动作统计:
[19:33:51]   wind      : mean= 0.090, std= 0.163
[19:33:51]   solar     : mean=-0.414, std= 0.358
[19:33:51]   diesel    : mean= 0.302, std= 0.193
[19:33:51]   battery   : mean= 0.896, std= 0.213
[19:33:51]   customer  : mean= 0.803, std= 0.110
[19:33:52] 
======================================================================
[19:33:52] Episode 202/800
[19:33:52] ======================================================================
[19:33:52] 总奖励:  -146.40 | 步数: 24
[19:33:52] 最近10个episodes平均:  -142.73
[19:33:52] 
各Agent奖励:
[19:33:52]   wind      :   20.368
[19:33:52]   solar     :   12.936
[19:33:52]   diesel    :    2.937
[19:33:52]   battery   :    0.000
[19:33:52]   customer  : -182.637
[19:33:52] 
🔌 Main Grid 交易:
[19:33:52]   进口电量:    23.72 kWh
[19:33:52]   出口电量:   762.91 kWh
[19:33:52]   净交易量:  -739.19 kWh
[19:33:52]   平均出清价:  10.55 cents/kWh
[19:33:52]   市场独立度:  78.15%
[19:33:52] 
Buffer大小:  5088
[19:33:52] 噪声水平: 0.0809
[19:33:52] 
动作统计:
[19:33:52]   wind      : mean= 0.128, std= 0.135
[19:33:52]   solar     : mean=-0.422, std= 0.383
[19:33:52]   diesel    : mean= 0.315, std= 0.211
[19:33:52]   battery   : mean= 0.911, std= 0.169
[19:33:52]   customer  : mean= 0.811, std= 0.139
[19:33:53] 
======================================================================
[19:33:53] Episode 203/800
[19:33:53] ======================================================================
[19:33:53] 总奖励:  -148.00 | 步数: 24
[19:33:53] 最近10个episodes平均:  -144.38
[19:33:53] 
各Agent奖励:
[19:33:53]   wind      :   15.461
[19:33:53]   solar     :    9.552
[19:33:53]   diesel    :    2.150
[19:33:53]   battery   :    0.000
[19:33:53]   customer  : -175.165
[19:33:53] 
🔌 Main Grid 交易:
[19:33:53]   进口电量:     0.00 kWh
[19:33:53]   出口电量:   870.79 kWh
[19:33:53]   净交易量:  -870.79 kWh
[19:33:53]   平均出清价:   8.30 cents/kWh
[19:33:53]   市场独立度:  75.81%
[19:33:53] 
Buffer大小:  5112
[19:33:53] 噪声水平: 0.0808
[19:33:53] 
动作统计:
[19:33:53]   wind      : mean= 0.122, std= 0.187
[19:33:53]   solar     : mean=-0.393, std= 0.391
[19:33:53]   diesel    : mean= 0.319, std= 0.181
[19:33:53]   battery   : mean= 0.911, std= 0.165
[19:33:53]   customer  : mean= 0.821, std= 0.124
[19:33:54] 
======================================================================
[19:33:54] Episode 204/800
[19:33:54] ======================================================================
[19:33:54] 总奖励:  -154.06 | 步数: 24
[19:33:54] 最近10个episodes平均:  -144.75
[19:33:54] 
各Agent奖励:
[19:33:54]   wind      :   15.584
[19:33:54]   solar     :    9.031
[19:33:54]   diesel    :    3.469
[19:33:54]   battery   :    0.000
[19:33:54]   customer  : -182.144
[19:33:54] 
🔌 Main Grid 交易:
[19:33:54]   进口电量:     9.64 kWh
[19:33:54]   出口电量:   647.80 kWh
[19:33:54]   净交易量:  -638.16 kWh
[19:33:54]   平均出清价:  10.51 cents/kWh
[19:33:54]   市场独立度:  81.74%
[19:33:54] 
Buffer大小:  5136
[19:33:54] 噪声水平: 0.0807
[19:33:54] 
动作统计:
[19:33:54]   wind      : mean= 0.114, std= 0.173
[19:33:54]   solar     : mean=-0.412, std= 0.415
[19:33:54]   diesel    : mean= 0.276, std= 0.162
[19:33:54]   battery   : mean= 0.919, std= 0.191
[19:33:54]   customer  : mean= 0.800, std= 0.103
[19:33:55] 
======================================================================
[19:33:55] Episode 205/800
[19:33:55] ======================================================================
[19:33:55] 总奖励:  -136.73 | 步数: 24
[19:33:55] 最近10个episodes平均:  -143.82
[19:33:55] 
各Agent奖励:
[19:33:55]   wind      :   27.362
[19:33:55]   solar     :   11.082
[19:33:55]   diesel    :    3.345
[19:33:55]   battery   :    0.000
[19:33:55]   customer  : -178.522
[19:33:55] 
🔌 Main Grid 交易:
[19:33:55]   进口电量:    10.72 kWh
[19:33:55]   出口电量:   689.31 kWh
[19:33:55]   净交易量:  -678.59 kWh
[19:33:55]   平均出清价:  10.07 cents/kWh
[19:33:55]   市场独立度:  80.55%
[19:33:55] 
Buffer大小:  5160
[19:33:55] 噪声水平: 0.0806
[19:33:55] 
动作统计:
[19:33:55]   wind      : mean= 0.095, std= 0.163
[19:33:55]   solar     : mean=-0.441, std= 0.383
[19:33:55]   diesel    : mean= 0.292, std= 0.154
[19:33:55]   battery   : mean= 0.917, std= 0.172
[19:33:55]   customer  : mean= 0.779, std= 0.094
[19:33:56] 
======================================================================
[19:33:56] Episode 206/800
[19:33:56] ======================================================================
[19:33:56] 总奖励:  -144.58 | 步数: 24
[19:33:56] 最近10个episodes平均:  -143.69
[19:33:56] 
各Agent奖励:
[19:33:56]   wind      :   21.885
[19:33:56]   solar     :    8.346
[19:33:56]   diesel    :   -0.909
[19:33:56]   battery   :    0.187
[19:33:56]   customer  : -174.090
[19:33:56] 
🔌 Main Grid 交易:
[19:33:56]   进口电量:     0.00 kWh
[19:33:56]   出口电量:   901.30 kWh
[19:33:56]   净交易量:  -901.30 kWh
[19:33:56]   平均出清价:   9.25 cents/kWh
[19:33:56]   市场独立度:  74.96%
[19:33:56] 
Buffer大小:  5184
[19:33:56] 噪声水平: 0.0806
[19:33:56] 
动作统计:
[19:33:56]   wind      : mean= 0.107, std= 0.156
[19:33:56]   solar     : mean=-0.479, std= 0.437
[19:33:56]   diesel    : mean= 0.310, std= 0.191
[19:33:56]   battery   : mean= 0.894, std= 0.220
[19:33:56]   customer  : mean= 0.806, std= 0.103
[19:33:57] 
======================================================================
[19:33:57] Episode 207/800
[19:33:57] ======================================================================
[19:33:57] 总奖励:  -147.09 | 步数: 24
[19:33:57] 最近10个episodes平均:  -144.71
[19:33:57] 
各Agent奖励:
[19:33:57]   wind      :   20.539
[19:33:57]   solar     :    7.873
[19:33:57]   diesel    :    2.583
[19:33:57]   battery   :   -0.707
[19:33:57]   customer  : -177.376
[19:33:57] 
🔌 Main Grid 交易:
[19:33:57]   进口电量:    22.01 kWh
[19:33:57]   出口电量:   762.25 kWh
[19:33:57]   净交易量:  -740.24 kWh
[19:33:57]   平均出清价:   9.66 cents/kWh
[19:33:57]   市场独立度:  78.21%
[19:33:57] 
Buffer大小:  5208
[19:33:57] 噪声水平: 0.0805
[19:33:57] 
动作统计:
[19:33:57]   wind      : mean= 0.062, std= 0.161
[19:33:57]   solar     : mean=-0.494, std= 0.393
[19:33:57]   diesel    : mean= 0.293, std= 0.211
[19:33:57]   battery   : mean= 0.899, std= 0.235
[19:33:57]   customer  : mean= 0.797, std= 0.142
[19:33:58] 
======================================================================
[19:33:58] Episode 208/800
[19:33:58] ======================================================================
[19:33:58] 总奖励:  -134.73 | 步数: 24
[19:33:58] 最近10个episodes平均:  -143.50
[19:33:58] 
各Agent奖励:
[19:33:58]   wind      :   27.321
[19:33:58]   solar     :    9.949
[19:33:58]   diesel    :   -3.202
[19:33:58]   battery   :   -0.373
[19:33:58]   customer  : -168.427
[19:33:58] 
🔌 Main Grid 交易:
[19:33:58]   进口电量:     0.00 kWh
[19:33:58]   出口电量:   771.88 kWh
[19:33:58]   净交易量:  -771.88 kWh
[19:33:58]   平均出清价:  10.17 cents/kWh
[19:33:58]   市场独立度:  78.56%
[19:33:58] 
Buffer大小:  5232
[19:33:58] 噪声水平: 0.0804
[19:33:58] 
动作统计:
[19:33:58]   wind      : mean= 0.067, std= 0.157
[19:33:58]   solar     : mean=-0.461, std= 0.446
[19:33:58]   diesel    : mean= 0.284, std= 0.201
[19:33:58]   battery   : mean= 0.902, std= 0.220
[19:33:58]   customer  : mean= 0.789, std= 0.105
[19:33:59] 
======================================================================
[19:33:59] Episode 209/800
[19:33:59] ======================================================================
[19:33:59] 总奖励:  -149.99 | 步数: 24
[19:33:59] 最近10个episodes平均:  -144.40
[19:33:59] 
各Agent奖励:
[19:33:59]   wind      :   21.850
[19:33:59]   solar     :    7.889
[19:33:59]   diesel    :    4.058
[19:33:59]   battery   :    0.025
[19:33:59]   customer  : -183.810
[19:33:59] 
🔌 Main Grid 交易:
[19:33:59]   进口电量:    16.93 kWh
[19:33:59]   出口电量:   730.90 kWh
[19:33:59]   净交易量:  -713.97 kWh
[19:33:59]   平均出清价:   9.82 cents/kWh
[19:33:59]   市场独立度:  79.23%
[19:33:59] 
Buffer大小:  5256
[19:33:59] 噪声水平: 0.0803
[19:33:59] 
动作统计:
[19:33:59]   wind      : mean= 0.082, std= 0.145
[19:33:59]   solar     : mean=-0.489, std= 0.396
[19:33:59]   diesel    : mean= 0.301, std= 0.151
[19:33:59]   battery   : mean= 0.921, std= 0.157
[19:33:59]   customer  : mean= 0.792, std= 0.120
[19:34:00] 
======================================================================
[19:34:00] Episode 210/800
[19:34:00] ======================================================================
[19:34:00] 总奖励:  -149.21 | 步数: 24
[19:34:00] 最近10个episodes平均:  -145.35
[19:34:00] 
各Agent奖励:
[19:34:00]   wind      :   20.306
[19:34:00]   solar     :   10.454
[19:34:00]   diesel    :    2.240
[19:34:00]   battery   :   -1.044
[19:34:00]   customer  : -181.168
[19:34:00] 
🔌 Main Grid 交易:
[19:34:00]   进口电量:    36.96 kWh
[19:34:00]   出口电量:   671.89 kWh
[19:34:00]   净交易量:  -634.94 kWh
[19:34:00]   平均出清价:  10.63 cents/kWh
[19:34:00]   市场独立度:  80.31%
[19:34:00] 
Buffer大小:  5280
[19:34:00] 噪声水平: 0.0802
[19:34:00] 
动作统计:
[19:34:00]   wind      : mean= 0.111, std= 0.162
[19:34:00]   solar     : mean=-0.450, std= 0.430
[19:34:00]   diesel    : mean= 0.289, std= 0.198
[19:34:00]   battery   : mean= 0.892, std= 0.239
[19:34:00]   customer  : mean= 0.796, std= 0.115
[19:34:00] 
📊 生成可视化图表...
[19:34:00]   ✓ debug_plots/training_ep0210.png
[19:34:01] 
======================================================================
[19:34:01] Episode 211/800
[19:34:01] ======================================================================
[19:34:01] 总奖励:  -145.45 | 步数: 24
[19:34:01] 最近10个episodes平均:  -145.62
[19:34:01] 
各Agent奖励:
[19:34:01]   wind      :   25.004
[19:34:01]   solar     :    7.316
[19:34:01]   diesel    :    0.015
[19:34:01]   battery   :    0.000
[19:34:01]   customer  : -177.784
[19:34:01] 
🔌 Main Grid 交易:
[19:34:01]   进口电量:    14.46 kWh
[19:34:01]   出口电量:   822.96 kWh
[19:34:01]   净交易量:  -808.50 kWh
[19:34:01]   平均出清价:   8.85 cents/kWh
[19:34:01]   市场独立度:  76.74%
[19:34:01] 
Buffer大小:  5304
[19:34:01] 噪声水平: 0.0802
[19:34:01] 
动作统计:
[19:34:01]   wind      : mean= 0.049, std= 0.159
[19:34:01]   solar     : mean=-0.480, std= 0.401
[19:34:01]   diesel    : mean= 0.318, std= 0.172
[19:34:01]   battery   : mean= 0.902, std= 0.171
[19:34:01]   customer  : mean= 0.808, std= 0.096
[19:34:02] 
======================================================================
[19:34:02] Episode 212/800
[19:34:02] ======================================================================
[19:34:02] 总奖励:  -135.61 | 步数: 24
[19:34:02] 最近10个episodes平均:  -144.55
[19:34:02] 
各Agent奖励:
[19:34:02]   wind      :   26.734
[19:34:02]   solar     :   10.844
[19:34:02]   diesel    :   -0.089
[19:34:02]   battery   :    1.017
[19:34:02]   customer  : -174.118
[19:34:02] 
🔌 Main Grid 交易:
[19:34:02]   进口电量:    23.29 kWh
[19:34:02]   出口电量:   710.72 kWh
[19:34:02]   净交易量:  -687.43 kWh
[19:34:02]   平均出清价:   9.91 cents/kWh
[19:34:02]   市场独立度:  79.61%
[19:34:02] 
Buffer大小:  5328
[19:34:02] 噪声水平: 0.0801
[19:34:02] 
动作统计:
[19:34:02]   wind      : mean= 0.070, std= 0.162
[19:34:02]   solar     : mean=-0.506, std= 0.378
[19:34:02]   diesel    : mean= 0.307, std= 0.195
[19:34:02]   battery   : mean= 0.906, std= 0.229
[19:34:02]   customer  : mean= 0.761, std= 0.129
[19:34:03] 
======================================================================
[19:34:03] Episode 213/800
[19:34:03] ======================================================================
[19:34:03] 总奖励:  -141.38 | 步数: 24
[19:34:03] 最近10个episodes平均:  -143.88
[19:34:03] 
各Agent奖励:
[19:34:03]   wind      :   21.754
[19:34:03]   solar     :   11.212
[19:34:03]   diesel    :    2.860
[19:34:03]   battery   :    0.000
[19:34:03]   customer  : -177.204
[19:34:03] 
🔌 Main Grid 交易:
[19:34:03]   进口电量:    21.14 kWh
[19:34:03]   出口电量:   682.84 kWh
[19:34:03]   净交易量:  -661.70 kWh
[19:34:03]   平均出清价:  11.36 cents/kWh
[19:34:03]   市场独立度:  80.45%
[19:34:03] 
Buffer大小:  5352
[19:34:03] 噪声水平: 0.0800
[19:34:03] 
动作统计:
[19:34:03]   wind      : mean= 0.075, std= 0.159
[19:34:03]   solar     : mean=-0.539, std= 0.360
[19:34:03]   diesel    : mean= 0.297, std= 0.183
[19:34:03]   battery   : mean= 0.927, std= 0.150
[19:34:03]   customer  : mean= 0.807, std= 0.088
[19:34:04] 
======================================================================
[19:34:04] Episode 214/800
[19:34:04] ======================================================================
[19:34:04] 总奖励:  -147.23 | 步数: 24
[19:34:04] 最近10个episodes平均:  -143.20
[19:34:04] 
各Agent奖励:
[19:34:04]   wind      :   22.134
[19:34:04]   solar     :   14.886
[19:34:04]   diesel    :    8.450
[19:34:04]   battery   :    2.656
[19:34:04]   customer  : -195.356
[19:34:04] 
🔌 Main Grid 交易:
[19:34:04]   进口电量:    28.70 kWh
[19:34:04]   出口电量:   580.51 kWh
[19:34:04]   净交易量:  -551.81 kWh
[19:34:04]   平均出清价:  12.97 cents/kWh
[19:34:04]   市场独立度:  83.08%
[19:34:04] 
Buffer大小:  5376
[19:34:04] 噪声水平: 0.0799
[19:34:04] 
动作统计:
[19:34:04]   wind      : mean= 0.104, std= 0.146
[19:34:04]   solar     : mean=-0.505, std= 0.383
[19:34:04]   diesel    : mean= 0.303, std= 0.206
[19:34:04]   battery   : mean= 0.900, std= 0.233
[19:34:04]   customer  : mean= 0.765, std= 0.122
[19:34:05] 
======================================================================
[19:34:05] Episode 215/800
[19:34:05] ======================================================================
[19:34:05] 总奖励:  -142.00 | 步数: 24
[19:34:05] 最近10个episodes平均:  -143.73
[19:34:05] 
各Agent奖励:
[19:34:05]   wind      :   22.749
[19:34:05]   solar     :   12.451
[19:34:05]   diesel    :    5.404
[19:34:05]   battery   :   -0.003
[19:34:05]   customer  : -182.606
[19:34:05] 
🔌 Main Grid 交易:
[19:34:05]   进口电量:     6.98 kWh
[19:34:05]   出口电量:   711.35 kWh
[19:34:05]   净交易量:  -704.37 kWh
[19:34:05]   平均出清价:  10.62 cents/kWh
[19:34:05]   市场独立度:  80.05%
[19:34:05] 
Buffer大小:  5400
[19:34:05] 噪声水平: 0.0798
[19:34:05] 
动作统计:
[19:34:05]   wind      : mean= 0.086, std= 0.152
[19:34:05]   solar     : mean=-0.506, std= 0.418
[19:34:05]   diesel    : mean= 0.283, std= 0.173
[19:34:05]   battery   : mean= 0.895, std= 0.201
[19:34:05]   customer  : mean= 0.810, std= 0.117
[19:34:06] 
======================================================================
[19:34:06] Episode 216/800
[19:34:06] ======================================================================
[19:34:06] 总奖励:  -146.04 | 步数: 24
[19:34:06] 最近10个episodes平均:  -143.87
[19:34:06] 
各Agent奖励:
[19:34:06]   wind      :   23.002
[19:34:06]   solar     :   12.642
[19:34:06]   diesel    :   -1.377
[19:34:06]   battery   :    0.223
[19:34:06]   customer  : -180.526
[19:34:06] 
🔌 Main Grid 交易:
[19:34:06]   进口电量:    17.49 kWh
[19:34:06]   出口电量:   857.46 kWh
[19:34:06]   净交易量:  -839.97 kWh
[19:34:06]   平均出清价:  10.90 cents/kWh
[19:34:06]   市场独立度:  75.70%
[19:34:06] 
Buffer大小:  5424
[19:34:06] 噪声水平: 0.0798
[19:34:06] 
动作统计:
[19:34:06]   wind      : mean= 0.116, std= 0.149
[19:34:06]   solar     : mean=-0.499, std= 0.378
[19:34:06]   diesel    : mean= 0.316, std= 0.189
[19:34:06]   battery   : mean= 0.900, std= 0.200
[19:34:06]   customer  : mean= 0.817, std= 0.112
[19:34:07] 
======================================================================
[19:34:07] Episode 217/800
[19:34:07] ======================================================================
[19:34:07] 总奖励:  -137.89 | 步数: 24
[19:34:07] 最近10个episodes平均:  -142.95
[19:34:07] 
各Agent奖励:
[19:34:07]   wind      :   30.982
[19:34:07]   solar     :    9.329
[19:34:07]   diesel    :   -0.177
[19:34:07]   battery   :    0.551
[19:34:07]   customer  : -178.579
[19:34:07] 
🔌 Main Grid 交易:
[19:34:07]   进口电量:    11.12 kWh
[19:34:07]   出口电量:   813.33 kWh
[19:34:07]   净交易量:  -802.20 kWh
[19:34:07]   平均出清价:  10.70 cents/kWh
[19:34:07]   市场独立度:  77.10%
[19:34:07] 
Buffer大小:  5448
[19:34:07] 噪声水平: 0.0797
[19:34:07] 
动作统计:
[19:34:07]   wind      : mean= 0.087, std= 0.144
[19:34:07]   solar     : mean=-0.517, std= 0.391
[19:34:07]   diesel    : mean= 0.319, std= 0.202
[19:34:07]   battery   : mean= 0.914, std= 0.195
[19:34:07]   customer  : mean= 0.776, std= 0.090
[19:34:08] 
======================================================================
[19:34:08] Episode 218/800
[19:34:08] ======================================================================
[19:34:08] 总奖励:  -133.39 | 步数: 24
[19:34:08] 最近10个episodes平均:  -142.82
[19:34:08] 
各Agent奖励:
[19:34:08]   wind      :   28.294
[19:34:08]   solar     :    9.491
[19:34:08]   diesel    :    3.174
[19:34:08]   battery   :    0.000
[19:34:08]   customer  : -174.345
[19:34:08] 
🔌 Main Grid 交易:
[19:34:08]   进口电量:     1.28 kWh
[19:34:08]   出口电量:   666.33 kWh
[19:34:08]   净交易量:  -665.06 kWh
[19:34:08]   平均出清价:   9.78 cents/kWh
[19:34:08]   市场独立度:  81.46%
[19:34:08] 
Buffer大小:  5472
[19:34:08] 噪声水平: 0.0796
[19:34:08] 
动作统计:
[19:34:08]   wind      : mean= 0.111, std= 0.160
[19:34:08]   solar     : mean=-0.500, std= 0.358
[19:34:08]   diesel    : mean= 0.311, std= 0.158
[19:34:08]   battery   : mean= 0.908, std= 0.206
[19:34:08]   customer  : mean= 0.773, std= 0.122
[19:34:09] 
======================================================================
[19:34:09] Episode 219/800
[19:34:09] ======================================================================
[19:34:09] 总奖励:  -130.77 | 步数: 24
[19:34:09] 最近10个episodes平均:  -140.90
[19:34:09] 
各Agent奖励:
[19:34:09]   wind      :   32.000
[19:34:09]   solar     :   11.788
[19:34:09]   diesel    :    0.415
[19:34:09]   battery   :    0.040
[19:34:09]   customer  : -175.010
[19:34:09] 
🔌 Main Grid 交易:
[19:34:09]   进口电量:    13.28 kWh
[19:34:09]   出口电量:   702.20 kWh
[19:34:09]   净交易量:  -688.91 kWh
[19:34:09]   平均出清价:  11.60 cents/kWh
[19:34:09]   市场独立度:  80.13%
[19:34:09] 
Buffer大小:  5496
[19:34:09] 噪声水平: 0.0795
[19:34:09] 
动作统计:
[19:34:09]   wind      : mean= 0.107, std= 0.165
[19:34:09]   solar     : mean=-0.501, std= 0.355
[19:34:09]   diesel    : mean= 0.299, std= 0.193
[19:34:09]   battery   : mean= 0.887, std= 0.219
[19:34:09]   customer  : mean= 0.777, std= 0.107
[19:34:10] 
======================================================================
[19:34:10] Episode 220/800
[19:34:10] ======================================================================
[19:34:10] 总奖励:  -143.30 | 步数: 24
[19:34:10] 最近10个episodes平均:  -140.31
[19:34:10] 
各Agent奖励:
[19:34:10]   wind      :   22.388
[19:34:10]   solar     :    9.686
[19:34:10]   diesel    :    3.372
[19:34:10]   battery   :    0.000
[19:34:10]   customer  : -178.750
[19:34:10] 
🔌 Main Grid 交易:
[19:34:10]   进口电量:    26.06 kWh
[19:34:10]   出口电量:   864.74 kWh
[19:34:10]   净交易量:  -838.68 kWh
[19:34:10]   平均出清价:  10.73 cents/kWh
[19:34:10]   市场独立度:  75.26%
[19:34:10] 
Buffer大小:  5520
[19:34:10] 噪声水平: 0.0794
[19:34:10] 
动作统计:
[19:34:10]   wind      : mean= 0.146, std= 0.100
[19:34:10]   solar     : mean=-0.507, std= 0.383
[19:34:10]   diesel    : mean= 0.333, std= 0.191
[19:34:10]   battery   : mean= 0.902, std= 0.189
[19:34:10]   customer  : mean= 0.822, std= 0.094
[19:34:10] 
📊 生成可视化图表...
[19:34:11]   ✓ debug_plots/training_ep0220.png
[19:34:12] 
======================================================================
[19:34:12] Episode 221/800
[19:34:12] ======================================================================
[19:34:12] 总奖励:  -135.14 | 步数: 24
[19:34:12] 最近10个episodes平均:  -139.27
[19:34:12] 
各Agent奖励:
[19:34:12]   wind      :   30.001
[19:34:12]   solar     :    8.936
[19:34:12]   diesel    :    0.831
[19:34:12]   battery   :    0.000
[19:34:12]   customer  : -174.907
[19:34:12] 
🔌 Main Grid 交易:
[19:34:12]   进口电量:     0.56 kWh
[19:34:12]   出口电量:   849.62 kWh
[19:34:12]   净交易量:  -849.06 kWh
[19:34:12]   平均出清价:   9.34 cents/kWh
[19:34:12]   市场独立度:  76.38%
[19:34:12] 
Buffer大小:  5544
[19:34:12] 噪声水平: 0.0794
[19:34:12] 
动作统计:
[19:34:12]   wind      : mean= 0.085, std= 0.176
[19:34:12]   solar     : mean=-0.525, std= 0.368
[19:34:12]   diesel    : mean= 0.320, std= 0.203
[19:34:12]   battery   : mean= 0.900, std= 0.205
[19:34:12]   customer  : mean= 0.788, std= 0.106
[19:34:13] 
======================================================================
[19:34:13] Episode 222/800
[19:34:13] ======================================================================
[19:34:13] 总奖励:  -147.69 | 步数: 24
[19:34:13] 最近10个episodes平均:  -140.48
[19:34:13] 
各Agent奖励:
[19:34:13]   wind      :   20.724
[19:34:13]   solar     :   12.349
[19:34:13]   diesel    :    4.350
[19:34:13]   battery   :   -0.017
[19:34:13]   customer  : -185.099
[19:34:13] 
🔌 Main Grid 交易:
[19:34:13]   进口电量:    25.39 kWh
[19:34:13]   出口电量:   632.33 kWh
[19:34:13]   净交易量:  -606.94 kWh
[19:34:13]   平均出清价:  11.20 cents/kWh
[19:34:13]   市场独立度:  81.73%
[19:34:13] 
Buffer大小:  5568
[19:34:13] 噪声水平: 0.0793
[19:34:13] 
动作统计:
[19:34:13]   wind      : mean= 0.134, std= 0.153
[19:34:13]   solar     : mean=-0.500, std= 0.379
[19:34:13]   diesel    : mean= 0.288, std= 0.190
[19:34:13]   battery   : mean= 0.897, std= 0.197
[19:34:13]   customer  : mean= 0.792, std= 0.101
[19:34:14] 
======================================================================
[19:34:14] Episode 223/800
[19:34:14] ======================================================================
[19:34:14] 总奖励:  -128.53 | 步数: 24
[19:34:14] 最近10个episodes平均:  -139.20
[19:34:14] 
各Agent奖励:
[19:34:14]   wind      :   38.269
[19:34:14]   solar     :   10.127
[19:34:14]   diesel    :    1.858
[19:34:14]   battery   :    1.475
[19:34:14]   customer  : -180.258
[19:34:14] 
🔌 Main Grid 交易:
[19:34:14]   进口电量:    40.66 kWh
[19:34:14]   出口电量:   692.49 kWh
[19:34:14]   净交易量:  -651.82 kWh
[19:34:14]   平均出清价:  11.44 cents/kWh
[19:34:14]   市场独立度:  79.63%
[19:34:14] 
Buffer大小:  5592
[19:34:14] 噪声水平: 0.0792
[19:34:14] 
动作统计:
[19:34:14]   wind      : mean= 0.105, std= 0.165
[19:34:14]   solar     : mean=-0.543, std= 0.330
[19:34:14]   diesel    : mean= 0.310, std= 0.216
[19:34:14]   battery   : mean= 0.886, std= 0.249
[19:34:14]   customer  : mean= 0.752, std= 0.137
[19:34:15] 
======================================================================
[19:34:15] Episode 224/800
[19:34:15] ======================================================================
[19:34:15] 总奖励:  -143.68 | 步数: 24
[19:34:15] 最近10个episodes平均:  -138.84
[19:34:15] 
各Agent奖励:
[19:34:15]   wind      :   21.566
[19:34:15]   solar     :   11.419
[19:34:15]   diesel    :    1.088
[19:34:15]   battery   :    0.000
[19:34:15]   customer  : -177.753
[19:34:15] 
🔌 Main Grid 交易:
[19:34:15]   进口电量:    21.67 kWh
[19:34:15]   出口电量:   861.38 kWh
[19:34:15]   净交易量:  -839.71 kWh
[19:34:15]   平均出清价:  10.05 cents/kWh
[19:34:15]   市场独立度:  75.47%
[19:34:15] 
Buffer大小:  5616
[19:34:15] 噪声水平: 0.0791
[19:34:15] 
动作统计:
[19:34:15]   wind      : mean= 0.132, std= 0.157
[19:34:15]   solar     : mean=-0.518, std= 0.395
[19:34:15]   diesel    : mean= 0.297, std= 0.160
[19:34:15]   battery   : mean= 0.903, std= 0.180
[19:34:15]   customer  : mean= 0.812, std= 0.116
[19:34:16] 
======================================================================
[19:34:16] Episode 225/800
[19:34:16] ======================================================================
[19:34:16] 总奖励:  -147.55 | 步数: 24
[19:34:16] 最近10个episodes平均:  -139.40
[19:34:16] 
各Agent奖励:
[19:34:16]   wind      :   21.685
[19:34:16]   solar     :    8.707
[19:34:16]   diesel    :    0.023
[19:34:16]   battery   :    1.039
[19:34:16]   customer  : -179.004
[19:34:16] 
🔌 Main Grid 交易:
[19:34:16]   进口电量:     0.46 kWh
[19:34:16]   出口电量:   834.14 kWh
[19:34:16]   净交易量:  -833.68 kWh
[19:34:16]   平均出清价:   9.76 cents/kWh
[19:34:16]   市场独立度:  76.82%
[19:34:16] 
Buffer大小:  5640
[19:34:16] 噪声水平: 0.0790
[19:34:16] 
动作统计:
[19:34:16]   wind      : mean= 0.108, std= 0.134
[19:34:16]   solar     : mean=-0.531, std= 0.368
[19:34:16]   diesel    : mean= 0.339, std= 0.196
[19:34:16]   battery   : mean= 0.896, std= 0.230
[19:34:16]   customer  : mean= 0.799, std= 0.105
[19:34:17] 
======================================================================
[19:34:17] Episode 226/800
[19:34:17] ======================================================================
[19:34:17] 总奖励:  -144.92 | 步数: 24
[19:34:17] 最近10个episodes平均:  -139.29
[19:34:17] 
各Agent奖励:
[19:34:17]   wind      :   24.815
[19:34:17]   solar     :    8.505
[19:34:17]   diesel    :    1.754
[19:34:17]   battery   :    0.540
[19:34:17]   customer  : -180.537
[19:34:17] 
🔌 Main Grid 交易:
[19:34:17]   进口电量:     2.30 kWh
[19:34:17]   出口电量:   845.35 kWh
[19:34:17]   净交易量:  -843.05 kWh
[19:34:17]   平均出清价:  10.68 cents/kWh
[19:34:17]   市场独立度:  76.45%
[19:34:17] 
Buffer大小:  5664
[19:34:17] 噪声水平: 0.0790
[19:34:17] 
动作统计:
[19:34:17]   wind      : mean= 0.138, std= 0.136
[19:34:17]   solar     : mean=-0.552, std= 0.395
[19:34:17]   diesel    : mean= 0.320, std= 0.177
[19:34:17]   battery   : mean= 0.900, std= 0.204
[19:34:17]   customer  : mean= 0.822, std= 0.113
[19:34:18] 
======================================================================
[19:34:18] Episode 227/800
[19:34:18] ======================================================================
[19:34:18] 总奖励:  -139.07 | 步数: 24
[19:34:18] 最近10个episodes平均:  -139.40
[19:34:18] 
各Agent奖励:
[19:34:18]   wind      :   21.950
[19:34:18]   solar     :   13.933
[19:34:18]   diesel    :    3.183
[19:34:18]   battery   :    0.309
[19:34:18]   customer  : -178.450
[19:34:18] 
🔌 Main Grid 交易:
[19:34:18]   进口电量:    30.21 kWh
[19:34:18]   出口电量:   801.84 kWh
[19:34:18]   净交易量:  -771.62 kWh
[19:34:18]   平均出清价:  10.66 cents/kWh
[19:34:18]   市场独立度:  76.89%
[19:34:18] 
Buffer大小:  5688
[19:34:18] 噪声水平: 0.0789
[19:34:18] 
动作统计:
[19:34:18]   wind      : mean= 0.116, std= 0.155
[19:34:18]   solar     : mean=-0.579, std= 0.370
[19:34:18]   diesel    : mean= 0.323, std= 0.162
[19:34:18]   battery   : mean= 0.904, std= 0.197
[19:34:18]   customer  : mean= 0.803, std= 0.112
[19:34:18] 
======================================================================
[19:34:18] Episode 228/800
[19:34:18] ======================================================================
[19:34:18] 总奖励:  -143.70 | 步数: 24
[19:34:18] 最近10个episodes平均:  -140.44
[19:34:18] 
各Agent奖励:
[19:34:18]   wind      :   27.637
[19:34:18]   solar     :    9.158
[19:34:18]   diesel    :    1.903
[19:34:18]   battery   :    0.070
[19:34:18]   customer  : -182.465
[19:34:18] 
🔌 Main Grid 交易:
[19:34:18]   进口电量:    12.61 kWh
[19:34:18]   出口电量:   820.89 kWh
[19:34:18]   净交易量:  -808.28 kWh
[19:34:18]   平均出清价:  10.80 cents/kWh
[19:34:18]   市场独立度:  76.85%
[19:34:18] 
Buffer大小:  5712
[19:34:18] 噪声水平: 0.0788
[19:34:18] 
动作统计:
[19:34:18]   wind      : mean= 0.113, std= 0.134
[19:34:18]   solar     : mean=-0.509, std= 0.427
[19:34:18]   diesel    : mean= 0.335, std= 0.166
[19:34:18]   battery   : mean= 0.901, std= 0.188
[19:34:18]   customer  : mean= 0.819, std= 0.092
[19:34:19] 
======================================================================
[19:34:19] Episode 229/800
[19:34:19] ======================================================================
[19:34:19] 总奖励:  -140.30 | 步数: 24
[19:34:19] 最近10个episodes平均:  -141.39
[19:34:19] 
各Agent奖励:
[19:34:19]   wind      :   26.980
[19:34:19]   solar     :   10.769
[19:34:19]   diesel    :    2.654
[19:34:19]   battery   :    0.271
[19:34:19]   customer  : -180.973
[19:34:19] 
🔌 Main Grid 交易:
[19:34:19]   进口电量:    11.63 kWh
[19:34:19]   出口电量:   804.77 kWh
[19:34:19]   净交易量:  -793.14 kWh
[19:34:19]   平均出清价:  11.51 cents/kWh
[19:34:19]   市场独立度:  77.32%
[19:34:19] 
Buffer大小:  5736
[19:34:19] 噪声水平: 0.0787
[19:34:19] 
动作统计:
[19:34:19]   wind      : mean= 0.121, std= 0.141
[19:34:19]   solar     : mean=-0.561, std= 0.408
[19:34:19]   diesel    : mean= 0.314, std= 0.159
[19:34:19]   battery   : mean= 0.896, std= 0.219
[19:34:19]   customer  : mean= 0.802, std= 0.120
[19:34:21] 
======================================================================
[19:34:21] Episode 230/800
[19:34:21] ======================================================================
[19:34:21] 总奖励:  -138.30 | 步数: 24
[19:34:21] 最近10个episodes平均:  -140.89
[19:34:21] 
各Agent奖励:
[19:34:21]   wind      :   25.556
[19:34:21]   solar     :   14.939
[19:34:21]   diesel    :    4.496
[19:34:21]   battery   :   -0.273
[19:34:21]   customer  : -183.018
[19:34:21] 
🔌 Main Grid 交易:
[19:34:21]   进口电量:    37.23 kWh
[19:34:21]   出口电量:   664.67 kWh
[19:34:21]   净交易量:  -627.44 kWh
[19:34:21]   平均出清价:  12.25 cents/kWh
[19:34:21]   市场独立度:  80.50%
[19:34:21] 
Buffer大小:  5760
[19:34:21] 噪声水平: 0.0787
[19:34:21] 
动作统计:
[19:34:21]   wind      : mean= 0.093, std= 0.160
[19:34:21]   solar     : mean=-0.566, std= 0.373
[19:34:21]   diesel    : mean= 0.281, std= 0.178
[19:34:21]   battery   : mean= 0.876, std= 0.238
[19:34:21]   customer  : mean= 0.780, std= 0.111
[19:34:21] 
📊 生成可视化图表...
[19:34:21]   ✓ debug_plots/training_ep0230.png
[19:34:24] 
======================================================================
[19:34:24] Episode 231/800
[19:34:24] ======================================================================
[19:34:24] 总奖励:  -138.78 | 步数: 24
[19:34:24] 最近10个episodes平均:  -141.25
[19:34:24] 
各Agent奖励:
[19:34:24]   wind      :   26.215
[19:34:24]   solar     :    8.353
[19:34:24]   diesel    :    2.145
[19:34:24]   battery   :    0.105
[19:34:24]   customer  : -175.598
[19:34:24] 
🔌 Main Grid 交易:
[19:34:24]   进口电量:     0.00 kWh
[19:34:24]   出口电量:   851.24 kWh
[19:34:24]   净交易量:  -851.24 kWh
[19:34:24]   平均出清价:  10.48 cents/kWh
[19:34:24]   市场独立度:  76.35%
[19:34:24] 
Buffer大小:  5784
[19:34:24] 噪声水平: 0.0786
[19:34:24] 
动作统计:
[19:34:24]   wind      : mean= 0.102, std= 0.179
[19:34:24]   solar     : mean=-0.547, std= 0.431
[19:34:24]   diesel    : mean= 0.332, std= 0.138
[19:34:24]   battery   : mean= 0.900, std= 0.179
[19:34:24]   customer  : mean= 0.833, std= 0.124
[19:34:25] 
======================================================================
[19:34:25] Episode 232/800
[19:34:25] ======================================================================
[19:34:25] 总奖励:  -146.75 | 步数: 24
[19:34:25] 最近10个episodes平均:  -141.16
[19:34:25] 
各Agent奖励:
[19:34:25]   wind      :   20.549
[19:34:25]   solar     :    8.814
[19:34:25]   diesel    :   -0.851
[19:34:25]   battery   :    0.177
[19:34:25]   customer  : -175.438
[19:34:25] 
🔌 Main Grid 交易:
[19:34:25]   进口电量:     4.26 kWh
[19:34:25]   出口电量:   836.12 kWh
[19:34:25]   净交易量:  -831.86 kWh
[19:34:25]   平均出清价:   7.03 cents/kWh
[19:34:25]   市场独立度:  76.66%
[19:34:25] 
Buffer大小:  5808
[19:34:25] 噪声水平: 0.0785
[19:34:25] 
动作统计:
[19:34:25]   wind      : mean= 0.128, std= 0.164
[19:34:25]   solar     : mean=-0.527, std= 0.371
[19:34:25]   diesel    : mean= 0.313, std= 0.196
[19:34:25]   battery   : mean= 0.893, std= 0.202
[19:34:25]   customer  : mean= 0.822, std= 0.104
[19:34:27] 
======================================================================
[19:34:27] Episode 233/800
[19:34:27] ======================================================================
[19:34:27] 总奖励:  -150.08 | 步数: 24
[19:34:27] 最近10个episodes平均:  -143.31
[19:34:27] 
各Agent奖励:
[19:34:27]   wind      :   23.527
[19:34:27]   solar     :    9.331
[19:34:27]   diesel    :    4.550
[19:34:27]   battery   :    0.000
[19:34:27]   customer  : -187.484
[19:34:27] 
🔌 Main Grid 交易:
[19:34:27]   进口电量:    15.70 kWh
[19:34:27]   出口电量:   821.41 kWh
[19:34:27]   净交易量:  -805.71 kWh
[19:34:27]   平均出清价:  10.82 cents/kWh
[19:34:27]   市场独立度:  76.75%
[19:34:27] 
Buffer大小:  5832
[19:34:27] 噪声水平: 0.0784
[19:34:27] 
动作统计:
[19:34:27]   wind      : mean= 0.122, std= 0.150
[19:34:27]   solar     : mean=-0.517, std= 0.360
[19:34:27]   diesel    : mean= 0.333, std= 0.187
[19:34:27]   battery   : mean= 0.907, std= 0.180
[19:34:27]   customer  : mean= 0.791, std= 0.108
[19:34:28] 
======================================================================
[19:34:28] Episode 234/800
[19:34:28] ======================================================================
[19:34:28] 总奖励:  -152.90 | 步数: 24
[19:34:28] 最近10个episodes平均:  -144.23
[19:34:28] 
各Agent奖励:
[19:34:28]   wind      :   16.838
[19:34:28]   solar     :    8.670
[19:34:28]   diesel    :    0.715
[19:34:28]   battery   :   -0.080
[19:34:28]   customer  : -179.038
[19:34:28] 
🔌 Main Grid 交易:
[19:34:28]   进口电量:    32.33 kWh
[19:34:28]   出口电量:   902.31 kWh
[19:34:28]   净交易量:  -869.98 kWh
[19:34:28]   平均出清价:   8.80 cents/kWh
[19:34:28]   市场独立度:  74.04%
[19:34:28] 
Buffer大小:  5856
[19:34:28] 噪声水平: 0.0783
[19:34:28] 
动作统计:
[19:34:28]   wind      : mean= 0.093, std= 0.120
[19:34:28]   solar     : mean=-0.541, std= 0.433
[19:34:28]   diesel    : mean= 0.315, std= 0.179
[19:34:28]   battery   : mean= 0.901, std= 0.220
[19:34:28]   customer  : mean= 0.830, std= 0.124
[19:34:29] 
======================================================================
[19:34:29] Episode 235/800
[19:34:29] ======================================================================
[19:34:29] 总奖励:  -150.30 | 步数: 24
[19:34:29] 最近10个episodes平均:  -144.51
[19:34:29] 
各Agent奖励:
[19:34:29]   wind      :   25.975
[19:34:29]   solar     :    7.451
[19:34:29]   diesel    :    3.061
[19:34:29]   battery   :    0.000
[19:34:29]   customer  : -186.784
[19:34:29] 
🔌 Main Grid 交易:
[19:34:29]   进口电量:    12.88 kWh
[19:34:29]   出口电量:   835.38 kWh
[19:34:29]   净交易量:  -822.50 kWh
[19:34:29]   平均出清价:  10.06 cents/kWh
[19:34:29]   市场独立度:  76.44%
[19:34:29] 
Buffer大小:  5880
[19:34:29] 噪声水平: 0.0783
[19:34:29] 
动作统计:
[19:34:29]   wind      : mean= 0.133, std= 0.151
[19:34:29]   solar     : mean=-0.548, std= 0.412
[19:34:29]   diesel    : mean= 0.323, std= 0.175
[19:34:29]   battery   : mean= 0.899, std= 0.194
[19:34:29]   customer  : mean= 0.835, std= 0.125
[19:34:30] 
======================================================================
[19:34:30] Episode 236/800
[19:34:30] ======================================================================
[19:34:30] 总奖励:  -154.48 | 步数: 24
[19:34:30] 最近10个episodes平均:  -145.47
[19:34:30] 
各Agent奖励:
[19:34:30]   wind      :   20.986
[19:34:30]   solar     :   10.840
[19:34:30]   diesel    :    2.816
[19:34:30]   battery   :    0.563
[19:34:30]   customer  : -189.690
[19:34:30] 
🔌 Main Grid 交易:
[19:34:30]   进口电量:    36.18 kWh
[19:34:30]   出口电量:   782.10 kWh
[19:34:30]   净交易量:  -745.91 kWh
[19:34:30]   平均出清价:  10.49 cents/kWh
[19:34:30]   市场独立度:  77.27%
[19:34:30] 
Buffer大小:  5904
[19:34:30] 噪声水平: 0.0782
[19:34:30] 
动作统计:
[19:34:30]   wind      : mean= 0.066, std= 0.134
[19:34:30]   solar     : mean=-0.535, std= 0.439
[19:34:30]   diesel    : mean= 0.326, std= 0.177
[19:34:30]   battery   : mean= 0.878, std= 0.232
[19:34:30]   customer  : mean= 0.820, std= 0.129
[19:34:31] 
======================================================================
[19:34:31] Episode 237/800
[19:34:31] ======================================================================
[19:34:31] 总奖励:  -139.34 | 步数: 24
[19:34:31] 最近10个episodes平均:  -145.49
[19:34:31] 
各Agent奖励:
[19:34:31]   wind      :   28.498
[19:34:31]   solar     :    6.734
[19:34:31]   diesel    :   -0.006
[19:34:31]   battery   :   -0.061
[19:34:31]   customer  : -174.503
[19:34:31] 
🔌 Main Grid 交易:
[19:34:31]   进口电量:    13.88 kWh
[19:34:31]   出口电量:   839.96 kWh
[19:34:31]   净交易量:  -826.08 kWh
[19:34:31]   平均出清价:   9.53 cents/kWh
[19:34:31]   市场独立度:  76.28%
[19:34:31] 
Buffer大小:  5928
[19:34:31] 噪声水平: 0.0781
[19:34:31] 
动作统计:
[19:34:31]   wind      : mean= 0.098, std= 0.118
[19:34:31]   solar     : mean=-0.534, std= 0.443
[19:34:31]   diesel    : mean= 0.326, std= 0.162
[19:34:31]   battery   : mean= 0.882, std= 0.225
[19:34:31]   customer  : mean= 0.806, std= 0.103
[19:34:32] 
======================================================================
[19:34:32] Episode 238/800
[19:34:32] ======================================================================
[19:34:32] 总奖励:  -139.41 | 步数: 24
[19:34:32] 最近10个episodes平均:  -145.06
[19:34:32] 
各Agent奖励:
[19:34:32]   wind      :   25.433
[19:34:32]   solar     :   13.376
[19:34:32]   diesel    :    2.855
[19:34:32]   battery   :    0.187
[19:34:32]   customer  : -181.266
[19:34:32] 
🔌 Main Grid 交易:
[19:34:32]   进口电量:    15.62 kWh
[19:34:32]   出口电量:   736.25 kWh
[19:34:32]   净交易量:  -720.63 kWh
[19:34:32]   平均出清价:  12.43 cents/kWh
[19:34:32]   市场独立度:  79.11%
[19:34:32] 
Buffer大小:  5952
[19:34:32] 噪声水平: 0.0780
[19:34:32] 
动作统计:
[19:34:32]   wind      : mean= 0.127, std= 0.122
[19:34:32]   solar     : mean=-0.592, std= 0.409
[19:34:32]   diesel    : mean= 0.327, std= 0.157
[19:34:32]   battery   : mean= 0.879, std= 0.207
[19:34:32]   customer  : mean= 0.800, std= 0.088
[19:34:33] 
======================================================================
[19:34:33] Episode 239/800
[19:34:33] ======================================================================
[19:34:33] 总奖励:  -142.39 | 步数: 24
[19:34:33] 最近10个episodes平均:  -145.27
[19:34:33] 
各Agent奖励:
[19:34:33]   wind      :   27.988
[19:34:33]   solar     :    8.014
[19:34:33]   diesel    :    2.373
[19:34:33]   battery   :    0.000
[19:34:33]   customer  : -180.767
[19:34:33] 
🔌 Main Grid 交易:
[19:34:33]   进口电量:    19.20 kWh
[19:34:33]   出口电量:   724.25 kWh
[19:34:33]   净交易量:  -705.05 kWh
[19:34:33]   平均出清价:  10.92 cents/kWh
[19:34:33]   市场独立度:  79.35%
[19:34:33] 
Buffer大小:  5976
[19:34:33] 噪声水平: 0.0779
[19:34:33] 
动作统计:
[19:34:33]   wind      : mean= 0.080, std= 0.153
[19:34:33]   solar     : mean=-0.545, std= 0.423
[19:34:33]   diesel    : mean= 0.320, std= 0.196
[19:34:33]   battery   : mean= 0.870, std= 0.206
[19:34:33]   customer  : mean= 0.787, std= 0.110
[19:34:34] 
======================================================================
[19:34:34] Episode 240/800
[19:34:34] ======================================================================
[19:34:34] 总奖励:  -141.15 | 步数: 24
[19:34:34] 最近10个episodes平均:  -145.56
[19:34:34] 
各Agent奖励:
[19:34:34]   wind      :   23.807
[19:34:34]   solar     :   10.912
[19:34:34]   diesel    :    2.217
[19:34:34]   battery   :    0.107
[19:34:34]   customer  : -178.192
[19:34:34] 
🔌 Main Grid 交易:
[19:34:34]   进口电量:    16.34 kWh
[19:34:34]   出口电量:   857.34 kWh
[19:34:34]   净交易量:  -841.00 kWh
[19:34:34]   平均出清价:   8.59 cents/kWh
[19:34:34]   市场独立度:  75.73%
[19:34:34] 
Buffer大小:  6000
[19:34:34] 噪声水平: 0.0779
[19:34:34] 
动作统计:
[19:34:34]   wind      : mean= 0.089, std= 0.155
[19:34:34]   solar     : mean=-0.566, std= 0.390
[19:34:34]   diesel    : mean= 0.323, std= 0.179
[19:34:34]   battery   : mean= 0.881, std= 0.216
[19:34:34]   customer  : mean= 0.815, std= 0.119
[19:34:34] 
📊 生成可视化图表...
[19:34:35]   ✓ debug_plots/training_ep0240.png
[19:34:37] 
======================================================================
[19:34:37] Episode 241/800
[19:34:37] ======================================================================
[19:34:37] 总奖励:  -136.15 | 步数: 24
[19:34:37] 最近10个episodes平均:  -145.29
[19:34:37] 
各Agent奖励:
[19:34:37]   wind      :   28.877
[19:34:37]   solar     :   11.463
[19:34:37]   diesel    :    4.444
[19:34:37]   battery   :    0.253
[19:34:37]   customer  : -181.185
[19:34:37] 
🔌 Main Grid 交易:
[19:34:37]   进口电量:    22.78 kWh
[19:34:37]   出口电量:   742.15 kWh
[19:34:37]   净交易量:  -719.37 kWh
[19:34:37]   平均出清价:  11.60 cents/kWh
[19:34:37]   市场独立度:  78.75%
[19:34:37] 
Buffer大小:  6024
[19:34:37] 噪声水平: 0.0778
[19:34:37] 
动作统计:
[19:34:37]   wind      : mean= 0.109, std= 0.145
[19:34:37]   solar     : mean=-0.569, std= 0.420
[19:34:37]   diesel    : mean= 0.303, std= 0.175
[19:34:37]   battery   : mean= 0.861, std= 0.222
[19:34:37]   customer  : mean= 0.801, std= 0.112
[19:34:38] 
======================================================================
[19:34:38] Episode 242/800
[19:34:38] ======================================================================
[19:34:38] 总奖励:  -147.23 | 步数: 24
[19:34:38] 最近10个episodes平均:  -145.34
[19:34:38] 
各Agent奖励:
[19:34:38]   wind      :   22.136
[19:34:38]   solar     :   12.579
[19:34:38]   diesel    :    4.106
[19:34:38]   battery   :    3.583
[19:34:38]   customer  : -189.631
[19:34:38] 
🔌 Main Grid 交易:
[19:34:38]   进口电量:    70.30 kWh
[19:34:38]   出口电量:   821.11 kWh
[19:34:38]   净交易量:  -750.81 kWh
[19:34:38]   平均出清价:  11.76 cents/kWh
[19:34:38]   市场独立度:  75.24%
[19:34:38] 
Buffer大小:  6048
[19:34:38] 噪声水平: 0.0777
[19:34:38] 
动作统计:
[19:34:38]   wind      : mean= 0.114, std= 0.146
[19:34:38]   solar     : mean=-0.567, std= 0.405
[19:34:38]   diesel    : mean= 0.328, std= 0.217
[19:34:38]   battery   : mean= 0.841, std= 0.277
[19:34:38]   customer  : mean= 0.805, std= 0.142
[19:34:39] 
======================================================================
[19:34:39] Episode 243/800
[19:34:39] ======================================================================
[19:34:39] 总奖励:  -140.37 | 步数: 24
[19:34:39] 最近10个episodes平均:  -144.37
[19:34:39] 
各Agent奖励:
[19:34:39]   wind      :   23.746
[19:34:39]   solar     :   13.497
[19:34:39]   diesel    :    3.629
[19:34:39]   battery   :    0.935
[19:34:39]   customer  : -182.177
[19:34:39] 
🔌 Main Grid 交易:
[19:34:39]   进口电量:     2.40 kWh
[19:34:39]   出口电量:   842.42 kWh
[19:34:39]   净交易量:  -840.02 kWh
[19:34:39]   平均出清价:  11.57 cents/kWh
[19:34:39]   市场独立度:  76.53%
[19:34:39] 
Buffer大小:  6072
[19:34:39] 噪声水平: 0.0776
[19:34:39] 
动作统计:
[19:34:39]   wind      : mean= 0.141, std= 0.168
[19:34:39]   solar     : mean=-0.601, std= 0.416
[19:34:39]   diesel    : mean= 0.344, std= 0.205
[19:34:39]   battery   : mean= 0.841, std= 0.233
[19:34:39]   customer  : mean= 0.805, std= 0.112
[19:34:40] 
======================================================================
[19:34:40] Episode 244/800
[19:34:40] ======================================================================
[19:34:40] 总奖励:  -146.65 | 步数: 24
[19:34:40] 最近10个episodes平均:  -143.75
[19:34:40] 
各Agent奖励:
[19:34:40]   wind      :   16.217
[19:34:40]   solar     :   10.112
[19:34:40]   diesel    :    2.790
[19:34:40]   battery   :    0.000
[19:34:40]   customer  : -175.764
[19:34:40] 
🔌 Main Grid 交易:
[19:34:40]   进口电量:     0.00 kWh
[19:34:40]   出口电量:   809.76 kWh
[19:34:40]   净交易量:  -809.76 kWh
[19:34:40]   平均出清价:   8.67 cents/kWh
[19:34:40]   市场独立度:  77.51%
[19:34:40] 
Buffer大小:  6096
[19:34:40] 噪声水平: 0.0776
[19:34:40] 
动作统计:
[19:34:40]   wind      : mean= 0.115, std= 0.144
[19:34:40]   solar     : mean=-0.601, std= 0.356
[19:34:40]   diesel    : mean= 0.327, std= 0.170
[19:34:40]   battery   : mean= 0.828, std= 0.235
[19:34:40]   customer  : mean= 0.821, std= 0.106
[19:34:41] 
======================================================================
[19:34:41] Episode 245/800
[19:34:41] ======================================================================
[19:34:41] 总奖励:  -136.53 | 步数: 24
[19:34:41] 最近10个episodes平均:  -142.37
[19:34:41] 
各Agent奖励:
[19:34:41]   wind      :   25.834
[19:34:41]   solar     :    9.303
[19:34:41]   diesel    :    0.262
[19:34:41]   battery   :    0.027
[19:34:41]   customer  : -171.960
[19:34:41] 
🔌 Main Grid 交易:
[19:34:41]   进口电量:     0.00 kWh
[19:34:41]   出口电量:   884.12 kWh
[19:34:41]   净交易量:  -884.12 kWh
[19:34:41]   平均出清价:   9.76 cents/kWh
[19:34:41]   市场独立度:  75.44%
[19:34:41] 
Buffer大小:  6120
[19:34:41] 噪声水平: 0.0775
[19:34:41] 
动作统计:
[19:34:41]   wind      : mean= 0.119, std= 0.141
[19:34:41]   solar     : mean=-0.610, std= 0.395
[19:34:41]   diesel    : mean= 0.347, std= 0.184
[19:34:41]   battery   : mean= 0.846, std= 0.222
[19:34:41]   customer  : mean= 0.807, std= 0.076
[19:34:42] 
======================================================================
[19:34:42] Episode 246/800
[19:34:42] ======================================================================
[19:34:42] 总奖励:  -143.74 | 步数: 24
[19:34:42] 最近10个episodes平均:  -141.30
[19:34:42] 
各Agent奖励:
[19:34:42]   wind      :   26.546
[19:34:42]   solar     :    9.286
[19:34:42]   diesel    :    1.924
[19:34:42]   battery   :    0.000
[19:34:42]   customer  : -181.493
[19:34:42] 
🔌 Main Grid 交易:
[19:34:42]   进口电量:    18.62 kWh
[19:34:42]   出口电量:   839.68 kWh
[19:34:42]   净交易量:  -821.06 kWh
[19:34:42]   平均出清价:   9.52 cents/kWh
[19:34:42]   市场独立度:  76.16%
[19:34:42] 
Buffer大小:  6144
[19:34:42] 噪声水平: 0.0774
[19:34:42] 
动作统计:
[19:34:42]   wind      : mean= 0.080, std= 0.144
[19:34:42]   solar     : mean=-0.565, std= 0.391
[19:34:42]   diesel    : mean= 0.301, std= 0.198
[19:34:42]   battery   : mean= 0.840, std= 0.228
[19:34:42]   customer  : mean= 0.817, std= 0.124
[19:34:43] 
======================================================================
[19:34:43] Episode 247/800
[19:34:43] ======================================================================
[19:34:43] 总奖励:  -144.81 | 步数: 24
[19:34:43] 最近10个episodes平均:  -141.84
[19:34:43] 
各Agent奖励:
[19:34:43]   wind      :   20.804
[19:34:43]   solar     :    9.498
[19:34:43]   diesel    :   -0.786
[19:34:43]   battery   :    0.000
[19:34:43]   customer  : -174.323
[19:34:43] 
🔌 Main Grid 交易:
[19:34:43]   进口电量:     0.00 kWh
[19:34:43]   出口电量:   878.60 kWh
[19:34:43]   净交易量:  -878.60 kWh
[19:34:43]   平均出清价:   9.02 cents/kWh
[19:34:43]   市场独立度:  75.59%
[19:34:43] 
Buffer大小:  6168
[19:34:43] 噪声水平: 0.0773
[19:34:43] 
动作统计:
[19:34:43]   wind      : mean= 0.086, std= 0.113
[19:34:43]   solar     : mean=-0.548, std= 0.425
[19:34:43]   diesel    : mean= 0.327, std= 0.169
[19:34:43]   battery   : mean= 0.839, std= 0.227
[19:34:43]   customer  : mean= 0.822, std= 0.117
[19:34:44] 
======================================================================
[19:34:44] Episode 248/800
[19:34:44] ======================================================================
[19:34:44] 总奖励:  -145.04 | 步数: 24
[19:34:44] 最近10个episodes平均:  -142.41
[19:34:44] 
各Agent奖励:
[19:34:44]   wind      :   19.671
[19:34:44]   solar     :   10.723
[19:34:44]   diesel    :    1.925
[19:34:44]   battery   :    0.000
[19:34:44]   customer  : -177.361
[19:34:44] 
🔌 Main Grid 交易:
[19:34:44]   进口电量:    29.37 kWh
[19:34:44]   出口电量:   890.71 kWh
[19:34:44]   净交易量:  -861.34 kWh
[19:34:44]   平均出清价:  10.48 cents/kWh
[19:34:44]   市场独立度:  74.44%
[19:34:44] 
Buffer大小:  6192
[19:34:44] 噪声水平: 0.0772
[19:34:44] 
动作统计:
[19:34:44]   wind      : mean= 0.123, std= 0.145
[19:34:44]   solar     : mean=-0.560, std= 0.417
[19:34:44]   diesel    : mean= 0.331, std= 0.210
[19:34:44]   battery   : mean= 0.847, std= 0.205
[19:34:44]   customer  : mean= 0.795, std= 0.128
[19:34:45] 
======================================================================
[19:34:45] Episode 249/800
[19:34:45] ======================================================================
[19:34:45] 总奖励:  -149.15 | 步数: 24
[19:34:45] 最近10个episodes平均:  -143.08
[19:34:45] 
各Agent奖励:
[19:34:45]   wind      :   24.465
[19:34:45]   solar     :    5.532
[19:34:45]   diesel    :    0.152
[19:34:45]   battery   :    0.483
[19:34:45]   customer  : -179.780
[19:34:45] 
🔌 Main Grid 交易:
[19:34:45]   进口电量:    32.89 kWh
[19:34:45]   出口电量:   876.05 kWh
[19:34:45]   净交易量:  -843.16 kWh
[19:34:45]   平均出清价:   9.87 cents/kWh
[19:34:45]   市场独立度:  74.75%
[19:34:45] 
Buffer大小:  6216
[19:34:45] 噪声水平: 0.0772
[19:34:45] 
动作统计:
[19:34:45]   wind      : mean= 0.096, std= 0.132
[19:34:45]   solar     : mean=-0.510, std= 0.447
[19:34:45]   diesel    : mean= 0.329, std= 0.165
[19:34:45]   battery   : mean= 0.836, std= 0.247
[19:34:45]   customer  : mean= 0.824, std= 0.109
[19:34:46] 
======================================================================
[19:34:46] Episode 250/800
[19:34:46] ======================================================================
[19:34:46] 总奖励:  -145.32 | 步数: 24
[19:34:46] 最近10个episodes平均:  -143.50
[19:34:46] 
各Agent奖励:
[19:34:46]   wind      :   21.289
[19:34:46]   solar     :   10.338
[19:34:46]   diesel    :    0.012
[19:34:46]   battery   :   -0.161
[19:34:46]   customer  : -176.796
[19:34:46] 
🔌 Main Grid 交易:
[19:34:46]   进口电量:    15.73 kWh
[19:34:46]   出口电量:   767.71 kWh
[19:34:46]   净交易量:  -751.97 kWh
[19:34:46]   平均出清价:  10.50 cents/kWh
[19:34:46]   市场独立度:  78.24%
[19:34:46] 
Buffer大小:  6240
[19:34:46] 噪声水平: 0.0771
[19:34:46] 
动作统计:
[19:34:46]   wind      : mean= 0.084, std= 0.179
[19:34:46]   solar     : mean=-0.544, std= 0.405
[19:34:46]   diesel    : mean= 0.308, std= 0.208
[19:34:46]   battery   : mean= 0.854, std= 0.231
[19:34:46]   customer  : mean= 0.813, std= 0.108
[19:34:46] 
📊 生成可视化图表...
[19:34:47]   ✓ debug_plots/training_ep0250.png
[19:34:47] 💾 保存checkpoint: debug_checkpoints/debug_maddpg_20251203_193028_ep0250.pt
[19:34:48] 
======================================================================
[19:34:48] Episode 251/800
[19:34:48] ======================================================================
[19:34:48] 总奖励:  -146.47 | 步数: 24
[19:34:48] 最近10个episodes平均:  -144.53
[19:34:48] 
各Agent奖励:
[19:34:48]   wind      :   21.582
[19:34:48]   solar     :   10.541
[19:34:48]   diesel    :   -1.281
[19:34:48]   battery   :    0.618
[19:34:48]   customer  : -177.927
[19:34:48] 
🔌 Main Grid 交易:
[19:34:48]   进口电量:    22.47 kWh
[19:34:48]   出口电量:   855.60 kWh
[19:34:48]   净交易量:  -833.14 kWh
[19:34:48]   平均出清价:  10.06 cents/kWh
[19:34:48]   市场独立度:  75.61%
[19:34:48] 
Buffer大小:  6264
[19:34:48] 噪声水平: 0.0770
[19:34:48] 
动作统计:
[19:34:48]   wind      : mean= 0.117, std= 0.145
[19:34:48]   solar     : mean=-0.558, std= 0.395
[19:34:48]   diesel    : mean= 0.296, std= 0.217
[19:34:48]   battery   : mean= 0.808, std= 0.255
[19:34:48]   customer  : mean= 0.821, std= 0.096
[19:34:50] 
======================================================================
[19:34:50] Episode 252/800
[19:34:50] ======================================================================
[19:34:50] 总奖励:  -146.08 | 步数: 24
[19:34:50] 最近10个episodes平均:  -144.42
[19:34:50] 
各Agent奖励:
[19:34:50]   wind      :   24.599
[19:34:50]   solar     :   13.093
[19:34:50]   diesel    :    6.371
[19:34:50]   battery   :   -0.059
[19:34:50]   customer  : -190.085
[19:34:50] 
🔌 Main Grid 交易:
[19:34:50]   进口电量:    11.98 kWh
[19:34:50]   出口电量:   767.49 kWh
[19:34:50]   净交易量:  -755.51 kWh
[19:34:50]   平均出清价:  12.56 cents/kWh
[19:34:50]   市场独立度:  78.35%
[19:34:50] 
Buffer大小:  6288
[19:34:50] 噪声水平: 0.0769
[19:34:50] 
动作统计:
[19:34:50]   wind      : mean= 0.108, std= 0.164
[19:34:50]   solar     : mean=-0.532, std= 0.383
[19:34:50]   diesel    : mean= 0.328, std= 0.181
[19:34:50]   battery   : mean= 0.819, std= 0.247
[19:34:50]   customer  : mean= 0.808, std= 0.104
[19:34:52] 
======================================================================
[19:34:52] Episode 253/800
[19:34:52] ======================================================================
[19:34:52] 总奖励:  -150.01 | 步数: 24
[19:34:52] 最近10个episodes平均:  -145.38
[19:34:52] 
各Agent奖励:
[19:34:52]   wind      :   18.571
[19:34:52]   solar     :   13.745
[19:34:52]   diesel    :    5.539
[19:34:52]   battery   :    0.304
[19:34:52]   customer  : -188.166
[19:34:52] 
🔌 Main Grid 交易:
[19:34:52]   进口电量:    24.82 kWh
[19:34:52]   出口电量:   829.71 kWh
[19:34:52]   净交易量:  -804.89 kWh
[19:34:52]   平均出清价:  11.71 cents/kWh
[19:34:52]   市场独立度:  76.26%
[19:34:52] 
Buffer大小:  6312
[19:34:52] 噪声水平: 0.0769
[19:34:52] 
动作统计:
[19:34:52]   wind      : mean= 0.094, std= 0.180
[19:34:52]   solar     : mean=-0.507, std= 0.416
[19:34:52]   diesel    : mean= 0.336, std= 0.208
[19:34:52]   battery   : mean= 0.812, std= 0.227
[19:34:52]   customer  : mean= 0.812, std= 0.109
[19:34:54] 
======================================================================
[19:34:54] Episode 254/800
[19:34:54] ======================================================================
[19:34:54] 总奖励:  -150.62 | 步数: 24
[19:34:54] 最近10个episodes平均:  -145.78
[19:34:54] 
各Agent奖励:
[19:34:54]   wind      :   20.288
[19:34:54]   solar     :    8.019
[19:34:54]   diesel    :    2.903
[19:34:54]   battery   :    1.066
[19:34:54]   customer  : -182.900
[19:34:54] 
🔌 Main Grid 交易:
[19:34:54]   进口电量:    13.27 kWh
[19:34:54]   出口电量:   863.48 kWh
[19:34:54]   净交易量:  -850.21 kWh
[19:34:54]   平均出清价:  11.48 cents/kWh
[19:34:54]   市场独立度:  75.65%
[19:34:54] 
Buffer大小:  6336
[19:34:54] 噪声水平: 0.0768
[19:34:54] 
动作统计:
[19:34:54]   wind      : mean= 0.126, std= 0.155
[19:34:54]   solar     : mean=-0.492, std= 0.425
[19:34:54]   diesel    : mean= 0.357, std= 0.196
[19:34:54]   battery   : mean= 0.807, std= 0.256
[19:34:54]   customer  : mean= 0.807, std= 0.109
[19:34:56] 
======================================================================
[19:34:56] Episode 255/800
[19:34:56] ======================================================================
[19:34:56] 总奖励:  -141.55 | 步数: 24
[19:34:56] 最近10个episodes平均:  -146.28
[19:34:56] 
各Agent奖励:
[19:34:56]   wind      :   26.851
[19:34:56]   solar     :   14.666
[19:34:56]   diesel    :    6.208
[19:34:56]   battery   :    0.000
[19:34:56]   customer  : -189.276
[19:34:56] 
🔌 Main Grid 交易:
[19:34:56]   进口电量:    17.10 kWh
[19:34:56]   出口电量:   808.74 kWh
[19:34:56]   净交易量:  -791.64 kWh
[19:34:56]   平均出清价:  13.64 cents/kWh
[19:34:56]   市场独立度:  77.06%
[19:34:56] 
Buffer大小:  6360
[19:34:56] 噪声水平: 0.0767
[19:34:56] 
动作统计:
[19:34:56]   wind      : mean= 0.145, std= 0.133
[19:34:56]   solar     : mean=-0.478, std= 0.406
[19:34:56]   diesel    : mean= 0.358, std= 0.183
[19:34:56]   battery   : mean= 0.815, std= 0.220
[19:34:56]   customer  : mean= 0.807, std= 0.111
[19:34:58] 
======================================================================
[19:34:58] Episode 256/800
[19:34:58] ======================================================================
[19:34:58] 总奖励:  -139.72 | 步数: 24
[19:34:58] 最近10个episodes平均:  -145.88
[19:34:58] 
各Agent奖励:
[19:34:58]   wind      :   29.461
[19:34:58]   solar     :   13.040
[19:34:58]   diesel    :    1.774
[19:34:58]   battery   :    0.000
[19:34:58]   customer  : -183.993
[19:34:58] 
🔌 Main Grid 交易:
[19:34:58]   进口电量:    34.29 kWh
[19:34:58]   出口电量:   930.67 kWh
[19:34:58]   净交易量:  -896.38 kWh
[19:34:58]   平均出清价:  11.09 cents/kWh
[19:34:58]   市场独立度:  73.20%
[19:34:58] 
Buffer大小:  6384
[19:34:58] 噪声水平: 0.0766
[19:34:58] 
动作统计:
[19:34:58]   wind      : mean= 0.128, std= 0.150
[19:34:58]   solar     : mean=-0.475, std= 0.419
[19:34:58]   diesel    : mean= 0.336, std= 0.210
[19:34:58]   battery   : mean= 0.824, std= 0.206
[19:34:58]   customer  : mean= 0.795, std= 0.086
[19:35:01] 
======================================================================
[19:35:01] Episode 257/800
[19:35:01] ======================================================================
[19:35:01] 总奖励:  -143.13 | 步数: 24
[19:35:01] 最近10个episodes平均:  -145.71
[19:35:01] 
各Agent奖励:
[19:35:01]   wind      :   23.147
[19:35:01]   solar     :   11.051
[19:35:01]   diesel    :   -0.293
[19:35:01]   battery   :   -0.054
[19:35:01]   customer  : -176.986
[19:35:01] 
🔌 Main Grid 交易:
[19:35:01]   进口电量:     0.00 kWh
[19:35:01]   出口电量:   959.38 kWh
[19:35:01]   净交易量:  -959.38 kWh
[19:35:01]   平均出清价:   9.93 cents/kWh
[19:35:01]   市场独立度:  73.35%
[19:35:01] 
Buffer大小:  6408
[19:35:01] 噪声水平: 0.0766
[19:35:01] 
动作统计:
[19:35:01]   wind      : mean= 0.153, std= 0.102
[19:35:01]   solar     : mean=-0.389, std= 0.458
[19:35:01]   diesel    : mean= 0.353, std= 0.221
[19:35:01]   battery   : mean= 0.796, std= 0.251
[19:35:01]   customer  : mean= 0.824, std= 0.110
[19:35:02] 
======================================================================
[19:35:02] Episode 258/800
[19:35:02] ======================================================================
[19:35:02] 总奖励:  -142.34 | 步数: 24
[19:35:02] 最近10个episodes平均:  -145.44
[19:35:02] 
各Agent奖励:
[19:35:02]   wind      :   22.962
[19:35:02]   solar     :    7.585
[19:35:02]   diesel    :    1.107
[19:35:02]   battery   :    0.000
[19:35:02]   customer  : -173.998
[19:35:02] 
🔌 Main Grid 交易:
[19:35:02]   进口电量:     0.05 kWh
[19:35:02]   出口电量:   823.62 kWh
[19:35:02]   净交易量:  -823.57 kWh
[19:35:02]   平均出清价:   9.55 cents/kWh
[19:35:02]   市场独立度:  77.12%
[19:35:02] 
Buffer大小:  6432
[19:35:02] 噪声水平: 0.0765
[19:35:02] 
动作统计:
[19:35:02]   wind      : mean= 0.096, std= 0.136
[19:35:02]   solar     : mean=-0.313, std= 0.385
[19:35:02]   diesel    : mean= 0.356, std= 0.187
[19:35:02]   battery   : mean= 0.808, std= 0.223
[19:35:02]   customer  : mean= 0.818, std= 0.107
[19:35:03] 
======================================================================
[19:35:03] Episode 259/800
[19:35:03] ======================================================================
[19:35:03] 总奖励:  -154.53 | 步数: 24
[19:35:03] 最近10个episodes平均:  -145.98
[19:35:03] 
各Agent奖励:
[19:35:03]   wind      :   16.151
[19:35:03]   solar     :   10.776
[19:35:03]   diesel    :   -0.696
[19:35:03]   battery   :   -0.290
[19:35:03]   customer  : -180.472
[19:35:03] 
🔌 Main Grid 交易:
[19:35:03]   进口电量:     0.00 kWh
[19:35:03]   出口电量:  1016.03 kWh
[19:35:03]   净交易量: -1016.03 kWh
[19:35:03]   平均出清价:   9.37 cents/kWh
[19:35:03]   市场独立度:  71.78%
[19:35:03] 
Buffer大小:  6456
[19:35:03] 噪声水平: 0.0764
[19:35:03] 
动作统计:
[19:35:03]   wind      : mean= 0.106, std= 0.158
[19:35:03]   solar     : mean=-0.227, std= 0.427
[19:35:03]   diesel    : mean= 0.366, std= 0.211
[19:35:03]   battery   : mean= 0.792, std= 0.258
[19:35:03]   customer  : mean= 0.832, std= 0.086
[19:35:05] 
======================================================================
[19:35:05] Episode 260/800
[19:35:05] ======================================================================
[19:35:05] 总奖励:  -151.74 | 步数: 24
[19:35:05] 最近10个episodes平均:  -146.62
[19:35:05] 
各Agent奖励:
[19:35:05]   wind      :   20.098
[19:35:05]   solar     :    6.070
[19:35:05]   diesel    :   -0.745
[19:35:05]   battery   :    0.000
[19:35:05]   customer  : -177.166
[19:35:05] 
🔌 Main Grid 交易:
[19:35:05]   进口电量:    40.71 kWh
[19:35:05]   出口电量:   986.38 kWh
[19:35:05]   净交易量:  -945.66 kWh
[19:35:05]   平均出清价:  10.05 cents/kWh
[19:35:05]   市场独立度:  71.47%
[19:35:05] 
Buffer大小:  6480
[19:35:05] 噪声水平: 0.0763
[19:35:05] 
动作统计:
[19:35:05]   wind      : mean= 0.107, std= 0.156
[19:35:05]   solar     : mean=-0.193, std= 0.485
[19:35:05]   diesel    : mean= 0.329, std= 0.252
[19:35:05]   battery   : mean= 0.805, std= 0.210
[19:35:05]   customer  : mean= 0.829, std= 0.130
[19:35:05] 
📊 生成可视化图表...
[19:35:05]   ✓ debug_plots/training_ep0260.png
[19:35:06] 
======================================================================
[19:35:06] Episode 261/800
[19:35:06] ======================================================================
[19:35:06] 总奖励:  -138.33 | 步数: 24
[19:35:06] 最近10个episodes平均:  -145.81
[19:35:06] 
各Agent奖励:
[19:35:06]   wind      :   26.361
[19:35:06]   solar     :   11.971
[19:35:06]   diesel    :    1.310
[19:35:06]   battery   :   -0.001
[19:35:06]   customer  : -177.971
[19:35:06] 
🔌 Main Grid 交易:
[19:35:06]   进口电量:    15.12 kWh
[19:35:06]   出口电量:   998.35 kWh
[19:35:06]   净交易量:  -983.24 kWh
[19:35:06]   平均出清价:  10.90 cents/kWh
[19:35:06]   市场独立度:  71.85%
[19:35:06] 
Buffer大小:  6504
[19:35:06] 噪声水平: 0.0763
[19:35:06] 
动作统计:
[19:35:06]   wind      : mean= 0.105, std= 0.151
[19:35:06]   solar     : mean=-0.163, std= 0.518
[19:35:06]   diesel    : mean= 0.363, std= 0.233
[19:35:06]   battery   : mean= 0.802, std= 0.246
[19:35:06]   customer  : mean= 0.819, std= 0.105
[19:35:07] 
======================================================================
[19:35:07] Episode 262/800
[19:35:07] ======================================================================
[19:35:07] 总奖励:  -138.97 | 步数: 24
[19:35:07] 最近10个episodes平均:  -145.10
[19:35:07] 
各Agent奖励:
[19:35:07]   wind      :   18.976
[19:35:07]   solar     :   11.057
[19:35:07]   diesel    :    0.811
[19:35:07]   battery   :    0.000
[19:35:07]   customer  : -169.818
[19:35:07] 
🔌 Main Grid 交易:
[19:35:07]   进口电量:     0.00 kWh
[19:35:07]   出口电量:  1105.90 kWh
[19:35:07]   净交易量: -1105.90 kWh
[19:35:07]   平均出清价:   8.44 cents/kWh
[19:35:07]   市场独立度:  69.28%
[19:35:07] 
Buffer大小:  6528
[19:35:07] 噪声水平: 0.0762
[19:35:07] 
动作统计:
[19:35:07]   wind      : mean= 0.093, std= 0.142
[19:35:07]   solar     : mean=-0.103, std= 0.524
[19:35:07]   diesel    : mean= 0.378, std= 0.208
[19:35:07]   battery   : mean= 0.805, std= 0.235
[19:35:07]   customer  : mean= 0.826, std= 0.139
[19:35:09] 
======================================================================
[19:35:09] Episode 263/800
[19:35:09] ======================================================================
[19:35:09] 总奖励:  -143.79 | 步数: 24
[19:35:09] 最近10个episodes平均:  -144.47
[19:35:09] 
各Agent奖励:
[19:35:09]   wind      :   26.614
[19:35:09]   solar     :   12.011
[19:35:09]   diesel    :    0.577
[19:35:09]   battery   :    0.000
[19:35:09]   customer  : -182.994
[19:35:09] 
🔌 Main Grid 交易:
[19:35:09]   进口电量:     0.31 kWh
[19:35:09]   出口电量:   888.60 kWh
[19:35:09]   净交易量:  -888.28 kWh
[19:35:09]   平均出清价:  11.94 cents/kWh
[19:35:09]   市场独立度:  75.31%
[19:35:09] 
Buffer大小:  6552
[19:35:09] 噪声水平: 0.0761
[19:35:09] 
动作统计:
[19:35:09]   wind      : mean= 0.110, std= 0.153
[19:35:09]   solar     : mean=-0.088, std= 0.598
[19:35:09]   diesel    : mean= 0.372, std= 0.195
[19:35:09]   battery   : mean= 0.791, std= 0.233
[19:35:09]   customer  : mean= 0.820, std= 0.084
[19:35:10] 
======================================================================
[19:35:10] Episode 264/800
[19:35:10] ======================================================================
[19:35:10] 总奖励:  -151.25 | 步数: 24
[19:35:10] 最近10个episodes平均:  -144.54
[19:35:10] 
各Agent奖励:
[19:35:10]   wind      :   18.425
[19:35:10]   solar     :   14.395
[19:35:10]   diesel    :    4.955
[19:35:10]   battery   :    0.000
[19:35:10]   customer  : -189.020
[19:35:10] 
🔌 Main Grid 交易:
[19:35:10]   进口电量:    58.84 kWh
[19:35:10]   出口电量:   934.96 kWh
[19:35:10]   净交易量:  -876.12 kWh
[19:35:10]   平均出清价:  11.40 cents/kWh
[19:35:10]   市场独立度:  72.39%
[19:35:10] 
Buffer大小:  6576
[19:35:10] 噪声水平: 0.0760
[19:35:10] 
动作统计:
[19:35:10]   wind      : mean= 0.140, std= 0.150
[19:35:10]   solar     : mean=-0.134, std= 0.589
[19:35:10]   diesel    : mean= 0.350, std= 0.218
[19:35:10]   battery   : mean= 0.779, std= 0.226
[19:35:10]   customer  : mean= 0.805, std= 0.124
[19:35:11] 
======================================================================
[19:35:11] Episode 265/800
[19:35:11] ======================================================================
[19:35:11] 总奖励:  -141.69 | 步数: 24
[19:35:11] 最近10个episodes平均:  -144.55
[19:35:11] 
各Agent奖励:
[19:35:11]   wind      :   25.319
[19:35:11]   solar     :   13.486
[19:35:11]   diesel    :    0.813
[19:35:11]   battery   :    0.382
[19:35:11]   customer  : -181.692
[19:35:11] 
🔌 Main Grid 交易:
[19:35:11]   进口电量:     0.00 kWh
[19:35:11]   出口电量:  1074.13 kWh
[19:35:11]   净交易量: -1074.13 kWh
[19:35:11]   平均出清价:  11.09 cents/kWh
[19:35:11]   市场独立度:  70.16%
[19:35:11] 
Buffer大小:  6600
[19:35:11] 噪声水平: 0.0759
[19:35:11] 
动作统计:
[19:35:11]   wind      : mean= 0.114, std= 0.154
[19:35:11]   solar     : mean=-0.136, std= 0.612
[19:35:11]   diesel    : mean= 0.383, std= 0.217
[19:35:11]   battery   : mean= 0.796, std= 0.252
[19:35:11]   customer  : mean= 0.829, std= 0.113
[19:35:13] 
======================================================================
[19:35:13] Episode 266/800
[19:35:13] ======================================================================
[19:35:13] 总奖励:  -147.54 | 步数: 24
[19:35:13] 最近10个episodes平均:  -145.33
[19:35:13] 
各Agent奖励:
[19:35:13]   wind      :   18.178
[19:35:13]   solar     :   11.579
[19:35:13]   diesel    :    2.008
[19:35:13]   battery   :    0.000
[19:35:13]   customer  : -179.304
[19:35:13] 
🔌 Main Grid 交易:
[19:35:13]   进口电量:    12.80 kWh
[19:35:13]   出口电量:  1043.05 kWh
[19:35:13]   净交易量: -1030.24 kWh
[19:35:13]   平均出清价:   8.48 cents/kWh
[19:35:13]   市场独立度:  70.67%
[19:35:13] 
Buffer大小:  6624
[19:35:13] 噪声水平: 0.0759
[19:35:13] 
动作统计:
[19:35:13]   wind      : mean= 0.124, std= 0.137
[19:35:13]   solar     : mean=-0.089, std= 0.639
[19:35:13]   diesel    : mean= 0.366, std= 0.213
[19:35:13]   battery   : mean= 0.804, std= 0.235
[19:35:13]   customer  : mean= 0.852, std= 0.095
[19:35:14] 
======================================================================
[19:35:14] Episode 267/800
[19:35:14] ======================================================================
[19:35:14] 总奖励:  -133.53 | 步数: 24
[19:35:14] 最近10个episodes平均:  -144.37
[19:35:14] 
各Agent奖励:
[19:35:14]   wind      :   34.043
[19:35:14]   solar     :   10.378
[19:35:14]   diesel    :    1.701
[19:35:14]   battery   :   -0.081
[19:35:14]   customer  : -179.575
[19:35:14] 
🔌 Main Grid 交易:
[19:35:14]   进口电量:    31.93 kWh
[19:35:14]   出口电量:   910.67 kWh
[19:35:14]   净交易量:  -878.75 kWh
[19:35:14]   平均出清价:  11.38 cents/kWh
[19:35:14]   市场独立度:  73.82%
[19:35:14] 
Buffer大小:  6648
[19:35:14] 噪声水平: 0.0758
[19:35:14] 
动作统计:
[19:35:14]   wind      : mean= 0.106, std= 0.152
[19:35:14]   solar     : mean=-0.128, std= 0.642
[19:35:14]   diesel    : mean= 0.342, std= 0.221
[19:35:14]   battery   : mean= 0.795, std= 0.244
[19:35:14]   customer  : mean= 0.812, std= 0.118
[19:35:16] 
======================================================================
[19:35:16] Episode 268/800
[19:35:16] ======================================================================
[19:35:16] 总奖励:  -150.58 | 步数: 24
[19:35:16] 最近10个episodes平均:  -145.20
[19:35:16] 
各Agent奖励:
[19:35:16]   wind      :   22.325
[19:35:16]   solar     :    9.405
[19:35:16]   diesel    :   -0.173
[19:35:16]   battery   :    0.296
[19:35:16]   customer  : -182.435
[19:35:16] 
🔌 Main Grid 交易:
[19:35:16]   进口电量:    13.75 kWh
[19:35:16]   出口电量:  1024.21 kWh
[19:35:16]   净交易量: -1010.46 kWh
[19:35:16]   平均出清价:  10.79 cents/kWh
[19:35:16]   市场独立度:  71.17%
[19:35:16] 
Buffer大小:  6672
[19:35:16] 噪声水平: 0.0757
[19:35:16] 
动作统计:
[19:35:16]   wind      : mean= 0.126, std= 0.169
[19:35:16]   solar     : mean=-0.109, std= 0.674
[19:35:16]   diesel    : mean= 0.357, std= 0.235
[19:35:16]   battery   : mean= 0.805, std= 0.232
[19:35:16]   customer  : mean= 0.829, std= 0.122
[19:35:17] 
======================================================================
[19:35:17] Episode 269/800
[19:35:17] ======================================================================
[19:35:17] 总奖励:  -142.87 | 步数: 24
[19:35:17] 最近10个episodes平均:  -144.03
[19:35:17] 
各Agent奖励:
[19:35:17]   wind      :   24.222
[19:35:17]   solar     :    7.013
[19:35:17]   diesel    :    1.571
[19:35:17]   battery   :    0.000
[19:35:17]   customer  : -175.675
[19:35:17] 
🔌 Main Grid 交易:
[19:35:17]   进口电量:    31.58 kWh
[19:35:17]   出口电量:   971.27 kWh
[19:35:17]   净交易量:  -939.70 kWh
[19:35:17]   平均出清价:   8.83 cents/kWh
[19:35:17]   市场独立度:  72.14%
[19:35:17] 
Buffer大小:  6696
[19:35:17] 噪声水平: 0.0756
[19:35:17] 
动作统计:
[19:35:17]   wind      : mean= 0.114, std= 0.167
[19:35:17]   solar     : mean=-0.130, std= 0.633
[19:35:17]   diesel    : mean= 0.356, std= 0.203
[19:35:17]   battery   : mean= 0.804, std= 0.215
[19:35:17]   customer  : mean= 0.811, std= 0.117
[19:35:19] 
======================================================================
[19:35:19] Episode 270/800
[19:35:19] ======================================================================
[19:35:19] 总奖励:  -143.97 | 步数: 24
[19:35:19] 最近10个episodes平均:  -143.25
[19:35:19] 
各Agent奖励:
[19:35:19]   wind      :   26.125
[19:35:19]   solar     :   12.900
[19:35:19]   diesel    :   -0.439
[19:35:19]   battery   :    0.000
[19:35:19]   customer  : -182.559
[19:35:19] 
🔌 Main Grid 交易:
[19:35:19]   进口电量:     8.86 kWh
[19:35:19]   出口电量:   862.66 kWh
[19:35:19]   净交易量:  -853.81 kWh
[19:35:19]   平均出清价:  11.73 cents/kWh
[19:35:19]   市场独立度:  75.79%
[19:35:19] 
Buffer大小:  6720
[19:35:19] 噪声水平: 0.0756
[19:35:19] 
动作统计:
[19:35:19]   wind      : mean= 0.160, std= 0.169
[19:35:19]   solar     : mean=-0.126, std= 0.641
[19:35:19]   diesel    : mean= 0.357, std= 0.160
[19:35:19]   battery   : mean= 0.818, std= 0.214
[19:35:19]   customer  : mean= 0.805, std= 0.095
[19:35:19] 
📊 生成可视化图表...
[19:35:19]   ✓ debug_plots/training_ep0270.png
[19:35:21] 
======================================================================
[19:35:21] Episode 271/800
[19:35:21] ======================================================================
[19:35:21] 总奖励:  -138.69 | 步数: 24
[19:35:21] 最近10个episodes平均:  -143.29
[19:35:21] 
各Agent奖励:
[19:35:21]   wind      :   27.083
[19:35:21]   solar     :   16.354
[19:35:21]   diesel    :    4.124
[19:35:21]   battery   :    0.437
[19:35:21]   customer  : -186.687
[19:35:21] 
🔌 Main Grid 交易:
[19:35:21]   进口电量:    11.52 kWh
[19:35:21]   出口电量:   894.71 kWh
[19:35:21]   净交易量:  -883.19 kWh
[19:35:21]   平均出清价:  11.87 cents/kWh
[19:35:21]   市场独立度:  74.83%
[19:35:21] 
Buffer大小:  6744
[19:35:21] 噪声水平: 0.0755
[19:35:21] 
动作统计:
[19:35:21]   wind      : mean= 0.141, std= 0.133
[19:35:21]   solar     : mean=-0.133, std= 0.624
[19:35:21]   diesel    : mean= 0.337, std= 0.178
[19:35:21]   battery   : mean= 0.815, std= 0.210
[19:35:21]   customer  : mean= 0.800, std= 0.123
[19:35:23] 
======================================================================
[19:35:23] Episode 272/800
[19:35:23] ======================================================================
[19:35:23] 总奖励:  -141.31 | 步数: 24
[19:35:23] 最近10个episodes平均:  -143.52
[19:35:23] 
各Agent奖励:
[19:35:23]   wind      :   26.137
[19:35:23]   solar     :   12.888
[19:35:23]   diesel    :    5.064
[19:35:23]   battery   :    0.000
[19:35:23]   customer  : -185.401
[19:35:23] 
🔌 Main Grid 交易:
[19:35:23]   进口电量:    14.81 kWh
[19:35:23]   出口电量:  1037.95 kWh
[19:35:23]   净交易量: -1023.14 kWh
[19:35:23]   平均出清价:  10.40 cents/kWh
[19:35:23]   市场独立度:  70.76%
[19:35:23] 
Buffer大小:  6768
[19:35:23] 噪声水平: 0.0754
[19:35:23] 
动作统计:
[19:35:23]   wind      : mean= 0.134, std= 0.148
[19:35:23]   solar     : mean=-0.152, std= 0.665
[19:35:23]   diesel    : mean= 0.366, std= 0.201
[19:35:23]   battery   : mean= 0.802, std= 0.217
[19:35:23]   customer  : mean= 0.819, std= 0.108
[19:35:24] 
======================================================================
[19:35:24] Episode 273/800
[19:35:24] ======================================================================
[19:35:24] 总奖励:  -152.87 | 步数: 24
[19:35:24] 最近10个episodes平均:  -144.43
[19:35:24] 
各Agent奖励:
[19:35:24]   wind      :   16.521
[19:35:24]   solar     :   13.749
[19:35:24]   diesel    :    2.356
[19:35:24]   battery   :    0.376
[19:35:24]   customer  : -185.877
[19:35:24] 
🔌 Main Grid 交易:
[19:35:24]   进口电量:    45.24 kWh
[19:35:24]   出口电量:   818.67 kWh
[19:35:24]   净交易量:  -773.43 kWh
[19:35:24]   平均出清价:  11.92 cents/kWh
[19:35:24]   市场独立度:  76.00%
[19:35:24] 
Buffer大小:  6792
[19:35:24] 噪声水平: 0.0753
[19:35:24] 
动作统计:
[19:35:24]   wind      : mean= 0.140, std= 0.144
[19:35:24]   solar     : mean=-0.111, std= 0.634
[19:35:24]   diesel    : mean= 0.314, std= 0.196
[19:35:24]   battery   : mean= 0.806, std= 0.239
[19:35:24]   customer  : mean= 0.818, std= 0.100
[19:35:25] 
======================================================================
[19:35:25] Episode 274/800
[19:35:25] ======================================================================
[19:35:25] 总奖励:  -140.82 | 步数: 24
[19:35:25] 最近10个episodes平均:  -143.39
[19:35:25] 
各Agent奖励:
[19:35:25]   wind      :   35.036
[19:35:25]   solar     :    8.440
[19:35:25]   diesel    :    3.291
[19:35:25]   battery   :    0.000
[19:35:25]   customer  : -187.591
[19:35:25] 
🔌 Main Grid 交易:
[19:35:25]   进口电量:    18.52 kWh
[19:35:25]   出口电量:   839.11 kWh
[19:35:25]   净交易量:  -820.59 kWh
[19:35:25]   平均出清价:  10.33 cents/kWh
[19:35:25]   市场独立度:  76.18%
[19:35:25] 
Buffer大小:  6816
[19:35:25] 噪声水平: 0.0753
[19:35:25] 
动作统计:
[19:35:25]   wind      : mean= 0.159, std= 0.140
[19:35:25]   solar     : mean=-0.132, std= 0.623
[19:35:25]   diesel    : mean= 0.308, std= 0.211
[19:35:25]   battery   : mean= 0.797, std= 0.212
[19:35:25]   customer  : mean= 0.804, std= 0.131
[19:35:26] 
======================================================================
[19:35:26] Episode 275/800
[19:35:26] ======================================================================
[19:35:26] 总奖励:  -143.16 | 步数: 24
[19:35:26] 最近10个episodes平均:  -143.54
[19:35:26] 
各Agent奖励:
[19:35:26]   wind      :   27.153
[19:35:26]   solar     :   10.253
[19:35:26]   diesel    :    3.487
[19:35:26]   battery   :    0.925
[19:35:26]   customer  : -184.982
[19:35:26] 
🔌 Main Grid 交易:
[19:35:26]   进口电量:    43.58 kWh
[19:35:26]   出口电量:   893.51 kWh
[19:35:26]   净交易量:  -849.93 kWh
[19:35:26]   平均出清价:  12.73 cents/kWh
[19:35:26]   市场独立度:  73.97%
[19:35:26] 
Buffer大小:  6840
[19:35:26] 噪声水平: 0.0752
[19:35:26] 
动作统计:
[19:35:26]   wind      : mean= 0.153, std= 0.112
[19:35:26]   solar     : mean=-0.122, std= 0.607
[19:35:26]   diesel    : mean= 0.326, std= 0.192
[19:35:26]   battery   : mean= 0.790, std= 0.254
[19:35:26]   customer  : mean= 0.810, std= 0.110
[19:35:28] 
======================================================================
[19:35:28] Episode 276/800
[19:35:28] ======================================================================
[19:35:28] 总奖励:  -143.39 | 步数: 24
[19:35:28] 最近10个episodes平均:  -143.12
[19:35:28] 
各Agent奖励:
[19:35:28]   wind      :   25.676
[19:35:28]   solar     :   12.254
[19:35:28]   diesel    :    3.772
[19:35:28]   battery   :    0.369
[19:35:28]   customer  : -185.460
[19:35:28] 
🔌 Main Grid 交易:
[19:35:28]   进口电量:    34.48 kWh
[19:35:28]   出口电量:   938.78 kWh
[19:35:28]   净交易量:  -904.30 kWh
[19:35:28]   平均出清价:  11.26 cents/kWh
[19:35:28]   市场独立度:  72.97%
[19:35:28] 
Buffer大小:  6864
[19:35:28] 噪声水平: 0.0751
[19:35:28] 
动作统计:
[19:35:28]   wind      : mean= 0.118, std= 0.133
[19:35:28]   solar     : mean=-0.153, std= 0.593
[19:35:28]   diesel    : mean= 0.367, std= 0.195
[19:35:28]   battery   : mean= 0.783, std= 0.242
[19:35:28]   customer  : mean= 0.789, std= 0.126
[19:35:30] 
======================================================================
[19:35:30] Episode 277/800
[19:35:30] ======================================================================
[19:35:30] 总奖励:  -145.71 | 步数: 24
[19:35:30] 最近10个episodes平均:  -144.34
[19:35:30] 
各Agent奖励:
[19:35:30]   wind      :   21.973
[19:35:30]   solar     :   11.797
[19:35:30]   diesel    :    1.842
[19:35:30]   battery   :    0.000
[19:35:30]   customer  : -181.321
[19:35:30] 
🔌 Main Grid 交易:
[19:35:30]   进口电量:     4.71 kWh
[19:35:30]   出口电量:   948.39 kWh
[19:35:30]   净交易量:  -943.69 kWh
[19:35:30]   平均出清价:  10.98 cents/kWh
[19:35:30]   市场独立度:  73.52%
[19:35:30] 
Buffer大小:  6888
[19:35:30] 噪声水平: 0.0750
[19:35:30] 
动作统计:
[19:35:30]   wind      : mean= 0.141, std= 0.128
[19:35:30]   solar     : mean=-0.123, std= 0.631
[19:35:30]   diesel    : mean= 0.355, std= 0.193
[19:35:30]   battery   : mean= 0.805, std= 0.219
[19:35:30]   customer  : mean= 0.799, std= 0.101
[19:35:31] 
======================================================================
[19:35:31] Episode 278/800
[19:35:31] ======================================================================
[19:35:31] 总奖励:  -142.61 | 步数: 24
[19:35:31] 最近10个episodes平均:  -143.54
[19:35:31] 
各Agent奖励:
[19:35:31]   wind      :   23.451
[19:35:31]   solar     :   14.115
[19:35:31]   diesel    :    3.943
[19:35:31]   battery   :    0.000
[19:35:31]   customer  : -184.118
[19:35:31] 
🔌 Main Grid 交易:
[19:35:31]   进口电量:    41.77 kWh
[19:35:31]   出口电量:   915.74 kWh
[19:35:31]   净交易量:  -873.97 kWh
[19:35:31]   平均出清价:  12.37 cents/kWh
[19:35:31]   市场独立度:  73.40%
[19:35:31] 
Buffer大小:  6912
[19:35:31] 噪声水平: 0.0750
[19:35:31] 
动作统计:
[19:35:31]   wind      : mean= 0.121, std= 0.137
[19:35:31]   solar     : mean=-0.148, std= 0.597
[19:35:31]   diesel    : mean= 0.351, std= 0.195
[19:35:31]   battery   : mean= 0.797, std= 0.227
[19:35:31]   customer  : mean= 0.809, std= 0.093
[19:35:32] 
======================================================================
[19:35:32] Episode 279/800
[19:35:32] ======================================================================
[19:35:32] 总奖励:  -144.74 | 步数: 24
[19:35:32] 最近10个episodes平均:  -143.73
[19:35:32] 
各Agent奖励:
[19:35:32]   wind      :   24.167
[19:35:32]   solar     :   12.049
[19:35:32]   diesel    :    5.023
[19:35:32]   battery   :    0.325
[19:35:32]   customer  : -186.304
[19:35:32] 
🔌 Main Grid 交易:
[19:35:32]   进口电量:    27.59 kWh
[19:35:32]   出口电量:   898.45 kWh
[19:35:32]   净交易量:  -870.85 kWh
[19:35:32]   平均出清价:  12.63 cents/kWh
[19:35:32]   市场独立度:  74.28%
[19:35:32] 
Buffer大小:  6936
[19:35:32] 噪声水平: 0.0749
[19:35:32] 
动作统计:
[19:35:32]   wind      : mean= 0.124, std= 0.153
[19:35:32]   solar     : mean=-0.193, std= 0.517
[19:35:32]   diesel    : mean= 0.345, std= 0.211
[19:35:32]   battery   : mean= 0.788, std= 0.257
[19:35:32]   customer  : mean= 0.799, std= 0.111
[19:35:33] 
======================================================================
[19:35:33] Episode 280/800
[19:35:33] ======================================================================
[19:35:33] 总奖励:  -146.12 | 步数: 24
[19:35:33] 最近10个episodes平均:  -143.94
[19:35:33] 
各Agent奖励:
[19:35:33]   wind      :   22.726
[19:35:33]   solar     :    9.721
[19:35:33]   diesel    :   -0.805
[19:35:33]   battery   :    1.148
[19:35:33]   customer  : -178.912
[19:35:33] 
🔌 Main Grid 交易:
[19:35:33]   进口电量:    23.68 kWh
[19:35:33]   出口电量:   917.43 kWh
[19:35:33]   净交易量:  -893.74 kWh
[19:35:33]   平均出清价:   9.76 cents/kWh
[19:35:33]   市场独立度:  73.86%
[19:35:33] 
Buffer大小:  6960
[19:35:33] 噪声水平: 0.0748
[19:35:33] 
动作统计:
[19:35:33]   wind      : mean= 0.119, std= 0.143
[19:35:33]   solar     : mean=-0.225, std= 0.474
[19:35:33]   diesel    : mean= 0.329, std= 0.205
[19:35:33]   battery   : mean= 0.778, std= 0.258
[19:35:33]   customer  : mean= 0.794, std= 0.110
[19:35:33] 
📊 生成可视化图表...
[19:35:34]   ✓ debug_plots/training_ep0280.png
[19:35:35] 
======================================================================
[19:35:35] Episode 281/800
[19:35:35] ======================================================================
[19:35:35] 总奖励:  -130.57 | 步数: 24
[19:35:35] 最近10个episodes平均:  -143.13
[19:35:35] 
各Agent奖励:
[19:35:35]   wind      :   30.091
[19:35:35]   solar     :   13.397
[19:35:35]   diesel    :    2.697
[19:35:35]   battery   :    0.000
[19:35:35]   customer  : -176.760
[19:35:35] 
🔌 Main Grid 交易:
[19:35:35]   进口电量:     5.56 kWh
[19:35:35]   出口电量:  1006.89 kWh
[19:35:35]   净交易量: -1001.33 kWh
[19:35:35]   平均出清价:  11.83 cents/kWh
[19:35:35]   市场独立度:  71.88%
[19:35:35] 
Buffer大小:  6984
[19:35:35] 噪声水平: 0.0747
[19:35:35] 
动作统计:
[19:35:35]   wind      : mean= 0.143, std= 0.111
[19:35:35]   solar     : mean=-0.238, std= 0.437
[19:35:35]   diesel    : mean= 0.380, std= 0.175
[19:35:35]   battery   : mean= 0.794, std= 0.229
[19:35:35]   customer  : mean= 0.808, std= 0.086
[19:35:36] 
======================================================================
[19:35:36] Episode 282/800
[19:35:36] ======================================================================
[19:35:36] 总奖励:  -139.31 | 步数: 24
[19:35:36] 最近10个episodes平均:  -142.93
[19:35:36] 
各Agent奖励:
[19:35:36]   wind      :   31.243
[19:35:36]   solar     :   11.245
[19:35:36]   diesel    :    3.904
[19:35:36]   battery   :    0.000
[19:35:36]   customer  : -185.704
[19:35:36] 
🔌 Main Grid 交易:
[19:35:36]   进口电量:    13.21 kWh
[19:35:36]   出口电量:   861.63 kWh
[19:35:36]   净交易量:  -848.41 kWh
[19:35:36]   平均出清价:  10.53 cents/kWh
[19:35:36]   市场独立度:  75.70%
[19:35:36] 
Buffer大小:  7008
[19:35:36] 噪声水平: 0.0747
[19:35:36] 
动作统计:
[19:35:36]   wind      : mean= 0.102, std= 0.109
[19:35:36]   solar     : mean=-0.261, std= 0.401
[19:35:36]   diesel    : mean= 0.351, std= 0.194
[19:35:36]   battery   : mean= 0.792, std= 0.230
[19:35:36]   customer  : mean= 0.789, std= 0.107
[19:35:37] 
======================================================================
[19:35:37] Episode 283/800
[19:35:37] ======================================================================
[19:35:37] 总奖励:  -137.49 | 步数: 24
[19:35:37] 最近10个episodes平均:  -141.39
[19:35:37] 
各Agent奖励:
[19:35:37]   wind      :   29.541
[19:35:37]   solar     :    9.972
[19:35:37]   diesel    :    2.991
[19:35:37]   battery   :    0.094
[19:35:37]   customer  : -180.084
[19:35:37] 
🔌 Main Grid 交易:
[19:35:37]   进口电量:    11.80 kWh
[19:35:37]   出口电量:   949.19 kWh
[19:35:37]   净交易量:  -937.39 kWh
[19:35:37]   平均出清价:  11.30 cents/kWh
[19:35:37]   市场独立度:  73.31%
[19:35:37] 
Buffer大小:  7032
[19:35:37] 噪声水平: 0.0746
[19:35:37] 
动作统计:
[19:35:37]   wind      : mean= 0.137, std= 0.127
[19:35:37]   solar     : mean=-0.274, std= 0.393
[19:35:37]   diesel    : mean= 0.376, std= 0.195
[19:35:37]   battery   : mean= 0.789, std= 0.243
[19:35:37]   customer  : mean= 0.814, std= 0.098
[19:35:38] 
======================================================================
[19:35:38] Episode 284/800
[19:35:38] ======================================================================
[19:35:38] 总奖励:  -133.59 | 步数: 24
[19:35:38] 最近10个episodes平均:  -140.67
[19:35:38] 
各Agent奖励:
[19:35:38]   wind      :   31.374
[19:35:38]   solar     :   11.973
[19:35:38]   diesel    :    0.372
[19:35:38]   battery   :    1.249
[19:35:38]   customer  : -178.554
[19:35:38] 
🔌 Main Grid 交易:
[19:35:38]   进口电量:     2.95 kWh
[19:35:38]   出口电量:   988.93 kWh
[19:35:38]   净交易量:  -985.98 kWh
[19:35:38]   平均出清价:  10.26 cents/kWh
[19:35:38]   市场独立度:  72.45%
[19:35:38] 
Buffer大小:  7056
[19:35:38] 噪声水平: 0.0745
[19:35:38] 
动作统计:
[19:35:38]   wind      : mean= 0.138, std= 0.110
[19:35:38]   solar     : mean=-0.304, std= 0.368
[19:35:38]   diesel    : mean= 0.359, std= 0.214
[19:35:38]   battery   : mean= 0.772, std= 0.259
[19:35:38]   customer  : mean= 0.807, std= 0.118
[19:35:40] 
======================================================================
[19:35:40] Episode 285/800
[19:35:40] ======================================================================
[19:35:40] 总奖励:  -143.65 | 步数: 24
[19:35:40] 最近10个episodes平均:  -140.72
[19:35:40] 
各Agent奖励:
[19:35:40]   wind      :   24.614
[19:35:40]   solar     :   11.136
[19:35:40]   diesel    :    2.350
[19:35:40]   battery   :    0.187
[19:35:40]   customer  : -181.935
[19:35:40] 
🔌 Main Grid 交易:
[19:35:40]   进口电量:     5.53 kWh
[19:35:40]   出口电量:  1008.00 kWh
[19:35:40]   净交易量: -1002.48 kWh
[19:35:40]   平均出清价:  10.46 cents/kWh
[19:35:40]   市场独立度:  71.85%
[19:35:40] 
Buffer大小:  7080
[19:35:40] 噪声水平: 0.0744
[19:35:40] 
动作统计:
[19:35:40]   wind      : mean= 0.122, std= 0.105
[19:35:40]   solar     : mean=-0.331, std= 0.383
[19:35:40]   diesel    : mean= 0.353, std= 0.177
[19:35:40]   battery   : mean= 0.800, std= 0.235
[19:35:40]   customer  : mean= 0.831, std= 0.116
[19:35:41] 
======================================================================
[19:35:41] Episode 286/800
[19:35:41] ======================================================================
[19:35:41] 总奖励:  -157.42 | 步数: 24
[19:35:41] 最近10个episodes平均:  -142.12
[19:35:41] 
各Agent奖励:
[19:35:41]   wind      :   20.823
[19:35:41]   solar     :    7.745
[19:35:41]   diesel    :    0.411
[19:35:41]   battery   :   -0.946
[19:35:41]   customer  : -185.455
[19:35:41] 
🔌 Main Grid 交易:
[19:35:41]   进口电量:     0.00 kWh
[19:35:41]   出口电量:   941.73 kWh
[19:35:41]   净交易量:  -941.73 kWh
[19:35:41]   平均出清价:  10.50 cents/kWh
[19:35:41]   市场独立度:  73.84%
[19:35:41] 
Buffer大小:  7104
[19:35:41] 噪声水平: 0.0744
[19:35:41] 
动作统计:
[19:35:41]   wind      : mean= 0.131, std= 0.116
[19:35:41]   solar     : mean=-0.316, std= 0.358
[19:35:41]   diesel    : mean= 0.362, std= 0.220
[19:35:41]   battery   : mean= 0.765, std= 0.280
[19:35:41]   customer  : mean= 0.819, std= 0.103
[19:35:43] 
======================================================================
[19:35:43] Episode 287/800
[19:35:43] ======================================================================
[19:35:43] 总奖励:  -155.95 | 步数: 24
[19:35:43] 最近10个episodes平均:  -143.14
[19:35:43] 
各Agent奖励:
[19:35:43]   wind      :   22.373
[19:35:43]   solar     :    7.132
[19:35:43]   diesel    :    4.042
[19:35:43]   battery   :    0.000
[19:35:43]   customer  : -189.494
[19:35:43] 
🔌 Main Grid 交易:
[19:35:43]   进口电量:     9.67 kWh
[19:35:43]   出口电量:   997.97 kWh
[19:35:43]   净交易量:  -988.30 kWh
[19:35:43]   平均出清价:   8.91 cents/kWh
[19:35:43]   市场独立度:  72.01%
[19:35:43] 
Buffer大小:  7128
[19:35:43] 噪声水平: 0.0743
[19:35:43] 
动作统计:
[19:35:43]   wind      : mean= 0.127, std= 0.142
[19:35:43]   solar     : mean=-0.332, std= 0.366
[19:35:43]   diesel    : mean= 0.357, std= 0.186
[19:35:43]   battery   : mean= 0.784, std= 0.245
[19:35:43]   customer  : mean= 0.831, std= 0.114
[19:35:44] 
======================================================================
[19:35:44] Episode 288/800
[19:35:44] ======================================================================
[19:35:44] 总奖励:  -140.82 | 步数: 24
[19:35:44] 最近10个episodes平均:  -142.97
[19:35:44] 
各Agent奖励:
[19:35:44]   wind      :   28.236
[19:35:44]   solar     :   10.720
[19:35:44]   diesel    :    1.784
[19:35:44]   battery   :    0.215
[19:35:44]   customer  : -181.770
[19:35:44] 
🔌 Main Grid 交易:
[19:35:44]   进口电量:     3.99 kWh
[19:35:44]   出口电量:   866.75 kWh
[19:35:44]   净交易量:  -862.76 kWh
[19:35:44]   平均出清价:  12.19 cents/kWh
[19:35:44]   市场独立度:  75.81%
[19:35:44] 
Buffer大小:  7152
[19:35:44] 噪声水平: 0.0742
[19:35:44] 
动作统计:
[19:35:44]   wind      : mean= 0.133, std= 0.096
[19:35:44]   solar     : mean=-0.310, std= 0.350
[19:35:44]   diesel    : mean= 0.353, std= 0.192
[19:35:44]   battery   : mean= 0.781, std= 0.231
[19:35:44]   customer  : mean= 0.807, std= 0.097
[19:35:45] 
======================================================================
[19:35:45] Episode 289/800
[19:35:45] ======================================================================
[19:35:45] 总奖励:  -144.46 | 步数: 24
[19:35:45] 最近10个episodes平均:  -142.94
[19:35:45] 
各Agent奖励:
[19:35:45]   wind      :   24.612
[19:35:45]   solar     :   12.773
[19:35:45]   diesel    :    1.232
[19:35:45]   battery   :    0.000
[19:35:45]   customer  : -183.082
[19:35:45] 
🔌 Main Grid 交易:
[19:35:45]   进口电量:     1.38 kWh
[19:35:45]   出口电量:   914.72 kWh
[19:35:45]   净交易量:  -913.34 kWh
[19:35:45]   平均出清价:  10.23 cents/kWh
[19:35:45]   市场独立度:  74.55%
[19:35:45] 
Buffer大小:  7176
[19:35:45] 噪声水平: 0.0741
[19:35:45] 
动作统计:
[19:35:45]   wind      : mean= 0.140, std= 0.110
[19:35:45]   solar     : mean=-0.347, std= 0.327
[19:35:45]   diesel    : mean= 0.326, std= 0.211
[19:35:45]   battery   : mean= 0.771, std= 0.234
[19:35:45]   customer  : mean= 0.809, std= 0.103
[19:35:47] 
======================================================================
[19:35:47] Episode 290/800
[19:35:47] ======================================================================
[19:35:47] 总奖励:  -148.60 | 步数: 24
[19:35:47] 最近10个episodes平均:  -143.19
[19:35:47] 
各Agent奖励:
[19:35:47]   wind      :   24.373
[19:35:47]   solar     :    8.098
[19:35:47]   diesel    :    1.610
[19:35:47]   battery   :    0.000
[19:35:47]   customer  : -182.687
[19:35:47] 
🔌 Main Grid 交易:
[19:35:47]   进口电量:    37.93 kWh
[19:35:47]   出口电量:   935.08 kWh
[19:35:47]   净交易量:  -897.15 kWh
[19:35:47]   平均出清价:   9.77 cents/kWh
[19:35:47]   市场独立度:  72.97%
[19:35:47] 
Buffer大小:  7200
[19:35:47] 噪声水平: 0.0741
[19:35:47] 
动作统计:
[19:35:47]   wind      : mean= 0.122, std= 0.134
[19:35:47]   solar     : mean=-0.332, std= 0.297
[19:35:47]   diesel    : mean= 0.326, std= 0.215
[19:35:47]   battery   : mean= 0.769, std= 0.235
[19:35:47]   customer  : mean= 0.801, std= 0.111
[19:35:47] 
📊 生成可视化图表...
[19:35:48]   ✓ debug_plots/training_ep0290.png
[19:35:49] 
======================================================================
[19:35:49] Episode 291/800
[19:35:49] ======================================================================
[19:35:49] 总奖励:  -149.11 | 步数: 24
[19:35:49] 最近10个episodes平均:  -145.04
[19:35:49] 
各Agent奖励:
[19:35:49]   wind      :   21.359
[19:35:49]   solar     :    9.905
[19:35:49]   diesel    :    5.385
[19:35:49]   battery   :    1.708
[19:35:49]   customer  : -187.464
[19:35:49] 
🔌 Main Grid 交易:
[19:35:49]   进口电量:    29.97 kWh
[19:35:49]   出口电量:   902.58 kWh
[19:35:49]   净交易量:  -872.61 kWh
[19:35:49]   平均出清价:  11.41 cents/kWh
[19:35:49]   市场独立度:  74.10%
[19:35:49] 
Buffer大小:  7224
[19:35:49] 噪声水平: 0.0740
[19:35:49] 
动作统计:
[19:35:49]   wind      : mean= 0.162, std= 0.133
[19:35:49]   solar     : mean=-0.328, std= 0.323
[19:35:49]   diesel    : mean= 0.347, std= 0.193
[19:35:49]   battery   : mean= 0.777, std= 0.283
[19:35:49]   customer  : mean= 0.817, std= 0.112
[19:35:50] 
======================================================================
[19:35:50] Episode 292/800
[19:35:50] ======================================================================
[19:35:50] 总奖励:  -148.18 | 步数: 24
[19:35:50] 最近10个episodes平均:  -145.93
[19:35:50] 
各Agent奖励:
[19:35:50]   wind      :   25.113
[19:35:50]   solar     :   14.460
[19:35:50]   diesel    :    4.257
[19:35:50]   battery   :    0.000
[19:35:50]   customer  : -192.007
[19:35:50] 
🔌 Main Grid 交易:
[19:35:50]   进口电量:    13.25 kWh
[19:35:50]   出口电量:   813.09 kWh
[19:35:50]   净交易量:  -799.83 kWh
[19:35:50]   平均出清价:  12.94 cents/kWh
[19:35:50]   市场独立度:  77.05%
[19:35:50] 
Buffer大小:  7248
[19:35:50] 噪声水平: 0.0739
[19:35:50] 
动作统计:
[19:35:50]   wind      : mean= 0.133, std= 0.121
[19:35:50]   solar     : mean=-0.314, std= 0.274
[19:35:50]   diesel    : mean= 0.362, std= 0.160
[19:35:50]   battery   : mean= 0.804, std= 0.238
[19:35:50]   customer  : mean= 0.815, std= 0.087
[19:35:51] 
======================================================================
[19:35:51] Episode 293/800
[19:35:51] ======================================================================
[19:35:51] 总奖励:  -136.89 | 步数: 24
[19:35:51] 最近10个episodes平均:  -145.87
[19:35:51] 
各Agent奖励:
[19:35:51]   wind      :   23.462
[19:35:51]   solar     :   15.795
[19:35:51]   diesel    :    7.064
[19:35:51]   battery   :    0.448
[19:35:51]   customer  : -183.657
[19:35:51] 
🔌 Main Grid 交易:
[19:35:51]   进口电量:    18.22 kWh
[19:35:51]   出口电量:   832.50 kWh
[19:35:51]   净交易量:  -814.28 kWh
[19:35:51]   平均出清价:  11.66 cents/kWh
[19:35:51]   市场独立度:  76.37%
[19:35:51] 
Buffer大小:  7272
[19:35:51] 噪声水平: 0.0738
[19:35:51] 
动作统计:
[19:35:51]   wind      : mean= 0.143, std= 0.122
[19:35:51]   solar     : mean=-0.321, std= 0.281
[19:35:51]   diesel    : mean= 0.326, std= 0.160
[19:35:51]   battery   : mean= 0.783, std= 0.262
[19:35:51]   customer  : mean= 0.787, std= 0.113
[19:35:52] 
======================================================================
[19:35:52] Episode 294/800
[19:35:52] ======================================================================
[19:35:52] 总奖励:  -133.12 | 步数: 24
[19:35:52] 最近10个episodes平均:  -145.82
[19:35:52] 
各Agent奖励:
[19:35:52]   wind      :   33.563
[19:35:52]   solar     :    9.268
[19:35:52]   diesel    :   -1.203
[19:35:52]   battery   :   -0.090
[19:35:52]   customer  : -174.654
[19:35:52] 
🔌 Main Grid 交易:
[19:35:52]   进口电量:    10.06 kWh
[19:35:52]   出口电量:  1005.12 kWh
[19:35:52]   净交易量:  -995.06 kWh
[19:35:52]   平均出清价:  10.49 cents/kWh
[19:35:52]   市场独立度:  71.80%
[19:35:52] 
Buffer大小:  7296
[19:35:52] 噪声水平: 0.0738
[19:35:52] 
动作统计:
[19:35:52]   wind      : mean= 0.143, std= 0.129
[19:35:52]   solar     : mean=-0.316, std= 0.326
[19:35:52]   diesel    : mean= 0.351, std= 0.201
[19:35:52]   battery   : mean= 0.789, std= 0.265
[19:35:52]   customer  : mean= 0.799, std= 0.101
[19:35:54] 
======================================================================
[19:35:54] Episode 295/800
[19:35:54] ======================================================================
[19:35:54] 总奖励:  -135.75 | 步数: 24
[19:35:54] 最近10个episodes平均:  -145.03
[19:35:54] 
各Agent奖励:
[19:35:54]   wind      :   28.323
[19:35:54]   solar     :   12.983
[19:35:54]   diesel    :    1.734
[19:35:54]   battery   :    0.000
[19:35:54]   customer  : -178.793
[19:35:54] 
🔌 Main Grid 交易:
[19:35:54]   进口电量:     0.00 kWh
[19:35:54]   出口电量:   818.33 kWh
[19:35:54]   净交易量:  -818.33 kWh
[19:35:54]   平均出清价:  10.47 cents/kWh
[19:35:54]   市场独立度:  77.27%
[19:35:54] 
Buffer大小:  7320
[19:35:54] 噪声水平: 0.0737
[19:35:54] 
动作统计:
[19:35:54]   wind      : mean= 0.147, std= 0.147
[19:35:54]   solar     : mean=-0.324, std= 0.293
[19:35:54]   diesel    : mean= 0.324, std= 0.190
[19:35:54]   battery   : mean= 0.824, std= 0.212
[19:35:54]   customer  : mean= 0.800, std= 0.116
[19:35:56] 
======================================================================
[19:35:56] Episode 296/800
[19:35:56] ======================================================================
[19:35:56] 总奖励:  -135.63 | 步数: 24
[19:35:56] 最近10个episodes平均:  -142.85
[19:35:56] 
各Agent奖励:
[19:35:56]   wind      :   31.406
[19:35:56]   solar     :   14.002
[19:35:56]   diesel    :    0.445
[19:35:56]   battery   :    0.429
[19:35:56]   customer  : -181.909
[19:35:56] 
🔌 Main Grid 交易:
[19:35:56]   进口电量:    12.51 kWh
[19:35:56]   出口电量:   904.02 kWh
[19:35:56]   净交易量:  -891.51 kWh
[19:35:56]   平均出清价:  11.88 cents/kWh
[19:35:56]   市场独立度:  74.54%
[19:35:56] 
Buffer大小:  7344
[19:35:56] 噪声水平: 0.0736
[19:35:56] 
动作统计:
[19:35:56]   wind      : mean= 0.099, std= 0.125
[19:35:56]   solar     : mean=-0.334, std= 0.306
[19:35:56]   diesel    : mean= 0.347, std= 0.184
[19:35:56]   battery   : mean= 0.811, std= 0.232
[19:35:56]   customer  : mean= 0.806, std= 0.102
[19:35:58] 
======================================================================
[19:35:58] Episode 297/800
[19:35:58] ======================================================================
[19:35:58] 总奖励:  -144.21 | 步数: 24
[19:35:58] 最近10个episodes平均:  -141.68
[19:35:58] 
各Agent奖励:
[19:35:58]   wind      :   28.514
[19:35:58]   solar     :   11.172
[19:35:58]   diesel    :    3.487
[19:35:58]   battery   :   -0.225
[19:35:58]   customer  : -187.153
[19:35:58] 
🔌 Main Grid 交易:
[19:35:58]   进口电量:    22.45 kWh
[19:35:58]   出口电量:   861.60 kWh
[19:35:58]   净交易量:  -839.15 kWh
[19:35:58]   平均出清价:  12.40 cents/kWh
[19:35:58]   市场独立度:  75.44%
[19:35:58] 
Buffer大小:  7368
[19:35:58] 噪声水平: 0.0736
[19:35:58] 
动作统计:
[19:35:58]   wind      : mean= 0.118, std= 0.130
[19:35:58]   solar     : mean=-0.312, std= 0.280
[19:35:58]   diesel    : mean= 0.346, std= 0.174
[19:35:58]   battery   : mean= 0.837, std= 0.229
[19:35:58]   customer  : mean= 0.787, std= 0.097
[19:35:59] 
======================================================================
[19:35:59] Episode 298/800
[19:35:59] ======================================================================
[19:35:59] 总奖励:  -146.96 | 步数: 24
[19:35:59] 最近10个episodes平均:  -142.29
[19:35:59] 
各Agent奖励:
[19:35:59]   wind      :   18.829
[19:35:59]   solar     :   10.729
[19:35:59]   diesel    :    4.903
[19:35:59]   battery   :    0.711
[19:35:59]   customer  : -182.133
[19:35:59] 
🔌 Main Grid 交易:
[19:35:59]   进口电量:     2.09 kWh
[19:35:59]   出口电量:   885.08 kWh
[19:35:59]   净交易量:  -882.99 kWh
[19:35:59]   平均出清价:  10.09 cents/kWh
[19:35:59]   市场独立度:  75.36%
[19:35:59] 
Buffer大小:  7392
[19:35:59] 噪声水平: 0.0735
[19:35:59] 
动作统计:
[19:35:59]   wind      : mean= 0.136, std= 0.135
[19:35:59]   solar     : mean=-0.330, std= 0.264
[19:35:59]   diesel    : mean= 0.337, std= 0.185
[19:35:59]   battery   : mean= 0.840, std= 0.230
[19:35:59]   customer  : mean= 0.826, std= 0.093
[19:36:00] 
======================================================================
[19:36:00] Episode 299/800
[19:36:00] ======================================================================
[19:36:00] 总奖励:  -143.93 | 步数: 24
[19:36:00] 最近10个episodes平均:  -142.24
[19:36:00] 
各Agent奖励:
[19:36:00]   wind      :   20.499
[19:36:00]   solar     :   11.090
[19:36:00]   diesel    :    3.131
[19:36:00]   battery   :    0.000
[19:36:00]   customer  : -178.645
[19:36:00] 
🔌 Main Grid 交易:
[19:36:00]   进口电量:    31.08 kWh
[19:36:00]   出口电量:   877.89 kWh
[19:36:00]   净交易量:  -846.81 kWh
[19:36:00]   平均出清价:  10.74 cents/kWh
[19:36:00]   市场独立度:  74.75%
[19:36:00] 
Buffer大小:  7416
[19:36:00] 噪声水平: 0.0734
[19:36:00] 
动作统计:
[19:36:00]   wind      : mean= 0.122, std= 0.136
[19:36:00]   solar     : mean=-0.337, std= 0.276
[19:36:00]   diesel    : mean= 0.322, std= 0.167
[19:36:00]   battery   : mean= 0.847, std= 0.180
[19:36:00]   customer  : mean= 0.806, std= 0.091
[19:36:03] 
======================================================================
[19:36:03] Episode 300/800
[19:36:03] ======================================================================
[19:36:03] 总奖励:  -138.49 | 步数: 24
[19:36:03] 最近10个episodes平均:  -141.22
[19:36:03] 
各Agent奖励:
[19:36:03]   wind      :   34.136
[19:36:03]   solar     :    8.939
[19:36:03]   diesel    :    2.691
[19:36:03]   battery   :    0.000
[19:36:03]   customer  : -184.252
[19:36:03] 
🔌 Main Grid 交易:
[19:36:03]   进口电量:    13.69 kWh
[19:36:03]   出口电量:   907.46 kWh
[19:36:03]   净交易量:  -893.77 kWh
[19:36:03]   平均出清价:  11.53 cents/kWh
[19:36:03]   市场独立度:  74.41%
[19:36:03] 
Buffer大小:  7440
[19:36:03] 噪声水平: 0.0733
[19:36:03] 
动作统计:
[19:36:03]   wind      : mean= 0.157, std= 0.112
[19:36:03]   solar     : mean=-0.282, std= 0.300
[19:36:03]   diesel    : mean= 0.343, std= 0.160
[19:36:03]   battery   : mean= 0.862, std= 0.181
[19:36:03]   customer  : mean= 0.823, std= 0.104
[19:36:03] 
📊 生成可视化图表...
[19:36:03]   ✓ debug_plots/training_ep0300.png
[19:36:03] 💾 保存checkpoint: debug_checkpoints/debug_maddpg_20251203_193028_ep0300.pt
[19:36:05] 
======================================================================
[19:36:05] Episode 301/800
[19:36:05] ======================================================================
[19:36:05] 总奖励:  -134.88 | 步数: 24
[19:36:05] 最近10个episodes平均:  -139.80
[19:36:05] 
各Agent奖励:
[19:36:05]   wind      :   28.634
[19:36:05]   solar     :   13.440
[19:36:05]   diesel    :    2.517
[19:36:05]   battery   :    2.063
[19:36:05]   customer  : -181.537
[19:36:05] 
🔌 Main Grid 交易:
[19:36:05]   进口电量:    39.58 kWh
[19:36:05]   出口电量:   929.08 kWh
[19:36:05]   净交易量:  -889.50 kWh
[19:36:05]   平均出清价:  11.54 cents/kWh
[19:36:05]   市场独立度:  73.09%
[19:36:05] 
Buffer大小:  7464
[19:36:05] 噪声水平: 0.0733
[19:36:05] 
动作统计:
[19:36:05]   wind      : mean= 0.143, std= 0.146
[19:36:05]   solar     : mean=-0.304, std= 0.297
[19:36:05]   diesel    : mean= 0.336, std= 0.195
[19:36:05]   battery   : mean= 0.825, std= 0.262
[19:36:05]   customer  : mean= 0.790, std= 0.123
[19:36:06] 
======================================================================
[19:36:06] Episode 302/800
[19:36:06] ======================================================================
[19:36:06] 总奖励:  -145.69 | 步数: 24
[19:36:06] 最近10个episodes平均:  -139.55
[19:36:06] 
各Agent奖励:
[19:36:06]   wind      :   22.465
[19:36:06]   solar     :   11.238
[19:36:06]   diesel    :    3.363
[19:36:06]   battery   :    0.000
[19:36:06]   customer  : -182.757
[19:36:06] 
🔌 Main Grid 交易:
[19:36:06]   进口电量:     7.84 kWh
[19:36:06]   出口电量:   903.39 kWh
[19:36:06]   净交易量:  -895.55 kWh
[19:36:06]   平均出清价:  11.56 cents/kWh
[19:36:06]   市场独立度:  74.69%
[19:36:06] 
Buffer大小:  7488
[19:36:06] 噪声水平: 0.0732
[19:36:06] 
动作统计:
[19:36:06]   wind      : mean= 0.159, std= 0.111
[19:36:06]   solar     : mean=-0.288, std= 0.305
[19:36:06]   diesel    : mean= 0.335, std= 0.179
[19:36:06]   battery   : mean= 0.834, std= 0.197
[19:36:06]   customer  : mean= 0.813, std= 0.105
[19:36:07] 
======================================================================
[19:36:07] Episode 303/800
[19:36:07] ======================================================================
[19:36:07] 总奖励:  -139.06 | 步数: 24
[19:36:07] 最近10个episodes平均:  -139.77
[19:36:07] 
各Agent奖励:
[19:36:07]   wind      :   25.747
[19:36:07]   solar     :   14.757
[19:36:07]   diesel    :    4.561
[19:36:07]   battery   :    0.000
[19:36:07]   customer  : -184.129
[19:36:07] 
🔌 Main Grid 交易:
[19:36:07]   进口电量:     0.00 kWh
[19:36:07]   出口电量:   814.56 kWh
[19:36:07]   净交易量:  -814.56 kWh
[19:36:07]   平均出清价:  11.54 cents/kWh
[19:36:07]   市场独立度:  77.37%
[19:36:07] 
Buffer大小:  7512
[19:36:07] 噪声水平: 0.0731
[19:36:07] 
动作统计:
[19:36:07]   wind      : mean= 0.150, std= 0.117
[19:36:07]   solar     : mean=-0.305, std= 0.257
[19:36:07]   diesel    : mean= 0.349, std= 0.154
[19:36:07]   battery   : mean= 0.835, std= 0.199
[19:36:07]   customer  : mean= 0.805, std= 0.092
[19:36:09] 
======================================================================
[19:36:09] Episode 304/800
[19:36:09] ======================================================================
[19:36:09] 总奖励:  -148.17 | 步数: 24
[19:36:09] 最近10个episodes平均:  -141.28
[19:36:09] 
各Agent奖励:
[19:36:09]   wind      :   20.738
[19:36:09]   solar     :   14.722
[19:36:09]   diesel    :    4.329
[19:36:09]   battery   :    0.004
[19:36:09]   customer  : -187.967
[19:36:09] 
🔌 Main Grid 交易:
[19:36:09]   进口电量:    26.49 kWh
[19:36:09]   出口电量:   854.30 kWh
[19:36:09]   净交易量:  -827.81 kWh
[19:36:09]   平均出清价:  12.26 cents/kWh
[19:36:09]   市场独立度:  75.53%
[19:36:09] 
Buffer大小:  7536
[19:36:09] 噪声水平: 0.0730
[19:36:09] 
动作统计:
[19:36:09]   wind      : mean= 0.138, std= 0.110
[19:36:09]   solar     : mean=-0.307, std= 0.299
[19:36:09]   diesel    : mean= 0.329, std= 0.172
[19:36:09]   battery   : mean= 0.818, std= 0.245
[19:36:09]   customer  : mean= 0.828, std= 0.100
[19:36:10] 
======================================================================
[19:36:10] Episode 305/800
[19:36:10] ======================================================================
[19:36:10] 总奖励:  -135.14 | 步数: 24
[19:36:10] 最近10个episodes平均:  -141.22
[19:36:10] 
各Agent奖励:
[19:36:10]   wind      :   28.136
[19:36:10]   solar     :   12.329
[19:36:10]   diesel    :    7.020
[19:36:10]   battery   :    0.000
[19:36:10]   customer  : -182.623
[19:36:10] 
🔌 Main Grid 交易:
[19:36:10]   进口电量:     4.78 kWh
[19:36:10]   出口电量:   762.91 kWh
[19:36:10]   净交易量:  -758.12 kWh
[19:36:10]   平均出清价:  12.48 cents/kWh
[19:36:10]   市场独立度:  78.68%
[19:36:10] 
Buffer大小:  7560
[19:36:10] 噪声水平: 0.0730
[19:36:10] 
动作统计:
[19:36:10]   wind      : mean= 0.169, std= 0.120
[19:36:10]   solar     : mean=-0.288, std= 0.304
[19:36:10]   diesel    : mean= 0.339, std= 0.178
[19:36:10]   battery   : mean= 0.852, std= 0.207
[19:36:10]   customer  : mean= 0.784, std= 0.106
[19:36:11] 
======================================================================
[19:36:11] Episode 306/800
[19:36:11] ======================================================================
[19:36:11] 总奖励:  -135.64 | 步数: 24
[19:36:11] 最近10个episodes平均:  -141.22
[19:36:11] 
各Agent奖励:
[19:36:11]   wind      :   29.425
[19:36:11]   solar     :   12.275
[19:36:11]   diesel    :    2.711
[19:36:11]   battery   :    0.214
[19:36:11]   customer  : -180.266
[19:36:11] 
🔌 Main Grid 交易:
[19:36:11]   进口电量:    18.11 kWh
[19:36:11]   出口电量:   898.33 kWh
[19:36:11]   净交易量:  -880.21 kWh
[19:36:11]   平均出清价:  10.80 cents/kWh
[19:36:11]   市场独立度:  74.54%
[19:36:11] 
Buffer大小:  7584
[19:36:11] 噪声水平: 0.0729
[19:36:11] 
动作统计:
[19:36:11]   wind      : mean= 0.125, std= 0.125
[19:36:11]   solar     : mean=-0.288, std= 0.294
[19:36:11]   diesel    : mean= 0.348, std= 0.167
[19:36:11]   battery   : mean= 0.820, std= 0.220
[19:36:11]   customer  : mean= 0.784, std= 0.107
[19:36:12] 
======================================================================
[19:36:12] Episode 307/800
[19:36:12] ======================================================================
[19:36:12] 总奖励:  -146.67 | 步数: 24
[19:36:12] 最近10个episodes平均:  -141.46
[19:36:12] 
各Agent奖励:
[19:36:12]   wind      :   26.040
[19:36:12]   solar     :   10.351
[19:36:12]   diesel    :    2.020
[19:36:12]   battery   :    0.000
[19:36:12]   customer  : -185.085
[19:36:12] 
🔌 Main Grid 交易:
[19:36:12]   进口电量:    21.15 kWh
[19:36:12]   出口电量:   928.61 kWh
[19:36:12]   净交易量:  -907.46 kWh
[19:36:12]   平均出清价:  10.22 cents/kWh
[19:36:12]   市场独立度:  73.62%
[19:36:12] 
Buffer大小:  7608
[19:36:12] 噪声水平: 0.0728
[19:36:12] 
动作统计:
[19:36:12]   wind      : mean= 0.111, std= 0.125
[19:36:12]   solar     : mean=-0.303, std= 0.319
[19:36:12]   diesel    : mean= 0.345, std= 0.175
[19:36:12]   battery   : mean= 0.830, std= 0.214
[19:36:12]   customer  : mean= 0.830, std= 0.116
[19:36:13] 
======================================================================
[19:36:13] Episode 308/800
[19:36:13] ======================================================================
[19:36:13] 总奖励:  -143.62 | 步数: 24
[19:36:13] 最近10个episodes平均:  -141.13
[19:36:13] 
各Agent奖励:
[19:36:13]   wind      :   26.403
[19:36:13]   solar     :   11.063
[19:36:13]   diesel    :    1.571
[19:36:13]   battery   :    0.335
[19:36:13]   customer  : -182.992
[19:36:13] 
🔌 Main Grid 交易:
[19:36:13]   进口电量:    23.63 kWh
[19:36:13]   出口电量:   836.68 kWh
[19:36:13]   净交易量:  -813.05 kWh
[19:36:13]   平均出清价:  11.71 cents/kWh
[19:36:13]   市场独立度:  76.10%
[19:36:13] 
Buffer大小:  7632
[19:36:13] 噪声水平: 0.0727
[19:36:13] 
动作统计:
[19:36:13]   wind      : mean= 0.132, std= 0.115
[19:36:13]   solar     : mean=-0.286, std= 0.310
[19:36:13]   diesel    : mean= 0.331, std= 0.158
[19:36:13]   battery   : mean= 0.834, std= 0.219
[19:36:13]   customer  : mean= 0.825, std= 0.105
[19:36:15] 
======================================================================
[19:36:15] Episode 309/800
[19:36:15] ======================================================================
[19:36:15] 总奖励:  -141.66 | 步数: 24
[19:36:15] 最近10个episodes平均:  -140.90
[19:36:15] 
各Agent奖励:
[19:36:15]   wind      :   25.994
[19:36:15]   solar     :   16.532
[19:36:15]   diesel    :    5.093
[19:36:15]   battery   :    0.000
[19:36:15]   customer  : -189.279
[19:36:15] 
🔌 Main Grid 交易:
[19:36:15]   进口电量:     0.00 kWh
[19:36:15]   出口电量:   811.84 kWh
[19:36:15]   净交易量:  -811.84 kWh
[19:36:15]   平均出清价:  11.91 cents/kWh
[19:36:15]   市场独立度:  77.45%
[19:36:15] 
Buffer大小:  7656
[19:36:15] 噪声水平: 0.0727
[19:36:15] 
动作统计:
[19:36:15]   wind      : mean= 0.137, std= 0.124
[19:36:15]   solar     : mean=-0.302, std= 0.284
[19:36:15]   diesel    : mean= 0.350, std= 0.164
[19:36:15]   battery   : mean= 0.810, std= 0.230
[19:36:15]   customer  : mean= 0.813, std= 0.103
[19:36:17] 
======================================================================
[19:36:17] Episode 310/800
[19:36:17] ======================================================================
[19:36:17] 总奖励:  -152.07 | 步数: 24
[19:36:17] 最近10个episodes平均:  -142.26
[19:36:17] 
各Agent奖励:
[19:36:17]   wind      :   19.840
[19:36:17]   solar     :   11.304
[19:36:17]   diesel    :    1.996
[19:36:17]   battery   :    0.923
[19:36:17]   customer  : -186.131
[19:36:17] 
🔌 Main Grid 交易:
[19:36:17]   进口电量:    16.82 kWh
[19:36:17]   出口电量:   891.60 kWh
[19:36:17]   净交易量:  -874.78 kWh
[19:36:17]   平均出清价:  10.47 cents/kWh
[19:36:17]   市场独立度:  74.77%
[19:36:17] 
Buffer大小:  7680
[19:36:17] 噪声水平: 0.0726
[19:36:17] 
动作统计:
[19:36:17]   wind      : mean= 0.143, std= 0.119
[19:36:17]   solar     : mean=-0.295, std= 0.316
[19:36:17]   diesel    : mean= 0.348, std= 0.158
[19:36:17]   battery   : mean= 0.810, std= 0.235
[19:36:17]   customer  : mean= 0.828, std= 0.099
[19:36:17] 
📊 生成可视化图表...
[19:36:17]   ✓ debug_plots/training_ep0310.png
[19:36:19] 
======================================================================
[19:36:19] Episode 311/800
[19:36:19] ======================================================================
[19:36:19] 总奖励:  -140.34 | 步数: 24
[19:36:19] 最近10个episodes平均:  -142.81
[19:36:19] 
各Agent奖励:
[19:36:19]   wind      :   26.467
[19:36:19]   solar     :   11.816
[19:36:19]   diesel    :   -0.845
[19:36:19]   battery   :    0.391
[19:36:19]   customer  : -178.166
[19:36:19] 
🔌 Main Grid 交易:
[19:36:19]   进口电量:    10.14 kWh
[19:36:19]   出口电量:   804.76 kWh
[19:36:19]   净交易量:  -794.61 kWh
[19:36:19]   平均出清价:  10.44 cents/kWh
[19:36:19]   市场独立度:  77.36%
[19:36:19] 
Buffer大小:  7704
[19:36:19] 噪声水平: 0.0725
[19:36:19] 
动作统计:
[19:36:19]   wind      : mean= 0.117, std= 0.099
[19:36:19]   solar     : mean=-0.295, std= 0.317
[19:36:19]   diesel    : mean= 0.354, std= 0.190
[19:36:19]   battery   : mean= 0.805, std= 0.226
[19:36:19]   customer  : mean= 0.786, std= 0.113
[19:36:20] 
======================================================================
[19:36:20] Episode 312/800
[19:36:20] ======================================================================
[19:36:20] 总奖励:  -137.16 | 步数: 24
[19:36:20] 最近10个episodes平均:  -141.95
[19:36:20] 
各Agent奖励:
[19:36:20]   wind      :   29.167
[19:36:20]   solar     :   11.711
[19:36:20]   diesel    :    1.703
[19:36:20]   battery   :    0.154
[19:36:20]   customer  : -179.897
[19:36:20] 
🔌 Main Grid 交易:
[19:36:20]   进口电量:    12.71 kWh
[19:36:20]   出口电量:   886.74 kWh
[19:36:20]   净交易量:  -874.03 kWh
[19:36:20]   平均出清价:  10.46 cents/kWh
[19:36:20]   市场独立度:  75.02%
[19:36:20] 
Buffer大小:  7728
[19:36:20] 噪声水平: 0.0725
[19:36:20] 
动作统计:
[19:36:20]   wind      : mean= 0.114, std= 0.118
[19:36:20]   solar     : mean=-0.326, std= 0.319
[19:36:20]   diesel    : mean= 0.346, std= 0.172
[19:36:20]   battery   : mean= 0.802, std= 0.245
[19:36:20]   customer  : mean= 0.818, std= 0.111
[19:36:21] 
======================================================================
[19:36:21] Episode 313/800
[19:36:21] ======================================================================
[19:36:21] 总奖励:  -151.95 | 步数: 24
[19:36:21] 最近10个episodes平均:  -143.24
[19:36:21] 
各Agent奖励:
[19:36:21]   wind      :   18.203
[19:36:21]   solar     :   13.138
[19:36:21]   diesel    :    6.279
[19:36:21]   battery   :    0.027
[19:36:21]   customer  : -189.596
[19:36:21] 
🔌 Main Grid 交易:
[19:36:21]   进口电量:    14.06 kWh
[19:36:21]   出口电量:   917.71 kWh
[19:36:21]   净交易量:  -903.66 kWh
[19:36:21]   平均出清价:  12.82 cents/kWh
[19:36:21]   市场独立度:  74.12%
[19:36:21] 
Buffer大小:  7752
[19:36:21] 噪声水平: 0.0724
[19:36:21] 
动作统计:
[19:36:21]   wind      : mean= 0.179, std= 0.108
[19:36:21]   solar     : mean=-0.326, std= 0.318
[19:36:21]   diesel    : mean= 0.356, std= 0.165
[19:36:21]   battery   : mean= 0.810, std= 0.226
[19:36:21]   customer  : mean= 0.824, std= 0.104
[19:36:23] 
======================================================================
[19:36:23] Episode 314/800
[19:36:23] ======================================================================
[19:36:23] 总奖励:  -145.95 | 步数: 24
[19:36:23] 最近10个episodes平均:  -143.02
[19:36:23] 
各Agent奖励:
[19:36:23]   wind      :   20.356
[19:36:23]   solar     :   10.403
[19:36:23]   diesel    :    0.808
[19:36:23]   battery   :    1.349
[19:36:23]   customer  : -178.865
[19:36:23] 
🔌 Main Grid 交易:
[19:36:23]   进口电量:    13.11 kWh
[19:36:23]   出口电量:   890.14 kWh
[19:36:23]   净交易量:  -877.03 kWh
[19:36:23]   平均出清价:  10.90 cents/kWh
[19:36:23]   市场独立度:  74.91%
[19:36:23] 
Buffer大小:  7776
[19:36:23] 噪声水平: 0.0723
[19:36:23] 
动作统计:
[19:36:23]   wind      : mean= 0.149, std= 0.109
[19:36:23]   solar     : mean=-0.291, std= 0.312
[19:36:23]   diesel    : mean= 0.358, std= 0.170
[19:36:23]   battery   : mean= 0.805, std= 0.272
[19:36:23]   customer  : mean= 0.813, std= 0.103
[19:36:24] 
======================================================================
[19:36:24] Episode 315/800
[19:36:24] ======================================================================
[19:36:24] 总奖励:  -136.74 | 步数: 24
[19:36:24] 最近10个episodes平均:  -143.18
[19:36:24] 
各Agent奖励:
[19:36:24]   wind      :   35.901
[19:36:24]   solar     :   14.887
[19:36:24]   diesel    :    4.040
[19:36:24]   battery   :    0.000
[19:36:24]   customer  : -191.571
[19:36:24] 
🔌 Main Grid 交易:
[19:36:24]   进口电量:    14.68 kWh
[19:36:24]   出口电量:   778.68 kWh
[19:36:24]   净交易量:  -764.00 kWh
[19:36:24]   平均出清价:  13.11 cents/kWh
[19:36:24]   市场独立度:  77.96%
[19:36:24] 
Buffer大小:  7800
[19:36:24] 噪声水平: 0.0722
[19:36:24] 
动作统计:
[19:36:24]   wind      : mean= 0.127, std= 0.106
[19:36:24]   solar     : mean=-0.293, std= 0.303
[19:36:24]   diesel    : mean= 0.333, std= 0.200
[19:36:24]   battery   : mean= 0.810, std= 0.240
[19:36:24]   customer  : mean= 0.808, std= 0.117
[19:36:25] 
======================================================================
[19:36:25] Episode 316/800
[19:36:25] ======================================================================
[19:36:25] 总奖励:  -160.96 | 步数: 24
[19:36:25] 最近10个episodes平均:  -145.71
[19:36:25] 
各Agent奖励:
[19:36:25]   wind      :   13.234
[19:36:25]   solar     :    9.789
[19:36:25]   diesel    :    0.649
[19:36:25]   battery   :    0.548
[19:36:25]   customer  : -185.178
[19:36:25] 
🔌 Main Grid 交易:
[19:36:25]   进口电量:    26.30 kWh
[19:36:25]   出口电量:   925.01 kWh
[19:36:25]   净交易量:  -898.70 kWh
[19:36:25]   平均出清价:  10.24 cents/kWh
[19:36:25]   市场独立度:  73.57%
[19:36:25] 
Buffer大小:  7824
[19:36:25] 噪声水平: 0.0722
[19:36:25] 
动作统计:
[19:36:25]   wind      : mean= 0.143, std= 0.098
[19:36:25]   solar     : mean=-0.327, std= 0.294
[19:36:25]   diesel    : mean= 0.347, std= 0.186
[19:36:25]   battery   : mean= 0.789, std= 0.261
[19:36:25]   customer  : mean= 0.827, std= 0.101
[19:36:28] 
======================================================================
[19:36:28] Episode 317/800
[19:36:28] ======================================================================
[19:36:28] 总奖励:  -146.14 | 步数: 24
[19:36:28] 最近10个episodes平均:  -145.66
[19:36:28] 
各Agent奖励:
[19:36:28]   wind      :   20.892
[19:36:28]   solar     :   14.950
[19:36:28]   diesel    :    7.141
[19:36:28]   battery   :    0.448
[19:36:28]   customer  : -189.570
[19:36:28] 
🔌 Main Grid 交易:
[19:36:28]   进口电量:    38.44 kWh
[19:36:28]   出口电量:   795.02 kWh
[19:36:28]   净交易量:  -756.58 kWh
[19:36:28]   平均出清价:  12.69 cents/kWh
[19:36:28]   市场独立度:  76.85%
[19:36:28] 
Buffer大小:  7848
[19:36:28] 噪声水平: 0.0721
[19:36:28] 
动作统计:
[19:36:28]   wind      : mean= 0.166, std= 0.112
[19:36:28]   solar     : mean=-0.317, std= 0.304
[19:36:28]   diesel    : mean= 0.346, std= 0.179
[19:36:28]   battery   : mean= 0.791, std= 0.259
[19:36:28]   customer  : mean= 0.811, std= 0.100
[19:36:30] 
======================================================================
[19:36:30] Episode 318/800
[19:36:30] ======================================================================
[19:36:30] 总奖励:  -148.44 | 步数: 24
[19:36:30] 最近10个episodes平均:  -146.14
[19:36:30] 
各Agent奖励:
[19:36:30]   wind      :   22.714
[19:36:30]   solar     :   11.806
[19:36:30]   diesel    :    1.093
[19:36:30]   battery   :    0.000
[19:36:30]   customer  : -184.057
[19:36:30] 
🔌 Main Grid 交易:
[19:36:30]   进口电量:    18.28 kWh
[19:36:30]   出口电量:   849.07 kWh
[19:36:30]   净交易量:  -830.79 kWh
[19:36:30]   平均出清价:  10.62 cents/kWh
[19:36:30]   市场独立度:  75.91%
[19:36:30] 
Buffer大小:  7872
[19:36:30] 噪声水平: 0.0720
[19:36:30] 
动作统计:
[19:36:30]   wind      : mean= 0.146, std= 0.127
[19:36:30]   solar     : mean=-0.300, std= 0.312
[19:36:30]   diesel    : mean= 0.350, std= 0.172
[19:36:30]   battery   : mean= 0.803, std= 0.241
[19:36:30]   customer  : mean= 0.824, std= 0.124
[19:36:31] 
======================================================================
[19:36:31] Episode 319/800
[19:36:31] ======================================================================
[19:36:31] 总奖励:  -142.99 | 步数: 24
[19:36:31] 最近10个episodes平均:  -146.27
[19:36:31] 
各Agent奖励:
[19:36:31]   wind      :   25.673
[19:36:31]   solar     :   14.941
[19:36:31]   diesel    :    3.705
[19:36:31]   battery   :    1.017
[19:36:31]   customer  : -188.322
[19:36:31] 
🔌 Main Grid 交易:
[19:36:31]   进口电量:    39.90 kWh
[19:36:31]   出口电量:   728.44 kWh
[19:36:31]   净交易量:  -688.54 kWh
[19:36:31]   平均出清价:  13.00 cents/kWh
[19:36:31]   市场独立度:  78.66%
[19:36:31] 
Buffer大小:  7896
[19:36:31] 噪声水平: 0.0720
[19:36:31] 
动作统计:
[19:36:31]   wind      : mean= 0.127, std= 0.106
[19:36:31]   solar     : mean=-0.296, std= 0.329
[19:36:31]   diesel    : mean= 0.320, std= 0.175
[19:36:31]   battery   : mean= 0.794, std= 0.240
[19:36:31]   customer  : mean= 0.818, std= 0.108
[19:36:33] 
======================================================================
[19:36:33] Episode 320/800
[19:36:33] ======================================================================
[19:36:33] 总奖励:  -142.21 | 步数: 24
[19:36:33] 最近10个episodes平均:  -145.29
[19:36:33] 
各Agent奖励:
[19:36:33]   wind      :   23.348
[19:36:33]   solar     :   14.719
[19:36:33]   diesel    :    1.310
[19:36:33]   battery   :    0.000
[19:36:33]   customer  : -181.584
[19:36:33] 
🔌 Main Grid 交易:
[19:36:33]   进口电量:     0.00 kWh
[19:36:33]   出口电量:   884.68 kWh
[19:36:33]   净交易量:  -884.68 kWh
[19:36:33]   平均出清价:  11.42 cents/kWh
[19:36:33]   市场独立度:  75.43%
[19:36:33] 
Buffer大小:  7920
[19:36:33] 噪声水平: 0.0719
[19:36:33] 
动作统计:
[19:36:33]   wind      : mean= 0.133, std= 0.118
[19:36:33]   solar     : mean=-0.313, std= 0.315
[19:36:33]   diesel    : mean= 0.345, std= 0.193
[19:36:33]   battery   : mean= 0.800, std= 0.232
[19:36:33]   customer  : mean= 0.818, std= 0.084
[19:36:33] 
📊 生成可视化图表...
[19:36:33]   ✓ debug_plots/training_ep0320.png
[19:36:35] 
======================================================================
[19:36:35] Episode 321/800
[19:36:35] ======================================================================
[19:36:35] 总奖励:  -149.41 | 步数: 24
[19:36:35] 最近10个episodes平均:  -146.19
[19:36:35] 
各Agent奖励:
[19:36:35]   wind      :   20.543
[19:36:35]   solar     :   10.975
[19:36:35]   diesel    :    2.493
[19:36:35]   battery   :    0.805
[19:36:35]   customer  : -184.222
[19:36:35] 
🔌 Main Grid 交易:
[19:36:35]   进口电量:    16.08 kWh
[19:36:35]   出口电量:   838.32 kWh
[19:36:35]   净交易量:  -822.25 kWh
[19:36:35]   平均出清价:  11.06 cents/kWh
[19:36:35]   市场独立度:  76.27%
[19:36:35] 
Buffer大小:  7944
[19:36:35] 噪声水平: 0.0718
[19:36:35] 
动作统计:
[19:36:35]   wind      : mean= 0.138, std= 0.105
[19:36:35]   solar     : mean=-0.316, std= 0.324
[19:36:35]   diesel    : mean= 0.346, std= 0.172
[19:36:35]   battery   : mean= 0.792, std= 0.252
[19:36:35]   customer  : mean= 0.838, std= 0.120
[19:36:36] 
======================================================================
[19:36:36] Episode 322/800
[19:36:36] ======================================================================
[19:36:36] 总奖励:  -149.96 | 步数: 24
[19:36:36] 最近10个episodes平均:  -147.47
[19:36:36] 
各Agent奖励:
[19:36:36]   wind      :   22.983
[19:36:36]   solar     :   11.653
[19:36:36]   diesel    :    2.022
[19:36:36]   battery   :    0.532
[19:36:36]   customer  : -187.150
[19:36:36] 
🔌 Main Grid 交易:
[19:36:36]   进口电量:    18.88 kWh
[19:36:36]   出口电量:   840.69 kWh
[19:36:36]   净交易量:  -821.81 kWh
[19:36:36]   平均出清价:  11.00 cents/kWh
[19:36:36]   市场独立度:  76.12%
[19:36:36] 
Buffer大小:  7968
[19:36:36] 噪声水平: 0.0717
[19:36:36] 
动作统计:
[19:36:36]   wind      : mean= 0.134, std= 0.126
[19:36:36]   solar     : mean=-0.297, std= 0.319
[19:36:36]   diesel    : mean= 0.341, std= 0.176
[19:36:36]   battery   : mean= 0.807, std= 0.244
[19:36:36]   customer  : mean= 0.803, std= 0.097
[19:36:37] 
======================================================================
[19:36:37] Episode 323/800
[19:36:37] ======================================================================
[19:36:37] 总奖励:  -151.81 | 步数: 24
[19:36:37] 最近10个episodes平均:  -147.46
[19:36:37] 
各Agent奖励:
[19:36:37]   wind      :   23.334
[19:36:37]   solar     :   13.086
[19:36:37]   diesel    :    1.313
[19:36:37]   battery   :    0.374
[19:36:37]   customer  : -189.916
[19:36:37] 
🔌 Main Grid 交易:
[19:36:37]   进口电量:     2.75 kWh
[19:36:37]   出口电量:   907.77 kWh
[19:36:37]   净交易量:  -905.02 kWh
[19:36:37]   平均出清价:  10.86 cents/kWh
[19:36:37]   市场独立度:  74.71%
[19:36:37] 
Buffer大小:  7992
[19:36:37] 噪声水平: 0.0717
[19:36:37] 
动作统计:
[19:36:37]   wind      : mean= 0.112, std= 0.125
[19:36:37]   solar     : mean=-0.311, std= 0.308
[19:36:37]   diesel    : mean= 0.363, std= 0.200
[19:36:37]   battery   : mean= 0.798, std= 0.251
[19:36:37]   customer  : mean= 0.825, std= 0.104
[19:36:39] 
======================================================================
[19:36:39] Episode 324/800
[19:36:39] ======================================================================
[19:36:39] 总奖励:  -142.55 | 步数: 24
[19:36:39] 最近10个episodes平均:  -147.12
[19:36:39] 
各Agent奖励:
[19:36:39]   wind      :   26.432
[19:36:39]   solar     :   12.974
[19:36:39]   diesel    :    2.386
[19:36:39]   battery   :   -0.150
[19:36:39]   customer  : -184.189
[19:36:39] 
🔌 Main Grid 交易:
[19:36:39]   进口电量:    28.46 kWh
[19:36:39]   出口电量:   896.36 kWh
[19:36:39]   净交易量:  -867.90 kWh
[19:36:39]   平均出清价:  12.13 cents/kWh
[19:36:39]   市场独立度:  74.31%
[19:36:39] 
Buffer大小:  8016
[19:36:39] 噪声水平: 0.0716
[19:36:39] 
动作统计:
[19:36:39]   wind      : mean= 0.128, std= 0.132
[19:36:39]   solar     : mean=-0.319, std= 0.342
[19:36:39]   diesel    : mean= 0.337, std= 0.179
[19:36:39]   battery   : mean= 0.806, std= 0.242
[19:36:39]   customer  : mean= 0.822, std= 0.091
[19:36:40] 
======================================================================
[19:36:40] Episode 325/800
[19:36:40] ======================================================================
[19:36:40] 总奖励:  -141.69 | 步数: 24
[19:36:40] 最近10个episodes平均:  -147.61
[19:36:40] 
各Agent奖励:
[19:36:40]   wind      :   23.519
[19:36:40]   solar     :   12.096
[19:36:40]   diesel    :    1.220
[19:36:40]   battery   :    0.000
[19:36:40]   customer  : -178.524
[19:36:40] 
🔌 Main Grid 交易:
[19:36:40]   进口电量:    21.92 kWh
[19:36:40]   出口电量:   849.99 kWh
[19:36:40]   净交易量:  -828.07 kWh
[19:36:40]   平均出清价:  10.67 cents/kWh
[19:36:40]   市场独立度:  75.78%
[19:36:40] 
Buffer大小:  8040
[19:36:40] 噪声水平: 0.0715
[19:36:40] 
动作统计:
[19:36:40]   wind      : mean= 0.118, std= 0.103
[19:36:40]   solar     : mean=-0.300, std= 0.304
[19:36:40]   diesel    : mean= 0.336, std= 0.192
[19:36:40]   battery   : mean= 0.815, std= 0.234
[19:36:40]   customer  : mean= 0.783, std= 0.096
[19:36:42] 
======================================================================
[19:36:42] Episode 326/800
[19:36:42] ======================================================================
[19:36:42] 总奖励:  -151.60 | 步数: 24
[19:36:42] 最近10个episodes平均:  -146.68
[19:36:42] 
各Agent奖励:
[19:36:42]   wind      :   17.728
[19:36:42]   solar     :    6.062
[19:36:42]   diesel    :    1.125
[19:36:42]   battery   :    0.000
[19:36:42]   customer  : -176.514
[19:36:42] 
🔌 Main Grid 交易:
[19:36:42]   进口电量:     0.91 kWh
[19:36:42]   出口电量:   978.82 kWh
[19:36:42]   净交易量:  -977.91 kWh
[19:36:42]   平均出清价:   8.80 cents/kWh
[19:36:42]   市场独立度:  72.79%
[19:36:42] 
Buffer大小:  8064
[19:36:42] 噪声水平: 0.0715
[19:36:42] 
动作统计:
[19:36:42]   wind      : mean= 0.135, std= 0.126
[19:36:42]   solar     : mean=-0.276, std= 0.300
[19:36:42]   diesel    : mean= 0.355, std= 0.175
[19:36:42]   battery   : mean= 0.829, std= 0.217
[19:36:42]   customer  : mean= 0.859, std= 0.072
[19:36:43] 
======================================================================
[19:36:43] Episode 327/800
[19:36:43] ======================================================================
[19:36:43] 总奖励:  -145.93 | 步数: 24
[19:36:43] 最近10个episodes平均:  -146.66
[19:36:43] 
各Agent奖励:
[19:36:43]   wind      :   24.721
[19:36:43]   solar     :    6.441
[19:36:43]   diesel    :   -0.017
[19:36:43]   battery   :    0.143
[19:36:43]   customer  : -177.217
[19:36:43] 
🔌 Main Grid 交易:
[19:36:43]   进口电量:    17.81 kWh
[19:36:43]   出口电量:   978.85 kWh
[19:36:43]   净交易量:  -961.04 kWh
[19:36:43]   平均出清价:   9.22 cents/kWh
[19:36:43]   市场独立度:  72.31%
[19:36:43] 
Buffer大小:  8088
[19:36:43] 噪声水平: 0.0714
[19:36:43] 
动作统计:
[19:36:43]   wind      : mean= 0.134, std= 0.097
[19:36:43]   solar     : mean=-0.310, std= 0.327
[19:36:43]   diesel    : mean= 0.374, std= 0.179
[19:36:43]   battery   : mean= 0.819, std= 0.226
[19:36:43]   customer  : mean= 0.830, std= 0.089
[19:36:44] 
======================================================================
[19:36:44] Episode 328/800
[19:36:44] ======================================================================
[19:36:44] 总奖励:  -149.79 | 步数: 24
[19:36:44] 最近10个episodes平均:  -146.79
[19:36:44] 
各Agent奖励:
[19:36:44]   wind      :   21.995
[19:36:44]   solar     :    9.414
[19:36:44]   diesel    :    1.524
[19:36:44]   battery   :    0.042
[19:36:44]   customer  : -182.765
[19:36:44] 
🔌 Main Grid 交易:
[19:36:44]   进口电量:    24.09 kWh
[19:36:44]   出口电量:   965.33 kWh
[19:36:44]   净交易量:  -941.24 kWh
[19:36:44]   平均出清价:   9.47 cents/kWh
[19:36:44]   市场独立度:  72.52%
[19:36:44] 
Buffer大小:  8112
[19:36:44] 噪声水平: 0.0713
[19:36:44] 
动作统计:
[19:36:44]   wind      : mean= 0.112, std= 0.099
[19:36:44]   solar     : mean=-0.273, std= 0.308
[19:36:44]   diesel    : mean= 0.344, std= 0.178
[19:36:44]   battery   : mean= 0.807, std= 0.219
[19:36:44]   customer  : mean= 0.842, std= 0.105
[19:36:46] 
======================================================================
[19:36:46] Episode 329/800
[19:36:46] ======================================================================
[19:36:46] 总奖励:  -136.91 | 步数: 24
[19:36:46] 最近10个episodes平均:  -146.18
[19:36:46] 
各Agent奖励:
[19:36:46]   wind      :   31.107
[19:36:46]   solar     :   11.627
[19:36:46]   diesel    :    0.218
[19:36:46]   battery   :    0.000
[19:36:46]   customer  : -179.860
[19:36:46] 
🔌 Main Grid 交易:
[19:36:46]   进口电量:    14.54 kWh
[19:36:46]   出口电量:   968.09 kWh
[19:36:46]   净交易量:  -953.55 kWh
[19:36:46]   平均出清价:  11.53 cents/kWh
[19:36:46]   市场独立度:  72.70%
[19:36:46] 
Buffer大小:  8136
[19:36:46] 噪声水平: 0.0712
[19:36:46] 
动作统计:
[19:36:46]   wind      : mean= 0.137, std= 0.114
[19:36:46]   solar     : mean=-0.279, std= 0.320
[19:36:46]   diesel    : mean= 0.357, std= 0.180
[19:36:46]   battery   : mean= 0.809, std= 0.232
[19:36:46]   customer  : mean= 0.815, std= 0.091
[19:36:48] 
======================================================================
[19:36:48] Episode 330/800
[19:36:48] ======================================================================
[19:36:48] 总奖励:  -143.55 | 步数: 24
[19:36:48] 最近10个episodes平均:  -146.32
[19:36:48] 
各Agent奖励:
[19:36:48]   wind      :   23.133
[19:36:48]   solar     :   14.126
[19:36:48]   diesel    :    3.162
[19:36:48]   battery   :    0.000
[19:36:48]   customer  : -183.974
[19:36:48] 
🔌 Main Grid 交易:
[19:36:48]   进口电量:    15.55 kWh
[19:36:48]   出口电量:   810.30 kWh
[19:36:48]   净交易量:  -794.75 kWh
[19:36:48]   平均出清价:  11.45 cents/kWh
[19:36:48]   市场独立度:  77.06%
[19:36:48] 
Buffer大小:  8160
[19:36:48] 噪声水平: 0.0712
[19:36:48] 
动作统计:
[19:36:48]   wind      : mean= 0.137, std= 0.128
[19:36:48]   solar     : mean=-0.337, std= 0.285
[19:36:48]   diesel    : mean= 0.343, std= 0.188
[19:36:48]   battery   : mean= 0.816, std= 0.212
[19:36:48]   customer  : mean= 0.797, std= 0.097
[19:36:48] 
📊 生成可视化图表...
[19:36:48]   ✓ debug_plots/training_ep0330.png
[19:36:50] 
======================================================================
[19:36:50] Episode 331/800
[19:36:50] ======================================================================
[19:36:50] 总奖励:  -144.97 | 步数: 24
[19:36:50] 最近10个episodes平均:  -145.88
[19:36:50] 
各Agent奖励:
[19:36:50]   wind      :   25.728
[19:36:50]   solar     :   11.967
[19:36:50]   diesel    :    5.177
[19:36:50]   battery   :    0.000
[19:36:50]   customer  : -187.845
[19:36:50] 
🔌 Main Grid 交易:
[19:36:50]   进口电量:    30.41 kWh
[19:36:50]   出口电量:   885.01 kWh
[19:36:50]   净交易量:  -854.60 kWh
[19:36:50]   平均出清价:  11.58 cents/kWh
[19:36:50]   市场独立度:  74.57%
[19:36:50] 
Buffer大小:  8184
[19:36:50] 噪声水平: 0.0711
[19:36:50] 
动作统计:
[19:36:50]   wind      : mean= 0.117, std= 0.136
[19:36:50]   solar     : mean=-0.320, std= 0.284
[19:36:50]   diesel    : mean= 0.344, std= 0.173
[19:36:50]   battery   : mean= 0.824, std= 0.203
[19:36:50]   customer  : mean= 0.808, std= 0.103
[19:36:52] 
======================================================================
[19:36:52] Episode 332/800
[19:36:52] ======================================================================
[19:36:52] 总奖励:  -150.23 | 步数: 24
[19:36:52] 最近10个episodes平均:  -145.90
[19:36:52] 
各Agent奖励:
[19:36:52]   wind      :   21.176
[19:36:52]   solar     :   10.779
[19:36:52]   diesel    :    1.910
[19:36:52]   battery   :    0.029
[19:36:52]   customer  : -184.122
[19:36:52] 
🔌 Main Grid 交易:
[19:36:52]   进口电量:    11.80 kWh
[19:36:52]   出口电量:   981.58 kWh
[19:36:52]   净交易量:  -969.77 kWh
[19:36:52]   平均出清价:  11.12 cents/kWh
[19:36:52]   市场独立度:  72.41%
[19:36:52] 
Buffer大小:  8208
[19:36:52] 噪声水平: 0.0710
[19:36:52] 
动作统计:
[19:36:52]   wind      : mean= 0.135, std= 0.127
[19:36:52]   solar     : mean=-0.297, std= 0.292
[19:36:52]   diesel    : mean= 0.346, std= 0.173
[19:36:52]   battery   : mean= 0.840, std= 0.199
[19:36:52]   customer  : mean= 0.826, std= 0.109
[19:36:53] 
======================================================================
[19:36:53] Episode 333/800
[19:36:53] ======================================================================
[19:36:53] 总奖励:  -146.14 | 步数: 24
[19:36:53] 最近10个episodes平均:  -145.34
[19:36:53] 
各Agent奖励:
[19:36:53]   wind      :   24.735
[19:36:53]   solar     :   11.250
[19:36:53]   diesel    :    2.122
[19:36:53]   battery   :    0.000
[19:36:53]   customer  : -184.251
[19:36:53] 
🔌 Main Grid 交易:
[19:36:53]   进口电量:     0.00 kWh
[19:36:53]   出口电量:   954.56 kWh
[19:36:53]   净交易量:  -954.56 kWh
[19:36:53]   平均出清价:  10.91 cents/kWh
[19:36:53]   市场独立度:  73.48%
[19:36:53] 
Buffer大小:  8232
[19:36:53] 噪声水平: 0.0710
[19:36:53] 
动作统计:
[19:36:53]   wind      : mean= 0.119, std= 0.124
[19:36:53]   solar     : mean=-0.281, std= 0.332
[19:36:53]   diesel    : mean= 0.361, std= 0.174
[19:36:53]   battery   : mean= 0.841, std= 0.205
[19:36:53]   customer  : mean= 0.823, std= 0.101
[19:36:54] 
======================================================================
[19:36:54] Episode 334/800
[19:36:54] ======================================================================
[19:36:54] 总奖励:  -147.66 | 步数: 24
[19:36:54] 最近10个episodes平均:  -145.85
[19:36:54] 
各Agent奖励:
[19:36:54]   wind      :   22.902
[19:36:54]   solar     :   12.249
[19:36:54]   diesel    :    1.610
[19:36:54]   battery   :    0.310
[19:36:54]   customer  : -184.729
[19:36:54] 
🔌 Main Grid 交易:
[19:36:54]   进口电量:    16.19 kWh
[19:36:54]   出口电量:   949.63 kWh
[19:36:54]   净交易量:  -933.44 kWh
[19:36:54]   平均出清价:  11.95 cents/kWh
[19:36:54]   市场独立度:  73.17%
[19:36:54] 
Buffer大小:  8256
[19:36:54] 噪声水平: 0.0709
[19:36:54] 
动作统计:
[19:36:54]   wind      : mean= 0.171, std= 0.115
[19:36:54]   solar     : mean=-0.296, std= 0.304
[19:36:54]   diesel    : mean= 0.337, std= 0.163
[19:36:54]   battery   : mean= 0.844, std= 0.221
[19:36:54]   customer  : mean= 0.827, std= 0.094
[19:36:55] 
======================================================================
[19:36:55] Episode 335/800
[19:36:55] ======================================================================
[19:36:55] 总奖励:  -148.14 | 步数: 24
[19:36:55] 最近10个episodes平均:  -146.49
[19:36:55] 
各Agent奖励:
[19:36:55]   wind      :   20.106
[19:36:55]   solar     :   13.854
[19:36:55]   diesel    :    1.530
[19:36:55]   battery   :    0.000
[19:36:55]   customer  : -183.626
[19:36:55] 
🔌 Main Grid 交易:
[19:36:55]   进口电量:    13.91 kWh
[19:36:55]   出口电量:   872.36 kWh
[19:36:55]   净交易量:  -858.46 kWh
[19:36:55]   平均出清价:  11.31 cents/kWh
[19:36:55]   市场独立度:  75.38%
[19:36:55] 
Buffer大小:  8280
[19:36:55] 噪声水平: 0.0708
[19:36:55] 
动作统计:
[19:36:55]   wind      : mean= 0.154, std= 0.128
[19:36:55]   solar     : mean=-0.292, std= 0.288
[19:36:55]   diesel    : mean= 0.341, std= 0.176
[19:36:55]   battery   : mean= 0.835, std= 0.204
[19:36:55]   customer  : mean= 0.824, std= 0.072
[19:36:57] 
======================================================================
[19:36:57] Episode 336/800
[19:36:57] ======================================================================
[19:36:57] 总奖励:  -147.30 | 步数: 24
[19:36:57] 最近10个episodes平均:  -146.06
[19:36:57] 
各Agent奖励:
[19:36:57]   wind      :   26.131
[19:36:57]   solar     :    9.596
[19:36:57]   diesel    :    1.798
[19:36:57]   battery   :    0.140
[19:36:57]   customer  : -184.969
[19:36:57] 
🔌 Main Grid 交易:
[19:36:57]   进口电量:    25.31 kWh
[19:36:57]   出口电量:   913.04 kWh
[19:36:57]   净交易量:  -887.73 kWh
[19:36:57]   平均出清价:  12.28 cents/kWh
[19:36:57]   市场独立度:  73.93%
[19:36:57] 
Buffer大小:  8304
[19:36:57] 噪声水平: 0.0707
[19:36:57] 
动作统计:
[19:36:57]   wind      : mean= 0.129, std= 0.106
[19:36:57]   solar     : mean=-0.291, std= 0.310
[19:36:57]   diesel    : mean= 0.322, std= 0.197
[19:36:57]   battery   : mean= 0.828, std= 0.227
[19:36:57]   customer  : mean= 0.828, std= 0.079
[19:36:58] 
======================================================================
[19:36:58] Episode 337/800
[19:36:58] ======================================================================
[19:36:58] 总奖励:  -141.31 | 步数: 24
[19:36:58] 最近10个episodes平均:  -145.60
[19:36:58] 
各Agent奖励:
[19:36:58]   wind      :   28.468
[19:36:58]   solar     :   10.968
[19:36:58]   diesel    :    2.207
[19:36:58]   battery   :    0.000
[19:36:58]   customer  : -182.952
[19:36:58] 
🔌 Main Grid 交易:
[19:36:58]   进口电量:     5.26 kWh
[19:36:58]   出口电量:   880.42 kWh
[19:36:58]   净交易量:  -875.16 kWh
[19:36:58]   平均出清价:  10.82 cents/kWh
[19:36:58]   市场独立度:  75.40%
[19:36:58] 
Buffer大小:  8328
[19:36:58] 噪声水平: 0.0707
[19:36:58] 
动作统计:
[19:36:58]   wind      : mean= 0.100, std= 0.125
[19:36:58]   solar     : mean=-0.296, std= 0.354
[19:36:58]   diesel    : mean= 0.348, std= 0.174
[19:36:58]   battery   : mean= 0.836, std= 0.228
[19:36:58]   customer  : mean= 0.821, std= 0.073
[19:36:59] 
======================================================================
[19:36:59] Episode 338/800
[19:36:59] ======================================================================
[19:36:59] 总奖励:  -150.35 | 步数: 24
[19:36:59] 最近10个episodes平均:  -145.66
[19:36:59] 
各Agent奖励:
[19:36:59]   wind      :   17.186
[19:36:59]   solar     :   10.396
[19:36:59]   diesel    :    0.130
[19:36:59]   battery   :   -0.442
[19:36:59]   customer  : -177.618
[19:36:59] 
🔌 Main Grid 交易:
[19:36:59]   进口电量:    14.76 kWh
[19:36:59]   出口电量:   891.49 kWh
[19:36:59]   净交易量:  -876.73 kWh
[19:36:59]   平均出清价:   9.78 cents/kWh
[19:36:59]   市场独立度:  74.83%
[19:36:59] 
Buffer大小:  8352
[19:36:59] 噪声水平: 0.0706
[19:36:59] 
动作统计:
[19:36:59]   wind      : mean= 0.117, std= 0.115
[19:36:59]   solar     : mean=-0.316, std= 0.325
[19:36:59]   diesel    : mean= 0.340, std= 0.186
[19:36:59]   battery   : mean= 0.836, std= 0.253
[19:36:59]   customer  : mean= 0.839, std= 0.089
[19:37:01] 
======================================================================
[19:37:01] Episode 339/800
[19:37:01] ======================================================================
[19:37:01] 总奖励:  -148.45 | 步数: 24
[19:37:01] 最近10个episodes平均:  -146.81
[19:37:01] 
各Agent奖励:
[19:37:01]   wind      :   23.004
[19:37:01]   solar     :    8.756
[19:37:01]   diesel    :    2.197
[19:37:01]   battery   :    0.000
[19:37:01]   customer  : -182.411
[19:37:01] 
🔌 Main Grid 交易:
[19:37:01]   进口电量:     0.41 kWh
[19:37:01]   出口电量:   965.47 kWh
[19:37:01]   净交易量:  -965.07 kWh
[19:37:01]   平均出清价:  10.09 cents/kWh
[19:37:01]   市场独立度:  73.17%
[19:37:01] 
Buffer大小:  8376
[19:37:01] 噪声水平: 0.0705
[19:37:01] 
动作统计:
[19:37:01]   wind      : mean= 0.154, std= 0.103
[19:37:01]   solar     : mean=-0.294, std= 0.345
[19:37:01]   diesel    : mean= 0.341, std= 0.189
[19:37:01]   battery   : mean= 0.856, std= 0.193
[19:37:01]   customer  : mean= 0.835, std= 0.102
[19:37:02] 
======================================================================
[19:37:02] Episode 340/800
[19:37:02] ======================================================================
[19:37:02] 总奖励:  -139.78 | 步数: 24
[19:37:02] 最近10个episodes平均:  -146.43
[19:37:02] 
各Agent奖励:
[19:37:02]   wind      :   23.698
[19:37:02]   solar     :   12.041
[19:37:02]   diesel    :    3.380
[19:37:02]   battery   :   -0.668
[19:37:02]   customer  : -178.227
[19:37:02] 
🔌 Main Grid 交易:
[19:37:02]   进口电量:     2.74 kWh
[19:37:02]   出口电量:   872.49 kWh
[19:37:02]   净交易量:  -869.75 kWh
[19:37:02]   平均出清价:  11.44 cents/kWh
[19:37:02]   市场独立度:  75.69%
[19:37:02] 
Buffer大小:  8400
[19:37:02] 噪声水平: 0.0705
[19:37:02] 
动作统计:
[19:37:02]   wind      : mean= 0.136, std= 0.119
[19:37:02]   solar     : mean=-0.303, std= 0.356
[19:37:02]   diesel    : mean= 0.362, std= 0.175
[19:37:02]   battery   : mean= 0.849, std= 0.246
[19:37:02]   customer  : mean= 0.825, std= 0.109
[19:37:02] 
📊 生成可视化图表...
[19:37:02]   ✓ debug_plots/training_ep0340.png
[19:37:04] 
======================================================================
[19:37:04] Episode 341/800
[19:37:04] ======================================================================
[19:37:04] 总奖励:  -144.64 | 步数: 24
[19:37:04] 最近10个episodes平均:  -146.40
[19:37:04] 
各Agent奖励:
[19:37:04]   wind      :   23.976
[19:37:04]   solar     :   10.495
[19:37:04]   diesel    :    1.751
[19:37:04]   battery   :    1.297
[19:37:04]   customer  : -182.159
[19:37:04] 
🔌 Main Grid 交易:
[19:37:04]   进口电量:    44.43 kWh
[19:37:04]   出口电量:   998.07 kWh
[19:37:04]   净交易量:  -953.63 kWh
[19:37:04]   平均出清价:  10.89 cents/kWh
[19:37:04]   市场独立度:  71.04%
[19:37:04] 
Buffer大小:  8424
[19:37:04] 噪声水平: 0.0704
[19:37:04] 
动作统计:
[19:37:04]   wind      : mean= 0.119, std= 0.134
[19:37:04]   solar     : mean=-0.309, std= 0.319
[19:37:04]   diesel    : mean= 0.344, std= 0.190
[19:37:04]   battery   : mean= 0.853, std= 0.220
[19:37:04]   customer  : mean= 0.814, std= 0.106
[19:37:05] 
======================================================================
[19:37:05] Episode 342/800
[19:37:05] ======================================================================
[19:37:05] 总奖励:  -148.58 | 步数: 24
[19:37:05] 最近10个episodes平均:  -146.24
[19:37:05] 
各Agent奖励:
[19:37:05]   wind      :   24.530
[19:37:05]   solar     :   12.218
[19:37:05]   diesel    :    1.483
[19:37:05]   battery   :    0.107
[19:37:05]   customer  : -186.923
[19:37:05] 
🔌 Main Grid 交易:
[19:37:05]   进口电量:    18.35 kWh
[19:37:05]   出口电量:   958.19 kWh
[19:37:05]   净交易量:  -939.83 kWh
[19:37:05]   平均出清价:  11.45 cents/kWh
[19:37:05]   市场独立度:  72.87%
[19:37:05] 
Buffer大小:  8448
[19:37:05] 噪声水平: 0.0703
[19:37:05] 
动作统计:
[19:37:05]   wind      : mean= 0.131, std= 0.116
[19:37:05]   solar     : mean=-0.274, std= 0.329
[19:37:05]   diesel    : mean= 0.347, std= 0.212
[19:37:05]   battery   : mean= 0.873, std= 0.200
[19:37:05]   customer  : mean= 0.816, std= 0.096
[19:37:07] 
======================================================================
[19:37:07] Episode 343/800
[19:37:07] ======================================================================
[19:37:07] 总奖励:  -146.99 | 步数: 24
[19:37:07] 最近10个episodes平均:  -146.32
[19:37:07] 
各Agent奖励:
[19:37:07]   wind      :   22.082
[19:37:07]   solar     :   11.912
[19:37:07]   diesel    :    1.430
[19:37:07]   battery   :    0.000
[19:37:07]   customer  : -182.417
[19:37:07] 
🔌 Main Grid 交易:
[19:37:07]   进口电量:    16.38 kWh
[19:37:07]   出口电量:  1002.76 kWh
[19:37:07]   净交易量:  -986.38 kWh
[19:37:07]   平均出清价:  10.67 cents/kWh
[19:37:07]   市场独立度:  71.69%
[19:37:07] 
Buffer大小:  8472
[19:37:07] 噪声水平: 0.0702
[19:37:07] 
动作统计:
[19:37:07]   wind      : mean= 0.126, std= 0.108
[19:37:07]   solar     : mean=-0.281, std= 0.342
[19:37:07]   diesel    : mean= 0.335, std= 0.194
[19:37:07]   battery   : mean= 0.886, std= 0.193
[19:37:07]   customer  : mean= 0.837, std= 0.088
[19:37:09] 
======================================================================
[19:37:09] Episode 344/800
[19:37:09] ======================================================================
[19:37:09] 总奖励:  -157.09 | 步数: 24
[19:37:09] 最近10个episodes平均:  -147.26
[19:37:09] 
各Agent奖励:
[19:37:09]   wind      :   17.821
[19:37:09]   solar     :    9.139
[19:37:09]   diesel    :    3.208
[19:37:09]   battery   :    0.334
[19:37:09]   customer  : -187.588
[19:37:09] 
🔌 Main Grid 交易:
[19:37:09]   进口电量:    37.41 kWh
[19:37:09]   出口电量:   964.24 kWh
[19:37:09]   净交易量:  -926.83 kWh
[19:37:09]   平均出清价:   9.96 cents/kWh
[19:37:09]   市场独立度:  72.18%
[19:37:09] 
Buffer大小:  8496
[19:37:09] 噪声水平: 0.0702
[19:37:09] 
动作统计:
[19:37:09]   wind      : mean= 0.146, std= 0.102
[19:37:09]   solar     : mean=-0.292, std= 0.341
[19:37:09]   diesel    : mean= 0.348, std= 0.202
[19:37:09]   battery   : mean= 0.878, std= 0.216
[19:37:09]   customer  : mean= 0.842, std= 0.131
[19:37:10] 
======================================================================
[19:37:10] Episode 345/800
[19:37:10] ======================================================================
[19:37:10] 总奖励:  -154.01 | 步数: 24
[19:37:10] 最近10个episodes平均:  -147.85
[19:37:10] 
各Agent奖励:
[19:37:10]   wind      :   16.196
[19:37:10]   solar     :    8.830
[19:37:10]   diesel    :    6.989
[19:37:10]   battery   :    0.000
[19:37:10]   customer  : -186.022
[19:37:10] 
🔌 Main Grid 交易:
[19:37:10]   进口电量:    24.05 kWh
[19:37:10]   出口电量:   852.07 kWh
[19:37:10]   净交易量:  -828.02 kWh
[19:37:10]   平均出清价:  10.28 cents/kWh
[19:37:10]   市场独立度:  75.66%
[19:37:10] 
Buffer大小:  8520
[19:37:10] 噪声水平: 0.0701
[19:37:10] 
动作统计:
[19:37:10]   wind      : mean= 0.135, std= 0.114
[19:37:10]   solar     : mean=-0.302, std= 0.348
[19:37:10]   diesel    : mean= 0.328, std= 0.176
[19:37:10]   battery   : mean= 0.887, std= 0.197
[19:37:10]   customer  : mean= 0.815, std= 0.102
[19:37:11] 
======================================================================
[19:37:11] Episode 346/800
[19:37:11] ======================================================================
[19:37:11] 总奖励:  -143.79 | 步数: 24
[19:37:11] 最近10个episodes平均:  -147.50
[19:37:11] 
各Agent奖励:
[19:37:11]   wind      :   21.555
[19:37:11]   solar     :   11.082
[19:37:11]   diesel    :    2.533
[19:37:11]   battery   :    0.008
[19:37:11]   customer  : -178.964
[19:37:11] 
🔌 Main Grid 交易:
[19:37:11]   进口电量:    19.90 kWh
[19:37:11]   出口电量:   960.40 kWh
[19:37:11]   净交易量:  -940.49 kWh
[19:37:11]   平均出清价:  10.33 cents/kWh
[19:37:11]   市场独立度:  72.77%
[19:37:11] 
Buffer大小:  8544
[19:37:11] 噪声水平: 0.0700
[19:37:11] 
动作统计:
[19:37:11]   wind      : mean= 0.099, std= 0.108
[19:37:11]   solar     : mean=-0.298, std= 0.388
[19:37:11]   diesel    : mean= 0.345, std= 0.189
[19:37:11]   battery   : mean= 0.873, std= 0.209
[19:37:11]   customer  : mean= 0.812, std= 0.097
[19:37:12] 
======================================================================
[19:37:12] Episode 347/800
[19:37:12] ======================================================================
[19:37:12] 总奖励:  -143.15 | 步数: 24
[19:37:12] 最近10个episodes平均:  -147.68
[19:37:12] 
各Agent奖励:
[19:37:12]   wind      :   22.522
[19:37:12]   solar     :   13.848
[19:37:12]   diesel    :    3.446
[19:37:12]   battery   :    0.000
[19:37:12]   customer  : -182.970
[19:37:12] 
🔌 Main Grid 交易:
[19:37:12]   进口电量:     6.06 kWh
[19:37:12]   出口电量:   934.67 kWh
[19:37:12]   净交易量:  -928.61 kWh
[19:37:12]   平均出清价:  11.77 cents/kWh
[19:37:12]   市场独立度:  73.87%
[19:37:12] 
Buffer大小:  8568
[19:37:12] 噪声水平: 0.0700
[19:37:12] 
动作统计:
[19:37:12]   wind      : mean= 0.138, std= 0.112
[19:37:12]   solar     : mean=-0.292, std= 0.344
[19:37:12]   diesel    : mean= 0.368, std= 0.180
[19:37:12]   battery   : mean= 0.882, std= 0.190
[19:37:12]   customer  : mean= 0.801, std= 0.106
[19:37:14] 
======================================================================
[19:37:14] Episode 348/800
[19:37:14] ======================================================================
[19:37:14] 总奖励:  -147.74 | 步数: 24
[19:37:14] 最近10个episodes平均:  -147.42
[19:37:14] 
各Agent奖励:
[19:37:14]   wind      :   22.368
[19:37:14]   solar     :   10.479
[19:37:14]   diesel    :    2.673
[19:37:14]   battery   :    0.000
[19:37:14]   customer  : -183.260
[19:37:14] 
🔌 Main Grid 交易:
[19:37:14]   进口电量:    10.83 kWh
[19:37:14]   出口电量:   869.56 kWh
[19:37:14]   净交易量:  -858.73 kWh
[19:37:14]   平均出清价:  11.71 cents/kWh
[19:37:14]   市场独立度:  75.54%
[19:37:14] 
Buffer大小:  8592
[19:37:14] 噪声水平: 0.0699
[19:37:14] 
动作统计:
[19:37:14]   wind      : mean= 0.157, std= 0.102
[19:37:14]   solar     : mean=-0.283, std= 0.358
[19:37:14]   diesel    : mean= 0.327, std= 0.200
[19:37:14]   battery   : mean= 0.872, std= 0.185
[19:37:14]   customer  : mean= 0.806, std= 0.093
[19:37:16] 
======================================================================
[19:37:16] Episode 349/800
[19:37:16] ======================================================================
[19:37:16] 总奖励:  -132.55 | 步数: 24
[19:37:16] 最近10个episodes平均:  -145.83
[19:37:16] 
各Agent奖励:
[19:37:16]   wind      :   33.036
[19:37:16]   solar     :   12.640
[19:37:16]   diesel    :    2.723
[19:37:16]   battery   :    0.212
[19:37:16]   customer  : -181.158
[19:37:16] 
🔌 Main Grid 交易:
[19:37:16]   进口电量:    25.94 kWh
[19:37:16]   出口电量:   840.73 kWh
[19:37:16]   净交易量:  -814.79 kWh
[19:37:16]   平均出清价:  12.37 cents/kWh
[19:37:16]   市场独立度:  75.93%
[19:37:16] 
Buffer大小:  8616
[19:37:16] 噪声水平: 0.0698
[19:37:16] 
动作统计:
[19:37:16]   wind      : mean= 0.113, std= 0.121
[19:37:16]   solar     : mean=-0.294, std= 0.376
[19:37:16]   diesel    : mean= 0.334, std= 0.165
[19:37:16]   battery   : mean= 0.879, std= 0.201
[19:37:16]   customer  : mean= 0.794, std= 0.092
[19:37:17] 
======================================================================
[19:37:17] Episode 350/800
[19:37:17] ======================================================================
[19:37:17] 总奖励:  -138.07 | 步数: 24
[19:37:17] 最近10个episodes平均:  -145.66
[19:37:17] 
各Agent奖励:
[19:37:17]   wind      :   30.331
[19:37:17]   solar     :   15.834
[19:37:17]   diesel    :    4.062
[19:37:17]   battery   :    0.000
[19:37:17]   customer  : -188.294
[19:37:17] 
🔌 Main Grid 交易:
[19:37:17]   进口电量:    24.43 kWh
[19:37:17]   出口电量:   886.22 kWh
[19:37:17]   净交易量:  -861.79 kWh
[19:37:17]   平均出清价:  13.36 cents/kWh
[19:37:17]   市场独立度:  74.70%
[19:37:17] 
Buffer大小:  8640
[19:37:17] 噪声水平: 0.0698
[19:37:17] 
动作统计:
[19:37:17]   wind      : mean= 0.143, std= 0.115
[19:37:17]   solar     : mean=-0.302, std= 0.388
[19:37:17]   diesel    : mean= 0.340, std= 0.179
[19:37:17]   battery   : mean= 0.877, std= 0.214
[19:37:17]   customer  : mean= 0.790, std= 0.093
[19:37:17] 
📊 生成可视化图表...
[19:37:17]   ✓ debug_plots/training_ep0350.png
[19:37:17] 💾 保存checkpoint: debug_checkpoints/debug_maddpg_20251203_193028_ep0350.pt
[19:37:19] 
======================================================================
[19:37:19] Episode 351/800
[19:37:19] ======================================================================
[19:37:19] 总奖励:  -148.47 | 步数: 24
[19:37:19] 最近10个episodes平均:  -146.04
[19:37:19] 
各Agent奖励:
[19:37:19]   wind      :   20.409
[19:37:19]   solar     :   11.371
[19:37:19]   diesel    :    2.459
[19:37:19]   battery   :    0.000
[19:37:19]   customer  : -182.712
[19:37:19] 
🔌 Main Grid 交易:
[19:37:19]   进口电量:    19.23 kWh
[19:37:19]   出口电量:   923.23 kWh
[19:37:19]   净交易量:  -904.00 kWh
[19:37:19]   平均出清价:  10.70 cents/kWh
[19:37:19]   市场独立度:  73.82%
[19:37:19] 
Buffer大小:  8664
[19:37:19] 噪声水平: 0.0697
[19:37:19] 
动作统计:
[19:37:19]   wind      : mean= 0.136, std= 0.100
[19:37:19]   solar     : mean=-0.318, std= 0.426
[19:37:19]   diesel    : mean= 0.333, std= 0.181
[19:37:19]   battery   : mean= 0.887, std= 0.199
[19:37:19]   customer  : mean= 0.841, std= 0.096
[19:37:20] 
======================================================================
[19:37:20] Episode 352/800
[19:37:20] ======================================================================
[19:37:20] 总奖励:  -149.60 | 步数: 24
[19:37:20] 最近10个episodes平均:  -146.14
[19:37:20] 
各Agent奖励:
[19:37:20]   wind      :   17.992
[19:37:20]   solar     :    6.551
[19:37:20]   diesel    :    0.002
[19:37:20]   battery   :    1.663
[19:37:20]   customer  : -175.804
[19:37:20] 
🔌 Main Grid 交易:
[19:37:20]   进口电量:    14.61 kWh
[19:37:20]   出口电量:   992.85 kWh
[19:37:20]   净交易量:  -978.24 kWh
[19:37:20]   平均出清价:   9.01 cents/kWh
[19:37:20]   市场独立度:  72.02%
[19:37:20] 
Buffer大小:  8688
[19:37:20] 噪声水平: 0.0696
[19:37:20] 
动作统计:
[19:37:20]   wind      : mean= 0.090, std= 0.129
[19:37:20]   solar     : mean=-0.278, std= 0.405
[19:37:20]   diesel    : mean= 0.342, std= 0.188
[19:37:20]   battery   : mean= 0.891, std= 0.213
[19:37:20]   customer  : mean= 0.845, std= 0.098
[19:37:21] 
======================================================================
[19:37:21] Episode 353/800
[19:37:21] ======================================================================
[19:37:21] 总奖励:  -141.57 | 步数: 24
[19:37:21] 最近10个episodes平均:  -145.60
[19:37:21] 
各Agent奖励:
[19:37:21]   wind      :   26.363
[19:37:21]   solar     :   10.368
[19:37:21]   diesel    :    3.089
[19:37:21]   battery   :    0.112
[19:37:21]   customer  : -181.502
[19:37:21] 
🔌 Main Grid 交易:
[19:37:21]   进口电量:     7.59 kWh
[19:37:21]   出口电量:   819.32 kWh
[19:37:21]   净交易量:  -811.73 kWh
[19:37:21]   平均出清价:  10.38 cents/kWh
[19:37:21]   市场独立度:  77.03%
[19:37:21] 
Buffer大小:  8712
[19:37:21] 噪声水平: 0.0695
[19:37:21] 
动作统计:
[19:37:21]   wind      : mean= 0.122, std= 0.114
[19:37:21]   solar     : mean=-0.346, std= 0.369
[19:37:21]   diesel    : mean= 0.324, std= 0.160
[19:37:21]   battery   : mean= 0.883, std= 0.201
[19:37:21]   customer  : mean= 0.799, std= 0.070
[19:37:22] 
======================================================================
[19:37:22] Episode 354/800
[19:37:22] ======================================================================
[19:37:22] 总奖励:  -133.96 | 步数: 24
[19:37:22] 最近10个episodes平均:  -143.29
[19:37:22] 
各Agent奖励:
[19:37:22]   wind      :   34.632
[19:37:22]   solar     :   13.697
[19:37:22]   diesel    :    0.921
[19:37:22]   battery   :    0.054
[19:37:22]   customer  : -183.262
[19:37:22] 
🔌 Main Grid 交易:
[19:37:22]   进口电量:    10.37 kWh
[19:37:22]   出口电量:   753.75 kWh
[19:37:22]   净交易量:  -743.38 kWh
[19:37:22]   平均出清价:  12.34 cents/kWh
[19:37:22]   市场独立度:  78.77%
[19:37:22] 
Buffer大小:  8736
[19:37:22] 噪声水平: 0.0695
[19:37:22] 
动作统计:
[19:37:22]   wind      : mean= 0.124, std= 0.113
[19:37:22]   solar     : mean=-0.332, std= 0.384
[19:37:22]   diesel    : mean= 0.320, std= 0.173
[19:37:22]   battery   : mean= 0.888, std= 0.197
[19:37:22]   customer  : mean= 0.788, std= 0.108
[19:37:24] 
======================================================================
[19:37:24] Episode 355/800
[19:37:24] ======================================================================
[19:37:24] 总奖励:  -132.33 | 步数: 24
[19:37:24] 最近10个episodes平均:  -141.12
[19:37:24] 
各Agent奖励:
[19:37:24]   wind      :   32.772
[19:37:24]   solar     :   12.180
[19:37:24]   diesel    :    3.821
[19:37:24]   battery   :    0.000
[19:37:24]   customer  : -181.109
[19:37:24] 
🔌 Main Grid 交易:
[19:37:24]   进口电量:    13.71 kWh
[19:37:24]   出口电量:   924.71 kWh
[19:37:24]   净交易量:  -911.00 kWh
[19:37:24]   平均出清价:  11.14 cents/kWh
[19:37:24]   市场独立度:  73.93%
[19:37:24] 
Buffer大小:  8760
[19:37:24] 噪声水平: 0.0694
[19:37:24] 
动作统计:
[19:37:24]   wind      : mean= 0.104, std= 0.108
[19:37:24]   solar     : mean=-0.327, std= 0.395
[19:37:24]   diesel    : mean= 0.354, std= 0.176
[19:37:24]   battery   : mean= 0.894, std= 0.173
[19:37:24]   customer  : mean= 0.796, std= 0.105
[19:37:25] 
======================================================================
[19:37:25] Episode 356/800
[19:37:25] ======================================================================
[19:37:25] 总奖励:  -148.41 | 步数: 24
[19:37:25] 最近10个episodes平均:  -141.58
[19:37:25] 
各Agent奖励:
[19:37:25]   wind      :   23.937
[19:37:25]   solar     :   17.378
[19:37:25]   diesel    :    4.440
[19:37:25]   battery   :    0.089
[19:37:25]   customer  : -194.251
[19:37:25] 
🔌 Main Grid 交易:
[19:37:25]   进口电量:    15.70 kWh
[19:37:25]   出口电量:   802.94 kWh
[19:37:25]   净交易量:  -787.24 kWh
[19:37:25]   平均出清价:  13.26 cents/kWh
[19:37:25]   市场独立度:  77.26%
[19:37:25] 
Buffer大小:  8784
[19:37:25] 噪声水平: 0.0693
[19:37:25] 
动作统计:
[19:37:25]   wind      : mean= 0.150, std= 0.085
[19:37:25]   solar     : mean=-0.311, std= 0.400
[19:37:25]   diesel    : mean= 0.330, std= 0.192
[19:37:25]   battery   : mean= 0.898, std= 0.173
[19:37:25]   customer  : mean= 0.808, std= 0.083
[19:37:26] 
======================================================================
[19:37:26] Episode 357/800
[19:37:26] ======================================================================
[19:37:26] 总奖励:  -153.27 | 步数: 24
[19:37:26] 最近10个episodes平均:  -142.60
[19:37:26] 
各Agent奖励:
[19:37:26]   wind      :   18.533
[19:37:26]   solar     :   10.763
[19:37:26]   diesel    :    2.447
[19:37:26]   battery   :    0.807
[19:37:26]   customer  : -185.816
[19:37:26] 
🔌 Main Grid 交易:
[19:37:26]   进口电量:    19.47 kWh
[19:37:26]   出口电量:   935.32 kWh
[19:37:26]   净交易量:  -915.86 kWh
[19:37:26]   平均出清价:  11.12 cents/kWh
[19:37:26]   市场独立度:  73.48%
[19:37:26] 
Buffer大小:  8808
[19:37:26] 噪声水平: 0.0693
[19:37:26] 
动作统计:
[19:37:26]   wind      : mean= 0.159, std= 0.118
[19:37:26]   solar     : mean=-0.310, std= 0.370
[19:37:26]   diesel    : mean= 0.335, std= 0.174
[19:37:26]   battery   : mean= 0.884, std= 0.199
[19:37:26]   customer  : mean= 0.840, std= 0.082
[19:37:27] 
======================================================================
[19:37:27] Episode 358/800
[19:37:27] ======================================================================
[19:37:27] 总奖励:  -141.55 | 步数: 24
[19:37:27] 最近10个episodes平均:  -141.98
[19:37:27] 
各Agent奖励:
[19:37:27]   wind      :   23.295
[19:37:27]   solar     :   13.747
[19:37:27]   diesel    :    2.611
[19:37:27]   battery   :    0.752
[19:37:27]   customer  : -181.952
[19:37:27] 
🔌 Main Grid 交易:
[19:37:27]   进口电量:     4.14 kWh
[19:37:27]   出口电量:   885.38 kWh
[19:37:27]   净交易量:  -881.23 kWh
[19:37:27]   平均出清价:  11.09 cents/kWh
[19:37:27]   市场独立度:  75.29%
[19:37:27] 
Buffer大小:  8832
[19:37:27] 噪声水平: 0.0692
[19:37:27] 
动作统计:
[19:37:27]   wind      : mean= 0.135, std= 0.092
[19:37:27]   solar     : mean=-0.291, std= 0.377
[19:37:27]   diesel    : mean= 0.335, std= 0.169
[19:37:27]   battery   : mean= 0.898, std= 0.200
[19:37:27]   customer  : mean= 0.813, std= 0.098
[19:37:28] 
======================================================================
[19:37:28] Episode 359/800
[19:37:28] ======================================================================
[19:37:28] 总奖励:  -140.16 | 步数: 24
[19:37:28] 最近10个episodes平均:  -142.74
[19:37:28] 
各Agent奖励:
[19:37:28]   wind      :   22.380
[19:37:28]   solar     :   12.332
[19:37:28]   diesel    :    3.246
[19:37:28]   battery   :    0.000
[19:37:28]   customer  : -178.122
[19:37:28] 
🔌 Main Grid 交易:
[19:37:28]   进口电量:     2.81 kWh
[19:37:28]   出口电量:   890.06 kWh
[19:37:28]   净交易量:  -887.25 kWh
[19:37:28]   平均出清价:  10.92 cents/kWh
[19:37:28]   市场独立度:  75.20%
[19:37:28] 
Buffer大小:  8856
[19:37:28] 噪声水平: 0.0691
[19:37:28] 
动作统计:
[19:37:28]   wind      : mean= 0.148, std= 0.098
[19:37:28]   solar     : mean=-0.304, std= 0.355
[19:37:28]   diesel    : mean= 0.341, std= 0.179
[19:37:28]   battery   : mean= 0.906, std= 0.179
[19:37:28]   customer  : mean= 0.816, std= 0.084
[19:37:30] 
======================================================================
[19:37:30] Episode 360/800
[19:37:30] ======================================================================
[19:37:30] 总奖励:  -136.42 | 步数: 24
[19:37:30] 最近10个episodes平均:  -142.57
[19:37:30] 
各Agent奖励:
[19:37:30]   wind      :   28.186
[19:37:30]   solar     :   13.889
[19:37:30]   diesel    :    2.572
[19:37:30]   battery   :    0.064
[19:37:30]   customer  : -181.128
[19:37:30] 
🔌 Main Grid 交易:
[19:37:30]   进口电量:    10.11 kWh
[19:37:30]   出口电量:   882.97 kWh
[19:37:30]   净交易量:  -872.85 kWh
[19:37:30]   平均出清价:  11.31 cents/kWh
[19:37:30]   市场独立度:  75.19%
[19:37:30] 
Buffer大小:  8880
[19:37:30] 噪声水平: 0.0691
[19:37:30] 
动作统计:
[19:37:30]   wind      : mean= 0.160, std= 0.118
[19:37:30]   solar     : mean=-0.307, std= 0.379
[19:37:30]   diesel    : mean= 0.325, std= 0.184
[19:37:30]   battery   : mean= 0.902, std= 0.170
[19:37:30]   customer  : mean= 0.811, std= 0.096
[19:37:30] 
📊 生成可视化图表...
[19:37:31]   ✓ debug_plots/training_ep0360.png
[19:37:33] 
======================================================================
[19:37:33] Episode 361/800
[19:37:33] ======================================================================
[19:37:33] 总奖励:  -139.83 | 步数: 24
[19:37:33] 最近10个episodes平均:  -141.71
[19:37:33] 
各Agent奖励:
[19:37:33]   wind      :   23.243
[19:37:33]   solar     :   13.690
[19:37:33]   diesel    :    1.479
[19:37:33]   battery   :    0.000
[19:37:33]   customer  : -178.244
[19:37:33] 
🔌 Main Grid 交易:
[19:37:33]   进口电量:     0.00 kWh
[19:37:33]   出口电量:   844.15 kWh
[19:37:33]   净交易量:  -844.15 kWh
[19:37:33]   平均出清价:  12.18 cents/kWh
[19:37:33]   市场独立度:  76.55%
[19:37:33] 
Buffer大小:  8904
[19:37:33] 噪声水平: 0.0690
[19:37:33] 
动作统计:
[19:37:33]   wind      : mean= 0.174, std= 0.109
[19:37:33]   solar     : mean=-0.288, std= 0.371
[19:37:33]   diesel    : mean= 0.316, std= 0.181
[19:37:33]   battery   : mean= 0.910, std= 0.161
[19:37:33]   customer  : mean= 0.816, std= 0.074
[19:37:34] 
======================================================================
[19:37:34] Episode 362/800
[19:37:34] ======================================================================
[19:37:34] 总奖励:  -133.58 | 步数: 24
[19:37:34] 最近10个episodes平均:  -140.11
[19:37:34] 
各Agent奖励:
[19:37:34]   wind      :   30.370
[19:37:34]   solar     :   13.677
[19:37:34]   diesel    :    0.692
[19:37:34]   battery   :    0.000
[19:37:34]   customer  : -178.322
[19:37:34] 
🔌 Main Grid 交易:
[19:37:34]   进口电量:     0.00 kWh
[19:37:34]   出口电量:   823.78 kWh
[19:37:34]   净交易量:  -823.78 kWh
[19:37:34]   平均出清价:  11.32 cents/kWh
[19:37:34]   市场独立度:  77.12%
[19:37:34] 
Buffer大小:  8928
[19:37:34] 噪声水平: 0.0689
[19:37:34] 
动作统计:
[19:37:34]   wind      : mean= 0.128, std= 0.098
[19:37:34]   solar     : mean=-0.320, std= 0.369
[19:37:34]   diesel    : mean= 0.309, std= 0.157
[19:37:34]   battery   : mean= 0.892, std= 0.195
[19:37:34]   customer  : mean= 0.816, std= 0.104
[19:37:35] 
======================================================================
[19:37:35] Episode 363/800
[19:37:35] ======================================================================
[19:37:35] 总奖励:  -146.78 | 步数: 24
[19:37:35] 最近10个episodes平均:  -140.63
[19:37:35] 
各Agent奖励:
[19:37:35]   wind      :   21.109
[19:37:35]   solar     :   11.388
[19:37:35]   diesel    :    2.322
[19:37:35]   battery   :    0.927
[19:37:35]   customer  : -182.530
[19:37:35] 
🔌 Main Grid 交易:
[19:37:35]   进口电量:    30.71 kWh
[19:37:35]   出口电量:   860.41 kWh
[19:37:35]   净交易量:  -829.70 kWh
[19:37:35]   平均出清价:  11.54 cents/kWh
[19:37:35]   市场独立度:  75.25%
[19:37:35] 
Buffer大小:  8952
[19:37:35] 噪声水平: 0.0689
[19:37:35] 
动作统计:
[19:37:35]   wind      : mean= 0.136, std= 0.084
[19:37:35]   solar     : mean=-0.306, std= 0.366
[19:37:35]   diesel    : mean= 0.320, std= 0.194
[19:37:35]   battery   : mean= 0.892, std= 0.207
[19:37:35]   customer  : mean= 0.839, std= 0.099
[19:37:36] 
======================================================================
[19:37:36] Episode 364/800
[19:37:36] ======================================================================
[19:37:36] 总奖励:  -148.34 | 步数: 24
[19:37:36] 最近10个episodes平均:  -142.07
[19:37:36] 
各Agent奖励:
[19:37:36]   wind      :   21.348
[19:37:36]   solar     :   14.447
[19:37:36]   diesel    :    3.962
[19:37:36]   battery   :    0.000
[19:37:36]   customer  : -188.100
[19:37:36] 
🔌 Main Grid 交易:
[19:37:36]   进口电量:    11.32 kWh
[19:37:36]   出口电量:   867.23 kWh
[19:37:36]   净交易量:  -855.91 kWh
[19:37:36]   平均出清价:  10.85 cents/kWh
[19:37:36]   市场独立度:  75.60%
[19:37:36] 
Buffer大小:  8976
[19:37:36] 噪声水平: 0.0688
[19:37:36] 
动作统计:
[19:37:36]   wind      : mean= 0.139, std= 0.116
[19:37:36]   solar     : mean=-0.332, std= 0.365
[19:37:36]   diesel    : mean= 0.339, std= 0.181
[19:37:36]   battery   : mean= 0.876, std= 0.184
[19:37:36]   customer  : mean= 0.831, std= 0.089
[19:37:38] 
======================================================================
[19:37:38] Episode 365/800
[19:37:38] ======================================================================
[19:37:38] 总奖励:  -145.21 | 步数: 24
[19:37:38] 最近10个episodes平均:  -143.36
[19:37:38] 
各Agent奖励:
[19:37:38]   wind      :   24.166
[19:37:38]   solar     :   13.562
[19:37:38]   diesel    :    2.745
[19:37:38]   battery   :    0.000
[19:37:38]   customer  : -185.687
[19:37:38] 
🔌 Main Grid 交易:
[19:37:38]   进口电量:     3.53 kWh
[19:37:38]   出口电量:   836.78 kWh
[19:37:38]   净交易量:  -833.25 kWh
[19:37:38]   平均出清价:  12.08 cents/kWh
[19:37:38]   市场独立度:  76.66%
[19:37:38] 
Buffer大小:  9000
[19:37:38] 噪声水平: 0.0687
[19:37:38] 
动作统计:
[19:37:38]   wind      : mean= 0.156, std= 0.091
[19:37:38]   solar     : mean=-0.270, std= 0.390
[19:37:38]   diesel    : mean= 0.349, std= 0.190
[19:37:38]   battery   : mean= 0.906, std= 0.175
[19:37:38]   customer  : mean= 0.808, std= 0.100
[19:37:39] 
======================================================================
[19:37:39] Episode 366/800
[19:37:39] ======================================================================
[19:37:39] 总奖励:  -141.55 | 步数: 24
[19:37:39] 最近10个episodes平均:  -142.67
[19:37:39] 
各Agent奖励:
[19:37:39]   wind      :   22.740
[19:37:39]   solar     :   11.118
[19:37:39]   diesel    :    1.589
[19:37:39]   battery   :    0.000
[19:37:39]   customer  : -177.000
[19:37:39] 
🔌 Main Grid 交易:
[19:37:39]   进口电量:    23.02 kWh
[19:37:39]   出口电量:   815.56 kWh
[19:37:39]   净交易量:  -792.54 kWh
[19:37:39]   平均出清价:  11.16 cents/kWh
[19:37:39]   市场独立度:  76.71%
[19:37:39] 
Buffer大小:  9024
[19:37:39] 噪声水平: 0.0686
[19:37:39] 
动作统计:
[19:37:39]   wind      : mean= 0.118, std= 0.108
[19:37:39]   solar     : mean=-0.293, std= 0.395
[19:37:39]   diesel    : mean= 0.339, std= 0.176
[19:37:39]   battery   : mean= 0.888, std= 0.197
[19:37:39]   customer  : mean= 0.807, std= 0.113
[19:37:41] 
======================================================================
[19:37:41] Episode 367/800
[19:37:41] ======================================================================
[19:37:41] 总奖励:  -132.35 | 步数: 24
[19:37:41] 最近10个episodes平均:  -140.58
[19:37:41] 
各Agent奖励:
[19:37:41]   wind      :   31.868
[19:37:41]   solar     :   14.852
[19:37:41]   diesel    :    2.288
[19:37:41]   battery   :    0.644
[19:37:41]   customer  : -182.003
[19:37:41] 
🔌 Main Grid 交易:
[19:37:41]   进口电量:    10.45 kWh
[19:37:41]   出口电量:   822.18 kWh
[19:37:41]   净交易量:  -811.72 kWh
[19:37:41]   平均出清价:  12.13 cents/kWh
[19:37:41]   市场独立度:  76.87%
[19:37:41] 
Buffer大小:  9048
[19:37:41] 噪声水平: 0.0686
[19:37:41] 
动作统计:
[19:37:41]   wind      : mean= 0.128, std= 0.147
[19:37:41]   solar     : mean=-0.333, std= 0.373
[19:37:41]   diesel    : mean= 0.326, std= 0.176
[19:37:41]   battery   : mean= 0.898, std= 0.184
[19:37:41]   customer  : mean= 0.814, std= 0.082
[19:37:42] 
======================================================================
[19:37:42] Episode 368/800
[19:37:42] ======================================================================
[19:37:42] 总奖励:  -148.08 | 步数: 24
[19:37:42] 最近10个episodes平均:  -141.23
[19:37:42] 
各Agent奖励:
[19:37:42]   wind      :   19.046
[19:37:42]   solar     :   10.864
[19:37:42]   diesel    :    1.306
[19:37:42]   battery   :    0.517
[19:37:42]   customer  : -179.816
[19:37:42] 
🔌 Main Grid 交易:
[19:37:42]   进口电量:     6.35 kWh
[19:37:42]   出口电量:  1004.82 kWh
[19:37:42]   净交易量:  -998.47 kWh
[19:37:42]   平均出清价:  11.11 cents/kWh
[19:37:42]   市场独立度:  71.91%
[19:37:42] 
Buffer大小:  9072
[19:37:42] 噪声水平: 0.0685
[19:37:42] 
动作统计:
[19:37:42]   wind      : mean= 0.160, std= 0.092
[19:37:42]   solar     : mean=-0.300, std= 0.392
[19:37:42]   diesel    : mean= 0.352, std= 0.174
[19:37:42]   battery   : mean= 0.875, std= 0.219
[19:37:42]   customer  : mean= 0.837, std= 0.101
[19:37:43] 
======================================================================
[19:37:43] Episode 369/800
[19:37:43] ======================================================================
[19:37:43] 总奖励:  -153.28 | 步数: 24
[19:37:43] 最近10个episodes平均:  -142.54
[19:37:43] 
各Agent奖励:
[19:37:43]   wind      :   17.814
[19:37:43]   solar     :   11.331
[19:37:43]   diesel    :    4.019
[19:37:43]   battery   :    0.000
[19:37:43]   customer  : -186.443
[19:37:43] 
🔌 Main Grid 交易:
[19:37:43]   进口电量:    17.76 kWh
[19:37:43]   出口电量:   823.53 kWh
[19:37:43]   净交易量:  -805.77 kWh
[19:37:43]   平均出清价:  11.50 cents/kWh
[19:37:43]   市场独立度:  76.63%
[19:37:43] 
Buffer大小:  9096
[19:37:43] 噪声水平: 0.0684
[19:37:43] 
动作统计:
[19:37:43]   wind      : mean= 0.142, std= 0.116
[19:37:43]   solar     : mean=-0.295, std= 0.403
[19:37:43]   diesel    : mean= 0.345, std= 0.155
[19:37:43]   battery   : mean= 0.883, std= 0.185
[19:37:43]   customer  : mean= 0.828, std= 0.077
[19:37:45] 
======================================================================
[19:37:45] Episode 370/800
[19:37:45] ======================================================================
[19:37:45] 总奖励:  -146.71 | 步数: 24
[19:37:45] 最近10个episodes平均:  -143.57
[19:37:45] 
各Agent奖励:
[19:37:45]   wind      :   19.833
[19:37:45]   solar     :   13.490
[19:37:45]   diesel    :    1.590
[19:37:45]   battery   :   -1.160
[19:37:45]   customer  : -180.464
[19:37:45] 
🔌 Main Grid 交易:
[19:37:45]   进口电量:     6.61 kWh
[19:37:45]   出口电量:   820.18 kWh
[19:37:45]   净交易量:  -813.57 kWh
[19:37:45]   平均出清价:  11.89 cents/kWh
[19:37:45]   市场独立度:  77.03%
[19:37:45] 
Buffer大小:  9120
[19:37:45] 噪声水平: 0.0684
[19:37:45] 
动作统计:
[19:37:45]   wind      : mean= 0.155, std= 0.105
[19:37:45]   solar     : mean=-0.296, std= 0.400
[19:37:45]   diesel    : mean= 0.342, std= 0.149
[19:37:45]   battery   : mean= 0.869, std= 0.215
[19:37:45]   customer  : mean= 0.815, std= 0.083
[19:37:45] 
📊 生成可视化图表...
[19:37:45]   ✓ debug_plots/training_ep0370.png
[19:37:47] 
======================================================================
[19:37:47] Episode 371/800
[19:37:47] ======================================================================
[19:37:47] 总奖励:  -151.50 | 步数: 24
[19:37:47] 最近10个episodes平均:  -144.74
[19:37:47] 
各Agent奖励:
[19:37:47]   wind      :   21.084
[19:37:47]   solar     :   12.716
[19:37:47]   diesel    :    3.231
[19:37:47]   battery   :    0.068
[19:37:47]   customer  : -188.602
[19:37:47] 
🔌 Main Grid 交易:
[19:37:47]   进口电量:    33.66 kWh
[19:37:47]   出口电量:   857.31 kWh
[19:37:47]   净交易量:  -823.65 kWh
[19:37:47]   平均出清价:  11.47 cents/kWh
[19:37:47]   市场独立度:  75.25%
[19:37:47] 
Buffer大小:  9144
[19:37:47] 噪声水平: 0.0683
[19:37:47] 
动作统计:
[19:37:47]   wind      : mean= 0.125, std= 0.103
[19:37:47]   solar     : mean=-0.292, std= 0.419
[19:37:47]   diesel    : mean= 0.343, std= 0.190
[19:37:47]   battery   : mean= 0.878, std= 0.201
[19:37:47]   customer  : mean= 0.828, std= 0.086
[19:37:49] 
======================================================================
[19:37:49] Episode 372/800
[19:37:49] ======================================================================
[19:37:49] 总奖励:  -151.12 | 步数: 24
[19:37:49] 最近10个episodes平均:  -146.49
[19:37:49] 
各Agent奖励:
[19:37:49]   wind      :   21.799
[19:37:49]   solar     :   13.127
[19:37:49]   diesel    :    4.224
[19:37:49]   battery   :    0.129
[19:37:49]   customer  : -190.403
[19:37:49] 
🔌 Main Grid 交易:
[19:37:49]   进口电量:    14.80 kWh
[19:37:49]   出口电量:   849.80 kWh
[19:37:49]   净交易量:  -834.99 kWh
[19:37:49]   平均出清价:  12.15 cents/kWh
[19:37:49]   市场独立度:  75.98%
[19:37:49] 
Buffer大小:  9168
[19:37:49] 噪声水平: 0.0682
[19:37:49] 
动作统计:
[19:37:49]   wind      : mean= 0.142, std= 0.096
[19:37:49]   solar     : mean=-0.327, std= 0.391
[19:37:49]   diesel    : mean= 0.338, std= 0.182
[19:37:49]   battery   : mean= 0.869, std= 0.218
[19:37:49]   customer  : mean= 0.823, std= 0.083
[19:37:50] 
======================================================================
[19:37:50] Episode 373/800
[19:37:50] ======================================================================
[19:37:50] 总奖励:  -156.85 | 步数: 24
[19:37:50] 最近10个episodes平均:  -147.50
[19:37:50] 
各Agent奖励:
[19:37:50]   wind      :   19.523
[19:37:50]   solar     :   10.604
[19:37:50]   diesel    :   -0.401
[19:37:50]   battery   :    0.000
[19:37:50]   customer  : -186.581
[19:37:50] 
🔌 Main Grid 交易:
[19:37:50]   进口电量:     3.46 kWh
[19:37:50]   出口电量:   877.98 kWh
[19:37:50]   净交易量:  -874.52 kWh
[19:37:50]   平均出清价:  10.61 cents/kWh
[19:37:50]   市场独立度:  75.52%
[19:37:50] 
Buffer大小:  9192
[19:37:50] 噪声水平: 0.0682
[19:37:50] 
动作统计:
[19:37:50]   wind      : mean= 0.164, std= 0.090
[19:37:50]   solar     : mean=-0.286, std= 0.436
[19:37:50]   diesel    : mean= 0.357, std= 0.171
[19:37:50]   battery   : mean= 0.881, std= 0.205
[19:37:50]   customer  : mean= 0.829, std= 0.107
[19:37:52] 
======================================================================
[19:37:52] Episode 374/800
[19:37:52] ======================================================================
[19:37:52] 总奖励:  -144.74 | 步数: 24
[19:37:52] 最近10个episodes平均:  -147.14
[19:37:52] 
各Agent奖励:
[19:37:52]   wind      :   21.053
[19:37:52]   solar     :    8.762
[19:37:52]   diesel    :    0.497
[19:37:52]   battery   :    0.000
[19:37:52]   customer  : -175.053
[19:37:52] 
🔌 Main Grid 交易:
[19:37:52]   进口电量:     0.00 kWh
[19:37:52]   出口电量:   912.03 kWh
[19:37:52]   净交易量:  -912.03 kWh
[19:37:52]   平均出清价:   8.83 cents/kWh
[19:37:52]   市场独立度:  74.67%
[19:37:52] 
Buffer大小:  9216
[19:37:52] 噪声水平: 0.0681
[19:37:52] 
动作统计:
[19:37:52]   wind      : mean= 0.150, std= 0.148
[19:37:52]   solar     : mean=-0.284, std= 0.432
[19:37:52]   diesel    : mean= 0.321, std= 0.174
[19:37:52]   battery   : mean= 0.858, std= 0.208
[19:37:52]   customer  : mean= 0.822, std= 0.101
[19:37:53] 
======================================================================
[19:37:53] Episode 375/800
[19:37:53] ======================================================================
[19:37:53] 总奖励:  -149.78 | 步数: 24
[19:37:53] 最近10个episodes平均:  -147.60
[19:37:53] 
各Agent奖励:
[19:37:53]   wind      :   21.309
[19:37:53]   solar     :   12.457
[19:37:53]   diesel    :    1.902
[19:37:53]   battery   :    0.744
[19:37:53]   customer  : -186.189
[19:37:53] 
🔌 Main Grid 交易:
[19:37:53]   进口电量:    31.62 kWh
[19:37:53]   出口电量:   870.11 kWh
[19:37:53]   净交易量:  -838.49 kWh
[19:37:53]   平均出清价:  11.29 cents/kWh
[19:37:53]   市场独立度:  74.95%
[19:37:53] 
Buffer大小:  9240
[19:37:53] 噪声水平: 0.0680
[19:37:53] 
动作统计:
[19:37:53]   wind      : mean= 0.138, std= 0.128
[19:37:53]   solar     : mean=-0.249, std= 0.451
[19:37:53]   diesel    : mean= 0.338, std= 0.172
[19:37:53]   battery   : mean= 0.852, std= 0.241
[19:37:53]   customer  : mean= 0.814, std= 0.082
[19:37:54] 
======================================================================
[19:37:54] Episode 376/800
[19:37:54] ======================================================================
[19:37:54] 总奖励:  -140.81 | 步数: 24
[19:37:54] 最近10个episodes平均:  -147.52
[19:37:54] 
各Agent奖励:
[19:37:54]   wind      :   25.650
[19:37:54]   solar     :   10.109
[19:37:54]   diesel    :    0.911
[19:37:54]   battery   :    0.345
[19:37:54]   customer  : -177.826
[19:37:54] 
🔌 Main Grid 交易:
[19:37:54]   进口电量:    22.39 kWh
[19:37:54]   出口电量:   943.02 kWh
[19:37:54]   净交易量:  -920.62 kWh
[19:37:54]   平均出清价:   9.96 cents/kWh
[19:37:54]   市场独立度:  73.18%
[19:37:54] 
Buffer大小:  9264
[19:37:54] 噪声水平: 0.0680
[19:37:54] 
动作统计:
[19:37:54]   wind      : mean= 0.111, std= 0.123
[19:37:54]   solar     : mean=-0.246, std= 0.452
[19:37:54]   diesel    : mean= 0.334, std= 0.192
[19:37:54]   battery   : mean= 0.839, std= 0.229
[19:37:54]   customer  : mean= 0.813, std= 0.099
[19:37:56] 
======================================================================
[19:37:56] Episode 377/800
[19:37:56] ======================================================================
[19:37:56] 总奖励:  -143.30 | 步数: 24
[19:37:56] 最近10个episodes平均:  -148.62
[19:37:56] 
各Agent奖励:
[19:37:56]   wind      :   27.433
[19:37:56]   solar     :    9.823
[19:37:56]   diesel    :    0.011
[19:37:56]   battery   :    0.000
[19:37:56]   customer  : -180.563
[19:37:56] 
🔌 Main Grid 交易:
[19:37:56]   进口电量:     8.69 kWh
[19:37:56]   出口电量:   930.52 kWh
[19:37:56]   净交易量:  -921.83 kWh
[19:37:56]   平均出清价:  11.36 cents/kWh
[19:37:56]   市场独立度:  73.91%
[19:37:56] 
Buffer大小:  9288
[19:37:56] 噪声水平: 0.0679
[19:37:56] 
动作统计:
[19:37:56]   wind      : mean= 0.148, std= 0.123
[19:37:56]   solar     : mean=-0.262, std= 0.412
[19:37:56]   diesel    : mean= 0.334, std= 0.160
[19:37:56]   battery   : mean= 0.852, std= 0.229
[19:37:56]   customer  : mean= 0.821, std= 0.104
[19:37:57] 
======================================================================
[19:37:57] Episode 378/800
[19:37:57] ======================================================================
[19:37:57] 总奖励:  -128.00 | 步数: 24
[19:37:57] 最近10个episodes平均:  -146.61
[19:37:57] 
各Agent奖励:
[19:37:57]   wind      :   36.407
[19:37:57]   solar     :   10.582
[19:37:57]   diesel    :    0.292
[19:37:57]   battery   :    0.763
[19:37:57]   customer  : -176.047
[19:37:57] 
🔌 Main Grid 交易:
[19:37:57]   进口电量:    32.48 kWh
[19:37:57]   出口电量:   854.55 kWh
[19:37:57]   净交易量:  -822.08 kWh
[19:37:57]   平均出清价:  11.23 cents/kWh
[19:37:57]   市场独立度:  75.36%
[19:37:57] 
Buffer大小:  9312
[19:37:57] 噪声水平: 0.0678
[19:37:57] 
动作统计:
[19:37:57]   wind      : mean= 0.124, std= 0.107
[19:37:57]   solar     : mean=-0.226, std= 0.436
[19:37:57]   diesel    : mean= 0.315, std= 0.172
[19:37:57]   battery   : mean= 0.838, std= 0.259
[19:37:57]   customer  : mean= 0.798, std= 0.116
[19:37:58] 
======================================================================
[19:37:58] Episode 379/800
[19:37:58] ======================================================================
[19:37:58] 总奖励:  -141.87 | 步数: 24
[19:37:58] 最近10个episodes平均:  -145.47
[19:37:58] 
各Agent奖励:
[19:37:58]   wind      :   26.968
[19:37:58]   solar     :    9.219
[19:37:58]   diesel    :    2.725
[19:37:58]   battery   :    0.047
[19:37:58]   customer  : -180.830
[19:37:58] 
🔌 Main Grid 交易:
[19:37:58]   进口电量:     0.00 kWh
[19:37:58]   出口电量:   798.16 kWh
[19:37:58]   净交易量:  -798.16 kWh
[19:37:58]   平均出清价:  10.43 cents/kWh
[19:37:58]   市场独立度:  77.83%
[19:37:58] 
Buffer大小:  9336
[19:37:58] 噪声水平: 0.0678
[19:37:58] 
动作统计:
[19:37:58]   wind      : mean= 0.109, std= 0.130
[19:37:58]   solar     : mean=-0.243, std= 0.430
[19:37:58]   diesel    : mean= 0.320, std= 0.166
[19:37:58]   battery   : mean= 0.850, std= 0.230
[19:37:58]   customer  : mean= 0.817, std= 0.115
[19:38:00] 
======================================================================
[19:38:00] Episode 380/800
[19:38:00] ======================================================================
[19:38:00] 总奖励:  -158.53 | 步数: 24
[19:38:00] 最近10个episodes平均:  -146.65
[19:38:00] 
各Agent奖励:
[19:38:00]   wind      :   15.166
[19:38:00]   solar     :   10.293
[19:38:00]   diesel    :   -0.068
[19:38:00]   battery   :    0.000
[19:38:00]   customer  : -183.923
[19:38:00] 
🔌 Main Grid 交易:
[19:38:00]   进口电量:    36.92 kWh
[19:38:00]   出口电量:   821.53 kWh
[19:38:00]   净交易量:  -784.61 kWh
[19:38:00]   平均出清价:  10.27 cents/kWh
[19:38:00]   市场独立度:  76.15%
[19:38:00] 
Buffer大小:  9360
[19:38:00] 噪声水平: 0.0677
[19:38:00] 
动作统计:
[19:38:00]   wind      : mean= 0.142, std= 0.108
[19:38:00]   solar     : mean=-0.297, std= 0.423
[19:38:00]   diesel    : mean= 0.307, std= 0.180
[19:38:00]   battery   : mean= 0.856, std= 0.213
[19:38:00]   customer  : mean= 0.841, std= 0.080
[19:38:00] 
📊 生成可视化图表...
[19:38:00]   ✓ debug_plots/training_ep0380.png
[19:38:01] 
======================================================================
[19:38:01] Episode 381/800
[19:38:01] ======================================================================
[19:38:01] 总奖励:  -155.50 | 步数: 24
[19:38:01] 最近10个episodes平均:  -147.05
[19:38:01] 
各Agent奖励:
[19:38:01]   wind      :   19.566
[19:38:01]   solar     :   10.307
[19:38:01]   diesel    :    3.962
[19:38:01]   battery   :    0.362
[19:38:01]   customer  : -189.696
[19:38:01] 
🔌 Main Grid 交易:
[19:38:01]   进口电量:     8.26 kWh
[19:38:01]   出口电量:   856.98 kWh
[19:38:01]   净交易量:  -848.71 kWh
[19:38:01]   平均出清价:  11.22 cents/kWh
[19:38:01]   市场独立度:  75.97%
[19:38:01] 
Buffer大小:  9384
[19:38:01] 噪声水平: 0.0676
[19:38:01] 
动作统计:
[19:38:01]   wind      : mean= 0.166, std= 0.111
[19:38:01]   solar     : mean=-0.271, std= 0.424
[19:38:01]   diesel    : mean= 0.315, std= 0.149
[19:38:01]   battery   : mean= 0.853, std= 0.233
[19:38:01]   customer  : mean= 0.847, std= 0.092
[19:38:02] 
======================================================================
[19:38:02] Episode 382/800
[19:38:02] ======================================================================
[19:38:02] 总奖励:  -155.03 | 步数: 24
[19:38:02] 最近10个episodes平均:  -147.44
[19:38:02] 
各Agent奖励:
[19:38:02]   wind      :   18.774
[19:38:02]   solar     :   10.599
[19:38:02]   diesel    :    2.443
[19:38:02]   battery   :    1.119
[19:38:02]   customer  : -187.964
[19:38:02] 
🔌 Main Grid 交易:
[19:38:02]   进口电量:    54.32 kWh
[19:38:02]   出口电量:   877.05 kWh
[19:38:02]   净交易量:  -822.72 kWh
[19:38:02]   平均出清价:  11.05 cents/kWh
[19:38:02]   市场独立度:  74.13%
[19:38:02] 
Buffer大小:  9408
[19:38:02] 噪声水平: 0.0676
[19:38:02] 
动作统计:
[19:38:02]   wind      : mean= 0.144, std= 0.098
[19:38:02]   solar     : mean=-0.246, std= 0.453
[19:38:02]   diesel    : mean= 0.305, std= 0.171
[19:38:02]   battery   : mean= 0.868, std= 0.226
[19:38:02]   customer  : mean= 0.831, std= 0.099
[19:38:03] 
======================================================================
[19:38:03] Episode 383/800
[19:38:03] ======================================================================
[19:38:03] 总奖励:  -147.45 | 步数: 24
[19:38:03] 最近10个episodes平均:  -146.50
[19:38:03] 
各Agent奖励:
[19:38:03]   wind      :   19.516
[19:38:03]   solar     :    9.172
[19:38:03]   diesel    :    1.224
[19:38:03]   battery   :   -0.185
[19:38:03]   customer  : -177.176
[19:38:03] 
🔌 Main Grid 交易:
[19:38:03]   进口电量:     6.15 kWh
[19:38:03]   出口电量:   824.01 kWh
[19:38:03]   净交易量:  -817.86 kWh
[19:38:03]   平均出清价:   9.88 cents/kWh
[19:38:03]   市场独立度:  76.94%
[19:38:03] 
Buffer大小:  9432
[19:38:03] 噪声水平: 0.0675
[19:38:03] 
动作统计:
[19:38:03]   wind      : mean= 0.126, std= 0.107
[19:38:03]   solar     : mean=-0.236, std= 0.395
[19:38:03]   diesel    : mean= 0.299, std= 0.162
[19:38:03]   battery   : mean= 0.872, std= 0.231
[19:38:03]   customer  : mean= 0.847, std= 0.081
[19:38:05] 
======================================================================
[19:38:05] Episode 384/800
[19:38:05] ======================================================================
[19:38:05] 总奖励:  -143.52 | 步数: 24
[19:38:05] 最近10个episodes平均:  -146.38
[19:38:05] 
各Agent奖励:
[19:38:05]   wind      :   29.303
[19:38:05]   solar     :   11.206
[19:38:05]   diesel    :   -0.043
[19:38:05]   battery   :    0.000
[19:38:05]   customer  : -183.986
[19:38:05] 
🔌 Main Grid 交易:
[19:38:05]   进口电量:     6.48 kWh
[19:38:05]   出口电量:   833.74 kWh
[19:38:05]   净交易量:  -827.26 kWh
[19:38:05]   平均出清价:  10.99 cents/kWh
[19:38:05]   市场独立度:  76.66%
[19:38:05] 
Buffer大小:  9456
[19:38:05] 噪声水平: 0.0674
[19:38:05] 
动作统计:
[19:38:05]   wind      : mean= 0.138, std= 0.148
[19:38:05]   solar     : mean=-0.288, std= 0.424
[19:38:05]   diesel    : mean= 0.301, std= 0.160
[19:38:05]   battery   : mean= 0.879, std= 0.206
[19:38:05]   customer  : mean= 0.832, std= 0.091
[19:38:07] 
======================================================================
[19:38:07] Episode 385/800
[19:38:07] ======================================================================
[19:38:07] 总奖励:  -151.28 | 步数: 24
[19:38:07] 最近10个episodes平均:  -146.53
[19:38:07] 
各Agent奖励:
[19:38:07]   wind      :   20.349
[19:38:07]   solar     :   12.200
[19:38:07]   diesel    :    2.612
[19:38:07]   battery   :    0.000
[19:38:07]   customer  : -186.445
[19:38:07] 
🔌 Main Grid 交易:
[19:38:07]   进口电量:    12.95 kWh
[19:38:07]   出口电量:   740.38 kWh
[19:38:07]   净交易量:  -727.43 kWh
[19:38:07]   平均出清价:  11.87 cents/kWh
[19:38:07]   市场独立度:  79.07%
[19:38:07] 
Buffer大小:  9480
[19:38:07] 噪声水平: 0.0674
[19:38:07] 
动作统计:
[19:38:07]   wind      : mean= 0.149, std= 0.120
[19:38:07]   solar     : mean=-0.253, std= 0.433
[19:38:07]   diesel    : mean= 0.307, std= 0.157
[19:38:07]   battery   : mean= 0.882, std= 0.192
[19:38:07]   customer  : mean= 0.825, std= 0.073
[19:38:08] 
======================================================================
[19:38:08] Episode 386/800
[19:38:08] ======================================================================
[19:38:08] 总奖励:  -148.32 | 步数: 24
[19:38:08] 最近10个episodes平均:  -147.28
[19:38:08] 
各Agent奖励:
[19:38:08]   wind      :   17.896
[19:38:08]   solar     :   13.009
[19:38:08]   diesel    :    6.312
[19:38:08]   battery   :    0.096
[19:38:08]   customer  : -185.638
[19:38:08] 
🔌 Main Grid 交易:
[19:38:08]   进口电量:    13.13 kWh
[19:38:08]   出口电量:   894.40 kWh
[19:38:08]   净交易量:  -881.27 kWh
[19:38:08]   平均出清价:  11.64 cents/kWh
[19:38:08]   市场独立度:  74.79%
[19:38:08] 
Buffer大小:  9504
[19:38:08] 噪声水平: 0.0673
[19:38:08] 
动作统计:
[19:38:08]   wind      : mean= 0.131, std= 0.127
[19:38:08]   solar     : mean=-0.243, std= 0.413
[19:38:08]   diesel    : mean= 0.340, std= 0.155
[19:38:08]   battery   : mean= 0.878, std= 0.202
[19:38:08]   customer  : mean= 0.820, std= 0.077
[19:38:10] 
======================================================================
[19:38:10] Episode 387/800
[19:38:10] ======================================================================
[19:38:10] 总奖励:  -140.84 | 步数: 24
[19:38:10] 最近10个episodes平均:  -147.04
[19:38:10] 
各Agent奖励:
[19:38:10]   wind      :   25.115
[19:38:10]   solar     :   12.750
[19:38:10]   diesel    :    3.054
[19:38:10]   battery   :    0.000
[19:38:10]   customer  : -181.763
[19:38:10] 
🔌 Main Grid 交易:
[19:38:10]   进口电量:    14.87 kWh
[19:38:10]   出口电量:   750.41 kWh
[19:38:10]   净交易量:  -735.54 kWh
[19:38:10]   平均出清价:  12.51 cents/kWh
[19:38:10]   市场独立度:  78.74%
[19:38:10] 
Buffer大小:  9528
[19:38:10] 噪声水平: 0.0672
[19:38:10] 
动作统计:
[19:38:10]   wind      : mean= 0.155, std= 0.089
[19:38:10]   solar     : mean=-0.284, std= 0.408
[19:38:10]   diesel    : mean= 0.318, std= 0.155
[19:38:10]   battery   : mean= 0.888, std= 0.194
[19:38:10]   customer  : mean= 0.807, std= 0.082
[19:38:11] 
======================================================================
[19:38:11] Episode 388/800
[19:38:11] ======================================================================
[19:38:11] 总奖励:  -136.54 | 步数: 24
[19:38:11] 最近10个episodes平均:  -147.89
[19:38:11] 
各Agent奖励:
[19:38:11]   wind      :   28.204
[19:38:11]   solar     :   11.888
[19:38:11]   diesel    :   -1.361
[19:38:11]   battery   :    1.569
[19:38:11]   customer  : -176.840
[19:38:11] 
🔌 Main Grid 交易:
[19:38:11]   进口电量:     0.00 kWh
[19:38:11]   出口电量:   928.06 kWh
[19:38:11]   净交易量:  -928.06 kWh
[19:38:11]   平均出清价:  10.43 cents/kWh
[19:38:11]   市场独立度:  74.22%
[19:38:11] 
Buffer大小:  9552
[19:38:11] 噪声水平: 0.0672
[19:38:11] 
动作统计:
[19:38:11]   wind      : mean= 0.138, std= 0.109
[19:38:11]   solar     : mean=-0.251, std= 0.438
[19:38:11]   diesel    : mean= 0.339, std= 0.170
[19:38:11]   battery   : mean= 0.884, std= 0.215
[19:38:11]   customer  : mean= 0.794, std= 0.094
[19:38:12] 
======================================================================
[19:38:12] Episode 389/800
[19:38:12] ======================================================================
[19:38:12] 总奖励:  -151.41 | 步数: 24
[19:38:12] 最近10个episodes平均:  -148.84
[19:38:12] 
各Agent奖励:
[19:38:12]   wind      :   19.760
[19:38:12]   solar     :   11.685
[19:38:12]   diesel    :    0.836
[19:38:12]   battery   :   -0.013
[19:38:12]   customer  : -183.678
[19:38:12] 
🔌 Main Grid 交易:
[19:38:12]   进口电量:    24.85 kWh
[19:38:12]   出口电量:   863.40 kWh
[19:38:12]   净交易量:  -838.55 kWh
[19:38:12]   平均出清价:  12.15 cents/kWh
[19:38:12]   市场独立度:  75.33%
[19:38:12] 
Buffer大小:  9576
[19:38:12] 噪声水平: 0.0671
[19:38:12] 
动作统计:
[19:38:12]   wind      : mean= 0.166, std= 0.099
[19:38:12]   solar     : mean=-0.293, std= 0.439
[19:38:12]   diesel    : mean= 0.312, std= 0.168
[19:38:12]   battery   : mean= 0.893, std= 0.212
[19:38:12]   customer  : mean= 0.826, std= 0.103
[19:38:13] 
======================================================================
[19:38:13] Episode 390/800
[19:38:13] ======================================================================
[19:38:13] 总奖励:  -148.18 | 步数: 24
[19:38:13] 最近10个episodes平均:  -147.81
[19:38:13] 
各Agent奖励:
[19:38:13]   wind      :   21.544
[19:38:13]   solar     :   14.181
[19:38:13]   diesel    :    2.698
[19:38:13]   battery   :    0.000
[19:38:13]   customer  : -186.605
[19:38:13] 
🔌 Main Grid 交易:
[19:38:13]   进口电量:     2.29 kWh
[19:38:13]   出口电量:   769.51 kWh
[19:38:13]   净交易量:  -767.22 kWh
[19:38:13]   平均出清价:  11.94 cents/kWh
[19:38:13]   市场独立度:  78.56%
[19:38:13] 
Buffer大小:  9600
[19:38:13] 噪声水平: 0.0670
[19:38:13] 
动作统计:
[19:38:13]   wind      : mean= 0.147, std= 0.122
[19:38:13]   solar     : mean=-0.328, std= 0.413
[19:38:13]   diesel    : mean= 0.340, std= 0.171
[19:38:13]   battery   : mean= 0.899, std= 0.194
[19:38:13]   customer  : mean= 0.818, std= 0.094
[19:38:13] 
📊 生成可视化图表...
[19:38:14]   ✓ debug_plots/training_ep0390.png
[19:38:15] 
======================================================================
[19:38:15] Episode 391/800
[19:38:15] ======================================================================
[19:38:15] 总奖励:  -142.18 | 步数: 24
[19:38:15] 最近10个episodes平均:  -146.48
[19:38:15] 
各Agent奖励:
[19:38:15]   wind      :   25.966
[19:38:15]   solar     :    6.685
[19:38:15]   diesel    :    0.316
[19:38:15]   battery   :    0.116
[19:38:15]   customer  : -175.264
[19:38:15] 
🔌 Main Grid 交易:
[19:38:15]   进口电量:     0.00 kWh
[19:38:15]   出口电量:   956.18 kWh
[19:38:15]   净交易量:  -956.18 kWh
[19:38:15]   平均出清价:   9.90 cents/kWh
[19:38:15]   市场独立度:  73.44%
[19:38:15] 
Buffer大小:  9624
[19:38:15] 噪声水平: 0.0670
[19:38:15] 
动作统计:
[19:38:15]   wind      : mean= 0.129, std= 0.116
[19:38:15]   solar     : mean=-0.348, std= 0.450
[19:38:15]   diesel    : mean= 0.336, std= 0.184
[19:38:15]   battery   : mean= 0.887, std= 0.198
[19:38:15]   customer  : mean= 0.826, std= 0.118
[19:38:17] 
======================================================================
[19:38:17] Episode 392/800
[19:38:17] ======================================================================
[19:38:17] 总奖励:  -147.18 | 步数: 24
[19:38:17] 最近10个episodes平均:  -145.69
[19:38:17] 
各Agent奖励:
[19:38:17]   wind      :   18.233
[19:38:17]   solar     :   11.433
[19:38:17]   diesel    :    2.017
[19:38:17]   battery   :   -0.300
[19:38:17]   customer  : -178.563
[19:38:17] 
🔌 Main Grid 交易:
[19:38:17]   进口电量:    15.06 kWh
[19:38:17]   出口电量:   925.77 kWh
[19:38:17]   净交易量:  -910.71 kWh
[19:38:17]   平均出清价:  10.28 cents/kWh
[19:38:17]   市场独立度:  73.87%
[19:38:17] 
Buffer大小:  9648
[19:38:17] 噪声水平: 0.0669
[19:38:17] 
动作统计:
[19:38:17]   wind      : mean= 0.143, std= 0.116
[19:38:17]   solar     : mean=-0.334, std= 0.418
[19:38:17]   diesel    : mean= 0.330, std= 0.170
[19:38:17]   battery   : mean= 0.879, std= 0.220
[19:38:17]   customer  : mean= 0.829, std= 0.104
[19:38:18] 
======================================================================
[19:38:18] Episode 393/800
[19:38:18] ======================================================================
[19:38:18] 总奖励:  -150.05 | 步数: 24
[19:38:18] 最近10个episodes平均:  -145.95
[19:38:18] 
各Agent奖励:
[19:38:18]   wind      :   21.282
[19:38:18]   solar     :    7.881
[19:38:18]   diesel    :    0.904
[19:38:18]   battery   :    0.207
[19:38:18]   customer  : -180.322
[19:38:18] 
🔌 Main Grid 交易:
[19:38:18]   进口电量:     0.95 kWh
[19:38:18]   出口电量:   917.39 kWh
[19:38:18]   净交易量:  -916.44 kWh
[19:38:18]   平均出清价:   9.02 cents/kWh
[19:38:18]   市场独立度:  74.49%
[19:38:18] 
Buffer大小:  9672
[19:38:18] 噪声水平: 0.0668
[19:38:18] 
动作统计:
[19:38:18]   wind      : mean= 0.121, std= 0.117
[19:38:18]   solar     : mean=-0.375, std= 0.440
[19:38:18]   diesel    : mean= 0.337, std= 0.204
[19:38:18]   battery   : mean= 0.889, std= 0.196
[19:38:18]   customer  : mean= 0.848, std= 0.097
[19:38:19] 
======================================================================
[19:38:19] Episode 394/800
[19:38:19] ======================================================================
[19:38:19] 总奖励:  -137.44 | 步数: 24
[19:38:19] 最近10个episodes平均:  -145.34
[19:38:19] 
各Agent奖励:
[19:38:19]   wind      :   28.707
[19:38:19]   solar     :    7.714
[19:38:19]   diesel    :    1.024
[19:38:19]   battery   :    0.373
[19:38:19]   customer  : -175.257
[19:38:19] 
🔌 Main Grid 交易:
[19:38:19]   进口电量:    10.63 kWh
[19:38:19]   出口电量:   855.20 kWh
[19:38:19]   净交易量:  -844.57 kWh
[19:38:19]   平均出清价:   9.33 cents/kWh
[19:38:19]   市场独立度:  75.95%
[19:38:19] 
Buffer大小:  9696
[19:38:19] 噪声水平: 0.0668
[19:38:19] 
动作统计:
[19:38:19]   wind      : mean= 0.122, std= 0.095
[19:38:19]   solar     : mean=-0.347, std= 0.449
[19:38:19]   diesel    : mean= 0.330, std= 0.181
[19:38:19]   battery   : mean= 0.879, std= 0.219
[19:38:19]   customer  : mean= 0.826, std= 0.133
[19:38:21] 
======================================================================
[19:38:21] Episode 395/800
[19:38:21] ======================================================================
[19:38:21] 总奖励:  -143.02 | 步数: 24
[19:38:21] 最近10个episodes平均:  -144.52
[19:38:21] 
各Agent奖励:
[19:38:21]   wind      :   24.073
[19:38:21]   solar     :   12.499
[19:38:21]   diesel    :    3.542
[19:38:21]   battery   :    1.346
[19:38:21]   customer  : -184.480
[19:38:21] 
🔌 Main Grid 交易:
[19:38:21]   进口电量:    42.78 kWh
[19:38:21]   出口电量:   831.62 kWh
[19:38:21]   净交易量:  -788.84 kWh
[19:38:21]   平均出清价:  11.72 cents/kWh
[19:38:21]   市场独立度:  75.71%
[19:38:21] 
Buffer大小:  9720
[19:38:21] 噪声水平: 0.0667
[19:38:21] 
动作统计:
[19:38:21]   wind      : mean= 0.147, std= 0.119
[19:38:21]   solar     : mean=-0.333, std= 0.489
[19:38:21]   diesel    : mean= 0.298, std= 0.189
[19:38:21]   battery   : mean= 0.869, std= 0.226
[19:38:21]   customer  : mean= 0.798, std= 0.091
[19:38:23] 
======================================================================
[19:38:23] Episode 396/800
[19:38:23] ======================================================================
[19:38:23] 总奖励:  -153.82 | 步数: 24
[19:38:23] 最近10个episodes平均:  -145.07
[19:38:23] 
各Agent奖励:
[19:38:23]   wind      :   16.064
[19:38:23]   solar     :    7.715
[19:38:23]   diesel    :    1.857
[19:38:23]   battery   :   -0.049
[19:38:23]   customer  : -179.410
[19:38:23] 
🔌 Main Grid 交易:
[19:38:23]   进口电量:    18.22 kWh
[19:38:23]   出口电量:   880.18 kWh
[19:38:23]   净交易量:  -861.96 kWh
[19:38:23]   平均出清价:  10.10 cents/kWh
[19:38:23]   市场独立度:  75.04%
[19:38:23] 
Buffer大小:  9744
[19:38:23] 噪声水平: 0.0666
[19:38:23] 
动作统计:
[19:38:23]   wind      : mean= 0.158, std= 0.120
[19:38:23]   solar     : mean=-0.298, std= 0.447
[19:38:23]   diesel    : mean= 0.327, std= 0.179
[19:38:23]   battery   : mean= 0.863, std= 0.225
[19:38:23]   customer  : mean= 0.844, std= 0.091
[19:38:24] 
======================================================================
[19:38:24] Episode 397/800
[19:38:24] ======================================================================
[19:38:24] 总奖励:  -147.81 | 步数: 24
[19:38:24] 最近10个episodes平均:  -145.76
[19:38:24] 
各Agent奖励:
[19:38:24]   wind      :   18.829
[19:38:24]   solar     :   11.403
[19:38:24]   diesel    :    0.971
[19:38:24]   battery   :    0.000
[19:38:24]   customer  : -179.011
[19:38:24] 
🔌 Main Grid 交易:
[19:38:24]   进口电量:     8.14 kWh
[19:38:24]   出口电量:   867.65 kWh
[19:38:24]   净交易量:  -859.51 kWh
[19:38:24]   平均出清价:  10.35 cents/kWh
[19:38:24]   市场独立度:  75.67%
[19:38:24] 
Buffer大小:  9768
[19:38:24] 噪声水平: 0.0666
[19:38:24] 
动作统计:
[19:38:24]   wind      : mean= 0.156, std= 0.136
[19:38:24]   solar     : mean=-0.273, std= 0.467
[19:38:24]   diesel    : mean= 0.316, std= 0.174
[19:38:24]   battery   : mean= 0.876, std= 0.202
[19:38:24]   customer  : mean= 0.799, std= 0.080
[19:38:25] 
======================================================================
[19:38:25] Episode 398/800
[19:38:25] ======================================================================
[19:38:25] 总奖励:  -156.68 | 步数: 24
[19:38:25] 最近10个episodes平均:  -147.78
[19:38:25] 
各Agent奖励:
[19:38:25]   wind      :   19.742
[19:38:25]   solar     :    9.030
[19:38:25]   diesel    :    2.500
[19:38:25]   battery   :    1.910
[19:38:25]   customer  : -189.860
[19:38:25] 
🔌 Main Grid 交易:
[19:38:25]   进口电量:    58.59 kWh
[19:38:25]   出口电量:   934.89 kWh
[19:38:25]   净交易量:  -876.29 kWh
[19:38:25]   平均出清价:  10.46 cents/kWh
[19:38:25]   市场独立度:  72.40%
[19:38:25] 
Buffer大小:  9792
[19:38:25] 噪声水平: 0.0665
[19:38:25] 
动作统计:
[19:38:25]   wind      : mean= 0.171, std= 0.120
[19:38:25]   solar     : mean=-0.302, std= 0.471
[19:38:25]   diesel    : mean= 0.341, std= 0.179
[19:38:25]   battery   : mean= 0.859, std= 0.238
[19:38:25]   customer  : mean= 0.815, std= 0.117
[19:38:27] 
======================================================================
[19:38:27] Episode 399/800
[19:38:27] ======================================================================
[19:38:27] 总奖励:  -151.01 | 步数: 24
[19:38:27] 最近10个episodes平均:  -147.74
[19:38:27] 
各Agent奖励:
[19:38:27]   wind      :   19.904
[19:38:27]   solar     :   10.970
[19:38:27]   diesel    :    1.161
[19:38:27]   battery   :    0.000
[19:38:27]   customer  : -183.049
[19:38:27] 
🔌 Main Grid 交易:
[19:38:27]   进口电量:    25.49 kWh
[19:38:27]   出口电量:   869.58 kWh
[19:38:27]   净交易量:  -844.09 kWh
[19:38:27]   平均出清价:   9.72 cents/kWh
[19:38:27]   市场独立度:  75.14%
[19:38:27] 
Buffer大小:  9816
[19:38:27] 噪声水平: 0.0664
[19:38:27] 
动作统计:
[19:38:27]   wind      : mean= 0.122, std= 0.095
[19:38:27]   solar     : mean=-0.280, std= 0.484
[19:38:27]   diesel    : mean= 0.298, std= 0.213
[19:38:27]   battery   : mean= 0.855, std= 0.228
[19:38:27]   customer  : mean= 0.832, std= 0.100
[19:38:28] 
======================================================================
[19:38:28] Episode 400/800
[19:38:28] ======================================================================
[19:38:28] 总奖励:  -156.34 | 步数: 24
[19:38:28] 最近10个episodes平均:  -148.55
[19:38:28] 
各Agent奖励:
[19:38:28]   wind      :   20.381
[19:38:28]   solar     :    6.229
[19:38:28]   diesel    :    2.653
[19:38:28]   battery   :    0.000
[19:38:28]   customer  : -185.600
[19:38:28] 
🔌 Main Grid 交易:
[19:38:28]   进口电量:    19.67 kWh
[19:38:28]   出口电量:   934.91 kWh
[19:38:28]   净交易量:  -915.24 kWh
[19:38:28]   平均出清价:   9.94 cents/kWh
[19:38:28]   市场独立度:  73.48%
[19:38:28] 
Buffer大小:  9840
[19:38:28] 噪声水平: 0.0664
[19:38:28] 
动作统计:
[19:38:28]   wind      : mean= 0.127, std= 0.091
[19:38:28]   solar     : mean=-0.296, std= 0.458
[19:38:28]   diesel    : mean= 0.334, std= 0.212
[19:38:28]   battery   : mean= 0.844, std= 0.222
[19:38:28]   customer  : mean= 0.846, std= 0.110
[19:38:28] 
📊 生成可视化图表...
[19:38:28]   ✓ debug_plots/training_ep0400.png
[19:38:28] 💾 保存checkpoint: debug_checkpoints/debug_maddpg_20251203_193028_ep0400.pt
[19:38:29] 
======================================================================
[19:38:29] Episode 401/800
[19:38:29] ======================================================================
[19:38:29] 总奖励:  -151.12 | 步数: 24
[19:38:29] 最近10个episodes平均:  -149.45
[19:38:29] 
各Agent奖励:
[19:38:29]   wind      :   19.490
[19:38:29]   solar     :   14.086
[19:38:29]   diesel    :    5.932
[19:38:29]   battery   :    0.000
[19:38:29]   customer  : -190.630
[19:38:29] 
🔌 Main Grid 交易:
[19:38:29]   进口电量:    20.28 kWh
[19:38:29]   出口电量:   818.59 kWh
[19:38:29]   净交易量:  -798.31 kWh
[19:38:29]   平均出清价:  12.07 cents/kWh
[19:38:29]   市场独立度:  76.70%
[19:38:29] 
Buffer大小:  9864
[19:38:29] 噪声水平: 0.0663
[19:38:29] 
动作统计:
[19:38:29]   wind      : mean= 0.120, std= 0.127
[19:38:29]   solar     : mean=-0.305, std= 0.467
[19:38:29]   diesel    : mean= 0.332, std= 0.184
[19:38:29]   battery   : mean= 0.842, std= 0.216
[19:38:29]   customer  : mean= 0.801, std= 0.102
[19:38:31] 
======================================================================
[19:38:31] Episode 402/800
[19:38:31] ======================================================================
[19:38:31] 总奖励:  -151.69 | 步数: 24
[19:38:31] 最近10个episodes平均:  -149.90
[19:38:31] 
各Agent奖励:
[19:38:31]   wind      :   21.265
[19:38:31]   solar     :    7.447
[19:38:31]   diesel    :    2.347
[19:38:31]   battery   :    0.884
[19:38:31]   customer  : -183.632
[19:38:31] 
🔌 Main Grid 交易:
[19:38:31]   进口电量:    55.96 kWh
[19:38:31]   出口电量:   943.00 kWh
[19:38:31]   净交易量:  -887.04 kWh
[19:38:31]   平均出清价:  11.08 cents/kWh
[19:38:31]   市场独立度:  72.25%
[19:38:31] 
Buffer大小:  9888
[19:38:31] 噪声水平: 0.0662
[19:38:31] 
动作统计:
[19:38:31]   wind      : mean= 0.140, std= 0.124
[19:38:31]   solar     : mean=-0.323, std= 0.456
[19:38:31]   diesel    : mean= 0.330, std= 0.202
[19:38:31]   battery   : mean= 0.825, std= 0.236
[19:38:31]   customer  : mean= 0.840, std= 0.091
[19:38:32] 
======================================================================
[19:38:32] Episode 403/800
[19:38:32] ======================================================================
[19:38:32] 总奖励:  -146.88 | 步数: 24
[19:38:32] 最近10个episodes平均:  -149.58
[19:38:32] 
各Agent奖励:
[19:38:32]   wind      :   17.971
[19:38:32]   solar     :   11.110
[19:38:32]   diesel    :    1.705
[19:38:32]   battery   :    0.000
[19:38:32]   customer  : -177.668
[19:38:32] 
🔌 Main Grid 交易:
[19:38:32]   进口电量:    27.78 kWh
[19:38:32]   出口电量:   979.68 kWh
[19:38:32]   净交易量:  -951.90 kWh
[19:38:32]   平均出清价:  10.51 cents/kWh
[19:38:32]   市场独立度:  72.01%
[19:38:32] 
Buffer大小:  9912
[19:38:32] 噪声水平: 0.0662
[19:38:32] 
动作统计:
[19:38:32]   wind      : mean= 0.149, std= 0.114
[19:38:32]   solar     : mean=-0.331, std= 0.436
[19:38:32]   diesel    : mean= 0.337, std= 0.227
[19:38:32]   battery   : mean= 0.853, std= 0.212
[19:38:32]   customer  : mean= 0.835, std= 0.098
[19:38:33] 
======================================================================
[19:38:33] Episode 404/800
[19:38:33] ======================================================================
[19:38:33] 总奖励:  -145.98 | 步数: 24
[19:38:33] 最近10个episodes平均:  -150.43
[19:38:33] 
各Agent奖励:
[19:38:33]   wind      :   20.760
[19:38:33]   solar     :   12.811
[19:38:33]   diesel    :    5.624
[19:38:33]   battery   :    0.843
[19:38:33]   customer  : -186.016
[19:38:33] 
🔌 Main Grid 交易:
[19:38:33]   进口电量:    28.02 kWh
[19:38:33]   出口电量:   920.43 kWh
[19:38:33]   净交易量:  -892.41 kWh
[19:38:33]   平均出清价:  12.81 cents/kWh
[19:38:33]   市场独立度:  73.65%
[19:38:33] 
Buffer大小:  9936
[19:38:33] 噪声水平: 0.0661
[19:38:33] 
动作统计:
[19:38:33]   wind      : mean= 0.160, std= 0.117
[19:38:33]   solar     : mean=-0.348, std= 0.436
[19:38:33]   diesel    : mean= 0.332, std= 0.218
[19:38:33]   battery   : mean= 0.839, std= 0.244
[19:38:33]   customer  : mean= 0.814, std= 0.062
[19:38:35] 
======================================================================
[19:38:35] Episode 405/800
[19:38:35] ======================================================================
[19:38:35] 总奖励:  -143.51 | 步数: 24
[19:38:35] 最近10个episodes平均:  -150.48
[19:38:35] 
各Agent奖励:
[19:38:35]   wind      :   24.926
[19:38:35]   solar     :   14.225
[19:38:35]   diesel    :    1.966
[19:38:35]   battery   :    0.000
[19:38:35]   customer  : -184.626
[19:38:35] 
🔌 Main Grid 交易:
[19:38:35]   进口电量:     0.00 kWh
[19:38:35]   出口电量:   917.10 kWh
[19:38:35]   净交易量:  -917.10 kWh
[19:38:35]   平均出清价:  11.74 cents/kWh
[19:38:35]   市场独立度:  74.52%
[19:38:35] 
Buffer大小:  9960
[19:38:35] 噪声水平: 0.0660
[19:38:35] 
动作统计:
[19:38:35]   wind      : mean= 0.164, std= 0.106
[19:38:35]   solar     : mean=-0.324, std= 0.436
[19:38:35]   diesel    : mean= 0.342, std= 0.217
[19:38:35]   battery   : mean= 0.848, std= 0.207
[19:38:35]   customer  : mean= 0.832, std= 0.079
[19:38:36] 
======================================================================
[19:38:36] Episode 406/800
[19:38:36] ======================================================================
[19:38:36] 总奖励:  -156.61 | 步数: 24
[19:38:36] 最近10个episodes平均:  -150.76
[19:38:36] 
各Agent奖励:
[19:38:36]   wind      :   17.705
[19:38:36]   solar     :    4.766
[19:38:36]   diesel    :    1.714
[19:38:36]   battery   :    1.815
[19:38:36]   customer  : -182.608
[19:38:36] 
🔌 Main Grid 交易:
[19:38:36]   进口电量:    39.57 kWh
[19:38:36]   出口电量:  1019.49 kWh
[19:38:36]   净交易量:  -979.92 kWh
[19:38:36]   平均出清价:  10.18 cents/kWh
[19:38:36]   市场独立度:  70.58%
[19:38:36] 
Buffer大小:  9984
[19:38:36] 噪声水平: 0.0660
[19:38:36] 
动作统计:
[19:38:36]   wind      : mean= 0.166, std= 0.115
[19:38:36]   solar     : mean=-0.342, std= 0.441
[19:38:36]   diesel    : mean= 0.324, std= 0.219
[19:38:36]   battery   : mean= 0.853, std= 0.239
[19:38:36]   customer  : mean= 0.845, std= 0.101
[19:38:37] 
======================================================================
[19:38:37] Episode 407/800
[19:38:37] ======================================================================
[19:38:37] 总奖励:  -154.77 | 步数: 24
[19:38:37] 最近10个episodes平均:  -151.46
[19:38:37] 
各Agent奖励:
[19:38:37]   wind      :   17.070
[19:38:37]   solar     :    9.022
[19:38:37]   diesel    :    0.884
[19:38:37]   battery   :    1.450
[19:38:37]   customer  : -183.199
[19:38:37] 
🔌 Main Grid 交易:
[19:38:37]   进口电量:    41.37 kWh
[19:38:37]   出口电量:  1010.75 kWh
[19:38:37]   净交易量:  -969.38 kWh
[19:38:37]   平均出清价:  10.17 cents/kWh
[19:38:37]   市场独立度:  70.77%
[19:38:37] 
Buffer大小: 10000
[19:38:37] 噪声水平: 0.0659
[19:38:37] 
动作统计:
[19:38:37]   wind      : mean= 0.127, std= 0.108
[19:38:37]   solar     : mean=-0.347, std= 0.399
[19:38:37]   diesel    : mean= 0.323, std= 0.222
[19:38:37]   battery   : mean= 0.856, std= 0.237
[19:38:37]   customer  : mean= 0.844, std= 0.131
[19:38:39] 
======================================================================
[19:38:39] Episode 408/800
[19:38:39] ======================================================================
[19:38:39] 总奖励:  -153.04 | 步数: 24
[19:38:39] 最近10个episodes平均:  -151.09
[19:38:39] 
各Agent奖励:
[19:38:39]   wind      :   19.716
[19:38:39]   solar     :   10.512
[19:38:39]   diesel    :    1.308
[19:38:39]   battery   :    0.857
[19:38:39]   customer  : -185.434
[19:38:39] 
🔌 Main Grid 交易:
[19:38:39]   进口电量:    49.04 kWh
[19:38:39]   出口电量:   866.75 kWh
[19:38:39]   净交易量:  -817.71 kWh
[19:38:39]   平均出清价:  12.73 cents/kWh
[19:38:39]   市场独立度:  74.56%
[19:38:39] 
Buffer大小: 10000
[19:38:39] 噪声水平: 0.0658
[19:38:39] 
动作统计:
[19:38:39]   wind      : mean= 0.159, std= 0.115
[19:38:39]   solar     : mean=-0.333, std= 0.447
[19:38:39]   diesel    : mean= 0.347, std= 0.229
[19:38:39]   battery   : mean= 0.860, std= 0.240
[19:38:39]   customer  : mean= 0.833, std= 0.113
[19:38:40] 
======================================================================
[19:38:40] Episode 409/800
[19:38:40] ======================================================================
[19:38:40] 总奖励:  -145.76 | 步数: 24
[19:38:40] 最近10个episodes平均:  -150.57
[19:38:40] 
各Agent奖励:
[19:38:40]   wind      :   23.179
[19:38:40]   solar     :   10.897
[19:38:40]   diesel    :    1.891
[19:38:40]   battery   :    0.073
[19:38:40]   customer  : -181.795
[19:38:40] 
🔌 Main Grid 交易:
[19:38:40]   进口电量:    21.04 kWh
[19:38:40]   出口电量:   894.71 kWh
[19:38:40]   净交易量:  -873.67 kWh
[19:38:40]   平均出清价:  11.05 cents/kWh
[19:38:40]   市场独立度:  74.56%
[19:38:40] 
Buffer大小: 10000
[19:38:40] 噪声水平: 0.0658
[19:38:40] 
动作统计:
[19:38:40]   wind      : mean= 0.123, std= 0.109
[19:38:40]   solar     : mean=-0.363, std= 0.388
[19:38:40]   diesel    : mean= 0.342, std= 0.217
[19:38:40]   battery   : mean= 0.874, std= 0.201
[19:38:40]   customer  : mean= 0.809, std= 0.097
[19:38:41] 
======================================================================
[19:38:41] Episode 410/800
[19:38:41] ======================================================================
[19:38:41] 总奖励:  -156.34 | 步数: 24
[19:38:41] 最近10个episodes平均:  -150.57
[19:38:41] 
各Agent奖励:
[19:38:41]   wind      :   20.232
[19:38:41]   solar     :    7.352
[19:38:41]   diesel    :    2.552
[19:38:41]   battery   :   -0.494
[19:38:41]   customer  : -185.984
[19:38:41] 
🔌 Main Grid 交易:
[19:38:41]   进口电量:    36.94 kWh
[19:38:41]   出口电量:   920.96 kWh
[19:38:41]   净交易量:  -884.01 kWh
[19:38:41]   平均出清价:  10.40 cents/kWh
[19:38:41]   市场独立度:  73.39%
[19:38:41] 
Buffer大小: 10000
[19:38:41] 噪声水平: 0.0657
[19:38:41] 
动作统计:
[19:38:41]   wind      : mean= 0.136, std= 0.090
[19:38:41]   solar     : mean=-0.332, std= 0.420
[19:38:41]   diesel    : mean= 0.350, std= 0.230
[19:38:41]   battery   : mean= 0.873, std= 0.247
[19:38:41]   customer  : mean= 0.829, std= 0.121
[19:38:41] 
📊 生成可视化图表...
[19:38:41]   ✓ debug_plots/training_ep0410.png
[19:38:43] 
======================================================================
[19:38:43] Episode 411/800
[19:38:43] ======================================================================
[19:38:43] 总奖励:  -150.00 | 步数: 24
[19:38:43] 最近10个episodes平均:  -150.46
[19:38:43] 
各Agent奖励:
[19:38:43]   wind      :   22.138
[19:38:43]   solar     :   10.653
[19:38:43]   diesel    :    3.394
[19:38:43]   battery   :    0.000
[19:38:43]   customer  : -186.190
[19:38:43] 
🔌 Main Grid 交易:
[19:38:43]   进口电量:    33.79 kWh
[19:38:43]   出口电量:   923.16 kWh
[19:38:43]   净交易量:  -889.37 kWh
[19:38:43]   平均出清价:  11.79 cents/kWh
[19:38:43]   市场独立度:  73.42%
[19:38:43] 
Buffer大小: 10000
[19:38:43] 噪声水平: 0.0656
[19:38:43] 
动作统计:
[19:38:43]   wind      : mean= 0.151, std= 0.110
[19:38:43]   solar     : mean=-0.354, std= 0.395
[19:38:43]   diesel    : mean= 0.351, std= 0.234
[19:38:43]   battery   : mean= 0.887, std= 0.201
[19:38:43]   customer  : mean= 0.815, std= 0.111
[19:38:44] 
======================================================================
[19:38:44] Episode 412/800
[19:38:44] ======================================================================
[19:38:44] 总奖励:  -164.21 | 步数: 24
[19:38:44] 最近10个episodes平均:  -151.71
[19:38:44] 
各Agent奖励:
[19:38:44]   wind      :   12.107
[19:38:44]   solar     :    9.217
[19:38:44]   diesel    :    1.882
[19:38:44]   battery   :    0.000
[19:38:44]   customer  : -187.412
[19:38:44] 
🔌 Main Grid 交易:
[19:38:44]   进口电量:    11.50 kWh
[19:38:44]   出口电量:  1021.56 kWh
[19:38:44]   净交易量: -1010.05 kWh
[19:38:44]   平均出清价:  10.22 cents/kWh
[19:38:44]   市场独立度:  71.30%
[19:38:44] 
Buffer大小: 10000
[19:38:44] 噪声水平: 0.0656
[19:38:44] 
动作统计:
[19:38:44]   wind      : mean= 0.147, std= 0.105
[19:38:44]   solar     : mean=-0.359, std= 0.417
[19:38:44]   diesel    : mean= 0.346, std= 0.250
[19:38:44]   battery   : mean= 0.890, std= 0.195
[19:38:44]   customer  : mean= 0.865, std= 0.047
[19:38:46] 
======================================================================
[19:38:46] Episode 413/800
[19:38:46] ======================================================================
[19:38:46] 总奖励:  -153.39 | 步数: 24
[19:38:46] 最近10个episodes平均:  -152.36
[19:38:46] 
各Agent奖励:
[19:38:46]   wind      :   14.027
[19:38:46]   solar     :   11.139
[19:38:46]   diesel    :    2.756
[19:38:46]   battery   :    1.833
[19:38:46]   customer  : -183.144
[19:38:46] 
🔌 Main Grid 交易:
[19:38:46]   进口电量:    40.50 kWh
[19:38:46]   出口电量:  1091.29 kWh
[19:38:46]   净交易量: -1050.79 kWh
[19:38:46]   平均出清价:  10.67 cents/kWh
[19:38:46]   市场独立度:  68.56%
[19:38:46] 
Buffer大小: 10000
[19:38:46] 噪声水平: 0.0655
[19:38:46] 
动作统计:
[19:38:46]   wind      : mean= 0.157, std= 0.134
[19:38:46]   solar     : mean=-0.355, std= 0.367
[19:38:46]   diesel    : mean= 0.359, std= 0.229
[19:38:46]   battery   : mean= 0.871, std= 0.219
[19:38:46]   customer  : mean= 0.836, std= 0.091
[19:38:47] 
======================================================================
[19:38:47] Episode 414/800
[19:38:47] ======================================================================
[19:38:47] 总奖励:  -156.67 | 步数: 24
[19:38:47] 最近10个episodes平均:  -153.43
[19:38:47] 
各Agent奖励:
[19:38:47]   wind      :   19.471
[19:38:47]   solar     :    5.751
[19:38:47]   diesel    :    1.491
[19:38:47]   battery   :   -0.180
[19:38:47]   customer  : -183.201
[19:38:47] 
🔌 Main Grid 交易:
[19:38:47]   进口电量:    23.76 kWh
[19:38:47]   出口电量:  1195.11 kWh
[19:38:47]   净交易量: -1171.36 kWh
[19:38:47]   平均出清价:   9.52 cents/kWh
[19:38:47]   市场独立度:  66.14%
[19:38:47] 
Buffer大小: 10000
[19:38:47] 噪声水平: 0.0654
[19:38:47] 
动作统计:
[19:38:47]   wind      : mean= 0.133, std= 0.088
[19:38:47]   solar     : mean=-0.372, std= 0.409
[19:38:47]   diesel    : mean= 0.339, std= 0.248
[19:38:47]   battery   : mean= 0.881, std= 0.206
[19:38:47]   customer  : mean= 0.836, std= 0.109
[19:38:49] 
======================================================================
[19:38:49] Episode 415/800
[19:38:49] ======================================================================
[19:38:49] 总奖励:  -151.55 | 步数: 24
[19:38:49] 最近10个episodes平均:  -154.23
[19:38:49] 
各Agent奖励:
[19:38:49]   wind      :   16.237
[19:38:49]   solar     :   10.897
[19:38:49]   diesel    :    1.832
[19:38:49]   battery   :    0.094
[19:38:49]   customer  : -180.604
[19:38:49] 
🔌 Main Grid 交易:
[19:38:49]   进口电量:     7.11 kWh
[19:38:49]   出口电量:  1083.43 kWh
[19:38:49]   净交易量: -1076.33 kWh
[19:38:49]   平均出清价:  10.22 cents/kWh
[19:38:49]   市场独立度:  69.71%
[19:38:49] 
Buffer大小: 10000
[19:38:49] 噪声水平: 0.0654
[19:38:49] 
动作统计:
[19:38:49]   wind      : mean= 0.136, std= 0.112
[19:38:49]   solar     : mean=-0.398, std= 0.376
[19:38:49]   diesel    : mean= 0.349, std= 0.239
[19:38:49]   battery   : mean= 0.898, std= 0.183
[19:38:49]   customer  : mean= 0.841, std= 0.098
[19:38:50] 
======================================================================
[19:38:50] Episode 416/800
[19:38:50] ======================================================================
[19:38:50] 总奖励:  -153.63 | 步数: 24
[19:38:50] 最近10个episodes平均:  -153.94
[19:38:50] 
各Agent奖励:
[19:38:50]   wind      :   18.106
[19:38:50]   solar     :   14.477
[19:38:50]   diesel    :    3.338
[19:38:50]   battery   :    0.116
[19:38:50]   customer  : -189.667
[19:38:50] 
🔌 Main Grid 交易:
[19:38:50]   进口电量:    47.19 kWh
[19:38:50]   出口电量:  1017.63 kWh
[19:38:50]   净交易量:  -970.45 kWh
[19:38:50]   平均出清价:  12.48 cents/kWh
[19:38:50]   市场独立度:  70.42%
[19:38:50] 
Buffer大小: 10000
[19:38:50] 噪声水平: 0.0653
[19:38:50] 
动作统计:
[19:38:50]   wind      : mean= 0.146, std= 0.102
[19:38:50]   solar     : mean=-0.343, std= 0.388
[19:38:50]   diesel    : mean= 0.354, std= 0.230
[19:38:50]   battery   : mean= 0.873, std= 0.233
[19:38:50]   customer  : mean= 0.826, std= 0.116
[19:38:52] 
======================================================================
[19:38:52] Episode 417/800
[19:38:52] ======================================================================
[19:38:52] 总奖励:  -148.05 | 步数: 24
[19:38:52] 最近10个episodes平均:  -153.26
[19:38:52] 
各Agent奖励:
[19:38:52]   wind      :   20.715
[19:38:52]   solar     :    8.978
[19:38:52]   diesel    :    1.704
[19:38:52]   battery   :    0.023
[19:38:52]   customer  : -179.467
[19:38:52] 
🔌 Main Grid 交易:
[19:38:52]   进口电量:    18.45 kWh
[19:38:52]   出口电量:  1048.66 kWh
[19:38:52]   净交易量: -1030.21 kWh
[19:38:52]   平均出清价:  10.90 cents/kWh
[19:38:52]   市场独立度:  70.36%
[19:38:52] 
Buffer大小: 10000
[19:38:52] 噪声水平: 0.0652
[19:38:52] 
动作统计:
[19:38:52]   wind      : mean= 0.137, std= 0.092
[19:38:52]   solar     : mean=-0.338, std= 0.398
[19:38:52]   diesel    : mean= 0.357, std= 0.242
[19:38:52]   battery   : mean= 0.891, std= 0.198
[19:38:52]   customer  : mean= 0.827, std= 0.101
[19:38:53] 
======================================================================
[19:38:53] Episode 418/800
[19:38:53] ======================================================================
[19:38:53] 总奖励:  -159.71 | 步数: 24
[19:38:53] 最近10个episodes平均:  -153.93
[19:38:53] 
各Agent奖励:
[19:38:53]   wind      :   13.657
[19:38:53]   solar     :    9.521
[19:38:53]   diesel    :    2.423
[19:38:53]   battery   :    0.908
[19:38:53]   customer  : -186.222
[19:38:53] 
🔌 Main Grid 交易:
[19:38:53]   进口电量:    48.30 kWh
[19:38:53]   出口电量:  1002.87 kWh
[19:38:53]   净交易量:  -954.56 kWh
[19:38:53]   平均出清价:  10.81 cents/kWh
[19:38:53]   市场独立度:  70.80%
[19:38:53] 
Buffer大小: 10000
[19:38:53] 噪声水平: 0.0652
[19:38:53] 
动作统计:
[19:38:53]   wind      : mean= 0.168, std= 0.124
[19:38:53]   solar     : mean=-0.348, std= 0.417
[19:38:53]   diesel    : mean= 0.355, std= 0.249
[19:38:53]   battery   : mean= 0.869, std= 0.249
[19:38:53]   customer  : mean= 0.819, std= 0.118
[19:38:54] 
======================================================================
[19:38:54] Episode 419/800
[19:38:54] ======================================================================
[19:38:54] 总奖励:  -151.03 | 步数: 24
[19:38:54] 最近10个episodes平均:  -154.46
[19:38:54] 
各Agent奖励:
[19:38:54]   wind      :   20.221
[19:38:54]   solar     :   10.570
[19:38:54]   diesel    :    2.247
[19:38:54]   battery   :    0.358
[19:38:54]   customer  : -184.421
[19:38:54] 
🔌 Main Grid 交易:
[19:38:54]   进口电量:    14.83 kWh
[19:38:54]   出口电量:  1151.22 kWh
[19:38:54]   净交易量: -1136.39 kWh
[19:38:54]   平均出清价:  11.13 cents/kWh
[19:38:54]   市场独立度:  67.61%
[19:38:54] 
Buffer大小: 10000
[19:38:54] 噪声水平: 0.0651
[19:38:54] 
动作统计:
[19:38:54]   wind      : mean= 0.175, std= 0.096
[19:38:54]   solar     : mean=-0.337, std= 0.426
[19:38:54]   diesel    : mean= 0.366, std= 0.241
[19:38:54]   battery   : mean= 0.894, std= 0.185
[19:38:54]   customer  : mean= 0.835, std= 0.077
[19:38:55] 
======================================================================
[19:38:55] Episode 420/800
[19:38:55] ======================================================================
[19:38:55] 总奖励:  -153.77 | 步数: 24
[19:38:55] 最近10个episodes平均:  -154.20
[19:38:55] 
各Agent奖励:
[19:38:55]   wind      :   20.091
[19:38:55]   solar     :    8.754
[19:38:55]   diesel    :    1.909
[19:38:55]   battery   :    0.301
[19:38:55]   customer  : -184.827
[19:38:55] 
🔌 Main Grid 交易:
[19:38:55]   进口电量:    59.06 kWh
[19:38:55]   出口电量:  1049.45 kWh
[19:38:55]   净交易量:  -990.39 kWh
[19:38:55]   平均出清价:  11.62 cents/kWh
[19:38:55]   市场独立度:  69.21%
[19:38:55] 
Buffer大小: 10000
[19:38:55] 噪声水平: 0.0650
[19:38:55] 
动作统计:
[19:38:55]   wind      : mean= 0.154, std= 0.099
[19:38:55]   solar     : mean=-0.360, std= 0.432
[19:38:55]   diesel    : mean= 0.359, std= 0.262
[19:38:55]   battery   : mean= 0.878, std= 0.219
[19:38:55]   customer  : mean= 0.833, std= 0.112
[19:38:55] 
📊 生成可视化图表...
[19:38:56]   ✓ debug_plots/training_ep0420.png
[19:38:57] 
======================================================================
[19:38:57] Episode 421/800
[19:38:57] ======================================================================
[19:38:57] 总奖励:  -145.76 | 步数: 24
[19:38:57] 最近10个episodes平均:  -153.78
[19:38:57] 
各Agent奖励:
[19:38:57]   wind      :   22.024
[19:38:57]   solar     :   11.613
[19:38:57]   diesel    :    0.874
[19:38:57]   battery   :    0.008
[19:38:57]   customer  : -180.276
[19:38:57] 
🔌 Main Grid 交易:
[19:38:57]   进口电量:    31.79 kWh
[19:38:57]   出口电量:  1017.69 kWh
[19:38:57]   净交易量:  -985.90 kWh
[19:38:57]   平均出清价:  11.62 cents/kWh
[19:38:57]   市场独立度:  70.85%
[19:38:57] 
Buffer大小: 10000
[19:38:57] 噪声水平: 0.0650
[19:38:57] 
动作统计:
[19:38:57]   wind      : mean= 0.169, std= 0.098
[19:38:57]   solar     : mean=-0.360, std= 0.435
[19:38:57]   diesel    : mean= 0.377, std= 0.247
[19:38:57]   battery   : mean= 0.884, std= 0.200
[19:38:57]   customer  : mean= 0.811, std= 0.081
[19:38:59] 
======================================================================
[19:38:59] Episode 422/800
[19:38:59] ======================================================================
[19:38:59] 总奖励:  -155.37 | 步数: 24
[19:38:59] 最近10个episodes平均:  -152.89
[19:38:59] 
各Agent奖励:
[19:38:59]   wind      :   18.400
[19:38:59]   solar     :    6.341
[19:38:59]   diesel    :   -0.670
[19:38:59]   battery   :    0.000
[19:38:59]   customer  : -179.443
[19:38:59] 
🔌 Main Grid 交易:
[19:38:59]   进口电量:    31.17 kWh
[19:38:59]   出口电量:  1175.69 kWh
[19:38:59]   净交易量: -1144.52 kWh
[19:38:59]   平均出清价:   9.40 cents/kWh
[19:38:59]   市场独立度:  66.48%
[19:38:59] 
Buffer大小: 10000
[19:38:59] 噪声水平: 0.0649
[19:38:59] 
动作统计:
[19:38:59]   wind      : mean= 0.151, std= 0.111
[19:38:59]   solar     : mean=-0.340, std= 0.420
[19:38:59]   diesel    : mean= 0.348, std= 0.246
[19:38:59]   battery   : mean= 0.899, std= 0.183
[19:38:59]   customer  : mean= 0.850, std= 0.101
[19:39:00] 
======================================================================
[19:39:00] Episode 423/800
[19:39:00] ======================================================================
[19:39:00] 总奖励:  -140.26 | 步数: 24
[19:39:00] 最近10个episodes平均:  -151.58
[19:39:00] 
各Agent奖励:
[19:39:00]   wind      :   30.370
[19:39:00]   solar     :   12.617
[19:39:00]   diesel    :    5.464
[19:39:00]   battery   :    0.862
[19:39:00]   customer  : -189.578
[19:39:00] 
🔌 Main Grid 交易:
[19:39:00]   进口电量:    50.40 kWh
[19:39:00]   出口电量:  1077.84 kWh
[19:39:00]   净交易量: -1027.44 kWh
[19:39:00]   平均出清价:  13.38 cents/kWh
[19:39:00]   市场独立度:  68.66%
[19:39:00] 
Buffer大小: 10000
[19:39:00] 噪声水平: 0.0648
[19:39:00] 
动作统计:
[19:39:00]   wind      : mean= 0.148, std= 0.123
[19:39:00]   solar     : mean=-0.320, std= 0.456
[19:39:00]   diesel    : mean= 0.382, std= 0.253
[19:39:00]   battery   : mean= 0.884, std= 0.187
[19:39:00]   customer  : mean= 0.790, std= 0.128
[19:39:01] 
======================================================================
[19:39:01] Episode 424/800
[19:39:01] ======================================================================
[19:39:01] 总奖励:  -152.42 | 步数: 24
[19:39:01] 最近10个episodes平均:  -151.15
[19:39:01] 
各Agent奖励:
[19:39:01]   wind      :   22.448
[19:39:01]   solar     :    7.226
[19:39:01]   diesel    :    1.798
[19:39:01]   battery   :    0.057
[19:39:01]   customer  : -183.950
[19:39:01] 
🔌 Main Grid 交易:
[19:39:01]   进口电量:    20.31 kWh
[19:39:01]   出口电量:  1113.77 kWh
[19:39:01]   净交易量: -1093.46 kWh
[19:39:01]   平均出清价:  10.37 cents/kWh
[19:39:01]   市场独立度:  68.50%
[19:39:01] 
Buffer大小: 10000
[19:39:01] 噪声水平: 0.0648
[19:39:01] 
动作统计:
[19:39:01]   wind      : mean= 0.150, std= 0.106
[19:39:01]   solar     : mean=-0.294, std= 0.458
[19:39:01]   diesel    : mean= 0.357, std= 0.267
[19:39:01]   battery   : mean= 0.878, std= 0.206
[19:39:01]   customer  : mean= 0.830, std= 0.091
[19:39:03] 
======================================================================
[19:39:03] Episode 425/800
[19:39:03] ======================================================================
[19:39:03] 总奖励:  -154.85 | 步数: 24
[19:39:03] 最近10个episodes平均:  -151.49
[19:39:03] 
各Agent奖励:
[19:39:03]   wind      :   20.231
[19:39:03]   solar     :    7.905
[19:39:03]   diesel    :    1.439
[19:39:03]   battery   :    0.517
[19:39:03]   customer  : -184.940
[19:39:03] 
🔌 Main Grid 交易:
[19:39:03]   进口电量:    14.06 kWh
[19:39:03]   出口电量:  1162.32 kWh
[19:39:03]   净交易量: -1148.26 kWh
[19:39:03]   平均出清价:   9.52 cents/kWh
[19:39:03]   市场独立度:  67.32%
[19:39:03] 
Buffer大小: 10000
[19:39:03] 噪声水平: 0.0647
[19:39:03] 
动作统计:
[19:39:03]   wind      : mean= 0.145, std= 0.106
[19:39:03]   solar     : mean=-0.256, std= 0.446
[19:39:03]   diesel    : mean= 0.369, std= 0.260
[19:39:03]   battery   : mean= 0.866, std= 0.203
[19:39:03]   customer  : mean= 0.832, std= 0.093
[19:39:05] 
======================================================================
[19:39:05] Episode 426/800
[19:39:05] ======================================================================
[19:39:05] 总奖励:  -154.40 | 步数: 24
[19:39:05] 最近10个episodes平均:  -151.56
[19:39:05] 
各Agent奖励:
[19:39:05]   wind      :   18.063
[19:39:05]   solar     :    8.050
[19:39:05]   diesel    :   -0.231
[19:39:05]   battery   :   -0.129
[19:39:05]   customer  : -180.154
[19:39:05] 
🔌 Main Grid 交易:
[19:39:05]   进口电量:    28.82 kWh
[19:39:05]   出口电量:  1137.57 kWh
[19:39:05]   净交易量: -1108.76 kWh
[19:39:05]   平均出清价:   9.89 cents/kWh
[19:39:05]   市场独立度:  67.60%
[19:39:05] 
Buffer大小: 10000
[19:39:05] 噪声水平: 0.0646
[19:39:05] 
动作统计:
[19:39:05]   wind      : mean= 0.135, std= 0.104
[19:39:05]   solar     : mean=-0.285, std= 0.453
[19:39:05]   diesel    : mean= 0.366, std= 0.261
[19:39:05]   battery   : mean= 0.881, std= 0.204
[19:39:05]   customer  : mean= 0.848, std= 0.088
[19:39:07] 
======================================================================
[19:39:07] Episode 427/800
[19:39:07] ======================================================================
[19:39:07] 总奖励:  -149.75 | 步数: 24
[19:39:07] 最近10个episodes平均:  -151.73
[19:39:07] 
各Agent奖励:
[19:39:07]   wind      :   26.072
[19:39:07]   solar     :    7.771
[19:39:07]   diesel    :    1.068
[19:39:07]   battery   :    0.056
[19:39:07]   customer  : -184.719
[19:39:07] 
🔌 Main Grid 交易:
[19:39:07]   进口电量:     0.00 kWh
[19:39:07]   出口电量:  1235.08 kWh
[19:39:07]   净交易量: -1235.08 kWh
[19:39:07]   平均出清价:  10.32 cents/kWh
[19:39:07]   市场独立度:  65.69%
[19:39:07] 
Buffer大小: 10000
[19:39:07] 噪声水平: 0.0646
[19:39:07] 
动作统计:
[19:39:07]   wind      : mean= 0.153, std= 0.086
[19:39:07]   solar     : mean=-0.275, std= 0.482
[19:39:07]   diesel    : mean= 0.369, std= 0.260
[19:39:07]   battery   : mean= 0.870, std= 0.185
[19:39:07]   customer  : mean= 0.841, std= 0.081
[19:39:08] 
======================================================================
[19:39:08] Episode 428/800
[19:39:08] ======================================================================
[19:39:08] 总奖励:  -158.13 | 步数: 24
[19:39:08] 最近10个episodes平均:  -151.57
[19:39:08] 
各Agent奖励:
[19:39:08]   wind      :   18.732
[19:39:08]   solar     :    8.649
[19:39:08]   diesel    :    4.353
[19:39:08]   battery   :    0.000
[19:39:08]   customer  : -189.865
[19:39:08] 
🔌 Main Grid 交易:
[19:39:08]   进口电量:    40.09 kWh
[19:39:08]   出口电量:  1179.27 kWh
[19:39:08]   净交易量: -1139.18 kWh
[19:39:08]   平均出清价:  10.61 cents/kWh
[19:39:08]   市场独立度:  66.13%
[19:39:08] 
Buffer大小: 10000
[19:39:08] 噪声水平: 0.0645
[19:39:08] 
动作统计:
[19:39:08]   wind      : mean= 0.143, std= 0.112
[19:39:08]   solar     : mean=-0.237, std= 0.502
[19:39:08]   diesel    : mean= 0.374, std= 0.264
[19:39:08]   battery   : mean= 0.879, std= 0.188
[19:39:08]   customer  : mean= 0.818, std= 0.128
[19:39:09] 
======================================================================
[19:39:09] Episode 429/800
[19:39:09] ======================================================================
[19:39:09] 总奖励:  -146.23 | 步数: 24
[19:39:09] 最近10个episodes平均:  -151.09
[19:39:09] 
各Agent奖励:
[19:39:09]   wind      :   22.711
[19:39:09]   solar     :    8.660
[19:39:09]   diesel    :    2.908
[19:39:09]   battery   :    0.461
[19:39:09]   customer  : -180.968
[19:39:09] 
🔌 Main Grid 交易:
[19:39:09]   进口电量:    25.38 kWh
[19:39:09]   出口电量:  1153.61 kWh
[19:39:09]   净交易量: -1128.23 kWh
[19:39:09]   平均出清价:  10.08 cents/kWh
[19:39:09]   市场独立度:  67.25%
[19:39:09] 
Buffer大小: 10000
[19:39:09] 噪声水平: 0.0645
[19:39:09] 
动作统计:
[19:39:09]   wind      : mean= 0.134, std= 0.107
[19:39:09]   solar     : mean=-0.244, std= 0.492
[19:39:09]   diesel    : mean= 0.388, std= 0.262
[19:39:09]   battery   : mean= 0.856, std= 0.202
[19:39:09]   customer  : mean= 0.833, std= 0.087
[19:39:11] 
======================================================================
[19:39:11] Episode 430/800
[19:39:11] ======================================================================
[19:39:11] 总奖励:  -152.29 | 步数: 24
[19:39:11] 最近10个episodes平均:  -150.95
[19:39:11] 
各Agent奖励:
[19:39:11]   wind      :   20.313
[19:39:11]   solar     :   11.210
[19:39:11]   diesel    :    0.722
[19:39:11]   battery   :    0.000
[19:39:11]   customer  : -184.538
[19:39:11] 
🔌 Main Grid 交易:
[19:39:11]   进口电量:    36.06 kWh
[19:39:11]   出口电量:  1232.02 kWh
[19:39:11]   净交易量: -1195.96 kWh
[19:39:11]   平均出清价:   9.99 cents/kWh
[19:39:11]   市场独立度:  64.78%
[19:39:11] 
Buffer大小: 10000
[19:39:11] 噪声水平: 0.0644
[19:39:11] 
动作统计:
[19:39:11]   wind      : mean= 0.134, std= 0.120
[19:39:11]   solar     : mean=-0.225, std= 0.480
[19:39:11]   diesel    : mean= 0.385, std= 0.272
[19:39:11]   battery   : mean= 0.876, std= 0.175
[19:39:11]   customer  : mean= 0.854, std= 0.089
[19:39:11] 
📊 生成可视化图表...
[19:39:11]   ✓ debug_plots/training_ep0430.png
[19:39:12] 
======================================================================
[19:39:12] Episode 431/800
[19:39:12] ======================================================================
[19:39:12] 总奖励:  -157.96 | 步数: 24
[19:39:12] 最近10个episodes平均:  -152.17
[19:39:12] 
各Agent奖励:
[19:39:12]   wind      :   14.230
[19:39:12]   solar     :   11.822
[19:39:12]   diesel    :    0.923
[19:39:12]   battery   :    0.008
[19:39:12]   customer  : -184.948
[19:39:12] 
🔌 Main Grid 交易:
[19:39:12]   进口电量:    33.28 kWh
[19:39:12]   出口电量:  1111.94 kWh
[19:39:12]   净交易量: -1078.67 kWh
[19:39:12]   平均出清价:  11.67 cents/kWh
[19:39:12]   市场独立度:  68.19%
[19:39:12] 
Buffer大小: 10000
[19:39:12] 噪声水平: 0.0643
[19:39:12] 
动作统计:
[19:39:12]   wind      : mean= 0.165, std= 0.100
[19:39:12]   solar     : mean=-0.215, std= 0.491
[19:39:12]   diesel    : mean= 0.398, std= 0.279
[19:39:12]   battery   : mean= 0.882, std= 0.183
[19:39:12]   customer  : mean= 0.854, std= 0.080
[19:39:14] 
======================================================================
[19:39:14] Episode 432/800
[19:39:14] ======================================================================
[19:39:14] 总奖励:  -160.64 | 步数: 24
[19:39:14] 最近10个episodes平均:  -152.69
[19:39:14] 
各Agent奖励:
[19:39:14]   wind      :   13.286
[19:39:14]   solar     :    5.893
[19:39:14]   diesel    :    1.452
[19:39:14]   battery   :   -0.448
[19:39:14]   customer  : -180.823
[19:39:14] 
🔌 Main Grid 交易:
[19:39:14]   进口电量:    54.48 kWh
[19:39:14]   出口电量:  1207.60 kWh
[19:39:14]   净交易量: -1153.13 kWh
[19:39:14]   平均出清价:   9.63 cents/kWh
[19:39:14]   市场独立度:  64.94%
[19:39:14] 
Buffer大小: 10000
[19:39:14] 噪声水平: 0.0643
[19:39:14] 
动作统计:
[19:39:14]   wind      : mean= 0.137, std= 0.127
[19:39:14]   solar     : mean=-0.291, std= 0.431
[19:39:14]   diesel    : mean= 0.385, std= 0.263
[19:39:14]   battery   : mean= 0.874, std= 0.208
[19:39:14]   customer  : mean= 0.864, std= 0.102
[19:39:15] 
======================================================================
[19:39:15] Episode 433/800
[19:39:15] ======================================================================
[19:39:15] 总奖励:  -159.73 | 步数: 24
[19:39:15] 最近10个episodes平均:  -154.64
[19:39:15] 
各Agent奖励:
[19:39:15]   wind      :   17.545
[19:39:15]   solar     :    7.657
[19:39:15]   diesel    :    0.844
[19:39:15]   battery   :    0.225
[19:39:15]   customer  : -185.998
[19:39:15] 
🔌 Main Grid 交易:
[19:39:15]   进口电量:     7.67 kWh
[19:39:15]   出口电量:  1177.97 kWh
[19:39:15]   净交易量: -1170.31 kWh
[19:39:15]   平均出清价:   9.98 cents/kWh
[19:39:15]   市场独立度:  67.07%
[19:39:15] 
Buffer大小: 10000
[19:39:15] 噪声水平: 0.0642
[19:39:15] 
动作统计:
[19:39:15]   wind      : mean= 0.155, std= 0.116
[19:39:15]   solar     : mean=-0.314, std= 0.433
[19:39:15]   diesel    : mean= 0.379, std= 0.275
[19:39:15]   battery   : mean= 0.873, std= 0.188
[19:39:15]   customer  : mean= 0.851, std= 0.105
[19:39:17] 
======================================================================
[19:39:17] Episode 434/800
[19:39:17] ======================================================================
[19:39:17] 总奖励:  -153.11 | 步数: 24
[19:39:17] 最近10个episodes平均:  -154.71
[19:39:17] 
各Agent奖励:
[19:39:17]   wind      :   16.349
[19:39:17]   solar     :    9.078
[19:39:17]   diesel    :   -0.603
[19:39:17]   battery   :    0.000
[19:39:17]   customer  : -177.936
[19:39:17] 
🔌 Main Grid 交易:
[19:39:17]   进口电量:     6.07 kWh
[19:39:17]   出口电量:  1177.20 kWh
[19:39:17]   净交易量: -1171.13 kWh
[19:39:17]   平均出清价:   9.41 cents/kWh
[19:39:17]   市场独立度:  67.13%
[19:39:17] 
Buffer大小: 10000
[19:39:17] 噪声水平: 0.0641
[19:39:17] 
动作统计:
[19:39:17]   wind      : mean= 0.160, std= 0.108
[19:39:17]   solar     : mean=-0.334, std= 0.420
[19:39:17]   diesel    : mean= 0.374, std= 0.276
[19:39:17]   battery   : mean= 0.871, std= 0.191
[19:39:17]   customer  : mean= 0.852, std= 0.082
[19:39:18] 
======================================================================
[19:39:18] Episode 435/800
[19:39:18] ======================================================================
[19:39:18] 总奖励:  -141.38 | 步数: 24
[19:39:18] 最近10个episodes平均:  -153.36
[19:39:18] 
各Agent奖励:
[19:39:18]   wind      :   21.265
[19:39:18]   solar     :   10.580
[19:39:18]   diesel    :    1.599
[19:39:18]   battery   :    0.574
[19:39:18]   customer  : -175.395
[19:39:18] 
🔌 Main Grid 交易:
[19:39:18]   进口电量:    25.88 kWh
[19:39:18]   出口电量:  1167.21 kWh
[19:39:18]   净交易量: -1141.33 kWh
[19:39:18]   平均出清价:  11.59 cents/kWh
[19:39:18]   市场独立度:  66.86%
[19:39:18] 
Buffer大小: 10000
[19:39:18] 噪声水平: 0.0641
[19:39:18] 
动作统计:
[19:39:18]   wind      : mean= 0.158, std= 0.114
[19:39:18]   solar     : mean=-0.374, std= 0.443
[19:39:18]   diesel    : mean= 0.393, std= 0.264
[19:39:18]   battery   : mean= 0.858, std= 0.202
[19:39:18]   customer  : mean= 0.817, std= 0.089
[19:39:20] 
======================================================================
[19:39:20] Episode 436/800
[19:39:20] ======================================================================
[19:39:20] 总奖励:  -147.20 | 步数: 24
[19:39:20] 最近10个episodes平均:  -152.64
[19:39:20] 
各Agent奖励:
[19:39:20]   wind      :   22.361
[19:39:20]   solar     :   10.810
[19:39:20]   diesel    :    4.060
[19:39:20]   battery   :    0.107
[19:39:20]   customer  : -184.535
[19:39:20] 
🔌 Main Grid 交易:
[19:39:20]   进口电量:     8.58 kWh
[19:39:20]   出口电量:  1074.27 kWh
[19:39:20]   净交易量: -1065.69 kWh
[19:39:20]   平均出清价:  11.86 cents/kWh
[19:39:20]   市场独立度:  69.92%
[19:39:20] 
Buffer大小: 10000
[19:39:20] 噪声水平: 0.0640
[19:39:20] 
动作统计:
[19:39:20]   wind      : mean= 0.155, std= 0.107
[19:39:20]   solar     : mean=-0.425, std= 0.431
[19:39:20]   diesel    : mean= 0.367, std= 0.258
[19:39:20]   battery   : mean= 0.846, std= 0.205
[19:39:20]   customer  : mean= 0.844, std= 0.098
[19:39:22] 
======================================================================
[19:39:22] Episode 437/800
[19:39:22] ======================================================================
[19:39:22] 总奖励:  -162.77 | 步数: 24
[19:39:22] 最近10个episodes平均:  -153.94
[19:39:22] 
各Agent奖励:
[19:39:22]   wind      :   13.392
[19:39:22]   solar     :    5.151
[19:39:22]   diesel    :    2.587
[19:39:22]   battery   :    0.263
[19:39:22]   customer  : -184.162
[19:39:22] 
🔌 Main Grid 交易:
[19:39:22]   进口电量:    27.02 kWh
[19:39:22]   出口电量:  1099.96 kWh
[19:39:22]   净交易量: -1072.94 kWh
[19:39:22]   平均出清价:   9.84 cents/kWh
[19:39:22]   市场独立度:  68.69%
[19:39:22] 
Buffer大小: 10000
[19:39:22] 噪声水平: 0.0639
[19:39:22] 
动作统计:
[19:39:22]   wind      : mean= 0.138, std= 0.109
[19:39:22]   solar     : mean=-0.421, std= 0.404
[19:39:22]   diesel    : mean= 0.355, std= 0.260
[19:39:22]   battery   : mean= 0.833, std= 0.200
[19:39:22]   customer  : mean= 0.850, std= 0.108
[19:39:24] 
======================================================================
[19:39:24] Episode 438/800
[19:39:24] ======================================================================
[19:39:24] 总奖励:  -142.65 | 步数: 24
[19:39:24] 最近10个episodes平均:  -152.40
[19:39:24] 
各Agent奖励:
[19:39:24]   wind      :   21.625
[19:39:24]   solar     :   10.846
[19:39:24]   diesel    :    1.230
[19:39:24]   battery   :    2.150
[19:39:24]   customer  : -178.500
[19:39:24] 
🔌 Main Grid 交易:
[19:39:24]   进口电量:    48.15 kWh
[19:39:24]   出口电量:  1078.90 kWh
[19:39:24]   净交易量: -1030.75 kWh
[19:39:24]   平均出清价:  10.68 cents/kWh
[19:39:24]   市场独立度:  68.69%
[19:39:24] 
Buffer大小: 10000
[19:39:24] 噪声水平: 0.0639
[19:39:24] 
动作统计:
[19:39:24]   wind      : mean= 0.133, std= 0.114
[19:39:24]   solar     : mean=-0.445, std= 0.416
[19:39:24]   diesel    : mean= 0.384, std= 0.276
[19:39:24]   battery   : mean= 0.859, std= 0.195
[19:39:24]   customer  : mean= 0.813, std= 0.117
[19:39:25] 
======================================================================
[19:39:25] Episode 439/800
[19:39:25] ======================================================================
[19:39:25] 总奖励:  -152.07 | 步数: 24
[19:39:25] 最近10个episodes平均:  -152.98
[19:39:25] 
各Agent奖励:
[19:39:25]   wind      :   15.646
[19:39:25]   solar     :    8.849
[19:39:25]   diesel    :    1.286
[19:39:25]   battery   :    0.226
[19:39:25]   customer  : -178.075
[19:39:25] 
🔌 Main Grid 交易:
[19:39:25]   进口电量:    23.33 kWh
[19:39:25]   出口电量:  1122.18 kWh
[19:39:25]   净交易量: -1098.85 kWh
[19:39:25]   平均出清价:  10.21 cents/kWh
[19:39:25]   市场独立度:  68.18%
[19:39:25] 
Buffer大小: 10000
[19:39:25] 噪声水平: 0.0638
[19:39:25] 
动作统计:
[19:39:25]   wind      : mean= 0.160, std= 0.113
[19:39:25]   solar     : mean=-0.468, std= 0.415
[19:39:25]   diesel    : mean= 0.375, std= 0.254
[19:39:25]   battery   : mean= 0.862, std= 0.183
[19:39:25]   customer  : mean= 0.841, std= 0.075
[19:39:26] 
======================================================================
[19:39:26] Episode 440/800
[19:39:26] ======================================================================
[19:39:26] 总奖励:  -150.78 | 步数: 24
[19:39:26] 最近10个episodes平均:  -152.83
[19:39:26] 
各Agent奖励:
[19:39:26]   wind      :   17.642
[19:39:26]   solar     :   11.440
[19:39:26]   diesel    :    1.375
[19:39:26]   battery   :    0.222
[19:39:26]   customer  : -181.459
[19:39:26] 
🔌 Main Grid 交易:
[19:39:26]   进口电量:    14.91 kWh
[19:39:26]   出口电量:  1082.23 kWh
[19:39:26]   净交易量: -1067.33 kWh
[19:39:26]   平均出清价:  10.70 cents/kWh
[19:39:26]   市场独立度:  69.52%
[19:39:26] 
Buffer大小: 10000
[19:39:26] 噪声水平: 0.0637
[19:39:26] 
动作统计:
[19:39:26]   wind      : mean= 0.137, std= 0.136
[19:39:26]   solar     : mean=-0.473, std= 0.431
[19:39:26]   diesel    : mean= 0.369, std= 0.263
[19:39:26]   battery   : mean= 0.844, std= 0.207
[19:39:26]   customer  : mean= 0.845, std= 0.107
[19:39:26] 
📊 生成可视化图表...
[19:39:27]   ✓ debug_plots/training_ep0440.png
[19:39:28] 
======================================================================
[19:39:28] Episode 441/800
[19:39:28] ======================================================================
[19:39:28] 总奖励:  -158.05 | 步数: 24
[19:39:28] 最近10个episodes平均:  -152.84
[19:39:28] 
各Agent奖励:
[19:39:28]   wind      :   11.952
[19:39:28]   solar     :    6.760
[19:39:28]   diesel    :    0.935
[19:39:28]   battery   :    1.305
[19:39:28]   customer  : -178.997
[19:39:28] 
🔌 Main Grid 交易:
[19:39:28]   进口电量:    42.63 kWh
[19:39:28]   出口电量:  1223.91 kWh
[19:39:28]   净交易量: -1181.28 kWh
[19:39:28]   平均出清价:   8.39 cents/kWh
[19:39:28]   市场独立度:  64.82%
[19:39:28] 
Buffer大小: 10000
[19:39:28] 噪声水平: 0.0637
[19:39:28] 
动作统计:
[19:39:28]   wind      : mean= 0.128, std= 0.114
[19:39:28]   solar     : mean=-0.478, std= 0.431
[19:39:28]   diesel    : mean= 0.369, std= 0.239
[19:39:28]   battery   : mean= 0.842, std= 0.210
[19:39:28]   customer  : mean= 0.859, std= 0.091
[19:39:29] 
======================================================================
[19:39:29] Episode 442/800
[19:39:29] ======================================================================
[19:39:29] 总奖励:  -145.60 | 步数: 24
[19:39:29] 最近10个episodes平均:  -151.33
[19:39:29] 
各Agent奖励:
[19:39:29]   wind      :   20.987
[19:39:29]   solar     :   15.174
[19:39:29]   diesel    :    1.542
[19:39:29]   battery   :   -0.085
[19:39:29]   customer  : -183.220
[19:39:29] 
🔌 Main Grid 交易:
[19:39:29]   进口电量:     7.52 kWh
[19:39:29]   出口电量:  1062.09 kWh
[19:39:29]   净交易量: -1054.56 kWh
[19:39:29]   平均出清价:  11.81 cents/kWh
[19:39:29]   市场独立度:  70.29%
[19:39:29] 
Buffer大小: 10000
[19:39:29] 噪声水平: 0.0636
[19:39:29] 
动作统计:
[19:39:29]   wind      : mean= 0.155, std= 0.150
[19:39:29]   solar     : mean=-0.483, std= 0.429
[19:39:29]   diesel    : mean= 0.381, std= 0.273
[19:39:29]   battery   : mean= 0.842, std= 0.206
[19:39:29]   customer  : mean= 0.819, std= 0.070
[19:39:31] 
======================================================================
[19:39:31] Episode 443/800
[19:39:31] ======================================================================
[19:39:31] 总奖励:  -150.94 | 步数: 24
[19:39:31] 最近10个episodes平均:  -150.45
[19:39:31] 
各Agent奖励:
[19:39:31]   wind      :   23.028
[19:39:31]   solar     :    6.012
[19:39:31]   diesel    :    0.626
[19:39:31]   battery   :    0.112
[19:39:31]   customer  : -180.716
[19:39:31] 
🔌 Main Grid 交易:
[19:39:31]   进口电量:     1.75 kWh
[19:39:31]   出口电量:  1257.48 kWh
[19:39:31]   净交易量: -1255.72 kWh
[19:39:31]   平均出清价:   8.64 cents/kWh
[19:39:31]   市场独立度:  65.02%
[19:39:31] 
Buffer大小: 10000
[19:39:31] 噪声水平: 0.0636
[19:39:31] 
动作统计:
[19:39:31]   wind      : mean= 0.161, std= 0.117
[19:39:31]   solar     : mean=-0.493, std= 0.438
[19:39:31]   diesel    : mean= 0.376, std= 0.253
[19:39:31]   battery   : mean= 0.857, std= 0.179
[19:39:31]   customer  : mean= 0.851, std= 0.094
[19:39:33] 
======================================================================
[19:39:33] Episode 444/800
[19:39:33] ======================================================================
[19:39:33] 总奖励:  -157.39 | 步数: 24
[19:39:33] 最近10个episodes平均:  -150.88
[19:39:33] 
各Agent奖励:
[19:39:33]   wind      :   17.264
[19:39:33]   solar     :    6.012
[19:39:33]   diesel    :    1.034
[19:39:33]   battery   :    0.188
[19:39:33]   customer  : -181.890
[19:39:33] 
🔌 Main Grid 交易:
[19:39:33]   进口电量:     0.00 kWh
[19:39:33]   出口电量:  1045.99 kWh
[19:39:33]   净交易量: -1045.99 kWh
[19:39:33]   平均出清价:   8.89 cents/kWh
[19:39:33]   市场独立度:  70.94%
[19:39:33] 
Buffer大小: 10000
[19:39:33] 噪声水平: 0.0635
[19:39:33] 
动作统计:
[19:39:33]   wind      : mean= 0.149, std= 0.126
[19:39:33]   solar     : mean=-0.470, std= 0.450
[19:39:33]   diesel    : mean= 0.348, std= 0.244
[19:39:33]   battery   : mean= 0.863, std= 0.199
[19:39:33]   customer  : mean= 0.867, std= 0.073
[19:39:34] 
======================================================================
[19:39:34] Episode 445/800
[19:39:34] ======================================================================
[19:39:34] 总奖励:  -154.74 | 步数: 24
[19:39:34] 最近10个episodes平均:  -152.22
[19:39:34] 
各Agent奖励:
[19:39:34]   wind      :   23.984
[19:39:34]   solar     :    9.299
[19:39:34]   diesel    :    2.596
[19:39:34]   battery   :    0.000
[19:39:34]   customer  : -190.621
[19:39:34] 
🔌 Main Grid 交易:
[19:39:34]   进口电量:     9.19 kWh
[19:39:34]   出口电量:  1181.94 kWh
[19:39:34]   净交易量: -1172.75 kWh
[19:39:34]   平均出清价:  11.57 cents/kWh
[19:39:34]   市场独立度:  66.91%
[19:39:34] 
Buffer大小: 10000
[19:39:34] 噪声水平: 0.0634
[19:39:34] 
动作统计:
[19:39:34]   wind      : mean= 0.147, std= 0.105
[19:39:34]   solar     : mean=-0.431, std= 0.447
[19:39:34]   diesel    : mean= 0.373, std= 0.238
[19:39:34]   battery   : mean= 0.873, std= 0.178
[19:39:34]   customer  : mean= 0.846, std= 0.100
[19:39:35] 
======================================================================
[19:39:35] Episode 446/800
[19:39:35] ======================================================================
[19:39:35] 总奖励:  -158.26 | 步数: 24
[19:39:35] 最近10个episodes平均:  -153.32
[19:39:35] 
各Agent奖励:
[19:39:35]   wind      :   15.477
[19:39:35]   solar     :    7.217
[19:39:35]   diesel    :    1.829
[19:39:35]   battery   :   -0.023
[19:39:35]   customer  : -182.755
[19:39:35] 
🔌 Main Grid 交易:
[19:39:35]   进口电量:    20.20 kWh
[19:39:35]   出口电量:  1203.09 kWh
[19:39:35]   净交易量: -1182.89 kWh
[19:39:35]   平均出清价:   9.92 cents/kWh
[19:39:35]   市场独立度:  66.02%
[19:39:35] 
Buffer大小: 10000
[19:39:35] 噪声水平: 0.0634
[19:39:35] 
动作统计:
[19:39:35]   wind      : mean= 0.163, std= 0.099
[19:39:35]   solar     : mean=-0.397, std= 0.458
[19:39:35]   diesel    : mean= 0.368, std= 0.254
[19:39:35]   battery   : mean= 0.860, std= 0.205
[19:39:35]   customer  : mean= 0.871, std= 0.085
[19:39:37] 
======================================================================
[19:39:37] Episode 447/800
[19:39:37] ======================================================================
[19:39:37] 总奖励:  -146.83 | 步数: 24
[19:39:37] 最近10个episodes平均:  -151.73
[19:39:37] 
各Agent奖励:
[19:39:37]   wind      :   19.256
[19:39:37]   solar     :    8.053
[19:39:37]   diesel    :    1.999
[19:39:37]   battery   :    0.552
[19:39:37]   customer  : -176.686
[19:39:37] 
🔌 Main Grid 交易:
[19:39:37]   进口电量:    30.60 kWh
[19:39:37]   出口电量:  1200.63 kWh
[19:39:37]   净交易量: -1170.03 kWh
[19:39:37]   平均出清价:   9.82 cents/kWh
[19:39:37]   市场独立度:  65.80%
[19:39:37] 
Buffer大小: 10000
[19:39:37] 噪声水平: 0.0633
[19:39:37] 
动作统计:
[19:39:37]   wind      : mean= 0.131, std= 0.114
[19:39:37]   solar     : mean=-0.451, std= 0.438
[19:39:37]   diesel    : mean= 0.366, std= 0.251
[19:39:37]   battery   : mean= 0.853, std= 0.200
[19:39:37]   customer  : mean= 0.836, std= 0.076
[19:39:39] 
======================================================================
[19:39:39] Episode 448/800
[19:39:39] ======================================================================
[19:39:39] 总奖励:  -157.39 | 步数: 24
[19:39:39] 最近10个episodes平均:  -153.20
[19:39:39] 
各Agent奖励:
[19:39:39]   wind      :   13.027
[19:39:39]   solar     :    9.365
[19:39:39]   diesel    :    0.649
[19:39:39]   battery   :    0.000
[19:39:39]   customer  : -180.431
[19:39:39] 
🔌 Main Grid 交易:
[19:39:39]   进口电量:    23.45 kWh
[19:39:39]   出口电量:  1094.05 kWh
[19:39:39]   净交易量: -1070.60 kWh
[19:39:39]   平均出清价:   9.91 cents/kWh
[19:39:39]   市场独立度:  68.96%
[19:39:39] 
Buffer大小: 10000
[19:39:39] 噪声水平: 0.0632
[19:39:39] 
动作统计:
[19:39:39]   wind      : mean= 0.143, std= 0.124
[19:39:39]   solar     : mean=-0.427, std= 0.462
[19:39:39]   diesel    : mean= 0.364, std= 0.246
[19:39:39]   battery   : mean= 0.863, std= 0.187
[19:39:39]   customer  : mean= 0.847, std= 0.075
[19:39:41] 
======================================================================
[19:39:41] Episode 449/800
[19:39:41] ======================================================================
[19:39:41] 总奖励:  -146.87 | 步数: 24
[19:39:41] 最近10个episodes平均:  -152.68
[19:39:41] 
各Agent奖励:
[19:39:41]   wind      :   23.857
[19:39:41]   solar     :    8.244
[19:39:41]   diesel    :   -0.262
[19:39:41]   battery   :    0.000
[19:39:41]   customer  : -178.710
[19:39:41] 
🔌 Main Grid 交易:
[19:39:41]   进口电量:     0.00 kWh
[19:39:41]   出口电量:  1135.01 kWh
[19:39:41]   净交易量: -1135.01 kWh
[19:39:41]   平均出清价:   9.32 cents/kWh
[19:39:41]   市场独立度:  68.47%
[19:39:41] 
Buffer大小: 10000
[19:39:41] 噪声水平: 0.0632
[19:39:41] 
动作统计:
[19:39:41]   wind      : mean= 0.142, std= 0.129
[19:39:41]   solar     : mean=-0.444, std= 0.442
[19:39:41]   diesel    : mean= 0.359, std= 0.235
[19:39:41]   battery   : mean= 0.853, std= 0.208
[19:39:41]   customer  : mean= 0.845, std= 0.082
[19:39:42] 
======================================================================
[19:39:42] Episode 450/800
[19:39:42] ======================================================================
[19:39:42] 总奖励:  -158.84 | 步数: 24
[19:39:42] 最近10个episodes平均:  -153.49
[19:39:42] 
各Agent奖励:
[19:39:42]   wind      :   16.272
[19:39:42]   solar     :    7.109
[19:39:42]   diesel    :    1.664
[19:39:42]   battery   :    0.399
[19:39:42]   customer  : -184.287
[19:39:42] 
🔌 Main Grid 交易:
[19:39:42]   进口电量:    19.30 kWh
[19:39:42]   出口电量:  1068.76 kWh
[19:39:42]   净交易量: -1049.46 kWh
[19:39:42]   平均出清价:   9.93 cents/kWh
[19:39:42]   市场独立度:  69.78%
[19:39:42] 
Buffer大小: 10000
[19:39:42] 噪声水平: 0.0631
[19:39:42] 
动作统计:
[19:39:42]   wind      : mean= 0.169, std= 0.146
[19:39:42]   solar     : mean=-0.444, std= 0.440
[19:39:42]   diesel    : mean= 0.342, std= 0.229
[19:39:42]   battery   : mean= 0.845, std= 0.199
[19:39:42]   customer  : mean= 0.852, std= 0.109
[19:39:42] 
📊 生成可视化图表...
[19:39:43]   ✓ debug_plots/training_ep0450.png
[19:39:43] 💾 保存checkpoint: debug_checkpoints/debug_maddpg_20251203_193028_ep0450.pt
[19:39:44] 
======================================================================
[19:39:44] Episode 451/800
[19:39:44] ======================================================================
[19:39:44] 总奖励:  -161.93 | 步数: 24
[19:39:44] 最近10个episodes平均:  -153.88
[19:39:44] 
各Agent奖励:
[19:39:44]   wind      :   14.852
[19:39:44]   solar     :    8.599
[19:39:44]   diesel    :   -0.094
[19:39:44]   battery   :    0.000
[19:39:44]   customer  : -185.285
[19:39:44] 
🔌 Main Grid 交易:
[19:39:44]   进口电量:    18.48 kWh
[19:39:44]   出口电量:  1071.60 kWh
[19:39:44]   净交易量: -1053.12 kWh
[19:39:44]   平均出清价:  10.84 cents/kWh
[19:39:44]   市场独立度:  69.72%
[19:39:44] 
Buffer大小: 10000
[19:39:44] 噪声水平: 0.0631
[19:39:44] 
动作统计:
[19:39:44]   wind      : mean= 0.191, std= 0.116
[19:39:44]   solar     : mean=-0.445, std= 0.442
[19:39:44]   diesel    : mean= 0.366, std= 0.236
[19:39:44]   battery   : mean= 0.852, std= 0.196
[19:39:44]   customer  : mean= 0.846, std= 0.109
[19:39:46] 
======================================================================
[19:39:46] Episode 452/800
[19:39:46] ======================================================================
[19:39:46] 总奖励:  -159.42 | 步数: 24
[19:39:46] 最近10个episodes平均:  -155.26
[19:39:46] 
各Agent奖励:
[19:39:46]   wind      :   15.320
[19:39:46]   solar     :    6.489
[19:39:46]   diesel    :    2.049
[19:39:46]   battery   :    2.765
[19:39:46]   customer  : -186.039
[19:39:46] 
🔌 Main Grid 交易:
[19:39:46]   进口电量:    75.42 kWh
[19:39:46]   出口电量:   990.04 kWh
[19:39:46]   净交易量:  -914.62 kWh
[19:39:46]   平均出清价:   9.52 cents/kWh
[19:39:46]   市场独立度:  70.40%
[19:39:46] 
Buffer大小: 10000
[19:39:46] 噪声水平: 0.0630
[19:39:46] 
动作统计:
[19:39:46]   wind      : mean= 0.164, std= 0.129
[19:39:46]   solar     : mean=-0.427, std= 0.437
[19:39:46]   diesel    : mean= 0.323, std= 0.238
[19:39:46]   battery   : mean= 0.840, std= 0.205
[19:39:46]   customer  : mean= 0.829, std= 0.110
[19:39:47] 
======================================================================
[19:39:47] Episode 453/800
[19:39:47] ======================================================================
[19:39:47] 总奖励:  -155.40 | 步数: 24
[19:39:47] 最近10个episodes平均:  -155.71
[19:39:47] 
各Agent奖励:
[19:39:47]   wind      :   15.772
[19:39:47]   solar     :    6.238
[19:39:47]   diesel    :    1.267
[19:39:47]   battery   :    1.640
[19:39:47]   customer  : -180.322
[19:39:47] 
🔌 Main Grid 交易:
[19:39:47]   进口电量:    34.29 kWh
[19:39:47]   出口电量:  1008.77 kWh
[19:39:47]   净交易量:  -974.48 kWh
[19:39:47]   平均出清价:   9.63 cents/kWh
[19:39:47]   市场独立度:  71.03%
[19:39:47] 
Buffer大小: 10000
[19:39:47] 噪声水平: 0.0629
[19:39:47] 
动作统计:
[19:39:47]   wind      : mean= 0.148, std= 0.121
[19:39:47]   solar     : mean=-0.404, std= 0.463
[19:39:47]   diesel    : mean= 0.330, std= 0.222
[19:39:47]   battery   : mean= 0.842, std= 0.206
[19:39:47]   customer  : mean= 0.859, std= 0.125
[19:39:49] 
======================================================================
[19:39:49] Episode 454/800
[19:39:49] ======================================================================
[19:39:49] 总奖励:  -150.55 | 步数: 24
[19:39:49] 最近10个episodes平均:  -155.02
[19:39:49] 
各Agent奖励:
[19:39:49]   wind      :   21.450
[19:39:49]   solar     :   11.816
[19:39:49]   diesel    :    2.072
[19:39:49]   battery   :    0.000
[19:39:49]   customer  : -185.888
[19:39:49] 
🔌 Main Grid 交易:
[19:39:49]   进口电量:     3.83 kWh
[19:39:49]   出口电量:   868.87 kWh
[19:39:49]   净交易量:  -865.04 kWh
[19:39:49]   平均出清价:  11.65 cents/kWh
[19:39:49]   市场独立度:  75.76%
[19:39:49] 
Buffer大小: 10000
[19:39:49] 噪声水平: 0.0629
[19:39:49] 
动作统计:
[19:39:49]   wind      : mean= 0.147, std= 0.107
[19:39:49]   solar     : mean=-0.374, std= 0.472
[19:39:49]   diesel    : mean= 0.358, std= 0.219
[19:39:49]   battery   : mean= 0.845, std= 0.202
[19:39:49]   customer  : mean= 0.817, std= 0.077
[19:39:50] 
======================================================================
[19:39:50] Episode 455/800
[19:39:50] ======================================================================
[19:39:50] 总奖励:  -146.50 | 步数: 24
[19:39:50] 最近10个episodes平均:  -154.20
[19:39:50] 
各Agent奖励:
[19:39:50]   wind      :   21.195
[19:39:50]   solar     :    6.874
[19:39:50]   diesel    :    0.896
[19:39:50]   battery   :    0.000
[19:39:50]   customer  : -175.460
[19:39:50] 
🔌 Main Grid 交易:
[19:39:50]   进口电量:     1.87 kWh
[19:39:50]   出口电量:  1076.04 kWh
[19:39:50]   净交易量: -1074.16 kWh
[19:39:50]   平均出清价:   8.73 cents/kWh
[19:39:50]   市场独立度:  70.06%
[19:39:50] 
Buffer大小: 10000
[19:39:50] 噪声水平: 0.0628
[19:39:50] 
动作统计:
[19:39:50]   wind      : mean= 0.162, std= 0.118
[19:39:50]   solar     : mean=-0.404, std= 0.461
[19:39:50]   diesel    : mean= 0.348, std= 0.224
[19:39:50]   battery   : mean= 0.840, std= 0.200
[19:39:50]   customer  : mean= 0.838, std= 0.094
[19:39:51] 
======================================================================
[19:39:51] Episode 456/800
[19:39:51] ======================================================================
[19:39:51] 总奖励:  -152.28 | 步数: 24
[19:39:51] 最近10个episodes平均:  -153.60
[19:39:51] 
各Agent奖励:
[19:39:51]   wind      :   23.146
[19:39:51]   solar     :   10.705
[19:39:51]   diesel    :    2.658
[19:39:51]   battery   :    1.011
[19:39:51]   customer  : -189.802
[19:39:51] 
🔌 Main Grid 交易:
[19:39:51]   进口电量:    30.01 kWh
[19:39:51]   出口电量:   977.04 kWh
[19:39:51]   净交易量:  -947.03 kWh
[19:39:51]   平均出清价:  11.99 cents/kWh
[19:39:51]   市场独立度:  72.03%
[19:39:51] 
Buffer大小: 10000
[19:39:51] 噪声水平: 0.0627
[19:39:51] 
动作统计:
[19:39:51]   wind      : mean= 0.187, std= 0.137
[19:39:51]   solar     : mean=-0.389, std= 0.474
[19:39:51]   diesel    : mean= 0.340, std= 0.226
[19:39:51]   battery   : mean= 0.817, std= 0.218
[19:39:51]   customer  : mean= 0.833, std= 0.090
[19:39:53] 
======================================================================
[19:39:53] Episode 457/800
[19:39:53] ======================================================================
[19:39:53] 总奖励:  -140.95 | 步数: 24
[19:39:53] 最近10个episodes平均:  -153.01
[19:39:53] 
各Agent奖励:
[19:39:53]   wind      :   24.157
[19:39:53]   solar     :    9.950
[19:39:53]   diesel    :    1.982
[19:39:53]   battery   :    0.173
[19:39:53]   customer  : -177.211
[19:39:53] 
🔌 Main Grid 交易:
[19:39:53]   进口电量:    10.99 kWh
[19:39:53]   出口电量:   964.80 kWh
[19:39:53]   净交易量:  -953.81 kWh
[19:39:53]   平均出清价:  11.44 cents/kWh
[19:39:53]   市场独立度:  72.89%
[19:39:53] 
Buffer大小: 10000
[19:39:53] 噪声水平: 0.0627
[19:39:53] 
动作统计:
[19:39:53]   wind      : mean= 0.169, std= 0.110
[19:39:53]   solar     : mean=-0.367, std= 0.484
[19:39:53]   diesel    : mean= 0.346, std= 0.234
[19:39:53]   battery   : mean= 0.821, std= 0.211
[19:39:53]   customer  : mean= 0.825, std= 0.102
[19:39:54] 
======================================================================
[19:39:54] Episode 458/800
[19:39:54] ======================================================================
[19:39:54] 总奖励:  -152.36 | 步数: 24
[19:39:54] 最近10个episodes平均:  -152.51
[19:39:54] 
各Agent奖励:
[19:39:54]   wind      :   18.893
[19:39:54]   solar     :   10.675
[19:39:54]   diesel    :    1.397
[19:39:54]   battery   :    0.000
[19:39:54]   customer  : -183.322
[19:39:54] 
🔌 Main Grid 交易:
[19:39:54]   进口电量:    12.58 kWh
[19:39:54]   出口电量:  1033.90 kWh
[19:39:54]   净交易量: -1021.32 kWh
[19:39:54]   平均出清价:  10.49 cents/kWh
[19:39:54]   市场独立度:  70.93%
[19:39:54] 
Buffer大小: 10000
[19:39:54] 噪声水平: 0.0626
[19:39:54] 
动作统计:
[19:39:54]   wind      : mean= 0.177, std= 0.142
[19:39:54]   solar     : mean=-0.342, std= 0.515
[19:39:54]   diesel    : mean= 0.355, std= 0.252
[19:39:54]   battery   : mean= 0.829, std= 0.202
[19:39:54]   customer  : mean= 0.831, std= 0.112
[19:39:55] 
======================================================================
[19:39:55] Episode 459/800
[19:39:55] ======================================================================
[19:39:55] 总奖励:  -151.46 | 步数: 24
[19:39:55] 最近10个episodes平均:  -152.97
[19:39:55] 
各Agent奖励:
[19:39:55]   wind      :   19.384
[19:39:55]   solar     :    9.338
[19:39:55]   diesel    :    1.194
[19:39:55]   battery   :    0.539
[19:39:55]   customer  : -181.915
[19:39:55] 
🔌 Main Grid 交易:
[19:39:55]   进口电量:    10.04 kWh
[19:39:55]   出口电量:  1049.30 kWh
[19:39:55]   净交易量: -1039.26 kWh
[19:39:55]   平均出清价:   9.44 cents/kWh
[19:39:55]   市场独立度:  70.57%
[19:39:55] 
Buffer大小: 10000
[19:39:55] 噪声水平: 0.0625
[19:39:55] 
动作统计:
[19:39:55]   wind      : mean= 0.158, std= 0.131
[19:39:55]   solar     : mean=-0.325, std= 0.530
[19:39:55]   diesel    : mean= 0.349, std= 0.227
[19:39:55]   battery   : mean= 0.835, std= 0.212
[19:39:55]   customer  : mean= 0.847, std= 0.071
[19:39:57] 
======================================================================
[19:39:57] Episode 460/800
[19:39:57] ======================================================================
[19:39:57] 总奖励:  -150.53 | 步数: 24
[19:39:57] 最近10个episodes平均:  -152.14
[19:39:57] 
各Agent奖励:
[19:39:57]   wind      :   18.584
[19:39:57]   solar     :    8.857
[19:39:57]   diesel    :    3.857
[19:39:57]   battery   :    1.222
[19:39:57]   customer  : -183.052
[19:39:57] 
🔌 Main Grid 交易:
[19:39:57]   进口电量:    58.06 kWh
[19:39:57]   出口电量:   987.81 kWh
[19:39:57]   净交易量:  -929.75 kWh
[19:39:57]   平均出清价:  10.69 cents/kWh
[19:39:57]   市场独立度:  70.95%
[19:39:57] 
Buffer大小: 10000
[19:39:57] 噪声水平: 0.0625
[19:39:57] 
动作统计:
[19:39:57]   wind      : mean= 0.153, std= 0.102
[19:39:57]   solar     : mean=-0.314, std= 0.525
[19:39:57]   diesel    : mean= 0.342, std= 0.237
[19:39:57]   battery   : mean= 0.815, std= 0.228
[19:39:57]   customer  : mean= 0.823, std= 0.135
[19:39:57] 
📊 生成可视化图表...
[19:39:57]   ✓ debug_plots/training_ep0460.png
[19:39:59] 
======================================================================
[19:39:59] Episode 461/800
[19:39:59] ======================================================================
[19:39:59] 总奖励:  -147.93 | 步数: 24
[19:39:59] 最近10个episodes平均:  -150.74
[19:39:59] 
各Agent奖励:
[19:39:59]   wind      :   22.033
[19:39:59]   solar     :    9.787
[19:39:59]   diesel    :    2.458
[19:39:59]   battery   :    0.000
[19:39:59]   customer  : -182.210
[19:39:59] 
🔌 Main Grid 交易:
[19:39:59]   进口电量:    26.11 kWh
[19:39:59]   出口电量:  1051.04 kWh
[19:39:59]   净交易量: -1024.93 kWh
[19:39:59]   平均出清价:  10.59 cents/kWh
[19:39:59]   市场独立度:  70.08%
[19:39:59] 
Buffer大小: 10000
[19:39:59] 噪声水平: 0.0624
[19:39:59] 
动作统计:
[19:39:59]   wind      : mean= 0.152, std= 0.147
[19:39:59]   solar     : mean=-0.280, std= 0.553
[19:39:59]   diesel    : mean= 0.371, std= 0.223
[19:39:59]   battery   : mean= 0.837, std= 0.208
[19:39:59]   customer  : mean= 0.818, std= 0.112
[19:40:01] 
======================================================================
[19:40:01] Episode 462/800
[19:40:01] ======================================================================
[19:40:01] 总奖励:  -149.82 | 步数: 24
[19:40:01] 最近10个episodes平均:  -149.78
[19:40:01] 
各Agent奖励:
[19:40:01]   wind      :   17.291
[19:40:01]   solar     :    8.763
[19:40:01]   diesel    :    1.480
[19:40:01]   battery   :    0.027
[19:40:01]   customer  : -177.386
[19:40:01] 
🔌 Main Grid 交易:
[19:40:01]   进口电量:     0.00 kWh
[19:40:01]   出口电量:   995.43 kWh
[19:40:01]   净交易量:  -995.43 kWh
[19:40:01]   平均出清价:  10.10 cents/kWh
[19:40:01]   市场独立度:  72.35%
[19:40:01] 
Buffer大小: 10000
[19:40:01] 噪声水平: 0.0624
[19:40:01] 
动作统计:
[19:40:01]   wind      : mean= 0.132, std= 0.124
[19:40:01]   solar     : mean=-0.279, std= 0.593
[19:40:01]   diesel    : mean= 0.349, std= 0.216
[19:40:01]   battery   : mean= 0.817, std= 0.228
[19:40:01]   customer  : mean= 0.844, std= 0.080
[19:40:03] 
======================================================================
[19:40:03] Episode 463/800
[19:40:03] ======================================================================
[19:40:03] 总奖励:  -147.70 | 步数: 24
[19:40:03] 最近10个episodes平均:  -149.01
[19:40:03] 
各Agent奖励:
[19:40:03]   wind      :   21.117
[19:40:03]   solar     :    7.796
[19:40:03]   diesel    :    1.114
[19:40:03]   battery   :    0.481
[19:40:03]   customer  : -178.205
[19:40:03] 
🔌 Main Grid 交易:
[19:40:03]   进口电量:    13.35 kWh
[19:40:03]   出口电量:   967.43 kWh
[19:40:03]   净交易量:  -954.08 kWh
[19:40:03]   平均出清价:   9.61 cents/kWh
[19:40:03]   市场独立度:  72.76%
[19:40:03] 
Buffer大小: 10000
[19:40:03] 噪声水平: 0.0623
[19:40:03] 
动作统计:
[19:40:03]   wind      : mean= 0.139, std= 0.132
[19:40:03]   solar     : mean=-0.266, std= 0.584
[19:40:03]   diesel    : mean= 0.354, std= 0.225
[19:40:03]   battery   : mean= 0.826, std= 0.205
[19:40:03]   customer  : mean= 0.843, std= 0.100
[19:40:04] 
======================================================================
[19:40:04] Episode 464/800
[19:40:04] ======================================================================
[19:40:04] 总奖励:  -152.19 | 步数: 24
[19:40:04] 最近10个episodes平均:  -149.17
[19:40:04] 
各Agent奖励:
[19:40:04]   wind      :   15.133
[19:40:04]   solar     :    9.321
[19:40:04]   diesel    :    1.939
[19:40:04]   battery   :    0.292
[19:40:04]   customer  : -178.878
[19:40:04] 
🔌 Main Grid 交易:
[19:40:04]   进口电量:    27.63 kWh
[19:40:04]   出口电量:  1030.62 kWh
[19:40:04]   净交易量: -1002.99 kWh
[19:40:04]   平均出清价:  10.48 cents/kWh
[19:40:04]   市场独立度:  70.60%
[19:40:04] 
Buffer大小: 10000
[19:40:04] 噪声水平: 0.0622
[19:40:04] 
动作统计:
[19:40:04]   wind      : mean= 0.154, std= 0.118
[19:40:04]   solar     : mean=-0.265, std= 0.560
[19:40:04]   diesel    : mean= 0.345, std= 0.235
[19:40:04]   battery   : mean= 0.829, std= 0.219
[19:40:04]   customer  : mean= 0.842, std= 0.082
[19:40:05] 
======================================================================
[19:40:05] Episode 465/800
[19:40:05] ======================================================================
[19:40:05] 总奖励:  -159.71 | 步数: 24
[19:40:05] 最近10个episodes平均:  -150.49
[19:40:05] 
各Agent奖励:
[19:40:05]   wind      :   14.794
[19:40:05]   solar     :    7.895
[19:40:05]   diesel    :    3.332
[19:40:05]   battery   :    0.498
[19:40:05]   customer  : -186.230
[19:40:05] 
🔌 Main Grid 交易:
[19:40:05]   进口电量:    22.51 kWh
[19:40:05]   出口电量:  1003.38 kWh
[19:40:05]   净交易量:  -980.88 kWh
[19:40:05]   平均出清价:  10.71 cents/kWh
[19:40:05]   市场独立度:  71.50%
[19:40:05] 
Buffer大小: 10000
[19:40:05] 噪声水平: 0.0622
[19:40:05] 
动作统计:
[19:40:05]   wind      : mean= 0.149, std= 0.129
[19:40:05]   solar     : mean=-0.245, std= 0.598
[19:40:05]   diesel    : mean= 0.321, std= 0.213
[19:40:05]   battery   : mean= 0.818, std= 0.228
[19:40:05]   customer  : mean= 0.856, std= 0.080
[19:40:07] 
======================================================================
[19:40:07] Episode 466/800
[19:40:07] ======================================================================
[19:40:07] 总奖励:  -157.52 | 步数: 24
[19:40:07] 最近10个episodes平均:  -151.02
[19:40:07] 
各Agent奖励:
[19:40:07]   wind      :   17.840
[19:40:07]   solar     :   11.621
[19:40:07]   diesel    :    2.653
[19:40:07]   battery   :    0.356
[19:40:07]   customer  : -189.993
[19:40:07] 
🔌 Main Grid 交易:
[19:40:07]   进口电量:    25.20 kWh
[19:40:07]   出口电量:   895.51 kWh
[19:40:07]   净交易量:  -870.31 kWh
[19:40:07]   平均出清价:  11.48 cents/kWh
[19:40:07]   市场独立度:  74.42%
[19:40:07] 
Buffer大小: 10000
[19:40:07] 噪声水平: 0.0621
[19:40:07] 
动作统计:
[19:40:07]   wind      : mean= 0.159, std= 0.122
[19:40:07]   solar     : mean=-0.195, std= 0.664
[19:40:07]   diesel    : mean= 0.338, std= 0.218
[19:40:07]   battery   : mean= 0.805, std= 0.244
[19:40:07]   customer  : mean= 0.827, std= 0.093
[19:40:09] 
======================================================================
[19:40:09] Episode 467/800
[19:40:09] ======================================================================
[19:40:09] 总奖励:  -159.06 | 步数: 24
[19:40:09] 最近10个episodes平均:  -152.83
[19:40:09] 
各Agent奖励:
[19:40:09]   wind      :   14.593
[19:40:09]   solar     :    9.375
[19:40:09]   diesel    :    3.253
[19:40:09]   battery   :    0.000
[19:40:09]   customer  : -186.278
[19:40:09] 
🔌 Main Grid 交易:
[19:40:09]   进口电量:    59.51 kWh
[19:40:09]   出口电量:   867.86 kWh
[19:40:09]   净交易量:  -808.35 kWh
[19:40:09]   平均出清价:  10.78 cents/kWh
[19:40:09]   市场独立度:  74.24%
[19:40:09] 
Buffer大小: 10000
[19:40:09] 噪声水平: 0.0620
[19:40:09] 
动作统计:
[19:40:09]   wind      : mean= 0.168, std= 0.110
[19:40:09]   solar     : mean=-0.196, std= 0.688
[19:40:09]   diesel    : mean= 0.332, std= 0.220
[19:40:09]   battery   : mean= 0.822, std= 0.228
[19:40:09]   customer  : mean= 0.823, std= 0.125
[19:40:11] 
======================================================================
[19:40:11] Episode 468/800
[19:40:11] ======================================================================
[19:40:11] 总奖励:  -146.87 | 步数: 24
[19:40:11] 最近10个episodes平均:  -152.28
[19:40:11] 
各Agent奖励:
[19:40:11]   wind      :   15.676
[19:40:11]   solar     :   12.511
[19:40:11]   diesel    :    2.366
[19:40:11]   battery   :    0.000
[19:40:11]   customer  : -177.428
[19:40:11] 
🔌 Main Grid 交易:
[19:40:11]   进口电量:     1.35 kWh
[19:40:11]   出口电量:   914.19 kWh
[19:40:11]   净交易量:  -912.83 kWh
[19:40:11]   平均出清价:  11.59 cents/kWh
[19:40:11]   市场独立度:  74.57%
[19:40:11] 
Buffer大小: 10000
[19:40:11] 噪声水平: 0.0620
[19:40:11] 
动作统计:
[19:40:11]   wind      : mean= 0.162, std= 0.122
[19:40:11]   solar     : mean=-0.165, std= 0.681
[19:40:11]   diesel    : mean= 0.359, std= 0.211
[19:40:11]   battery   : mean= 0.806, std= 0.217
[19:40:11]   customer  : mean= 0.830, std= 0.096
[19:40:12] 
======================================================================
[19:40:12] Episode 469/800
[19:40:12] ======================================================================
[19:40:12] 总奖励:  -149.83 | 步数: 24
[19:40:12] 最近10个episodes平均:  -152.12
[19:40:12] 
各Agent奖励:
[19:40:12]   wind      :   20.909
[19:40:12]   solar     :    9.537
[19:40:12]   diesel    :    1.852
[19:40:12]   battery   :    1.275
[19:40:12]   customer  : -183.409
[19:40:12] 
🔌 Main Grid 交易:
[19:40:12]   进口电量:    40.11 kWh
[19:40:12]   出口电量:   945.50 kWh
[19:40:12]   净交易量:  -905.39 kWh
[19:40:12]   平均出清价:  10.70 cents/kWh
[19:40:12]   市场独立度:  72.62%
[19:40:12] 
Buffer大小: 10000
[19:40:12] 噪声水平: 0.0619
[19:40:12] 
动作统计:
[19:40:12]   wind      : mean= 0.138, std= 0.120
[19:40:12]   solar     : mean=-0.199, std= 0.695
[19:40:12]   diesel    : mean= 0.333, std= 0.209
[19:40:12]   battery   : mean= 0.818, std= 0.228
[19:40:12]   customer  : mean= 0.832, std= 0.132
[19:40:14] 
======================================================================
[19:40:14] Episode 470/800
[19:40:14] ======================================================================
[19:40:14] 总奖励:  -154.47 | 步数: 24
[19:40:14] 最近10个episodes平均:  -152.51
[19:40:14] 
各Agent奖励:
[19:40:14]   wind      :   17.292
[19:40:14]   solar     :    7.916
[19:40:14]   diesel    :    2.665
[19:40:14]   battery   :    0.652
[19:40:14]   customer  : -182.997
[19:40:14] 
🔌 Main Grid 交易:
[19:40:14]   进口电量:    26.63 kWh
[19:40:14]   出口电量:   916.40 kWh
[19:40:14]   净交易量:  -889.77 kWh
[19:40:14]   平均出清价:   9.11 cents/kWh
[19:40:14]   市场独立度:  73.80%
[19:40:14] 
Buffer大小: 10000
[19:40:14] 噪声水平: 0.0619
[19:40:14] 
动作统计:
[19:40:14]   wind      : mean= 0.128, std= 0.122
[19:40:14]   solar     : mean=-0.180, std= 0.693
[19:40:14]   diesel    : mean= 0.324, std= 0.203
[19:40:14]   battery   : mean= 0.814, std= 0.228
[19:40:14]   customer  : mean= 0.831, std= 0.124
[19:40:14] 
📊 生成可视化图表...
[19:40:15]   ✓ debug_plots/training_ep0470.png
[19:40:16] 
======================================================================
[19:40:16] Episode 471/800
[19:40:16] ======================================================================
[19:40:16] 总奖励:  -148.63 | 步数: 24
[19:40:16] 最近10个episodes平均:  -152.58
[19:40:16] 
各Agent奖励:
[19:40:16]   wind      :   21.262
[19:40:16]   solar     :   10.259
[19:40:16]   diesel    :    1.140
[19:40:16]   battery   :    0.134
[19:40:16]   customer  : -181.424
[19:40:16] 
🔌 Main Grid 交易:
[19:40:16]   进口电量:     3.17 kWh
[19:40:16]   出口电量:   869.32 kWh
[19:40:16]   净交易量:  -866.14 kWh
[19:40:16]   平均出清价:  10.93 cents/kWh
[19:40:16]   市场独立度:  75.76%
[19:40:16] 
Buffer大小: 10000
[19:40:16] 噪声水平: 0.0618
[19:40:16] 
动作统计:
[19:40:16]   wind      : mean= 0.149, std= 0.144
[19:40:16]   solar     : mean=-0.171, std= 0.724
[19:40:16]   diesel    : mean= 0.311, std= 0.214
[19:40:16]   battery   : mean= 0.806, std= 0.234
[19:40:16]   customer  : mean= 0.837, std= 0.101
[19:40:18] 
======================================================================
[19:40:18] Episode 472/800
[19:40:18] ======================================================================
[19:40:18] 总奖励:  -147.04 | 步数: 24
[19:40:18] 最近10个episodes平均:  -152.30
[19:40:18] 
各Agent奖励:
[19:40:18]   wind      :   20.161
[19:40:18]   solar     :   10.315
[19:40:18]   diesel    :    1.279
[19:40:18]   battery   :    0.143
[19:40:18]   customer  : -178.934
[19:40:18] 
🔌 Main Grid 交易:
[19:40:18]   进口电量:     9.38 kWh
[19:40:18]   出口电量:  1009.80 kWh
[19:40:18]   净交易量: -1000.42 kWh
[19:40:18]   平均出清价:  10.09 cents/kWh
[19:40:18]   市场独立度:  71.69%
[19:40:18] 
Buffer大小: 10000
[19:40:18] 噪声水平: 0.0617
[19:40:18] 
动作统计:
[19:40:18]   wind      : mean= 0.141, std= 0.123
[19:40:18]   solar     : mean=-0.195, std= 0.705
[19:40:18]   diesel    : mean= 0.335, std= 0.213
[19:40:18]   battery   : mean= 0.804, std= 0.235
[19:40:18]   customer  : mean= 0.854, std= 0.101
[19:40:19] 
======================================================================
[19:40:19] Episode 473/800
[19:40:19] ======================================================================
[19:40:19] 总奖励:  -149.19 | 步数: 24
[19:40:19] 最近10个episodes平均:  -152.45
[19:40:19] 
各Agent奖励:
[19:40:19]   wind      :   20.366
[19:40:19]   solar     :    7.865
[19:40:19]   diesel    :    1.191
[19:40:19]   battery   :   -0.205
[19:40:19]   customer  : -178.405
[19:40:19] 
🔌 Main Grid 交易:
[19:40:19]   进口电量:     0.98 kWh
[19:40:19]   出口电量:   877.61 kWh
[19:40:19]   净交易量:  -876.63 kWh
[19:40:19]   平均出清价:   9.45 cents/kWh
[19:40:19]   市场独立度:  75.59%
[19:40:19] 
Buffer大小: 10000
[19:40:19] 噪声水平: 0.0617
[19:40:19] 
动作统计:
[19:40:19]   wind      : mean= 0.177, std= 0.097
[19:40:19]   solar     : mean=-0.211, std= 0.714
[19:40:19]   diesel    : mean= 0.324, std= 0.198
[19:40:19]   battery   : mean= 0.790, std= 0.249
[19:40:19]   customer  : mean= 0.839, std= 0.087
[19:40:21] 
======================================================================
[19:40:21] Episode 474/800
[19:40:21] ======================================================================
[19:40:21] 总奖励:  -155.71 | 步数: 24
[19:40:21] 最近10个episodes平均:  -152.80
[19:40:21] 
各Agent奖励:
[19:40:21]   wind      :   18.509
[19:40:21]   solar     :   11.377
[19:40:21]   diesel    :    2.011
[19:40:21]   battery   :    0.000
[19:40:21]   customer  : -187.611
[19:40:21] 
🔌 Main Grid 交易:
[19:40:21]   进口电量:    15.01 kWh
[19:40:21]   出口电量:   857.44 kWh
[19:40:21]   净交易量:  -842.43 kWh
[19:40:21]   平均出清价:  11.22 cents/kWh
[19:40:21]   市场独立度:  75.77%
[19:40:21] 
Buffer大小: 10000
[19:40:21] 噪声水平: 0.0616
[19:40:21] 
动作统计:
[19:40:21]   wind      : mean= 0.183, std= 0.129
[19:40:21]   solar     : mean=-0.177, std= 0.719
[19:40:21]   diesel    : mean= 0.312, std= 0.193
[19:40:21]   battery   : mean= 0.793, std= 0.231
[19:40:21]   customer  : mean= 0.843, std= 0.093
[19:40:22] 
======================================================================
[19:40:22] Episode 475/800
[19:40:22] ======================================================================
[19:40:22] 总奖励:  -159.18 | 步数: 24
[19:40:22] 最近10个episodes平均:  -152.75
[19:40:22] 
各Agent奖励:
[19:40:22]   wind      :   16.725
[19:40:22]   solar     :    8.418
[19:40:22]   diesel    :    2.581
[19:40:22]   battery   :    0.000
[19:40:22]   customer  : -186.906
[19:40:22] 
🔌 Main Grid 交易:
[19:40:22]   进口电量:    19.13 kWh
[19:40:22]   出口电量:   725.14 kWh
[19:40:22]   净交易量:  -706.01 kWh
[19:40:22]   平均出清价:  10.14 cents/kWh
[19:40:22]   市场独立度:  79.33%
[19:40:22] 
Buffer大小: 10000
[19:40:22] 噪声水平: 0.0616
[19:40:22] 
动作统计:
[19:40:22]   wind      : mean= 0.154, std= 0.120
[19:40:22]   solar     : mean=-0.188, std= 0.710
[19:40:22]   diesel    : mean= 0.299, std= 0.195
[19:40:22]   battery   : mean= 0.798, std= 0.230
[19:40:22]   customer  : mean= 0.842, std= 0.092
[19:40:24] 
======================================================================
[19:40:24] Episode 476/800
[19:40:24] ======================================================================
[19:40:24] 总奖励:  -142.62 | 步数: 24
[19:40:24] 最近10个episodes平均:  -151.26
[19:40:24] 
各Agent奖励:
[19:40:24]   wind      :   25.558
[19:40:24]   solar     :   10.387
[19:40:24]   diesel    :    1.741
[19:40:24]   battery   :    0.057
[19:40:24]   customer  : -180.365
[19:40:24] 
🔌 Main Grid 交易:
[19:40:24]   进口电量:    24.57 kWh
[19:40:24]   出口电量:   889.65 kWh
[19:40:24]   净交易量:  -865.08 kWh
[19:40:24]   平均出清价:  10.61 cents/kWh
[19:40:24]   市场独立度:  74.60%
[19:40:24] 
Buffer大小: 10000
[19:40:24] 噪声水平: 0.0615
[19:40:24] 
动作统计:
[19:40:24]   wind      : mean= 0.155, std= 0.131
[19:40:24]   solar     : mean=-0.181, std= 0.710
[19:40:24]   diesel    : mean= 0.310, std= 0.195
[19:40:24]   battery   : mean= 0.782, std= 0.230
[19:40:24]   customer  : mean= 0.834, std= 0.076
[19:40:25] 
======================================================================
[19:40:25] Episode 477/800
[19:40:25] ======================================================================
[19:40:25] 总奖励:  -154.00 | 步数: 24
[19:40:25] 最近10个episodes平均:  -150.76
[19:40:25] 
各Agent奖励:
[19:40:25]   wind      :   20.797
[19:40:25]   solar     :    7.009
[19:40:25]   diesel    :    1.087
[19:40:25]   battery   :   -0.178
[19:40:25]   customer  : -182.713
[19:40:25] 
🔌 Main Grid 交易:
[19:40:25]   进口电量:    12.86 kWh
[19:40:25]   出口电量:   813.13 kWh
[19:40:25]   净交易量:  -800.26 kWh
[19:40:25]   平均出清价:  10.85 cents/kWh
[19:40:25]   市场独立度:  77.06%
[19:40:25] 
Buffer大小: 10000
[19:40:25] 噪声水平: 0.0614
[19:40:25] 
动作统计:
[19:40:25]   wind      : mean= 0.147, std= 0.139
[19:40:25]   solar     : mean=-0.181, std= 0.739
[19:40:25]   diesel    : mean= 0.284, std= 0.167
[19:40:25]   battery   : mean= 0.786, std= 0.237
[19:40:25]   customer  : mean= 0.843, std= 0.098
[19:40:27] 
======================================================================
[19:40:27] Episode 478/800
[19:40:27] ======================================================================
[19:40:27] 总奖励:  -156.96 | 步数: 24
[19:40:27] 最近10个episodes平均:  -151.76
[19:40:27] 
各Agent奖励:
[19:40:27]   wind      :   18.045
[19:40:27]   solar     :    6.032
[19:40:27]   diesel    :    0.696
[19:40:27]   battery   :    0.000
[19:40:27]   customer  : -181.732
[19:40:27] 
🔌 Main Grid 交易:
[19:40:27]   进口电量:     0.00 kWh
[19:40:27]   出口电量:   766.78 kWh
[19:40:27]   净交易量:  -766.78 kWh
[19:40:27]   平均出清价:   9.02 cents/kWh
[19:40:27]   市场独立度:  78.70%
[19:40:27] 
Buffer大小: 10000
[19:40:27] 噪声水平: 0.0614
[19:40:27] 
动作统计:
[19:40:27]   wind      : mean= 0.161, std= 0.100
[19:40:27]   solar     : mean=-0.198, std= 0.704
[19:40:27]   diesel    : mean= 0.279, std= 0.182
[19:40:27]   battery   : mean= 0.793, std= 0.216
[19:40:27]   customer  : mean= 0.847, std= 0.094
[19:40:29] 
======================================================================
[19:40:29] Episode 479/800
[19:40:29] ======================================================================
[19:40:29] 总奖励:  -156.04 | 步数: 24
[19:40:29] 最近10个episodes平均:  -152.38
[19:40:29] 
各Agent奖励:
[19:40:29]   wind      :   19.100
[19:40:29]   solar     :   10.237
[19:40:29]   diesel    :    2.188
[19:40:29]   battery   :    0.000
[19:40:29]   customer  : -187.565
[19:40:29] 
🔌 Main Grid 交易:
[19:40:29]   进口电量:     7.67 kWh
[19:40:29]   出口电量:   765.93 kWh
[19:40:29]   净交易量:  -758.26 kWh
[19:40:29]   平均出清价:  10.55 cents/kWh
[19:40:29]   市场独立度:  78.51%
[19:40:29] 
Buffer大小: 10000
[19:40:29] 噪声水平: 0.0613
[19:40:29] 
动作统计:
[19:40:29]   wind      : mean= 0.149, std= 0.110
[19:40:29]   solar     : mean=-0.212, std= 0.687
[19:40:29]   diesel    : mean= 0.283, std= 0.192
[19:40:29]   battery   : mean= 0.796, std= 0.216
[19:40:29]   customer  : mean= 0.824, std= 0.087
[19:40:30] 
======================================================================
[19:40:30] Episode 480/800
[19:40:30] ======================================================================
[19:40:30] 总奖励:  -156.03 | 步数: 24
[19:40:30] 最近10个episodes平均:  -152.54
[19:40:30] 
各Agent奖励:
[19:40:30]   wind      :   16.210
[19:40:30]   solar     :   10.720
[19:40:30]   diesel    :    3.467
[19:40:30]   battery   :    0.000
[19:40:30]   customer  : -186.431
[19:40:30] 
🔌 Main Grid 交易:
[19:40:30]   进口电量:     4.08 kWh
[19:40:30]   出口电量:   771.03 kWh
[19:40:30]   净交易量:  -766.95 kWh
[19:40:30]   平均出清价:  10.92 cents/kWh
[19:40:30]   市场独立度:  78.47%
[19:40:30] 
Buffer大小: 10000
[19:40:30] 噪声水平: 0.0612
[19:40:30] 
动作统计:
[19:40:30]   wind      : mean= 0.177, std= 0.127
[19:40:30]   solar     : mean=-0.218, std= 0.679
[19:40:30]   diesel    : mean= 0.294, std= 0.192
[19:40:30]   battery   : mean= 0.797, std= 0.217
[19:40:30]   customer  : mean= 0.831, std= 0.089
[19:40:30] 
📊 生成可视化图表...
[19:40:30]   ✓ debug_plots/training_ep0480.png
[19:40:32] 
======================================================================
[19:40:32] Episode 481/800
[19:40:32] ======================================================================
[19:40:32] 总奖励:  -154.10 | 步数: 24
[19:40:32] 最近10个episodes平均:  -153.09
[19:40:32] 
各Agent奖励:
[19:40:32]   wind      :   18.077
[19:40:32]   solar     :   11.955
[19:40:32]   diesel    :    1.004
[19:40:32]   battery   :    0.000
[19:40:32]   customer  : -185.135
[19:40:32] 
🔌 Main Grid 交易:
[19:40:32]   进口电量:    21.45 kWh
[19:40:32]   出口电量:   821.57 kWh
[19:40:32]   净交易量:  -800.12 kWh
[19:40:32]   平均出清价:  11.23 cents/kWh
[19:40:32]   市场独立度:  76.58%
[19:40:32] 
Buffer大小: 10000
[19:40:32] 噪声水平: 0.0612
[19:40:32] 
动作统计:
[19:40:32]   wind      : mean= 0.146, std= 0.100
[19:40:32]   solar     : mean=-0.218, std= 0.647
[19:40:32]   diesel    : mean= 0.297, std= 0.195
[19:40:32]   battery   : mean= 0.792, std= 0.207
[19:40:32]   customer  : mean= 0.840, std= 0.082
[19:40:33] 
======================================================================
[19:40:33] Episode 482/800
[19:40:33] ======================================================================
[19:40:33] 总奖励:  -153.95 | 步数: 24
[19:40:33] 最近10个episodes平均:  -153.78
[19:40:33] 
各Agent奖励:
[19:40:33]   wind      :   17.113
[19:40:33]   solar     :    7.025
[19:40:33]   diesel    :    0.710
[19:40:33]   battery   :    0.000
[19:40:33]   customer  : -178.798
[19:40:33] 
🔌 Main Grid 交易:
[19:40:33]   进口电量:     1.94 kWh
[19:40:33]   出口电量:   856.94 kWh
[19:40:33]   净交易量:  -855.00 kWh
[19:40:33]   平均出清价:   9.26 cents/kWh
[19:40:33]   市场独立度:  76.14%
[19:40:33] 
Buffer大小: 10000
[19:40:33] 噪声水平: 0.0611
[19:40:33] 
动作统计:
[19:40:33]   wind      : mean= 0.159, std= 0.105
[19:40:33]   solar     : mean=-0.202, std= 0.664
[19:40:33]   diesel    : mean= 0.322, std= 0.212
[19:40:33]   battery   : mean= 0.791, std= 0.214
[19:40:33]   customer  : mean= 0.855, std= 0.073
[19:40:35] 
======================================================================
[19:40:35] Episode 483/800
[19:40:35] ======================================================================
[19:40:35] 总奖励:  -157.10 | 步数: 24
[19:40:35] 最近10个episodes平均:  -154.57
[19:40:35] 
各Agent奖励:
[19:40:35]   wind      :   14.262
[19:40:35]   solar     :   11.324
[19:40:35]   diesel    :    1.333
[19:40:35]   battery   :    0.000
[19:40:35]   customer  : -184.017
[19:40:35] 
🔌 Main Grid 交易:
[19:40:35]   进口电量:    21.22 kWh
[19:40:35]   出口电量:   812.56 kWh
[19:40:35]   净交易量:  -791.35 kWh
[19:40:35]   平均出清价:  11.93 cents/kWh
[19:40:35]   市场独立度:  76.84%
[19:40:35] 
Buffer大小: 10000
[19:40:35] 噪声水平: 0.0611
[19:40:35] 
动作统计:
[19:40:35]   wind      : mean= 0.138, std= 0.121
[19:40:35]   solar     : mean=-0.162, std= 0.710
[19:40:35]   diesel    : mean= 0.307, std= 0.193
[19:40:35]   battery   : mean= 0.792, std= 0.217
[19:40:35]   customer  : mean= 0.849, std= 0.059
[19:40:36] 
======================================================================
[19:40:36] Episode 484/800
[19:40:36] ======================================================================
[19:40:36] 总奖励:  -154.68 | 步数: 24
[19:40:36] 最近10个episodes平均:  -154.47
[19:40:36] 
各Agent奖励:
[19:40:36]   wind      :   19.041
[19:40:36]   solar     :   11.970
[19:40:36]   diesel    :   -0.076
[19:40:36]   battery   :    0.000
[19:40:36]   customer  : -185.610
[19:40:36] 
🔌 Main Grid 交易:
[19:40:36]   进口电量:     0.00 kWh
[19:40:36]   出口电量:   969.37 kWh
[19:40:36]   净交易量:  -969.37 kWh
[19:40:36]   平均出清价:  11.22 cents/kWh
[19:40:36]   市场独立度:  73.07%
[19:40:36] 
Buffer大小: 10000
[19:40:36] 噪声水平: 0.0610
[19:40:36] 
动作统计:
[19:40:36]   wind      : mean= 0.161, std= 0.090
[19:40:36]   solar     : mean=-0.166, std= 0.727
[19:40:36]   diesel    : mean= 0.315, std= 0.207
[19:40:36]   battery   : mean= 0.792, std= 0.214
[19:40:36]   customer  : mean= 0.857, std= 0.078
[19:40:38] 
======================================================================
[19:40:38] Episode 485/800
[19:40:38] ======================================================================
[19:40:38] 总奖励:  -159.17 | 步数: 24
[19:40:38] 最近10个episodes平均:  -154.46
[19:40:38] 
各Agent奖励:
[19:40:38]   wind      :   14.819
[19:40:38]   solar     :    7.960
[19:40:38]   diesel    :    0.873
[19:40:38]   battery   :    0.000
[19:40:38]   customer  : -182.822
[19:40:38] 
🔌 Main Grid 交易:
[19:40:38]   进口电量:    14.47 kWh
[19:40:38]   出口电量:   948.24 kWh
[19:40:38]   净交易量:  -933.77 kWh
[19:40:38]   平均出清价:   9.31 cents/kWh
[19:40:38]   市场独立度:  73.26%
[19:40:38] 
Buffer大小: 10000
[19:40:38] 噪声水平: 0.0609
[19:40:38] 
动作统计:
[19:40:38]   wind      : mean= 0.144, std= 0.140
[19:40:38]   solar     : mean=-0.174, std= 0.732
[19:40:38]   diesel    : mean= 0.307, std= 0.189
[19:40:38]   battery   : mean= 0.782, std= 0.225
[19:40:38]   customer  : mean= 0.855, std= 0.083
[19:40:40] 
======================================================================
[19:40:40] Episode 486/800
[19:40:40] ======================================================================
[19:40:40] 总奖励:  -152.37 | 步数: 24
[19:40:40] 最近10个episodes平均:  -155.44
[19:40:40] 
各Agent奖励:
[19:40:40]   wind      :   16.072
[19:40:40]   solar     :   11.236
[19:40:40]   diesel    :    0.938
[19:40:40]   battery   :    0.012
[19:40:40]   customer  : -180.630
[19:40:40] 
🔌 Main Grid 交易:
[19:40:40]   进口电量:     0.21 kWh
[19:40:40]   出口电量:   909.38 kWh
[19:40:40]   净交易量:  -909.18 kWh
[19:40:40]   平均出清价:  10.82 cents/kWh
[19:40:40]   市场独立度:  74.73%
[19:40:40] 
Buffer大小: 10000
[19:40:40] 噪声水平: 0.0609
[19:40:40] 
动作统计:
[19:40:40]   wind      : mean= 0.182, std= 0.113
[19:40:40]   solar     : mean=-0.158, std= 0.730
[19:40:40]   diesel    : mean= 0.302, std= 0.201
[19:40:40]   battery   : mean= 0.798, std= 0.206
[19:40:40]   customer  : mean= 0.870, std= 0.085
[19:40:41] 
======================================================================
[19:40:41] Episode 487/800
[19:40:41] ======================================================================
[19:40:41] 总奖励:  -156.81 | 步数: 24
[19:40:41] 最近10个episodes平均:  -155.72
[19:40:41] 
各Agent奖励:
[19:40:41]   wind      :   14.535
[19:40:41]   solar     :    7.600
[19:40:41]   diesel    :    0.709
[19:40:41]   battery   :    0.000
[19:40:41]   customer  : -179.659
[19:40:41] 
🔌 Main Grid 交易:
[19:40:41]   进口电量:     0.00 kWh
[19:40:41]   出口电量:   907.62 kWh
[19:40:41]   净交易量:  -907.62 kWh
[19:40:41]   平均出清价:   8.48 cents/kWh
[19:40:41]   市场独立度:  74.79%
[19:40:41] 
Buffer大小: 10000
[19:40:41] 噪声水平: 0.0608
[19:40:41] 
动作统计:
[19:40:41]   wind      : mean= 0.137, std= 0.101
[19:40:41]   solar     : mean=-0.169, std= 0.731
[19:40:41]   diesel    : mean= 0.307, std= 0.200
[19:40:41]   battery   : mean= 0.765, std= 0.228
[19:40:41]   customer  : mean= 0.845, std= 0.074
[19:40:42] 
======================================================================
[19:40:42] Episode 488/800
[19:40:42] ======================================================================
[19:40:42] 总奖励:  -152.70 | 步数: 24
[19:40:42] 最近10个episodes平均:  -155.30
[19:40:42] 
各Agent奖励:
[19:40:42]   wind      :   19.007
[19:40:42]   solar     :   10.367
[19:40:42]   diesel    :    1.898
[19:40:42]   battery   :    1.294
[19:40:42]   customer  : -185.268
[19:40:42] 
🔌 Main Grid 交易:
[19:40:42]   进口电量:    41.52 kWh
[19:40:42]   出口电量:   795.52 kWh
[19:40:42]   净交易量:  -753.99 kWh
[19:40:42]   平均出清价:  11.42 cents/kWh
[19:40:42]   市场独立度:  76.75%
[19:40:42] 
Buffer大小: 10000
[19:40:42] 噪声水平: 0.0608
[19:40:42] 
动作统计:
[19:40:42]   wind      : mean= 0.135, std= 0.111
[19:40:42]   solar     : mean=-0.184, std= 0.718
[19:40:42]   diesel    : mean= 0.301, std= 0.183
[19:40:42]   battery   : mean= 0.782, std= 0.242
[19:40:42]   customer  : mean= 0.837, std= 0.124
[19:40:44] 
======================================================================
[19:40:44] Episode 489/800
[19:40:44] ======================================================================
[19:40:44] 总奖励:  -143.59 | 步数: 24
[19:40:44] 最近10个episodes平均:  -154.05
[19:40:44] 
各Agent奖励:
[19:40:44]   wind      :   25.057
[19:40:44]   solar     :   12.489
[19:40:44]   diesel    :    3.161
[19:40:44]   battery   :    0.000
[19:40:44]   customer  : -184.296
[19:40:44] 
🔌 Main Grid 交易:
[19:40:44]   进口电量:     6.83 kWh
[19:40:44]   出口电量:   797.71 kWh
[19:40:44]   净交易量:  -790.89 kWh
[19:40:44]   平均出清价:  12.16 cents/kWh
[19:40:44]   市场独立度:  77.65%
[19:40:44] 
Buffer大小: 10000
[19:40:44] 噪声水平: 0.0607
[19:40:44] 
动作统计:
[19:40:44]   wind      : mean= 0.157, std= 0.109
[19:40:44]   solar     : mean=-0.167, std= 0.710
[19:40:44]   diesel    : mean= 0.303, std= 0.194
[19:40:44]   battery   : mean= 0.774, std= 0.215
[19:40:44]   customer  : mean= 0.820, std= 0.098
[19:40:46] 
======================================================================
[19:40:46] Episode 490/800
[19:40:46] ======================================================================
[19:40:46] 总奖励:  -160.37 | 步数: 24
[19:40:46] 最近10个episodes平均:  -154.48
[19:40:46] 
各Agent奖励:
[19:40:46]   wind      :   14.028
[19:40:46]   solar     :    9.941
[19:40:46]   diesel    :    2.069
[19:40:46]   battery   :    0.000
[19:40:46]   customer  : -186.408
[19:40:46] 
🔌 Main Grid 交易:
[19:40:46]   进口电量:    19.43 kWh
[19:40:46]   出口电量:   791.78 kWh
[19:40:46]   净交易量:  -772.35 kWh
[19:40:46]   平均出清价:  10.45 cents/kWh
[19:40:46]   市场独立度:  77.47%
[19:40:46] 
Buffer大小: 10000
[19:40:46] 噪声水平: 0.0606
[19:40:46] 
动作统计:
[19:40:46]   wind      : mean= 0.148, std= 0.100
[19:40:46]   solar     : mean=-0.175, std= 0.719
[19:40:46]   diesel    : mean= 0.308, std= 0.192
[19:40:46]   battery   : mean= 0.779, std= 0.221
[19:40:46]   customer  : mean= 0.848, std= 0.076
[19:40:46] 
📊 生成可视化图表...
[19:40:46]   ✓ debug_plots/training_ep0490.png
[19:40:48] 
======================================================================
[19:40:48] Episode 491/800
[19:40:48] ======================================================================
[19:40:48] 总奖励:  -159.64 | 步数: 24
[19:40:48] 最近10个episodes平均:  -155.04
[19:40:48] 
各Agent奖励:
[19:40:48]   wind      :   11.674
[19:40:48]   solar     :    7.633
[19:40:48]   diesel    :    1.882
[19:40:48]   battery   :    0.440
[19:40:48]   customer  : -181.273
[19:40:48] 
🔌 Main Grid 交易:
[19:40:48]   进口电量:    22.95 kWh
[19:40:48]   出口电量:   826.76 kWh
[19:40:48]   净交易量:  -803.81 kWh
[19:40:48]   平均出清价:   9.97 cents/kWh
[19:40:48]   市场独立度:  76.40%
[19:40:48] 
Buffer大小: 10000
[19:40:48] 噪声水平: 0.0606
[19:40:48] 
动作统计:
[19:40:48]   wind      : mean= 0.160, std= 0.101
[19:40:48]   solar     : mean=-0.184, std= 0.703
[19:40:48]   diesel    : mean= 0.285, std= 0.193
[19:40:48]   battery   : mean= 0.765, std= 0.236
[19:40:48]   customer  : mean= 0.852, std= 0.079
[19:40:50] 
======================================================================
[19:40:50] Episode 492/800
[19:40:50] ======================================================================
[19:40:50] 总奖励:  -156.81 | 步数: 24
[19:40:50] 最近10个episodes平均:  -155.32
[19:40:50] 
各Agent奖励:
[19:40:50]   wind      :   18.857
[19:40:50]   solar     :    8.774
[19:40:50]   diesel    :    0.331
[19:40:50]   battery   :    0.000
[19:40:50]   customer  : -184.771
[19:40:50] 
🔌 Main Grid 交易:
[19:40:50]   进口电量:     0.00 kWh
[19:40:50]   出口电量:   966.86 kWh
[19:40:50]   净交易量:  -966.86 kWh
[19:40:50]   平均出清价:  10.05 cents/kWh
[19:40:50]   市场独立度:  73.14%
[19:40:50] 
Buffer大小: 10000
[19:40:50] 噪声水平: 0.0605
[19:40:50] 
动作统计:
[19:40:50]   wind      : mean= 0.182, std= 0.109
[19:40:50]   solar     : mean=-0.162, std= 0.719
[19:40:50]   diesel    : mean= 0.306, std= 0.175
[19:40:50]   battery   : mean= 0.799, std= 0.214
[19:40:50]   customer  : mean= 0.856, std= 0.066
[19:40:52] 
======================================================================
[19:40:52] Episode 493/800
[19:40:52] ======================================================================
[19:40:52] 总奖励:  -152.11 | 步数: 24
[19:40:52] 最近10个episodes平均:  -154.83
[19:40:52] 
各Agent奖励:
[19:40:52]   wind      :   15.972
[19:40:52]   solar     :    8.032
[19:40:52]   diesel    :    0.326
[19:40:52]   battery   :    0.000
[19:40:52]   customer  : -176.437
[19:40:52] 
🔌 Main Grid 交易:
[19:40:52]   进口电量:     2.14 kWh
[19:40:52]   出口电量:   835.86 kWh
[19:40:52]   净交易量:  -833.72 kWh
[19:40:52]   平均出清价:   9.54 cents/kWh
[19:40:52]   市场独立度:  76.72%
[19:40:52] 
Buffer大小: 10000
[19:40:52] 噪声水平: 0.0605
[19:40:52] 
动作统计:
[19:40:52]   wind      : mean= 0.155, std= 0.091
[19:40:52]   solar     : mean=-0.180, std= 0.718
[19:40:52]   diesel    : mean= 0.317, std= 0.206
[19:40:52]   battery   : mean= 0.801, std= 0.210
[19:40:52]   customer  : mean= 0.840, std= 0.093
[19:40:55] 
======================================================================
[19:40:55] Episode 494/800
[19:40:55] ======================================================================
[19:40:55] 总奖励:  -153.41 | 步数: 24
[19:40:55] 最近10个episodes平均:  -154.70
[19:40:55] 
各Agent奖励:
[19:40:55]   wind      :   16.654
[19:40:55]   solar     :   10.993
[19:40:55]   diesel    :    0.917
[19:40:55]   battery   :    0.838
[19:40:55]   customer  : -182.814
[19:40:55] 
🔌 Main Grid 交易:
[19:40:55]   进口电量:    16.59 kWh
[19:40:55]   出口电量:   920.69 kWh
[19:40:55]   净交易量:  -904.10 kWh
[19:40:55]   平均出清价:  10.83 cents/kWh
[19:40:55]   市场独立度:  73.96%
[19:40:55] 
Buffer大小: 10000
[19:40:55] 噪声水平: 0.0604
[19:40:55] 
动作统计:
[19:40:55]   wind      : mean= 0.148, std= 0.101
[19:40:55]   solar     : mean=-0.148, std= 0.736
[19:40:55]   diesel    : mean= 0.320, std= 0.210
[19:40:55]   battery   : mean= 0.803, std= 0.217
[19:40:55]   customer  : mean= 0.847, std= 0.074
[19:40:57] 
======================================================================
[19:40:57] Episode 495/800
[19:40:57] ======================================================================
[19:40:57] 总奖励:  -157.06 | 步数: 24
[19:40:57] 最近10个episodes平均:  -154.49
[19:40:57] 
各Agent奖励:
[19:40:57]   wind      :   19.198
[19:40:57]   solar     :    9.530
[19:40:57]   diesel    :    3.099
[19:40:57]   battery   :    0.000
[19:40:57]   customer  : -188.885
[19:40:57] 
🔌 Main Grid 交易:
[19:40:57]   进口电量:    23.80 kWh
[19:40:57]   出口电量:   893.45 kWh
[19:40:57]   净交易量:  -869.65 kWh
[19:40:57]   平均出清价:  10.89 cents/kWh
[19:40:57]   市场独立度:  74.52%
[19:40:57] 
Buffer大小: 10000
[19:40:57] 噪声水平: 0.0603
[19:40:57] 
动作统计:
[19:40:57]   wind      : mean= 0.178, std= 0.117
[19:40:57]   solar     : mean=-0.171, std= 0.731
[19:40:57]   diesel    : mean= 0.312, std= 0.187
[19:40:57]   battery   : mean= 0.796, std= 0.208
[19:40:57]   customer  : mean= 0.847, std= 0.099
[19:40:59] 
======================================================================
[19:40:59] Episode 496/800
[19:40:59] ======================================================================
[19:40:59] 总奖励:  -155.55 | 步数: 24
[19:40:59] 最近10个episodes平均:  -154.81
[19:40:59] 
各Agent奖励:
[19:40:59]   wind      :   19.254
[19:40:59]   solar     :    8.565
[19:40:59]   diesel    :    1.828
[19:40:59]   battery   :    0.229
[19:40:59]   customer  : -185.429
[19:40:59] 
🔌 Main Grid 交易:
[19:40:59]   进口电量:    29.62 kWh
[19:40:59]   出口电量:   863.86 kWh
[19:40:59]   净交易量:  -834.23 kWh
[19:40:59]   平均出清价:  11.62 cents/kWh
[19:40:59]   市场独立度:  75.18%
[19:40:59] 
Buffer大小: 10000
[19:40:59] 噪声水平: 0.0603
[19:40:59] 
动作统计:
[19:40:59]   wind      : mean= 0.165, std= 0.103
[19:40:59]   solar     : mean=-0.162, std= 0.748
[19:40:59]   diesel    : mean= 0.319, std= 0.188
[19:40:59]   battery   : mean= 0.795, std= 0.226
[19:40:59]   customer  : mean= 0.850, std= 0.082
[19:41:00] 
======================================================================
[19:41:00] Episode 497/800
[19:41:00] ======================================================================
[19:41:00] 总奖励:  -158.94 | 步数: 24
[19:41:00] 最近10个episodes平均:  -155.02
[19:41:00] 
各Agent奖励:
[19:41:00]   wind      :   15.346
[19:41:00]   solar     :    8.689
[19:41:00]   diesel    :    1.627
[19:41:00]   battery   :    0.517
[19:41:00]   customer  : -185.121
[19:41:00] 
🔌 Main Grid 交易:
[19:41:00]   进口电量:    20.42 kWh
[19:41:00]   出口电量:   908.99 kWh
[19:41:00]   净交易量:  -888.57 kWh
[19:41:00]   平均出清价:   9.88 cents/kWh
[19:41:00]   市场独立度:  74.18%
[19:41:00] 
Buffer大小: 10000
[19:41:00] 噪声水平: 0.0602
[19:41:00] 
动作统计:
[19:41:00]   wind      : mean= 0.154, std= 0.121
[19:41:00]   solar     : mean=-0.166, std= 0.726
[19:41:00]   diesel    : mean= 0.308, std= 0.214
[19:41:00]   battery   : mean= 0.795, std= 0.215
[19:41:00]   customer  : mean= 0.852, std= 0.081
[19:41:03] 
======================================================================
[19:41:03] Episode 498/800
[19:41:03] ======================================================================
[19:41:03] 总奖励:  -146.10 | 步数: 24
[19:41:03] 最近10个episodes平均:  -154.36
[19:41:03] 
各Agent奖励:
[19:41:03]   wind      :   24.770
[19:41:03]   solar     :   11.938
[19:41:03]   diesel    :    3.808
[19:41:03]   battery   :    0.043
[19:41:03]   customer  : -186.659
[19:41:03] 
🔌 Main Grid 交易:
[19:41:03]   进口电量:     3.98 kWh
[19:41:03]   出口电量:   868.61 kWh
[19:41:03]   净交易量:  -864.62 kWh
[19:41:03]   平均出清价:  12.46 cents/kWh
[19:41:03]   市场独立度:  75.76%
[19:41:03] 
Buffer大小: 10000
[19:41:03] 噪声水平: 0.0602
[19:41:03] 
动作统计:
[19:41:03]   wind      : mean= 0.163, std= 0.128
[19:41:03]   solar     : mean=-0.152, std= 0.727
[19:41:03]   diesel    : mean= 0.322, std= 0.207
[19:41:03]   battery   : mean= 0.783, std= 0.235
[19:41:03]   customer  : mean= 0.839, std= 0.077
[19:41:04] 
======================================================================
[19:41:04] Episode 499/800
[19:41:04] ======================================================================
[19:41:04] 总奖励:  -151.29 | 步数: 24
[19:41:04] 最近10个episodes平均:  -155.13
[19:41:04] 
各Agent奖励:
[19:41:04]   wind      :   15.841
[19:41:04]   solar     :    9.906
[19:41:04]   diesel    :    0.408
[19:41:04]   battery   :    0.000
[19:41:04]   customer  : -177.449
[19:41:04] 
🔌 Main Grid 交易:
[19:41:04]   进口电量:     0.00 kWh
[19:41:04]   出口电量:   852.51 kWh
[19:41:04]   净交易量:  -852.51 kWh
[19:41:04]   平均出清价:   9.34 cents/kWh
[19:41:04]   市场独立度:  76.32%
[19:41:04] 
Buffer大小: 10000
[19:41:04] 噪声水平: 0.0601
[19:41:04] 
动作统计:
[19:41:04]   wind      : mean= 0.153, std= 0.102
[19:41:04]   solar     : mean=-0.148, std= 0.732
[19:41:04]   diesel    : mean= 0.298, std= 0.207
[19:41:04]   battery   : mean= 0.793, std= 0.215
[19:41:04]   customer  : mean= 0.861, std= 0.083
[19:41:05] 
======================================================================
[19:41:05] Episode 500/800
[19:41:05] ======================================================================
[19:41:05] 总奖励:  -158.13 | 步数: 24
[19:41:05] 最近10个episodes平均:  -154.90
[19:41:05] 
各Agent奖励:
[19:41:05]   wind      :   15.663
[19:41:05]   solar     :    8.785
[19:41:05]   diesel    :    2.433
[19:41:05]   battery   :    0.000
[19:41:05]   customer  : -185.014
[19:41:05] 
🔌 Main Grid 交易:
[19:41:05]   进口电量:    17.45 kWh
[19:41:05]   出口电量:   782.61 kWh
[19:41:05]   净交易量:  -765.16 kWh
[19:41:05]   平均出清价:  10.50 cents/kWh
[19:41:05]   市场独立度:  77.78%
[19:41:05] 
Buffer大小: 10000
[19:41:05] 噪声水平: 0.0600
[19:41:05] 
动作统计:
[19:41:05]   wind      : mean= 0.155, std= 0.128
[19:41:05]   solar     : mean=-0.126, std= 0.714
[19:41:05]   diesel    : mean= 0.301, std= 0.194
[19:41:05]   battery   : mean= 0.800, std= 0.212
[19:41:05]   customer  : mean= 0.869, std= 0.091
[19:41:05] 
📊 生成可视化图表...
[19:41:06]   ✓ debug_plots/training_ep0500.png
[19:41:06] 💾 保存checkpoint: debug_checkpoints/debug_maddpg_20251203_193028_ep0500.pt
[19:41:07] 
======================================================================
[19:41:07] Episode 501/800
[19:41:07] ======================================================================
[19:41:07] 总奖励:  -152.65 | 步数: 24
[19:41:07] 最近10个episodes平均:  -154.21
[19:41:07] 
各Agent奖励:
[19:41:07]   wind      :   16.481
[19:41:07]   solar     :    7.782
[19:41:07]   diesel    :    0.629
[19:41:07]   battery   :    0.000
[19:41:07]   customer  : -177.544
[19:41:07] 
🔌 Main Grid 交易:
[19:41:07]   进口电量:     0.00 kWh
[19:41:07]   出口电量:   838.04 kWh
[19:41:07]   净交易量:  -838.04 kWh
[19:41:07]   平均出清价:   9.99 cents/kWh
[19:41:07]   市场独立度:  76.72%
[19:41:07] 
Buffer大小: 10000
[19:41:07] 噪声水平: 0.0600
[19:41:07] 
动作统计:
[19:41:07]   wind      : mean= 0.161, std= 0.081
[19:41:07]   solar     : mean=-0.135, std= 0.719
[19:41:07]   diesel    : mean= 0.299, std= 0.196
[19:41:07]   battery   : mean= 0.791, std= 0.210
[19:41:07]   customer  : mean= 0.861, std= 0.060
[19:41:08] 
======================================================================
[19:41:08] Episode 502/800
[19:41:08] ======================================================================
[19:41:08] 总奖励:  -156.29 | 步数: 24
[19:41:08] 最近10个episodes平均:  -154.15
[19:41:08] 
各Agent奖励:
[19:41:08]   wind      :   14.168
[19:41:08]   solar     :   10.675
[19:41:08]   diesel    :    2.204
[19:41:08]   battery   :    0.000
[19:41:08]   customer  : -183.334
[19:41:08] 
🔌 Main Grid 交易:
[19:41:08]   进口电量:    23.87 kWh
[19:41:08]   出口电量:   940.17 kWh
[19:41:08]   净交易量:  -916.31 kWh
[19:41:08]   平均出清价:  10.72 cents/kWh
[19:41:08]   市场独立度:  73.22%
[19:41:08] 
Buffer大小: 10000
[19:41:08] 噪声水平: 0.0599
[19:41:08] 
动作统计:
[19:41:08]   wind      : mean= 0.158, std= 0.127
[19:41:08]   solar     : mean=-0.157, std= 0.702
[19:41:08]   diesel    : mean= 0.300, std= 0.200
[19:41:08]   battery   : mean= 0.785, std= 0.210
[19:41:08]   customer  : mean= 0.852, std= 0.069
[19:41:10] 
======================================================================
[19:41:10] Episode 503/800
[19:41:10] ======================================================================
[19:41:10] 总奖励:  -153.23 | 步数: 24
[19:41:10] 最近10个episodes平均:  -154.27
[19:41:10] 
各Agent奖励:
[19:41:10]   wind      :   19.375
[19:41:10]   solar     :   10.254
[19:41:10]   diesel    :    2.677
[19:41:10]   battery   :    0.054
[19:41:10]   customer  : -185.588
[19:41:10] 
🔌 Main Grid 交易:
[19:41:10]   进口电量:    18.42 kWh
[19:41:10]   出口电量:   824.34 kWh
[19:41:10]   净交易量:  -805.92 kWh
[19:41:10]   平均出清价:  11.37 cents/kWh
[19:41:10]   市场独立度:  76.59%
[19:41:10] 
Buffer大小: 10000
[19:41:10] 噪声水平: 0.0599
[19:41:10] 
动作统计:
[19:41:10]   wind      : mean= 0.184, std= 0.098
[19:41:10]   solar     : mean=-0.146, std= 0.721
[19:41:10]   diesel    : mean= 0.304, std= 0.199
[19:41:10]   battery   : mean= 0.770, std= 0.229
[19:41:10]   customer  : mean= 0.828, std= 0.093
[19:41:11] 
======================================================================
[19:41:11] Episode 504/800
[19:41:11] ======================================================================
[19:41:11] 总奖励:  -151.66 | 步数: 24
[19:41:11] 最近10个episodes平均:  -154.09
[19:41:11] 
各Agent奖励:
[19:41:11]   wind      :   19.708
[19:41:11]   solar     :    7.060
[19:41:11]   diesel    :   -0.014
[19:41:11]   battery   :    0.000
[19:41:11]   customer  : -178.412
[19:41:11] 
🔌 Main Grid 交易:
[19:41:11]   进口电量:     0.00 kWh
[19:41:11]   出口电量:   988.03 kWh
[19:41:11]   净交易量:  -988.03 kWh
[19:41:11]   平均出清价:   8.98 cents/kWh
[19:41:11]   市场独立度:  72.55%
[19:41:11] 
Buffer大小: 10000
[19:41:11] 噪声水平: 0.0598
[19:41:11] 
动作统计:
[19:41:11]   wind      : mean= 0.176, std= 0.123
[19:41:11]   solar     : mean=-0.137, std= 0.721
[19:41:11]   diesel    : mean= 0.318, std= 0.208
[19:41:11]   battery   : mean= 0.771, std= 0.214
[19:41:11]   customer  : mean= 0.859, std= 0.073
[19:41:13] 
======================================================================
[19:41:13] Episode 505/800
[19:41:13] ======================================================================
[19:41:13] 总奖励:  -152.29 | 步数: 24
[19:41:13] 最近10个episodes平均:  -153.61
[19:41:13] 
各Agent奖励:
[19:41:13]   wind      :   20.774
[19:41:13]   solar     :    8.782
[19:41:13]   diesel    :    1.150
[19:41:13]   battery   :    0.000
[19:41:13]   customer  : -183.000
[19:41:13] 
🔌 Main Grid 交易:
[19:41:13]   进口电量:    10.63 kWh
[19:41:13]   出口电量:   829.18 kWh
[19:41:13]   净交易量:  -818.56 kWh
[19:41:13]   平均出清价:  10.68 cents/kWh
[19:41:13]   市场独立度:  76.67%
[19:41:13] 
Buffer大小: 10000
[19:41:13] 噪声水平: 0.0597
[19:41:13] 
动作统计:
[19:41:13]   wind      : mean= 0.168, std= 0.119
[19:41:13]   solar     : mean=-0.135, std= 0.719
[19:41:13]   diesel    : mean= 0.298, std= 0.195
[19:41:13]   battery   : mean= 0.749, std= 0.211
[19:41:13]   customer  : mean= 0.845, std= 0.092
[19:41:14] 
======================================================================
[19:41:14] Episode 506/800
[19:41:14] ======================================================================
[19:41:14] 总奖励:  -146.45 | 步数: 24
[19:41:14] 最近10个episodes平均:  -152.70
[19:41:14] 
各Agent奖励:
[19:41:14]   wind      :   23.767
[19:41:14]   solar     :   11.267
[19:41:14]   diesel    :    3.210
[19:41:14]   battery   :    0.000
[19:41:14]   customer  : -184.693
[19:41:14] 
🔌 Main Grid 交易:
[19:41:14]   进口电量:    20.52 kWh
[19:41:14]   出口电量:   758.97 kWh
[19:41:14]   净交易量:  -738.44 kWh
[19:41:14]   平均出清价:  11.97 cents/kWh
[19:41:14]   市场独立度:  78.35%
[19:41:14] 
Buffer大小: 10000
[19:41:14] 噪声水平: 0.0597
[19:41:14] 
动作统计:
[19:41:14]   wind      : mean= 0.132, std= 0.113
[19:41:14]   solar     : mean=-0.151, std= 0.732
[19:41:14]   diesel    : mean= 0.303, std= 0.208
[19:41:14]   battery   : mean= 0.691, std= 0.248
[19:41:14]   customer  : mean= 0.828, std= 0.075
[19:41:16] 
======================================================================
[19:41:16] Episode 507/800
[19:41:16] ======================================================================
[19:41:16] 总奖励:  -148.75 | 步数: 24
[19:41:16] 最近10个episodes平均:  -151.68
[19:41:16] 
各Agent奖励:
[19:41:16]   wind      :   20.180
[19:41:16]   solar     :   10.755
[19:41:16]   diesel    :    2.043
[19:41:16]   battery   :    0.000
[19:41:16]   customer  : -181.731
[19:41:16] 
🔌 Main Grid 交易:
[19:41:16]   进口电量:     2.69 kWh
[19:41:16]   出口电量:   783.04 kWh
[19:41:16]   净交易量:  -780.35 kWh
[19:41:16]   平均出清价:  10.87 cents/kWh
[19:41:16]   市场独立度:  78.17%
[19:41:16] 
Buffer大小: 10000
[19:41:16] 噪声水平: 0.0596
[19:41:16] 
动作统计:
[19:41:16]   wind      : mean= 0.173, std= 0.105
[19:41:16]   solar     : mean=-0.142, std= 0.715
[19:41:16]   diesel    : mean= 0.313, std= 0.184
[19:41:16]   battery   : mean= 0.543, std= 0.401
[19:41:16]   customer  : mean= 0.847, std= 0.069
[19:41:17] 
======================================================================
[19:41:17] Episode 508/800
[19:41:17] ======================================================================
[19:41:17] 总奖励:  -147.95 | 步数: 24
[19:41:17] 最近10个episodes平均:  -151.87
[19:41:17] 
各Agent奖励:
[19:41:17]   wind      :   21.048
[19:41:17]   solar     :   11.332
[19:41:17]   diesel    :    1.399
[19:41:17]   battery   :    0.000
[19:41:17]   customer  : -181.724
[19:41:17] 
🔌 Main Grid 交易:
[19:41:17]   进口电量:    14.07 kWh
[19:41:17]   出口电量:   866.37 kWh
[19:41:17]   净交易量:  -852.30 kWh
[19:41:17]   平均出清价:  11.15 cents/kWh
[19:41:17]   市场独立度:  75.54%
[19:41:17] 
Buffer大小: 10000
[19:41:17] 噪声水平: 0.0596
[19:41:17] 
动作统计:
[19:41:17]   wind      : mean= 0.154, std= 0.082
[19:41:17]   solar     : mean=-0.137, std= 0.727
[19:41:17]   diesel    : mean= 0.337, std= 0.212
[19:41:17]   battery   : mean= 0.392, std= 0.574
[19:41:17]   customer  : mean= 0.841, std= 0.089
[19:41:20] 
======================================================================
[19:41:20] Episode 509/800
[19:41:20] ======================================================================
[19:41:20] 总奖励:  -151.30 | 步数: 24
[19:41:20] 最近10个episodes平均:  -151.87
[19:41:20] 
各Agent奖励:
[19:41:20]   wind      :   17.849
[19:41:20]   solar     :    9.437
[19:41:20]   diesel    :    2.127
[19:41:20]   battery   :    0.000
[19:41:20]   customer  : -180.714
[19:41:20] 
🔌 Main Grid 交易:
[19:41:20]   进口电量:    20.97 kWh
[19:41:20]   出口电量:   837.53 kWh
[19:41:20]   净交易量:  -816.56 kWh
[19:41:20]   平均出清价:   9.97 cents/kWh
[19:41:20]   市场独立度:  76.15%
[19:41:20] 
Buffer大小: 10000
[19:41:20] 噪声水平: 0.0595
[19:41:20] 
动作统计:
[19:41:20]   wind      : mean= 0.176, std= 0.121
[19:41:20]   solar     : mean=-0.147, std= 0.725
[19:41:20]   diesel    : mean= 0.344, std= 0.223
[19:41:20]   battery   : mean= 0.294, std= 0.690
[19:41:20]   customer  : mean= 0.838, std= 0.074
[19:41:22] 
======================================================================
[19:41:22] Episode 510/800
[19:41:22] ======================================================================
[19:41:22] 总奖励:  -143.88 | 步数: 24
[19:41:22] 最近10个episodes平均:  -150.45
[19:41:22] 
各Agent奖励:
[19:41:22]   wind      :   25.862
[19:41:22]   solar     :    9.540
[19:41:22]   diesel    :    3.096
[19:41:22]   battery   :    0.000
[19:41:22]   customer  : -182.380
[19:41:22] 
🔌 Main Grid 交易:
[19:41:22]   进口电量:     4.53 kWh
[19:41:22]   出口电量:   897.61 kWh
[19:41:22]   净交易量:  -893.07 kWh
[19:41:22]   平均出清价:  11.29 cents/kWh
[19:41:22]   市场独立度:  74.94%
[19:41:22] 
Buffer大小: 10000
[19:41:22] 噪声水平: 0.0594
[19:41:22] 
动作统计:
[19:41:22]   wind      : mean= 0.163, std= 0.102
[19:41:22]   solar     : mean=-0.126, std= 0.743
[19:41:22]   diesel    : mean= 0.360, std= 0.209
[19:41:22]   battery   : mean= 0.227, std= 0.759
[19:41:22]   customer  : mean= 0.825, std= 0.088
[19:41:22] 
📊 生成可视化图表...
[19:41:22]   ✓ debug_plots/training_ep0510.png
[19:41:24] 
======================================================================
[19:41:24] Episode 511/800
[19:41:24] ======================================================================
[19:41:24] 总奖励:  -154.47 | 步数: 24
[19:41:24] 最近10个episodes平均:  -150.63
[19:41:24] 
各Agent奖励:
[19:41:24]   wind      :   17.259
[19:41:24]   solar     :    9.799
[19:41:24]   diesel    :    1.804
[19:41:24]   battery   :    0.000
[19:41:24]   customer  : -183.330
[19:41:24] 
🔌 Main Grid 交易:
[19:41:24]   进口电量:     9.97 kWh
[19:41:24]   出口电量:   890.29 kWh
[19:41:24]   净交易量:  -880.32 kWh
[19:41:24]   平均出清价:  10.55 cents/kWh
[19:41:24]   市场独立度:  74.99%
[19:41:24] 
Buffer大小: 10000
[19:41:24] 噪声水平: 0.0594
[19:41:24] 
动作统计:
[19:41:24]   wind      : mean= 0.153, std= 0.092
[19:41:24]   solar     : mean=-0.164, std= 0.740
[19:41:24]   diesel    : mean= 0.333, std= 0.218
[19:41:24]   battery   : mean= 0.168, std= 0.809
[19:41:24]   customer  : mean= 0.836, std= 0.075
[19:41:25] 
======================================================================
[19:41:25] Episode 512/800
[19:41:25] ======================================================================
[19:41:25] 总奖励:  -151.40 | 步数: 24
[19:41:25] 最近10个episodes平均:  -150.14
[19:41:25] 
各Agent奖励:
[19:41:25]   wind      :   21.373
[19:41:25]   solar     :    9.082
[19:41:25]   diesel    :    0.565
[19:41:25]   battery   :    0.540
[19:41:25]   customer  : -182.964
[19:41:25] 
🔌 Main Grid 交易:
[19:41:25]   进口电量:     4.73 kWh
[19:41:25]   出口电量:   834.89 kWh
[19:41:25]   净交易量:  -830.17 kWh
[19:41:25]   平均出清价:  10.55 cents/kWh
[19:41:25]   市场独立度:  76.68%
[19:41:25] 
Buffer大小: 10000
[19:41:25] 噪声水平: 0.0593
[19:41:25] 
动作统计:
[19:41:25]   wind      : mean= 0.156, std= 0.103
[19:41:25]   solar     : mean=-0.154, std= 0.725
[19:41:25]   diesel    : mean= 0.327, std= 0.205
[19:41:25]   battery   : mean= 0.133, std= 0.850
[19:41:25]   customer  : mean= 0.840, std= 0.081
[19:41:26] 
======================================================================
[19:41:26] Episode 513/800
[19:41:26] ======================================================================
[19:41:26] 总奖励:  -148.97 | 步数: 24
[19:41:26] 最近10个episodes平均:  -149.71
[19:41:26] 
各Agent奖励:
[19:41:26]   wind      :   22.657
[19:41:26]   solar     :    7.777
[19:41:26]   diesel    :    0.543
[19:41:26]   battery   :    0.000
[19:41:26]   customer  : -179.944
[19:41:26] 
🔌 Main Grid 交易:
[19:41:26]   进口电量:     0.00 kWh
[19:41:26]   出口电量:   796.45 kWh
[19:41:26]   净交易量:  -796.45 kWh
[19:41:26]   平均出清价:   9.90 cents/kWh
[19:41:26]   市场独立度:  77.88%
[19:41:26] 
Buffer大小: 10000
[19:41:26] 噪声水平: 0.0593
[19:41:26] 
动作统计:
[19:41:26]   wind      : mean= 0.181, std= 0.124
[19:41:26]   solar     : mean=-0.144, std= 0.733
[19:41:26]   diesel    : mean= 0.297, std= 0.206
[19:41:26]   battery   : mean= 0.124, std= 0.864
[19:41:26]   customer  : mean= 0.843, std= 0.071
[19:41:28] 
======================================================================
[19:41:28] Episode 514/800
[19:41:28] ======================================================================
[19:41:28] 总奖励:  -154.58 | 步数: 24
[19:41:28] 最近10个episodes平均:  -150.00
[19:41:28] 
各Agent奖励:
[19:41:28]   wind      :   15.365
[19:41:28]   solar     :    7.241
[19:41:28]   diesel    :    0.860
[19:41:28]   battery   :    0.000
[19:41:28]   customer  : -178.047
[19:41:28] 
🔌 Main Grid 交易:
[19:41:28]   进口电量:    23.30 kWh
[19:41:28]   出口电量:   824.35 kWh
[19:41:28]   净交易量:  -801.05 kWh
[19:41:28]   平均出清价:   8.73 cents/kWh
[19:41:28]   市场独立度:  76.45%
[19:41:28] 
Buffer大小: 10000
[19:41:28] 噪声水平: 0.0592
[19:41:28] 
动作统计:
[19:41:28]   wind      : mean= 0.158, std= 0.107
[19:41:28]   solar     : mean=-0.148, std= 0.751
[19:41:28]   diesel    : mean= 0.286, std= 0.209
[19:41:28]   battery   : mean= 0.124, std= 0.855
[19:41:28]   customer  : mean= 0.844, std= 0.082
[19:41:30] 
======================================================================
[19:41:30] Episode 515/800
[19:41:30] ======================================================================
[19:41:30] 总奖励:  -157.97 | 步数: 24
[19:41:30] 最近10个episodes平均:  -150.57
[19:41:30] 
各Agent奖励:
[19:41:30]   wind      :   15.120
[19:41:30]   solar     :   11.135
[19:41:30]   diesel    :    3.185
[19:41:30]   battery   :    0.000
[19:41:30]   customer  : -187.412
[19:41:30] 
🔌 Main Grid 交易:
[19:41:30]   进口电量:     2.29 kWh
[19:41:30]   出口电量:   648.65 kWh
[19:41:30]   净交易量:  -646.36 kWh
[19:41:30]   平均出清价:  11.91 cents/kWh
[19:41:30]   市场独立度:  81.92%
[19:41:30] 
Buffer大小: 10000
[19:41:30] 噪声水平: 0.0591
[19:41:30] 
动作统计:
[19:41:30]   wind      : mean= 0.170, std= 0.102
[19:41:30]   solar     : mean=-0.130, std= 0.743
[19:41:30]   diesel    : mean= 0.289, std= 0.241
[19:41:30]   battery   : mean= 0.115, std= 0.864
[19:41:30]   customer  : mean= 0.846, std= 0.068
[19:41:31] 
======================================================================
[19:41:31] Episode 516/800
[19:41:31] ======================================================================
[19:41:31] 总奖励:  -157.59 | 步数: 24
[19:41:31] 最近10个episodes平均:  -151.69
[19:41:31] 
各Agent奖励:
[19:41:31]   wind      :   16.859
[19:41:31]   solar     :   10.042
[19:41:31]   diesel    :   -0.326
[19:41:31]   battery   :    0.000
[19:41:31]   customer  : -184.165
[19:41:31] 
🔌 Main Grid 交易:
[19:41:31]   进口电量:     0.00 kWh
[19:41:31]   出口电量:   732.92 kWh
[19:41:31]   净交易量:  -732.92 kWh
[19:41:31]   平均出清价:  10.59 cents/kWh
[19:41:31]   市场独立度:  79.64%
[19:41:31] 
Buffer大小: 10000
[19:41:31] 噪声水平: 0.0591
[19:41:31] 
动作统计:
[19:41:31]   wind      : mean= 0.163, std= 0.109
[19:41:31]   solar     : mean=-0.141, std= 0.735
[19:41:31]   diesel    : mean= 0.272, std= 0.229
[19:41:31]   battery   : mean= 0.124, std= 0.879
[19:41:31]   customer  : mean= 0.841, std= 0.079
[19:41:33] 
======================================================================
[19:41:33] Episode 517/800
[19:41:33] ======================================================================
[19:41:33] 总奖励:  -148.38 | 步数: 24
[19:41:33] 最近10个episodes平均:  -151.65
[19:41:33] 
各Agent奖励:
[19:41:33]   wind      :   21.201
[19:41:33]   solar     :    9.057
[19:41:33]   diesel    :   -0.085
[19:41:33]   battery   :    0.000
[19:41:33]   customer  : -178.555
[19:41:33] 
🔌 Main Grid 交易:
[19:41:33]   进口电量:     0.00 kWh
[19:41:33]   出口电量:   752.60 kWh
[19:41:33]   净交易量:  -752.60 kWh
[19:41:33]   平均出清价:   9.58 cents/kWh
[19:41:33]   市场独立度:  79.09%
[19:41:33] 
Buffer大小: 10000
[19:41:33] 噪声水平: 0.0590
[19:41:33] 
动作统计:
[19:41:33]   wind      : mean= 0.166, std= 0.110
[19:41:33]   solar     : mean=-0.154, std= 0.724
[19:41:33]   diesel    : mean= 0.269, std= 0.260
[19:41:33]   battery   : mean= 0.110, std= 0.872
[19:41:33]   customer  : mean= 0.832, std= 0.077
[19:41:37] 
======================================================================
[19:41:37] Episode 518/800
[19:41:37] ======================================================================
[19:41:37] 总奖励:  -145.56 | 步数: 24
[19:41:37] 最近10个episodes平均:  -151.41
[19:41:37] 
各Agent奖励:
[19:41:37]   wind      :   24.475
[19:41:37]   solar     :    8.597
[19:41:37]   diesel    :    0.403
[19:41:37]   battery   :    0.062
[19:41:37]   customer  : -179.102
[19:41:37] 
🔌 Main Grid 交易:
[19:41:37]   进口电量:     0.64 kWh
[19:41:37]   出口电量:   671.22 kWh
[19:41:37]   净交易量:  -670.58 kWh
[19:41:37]   平均出清价:   9.72 cents/kWh
[19:41:37]   市场独立度:  81.34%
[19:41:37] 
Buffer大小: 10000
[19:41:37] 噪声水平: 0.0590
[19:41:37] 
动作统计:
[19:41:37]   wind      : mean= 0.166, std= 0.142
[19:41:37]   solar     : mean=-0.155, std= 0.726
[19:41:37]   diesel    : mean= 0.244, std= 0.291
[19:41:37]   battery   : mean= 0.110, std= 0.868
[19:41:37]   customer  : mean= 0.845, std= 0.081
[19:41:38] 
======================================================================
[19:41:38] Episode 519/800
[19:41:38] ======================================================================
[19:41:38] 总奖励:  -138.58 | 步数: 24
[19:41:38] 最近10个episodes平均:  -150.14
[19:41:38] 
各Agent奖励:
[19:41:38]   wind      :   27.600
[19:41:38]   solar     :   11.964
[19:41:38]   diesel    :    1.226
[19:41:38]   battery   :    0.000
[19:41:38]   customer  : -179.368
[19:41:38] 
🔌 Main Grid 交易:
[19:41:38]   进口电量:    10.30 kWh
[19:41:38]   出口电量:   636.88 kWh
[19:41:38]   净交易量:  -626.58 kWh
[19:41:38]   平均出清价:  11.90 cents/kWh
[19:41:38]   市场独立度:  82.02%
[19:41:38] 
Buffer大小: 10000
[19:41:38] 噪声水平: 0.0589
[19:41:38] 
动作统计:
[19:41:38]   wind      : mean= 0.167, std= 0.123
[19:41:38]   solar     : mean=-0.146, std= 0.733
[19:41:38]   diesel    : mean= 0.234, std= 0.317
[19:41:38]   battery   : mean= 0.099, std= 0.898
[19:41:38]   customer  : mean= 0.803, std= 0.071
[19:41:40] 
======================================================================
[19:41:40] Episode 520/800
[19:41:40] ======================================================================
[19:41:40] 总奖励:  -154.43 | 步数: 24
[19:41:40] 最近10个episodes平均:  -151.19
[19:41:40] 
各Agent奖励:
[19:41:40]   wind      :   18.303
[19:41:40]   solar     :   12.162
[19:41:40]   diesel    :    0.404
[19:41:40]   battery   :    0.000
[19:41:40]   customer  : -185.297
[19:41:40] 
🔌 Main Grid 交易:
[19:41:40]   进口电量:    44.97 kWh
[19:41:40]   出口电量:   657.45 kWh
[19:41:40]   净交易量:  -612.48 kWh
[19:41:40]   平均出清价:  10.74 cents/kWh
[19:41:40]   市场独立度:  80.49%
[19:41:40] 
Buffer大小: 10000
[19:41:40] 噪声水平: 0.0588
[19:41:40] 
动作统计:
[19:41:40]   wind      : mean= 0.152, std= 0.130
[19:41:40]   solar     : mean=-0.150, std= 0.740
[19:41:40]   diesel    : mean= 0.235, std= 0.333
[19:41:40]   battery   : mean= 0.089, std= 0.898
[19:41:40]   customer  : mean= 0.824, std= 0.065
[19:41:40] 
📊 生成可视化图表...
[19:41:40]   ✓ debug_plots/training_ep0520.png
[19:41:42] 
======================================================================
[19:41:42] Episode 521/800
[19:41:42] ======================================================================
[19:41:42] 总奖励:  -151.95 | 步数: 24
[19:41:42] 最近10个episodes平均:  -150.94
[19:41:42] 
各Agent奖励:
[19:41:42]   wind      :   18.067
[19:41:42]   solar     :   10.502
[19:41:42]   diesel    :    0.522
[19:41:42]   battery   :    0.102
[19:41:42]   customer  : -181.140
[19:41:42] 
🔌 Main Grid 交易:
[19:41:42]   进口电量:    14.98 kWh
[19:41:42]   出口电量:   743.75 kWh
[19:41:42]   净交易量:  -728.77 kWh
[19:41:42]   平均出清价:  11.11 cents/kWh
[19:41:42]   市场独立度:  78.92%
[19:41:42] 
Buffer大小: 10000
[19:41:42] 噪声水平: 0.0588
[19:41:42] 
动作统计:
[19:41:42]   wind      : mean= 0.157, std= 0.114
[19:41:42]   solar     : mean=-0.134, std= 0.739
[19:41:42]   diesel    : mean= 0.225, std= 0.321
[19:41:42]   battery   : mean= 0.058, std= 0.909
[19:41:42]   customer  : mean= 0.837, std= 0.067
[19:41:43] 
======================================================================
[19:41:43] Episode 522/800
[19:41:43] ======================================================================
[19:41:43] 总奖励:  -144.03 | 步数: 24
[19:41:43] 最近10个episodes平均:  -150.20
[19:41:43] 
各Agent奖励:
[19:41:43]   wind      :   21.882
[19:41:43]   solar     :   14.510
[19:41:43]   diesel    :    2.133
[19:41:43]   battery   :    0.000
[19:41:43]   customer  : -182.557
[19:41:43] 
🔌 Main Grid 交易:
[19:41:43]   进口电量:    13.44 kWh
[19:41:43]   出口电量:   662.91 kWh
[19:41:43]   净交易量:  -649.46 kWh
[19:41:43]   平均出清价:  12.37 cents/kWh
[19:41:43]   市场独立度:  81.21%
[19:41:43] 
Buffer大小: 10000
[19:41:43] 噪声水平: 0.0587
[19:41:43] 
动作统计:
[19:41:43]   wind      : mean= 0.159, std= 0.114
[19:41:43]   solar     : mean=-0.142, std= 0.721
[19:41:43]   diesel    : mean= 0.198, std= 0.368
[19:41:43]   battery   : mean= 0.081, std= 0.909
[19:41:43]   customer  : mean= 0.831, std= 0.070
[19:41:44] 
======================================================================
[19:41:44] Episode 523/800
[19:41:44] ======================================================================
[19:41:44] 总奖励:  -150.41 | 步数: 24
[19:41:44] 最近10个episodes平均:  -150.35
[19:41:44] 
各Agent奖励:
[19:41:44]   wind      :   21.787
[19:41:44]   solar     :    9.945
[19:41:44]   diesel    :    1.546
[19:41:44]   battery   :    0.000
[19:41:44]   customer  : -183.686
[19:41:44] 
🔌 Main Grid 交易:
[19:41:44]   进口电量:    36.27 kWh
[19:41:44]   出口电量:   658.03 kWh
[19:41:44]   净交易量:  -621.76 kWh
[19:41:44]   平均出清价:  12.29 cents/kWh
[19:41:44]   市场独立度:  80.71%
[19:41:44] 
Buffer大小: 10000
[19:41:44] 噪声水平: 0.0587
[19:41:44] 
动作统计:
[19:41:44]   wind      : mean= 0.158, std= 0.111
[19:41:44]   solar     : mean=-0.136, std= 0.716
[19:41:44]   diesel    : mean= 0.218, std= 0.354
[19:41:44]   battery   : mean= 0.051, std= 0.926
[19:41:44]   customer  : mean= 0.825, std= 0.077
[19:41:45] 
======================================================================
[19:41:45] Episode 524/800
[19:41:45] ======================================================================
[19:41:45] 总奖励:  -156.93 | 步数: 24
[19:41:45] 最近10个episodes平均:  -150.58
[19:41:45] 
各Agent奖励:
[19:41:45]   wind      :   20.140
[19:41:45]   solar     :   11.245
[19:41:45]   diesel    :    2.286
[19:41:45]   battery   :    0.012
[19:41:45]   customer  : -190.616
[19:41:45] 
🔌 Main Grid 交易:
[19:41:45]   进口电量:    17.21 kWh
[19:41:45]   出口电量:   598.12 kWh
[19:41:45]   净交易量:  -580.92 kWh
[19:41:45]   平均出清价:  13.10 cents/kWh
[19:41:45]   市场独立度:  82.91%
[19:41:45] 
Buffer大小: 10000
[19:41:45] 噪声水平: 0.0586
[19:41:45] 
动作统计:
[19:41:45]   wind      : mean= 0.163, std= 0.123
[19:41:45]   solar     : mean=-0.129, std= 0.737
[19:41:45]   diesel    : mean= 0.207, std= 0.383
[19:41:45]   battery   : mean= 0.061, std= 0.929
[19:41:45]   customer  : mean= 0.831, std= 0.081
[19:41:47] 
======================================================================
[19:41:47] Episode 525/800
[19:41:47] ======================================================================
[19:41:47] 总奖励:  -152.21 | 步数: 24
[19:41:47] 最近10个episodes平均:  -150.01
[19:41:47] 
各Agent奖励:
[19:41:47]   wind      :   13.111
[19:41:47]   solar     :   10.151
[19:41:47]   diesel    :    0.700
[19:41:47]   battery   :    0.000
[19:41:47]   customer  : -176.169
[19:41:47] 
🔌 Main Grid 交易:
[19:41:47]   进口电量:    20.37 kWh
[19:41:47]   出口电量:   727.45 kWh
[19:41:47]   净交易量:  -707.08 kWh
[19:41:47]   平均出清价:  10.07 cents/kWh
[19:41:47]   市场独立度:  79.23%
[19:41:47] 
Buffer大小: 10000
[19:41:47] 噪声水平: 0.0586
[19:41:47] 
动作统计:
[19:41:47]   wind      : mean= 0.156, std= 0.116
[19:41:47]   solar     : mean=-0.141, std= 0.729
[19:41:47]   diesel    : mean= 0.202, std= 0.360
[19:41:47]   battery   : mean= 0.057, std= 0.926
[19:41:47]   customer  : mean= 0.841, std= 0.072
[19:41:48] 
======================================================================
[19:41:48] Episode 526/800
[19:41:48] ======================================================================
[19:41:48] 总奖励:  -137.12 | 步数: 24
[19:41:48] 最近10个episodes平均:  -147.96
[19:41:48] 
各Agent奖励:
[19:41:48]   wind      :   27.937
[19:41:48]   solar     :   11.179
[19:41:48]   diesel    :    0.185
[19:41:48]   battery   :    0.000
[19:41:48]   customer  : -176.419
[19:41:48] 
🔌 Main Grid 交易:
[19:41:48]   进口电量:     4.85 kWh
[19:41:48]   出口电量:   642.90 kWh
[19:41:48]   净交易量:  -638.05 kWh
[19:41:48]   平均出清价:  11.33 cents/kWh
[19:41:48]   市场独立度:  82.01%
[19:41:48] 
Buffer大小: 10000
[19:41:48] 噪声水平: 0.0585
[19:41:48] 
动作统计:
[19:41:48]   wind      : mean= 0.171, std= 0.122
[19:41:48]   solar     : mean=-0.138, std= 0.720
[19:41:48]   diesel    : mean= 0.206, std= 0.376
[19:41:48]   battery   : mean= 0.043, std= 0.930
[19:41:48]   customer  : mean= 0.822, std= 0.069
[19:41:50] 
======================================================================
[19:41:50] Episode 527/800
[19:41:50] ======================================================================
[19:41:50] 总奖励:  -159.06 | 步数: 24
[19:41:50] 最近10个episodes平均:  -149.03
[19:41:50] 
各Agent奖励:
[19:41:50]   wind      :   17.013
[19:41:50]   solar     :    9.350
[19:41:50]   diesel    :   -0.395
[19:41:50]   battery   :    0.000
[19:41:50]   customer  : -185.030
[19:41:50] 
🔌 Main Grid 交易:
[19:41:50]   进口电量:    18.03 kWh
[19:41:50]   出口电量:   759.25 kWh
[19:41:50]   净交易量:  -741.22 kWh
[19:41:50]   平均出清价:   9.96 cents/kWh
[19:41:50]   市场独立度:  78.41%
[19:41:50] 
Buffer大小: 10000
[19:41:50] 噪声水平: 0.0584
[19:41:50] 
动作统计:
[19:41:50]   wind      : mean= 0.141, std= 0.138
[19:41:50]   solar     : mean=-0.116, std= 0.710
[19:41:50]   diesel    : mean= 0.210, std= 0.364
[19:41:50]   battery   : mean= 0.055, std= 0.927
[19:41:50]   customer  : mean= 0.849, std= 0.075
[19:41:51] 
======================================================================
[19:41:51] Episode 528/800
[19:41:51] ======================================================================
[19:41:51] 总奖励:  -152.97 | 步数: 24
[19:41:51] 最近10个episodes平均:  -149.77
[19:41:51] 
各Agent奖励:
[19:41:51]   wind      :   21.657
[19:41:51]   solar     :   11.200
[19:41:51]   diesel    :    0.016
[19:41:51]   battery   :    0.000
[19:41:51]   customer  : -185.839
[19:41:51] 
🔌 Main Grid 交易:
[19:41:51]   进口电量:    15.00 kWh
[19:41:51]   出口电量:   748.89 kWh
[19:41:51]   净交易量:  -733.88 kWh
[19:41:51]   平均出清价:  11.49 cents/kWh
[19:41:51]   市场独立度:  78.78%
[19:41:51] 
Buffer大小: 10000
[19:41:51] 噪声水平: 0.0584
[19:41:51] 
动作统计:
[19:41:51]   wind      : mean= 0.162, std= 0.107
[19:41:51]   solar     : mean=-0.104, std= 0.697
[19:41:51]   diesel    : mean= 0.204, std= 0.388
[19:41:51]   battery   : mean= 0.050, std= 0.919
[19:41:51]   customer  : mean= 0.817, std= 0.057
[19:41:53] 
======================================================================
[19:41:53] Episode 529/800
[19:41:53] ======================================================================
[19:41:53] 总奖励:  -141.52 | 步数: 24
[19:41:53] 最近10个episodes平均:  -150.06
[19:41:53] 
各Agent奖励:
[19:41:53]   wind      :   20.822
[19:41:53]   solar     :   11.933
[19:41:53]   diesel    :    0.979
[19:41:53]   battery   :    0.609
[19:41:53]   customer  : -175.860
[19:41:53] 
🔌 Main Grid 交易:
[19:41:53]   进口电量:    41.72 kWh
[19:41:53]   出口电量:   704.51 kWh
[19:41:53]   净交易量:  -662.78 kWh
[19:41:53]   平均出清价:  12.32 cents/kWh
[19:41:53]   市场独立度:  79.27%
[19:41:53] 
Buffer大小: 10000
[19:41:53] 噪声水平: 0.0583
[19:41:53] 
动作统计:
[19:41:53]   wind      : mean= 0.158, std= 0.140
[19:41:53]   solar     : mean=-0.126, std= 0.714
[19:41:53]   diesel    : mean= 0.208, std= 0.381
[19:41:53]   battery   : mean= 0.053, std= 0.927
[19:41:53]   customer  : mean= 0.813, std= 0.074
[19:41:54] 
======================================================================
[19:41:54] Episode 530/800
[19:41:54] ======================================================================
[19:41:54] 总奖励:  -142.29 | 步数: 24
[19:41:54] 最近10个episodes平均:  -148.85
[19:41:54] 
各Agent奖励:
[19:41:54]   wind      :   25.962
[19:41:54]   solar     :   11.360
[19:41:54]   diesel    :    2.609
[19:41:54]   battery   :    0.040
[19:41:54]   customer  : -182.263
[19:41:54] 
🔌 Main Grid 交易:
[19:41:54]   进口电量:    14.22 kWh
[19:41:54]   出口电量:   668.45 kWh
[19:41:54]   净交易量:  -654.24 kWh
[19:41:54]   平均出清价:  11.65 cents/kWh
[19:41:54]   市场独立度:  81.04%
[19:41:54] 
Buffer大小: 10000
[19:41:54] 噪声水平: 0.0583
[19:41:54] 
动作统计:
[19:41:54]   wind      : mean= 0.174, std= 0.140
[19:41:54]   solar     : mean=-0.118, std= 0.710
[19:41:54]   diesel    : mean= 0.219, std= 0.378
[19:41:54]   battery   : mean= 0.062, std= 0.914
[19:41:54]   customer  : mean= 0.803, std= 0.094
[19:41:54] 
📊 生成可视化图表...
[19:41:55]   ✓ debug_plots/training_ep0530.png
[19:41:56] 
======================================================================
[19:41:56] Episode 531/800
[19:41:56] ======================================================================
[19:41:56] 总奖励:  -147.73 | 步数: 24
[19:41:56] 最近10个episodes平均:  -148.43
[19:41:56] 
各Agent奖励:
[19:41:56]   wind      :   20.853
[19:41:56]   solar     :    8.830
[19:41:56]   diesel    :    1.676
[19:41:56]   battery   :    0.297
[19:41:56]   customer  : -179.384
[19:41:56] 
🔌 Main Grid 交易:
[19:41:56]   进口电量:    25.93 kWh
[19:41:56]   出口电量:   714.79 kWh
[19:41:56]   净交易量:  -688.86 kWh
[19:41:56]   平均出清价:  12.56 cents/kWh
[19:41:56]   市场独立度:  79.42%
[19:41:56] 
Buffer大小: 10000
[19:41:56] 噪声水平: 0.0582
[19:41:56] 
动作统计:
[19:41:56]   wind      : mean= 0.167, std= 0.104
[19:41:56]   solar     : mean=-0.128, std= 0.726
[19:41:56]   diesel    : mean= 0.210, std= 0.389
[19:41:56]   battery   : mean= 0.090, std= 0.888
[19:41:56]   customer  : mean= 0.835, std= 0.066
[19:41:57] 
======================================================================
[19:41:57] Episode 532/800
[19:41:57] ======================================================================
[19:41:57] 总奖励:  -147.16 | 步数: 24
[19:41:57] 最近10个episodes平均:  -148.74
[19:41:57] 
各Agent奖励:
[19:41:57]   wind      :   21.287
[19:41:57]   solar     :    9.843
[19:41:57]   diesel    :    1.003
[19:41:57]   battery   :    0.000
[19:41:57]   customer  : -179.288
[19:41:57] 
🔌 Main Grid 交易:
[19:41:57]   进口电量:    18.13 kWh
[19:41:57]   出口电量:   675.15 kWh
[19:41:57]   净交易量:  -657.03 kWh
[19:41:57]   平均出清价:  11.19 cents/kWh
[19:41:57]   市场独立度:  80.74%
[19:41:57] 
Buffer大小: 10000
[19:41:57] 噪声水平: 0.0581
[19:41:57] 
动作统计:
[19:41:57]   wind      : mean= 0.174, std= 0.101
[19:41:57]   solar     : mean=-0.131, std= 0.697
[19:41:57]   diesel    : mean= 0.215, std= 0.361
[19:41:57]   battery   : mean= 0.119, std= 0.856
[19:41:57]   customer  : mean= 0.842, std= 0.075
[19:41:59] 
======================================================================
[19:41:59] Episode 533/800
[19:41:59] ======================================================================
[19:41:59] 总奖励:  -149.07 | 步数: 24
[19:41:59] 最近10个episodes平均:  -148.60
[19:41:59] 
各Agent奖励:
[19:41:59]   wind      :   21.942
[19:41:59]   solar     :    7.875
[19:41:59]   diesel    :    2.599
[19:41:59]   battery   :    0.000
[19:41:59]   customer  : -181.486
[19:41:59] 
🔌 Main Grid 交易:
[19:41:59]   进口电量:    37.26 kWh
[19:41:59]   出口电量:   664.18 kWh
[19:41:59]   净交易量:  -626.92 kWh
[19:41:59]   平均出清价:  11.05 cents/kWh
[19:41:59]   市场独立度:  80.52%
[19:41:59] 
Buffer大小: 10000
[19:41:59] 噪声水平: 0.0581
[19:41:59] 
动作统计:
[19:41:59]   wind      : mean= 0.167, std= 0.100
[19:41:59]   solar     : mean=-0.132, std= 0.723
[19:41:59]   diesel    : mean= 0.216, std= 0.374
[19:41:59]   battery   : mean= 0.163, std= 0.818
[19:41:59]   customer  : mean= 0.824, std= 0.100
[19:42:00] 
======================================================================
[19:42:00] Episode 534/800
[19:42:00] ======================================================================
[19:42:00] 总奖励:  -141.23 | 步数: 24
[19:42:00] 最近10个episodes平均:  -147.03
[19:42:00] 
各Agent奖励:
[19:42:00]   wind      :   27.992
[19:42:00]   solar     :   11.278
[19:42:00]   diesel    :    2.244
[19:42:00]   battery   :    0.654
[19:42:00]   customer  : -183.393
[19:42:00] 
🔌 Main Grid 交易:
[19:42:00]   进口电量:    21.35 kWh
[19:42:00]   出口电量:   771.76 kWh
[19:42:00]   净交易量:  -750.41 kWh
[19:42:00]   平均出清价:  12.52 cents/kWh
[19:42:00]   市场独立度:  77.97%
[19:42:00] 
Buffer大小: 10000
[19:42:00] 噪声水平: 0.0580
[19:42:00] 
动作统计:
[19:42:00]   wind      : mean= 0.148, std= 0.120
[19:42:00]   solar     : mean=-0.135, std= 0.717
[19:42:00]   diesel    : mean= 0.227, std= 0.381
[19:42:00]   battery   : mean= 0.221, std= 0.782
[19:42:00]   customer  : mean= 0.803, std= 0.089
[19:42:02] 
======================================================================
[19:42:02] Episode 535/800
[19:42:02] ======================================================================
[19:42:02] 总奖励:  -149.47 | 步数: 24
[19:42:02] 最近10个episodes平均:  -146.76
[19:42:02] 
各Agent奖励:
[19:42:02]   wind      :   26.792
[19:42:02]   solar     :    9.823
[19:42:02]   diesel    :    2.575
[19:42:02]   battery   :    0.393
[19:42:02]   customer  : -189.056
[19:42:02] 
🔌 Main Grid 交易:
[19:42:02]   进口电量:    35.33 kWh
[19:42:02]   出口电量:   670.52 kWh
[19:42:02]   净交易量:  -635.19 kWh
[19:42:02]   平均出清价:  11.58 cents/kWh
[19:42:02]   市场独立度:  80.39%
[19:42:02] 
Buffer大小: 10000
[19:42:02] 噪声水平: 0.0580
[19:42:02] 
动作统计:
[19:42:02]   wind      : mean= 0.141, std= 0.113
[19:42:02]   solar     : mean=-0.131, std= 0.727
[19:42:02]   diesel    : mean= 0.224, std= 0.360
[19:42:02]   battery   : mean= 0.276, std= 0.754
[19:42:02]   customer  : mean= 0.802, std= 0.114
[19:42:03] 
======================================================================
[19:42:03] Episode 536/800
[19:42:03] ======================================================================
[19:42:03] 总奖励:  -137.42 | 步数: 24
[19:42:03] 最近10个episodes平均:  -146.79
[19:42:03] 
各Agent奖励:
[19:42:03]   wind      :   28.808
[19:42:03]   solar     :   10.152
[19:42:03]   diesel    :    1.740
[19:42:03]   battery   :    0.488
[19:42:03]   customer  : -178.611
[19:42:03] 
🔌 Main Grid 交易:
[19:42:03]   进口电量:    17.28 kWh
[19:42:03]   出口电量:   702.49 kWh
[19:42:03]   净交易量:  -685.21 kWh
[19:42:03]   平均出清价:  12.13 cents/kWh
[19:42:03]   市场独立度:  80.01%
[19:42:03] 
Buffer大小: 10000
[19:42:03] 噪声水平: 0.0579
[19:42:03] 
动作统计:
[19:42:03]   wind      : mean= 0.146, std= 0.123
[19:42:03]   solar     : mean=-0.128, std= 0.719
[19:42:03]   diesel    : mean= 0.211, std= 0.354
[19:42:03]   battery   : mean= 0.269, std= 0.740
[19:42:03]   customer  : mean= 0.831, std= 0.094
[19:42:04] 
======================================================================
[19:42:04] Episode 537/800
[19:42:04] ======================================================================
[19:42:04] 总奖励:  -143.39 | 步数: 24
[19:42:04] 最近10个episodes平均:  -145.22
[19:42:04] 
各Agent奖励:
[19:42:04]   wind      :   25.993
[19:42:04]   solar     :   12.026
[19:42:04]   diesel    :    2.811
[19:42:04]   battery   :    0.694
[19:42:04]   customer  : -184.918
[19:42:04] 
🔌 Main Grid 交易:
[19:42:04]   进口电量:    45.60 kWh
[19:42:04]   出口电量:   600.50 kWh
[19:42:04]   净交易量:  -554.90 kWh
[19:42:04]   平均出清价:  12.65 cents/kWh
[19:42:04]   市场独立度:  82.05%
[19:42:04] 
Buffer大小: 10000
[19:42:04] 噪声水平: 0.0579
[19:42:04] 
动作统计:
[19:42:04]   wind      : mean= 0.161, std= 0.113
[19:42:04]   solar     : mean=-0.130, std= 0.717
[19:42:04]   diesel    : mean= 0.219, std= 0.370
[19:42:04]   battery   : mean= 0.295, std= 0.741
[19:42:04]   customer  : mean= 0.796, std= 0.083
[19:42:06] 
======================================================================
[19:42:06] Episode 538/800
[19:42:06] ======================================================================
[19:42:06] 总奖励:  -148.82 | 步数: 24
[19:42:06] 最近10个episodes平均:  -144.81
[19:42:06] 
各Agent奖励:
[19:42:06]   wind      :   26.724
[19:42:06]   solar     :    8.094
[19:42:06]   diesel    :    2.952
[19:42:06]   battery   :    0.465
[19:42:06]   customer  : -187.058
[19:42:06] 
🔌 Main Grid 交易:
[19:42:06]   进口电量:    53.46 kWh
[19:42:06]   出口电量:   713.49 kWh
[19:42:06]   净交易量:  -660.03 kWh
[19:42:06]   平均出清价:  12.15 cents/kWh
[19:42:06]   市场独立度:  78.70%
[19:42:06] 
Buffer大小: 10000
[19:42:06] 噪声水平: 0.0578
[19:42:06] 
动作统计:
[19:42:06]   wind      : mean= 0.165, std= 0.110
[19:42:06]   solar     : mean=-0.125, std= 0.732
[19:42:06]   diesel    : mean= 0.210, std= 0.361
[19:42:06]   battery   : mean= 0.296, std= 0.730
[19:42:06]   customer  : mean= 0.804, std= 0.108
[19:42:08] 
======================================================================
[19:42:08] Episode 539/800
[19:42:08] ======================================================================
[19:42:08] 总奖励:  -145.28 | 步数: 24
[19:42:08] 最近10个episodes平均:  -145.19
[19:42:08] 
各Agent奖励:
[19:42:08]   wind      :   25.867
[19:42:08]   solar     :    7.442
[19:42:08]   diesel    :    0.420
[19:42:08]   battery   :    0.000
[19:42:08]   customer  : -179.009
[19:42:08] 
🔌 Main Grid 交易:
[19:42:08]   进口电量:     4.09 kWh
[19:42:08]   出口电量:   696.00 kWh
[19:42:08]   净交易量:  -691.92 kWh
[19:42:08]   平均出清价:   9.94 cents/kWh
[19:42:08]   市场独立度:  80.55%
[19:42:08] 
Buffer大小: 10000
[19:42:08] 噪声水平: 0.0577
[19:42:08] 
动作统计:
[19:42:08]   wind      : mean= 0.178, std= 0.092
[19:42:08]   solar     : mean=-0.127, std= 0.722
[19:42:08]   diesel    : mean= 0.201, std= 0.349
[19:42:08]   battery   : mean= 0.304, std= 0.721
[19:42:08]   customer  : mean= 0.839, std= 0.087
[19:42:09] 
======================================================================
[19:42:09] Episode 540/800
[19:42:09] ======================================================================
[19:42:09] 总奖励:  -145.80 | 步数: 24
[19:42:09] 最近10个episodes平均:  -145.54
[19:42:09] 
各Agent奖励:
[19:42:09]   wind      :   26.017
[19:42:09]   solar     :    9.218
[19:42:09]   diesel    :    0.877
[19:42:09]   battery   :    0.000
[19:42:09]   customer  : -181.912
[19:42:09] 
🔌 Main Grid 交易:
[19:42:09]   进口电量:    34.66 kWh
[19:42:09]   出口电量:   656.89 kWh
[19:42:09]   净交易量:  -622.24 kWh
[19:42:09]   平均出清价:  11.21 cents/kWh
[19:42:09]   市场独立度:  80.79%
[19:42:09] 
Buffer大小: 10000
[19:42:09] 噪声水平: 0.0577
[19:42:09] 
动作统计:
[19:42:09]   wind      : mean= 0.164, std= 0.103
[19:42:09]   solar     : mean=-0.157, std= 0.722
[19:42:09]   diesel    : mean= 0.202, std= 0.364
[19:42:09]   battery   : mean= 0.314, std= 0.723
[19:42:09]   customer  : mean= 0.816, std= 0.088
[19:42:09] 
📊 生成可视化图表...
[19:42:09]   ✓ debug_plots/training_ep0540.png
[19:42:10] 
======================================================================
[19:42:10] Episode 541/800
[19:42:10] ======================================================================
[19:42:10] 总奖励:  -151.16 | 步数: 24
[19:42:10] 最近10个episodes平均:  -145.88
[19:42:10] 
各Agent奖励:
[19:42:10]   wind      :   21.949
[19:42:10]   solar     :   10.503
[19:42:10]   diesel    :    0.129
[19:42:10]   battery   :    0.000
[19:42:10]   customer  : -183.740
[19:42:10] 
🔌 Main Grid 交易:
[19:42:10]   进口电量:    28.58 kWh
[19:42:10]   出口电量:   665.30 kWh
[19:42:10]   净交易量:  -636.72 kWh
[19:42:10]   平均出清价:  10.07 cents/kWh
[19:42:10]   市场独立度:  80.73%
[19:42:10] 
Buffer大小: 10000
[19:42:10] 噪声水平: 0.0576
[19:42:10] 
动作统计:
[19:42:10]   wind      : mean= 0.152, std= 0.101
[19:42:10]   solar     : mean=-0.141, std= 0.732
[19:42:10]   diesel    : mean= 0.196, std= 0.359
[19:42:10]   battery   : mean= 0.310, std= 0.708
[19:42:10]   customer  : mean= 0.830, std= 0.094
[19:42:11] 
======================================================================
[19:42:11] Episode 542/800
[19:42:11] ======================================================================
[19:42:11] 总奖励:  -164.22 | 步数: 24
[19:42:11] 最近10个episodes平均:  -147.59
[19:42:11] 
各Agent奖励:
[19:42:11]   wind      :   19.429
[19:42:11]   solar     :    7.682
[19:42:11]   diesel    :    1.545
[19:42:11]   battery   :    1.184
[19:42:11]   customer  : -194.061
[19:42:11] 
🔌 Main Grid 交易:
[19:42:11]   进口电量:    65.60 kWh
[19:42:11]   出口电量:   582.60 kWh
[19:42:11]   净交易量:  -517.00 kWh
[19:42:11]   平均出清价:  12.20 cents/kWh
[19:42:11]   市场独立度:  81.99%
[19:42:11] 
Buffer大小: 10000
[19:42:11] 噪声水平: 0.0576
[19:42:11] 
动作统计:
[19:42:11]   wind      : mean= 0.147, std= 0.075
[19:42:11]   solar     : mean=-0.143, std= 0.745
[19:42:11]   diesel    : mean= 0.183, std= 0.340
[19:42:11]   battery   : mean= 0.313, std= 0.698
[19:42:11]   customer  : mean= 0.829, std= 0.091
[19:42:13] 
======================================================================
[19:42:13] Episode 543/800
[19:42:13] ======================================================================
[19:42:13] 总奖励:  -149.20 | 步数: 24
[19:42:13] 最近10个episodes平均:  -147.60
[19:42:13] 
各Agent奖励:
[19:42:13]   wind      :   27.584
[19:42:13]   solar     :    7.871
[19:42:13]   diesel    :    1.115
[19:42:13]   battery   :    0.023
[19:42:13]   customer  : -185.789
[19:42:13] 
🔌 Main Grid 交易:
[19:42:13]   进口电量:    22.32 kWh
[19:42:13]   出口电量:   621.16 kWh
[19:42:13]   净交易量:  -598.84 kWh
[19:42:13]   平均出清价:  11.56 cents/kWh
[19:42:13]   市场独立度:  82.13%
[19:42:13] 
Buffer大小: 10000
[19:42:13] 噪声水平: 0.0575
[19:42:13] 
动作统计:
[19:42:13]   wind      : mean= 0.150, std= 0.082
[19:42:13]   solar     : mean=-0.146, std= 0.717
[19:42:13]   diesel    : mean= 0.188, std= 0.350
[19:42:13]   battery   : mean= 0.314, std= 0.725
[19:42:13]   customer  : mean= 0.842, std= 0.088
[19:42:14] 
======================================================================
[19:42:14] Episode 544/800
[19:42:14] ======================================================================
[19:42:14] 总奖励:  -156.57 | 步数: 24
[19:42:14] 最近10个episodes平均:  -149.13
[19:42:14] 
各Agent奖励:
[19:42:14]   wind      :   15.828
[19:42:14]   solar     :    9.388
[19:42:14]   diesel    :    1.635
[19:42:14]   battery   :    0.635
[19:42:14]   customer  : -184.053
[19:42:14] 
🔌 Main Grid 交易:
[19:42:14]   进口电量:    40.97 kWh
[19:42:14]   出口电量:   687.84 kWh
[19:42:14]   净交易量:  -646.87 kWh
[19:42:14]   平均出清价:  10.60 cents/kWh
[19:42:14]   市场独立度:  79.76%
[19:42:14] 
Buffer大小: 10000
[19:42:14] 噪声水平: 0.0574
[19:42:14] 
动作统计:
[19:42:14]   wind      : mean= 0.143, std= 0.093
[19:42:14]   solar     : mean=-0.157, std= 0.727
[19:42:14]   diesel    : mean= 0.200, std= 0.360
[19:42:14]   battery   : mean= 0.295, std= 0.722
[19:42:14]   customer  : mean= 0.821, std= 0.092
[19:42:15] 
======================================================================
[19:42:15] Episode 545/800
[19:42:15] ======================================================================
[19:42:15] 总奖励:  -143.70 | 步数: 24
[19:42:15] 最近10个episodes平均:  -148.56
[19:42:15] 
各Agent奖励:
[19:42:15]   wind      :   27.331
[19:42:15]   solar     :    8.330
[19:42:15]   diesel    :    1.051
[19:42:15]   battery   :    0.000
[19:42:15]   customer  : -180.414
[19:42:15] 
🔌 Main Grid 交易:
[19:42:15]   进口电量:    38.90 kWh
[19:42:15]   出口电量:   583.40 kWh
[19:42:15]   净交易量:  -544.50 kWh
[19:42:15]   平均出清价:  11.43 cents/kWh
[19:42:15]   市场独立度:  82.71%
[19:42:15] 
Buffer大小: 10000
[19:42:15] 噪声水平: 0.0574
[19:42:15] 
动作统计:
[19:42:15]   wind      : mean= 0.151, std= 0.082
[19:42:15]   solar     : mean=-0.152, std= 0.730
[19:42:15]   diesel    : mean= 0.191, std= 0.358
[19:42:15]   battery   : mean= 0.312, std= 0.711
[19:42:15]   customer  : mean= 0.806, std= 0.092
[19:42:16] 
======================================================================
[19:42:16] Episode 546/800
[19:42:16] ======================================================================
[19:42:16] 总奖励:  -146.43 | 步数: 24
[19:42:16] 最近10个episodes平均:  -149.46
[19:42:16] 
各Agent奖励:
[19:42:16]   wind      :   27.593
[19:42:16]   solar     :   10.268
[19:42:16]   diesel    :    2.565
[19:42:16]   battery   :    0.000
[19:42:16]   customer  : -186.853
[19:42:16] 
🔌 Main Grid 交易:
[19:42:16]   进口电量:    17.72 kWh
[19:42:16]   出口电量:   584.39 kWh
[19:42:16]   净交易量:  -566.67 kWh
[19:42:16]   平均出清价:  12.61 cents/kWh
[19:42:16]   市场独立度:  83.27%
[19:42:16] 
Buffer大小: 10000
[19:42:16] 噪声水平: 0.0573
[19:42:16] 
动作统计:
[19:42:16]   wind      : mean= 0.149, std= 0.078
[19:42:16]   solar     : mean=-0.140, std= 0.725
[19:42:16]   diesel    : mean= 0.195, std= 0.363
[19:42:16]   battery   : mean= 0.324, std= 0.694
[19:42:16]   customer  : mean= 0.821, std= 0.076
[19:42:18] 
======================================================================
[19:42:18] Episode 547/800
[19:42:18] ======================================================================
[19:42:18] 总奖励:  -151.03 | 步数: 24
[19:42:18] 最近10个episodes平均:  -150.22
[19:42:18] 
各Agent奖励:
[19:42:18]   wind      :   23.195
[19:42:18]   solar     :    7.414
[19:42:18]   diesel    :    2.027
[19:42:18]   battery   :    0.341
[19:42:18]   customer  : -184.010
[19:42:18] 
🔌 Main Grid 交易:
[19:42:18]   进口电量:    44.35 kWh
[19:42:18]   出口电量:   654.56 kWh
[19:42:18]   净交易量:  -610.21 kWh
[19:42:18]   平均出清价:  11.98 cents/kWh
[19:42:18]   市场独立度:  80.59%
[19:42:18] 
Buffer大小: 10000
[19:42:18] 噪声水平: 0.0573
[19:42:18] 
动作统计:
[19:42:18]   wind      : mean= 0.143, std= 0.098
[19:42:18]   solar     : mean=-0.140, std= 0.742
[19:42:18]   diesel    : mean= 0.192, std= 0.355
[19:42:18]   battery   : mean= 0.343, std= 0.676
[19:42:18]   customer  : mean= 0.832, std= 0.099
[19:42:19] 
======================================================================
[19:42:19] Episode 548/800
[19:42:19] ======================================================================
[19:42:19] 总奖励:  -134.52 | 步数: 24
[19:42:19] 最近10个episodes平均:  -148.79
[19:42:19] 
各Agent奖励:
[19:42:19]   wind      :   32.645
[19:42:19]   solar     :    7.770
[19:42:19]   diesel    :    0.233
[19:42:19]   battery   :    0.153
[19:42:19]   customer  : -175.322
[19:42:19] 
🔌 Main Grid 交易:
[19:42:19]   进口电量:     7.23 kWh
[19:42:19]   出口电量:   684.33 kWh
[19:42:19]   净交易量:  -677.09 kWh
[19:42:19]   平均出清价:  10.52 cents/kWh
[19:42:19]   市场独立度:  80.79%
[19:42:19] 
Buffer大小: 10000
[19:42:19] 噪声水平: 0.0572
[19:42:19] 
动作统计:
[19:42:19]   wind      : mean= 0.140, std= 0.099
[19:42:19]   solar     : mean=-0.167, std= 0.728
[19:42:19]   diesel    : mean= 0.207, std= 0.352
[19:42:19]   battery   : mean= 0.340, std= 0.676
[19:42:19]   customer  : mean= 0.819, std= 0.087
[19:42:20] 
======================================================================
[19:42:20] Episode 549/800
[19:42:20] ======================================================================
[19:42:20] 总奖励:  -144.57 | 步数: 24
[19:42:20] 最近10个episodes平均:  -148.72
[19:42:20] 
各Agent奖励:
[19:42:20]   wind      :   21.421
[19:42:20]   solar     :    6.798
[19:42:20]   diesel    :    2.453
[19:42:20]   battery   :    0.000
[19:42:20]   customer  : -175.245
[19:42:20] 
🔌 Main Grid 交易:
[19:42:20]   进口电量:    13.11 kWh
[19:42:20]   出口电量:   659.90 kWh
[19:42:20]   净交易量:  -646.79 kWh
[19:42:20]   平均出清价:   9.83 cents/kWh
[19:42:20]   市场独立度:  81.31%
[19:42:20] 
Buffer大小: 10000
[19:42:20] 噪声水平: 0.0572
[19:42:20] 
动作统计:
[19:42:20]   wind      : mean= 0.136, std= 0.111
[19:42:20]   solar     : mean=-0.153, std= 0.740
[19:42:20]   diesel    : mean= 0.195, std= 0.344
[19:42:20]   battery   : mean= 0.344, std= 0.660
[19:42:20]   customer  : mean= 0.827, std= 0.086
[19:42:21] 
======================================================================
[19:42:21] Episode 550/800
[19:42:21] ======================================================================
[19:42:21] 总奖励:  -139.33 | 步数: 24
[19:42:21] 最近10个episodes平均:  -148.07
[19:42:21] 
各Agent奖励:
[19:42:21]   wind      :   27.530
[19:42:21]   solar     :    7.828
[19:42:21]   diesel    :    0.605
[19:42:21]   battery   :    0.000
[19:42:21]   customer  : -175.292
[19:42:21] 
🔌 Main Grid 交易:
[19:42:21]   进口电量:    12.05 kWh
[19:42:21]   出口电量:   657.75 kWh
[19:42:21]   净交易量:  -645.70 kWh
[19:42:21]   平均出清价:  10.46 cents/kWh
[19:42:21]   市场独立度:  81.39%
[19:42:21] 
Buffer大小: 10000
[19:42:21] 噪声水平: 0.0571
[19:42:21] 
动作统计:
[19:42:21]   wind      : mean= 0.135, std= 0.083
[19:42:21]   solar     : mean=-0.134, std= 0.731
[19:42:21]   diesel    : mean= 0.184, std= 0.366
[19:42:21]   battery   : mean= 0.338, std= 0.673
[19:42:21]   customer  : mean= 0.819, std= 0.073
[19:42:21] 
📊 生成可视化图表...
[19:42:22]   ✓ debug_plots/training_ep0550.png
[19:42:22] 💾 保存checkpoint: debug_checkpoints/debug_maddpg_20251203_193028_ep0550.pt
[19:42:25] 
======================================================================
[19:42:25] Episode 551/800
[19:42:25] ======================================================================
[19:42:25] 总奖励:  -154.63 | 步数: 24
[19:42:25] 最近10个episodes平均:  -148.42
[19:42:25] 
各Agent奖励:
[19:42:25]   wind      :   21.917
[19:42:25]   solar     :    6.169
[19:42:25]   diesel    :    0.646
[19:42:25]   battery   :    0.411
[19:42:25]   customer  : -183.770
[19:42:25] 
🔌 Main Grid 交易:
[19:42:25]   进口电量:    38.27 kWh
[19:42:25]   出口电量:   723.68 kWh
[19:42:25]   净交易量:  -685.41 kWh
[19:42:25]   平均出清价:  10.89 cents/kWh
[19:42:25]   市场独立度:  78.83%
[19:42:25] 
Buffer大小: 10000
[19:42:25] 噪声水平: 0.0570
[19:42:25] 
动作统计:
[19:42:25]   wind      : mean= 0.154, std= 0.082
[19:42:25]   solar     : mean=-0.134, std= 0.751
[19:42:25]   diesel    : mean= 0.182, std= 0.354
[19:42:25]   battery   : mean= 0.330, std= 0.667
[19:42:25]   customer  : mean= 0.836, std= 0.069
[19:42:26] 
======================================================================
[19:42:26] Episode 552/800
[19:42:26] ======================================================================
[19:42:26] 总奖励:  -151.96 | 步数: 24
[19:42:26] 最近10个episodes平均:  -147.19
[19:42:26] 
各Agent奖励:
[19:42:26]   wind      :   22.050
[19:42:26]   solar     :    5.176
[19:42:26]   diesel    :    1.893
[19:42:26]   battery   :    0.000
[19:42:26]   customer  : -181.079
[19:42:26] 
🔌 Main Grid 交易:
[19:42:26]   进口电量:    35.30 kWh
[19:42:26]   出口电量:   586.51 kWh
[19:42:26]   净交易量:  -551.21 kWh
[19:42:26]   平均出清价:  10.51 cents/kWh
[19:42:26]   市场独立度:  82.73%
[19:42:26] 
Buffer大小: 10000
[19:42:26] 噪声水平: 0.0570
[19:42:26] 
动作统计:
[19:42:26]   wind      : mean= 0.134, std= 0.082
[19:42:26]   solar     : mean=-0.137, std= 0.740
[19:42:26]   diesel    : mean= 0.185, std= 0.349
[19:42:26]   battery   : mean= 0.341, std= 0.682
[19:42:26]   customer  : mean= 0.831, std= 0.068
[19:42:28] 
======================================================================
[19:42:28] Episode 553/800
[19:42:28] ======================================================================
[19:42:28] 总奖励:  -149.37 | 步数: 24
[19:42:28] 最近10个episodes平均:  -147.21
[19:42:28] 
各Agent奖励:
[19:42:28]   wind      :   27.097
[19:42:28]   solar     :    6.474
[19:42:28]   diesel    :    2.125
[19:42:28]   battery   :    0.074
[19:42:28]   customer  : -185.143
[19:42:28] 
🔌 Main Grid 交易:
[19:42:28]   进口电量:     7.27 kWh
[19:42:28]   出口电量:   660.27 kWh
[19:42:28]   净交易量:  -653.01 kWh
[19:42:28]   平均出清价:  11.68 cents/kWh
[19:42:28]   市场独立度:  81.46%
[19:42:28] 
Buffer大小: 10000
[19:42:28] 噪声水平: 0.0569
[19:42:28] 
动作统计:
[19:42:28]   wind      : mean= 0.142, std= 0.070
[19:42:28]   solar     : mean=-0.155, std= 0.743
[19:42:28]   diesel    : mean= 0.202, std= 0.356
[19:42:28]   battery   : mean= 0.352, std= 0.664
[19:42:28]   customer  : mean= 0.830, std= 0.080
[19:42:29] 
======================================================================
[19:42:29] Episode 554/800
[19:42:29] ======================================================================
[19:42:29] 总奖励:  -144.42 | 步数: 24
[19:42:29] 最近10个episodes平均:  -146.00
[19:42:29] 
各Agent奖励:
[19:42:29]   wind      :   26.785
[19:42:29]   solar     :    3.647
[19:42:29]   diesel    :    0.282
[19:42:29]   battery   :    0.000
[19:42:29]   customer  : -175.130
[19:42:29] 
🔌 Main Grid 交易:
[19:42:29]   进口电量:     0.00 kWh
[19:42:29]   出口电量:   584.12 kWh
[19:42:29]   净交易量:  -584.12 kWh
[19:42:29]   平均出清价:   9.68 cents/kWh
[19:42:29]   市场独立度:  83.77%
[19:42:29] 
Buffer大小: 10000
[19:42:29] 噪声水平: 0.0569
[19:42:29] 
动作统计:
[19:42:29]   wind      : mean= 0.132, std= 0.091
[19:42:29]   solar     : mean=-0.124, std= 0.749
[19:42:29]   diesel    : mean= 0.193, std= 0.333
[19:42:29]   battery   : mean= 0.336, std= 0.677
[19:42:29]   customer  : mean= 0.839, std= 0.078
[19:42:30] 
======================================================================
[19:42:30] Episode 555/800
[19:42:30] ======================================================================
[19:42:30] 总奖励:  -154.70 | 步数: 24
[19:42:30] 最近10个episodes平均:  -147.10
[19:42:30] 
各Agent奖励:
[19:42:30]   wind      :   22.193
[19:42:30]   solar     :    6.579
[19:42:30]   diesel    :    1.519
[19:42:30]   battery   :    0.000
[19:42:30]   customer  : -184.995
[19:42:30] 
🔌 Main Grid 交易:
[19:42:30]   进口电量:    55.92 kWh
[19:42:30]   出口电量:   687.86 kWh
[19:42:30]   净交易量:  -631.94 kWh
[19:42:30]   平均出清价:  12.15 cents/kWh
[19:42:30]   市场独立度:  79.34%
[19:42:30] 
Buffer大小: 10000
[19:42:30] 噪声水平: 0.0568
[19:42:30] 
动作统计:
[19:42:30]   wind      : mean= 0.133, std= 0.067
[19:42:30]   solar     : mean=-0.139, std= 0.749
[19:42:30]   diesel    : mean= 0.203, std= 0.324
[19:42:30]   battery   : mean= 0.352, std= 0.653
[19:42:30]   customer  : mean= 0.836, std= 0.091
[19:42:32] 
======================================================================
[19:42:32] Episode 556/800
[19:42:32] ======================================================================
[19:42:32] 总奖励:  -148.20 | 步数: 24
[19:42:32] 最近10个episodes平均:  -147.27
[19:42:32] 
各Agent奖励:
[19:42:32]   wind      :   23.829
[19:42:32]   solar     :    5.761
[19:42:32]   diesel    :    5.280
[19:42:32]   battery   :    0.501
[19:42:32]   customer  : -183.567
[19:42:32] 
🔌 Main Grid 交易:
[19:42:32]   进口电量:    13.26 kWh
[19:42:32]   出口电量:   663.64 kWh
[19:42:32]   净交易量:  -650.37 kWh
[19:42:32]   平均出清价:  10.31 cents/kWh
[19:42:32]   市场独立度:  81.20%
[19:42:32] 
Buffer大小: 10000
[19:42:32] 噪声水平: 0.0568
[19:42:32] 
动作统计:
[19:42:32]   wind      : mean= 0.132, std= 0.069
[19:42:32]   solar     : mean=-0.142, std= 0.739
[19:42:32]   diesel    : mean= 0.200, std= 0.340
[19:42:32]   battery   : mean= 0.360, std= 0.637
[19:42:32]   customer  : mean= 0.834, std= 0.070
[19:42:35] 
======================================================================
[19:42:35] Episode 557/800
[19:42:35] ======================================================================
[19:42:35] 总奖励:  -155.44 | 步数: 24
[19:42:35] 最近10个episodes平均:  -147.71
[19:42:35] 
各Agent奖励:
[19:42:35]   wind      :   20.355
[19:42:35]   solar     :    7.178
[19:42:35]   diesel    :    0.868
[19:42:35]   battery   :    0.464
[19:42:35]   customer  : -184.303
[19:42:35] 
🔌 Main Grid 交易:
[19:42:35]   进口电量:    52.85 kWh
[19:42:35]   出口电量:   635.87 kWh
[19:42:35]   净交易量:  -583.02 kWh
[19:42:35]   平均出清价:  11.83 cents/kWh
[19:42:35]   市场独立度:  80.87%
[19:42:35] 
Buffer大小: 10000
[19:42:35] 噪声水平: 0.0567
[19:42:35] 
动作统计:
[19:42:35]   wind      : mean= 0.132, std= 0.067
[19:42:35]   solar     : mean=-0.152, std= 0.727
[19:42:35]   diesel    : mean= 0.197, std= 0.331
[19:42:35]   battery   : mean= 0.341, std= 0.640
[19:42:35]   customer  : mean= 0.813, std= 0.078
[19:42:36] 
======================================================================
[19:42:36] Episode 558/800
[19:42:36] ======================================================================
[19:42:36] 总奖励:  -147.47 | 步数: 24
[19:42:36] 最近10个episodes平均:  -149.01
[19:42:36] 
各Agent奖励:
[19:42:36]   wind      :   30.352
[19:42:36]   solar     :    6.789
[19:42:36]   diesel    :    1.211
[19:42:36]   battery   :    0.000
[19:42:36]   customer  : -185.826
[19:42:36] 
🔌 Main Grid 交易:
[19:42:36]   进口电量:    12.80 kWh
[19:42:36]   出口电量:   683.45 kWh
[19:42:36]   净交易量:  -670.65 kWh
[19:42:36]   平均出清价:  10.73 cents/kWh
[19:42:36]   市场独立度:  80.66%
[19:42:36] 
Buffer大小: 10000
[19:42:36] 噪声水平: 0.0566
[19:42:36] 
动作统计:
[19:42:36]   wind      : mean= 0.151, std= 0.075
[19:42:36]   solar     : mean=-0.156, std= 0.734
[19:42:36]   diesel    : mean= 0.198, std= 0.350
[19:42:36]   battery   : mean= 0.363, std= 0.642
[19:42:36]   customer  : mean= 0.824, std= 0.085
[19:42:38] 
======================================================================
[19:42:38] Episode 559/800
[19:42:38] ======================================================================
[19:42:38] 总奖励:  -153.06 | 步数: 24
[19:42:38] 最近10个episodes平均:  -149.86
[19:42:38] 
各Agent奖励:
[19:42:38]   wind      :   25.577
[19:42:38]   solar     :    7.236
[19:42:38]   diesel    :    2.504
[19:42:38]   battery   :    0.000
[19:42:38]   customer  : -188.379
[19:42:38] 
🔌 Main Grid 交易:
[19:42:38]   进口电量:    21.08 kWh
[19:42:38]   出口电量:   718.27 kWh
[19:42:38]   净交易量:  -697.19 kWh
[19:42:38]   平均出清价:  10.23 cents/kWh
[19:42:38]   市场独立度:  79.46%
[19:42:38] 
Buffer大小: 10000
[19:42:38] 噪声水平: 0.0566
[19:42:38] 
动作统计:
[19:42:38]   wind      : mean= 0.143, std= 0.069
[19:42:38]   solar     : mean=-0.145, std= 0.742
[19:42:38]   diesel    : mean= 0.172, std= 0.364
[19:42:38]   battery   : mean= 0.343, std= 0.645
[19:42:38]   customer  : mean= 0.831, std= 0.080
[19:42:39] 
======================================================================
[19:42:39] Episode 560/800
[19:42:39] ======================================================================
[19:42:39] 总奖励:  -140.36 | 步数: 24
[19:42:39] 最近10个episodes平均:  -149.96
[19:42:39] 
各Agent奖励:
[19:42:39]   wind      :   27.972
[19:42:39]   solar     :    9.960
[19:42:39]   diesel    :    1.398
[19:42:39]   battery   :    0.533
[19:42:39]   customer  : -180.223
[19:42:39] 
🔌 Main Grid 交易:
[19:42:39]   进口电量:     9.98 kWh
[19:42:39]   出口电量:   713.81 kWh
[19:42:39]   净交易量:  -703.82 kWh
[19:42:39]   平均出清价:  11.41 cents/kWh
[19:42:39]   市场独立度:  79.89%
[19:42:39] 
Buffer大小: 10000
[19:42:39] 噪声水平: 0.0565
[19:42:39] 
动作统计:
[19:42:39]   wind      : mean= 0.124, std= 0.082
[19:42:39]   solar     : mean=-0.133, std= 0.747
[19:42:39]   diesel    : mean= 0.192, std= 0.359
[19:42:39]   battery   : mean= 0.360, std= 0.638
[19:42:39]   customer  : mean= 0.835, std= 0.086
[19:42:39] 
📊 生成可视化图表...
[19:42:40]   ✓ debug_plots/training_ep0560.png
[19:42:42] 
======================================================================
[19:42:42] Episode 561/800
[19:42:42] ======================================================================
[19:42:42] 总奖励:  -144.47 | 步数: 24
[19:42:42] 最近10个episodes平均:  -148.95
[19:42:42] 
各Agent奖励:
[19:42:42]   wind      :   25.073
[19:42:42]   solar     :    7.869
[19:42:42]   diesel    :    0.660
[19:42:42]   battery   :    0.000
[19:42:42]   customer  : -178.075
[19:42:42] 
🔌 Main Grid 交易:
[19:42:42]   进口电量:    17.47 kWh
[19:42:42]   出口电量:   622.15 kWh
[19:42:42]   净交易量:  -604.68 kWh
[19:42:42]   平均出清价:  10.27 cents/kWh
[19:42:42]   市场独立度:  82.23%
[19:42:42] 
Buffer大小: 10000
[19:42:42] 噪声水平: 0.0565
[19:42:42] 
动作统计:
[19:42:42]   wind      : mean= 0.119, std= 0.085
[19:42:42]   solar     : mean=-0.129, std= 0.751
[19:42:42]   diesel    : mean= 0.196, std= 0.348
[19:42:42]   battery   : mean= 0.347, std= 0.646
[19:42:42]   customer  : mean= 0.817, std= 0.072
[19:42:43] 
======================================================================
[19:42:43] Episode 562/800
[19:42:43] ======================================================================
[19:42:43] 总奖励:  -148.89 | 步数: 24
[19:42:43] 最近10个episodes平均:  -148.64
[19:42:43] 
各Agent奖励:
[19:42:43]   wind      :   25.576
[19:42:43]   solar     :    5.898
[19:42:43]   diesel    :    1.080
[19:42:43]   battery   :    0.686
[19:42:43]   customer  : -182.125
[19:42:43] 
🔌 Main Grid 交易:
[19:42:43]   进口电量:    37.88 kWh
[19:42:43]   出口电量:   689.01 kWh
[19:42:43]   净交易量:  -651.14 kWh
[19:42:43]   平均出清价:  10.00 cents/kWh
[19:42:43]   市场独立度:  79.81%
[19:42:43] 
Buffer大小: 10000
[19:42:43] 噪声水平: 0.0564
[19:42:43] 
动作统计:
[19:42:43]   wind      : mean= 0.104, std= 0.066
[19:42:43]   solar     : mean=-0.130, std= 0.728
[19:42:43]   diesel    : mean= 0.208, std= 0.373
[19:42:43]   battery   : mean= 0.356, std= 0.654
[19:42:43]   customer  : mean= 0.829, std= 0.084
[19:42:44] 
======================================================================
[19:42:44] Episode 563/800
[19:42:44] ======================================================================
[19:42:44] 总奖励:  -156.91 | 步数: 24
[19:42:44] 最近10个episodes平均:  -149.39
[19:42:44] 
各Agent奖励:
[19:42:44]   wind      :   21.236
[19:42:44]   solar     :    7.295
[19:42:44]   diesel    :    2.707
[19:42:44]   battery   :    0.000
[19:42:44]   customer  : -188.149
[19:42:44] 
🔌 Main Grid 交易:
[19:42:44]   进口电量:    48.20 kWh
[19:42:44]   出口电量:   660.90 kWh
[19:42:44]   净交易量:  -612.70 kWh
[19:42:44]   平均出清价:  11.05 cents/kWh
[19:42:44]   市场独立度:  80.30%
[19:42:44] 
Buffer大小: 10000
[19:42:44] 噪声水平: 0.0564
[19:42:44] 
动作统计:
[19:42:44]   wind      : mean= 0.129, std= 0.083
[19:42:44]   solar     : mean=-0.145, std= 0.744
[19:42:44]   diesel    : mean= 0.196, std= 0.368
[19:42:44]   battery   : mean= 0.349, std= 0.668
[19:42:44]   customer  : mean= 0.805, std= 0.070
[19:42:45] 
======================================================================
[19:42:45] Episode 564/800
[19:42:45] ======================================================================
[19:42:45] 总奖励:  -154.64 | 步数: 24
[19:42:45] 最近10个episodes平均:  -150.41
[19:42:45] 
各Agent奖励:
[19:42:45]   wind      :   19.354
[19:42:45]   solar     :    6.537
[19:42:45]   diesel    :    2.749
[19:42:45]   battery   :    0.000
[19:42:45]   customer  : -183.275
[19:42:45] 
🔌 Main Grid 交易:
[19:42:45]   进口电量:    44.11 kWh
[19:42:45]   出口电量:   766.78 kWh
[19:42:45]   净交易量:  -722.67 kWh
[19:42:45]   平均出清价:   9.95 cents/kWh
[19:42:45]   市场独立度:  77.48%
[19:42:45] 
Buffer大小: 10000
[19:42:45] 噪声水平: 0.0563
[19:42:45] 
动作统计:
[19:42:45]   wind      : mean= 0.121, std= 0.081
[19:42:45]   solar     : mean=-0.139, std= 0.736
[19:42:45]   diesel    : mean= 0.206, std= 0.388
[19:42:45]   battery   : mean= 0.322, std= 0.653
[19:42:45]   customer  : mean= 0.822, std= 0.074
[19:42:47] 
======================================================================
[19:42:47] Episode 565/800
[19:42:47] ======================================================================
[19:42:47] 总奖励:  -151.06 | 步数: 24
[19:42:47] 最近10个episodes平均:  -150.05
[19:42:47] 
各Agent奖励:
[19:42:47]   wind      :   24.053
[19:42:47]   solar     :    5.352
[19:42:47]   diesel    :    0.929
[19:42:47]   battery   :    0.628
[19:42:47]   customer  : -182.024
[19:42:47] 
🔌 Main Grid 交易:
[19:42:47]   进口电量:    42.75 kWh
[19:42:47]   出口电量:   749.84 kWh
[19:42:47]   净交易量:  -707.10 kWh
[19:42:47]   平均出清价:  10.04 cents/kWh
[19:42:47]   市场独立度:  77.98%
[19:42:47] 
Buffer大小: 10000
[19:42:47] 噪声水平: 0.0563
[19:42:47] 
动作统计:
[19:42:47]   wind      : mean= 0.127, std= 0.083
[19:42:47]   solar     : mean=-0.142, std= 0.742
[19:42:47]   diesel    : mean= 0.187, std= 0.372
[19:42:47]   battery   : mean= 0.333, std= 0.657
[19:42:47]   customer  : mean= 0.817, std= 0.095
[19:42:49] 
======================================================================
[19:42:49] Episode 566/800
[19:42:49] ======================================================================
[19:42:49] 总奖励:  -151.97 | 步数: 24
[19:42:49] 最近10个episodes平均:  -150.43
[19:42:49] 
各Agent奖励:
[19:42:49]   wind      :   25.381
[19:42:49]   solar     :    5.967
[19:42:49]   diesel    :    2.249
[19:42:49]   battery   :    0.000
[19:42:49]   customer  : -185.573
[19:42:49] 
🔌 Main Grid 交易:
[19:42:49]   进口电量:    12.22 kWh
[19:42:49]   出口电量:   674.95 kWh
[19:42:49]   净交易量:  -662.73 kWh
[19:42:49]   平均出清价:  10.93 cents/kWh
[19:42:49]   市场独立度:  80.91%
[19:42:49] 
Buffer大小: 10000
[19:42:49] 噪声水平: 0.0562
[19:42:49] 
动作统计:
[19:42:49]   wind      : mean= 0.138, std= 0.079
[19:42:49]   solar     : mean=-0.143, std= 0.747
[19:42:49]   diesel    : mean= 0.200, std= 0.381
[19:42:49]   battery   : mean= 0.340, std= 0.644
[19:42:49]   customer  : mean= 0.835, std= 0.081
[19:42:51] 
======================================================================
[19:42:51] Episode 567/800
[19:42:51] ======================================================================
[19:42:51] 总奖励:  -145.16 | 步数: 24
[19:42:51] 最近10个episodes平均:  -149.40
[19:42:51] 
各Agent奖励:
[19:42:51]   wind      :   24.571
[19:42:51]   solar     :    8.726
[19:42:51]   diesel    :    0.715
[19:42:51]   battery   :    0.000
[19:42:51]   customer  : -179.173
[19:42:51] 
🔌 Main Grid 交易:
[19:42:51]   进口电量:    10.94 kWh
[19:42:51]   出口电量:   735.47 kWh
[19:42:51]   净交易量:  -724.52 kWh
[19:42:51]   平均出清价:  10.46 cents/kWh
[19:42:51]   市场独立度:  79.27%
[19:42:51] 
Buffer大小: 10000
[19:42:51] 噪声水平: 0.0561
[19:42:51] 
动作统计:
[19:42:51]   wind      : mean= 0.124, std= 0.076
[19:42:51]   solar     : mean=-0.125, std= 0.743
[19:42:51]   diesel    : mean= 0.218, std= 0.388
[19:42:51]   battery   : mean= 0.338, std= 0.637
[19:42:51]   customer  : mean= 0.825, std= 0.084
[19:42:52] 
======================================================================
[19:42:52] Episode 568/800
[19:42:52] ======================================================================
[19:42:52] 总奖励:  -152.15 | 步数: 24
[19:42:52] 最近10个episodes平均:  -149.87
[19:42:52] 
各Agent奖励:
[19:42:52]   wind      :   29.218
[19:42:52]   solar     :    4.581
[19:42:52]   diesel    :    1.005
[19:42:52]   battery   :    0.000
[19:42:52]   customer  : -186.951
[19:42:52] 
🔌 Main Grid 交易:
[19:42:52]   进口电量:    35.64 kWh
[19:42:52]   出口电量:   704.04 kWh
[19:42:52]   净交易量:  -668.40 kWh
[19:42:52]   平均出清价:  10.60 cents/kWh
[19:42:52]   市场独立度:  79.45%
[19:42:52] 
Buffer大小: 10000
[19:42:52] 噪声水平: 0.0561
[19:42:52] 
动作统计:
[19:42:52]   wind      : mean= 0.109, std= 0.061
[19:42:52]   solar     : mean=-0.135, std= 0.745
[19:42:52]   diesel    : mean= 0.196, std= 0.397
[19:42:52]   battery   : mean= 0.314, std= 0.659
[19:42:52]   customer  : mean= 0.817, std= 0.065
[19:42:54] 
======================================================================
[19:42:54] Episode 569/800
[19:42:54] ======================================================================
[19:42:54] 总奖励:  -168.81 | 步数: 24
[19:42:54] 最近10个episodes平均:  -151.44
[19:42:54] 
各Agent奖励:
[19:42:54]   wind      :   19.137
[19:42:54]   solar     :    5.393
[19:42:54]   diesel    :    1.527
[19:42:54]   battery   :    0.206
[19:42:54]   customer  : -195.069
[19:42:54] 
🔌 Main Grid 交易:
[19:42:54]   进口电量:    30.60 kWh
[19:42:54]   出口电量:   722.16 kWh
[19:42:54]   净交易量:  -691.56 kWh
[19:42:54]   平均出清价:  11.54 cents/kWh
[19:42:54]   市场独立度:  79.09%
[19:42:54] 
Buffer大小: 10000
[19:42:54] 噪声水平: 0.0560
[19:42:54] 
动作统计:
[19:42:54]   wind      : mean= 0.099, std= 0.086
[19:42:54]   solar     : mean=-0.148, std= 0.752
[19:42:54]   diesel    : mean= 0.192, std= 0.376
[19:42:54]   battery   : mean= 0.291, std= 0.674
[19:42:54]   customer  : mean= 0.843, std= 0.075
[19:42:55] 
======================================================================
[19:42:55] Episode 570/800
[19:42:55] ======================================================================
[19:42:55] 总奖励:  -151.14 | 步数: 24
[19:42:55] 最近10个episodes平均:  -152.52
[19:42:55] 
各Agent奖励:
[19:42:55]   wind      :   22.224
[19:42:55]   solar     :    5.108
[19:42:55]   diesel    :    2.799
[19:42:55]   battery   :    0.000
[19:42:55]   customer  : -181.275
[19:42:55] 
🔌 Main Grid 交易:
[19:42:55]   进口电量:    26.28 kWh
[19:42:55]   出口电量:   760.81 kWh
[19:42:55]   净交易量:  -734.54 kWh
[19:42:55]   平均出清价:  10.00 cents/kWh
[19:42:55]   市场独立度:  78.14%
[19:42:55] 
Buffer大小: 10000
[19:42:55] 噪声水平: 0.0560
[19:42:55] 
动作统计:
[19:42:55]   wind      : mean= 0.108, std= 0.078
[19:42:55]   solar     : mean=-0.135, std= 0.748
[19:42:55]   diesel    : mean= 0.213, std= 0.376
[19:42:55]   battery   : mean= 0.295, std= 0.724
[19:42:55]   customer  : mean= 0.826, std= 0.081
[19:42:55] 
📊 生成可视化图表...
[19:42:56]   ✓ debug_plots/training_ep0570.png
[19:42:58] 
======================================================================
[19:42:58] Episode 571/800
[19:42:58] ======================================================================
[19:42:58] 总奖励:  -150.93 | 步数: 24
[19:42:58] 最近10个episodes平均:  -153.17
[19:42:58] 
各Agent奖励:
[19:42:58]   wind      :   21.197
[19:42:58]   solar     :    4.155
[19:42:58]   diesel    :    1.248
[19:42:58]   battery   :    0.000
[19:42:58]   customer  : -177.530
[19:42:58] 
🔌 Main Grid 交易:
[19:42:58]   进口电量:    27.65 kWh
[19:42:58]   出口电量:   784.40 kWh
[19:42:58]   净交易量:  -756.74 kWh
[19:42:58]   平均出清价:   8.09 cents/kWh
[19:42:58]   市场独立度:  77.44%
[19:42:58] 
Buffer大小: 10000
[19:42:58] 噪声水平: 0.0559
[19:42:58] 
动作统计:
[19:42:58]   wind      : mean= 0.107, std= 0.082
[19:42:58]   solar     : mean=-0.149, std= 0.738
[19:42:58]   diesel    : mean= 0.208, std= 0.389
[19:42:58]   battery   : mean= 0.289, std= 0.709
[19:42:58]   customer  : mean= 0.836, std= 0.061
[19:42:59] 
======================================================================
[19:42:59] Episode 572/800
[19:42:59] ======================================================================
[19:42:59] 总奖励:  -165.28 | 步数: 24
[19:42:59] 最近10个episodes平均:  -154.81
[19:42:59] 
各Agent奖励:
[19:42:59]   wind      :   20.428
[19:42:59]   solar     :    6.177
[19:42:59]   diesel    :    1.723
[19:42:59]   battery   :    0.000
[19:42:59]   customer  : -193.612
[19:42:59] 
🔌 Main Grid 交易:
[19:42:59]   进口电量:    25.32 kWh
[19:42:59]   出口电量:   750.48 kWh
[19:42:59]   净交易量:  -725.16 kWh
[19:42:59]   平均出清价:  11.38 cents/kWh
[19:42:59]   市场独立度:  78.45%
[19:42:59] 
Buffer大小: 10000
[19:42:59] 噪声水平: 0.0559
[19:42:59] 
动作统计:
[19:42:59]   wind      : mean= 0.120, std= 0.077
[19:42:59]   solar     : mean=-0.135, std= 0.734
[19:42:59]   diesel    : mean= 0.196, std= 0.392
[19:42:59]   battery   : mean= 0.298, std= 0.699
[19:42:59]   customer  : mean= 0.845, std= 0.057
[19:43:01] 
======================================================================
[19:43:01] Episode 573/800
[19:43:01] ======================================================================
[19:43:01] 总奖励:  -155.83 | 步数: 24
[19:43:01] 最近10个episodes平均:  -154.70
[19:43:01] 
各Agent奖励:
[19:43:01]   wind      :   23.983
[19:43:01]   solar     :    8.322
[19:43:01]   diesel    :    5.214
[19:43:01]   battery   :    0.000
[19:43:01]   customer  : -193.348
[19:43:01] 
🔌 Main Grid 交易:
[19:43:01]   进口电量:    36.97 kWh
[19:43:01]   出口电量:   656.19 kWh
[19:43:01]   净交易量:  -619.22 kWh
[19:43:01]   平均出清价:  11.83 cents/kWh
[19:43:01]   市场独立度:  80.75%
[19:43:01] 
Buffer大小: 10000
[19:43:01] 噪声水平: 0.0558
[19:43:01] 
动作统计:
[19:43:01]   wind      : mean= 0.098, std= 0.065
[19:43:01]   solar     : mean=-0.122, std= 0.721
[19:43:01]   diesel    : mean= 0.220, std= 0.389
[19:43:01]   battery   : mean= 0.301, std= 0.708
[19:43:01]   customer  : mean= 0.811, std= 0.069
[19:43:02] 
======================================================================
[19:43:02] Episode 574/800
[19:43:02] ======================================================================
[19:43:02] 总奖励:  -146.56 | 步数: 24
[19:43:02] 最近10个episodes平均:  -153.89
[19:43:02] 
各Agent奖励:
[19:43:02]   wind      :   27.320
[19:43:02]   solar     :    7.182
[19:43:02]   diesel    :    1.795
[19:43:02]   battery   :    0.106
[19:43:02]   customer  : -182.962
[19:43:02] 
🔌 Main Grid 交易:
[19:43:02]   进口电量:    12.51 kWh
[19:43:02]   出口电量:   730.70 kWh
[19:43:02]   净交易量:  -718.19 kWh
[19:43:02]   平均出清价:  10.56 cents/kWh
[19:43:02]   市场独立度:  79.36%
[19:43:02] 
Buffer大小: 10000
[19:43:02] 噪声水平: 0.0558
[19:43:02] 
动作统计:
[19:43:02]   wind      : mean= 0.110, std= 0.089
[19:43:02]   solar     : mean=-0.136, std= 0.729
[19:43:02]   diesel    : mean= 0.207, std= 0.390
[19:43:02]   battery   : mean= 0.308, std= 0.702
[19:43:02]   customer  : mean= 0.819, std= 0.074
[19:43:03] 
======================================================================
[19:43:03] Episode 575/800
[19:43:03] ======================================================================
[19:43:03] 总奖励:  -151.46 | 步数: 24
[19:43:03] 最近10个episodes平均:  -153.93
[19:43:03] 
各Agent奖励:
[19:43:03]   wind      :   25.070
[19:43:03]   solar     :    2.935
[19:43:03]   diesel    :    2.518
[19:43:03]   battery   :    0.086
[19:43:03]   customer  : -182.071
[19:43:03] 
🔌 Main Grid 交易:
[19:43:03]   进口电量:    15.86 kWh
[19:43:03]   出口电量:   718.51 kWh
[19:43:03]   净交易量:  -702.65 kWh
[19:43:03]   平均出清价:   8.98 cents/kWh
[19:43:03]   市场独立度:  79.60%
[19:43:03] 
Buffer大小: 10000
[19:43:03] 噪声水平: 0.0557
[19:43:03] 
动作统计:
[19:43:03]   wind      : mean= 0.110, std= 0.078
[19:43:03]   solar     : mean=-0.129, std= 0.753
[19:43:03]   diesel    : mean= 0.202, std= 0.375
[19:43:03]   battery   : mean= 0.290, std= 0.713
[19:43:03]   customer  : mean= 0.828, std= 0.068
[19:43:05] 
======================================================================
[19:43:05] Episode 576/800
[19:43:05] ======================================================================
[19:43:05] 总奖励:  -143.39 | 步数: 24
[19:43:05] 最近10个episodes平均:  -153.07
[19:43:05] 
各Agent奖励:
[19:43:05]   wind      :   27.010
[19:43:05]   solar     :    3.712
[19:43:05]   diesel    :    0.290
[19:43:05]   battery   :    0.041
[19:43:05]   customer  : -174.446
[19:43:05] 
🔌 Main Grid 交易:
[19:43:05]   进口电量:     7.43 kWh
[19:43:05]   出口电量:   868.55 kWh
[19:43:05]   净交易量:  -861.13 kWh
[19:43:05]   平均出清价:   8.78 cents/kWh
[19:43:05]   市场独立度:  75.67%
[19:43:05] 
Buffer大小: 10000
[19:43:05] 噪声水平: 0.0556
[19:43:05] 
动作统计:
[19:43:05]   wind      : mean= 0.102, std= 0.079
[19:43:05]   solar     : mean=-0.138, std= 0.744
[19:43:05]   diesel    : mean= 0.198, std= 0.386
[19:43:05]   battery   : mean= 0.302, std= 0.708
[19:43:05]   customer  : mean= 0.846, std= 0.072
[19:43:06] 
======================================================================
[19:43:06] Episode 577/800
[19:43:06] ======================================================================
[19:43:06] 总奖励:  -145.24 | 步数: 24
[19:43:06] 最近10个episodes平均:  -153.08
[19:43:06] 
各Agent奖励:
[19:43:06]   wind      :   30.654
[19:43:06]   solar     :    6.598
[19:43:06]   diesel    :    1.411
[19:43:06]   battery   :    0.000
[19:43:06]   customer  : -183.904
[19:43:06] 
🔌 Main Grid 交易:
[19:43:06]   进口电量:    50.35 kWh
[19:43:06]   出口电量:   714.46 kWh
[19:43:06]   净交易量:  -664.11 kWh
[19:43:06]   平均出清价:  10.37 cents/kWh
[19:43:06]   市场独立度:  78.76%
[19:43:06] 
Buffer大小: 10000
[19:43:06] 噪声水平: 0.0556
[19:43:06] 
动作统计:
[19:43:06]   wind      : mean= 0.085, std= 0.102
[19:43:06]   solar     : mean=-0.155, std= 0.738
[19:43:06]   diesel    : mean= 0.206, std= 0.381
[19:43:06]   battery   : mean= 0.296, std= 0.702
[19:43:06]   customer  : mean= 0.799, std= 0.081
[19:43:08] 
======================================================================
[19:43:08] Episode 578/800
[19:43:08] ======================================================================
[19:43:08] 总奖励:  -135.13 | 步数: 24
[19:43:08] 最近10个episodes平均:  -151.38
[19:43:08] 
各Agent奖励:
[19:43:08]   wind      :   35.075
[19:43:08]   solar     :    6.036
[19:43:08]   diesel    :    0.855
[19:43:08]   battery   :    0.000
[19:43:08]   customer  : -177.092
[19:43:08] 
🔌 Main Grid 交易:
[19:43:08]   进口电量:     8.44 kWh
[19:43:08]   出口电量:   695.85 kWh
[19:43:08]   净交易量:  -687.41 kWh
[19:43:08]   平均出清价:  10.23 cents/kWh
[19:43:08]   市场独立度:  80.44%
[19:43:08] 
Buffer大小: 10000
[19:43:08] 噪声水平: 0.0555
[19:43:08] 
动作统计:
[19:43:08]   wind      : mean= 0.097, std= 0.068
[19:43:08]   solar     : mean=-0.128, std= 0.740
[19:43:08]   diesel    : mean= 0.200, std= 0.391
[19:43:08]   battery   : mean= 0.285, std= 0.717
[19:43:08]   customer  : mean= 0.819, std= 0.086
[19:43:10] 
======================================================================
[19:43:10] Episode 579/800
[19:43:10] ======================================================================
[19:43:10] 总奖励:  -144.04 | 步数: 24
[19:43:10] 最近10个episodes平均:  -148.90
[19:43:10] 
各Agent奖励:
[19:43:10]   wind      :   31.976
[19:43:10]   solar     :    4.199
[19:43:10]   diesel    :    0.288
[19:43:10]   battery   :    0.000
[19:43:10]   customer  : -180.501
[19:43:10] 
🔌 Main Grid 交易:
[19:43:10]   进口电量:    19.01 kWh
[19:43:10]   出口电量:   801.86 kWh
[19:43:10]   净交易量:  -782.85 kWh
[19:43:10]   平均出清价:  10.25 cents/kWh
[19:43:10]   市场独立度:  77.20%
[19:43:10] 
Buffer大小: 10000
[19:43:10] 噪声水平: 0.0555
[19:43:10] 
动作统计:
[19:43:10]   wind      : mean= 0.103, std= 0.083
[19:43:10]   solar     : mean=-0.128, std= 0.746
[19:43:10]   diesel    : mean= 0.197, std= 0.413
[19:43:10]   battery   : mean= 0.244, std= 0.737
[19:43:10]   customer  : mean= 0.833, std= 0.080
[19:43:12] 
======================================================================
[19:43:12] Episode 580/800
[19:43:12] ======================================================================
[19:43:12] 总奖励:  -149.99 | 步数: 24
[19:43:12] 最近10个episodes平均:  -148.79
[19:43:12] 
各Agent奖励:
[19:43:12]   wind      :   24.098
[19:43:12]   solar     :    5.088
[19:43:12]   diesel    :    0.050
[19:43:12]   battery   :    0.000
[19:43:12]   customer  : -179.229
[19:43:12] 
🔌 Main Grid 交易:
[19:43:12]   进口电量:     7.30 kWh
[19:43:12]   出口电量:   792.76 kWh
[19:43:12]   净交易量:  -785.46 kWh
[19:43:12]   平均出清价:   9.17 cents/kWh
[19:43:12]   市场独立度:  77.78%
[19:43:12] 
Buffer大小: 10000
[19:43:12] 噪声水平: 0.0554
[19:43:12] 
动作统计:
[19:43:12]   wind      : mean= 0.094, std= 0.078
[19:43:12]   solar     : mean=-0.142, std= 0.729
[19:43:12]   diesel    : mean= 0.189, std= 0.411
[19:43:12]   battery   : mean= 0.240, std= 0.747
[19:43:12]   customer  : mean= 0.843, std= 0.059
[19:43:12] 
📊 生成可视化图表...
[19:43:13]   ✓ debug_plots/training_ep0580.png
[19:43:14] 
======================================================================
[19:43:14] Episode 581/800
[19:43:14] ======================================================================
[19:43:14] 总奖励:  -151.95 | 步数: 24
[19:43:14] 最近10个episodes平均:  -148.89
[19:43:14] 
各Agent奖励:
[19:43:14]   wind      :   24.833
[19:43:14]   solar     :    8.201
[19:43:14]   diesel    :   -2.432
[19:43:14]   battery   :    0.000
[19:43:14]   customer  : -182.552
[19:43:14] 
🔌 Main Grid 交易:
[19:43:14]   进口电量:    24.96 kWh
[19:43:14]   出口电量:   673.75 kWh
[19:43:14]   净交易量:  -648.79 kWh
[19:43:14]   平均出清价:  10.44 cents/kWh
[19:43:14]   市场独立度:  80.59%
[19:43:14] 
Buffer大小: 10000
[19:43:14] 噪声水平: 0.0554
[19:43:14] 
动作统计:
[19:43:14]   wind      : mean= 0.106, std= 0.086
[19:43:14]   solar     : mean=-0.142, std= 0.727
[19:43:14]   diesel    : mean= 0.197, std= 0.420
[19:43:14]   battery   : mean= 0.237, std= 0.751
[19:43:14]   customer  : mean= 0.812, std= 0.060
[19:43:15] 
======================================================================
[19:43:15] Episode 582/800
[19:43:15] ======================================================================
[19:43:15] 总奖励:  -156.38 | 步数: 24
[19:43:15] 最近10个episodes平均:  -148.00
[19:43:15] 
各Agent奖励:
[19:43:15]   wind      :   21.447
[19:43:15]   solar     :    4.569
[19:43:15]   diesel    :    1.285
[19:43:15]   battery   :    0.000
[19:43:15]   customer  : -183.678
[19:43:15] 
🔌 Main Grid 交易:
[19:43:15]   进口电量:    28.95 kWh
[19:43:15]   出口电量:   708.34 kWh
[19:43:15]   净交易量:  -679.40 kWh
[19:43:15]   平均出清价:  10.41 cents/kWh
[19:43:15]   市场独立度:  79.52%
[19:43:15] 
Buffer大小: 10000
[19:43:15] 噪声水平: 0.0553
[19:43:15] 
动作统计:
[19:43:15]   wind      : mean= 0.105, std= 0.086
[19:43:15]   solar     : mean=-0.149, std= 0.740
[19:43:15]   diesel    : mean= 0.178, std= 0.430
[19:43:15]   battery   : mean= 0.226, std= 0.754
[19:43:15]   customer  : mean= 0.842, std= 0.073
[19:43:17] 
======================================================================
[19:43:17] Episode 583/800
[19:43:17] ======================================================================
[19:43:17] 总奖励:  -156.79 | 步数: 24
[19:43:17] 最近10个episodes平均:  -148.09
[19:43:17] 
各Agent奖励:
[19:43:17]   wind      :   21.964
[19:43:17]   solar     :    7.364
[19:43:17]   diesel    :    1.490
[19:43:17]   battery   :    0.000
[19:43:17]   customer  : -187.604
[19:43:17] 
🔌 Main Grid 交易:
[19:43:17]   进口电量:    24.18 kWh
[19:43:17]   出口电量:   687.27 kWh
[19:43:17]   净交易量:  -663.09 kWh
[19:43:17]   平均出清价:  11.39 cents/kWh
[19:43:17]   市场独立度:  80.24%
[19:43:17] 
Buffer大小: 10000
[19:43:17] 噪声水平: 0.0553
[19:43:17] 
动作统计:
[19:43:17]   wind      : mean= 0.108, std= 0.097
[19:43:17]   solar     : mean=-0.147, std= 0.737
[19:43:17]   diesel    : mean= 0.196, std= 0.418
[19:43:17]   battery   : mean= 0.224, std= 0.761
[19:43:17]   customer  : mean= 0.834, std= 0.051
[19:43:18] 
======================================================================
[19:43:18] Episode 584/800
[19:43:18] ======================================================================
[19:43:18] 总奖励:  -146.40 | 步数: 24
[19:43:18] 最近10个episodes平均:  -148.08
[19:43:18] 
各Agent奖励:
[19:43:18]   wind      :   30.369
[19:43:18]   solar     :    5.724
[19:43:18]   diesel    :    1.642
[19:43:18]   battery   :    0.000
[19:43:18]   customer  : -184.131
[19:43:18] 
🔌 Main Grid 交易:
[19:43:18]   进口电量:    23.85 kWh
[19:43:18]   出口电量:   743.25 kWh
[19:43:18]   净交易量:  -719.40 kWh
[19:43:18]   平均出清价:  10.41 cents/kWh
[19:43:18]   市场独立度:  78.69%
[19:43:18] 
Buffer大小: 10000
[19:43:18] 噪声水平: 0.0552
[19:43:18] 
动作统计:
[19:43:18]   wind      : mean= 0.096, std= 0.069
[19:43:18]   solar     : mean=-0.135, std= 0.737
[19:43:18]   diesel    : mean= 0.195, std= 0.434
[19:43:18]   battery   : mean= 0.227, std= 0.749
[19:43:18]   customer  : mean= 0.815, std= 0.060
[19:43:20] 
======================================================================
[19:43:20] Episode 585/800
[19:43:20] ======================================================================
[19:43:20] 总奖励:  -150.70 | 步数: 24
[19:43:20] 最近10个episodes平均:  -148.00
[19:43:20] 
各Agent奖励:
[19:43:20]   wind      :   27.266
[19:43:20]   solar     :    3.972
[19:43:20]   diesel    :    1.260
[19:43:20]   battery   :    0.045
[19:43:20]   customer  : -183.240
[19:43:20] 
🔌 Main Grid 交易:
[19:43:20]   进口电量:     9.59 kWh
[19:43:20]   出口电量:   701.27 kWh
[19:43:20]   净交易量:  -691.67 kWh
[19:43:20]   平均出清价:   9.12 cents/kWh
[19:43:20]   市场独立度:  80.25%
[19:43:20] 
Buffer大小: 10000
[19:43:20] 噪声水平: 0.0551
[19:43:20] 
动作统计:
[19:43:20]   wind      : mean= 0.096, std= 0.107
[19:43:20]   solar     : mean=-0.144, std= 0.742
[19:43:20]   diesel    : mean= 0.198, std= 0.434
[19:43:20]   battery   : mean= 0.232, std= 0.740
[19:43:20]   customer  : mean= 0.820, std= 0.079
[19:43:22] 
======================================================================
[19:43:22] Episode 586/800
[19:43:22] ======================================================================
[19:43:22] 总奖励:  -147.36 | 步数: 24
[19:43:22] 最近10个episodes平均:  -148.40
[19:43:22] 
各Agent奖励:
[19:43:22]   wind      :   25.986
[19:43:22]   solar     :    7.059
[19:43:22]   diesel    :    2.254
[19:43:22]   battery   :    0.437
[19:43:22]   customer  : -183.091
[19:43:22] 
🔌 Main Grid 交易:
[19:43:22]   进口电量:    25.36 kWh
[19:43:22]   出口电量:   714.68 kWh
[19:43:22]   净交易量:  -689.32 kWh
[19:43:22]   平均出清价:  10.92 cents/kWh
[19:43:22]   市场独立度:  79.44%
[19:43:22] 
Buffer大小: 10000
[19:43:22] 噪声水平: 0.0551
[19:43:22] 
动作统计:
[19:43:22]   wind      : mean= 0.100, std= 0.074
[19:43:22]   solar     : mean=-0.123, std= 0.747
[19:43:22]   diesel    : mean= 0.201, std= 0.419
[19:43:22]   battery   : mean= 0.236, std= 0.734
[19:43:22]   customer  : mean= 0.818, std= 0.068
[19:43:23] 
======================================================================
[19:43:23] Episode 587/800
[19:43:23] ======================================================================
[19:43:23] 总奖励:  -152.93 | 步数: 24
[19:43:23] 最近10个episodes平均:  -149.17
[19:43:23] 
各Agent奖励:
[19:43:23]   wind      :   24.997
[19:43:23]   solar     :    3.534
[19:43:23]   diesel    :    0.689
[19:43:23]   battery   :    0.097
[19:43:23]   customer  : -182.251
[19:43:23] 
🔌 Main Grid 交易:
[19:43:23]   进口电量:     8.91 kWh
[19:43:23]   出口电量:   813.46 kWh
[19:43:23]   净交易量:  -804.55 kWh
[19:43:23]   平均出清价:   9.48 cents/kWh
[19:43:23]   市场独立度:  77.16%
[19:43:23] 
Buffer大小: 10000
[19:43:23] 噪声水平: 0.0550
[19:43:23] 
动作统计:
[19:43:23]   wind      : mean= 0.107, std= 0.083
[19:43:23]   solar     : mean=-0.134, std= 0.738
[19:43:23]   diesel    : mean= 0.187, std= 0.437
[19:43:23]   battery   : mean= 0.223, std= 0.728
[19:43:23]   customer  : mean= 0.840, std= 0.059
[19:43:24] 
======================================================================
[19:43:24] Episode 588/800
[19:43:24] ======================================================================
[19:43:24] 总奖励:  -139.69 | 步数: 24
[19:43:24] 最近10个episodes平均:  -149.62
[19:43:24] 
各Agent奖励:
[19:43:24]   wind      :   22.020
[19:43:24]   solar     :   10.775
[19:43:24]   diesel    :    0.804
[19:43:24]   battery   :    0.000
[19:43:24]   customer  : -173.287
[19:43:24] 
🔌 Main Grid 交易:
[19:43:24]   进口电量:    10.56 kWh
[19:43:24]   出口电量:   667.85 kWh
[19:43:24]   净交易量:  -657.29 kWh
[19:43:24]   平均出清价:   9.36 cents/kWh
[19:43:24]   市场独立度:  81.16%
[19:43:24] 
Buffer大小: 10000
[19:43:24] 噪声水平: 0.0550
[19:43:24] 
动作统计:
[19:43:24]   wind      : mean= 0.089, std= 0.075
[19:43:24]   solar     : mean=-0.155, std= 0.736
[19:43:24]   diesel    : mean= 0.181, std= 0.431
[19:43:24]   battery   : mean= 0.235, std= 0.732
[19:43:24]   customer  : mean= 0.823, std= 0.079
[19:43:26] 
======================================================================
[19:43:26] Episode 589/800
[19:43:26] ======================================================================
[19:43:26] 总奖励:  -150.54 | 步数: 24
[19:43:26] 最近10个episodes平均:  -150.27
[19:43:26] 
各Agent奖励:
[19:43:26]   wind      :   28.648
[19:43:26]   solar     :    3.024
[19:43:26]   diesel    :    0.491
[19:43:26]   battery   :    0.000
[19:43:26]   customer  : -182.705
[19:43:26] 
🔌 Main Grid 交易:
[19:43:26]   进口电量:     7.03 kWh
[19:43:26]   出口电量:   714.14 kWh
[19:43:26]   净交易量:  -707.11 kWh
[19:43:26]   平均出清价:   9.80 cents/kWh
[19:43:26]   市场独立度:  79.97%
[19:43:26] 
Buffer大小: 10000
[19:43:26] 噪声水平: 0.0549
[19:43:26] 
动作统计:
[19:43:26]   wind      : mean= 0.129, std= 0.084
[19:43:26]   solar     : mean=-0.145, std= 0.741
[19:43:26]   diesel    : mean= 0.185, std= 0.436
[19:43:26]   battery   : mean= 0.240, std= 0.716
[19:43:26]   customer  : mean= 0.830, std= 0.093
[19:43:27] 
======================================================================
[19:43:27] Episode 590/800
[19:43:27] ======================================================================
[19:43:27] 总奖励:  -139.52 | 步数: 24
[19:43:27] 最近10个episodes平均:  -149.23
[19:43:27] 
各Agent奖励:
[19:43:27]   wind      :   30.601
[19:43:27]   solar     :    5.354
[19:43:27]   diesel    :    0.615
[19:43:27]   battery   :    0.000
[19:43:27]   customer  : -176.094
[19:43:27] 
🔌 Main Grid 交易:
[19:43:27]   进口电量:     4.13 kWh
[19:43:27]   出口电量:   714.86 kWh
[19:43:27]   净交易量:  -710.74 kWh
[19:43:27]   平均出清价:   9.29 cents/kWh
[19:43:27]   市场独立度:  80.03%
[19:43:27] 
Buffer大小: 10000
[19:43:27] 噪声水平: 0.0549
[19:43:27] 
动作统计:
[19:43:27]   wind      : mean= 0.093, std= 0.082
[19:43:27]   solar     : mean=-0.154, std= 0.750
[19:43:27]   diesel    : mean= 0.181, std= 0.446
[19:43:27]   battery   : mean= 0.269, std= 0.701
[19:43:27]   customer  : mean= 0.822, std= 0.075
[19:43:27] 
📊 生成可视化图表...
[19:43:27]   ✓ debug_plots/training_ep0590.png
[19:43:28] 
======================================================================
[19:43:28] Episode 591/800
[19:43:28] ======================================================================
[19:43:28] 总奖励:  -155.44 | 步数: 24
[19:43:28] 最近10个episodes平均:  -149.57
[19:43:28] 
各Agent奖励:
[19:43:28]   wind      :   23.779
[19:43:28]   solar     :    4.922
[19:43:28]   diesel    :    2.933
[19:43:28]   battery   :    0.767
[19:43:28]   customer  : -187.844
[19:43:28] 
🔌 Main Grid 交易:
[19:43:28]   进口电量:    40.88 kWh
[19:43:28]   出口电量:   784.53 kWh
[19:43:28]   净交易量:  -743.65 kWh
[19:43:28]   平均出清价:  10.58 cents/kWh
[19:43:28]   市场独立度:  77.07%
[19:43:28] 
Buffer大小: 10000
[19:43:28] 噪声水平: 0.0548
[19:43:28] 
动作统计:
[19:43:28]   wind      : mean= 0.102, std= 0.092
[19:43:28]   solar     : mean=-0.145, std= 0.729
[19:43:28]   diesel    : mean= 0.196, std= 0.444
[19:43:28]   battery   : mean= 0.266, std= 0.677
[19:43:28]   customer  : mean= 0.822, std= 0.073
[19:43:30] 
======================================================================
[19:43:30] Episode 592/800
[19:43:30] ======================================================================
[19:43:30] 总奖励:  -147.75 | 步数: 24
[19:43:30] 最近10个episodes平均:  -148.71
[19:43:30] 
各Agent奖励:
[19:43:30]   wind      :   28.760
[19:43:30]   solar     :    3.452
[19:43:30]   diesel    :    1.347
[19:43:30]   battery   :    0.000
[19:43:30]   customer  : -181.305
[19:43:30] 
🔌 Main Grid 交易:
[19:43:30]   进口电量:    18.41 kWh
[19:43:30]   出口电量:   784.81 kWh
[19:43:30]   净交易量:  -766.40 kWh
[19:43:30]   平均出清价:  10.13 cents/kWh
[19:43:30]   市场独立度:  77.69%
[19:43:30] 
Buffer大小: 10000
[19:43:30] 噪声水平: 0.0548
[19:43:30] 
动作统计:
[19:43:30]   wind      : mean= 0.104, std= 0.072
[19:43:30]   solar     : mean=-0.145, std= 0.739
[19:43:30]   diesel    : mean= 0.190, std= 0.442
[19:43:30]   battery   : mean= 0.283, std= 0.680
[19:43:30]   customer  : mean= 0.814, std= 0.075
[19:43:31] 
======================================================================
[19:43:31] Episode 593/800
[19:43:31] ======================================================================
[19:43:31] 总奖励:  -149.88 | 步数: 24
[19:43:31] 最近10个episodes平均:  -148.02
[19:43:31] 
各Agent奖励:
[19:43:31]   wind      :   28.839
[19:43:31]   solar     :    7.443
[19:43:31]   diesel    :    1.537
[19:43:31]   battery   :    0.019
[19:43:31]   customer  : -187.717
[19:43:31] 
🔌 Main Grid 交易:
[19:43:31]   进口电量:    38.08 kWh
[19:43:31]   出口电量:   674.87 kWh
[19:43:31]   净交易量:  -636.79 kWh
[19:43:31]   平均出清价:  12.21 cents/kWh
[19:43:31]   市场独立度:  80.20%
[19:43:31] 
Buffer大小: 10000
[19:43:31] 噪声水平: 0.0547
[19:43:31] 
动作统计:
[19:43:31]   wind      : mean= 0.103, std= 0.093
[19:43:31]   solar     : mean=-0.131, std= 0.739
[19:43:31]   diesel    : mean= 0.209, std= 0.444
[19:43:31]   battery   : mean= 0.284, std= 0.672
[19:43:31]   customer  : mean= 0.801, std= 0.066
[19:43:33] 
======================================================================
[19:43:33] Episode 594/800
[19:43:33] ======================================================================
[19:43:33] 总奖励:  -145.38 | 步数: 24
[19:43:33] 最近10个episodes平均:  -147.92
[19:43:33] 
各Agent奖励:
[19:43:33]   wind      :   31.360
[19:43:33]   solar     :    6.298
[19:43:33]   diesel    :   -0.502
[19:43:33]   battery   :    0.000
[19:43:33]   customer  : -182.533
[19:43:33] 
🔌 Main Grid 交易:
[19:43:33]   进口电量:    14.56 kWh
[19:43:33]   出口电量:   761.28 kWh
[19:43:33]   净交易量:  -746.72 kWh
[19:43:33]   平均出清价:  11.02 cents/kWh
[19:43:33]   市场独立度:  78.45%
[19:43:33] 
Buffer大小: 10000
[19:43:33] 噪声水平: 0.0546
[19:43:33] 
动作统计:
[19:43:33]   wind      : mean= 0.095, std= 0.070
[19:43:33]   solar     : mean=-0.130, std= 0.738
[19:43:33]   diesel    : mean= 0.211, std= 0.452
[19:43:33]   battery   : mean= 0.281, std= 0.671
[19:43:33]   customer  : mean= 0.810, std= 0.058
[19:43:34] 
======================================================================
[19:43:34] Episode 595/800
[19:43:34] ======================================================================
[19:43:34] 总奖励:  -141.60 | 步数: 24
[19:43:34] 最近10个episodes平均:  -147.01
[19:43:34] 
各Agent奖励:
[19:43:34]   wind      :   26.439
[19:43:34]   solar     :    8.296
[19:43:34]   diesel    :    3.566
[19:43:34]   battery   :    0.000
[19:43:34]   customer  : -179.904
[19:43:34] 
🔌 Main Grid 交易:
[19:43:34]   进口电量:    19.99 kWh
[19:43:34]   出口电量:   769.20 kWh
[19:43:34]   净交易量:  -749.21 kWh
[19:43:34]   平均出清价:  10.60 cents/kWh
[19:43:34]   市场独立度:  78.08%
[19:43:34] 
Buffer大小: 10000
[19:43:34] 噪声水平: 0.0546
[19:43:34] 
动作统计:
[19:43:34]   wind      : mean= 0.111, std= 0.101
[19:43:34]   solar     : mean=-0.140, std= 0.744
[19:43:34]   diesel    : mean= 0.198, std= 0.447
[19:43:34]   battery   : mean= 0.258, std= 0.674
[19:43:34]   customer  : mean= 0.808, std= 0.070
[19:43:36] 
======================================================================
[19:43:36] Episode 596/800
[19:43:36] ======================================================================
[19:43:36] 总奖励:  -145.17 | 步数: 24
[19:43:36] 最近10个episodes平均:  -146.79
[19:43:36] 
各Agent奖励:
[19:43:36]   wind      :   26.376
[19:43:36]   solar     :    8.773
[19:43:36]   diesel    :    1.917
[19:43:36]   battery   :    0.474
[19:43:36]   customer  : -182.710
[19:43:36] 
🔌 Main Grid 交易:
[19:43:36]   进口电量:    41.79 kWh
[19:43:36]   出口电量:   765.38 kWh
[19:43:36]   净交易量:  -723.59 kWh
[19:43:36]   平均出清价:  11.50 cents/kWh
[19:43:36]   市场独立度:  77.58%
[19:43:36] 
Buffer大小: 10000
[19:43:36] 噪声水平: 0.0545
[19:43:36] 
动作统计:
[19:43:36]   wind      : mean= 0.117, std= 0.087
[19:43:36]   solar     : mean=-0.150, std= 0.741
[19:43:36]   diesel    : mean= 0.206, std= 0.448
[19:43:36]   battery   : mean= 0.275, std= 0.658
[19:43:36]   customer  : mean= 0.800, std= 0.062
[19:43:37] 
======================================================================
[19:43:37] Episode 597/800
[19:43:37] ======================================================================
[19:43:37] 总奖励:  -154.77 | 步数: 24
[19:43:37] 最近10个episodes平均:  -146.97
[19:43:37] 
各Agent奖励:
[19:43:37]   wind      :   21.725
[19:43:37]   solar     :    6.275
[19:43:37]   diesel    :    0.881
[19:43:37]   battery   :    0.000
[19:43:37]   customer  : -183.653
[19:43:37] 
🔌 Main Grid 交易:
[19:43:37]   进口电量:     8.88 kWh
[19:43:37]   出口电量:   734.61 kWh
[19:43:37]   净交易量:  -725.72 kWh
[19:43:37]   平均出清价:   9.67 cents/kWh
[19:43:37]   市场独立度:  79.35%
[19:43:37] 
Buffer大小: 10000
[19:43:37] 噪声水平: 0.0545
[19:43:37] 
动作统计:
[19:43:37]   wind      : mean= 0.109, std= 0.091
[19:43:37]   solar     : mean=-0.145, std= 0.742
[19:43:37]   diesel    : mean= 0.200, std= 0.451
[19:43:37]   battery   : mean= 0.291, std= 0.625
[19:43:37]   customer  : mean= 0.828, std= 0.065
[19:43:38] 
======================================================================
[19:43:38] Episode 598/800
[19:43:38] ======================================================================
[19:43:38] 总奖励:  -147.80 | 步数: 24
[19:43:38] 最近10个episodes平均:  -147.79
[19:43:38] 
各Agent奖励:
[19:43:38]   wind      :   24.600
[19:43:38]   solar     :    7.098
[19:43:38]   diesel    :    1.121
[19:43:38]   battery   :    0.242
[19:43:38]   customer  : -180.861
[19:43:38] 
🔌 Main Grid 交易:
[19:43:38]   进口电量:    16.74 kWh
[19:43:38]   出口电量:   736.22 kWh
[19:43:38]   净交易量:  -719.48 kWh
[19:43:38]   平均出清价:  10.15 cents/kWh
[19:43:38]   市场独立度:  79.08%
[19:43:38] 
Buffer大小: 10000
[19:43:38] 噪声水平: 0.0544
[19:43:38] 
动作统计:
[19:43:38]   wind      : mean= 0.102, std= 0.092
[19:43:38]   solar     : mean=-0.135, std= 0.741
[19:43:38]   diesel    : mean= 0.189, std= 0.431
[19:43:38]   battery   : mean= 0.309, std= 0.611
[19:43:38]   customer  : mean= 0.811, std= 0.077
[19:43:40] 
======================================================================
[19:43:40] Episode 599/800
[19:43:40] ======================================================================
[19:43:40] 总奖励:  -144.06 | 步数: 24
[19:43:40] 最近10个episodes平均:  -147.14
[19:43:40] 
各Agent奖励:
[19:43:40]   wind      :   30.374
[19:43:40]   solar     :    5.993
[19:43:40]   diesel    :    2.155
[19:43:40]   battery   :    0.000
[19:43:40]   customer  : -182.584
[19:43:40] 
🔌 Main Grid 交易:
[19:43:40]   进口电量:    12.03 kWh
[19:43:40]   出口电量:   733.42 kWh
[19:43:40]   净交易量:  -721.39 kWh
[19:43:40]   平均出清价:  10.51 cents/kWh
[19:43:40]   市场独立度:  79.29%
[19:43:40] 
Buffer大小: 10000
[19:43:40] 噪声水平: 0.0544
[19:43:40] 
动作统计:
[19:43:40]   wind      : mean= 0.086, std= 0.080
[19:43:40]   solar     : mean=-0.132, std= 0.744
[19:43:40]   diesel    : mean= 0.191, std= 0.449
[19:43:40]   battery   : mean= 0.323, std= 0.585
[19:43:40]   customer  : mean= 0.821, std= 0.078
[19:43:42] 
======================================================================
[19:43:42] Episode 600/800
[19:43:42] ======================================================================
[19:43:42] 总奖励:  -149.93 | 步数: 24
[19:43:42] 最近10个episodes平均:  -148.18
[19:43:42] 
各Agent奖励:
[19:43:42]   wind      :   27.589
[19:43:42]   solar     :    3.165
[19:43:42]   diesel    :   -0.029
[19:43:42]   battery   :    0.000
[19:43:42]   customer  : -180.651
[19:43:42] 
🔌 Main Grid 交易:
[19:43:42]   进口电量:    23.00 kWh
[19:43:42]   出口电量:   765.96 kWh
[19:43:42]   净交易量:  -742.96 kWh
[19:43:42]   平均出清价:   8.92 cents/kWh
[19:43:42]   市场独立度:  78.08%
[19:43:42] 
Buffer大小: 10000
[19:43:42] 噪声水平: 0.0543
[19:43:42] 
动作统计:
[19:43:42]   wind      : mean= 0.108, std= 0.096
[19:43:42]   solar     : mean=-0.143, std= 0.733
[19:43:42]   diesel    : mean= 0.182, std= 0.438
[19:43:42]   battery   : mean= 0.310, std= 0.597
[19:43:42]   customer  : mean= 0.815, std= 0.090
[19:43:42] 
📊 生成可视化图表...
[19:43:42]   ✓ debug_plots/training_ep0600.png
[19:43:42] 💾 保存checkpoint: debug_checkpoints/debug_maddpg_20251203_193028_ep0600.pt
[19:43:44] 
======================================================================
[19:43:44] Episode 601/800
[19:43:44] ======================================================================
[19:43:44] 总奖励:  -147.03 | 步数: 24
[19:43:44] 最近10个episodes平均:  -147.34
[19:43:44] 
各Agent奖励:
[19:43:44]   wind      :   31.784
[19:43:44]   solar     :    6.444
[19:43:44]   diesel    :    0.807
[19:43:44]   battery   :    0.322
[19:43:44]   customer  : -186.386
[19:43:44] 
🔌 Main Grid 交易:
[19:43:44]   进口电量:    26.97 kWh
[19:43:44]   出口电量:   729.95 kWh
[19:43:44]   净交易量:  -702.99 kWh
[19:43:44]   平均出清价:  10.36 cents/kWh
[19:43:44]   市场独立度:  78.97%
[19:43:44] 
Buffer大小: 10000
[19:43:44] 噪声水平: 0.0543
[19:43:44] 
动作统计:
[19:43:44]   wind      : mean= 0.095, std= 0.108
[19:43:44]   solar     : mean=-0.130, std= 0.726
[19:43:44]   diesel    : mean= 0.192, std= 0.433
[19:43:44]   battery   : mean= 0.319, std= 0.609
[19:43:44]   customer  : mean= 0.799, std= 0.080
[19:43:45] 
======================================================================
[19:43:45] Episode 602/800
[19:43:45] ======================================================================
[19:43:45] 总奖励:  -139.48 | 步数: 24
[19:43:45] 最近10个episodes平均:  -146.51
[19:43:45] 
各Agent奖励:
[19:43:45]   wind      :   32.141
[19:43:45]   solar     :    3.938
[19:43:45]   diesel    :    0.924
[19:43:45]   battery   :    0.203
[19:43:45]   customer  : -176.691
[19:43:45] 
🔌 Main Grid 交易:
[19:43:45]   进口电量:    19.21 kWh
[19:43:45]   出口电量:   762.98 kWh
[19:43:45]   净交易量:  -743.77 kWh
[19:43:45]   平均出清价:   9.33 cents/kWh
[19:43:45]   市场独立度:  78.27%
[19:43:45] 
Buffer大小: 10000
[19:43:45] 噪声水平: 0.0542
[19:43:45] 
动作统计:
[19:43:45]   wind      : mean= 0.100, std= 0.093
[19:43:45]   solar     : mean=-0.160, std= 0.738
[19:43:45]   diesel    : mean= 0.187, std= 0.436
[19:43:45]   battery   : mean= 0.285, std= 0.626
[19:43:45]   customer  : mean= 0.787, std= 0.096
[19:43:47] 
======================================================================
[19:43:47] Episode 603/800
[19:43:47] ======================================================================
[19:43:47] 总奖励:  -144.74 | 步数: 24
[19:43:47] 最近10个episodes平均:  -146.00
[19:43:47] 
各Agent奖励:
[19:43:47]   wind      :   28.737
[19:43:47]   solar     :    5.439
[19:43:47]   diesel    :    1.559
[19:43:47]   battery   :    0.000
[19:43:47]   customer  : -180.475
[19:43:47] 
🔌 Main Grid 交易:
[19:43:47]   进口电量:    16.59 kWh
[19:43:47]   出口电量:   745.47 kWh
[19:43:47]   净交易量:  -728.88 kWh
[19:43:47]   平均出清价:  10.57 cents/kWh
[19:43:47]   市场独立度:  78.83%
[19:43:47] 
Buffer大小: 10000
[19:43:47] 噪声水平: 0.0542
[19:43:47] 
动作统计:
[19:43:47]   wind      : mean= 0.136, std= 0.096
[19:43:47]   solar     : mean=-0.164, std= 0.742
[19:43:47]   diesel    : mean= 0.190, std= 0.434
[19:43:47]   battery   : mean= 0.293, std= 0.629
[19:43:47]   customer  : mean= 0.823, std= 0.074
[19:43:48] 
======================================================================
[19:43:48] Episode 604/800
[19:43:48] ======================================================================
[19:43:48] 总奖励:  -143.95 | 步数: 24
[19:43:48] 最近10个episodes平均:  -145.85
[19:43:48] 
各Agent奖励:
[19:43:48]   wind      :   27.422
[19:43:48]   solar     :    6.485
[19:43:48]   diesel    :    2.174
[19:43:48]   battery   :    0.000
[19:43:48]   customer  : -180.035
[19:43:48] 
🔌 Main Grid 交易:
[19:43:48]   进口电量:    17.15 kWh
[19:43:48]   出口电量:   717.96 kWh
[19:43:48]   净交易量:  -700.81 kWh
[19:43:48]   平均出清价:  10.87 cents/kWh
[19:43:48]   市场独立度:  79.58%
[19:43:48] 
Buffer大小: 10000
[19:43:48] 噪声水平: 0.0541
[19:43:48] 
动作统计:
[19:43:48]   wind      : mean= 0.124, std= 0.089
[19:43:48]   solar     : mean=-0.143, std= 0.727
[19:43:48]   diesel    : mean= 0.194, std= 0.444
[19:43:48]   battery   : mean= 0.305, std= 0.625
[19:43:48]   customer  : mean= 0.802, std= 0.082
[19:43:51] 
======================================================================
[19:43:51] Episode 605/800
[19:43:51] ======================================================================
[19:43:51] 总奖励:  -150.61 | 步数: 24
[19:43:51] 最近10个episodes平均:  -146.75
[19:43:51] 
各Agent奖励:
[19:43:51]   wind      :   27.831
[19:43:51]   solar     :    5.569
[19:43:51]   diesel    :    1.616
[19:43:51]   battery   :    0.000
[19:43:51]   customer  : -185.626
[19:43:51] 
🔌 Main Grid 交易:
[19:43:51]   进口电量:    30.80 kWh
[19:43:51]   出口电量:   723.16 kWh
[19:43:51]   净交易量:  -692.35 kWh
[19:43:51]   平均出清价:  11.19 cents/kWh
[19:43:51]   市场独立度:  79.06%
[19:43:51] 
Buffer大小: 10000
[19:43:51] 噪声水平: 0.0540
[19:43:51] 
动作统计:
[19:43:51]   wind      : mean= 0.114, std= 0.088
[19:43:51]   solar     : mean=-0.129, std= 0.733
[19:43:51]   diesel    : mean= 0.186, std= 0.427
[19:43:51]   battery   : mean= 0.295, std= 0.631
[19:43:51]   customer  : mean= 0.810, std= 0.095
[19:43:53] 
======================================================================
[19:43:53] Episode 606/800
[19:43:53] ======================================================================
[19:43:53] 总奖励:  -141.45 | 步数: 24
[19:43:53] 最近10个episodes平均:  -146.38
[19:43:53] 
各Agent奖励:
[19:43:53]   wind      :   28.101
[19:43:53]   solar     :    7.206
[19:43:53]   diesel    :    0.488
[19:43:53]   battery   :    0.000
[19:43:53]   customer  : -177.250
[19:43:53] 
🔌 Main Grid 交易:
[19:43:53]   进口电量:    20.04 kWh
[19:43:53]   出口电量:   799.84 kWh
[19:43:53]   净交易量:  -779.80 kWh
[19:43:53]   平均出清价:  10.16 cents/kWh
[19:43:53]   市场独立度:  77.23%
[19:43:53] 
Buffer大小: 10000
[19:43:53] 噪声水平: 0.0540
[19:43:53] 
动作统计:
[19:43:53]   wind      : mean= 0.116, std= 0.087
[19:43:53]   solar     : mean=-0.131, std= 0.730
[19:43:53]   diesel    : mean= 0.185, std= 0.446
[19:43:53]   battery   : mean= 0.283, std= 0.638
[19:43:53]   customer  : mean= 0.819, std= 0.096
[19:43:54] 
======================================================================
[19:43:54] Episode 607/800
[19:43:54] ======================================================================
[19:43:54] 总奖励:  -155.73 | 步数: 24
[19:43:54] 最近10个episodes平均:  -146.48
[19:43:54] 
各Agent奖励:
[19:43:54]   wind      :   23.595
[19:43:54]   solar     :    5.045
[19:43:54]   diesel    :    1.212
[19:43:54]   battery   :    0.524
[19:43:54]   customer  : -186.107
[19:43:54] 
🔌 Main Grid 交易:
[19:43:54]   进口电量:    29.57 kWh
[19:43:54]   出口电量:   652.45 kWh
[19:43:54]   净交易量:  -622.88 kWh
[19:43:54]   平均出清价:  10.68 cents/kWh
[19:43:54]   市场独立度:  81.05%
[19:43:54] 
Buffer大小: 10000
[19:43:54] 噪声水平: 0.0539
[19:43:54] 
动作统计:
[19:43:54]   wind      : mean= 0.115, std= 0.096
[19:43:54]   solar     : mean=-0.135, std= 0.732
[19:43:54]   diesel    : mean= 0.179, std= 0.448
[19:43:54]   battery   : mean= 0.267, std= 0.656
[19:43:54]   customer  : mean= 0.812, std= 0.093
[19:43:56] 
======================================================================
[19:43:56] Episode 608/800
[19:43:56] ======================================================================
[19:43:56] 总奖励:  -145.42 | 步数: 24
[19:43:56] 最近10个episodes平均:  -146.24
[19:43:56] 
各Agent奖励:
[19:43:56]   wind      :   24.288
[19:43:56]   solar     :    6.794
[19:43:56]   diesel    :    0.221
[19:43:56]   battery   :    0.000
[19:43:56]   customer  : -176.727
[19:43:56] 
🔌 Main Grid 交易:
[19:43:56]   进口电量:    10.02 kWh
[19:43:56]   出口电量:   760.86 kWh
[19:43:56]   净交易量:  -750.85 kWh
[19:43:56]   平均出清价:   9.88 cents/kWh
[19:43:56]   市场独立度:  78.59%
[19:43:56] 
Buffer大小: 10000
[19:43:56] 噪声水平: 0.0539
[19:43:56] 
动作统计:
[19:43:56]   wind      : mean= 0.093, std= 0.091
[19:43:56]   solar     : mean=-0.144, std= 0.728
[19:43:56]   diesel    : mean= 0.183, std= 0.450
[19:43:56]   battery   : mean= 0.250, std= 0.662
[19:43:56]   customer  : mean= 0.820, std= 0.072
[19:43:58] 
======================================================================
[19:43:58] Episode 609/800
[19:43:58] ======================================================================
[19:43:58] 总奖励:  -152.33 | 步数: 24
[19:43:58] 最近10个episodes平均:  -147.07
[19:43:58] 
各Agent奖励:
[19:43:58]   wind      :   23.050
[19:43:58]   solar     :    5.854
[19:43:58]   diesel    :    1.917
[19:43:58]   battery   :    0.378
[19:43:58]   customer  : -183.528
[19:43:58] 
🔌 Main Grid 交易:
[19:43:58]   进口电量:    31.74 kWh
[19:43:58]   出口电量:   754.04 kWh
[19:43:58]   净交易量:  -722.30 kWh
[19:43:58]   平均出清价:   9.85 cents/kWh
[19:43:58]   市场独立度:  78.17%
[19:43:58] 
Buffer大小: 10000
[19:43:58] 噪声水平: 0.0538
[19:43:58] 
动作统计:
[19:43:58]   wind      : mean= 0.111, std= 0.099
[19:43:58]   solar     : mean=-0.126, std= 0.712
[19:43:58]   diesel    : mean= 0.195, std= 0.427
[19:43:58]   battery   : mean= 0.256, std= 0.672
[19:43:58]   customer  : mean= 0.795, std= 0.095
[19:44:00] 
======================================================================
[19:44:00] Episode 610/800
[19:44:00] ======================================================================
[19:44:00] 总奖励:  -149.09 | 步数: 24
[19:44:00] 最近10个episodes平均:  -146.98
[19:44:00] 
各Agent奖励:
[19:44:00]   wind      :   23.394
[19:44:00]   solar     :    7.462
[19:44:00]   diesel    :    3.638
[19:44:00]   battery   :    0.354
[19:44:00]   customer  : -183.935
[19:44:00] 
🔌 Main Grid 交易:
[19:44:00]   进口电量:    46.68 kWh
[19:44:00]   出口电量:   648.57 kWh
[19:44:00]   净交易量:  -601.90 kWh
[19:44:00]   平均出清价:  11.00 cents/kWh
[19:44:00]   市场独立度:  80.69%
[19:44:00] 
Buffer大小: 10000
[19:44:00] 噪声水平: 0.0538
[19:44:00] 
动作统计:
[19:44:00]   wind      : mean= 0.114, std= 0.096
[19:44:00]   solar     : mean=-0.118, std= 0.714
[19:44:00]   diesel    : mean= 0.175, std= 0.429
[19:44:00]   battery   : mean= 0.264, std= 0.660
[19:44:00]   customer  : mean= 0.798, std= 0.083
[19:44:00] 
📊 生成可视化图表...
[19:44:00]   ✓ debug_plots/training_ep0610.png
[19:44:02] 
======================================================================
[19:44:02] Episode 611/800
[19:44:02] ======================================================================
[19:44:02] 总奖励:  -147.42 | 步数: 24
[19:44:02] 最近10个episodes平均:  -147.02
[19:44:02] 
各Agent奖励:
[19:44:02]   wind      :   31.577
[19:44:02]   solar     :    7.683
[19:44:02]   diesel    :    2.122
[19:44:02]   battery   :    0.000
[19:44:02]   customer  : -188.804
[19:44:02] 
🔌 Main Grid 交易:
[19:44:02]   进口电量:    17.19 kWh
[19:44:02]   出口电量:   760.87 kWh
[19:44:02]   净交易量:  -743.68 kWh
[19:44:02]   平均出清价:  12.09 cents/kWh
[19:44:02]   市场独立度:  78.39%
[19:44:02] 
Buffer大小: 10000
[19:44:02] 噪声水平: 0.0537
[19:44:02] 
动作统计:
[19:44:02]   wind      : mean= 0.129, std= 0.110
[19:44:02]   solar     : mean=-0.140, std= 0.713
[19:44:02]   diesel    : mean= 0.176, std= 0.451
[19:44:02]   battery   : mean= 0.275, std= 0.655
[19:44:02]   customer  : mean= 0.815, std= 0.065
[19:44:03] 
======================================================================
[19:44:03] Episode 612/800
[19:44:03] ======================================================================
[19:44:03] 总奖励:  -140.54 | 步数: 24
[19:44:03] 最近10个episodes平均:  -147.13
[19:44:03] 
各Agent奖励:
[19:44:03]   wind      :   23.051
[19:44:03]   solar     :    9.373
[19:44:03]   diesel    :    1.009
[19:44:03]   battery   :    0.000
[19:44:03]   customer  : -173.973
[19:44:03] 
🔌 Main Grid 交易:
[19:44:03]   进口电量:    13.97 kWh
[19:44:03]   出口电量:   757.46 kWh
[19:44:03]   净交易量:  -743.49 kWh
[19:44:03]   平均出清价:  10.05 cents/kWh
[19:44:03]   市场独立度:  78.57%
[19:44:03] 
Buffer大小: 10000
[19:44:03] 噪声水平: 0.0537
[19:44:03] 
动作统计:
[19:44:03]   wind      : mean= 0.115, std= 0.103
[19:44:03]   solar     : mean=-0.128, std= 0.719
[19:44:03]   diesel    : mean= 0.172, std= 0.435
[19:44:03]   battery   : mean= 0.273, std= 0.637
[19:44:03]   customer  : mean= 0.824, std= 0.084
[19:44:05] 
======================================================================
[19:44:05] Episode 613/800
[19:44:05] ======================================================================
[19:44:05] 总奖励:  -150.58 | 步数: 24
[19:44:05] 最近10个episodes平均:  -147.71
[19:44:05] 
各Agent奖励:
[19:44:05]   wind      :   25.321
[19:44:05]   solar     :    7.869
[19:44:05]   diesel    :    2.110
[19:44:05]   battery   :    0.024
[19:44:05]   customer  : -185.906
[19:44:05] 
🔌 Main Grid 交易:
[19:44:05]   进口电量:    41.05 kWh
[19:44:05]   出口电量:   722.99 kWh
[19:44:05]   净交易量:  -681.94 kWh
[19:44:05]   平均出清价:  10.77 cents/kWh
[19:44:05]   市场独立度:  78.78%
[19:44:05] 
Buffer大小: 10000
[19:44:05] 噪声水平: 0.0536
[19:44:05] 
动作统计:
[19:44:05]   wind      : mean= 0.109, std= 0.096
[19:44:05]   solar     : mean=-0.136, std= 0.719
[19:44:05]   diesel    : mean= 0.173, std= 0.434
[19:44:05]   battery   : mean= 0.292, std= 0.624
[19:44:05]   customer  : mean= 0.806, std= 0.085
[19:44:07] 
======================================================================
[19:44:07] Episode 614/800
[19:44:07] ======================================================================
[19:44:07] 总奖励:  -154.51 | 步数: 24
[19:44:07] 最近10个episodes平均:  -148.77
[19:44:07] 
各Agent奖励:
[19:44:07]   wind      :   22.148
[19:44:07]   solar     :    5.323
[19:44:07]   diesel    :    2.542
[19:44:07]   battery   :    0.000
[19:44:07]   customer  : -184.525
[19:44:07] 
🔌 Main Grid 交易:
[19:44:07]   进口电量:    29.07 kWh
[19:44:07]   出口电量:   766.95 kWh
[19:44:07]   净交易量:  -737.88 kWh
[19:44:07]   平均出清价:   9.95 cents/kWh
[19:44:07]   市场独立度:  77.89%
[19:44:07] 
Buffer大小: 10000
[19:44:07] 噪声水平: 0.0536
[19:44:07] 
动作统计:
[19:44:07]   wind      : mean= 0.094, std= 0.105
[19:44:07]   solar     : mean=-0.129, std= 0.703
[19:44:07]   diesel    : mean= 0.172, std= 0.430
[19:44:07]   battery   : mean= 0.305, std= 0.615
[19:44:07]   customer  : mean= 0.827, std= 0.087
[19:44:09] 
======================================================================
[19:44:09] Episode 615/800
[19:44:09] ======================================================================
[19:44:09] 总奖励:  -149.48 | 步数: 24
[19:44:09] 最近10个episodes平均:  -148.66
[19:44:09] 
各Agent奖励:
[19:44:09]   wind      :   21.981
[19:44:09]   solar     :    9.879
[19:44:09]   diesel    :    1.301
[19:44:09]   battery   :    0.248
[19:44:09]   customer  : -182.888
[19:44:09] 
🔌 Main Grid 交易:
[19:44:09]   进口电量:    22.67 kWh
[19:44:09]   出口电量:   653.73 kWh
[19:44:09]   净交易量:  -631.05 kWh
[19:44:09]   平均出清价:  12.02 cents/kWh
[19:44:09]   市场独立度:  81.21%
[19:44:09] 
Buffer大小: 10000
[19:44:09] 噪声水平: 0.0535
[19:44:09] 
动作统计:
[19:44:09]   wind      : mean= 0.118, std= 0.091
[19:44:09]   solar     : mean=-0.138, std= 0.728
[19:44:09]   diesel    : mean= 0.170, std= 0.429
[19:44:09]   battery   : mean= 0.304, std= 0.608
[19:44:09]   customer  : mean= 0.828, std= 0.073
[19:44:11] 
======================================================================
[19:44:11] Episode 616/800
[19:44:11] ======================================================================
[19:44:11] 总奖励:  -149.59 | 步数: 24
[19:44:11] 最近10个episodes平均:  -149.47
[19:44:11] 
各Agent奖励:
[19:44:11]   wind      :   22.358
[19:44:11]   solar     :   11.694
[19:44:11]   diesel    :    0.357
[19:44:11]   battery   :    0.000
[19:44:11]   customer  : -183.996
[19:44:11] 
🔌 Main Grid 交易:
[19:44:11]   进口电量:    38.09 kWh
[19:44:11]   出口电量:   676.46 kWh
[19:44:11]   净交易量:  -638.37 kWh
[19:44:11]   平均出清价:  12.57 cents/kWh
[19:44:11]   市场独立度:  80.15%
[19:44:11] 
Buffer大小: 10000
[19:44:11] 噪声水平: 0.0535
[19:44:11] 
动作统计:
[19:44:11]   wind      : mean= 0.092, std= 0.109
[19:44:11]   solar     : mean=-0.124, std= 0.719
[19:44:11]   diesel    : mean= 0.181, std= 0.416
[19:44:11]   battery   : mean= 0.316, std= 0.588
[19:44:11]   customer  : mean= 0.815, std= 0.085
[19:44:14] 
======================================================================
[19:44:14] Episode 617/800
[19:44:14] ======================================================================
[19:44:14] 总奖励:  -155.30 | 步数: 24
[19:44:14] 最近10个episodes平均:  -149.43
[19:44:14] 
各Agent奖励:
[19:44:14]   wind      :   23.009
[19:44:14]   solar     :    4.719
[19:44:14]   diesel    :    2.043
[19:44:14]   battery   :    0.000
[19:44:14]   customer  : -185.068
[19:44:14] 
🔌 Main Grid 交易:
[19:44:14]   进口电量:    33.36 kWh
[19:44:14]   出口电量:   707.98 kWh
[19:44:14]   净交易量:  -674.63 kWh
[19:44:14]   平均出清价:  10.28 cents/kWh
[19:44:14]   市场独立度:  79.41%
[19:44:14] 
Buffer大小: 10000
[19:44:14] 噪声水平: 0.0534
[19:44:14] 
动作统计:
[19:44:14]   wind      : mean= 0.101, std= 0.090
[19:44:14]   solar     : mean=-0.117, std= 0.719
[19:44:14]   diesel    : mean= 0.189, std= 0.424
[19:44:14]   battery   : mean= 0.310, std= 0.598
[19:44:14]   customer  : mean= 0.810, std= 0.077
[19:44:16] 
======================================================================
[19:44:16] Episode 618/800
[19:44:16] ======================================================================
[19:44:16] 总奖励:  -141.84 | 步数: 24
[19:44:16] 最近10个episodes平均:  -149.07
[19:44:16] 
各Agent奖励:
[19:44:16]   wind      :   29.942
[19:44:16]   solar     :    6.609
[19:44:16]   diesel    :    1.673
[19:44:16]   battery   :    0.000
[19:44:16]   customer  : -180.060
[19:44:16] 
🔌 Main Grid 交易:
[19:44:16]   进口电量:    10.13 kWh
[19:44:16]   出口电量:   755.02 kWh
[19:44:16]   净交易量:  -744.89 kWh
[19:44:16]   平均出清价:  10.59 cents/kWh
[19:44:16]   市场独立度:  78.75%
[19:44:16] 
Buffer大小: 10000
[19:44:16] 噪声水平: 0.0533
[19:44:16] 
动作统计:
[19:44:16]   wind      : mean= 0.130, std= 0.099
[19:44:16]   solar     : mean=-0.125, std= 0.704
[19:44:16]   diesel    : mean= 0.198, std= 0.425
[19:44:16]   battery   : mean= 0.287, std= 0.605
[19:44:16]   customer  : mean= 0.811, std= 0.082
[19:44:18] 
======================================================================
[19:44:18] Episode 619/800
[19:44:18] ======================================================================
[19:44:18] 总奖励:  -142.49 | 步数: 24
[19:44:18] 最近10个episodes平均:  -148.08
[19:44:18] 
各Agent奖励:
[19:44:18]   wind      :   29.300
[19:44:18]   solar     :    4.853
[19:44:18]   diesel    :    0.705
[19:44:18]   battery   :    0.000
[19:44:18]   customer  : -177.349
[19:44:18] 
🔌 Main Grid 交易:
[19:44:18]   进口电量:    19.66 kWh
[19:44:18]   出口电量:   763.02 kWh
[19:44:18]   净交易量:  -743.37 kWh
[19:44:18]   平均出清价:  10.22 cents/kWh
[19:44:18]   市场独立度:  78.26%
[19:44:18] 
Buffer大小: 10000
[19:44:18] 噪声水平: 0.0533
[19:44:18] 
动作统计:
[19:44:18]   wind      : mean= 0.138, std= 0.110
[19:44:18]   solar     : mean=-0.127, std= 0.728
[19:44:18]   diesel    : mean= 0.180, std= 0.406
[19:44:18]   battery   : mean= 0.275, std= 0.629
[19:44:18]   customer  : mean= 0.825, std= 0.081
[19:44:20] 
======================================================================
[19:44:20] Episode 620/800
[19:44:20] ======================================================================
[19:44:20] 总奖励:  -152.72 | 步数: 24
[19:44:20] 最近10个episodes平均:  -148.45
[19:44:20] 
各Agent奖励:
[19:44:20]   wind      :   23.836
[19:44:20]   solar     :    6.017
[19:44:20]   diesel    :    1.061
[19:44:20]   battery   :    0.426
[19:44:20]   customer  : -184.063
[19:44:20] 
🔌 Main Grid 交易:
[19:44:20]   进口电量:    18.76 kWh
[19:44:20]   出口电量:   741.13 kWh
[19:44:20]   净交易量:  -722.37 kWh
[19:44:20]   平均出清价:  10.74 cents/kWh
[19:44:20]   市场独立度:  78.89%
[19:44:20] 
Buffer大小: 10000
[19:44:20] 噪声水平: 0.0532
[19:44:20] 
动作统计:
[19:44:20]   wind      : mean= 0.127, std= 0.119
[19:44:20]   solar     : mean=-0.124, std= 0.738
[19:44:20]   diesel    : mean= 0.193, std= 0.435
[19:44:20]   battery   : mean= 0.258, std= 0.652
[19:44:20]   customer  : mean= 0.814, std= 0.082
[19:44:20] 
📊 生成可视化图表...
[19:44:21]   ✓ debug_plots/training_ep0620.png
[19:44:23] 
======================================================================
[19:44:23] Episode 621/800
[19:44:23] ======================================================================
[19:44:23] 总奖励:  -154.21 | 步数: 24
[19:44:23] 最近10个episodes平均:  -149.13
[19:44:23] 
各Agent奖励:
[19:44:23]   wind      :   23.086
[19:44:23]   solar     :    5.514
[19:44:23]   diesel    :    1.849
[19:44:23]   battery   :    0.000
[19:44:23]   customer  : -184.661
[19:44:23] 
🔌 Main Grid 交易:
[19:44:23]   进口电量:    13.70 kWh
[19:44:23]   出口电量:   747.00 kWh
[19:44:23]   净交易量:  -733.30 kWh
[19:44:23]   平均出清价:   9.35 cents/kWh
[19:44:23]   市场独立度:  78.87%
[19:44:23] 
Buffer大小: 10000
[19:44:23] 噪声水平: 0.0532
[19:44:23] 
动作统计:
[19:44:23]   wind      : mean= 0.106, std= 0.113
[19:44:23]   solar     : mean=-0.114, std= 0.733
[19:44:23]   diesel    : mean= 0.174, std= 0.416
[19:44:23]   battery   : mean= 0.261, std= 0.635
[19:44:23]   customer  : mean= 0.834, std= 0.093
[19:44:24] 
======================================================================
[19:44:24] Episode 622/800
[19:44:24] ======================================================================
[19:44:24] 总奖励:  -155.42 | 步数: 24
[19:44:24] 最近10个episodes平均:  -150.61
[19:44:24] 
各Agent奖励:
[19:44:24]   wind      :   25.001
[19:44:24]   solar     :    6.142
[19:44:24]   diesel    :    2.839
[19:44:24]   battery   :    0.000
[19:44:24]   customer  : -189.400
[19:44:24] 
🔌 Main Grid 交易:
[19:44:24]   进口电量:    24.02 kWh
[19:44:24]   出口电量:   706.18 kWh
[19:44:24]   净交易量:  -682.16 kWh
[19:44:24]   平均出清价:  10.75 cents/kWh
[19:44:24]   市场独立度:  79.72%
[19:44:24] 
Buffer大小: 10000
[19:44:24] 噪声水平: 0.0531
[19:44:24] 
动作统计:
[19:44:24]   wind      : mean= 0.119, std= 0.090
[19:44:24]   solar     : mean=-0.125, std= 0.720
[19:44:24]   diesel    : mean= 0.192, std= 0.425
[19:44:24]   battery   : mean= 0.281, std= 0.625
[19:44:24]   customer  : mean= 0.828, std= 0.085
[19:44:25] 
======================================================================
[19:44:25] Episode 623/800
[19:44:25] ======================================================================
[19:44:25] 总奖励:  -157.58 | 步数: 24
[19:44:25] 最近10个episodes平均:  -151.31
[19:44:25] 
各Agent奖励:
[19:44:25]   wind      :   18.001
[19:44:25]   solar     :    7.988
[19:44:25]   diesel    :    3.939
[19:44:25]   battery   :    0.000
[19:44:25]   customer  : -187.509
[19:44:25] 
🔌 Main Grid 交易:
[19:44:25]   进口电量:    38.87 kWh
[19:44:25]   出口电量:   673.92 kWh
[19:44:25]   净交易量:  -635.05 kWh
[19:44:25]   平均出清价:  11.90 cents/kWh
[19:44:25]   市场独立度:  80.20%
[19:44:25] 
Buffer大小: 10000
[19:44:25] 噪声水平: 0.0531
[19:44:25] 
动作统计:
[19:44:25]   wind      : mean= 0.128, std= 0.112
[19:44:25]   solar     : mean=-0.135, std= 0.709
[19:44:25]   diesel    : mean= 0.180, std= 0.426
[19:44:25]   battery   : mean= 0.286, std= 0.607
[19:44:25]   customer  : mean= 0.829, std= 0.060
[19:44:27] 
======================================================================
[19:44:27] Episode 624/800
[19:44:27] ======================================================================
[19:44:27] 总奖励:  -142.26 | 步数: 24
[19:44:27] 最近10个episodes平均:  -150.09
[19:44:27] 
各Agent奖励:
[19:44:27]   wind      :   30.717
[19:44:27]   solar     :    7.620
[19:44:27]   diesel    :    2.768
[19:44:27]   battery   :    0.000
[19:44:27]   customer  : -183.363
[19:44:27] 
🔌 Main Grid 交易:
[19:44:27]   进口电量:     2.07 kWh
[19:44:27]   出口电量:   692.80 kWh
[19:44:27]   净交易量:  -690.72 kWh
[19:44:27]   平均出清价:  11.35 cents/kWh
[19:44:27]   市场独立度:  80.70%
[19:44:27] 
Buffer大小: 10000
[19:44:27] 噪声水平: 0.0530
[19:44:27] 
动作统计:
[19:44:27]   wind      : mean= 0.116, std= 0.080
[19:44:27]   solar     : mean=-0.114, std= 0.714
[19:44:27]   diesel    : mean= 0.191, std= 0.428
[19:44:27]   battery   : mean= 0.308, std= 0.578
[19:44:27]   customer  : mean= 0.811, std= 0.074
[19:44:29] 
======================================================================
[19:44:29] Episode 625/800
[19:44:29] ======================================================================
[19:44:29] 总奖励:  -151.39 | 步数: 24
[19:44:29] 最近10个episodes平均:  -150.28
[19:44:29] 
各Agent奖励:
[19:44:29]   wind      :   25.547
[19:44:29]   solar     :    5.954
[19:44:29]   diesel    :    2.432
[19:44:29]   battery   :    0.000
[19:44:29]   customer  : -185.325
[19:44:29] 
🔌 Main Grid 交易:
[19:44:29]   进口电量:    24.72 kWh
[19:44:29]   出口电量:   778.19 kWh
[19:44:29]   净交易量:  -753.47 kWh
[19:44:29]   平均出清价:  10.09 cents/kWh
[19:44:29]   市场独立度:  77.70%
[19:44:29] 
Buffer大小: 10000
[19:44:29] 噪声水平: 0.0530
[19:44:29] 
动作统计:
[19:44:29]   wind      : mean= 0.117, std= 0.093
[19:44:29]   solar     : mean=-0.133, std= 0.722
[19:44:29]   diesel    : mean= 0.190, std= 0.428
[19:44:29]   battery   : mean= 0.338, std= 0.562
[19:44:29]   customer  : mean= 0.819, std= 0.088
[19:44:30] 
======================================================================
[19:44:30] Episode 626/800
[19:44:30] ======================================================================
[19:44:30] 总奖励:  -144.37 | 步数: 24
[19:44:30] 最近10个episodes平均:  -149.76
[19:44:30] 
各Agent奖励:
[19:44:30]   wind      :   24.623
[19:44:30]   solar     :   13.896
[19:44:30]   diesel    :    2.589
[19:44:30]   battery   :    0.000
[19:44:30]   customer  : -185.473
[19:44:30] 
🔌 Main Grid 交易:
[19:44:30]   进口电量:    27.96 kWh
[19:44:30]   出口电量:   687.93 kWh
[19:44:30]   净交易量:  -659.97 kWh
[19:44:30]   平均出清价:  11.99 cents/kWh
[19:44:30]   市场独立度:  80.11%
[19:44:30] 
Buffer大小: 10000
[19:44:30] 噪声水平: 0.0529
[19:44:30] 
动作统计:
[19:44:30]   wind      : mean= 0.118, std= 0.092
[19:44:30]   solar     : mean=-0.123, std= 0.719
[19:44:30]   diesel    : mean= 0.181, std= 0.419
[19:44:30]   battery   : mean= 0.398, std= 0.493
[19:44:30]   customer  : mean= 0.799, std= 0.080
[19:44:31] 
======================================================================
[19:44:31] Episode 627/800
[19:44:31] ======================================================================
[19:44:31] 总奖励:  -144.58 | 步数: 24
[19:44:31] 最近10个episodes平均:  -148.69
[19:44:31] 
各Agent奖励:
[19:44:31]   wind      :   34.530
[19:44:31]   solar     :    4.547
[19:44:31]   diesel    :    0.964
[19:44:31]   battery   :    0.000
[19:44:31]   customer  : -184.619
[19:44:31] 
🔌 Main Grid 交易:
[19:44:31]   进口电量:    14.04 kWh
[19:44:31]   出口电量:   669.09 kWh
[19:44:31]   净交易量:  -655.05 kWh
[19:44:31]   平均出清价:  10.58 cents/kWh
[19:44:31]   市场独立度:  81.02%
[19:44:31] 
Buffer大小: 10000
[19:44:31] 噪声水平: 0.0529
[19:44:31] 
动作统计:
[19:44:31]   wind      : mean= 0.124, std= 0.091
[19:44:31]   solar     : mean=-0.123, std= 0.714
[19:44:31]   diesel    : mean= 0.169, std= 0.422
[19:44:31]   battery   : mean= 0.415, std= 0.446
[19:44:31]   customer  : mean= 0.819, std= 0.076
[19:44:32] 
======================================================================
[19:44:32] Episode 628/800
[19:44:32] ======================================================================
[19:44:32] 总奖励:  -147.68 | 步数: 24
[19:44:32] 最近10个episodes平均:  -149.27
[19:44:32] 
各Agent奖励:
[19:44:32]   wind      :   26.188
[19:44:32]   solar     :    7.898
[19:44:32]   diesel    :    1.555
[19:44:32]   battery   :    0.000
[19:44:32]   customer  : -183.317
[19:44:32] 
🔌 Main Grid 交易:
[19:44:32]   进口电量:    15.15 kWh
[19:44:32]   出口电量:   668.38 kWh
[19:44:32]   净交易量:  -653.23 kWh
[19:44:32]   平均出清价:  11.58 cents/kWh
[19:44:32]   市场独立度:  81.01%
[19:44:32] 
Buffer大小: 10000
[19:44:32] 噪声水平: 0.0528
[19:44:32] 
动作统计:
[19:44:32]   wind      : mean= 0.118, std= 0.097
[19:44:32]   solar     : mean=-0.105, std= 0.715
[19:44:32]   diesel    : mean= 0.180, std= 0.409
[19:44:32]   battery   : mean= 0.469, std= 0.390
[19:44:32]   customer  : mean= 0.819, std= 0.067
[19:44:34] 
======================================================================
[19:44:34] Episode 629/800
[19:44:34] ======================================================================
[19:44:34] 总奖励:  -147.91 | 步数: 24
[19:44:34] 最近10个episodes平均:  -149.81
[19:44:34] 
各Agent奖励:
[19:44:34]   wind      :   27.018
[19:44:34]   solar     :    5.332
[19:44:34]   diesel    :    2.469
[19:44:34]   battery   :    0.006
[19:44:34]   customer  : -182.733
[19:44:34] 
🔌 Main Grid 交易:
[19:44:34]   进口电量:    13.05 kWh
[19:44:34]   出口电量:   796.99 kWh
[19:44:34]   净交易量:  -783.94 kWh
[19:44:34]   平均出清价:  10.82 cents/kWh
[19:44:34]   市场独立度:  77.50%
[19:44:34] 
Buffer大小: 10000
[19:44:34] 噪声水平: 0.0528
[19:44:34] 
动作统计:
[19:44:34]   wind      : mean= 0.108, std= 0.085
[19:44:34]   solar     : mean=-0.125, std= 0.719
[19:44:34]   diesel    : mean= 0.186, std= 0.423
[19:44:34]   battery   : mean= 0.519, std= 0.367
[19:44:34]   customer  : mean= 0.833, std= 0.078
[19:44:35] 
======================================================================
[19:44:35] Episode 630/800
[19:44:35] ======================================================================
[19:44:35] 总奖励:  -143.99 | 步数: 24
[19:44:35] 最近10个episodes平均:  -148.94
[19:44:35] 
各Agent奖励:
[19:44:35]   wind      :   25.518
[19:44:35]   solar     :    9.564
[19:44:35]   diesel    :    2.229
[19:44:35]   battery   :    0.000
[19:44:35]   customer  : -181.305
[19:44:35] 
🔌 Main Grid 交易:
[19:44:35]   进口电量:    11.37 kWh
[19:44:35]   出口电量:   704.82 kWh
[19:44:35]   净交易量:  -693.46 kWh
[19:44:35]   平均出清价:  12.08 cents/kWh
[19:44:35]   市场独立度:  80.11%
[19:44:35] 
Buffer大小: 10000
[19:44:35] 噪声水平: 0.0527
[19:44:35] 
动作统计:
[19:44:35]   wind      : mean= 0.138, std= 0.100
[19:44:35]   solar     : mean=-0.118, std= 0.712
[19:44:35]   diesel    : mean= 0.169, std= 0.420
[19:44:35]   battery   : mean= 0.539, std= 0.345
[19:44:35]   customer  : mean= 0.818, std= 0.091
[19:44:35] 
📊 生成可视化图表...
[19:44:35]   ✓ debug_plots/training_ep0630.png
[19:44:36] 
======================================================================
[19:44:36] Episode 631/800
[19:44:36] ======================================================================
[19:44:36] 总奖励:  -151.85 | 步数: 24
[19:44:36] 最近10个episodes平均:  -148.70
[19:44:36] 
各Agent奖励:
[19:44:36]   wind      :   26.889
[19:44:36]   solar     :    6.341
[19:44:36]   diesel    :    2.052
[19:44:36]   battery   :    0.000
[19:44:36]   customer  : -187.130
[19:44:36] 
🔌 Main Grid 交易:
[19:44:36]   进口电量:    28.85 kWh
[19:44:36]   出口电量:   691.24 kWh
[19:44:36]   净交易量:  -662.39 kWh
[19:44:36]   平均出清价:  11.63 cents/kWh
[19:44:36]   市场独立度:  80.00%
[19:44:36] 
Buffer大小: 10000
[19:44:36] 噪声水平: 0.0527
[19:44:36] 
动作统计:
[19:44:36]   wind      : mean= 0.114, std= 0.097
[19:44:36]   solar     : mean=-0.132, std= 0.728
[19:44:36]   diesel    : mean= 0.171, std= 0.403
[19:44:36]   battery   : mean= 0.557, std= 0.317
[19:44:36]   customer  : mean= 0.814, std= 0.079
[19:44:38] 
======================================================================
[19:44:38] Episode 632/800
[19:44:38] ======================================================================
[19:44:38] 总奖励:  -141.49 | 步数: 24
[19:44:38] 最近10个episodes平均:  -147.31
[19:44:38] 
各Agent奖励:
[19:44:38]   wind      :   31.008
[19:44:38]   solar     :    7.346
[19:44:38]   diesel    :    0.814
[19:44:38]   battery   :    0.000
[19:44:38]   customer  : -180.654
[19:44:38] 
🔌 Main Grid 交易:
[19:44:38]   进口电量:     6.03 kWh
[19:44:38]   出口电量:   780.76 kWh
[19:44:38]   净交易量:  -774.73 kWh
[19:44:38]   平均出清价:  10.15 cents/kWh
[19:44:38]   市场独立度:  78.14%
[19:44:38] 
Buffer大小: 10000
[19:44:38] 噪声水平: 0.0526
[19:44:38] 
动作统计:
[19:44:38]   wind      : mean= 0.125, std= 0.086
[19:44:38]   solar     : mean=-0.113, std= 0.721
[19:44:38]   diesel    : mean= 0.162, std= 0.419
[19:44:38]   battery   : mean= 0.566, std= 0.320
[19:44:38]   customer  : mean= 0.807, std= 0.087
[19:44:39] 
======================================================================
[19:44:39] Episode 633/800
[19:44:39] ======================================================================
[19:44:39] 总奖励:  -141.74 | 步数: 24
[19:44:39] 最近10个episodes平均:  -145.72
[19:44:39] 
各Agent奖励:
[19:44:39]   wind      :   25.142
[19:44:39]   solar     :    5.698
[19:44:39]   diesel    :    1.817
[19:44:39]   battery   :    0.000
[19:44:39]   customer  : -174.397
[19:44:39] 
🔌 Main Grid 交易:
[19:44:39]   进口电量:     3.92 kWh
[19:44:39]   出口电量:   781.98 kWh
[19:44:39]   净交易量:  -778.06 kWh
[19:44:39]   平均出清价:  10.28 cents/kWh
[19:44:39]   市场独立度:  78.17%
[19:44:39] 
Buffer大小: 10000
[19:44:39] 噪声水平: 0.0526
[19:44:39] 
动作统计:
[19:44:39]   wind      : mean= 0.128, std= 0.092
[19:44:39]   solar     : mean=-0.104, std= 0.725
[19:44:39]   diesel    : mean= 0.185, std= 0.410
[19:44:39]   battery   : mean= 0.579, std= 0.301
[19:44:39]   customer  : mean= 0.816, std= 0.077
[19:44:41] 
======================================================================
[19:44:41] Episode 634/800
[19:44:41] ======================================================================
[19:44:41] 总奖励:  -140.62 | 步数: 24
[19:44:41] 最近10个episodes平均:  -145.56
[19:44:41] 
各Agent奖励:
[19:44:41]   wind      :   32.322
[19:44:41]   solar     :   10.220
[19:44:41]   diesel    :    1.207
[19:44:41]   battery   :    0.000
[19:44:41]   customer  : -184.373
[19:44:41] 
🔌 Main Grid 交易:
[19:44:41]   进口电量:    21.39 kWh
[19:44:41]   出口电量:   709.27 kWh
[19:44:41]   净交易量:  -687.88 kWh
[19:44:41]   平均出清价:  12.32 cents/kWh
[19:44:41]   市场独立度:  79.70%
[19:44:41] 
Buffer大小: 10000
[19:44:41] 噪声水平: 0.0525
[19:44:41] 
动作统计:
[19:44:41]   wind      : mean= 0.122, std= 0.109
[19:44:41]   solar     : mean=-0.100, std= 0.726
[19:44:41]   diesel    : mean= 0.182, std= 0.425
[19:44:41]   battery   : mean= 0.586, std= 0.301
[19:44:41]   customer  : mean= 0.805, std= 0.066
[19:44:42] 
======================================================================
[19:44:42] Episode 635/800
[19:44:42] ======================================================================
[19:44:42] 总奖励:  -153.97 | 步数: 24
[19:44:42] 最近10个episodes平均:  -145.82
[19:44:42] 
各Agent奖励:
[19:44:42]   wind      :   27.897
[19:44:42]   solar     :    6.499
[19:44:42]   diesel    :    1.192
[19:44:42]   battery   :   -0.050
[19:44:42]   customer  : -189.506
[19:44:42] 
🔌 Main Grid 交易:
[19:44:42]   进口电量:    47.35 kWh
[19:44:42]   出口电量:   643.43 kWh
[19:44:42]   净交易量:  -596.08 kWh
[19:44:42]   平均出清价:  12.80 cents/kWh
[19:44:42]   市场独立度:  80.81%
[19:44:42] 
Buffer大小: 10000
[19:44:42] 噪声水平: 0.0524
[19:44:42] 
动作统计:
[19:44:42]   wind      : mean= 0.118, std= 0.080
[19:44:42]   solar     : mean=-0.113, std= 0.721
[19:44:42]   diesel    : mean= 0.168, std= 0.414
[19:44:42]   battery   : mean= 0.599, std= 0.303
[19:44:42]   customer  : mean= 0.817, std= 0.084
[19:44:43] 
======================================================================
[19:44:43] Episode 636/800
[19:44:43] ======================================================================
[19:44:43] 总奖励:  -149.63 | 步数: 24
[19:44:43] 最近10个episodes平均:  -146.35
[19:44:43] 
各Agent奖励:
[19:44:43]   wind      :   22.736
[19:44:43]   solar     :    7.929
[19:44:43]   diesel    :    1.996
[19:44:43]   battery   :    0.000
[19:44:43]   customer  : -182.295
[19:44:43] 
🔌 Main Grid 交易:
[19:44:43]   进口电量:    13.42 kWh
[19:44:43]   出口电量:   661.11 kWh
[19:44:43]   净交易量:  -647.69 kWh
[19:44:43]   平均出清价:  11.29 cents/kWh
[19:44:43]   市场独立度:  81.26%
[19:44:43] 
Buffer大小: 10000
[19:44:43] 噪声水平: 0.0524
[19:44:43] 
动作统计:
[19:44:43]   wind      : mean= 0.120, std= 0.117
[19:44:43]   solar     : mean=-0.138, std= 0.721
[19:44:43]   diesel    : mean= 0.170, std= 0.419
[19:44:43]   battery   : mean= 0.604, std= 0.300
[19:44:43]   customer  : mean= 0.821, std= 0.068
[19:44:45] 
======================================================================
[19:44:45] Episode 637/800
[19:44:45] ======================================================================
[19:44:45] 总奖励:  -145.35 | 步数: 24
[19:44:45] 最近10个episodes平均:  -146.42
[19:44:45] 
各Agent奖励:
[19:44:45]   wind      :   28.303
[19:44:45]   solar     :    7.696
[19:44:45]   diesel    :    2.196
[19:44:45]   battery   :    0.000
[19:44:45]   customer  : -183.544
[19:44:45] 
🔌 Main Grid 交易:
[19:44:45]   进口电量:    23.77 kWh
[19:44:45]   出口电量:   687.51 kWh
[19:44:45]   净交易量:  -663.75 kWh
[19:44:45]   平均出清价:  12.13 cents/kWh
[19:44:45]   市场独立度:  80.24%
[19:44:45] 
Buffer大小: 10000
[19:44:45] 噪声水平: 0.0523
[19:44:45] 
动作统计:
[19:44:45]   wind      : mean= 0.134, std= 0.101
[19:44:45]   solar     : mean=-0.107, std= 0.719
[19:44:45]   diesel    : mean= 0.168, std= 0.412
[19:44:45]   battery   : mean= 0.603, std= 0.305
[19:44:45]   customer  : mean= 0.812, std= 0.090
[19:44:46] 
======================================================================
[19:44:46] Episode 638/800
[19:44:46] ======================================================================
[19:44:46] 总奖励:  -148.40 | 步数: 24
[19:44:46] 最近10个episodes平均:  -146.50
[19:44:46] 
各Agent奖励:
[19:44:46]   wind      :   25.841
[19:44:46]   solar     :    8.244
[19:44:46]   diesel    :    2.158
[19:44:46]   battery   :    0.000
[19:44:46]   customer  : -184.647
[19:44:46] 
🔌 Main Grid 交易:
[19:44:46]   进口电量:    28.10 kWh
[19:44:46]   出口电量:   705.76 kWh
[19:44:46]   净交易量:  -677.66 kWh
[19:44:46]   平均出清价:  11.61 cents/kWh
[19:44:46]   市场独立度:  79.62%
[19:44:46] 
Buffer大小: 10000
[19:44:46] 噪声水平: 0.0523
[19:44:46] 
动作统计:
[19:44:46]   wind      : mean= 0.097, std= 0.085
[19:44:46]   solar     : mean=-0.127, std= 0.726
[19:44:46]   diesel    : mean= 0.169, std= 0.412
[19:44:46]   battery   : mean= 0.603, std= 0.286
[19:44:46]   customer  : mean= 0.809, std= 0.081
[19:44:48] 
======================================================================
[19:44:48] Episode 639/800
[19:44:48] ======================================================================
[19:44:48] 总奖励:  -150.56 | 步数: 24
[19:44:48] 最近10个episodes平均:  -146.76
[19:44:48] 
各Agent奖励:
[19:44:48]   wind      :   29.356
[19:44:48]   solar     :    3.396
[19:44:48]   diesel    :    2.338
[19:44:48]   battery   :    0.241
[19:44:48]   customer  : -185.896
[19:44:48] 
🔌 Main Grid 交易:
[19:44:48]   进口电量:    22.57 kWh
[19:44:48]   出口电量:   690.41 kWh
[19:44:48]   净交易量:  -667.84 kWh
[19:44:48]   平均出清价:   9.86 cents/kWh
[19:44:48]   市场独立度:  80.19%
[19:44:48] 
Buffer大小: 10000
[19:44:48] 噪声水平: 0.0522
[19:44:48] 
动作统计:
[19:44:48]   wind      : mean= 0.130, std= 0.095
[19:44:48]   solar     : mean=-0.147, std= 0.735
[19:44:48]   diesel    : mean= 0.178, std= 0.394
[19:44:48]   battery   : mean= 0.613, std= 0.285
[19:44:48]   customer  : mean= 0.812, std= 0.104
[19:44:50] 
======================================================================
[19:44:50] Episode 640/800
[19:44:50] ======================================================================
[19:44:50] 总奖励:  -140.42 | 步数: 24
[19:44:50] 最近10个episodes平均:  -146.40
[19:44:50] 
各Agent奖励:
[19:44:50]   wind      :   33.321
[19:44:50]   solar     :    7.093
[19:44:50]   diesel    :    2.536
[19:44:50]   battery   :    0.000
[19:44:50]   customer  : -183.370
[19:44:50] 
🔌 Main Grid 交易:
[19:44:50]   进口电量:     7.06 kWh
[19:44:50]   出口电量:   751.58 kWh
[19:44:50]   净交易量:  -744.52 kWh
[19:44:50]   平均出清价:  11.57 cents/kWh
[19:44:50]   市场独立度:  78.93%
[19:44:50] 
Buffer大小: 10000
[19:44:50] 噪声水平: 0.0522
[19:44:50] 
动作统计:
[19:44:50]   wind      : mean= 0.134, std= 0.092
[19:44:50]   solar     : mean=-0.153, std= 0.739
[19:44:50]   diesel    : mean= 0.191, std= 0.408
[19:44:50]   battery   : mean= 0.647, std= 0.282
[19:44:50]   customer  : mean= 0.804, std= 0.094
[19:44:50] 
📊 生成可视化图表...
[19:44:50]   ✓ debug_plots/training_ep0640.png
[19:44:51] 
======================================================================
[19:44:51] Episode 641/800
[19:44:51] ======================================================================
[19:44:51] 总奖励:  -144.36 | 步数: 24
[19:44:51] 最近10个episodes平均:  -145.66
[19:44:51] 
各Agent奖励:
[19:44:51]   wind      :   30.301
[19:44:51]   solar     :    4.631
[19:44:51]   diesel    :    1.508
[19:44:51]   battery   :    0.000
[19:44:51]   customer  : -180.801
[19:44:51] 
🔌 Main Grid 交易:
[19:44:51]   进口电量:    28.50 kWh
[19:44:51]   出口电量:   647.76 kWh
[19:44:51]   净交易量:  -619.26 kWh
[19:44:51]   平均出清价:  11.30 cents/kWh
[19:44:51]   市场独立度:  81.21%
[19:44:51] 
Buffer大小: 10000
[19:44:51] 噪声水平: 0.0521
[19:44:51] 
动作统计:
[19:44:51]   wind      : mean= 0.111, std= 0.096
[19:44:51]   solar     : mean=-0.129, std= 0.726
[19:44:51]   diesel    : mean= 0.172, std= 0.402
[19:44:51]   battery   : mean= 0.648, std= 0.275
[19:44:51]   customer  : mean= 0.807, std= 0.089
[19:44:53] 
======================================================================
[19:44:53] Episode 642/800
[19:44:53] ======================================================================
[19:44:53] 总奖励:  -144.26 | 步数: 24
[19:44:53] 最近10个episodes平均:  -145.93
[19:44:53] 
各Agent奖励:
[19:44:53]   wind      :   32.599
[19:44:53]   solar     :    6.612
[19:44:53]   diesel    :    3.165
[19:44:53]   battery   :    0.000
[19:44:53]   customer  : -186.641
[19:44:53] 
🔌 Main Grid 交易:
[19:44:53]   进口电量:    48.94 kWh
[19:44:53]   出口电量:   629.27 kWh
[19:44:53]   净交易量:  -580.33 kWh
[19:44:53]   平均出清价:  11.90 cents/kWh
[19:44:53]   市场独立度:  81.16%
[19:44:53] 
Buffer大小: 10000
[19:44:53] 噪声水平: 0.0521
[19:44:53] 
动作统计:
[19:44:53]   wind      : mean= 0.121, std= 0.092
[19:44:53]   solar     : mean=-0.142, std= 0.726
[19:44:53]   diesel    : mean= 0.174, std= 0.392
[19:44:53]   battery   : mean= 0.655, std= 0.280
[19:44:53]   customer  : mean= 0.776, std= 0.091
[19:44:54] 
======================================================================
[19:44:54] Episode 643/800
[19:44:54] ======================================================================
[19:44:54] 总奖励:  -153.85 | 步数: 24
[19:44:54] 最近10个episodes平均:  -147.14
[19:44:54] 
各Agent奖励:
[19:44:54]   wind      :   24.402
[19:44:54]   solar     :    6.202
[19:44:54]   diesel    :    1.180
[19:44:54]   battery   :    0.000
[19:44:54]   customer  : -185.633
[19:44:54] 
🔌 Main Grid 交易:
[19:44:54]   进口电量:    37.28 kWh
[19:44:54]   出口电量:   683.61 kWh
[19:44:54]   净交易量:  -646.33 kWh
[19:44:54]   平均出清价:  10.98 cents/kWh
[19:44:54]   市场独立度:  79.98%
[19:44:54] 
Buffer大小: 10000
[19:44:54] 噪声水平: 0.0520
[19:44:54] 
动作统计:
[19:44:54]   wind      : mean= 0.109, std= 0.065
[19:44:54]   solar     : mean=-0.126, std= 0.723
[19:44:54]   diesel    : mean= 0.161, std= 0.402
[19:44:54]   battery   : mean= 0.664, std= 0.281
[19:44:54]   customer  : mean= 0.817, std= 0.103
[19:44:55] 
======================================================================
[19:44:55] Episode 644/800
[19:44:55] ======================================================================
[19:44:55] 总奖励:  -146.12 | 步数: 24
[19:44:55] 最近10个episodes平均:  -147.69
[19:44:55] 
各Agent奖励:
[19:44:55]   wind      :   33.127
[19:44:55]   solar     :    9.150
[19:44:55]   diesel    :    0.715
[19:44:55]   battery   :    0.000
[19:44:55]   customer  : -189.108
[19:44:55] 
🔌 Main Grid 交易:
[19:44:55]   进口电量:    32.47 kWh
[19:44:55]   出口电量:   731.69 kWh
[19:44:55]   净交易量:  -699.22 kWh
[19:44:55]   平均出清价:  12.45 cents/kWh
[19:44:55]   市场独立度:  78.77%
[19:44:55] 
Buffer大小: 10000
[19:44:55] 噪声水平: 0.0520
[19:44:55] 
动作统计:
[19:44:55]   wind      : mean= 0.118, std= 0.088
[19:44:55]   solar     : mean=-0.127, std= 0.743
[19:44:55]   diesel    : mean= 0.187, std= 0.396
[19:44:55]   battery   : mean= 0.662, std= 0.274
[19:44:55]   customer  : mean= 0.806, std= 0.077
[19:44:56] 
======================================================================
[19:44:56] Episode 645/800
[19:44:56] ======================================================================
[19:44:56] 总奖励:  -145.21 | 步数: 24
[19:44:56] 最近10个episodes平均:  -146.82
[19:44:56] 
各Agent奖励:
[19:44:56]   wind      :   28.136
[19:44:56]   solar     :    7.164
[19:44:56]   diesel    :    0.418
[19:44:56]   battery   :    0.529
[19:44:56]   customer  : -181.454
[19:44:56] 
🔌 Main Grid 交易:
[19:44:56]   进口电量:    27.33 kWh
[19:44:56]   出口电量:   734.72 kWh
[19:44:56]   净交易量:  -707.39 kWh
[19:44:56]   平均出清价:  10.73 cents/kWh
[19:44:56]   市场独立度:  78.83%
[19:44:56] 
Buffer大小: 10000
[19:44:56] 噪声水平: 0.0519
[19:44:56] 
动作统计:
[19:44:56]   wind      : mean= 0.123, std= 0.078
[19:44:56]   solar     : mean=-0.122, std= 0.729
[19:44:56]   diesel    : mean= 0.178, std= 0.403
[19:44:56]   battery   : mean= 0.681, std= 0.275
[19:44:56]   customer  : mean= 0.812, std= 0.084
[19:44:58] 
======================================================================
[19:44:58] Episode 646/800
[19:44:58] ======================================================================
[19:44:58] 总奖励:  -144.31 | 步数: 24
[19:44:58] 最近10个episodes平均:  -146.28
[19:44:58] 
各Agent奖励:
[19:44:58]   wind      :   23.928
[19:44:58]   solar     :    7.252
[19:44:58]   diesel    :    1.639
[19:44:58]   battery   :    0.000
[19:44:58]   customer  : -177.129
[19:44:58] 
🔌 Main Grid 交易:
[19:44:58]   进口电量:    26.54 kWh
[19:44:58]   出口电量:   709.45 kWh
[19:44:58]   净交易量:  -682.91 kWh
[19:44:58]   平均出清价:  11.25 cents/kWh
[19:44:58]   市场独立度:  79.56%
[19:44:58] 
Buffer大小: 10000
[19:44:58] 噪声水平: 0.0519
[19:44:58] 
动作统计:
[19:44:58]   wind      : mean= 0.113, std= 0.097
[19:44:58]   solar     : mean=-0.121, std= 0.720
[19:44:58]   diesel    : mean= 0.189, std= 0.403
[19:44:58]   battery   : mean= 0.675, std= 0.276
[19:44:58]   customer  : mean= 0.811, std= 0.084
[19:45:00] 
======================================================================
[19:45:00] Episode 647/800
[19:45:00] ======================================================================
[19:45:00] 总奖励:  -143.79 | 步数: 24
[19:45:00] 最近10个episodes平均:  -146.13
[19:45:00] 
各Agent奖励:
[19:45:00]   wind      :   26.662
[19:45:00]   solar     :    7.303
[19:45:00]   diesel    :    1.268
[19:45:00]   battery   :    0.000
[19:45:00]   customer  : -179.025
[19:45:00] 
🔌 Main Grid 交易:
[19:45:00]   进口电量:    12.15 kWh
[19:45:00]   出口电量:   735.87 kWh
[19:45:00]   净交易量:  -723.72 kWh
[19:45:00]   平均出清价:   8.95 cents/kWh
[19:45:00]   市场独立度:  79.22%
[19:45:00] 
Buffer大小: 10000
[19:45:00] 噪声水平: 0.0518
[19:45:00] 
动作统计:
[19:45:00]   wind      : mean= 0.131, std= 0.080
[19:45:00]   solar     : mean=-0.117, std= 0.731
[19:45:00]   diesel    : mean= 0.190, std= 0.395
[19:45:00]   battery   : mean= 0.686, std= 0.272
[19:45:00]   customer  : mean= 0.800, std= 0.087
[19:45:01] 
======================================================================
[19:45:01] Episode 648/800
[19:45:01] ======================================================================
[19:45:01] 总奖励:  -145.14 | 步数: 24
[19:45:01] 最近10个episodes平均:  -145.80
[19:45:01] 
各Agent奖励:
[19:45:01]   wind      :   26.725
[19:45:01]   solar     :    7.092
[19:45:01]   diesel    :    3.480
[19:45:01]   battery   :    0.244
[19:45:01]   customer  : -182.684
[19:45:01] 
🔌 Main Grid 交易:
[19:45:01]   进口电量:    33.76 kWh
[19:45:01]   出口电量:   665.85 kWh
[19:45:01]   净交易量:  -632.09 kWh
[19:45:01]   平均出清价:  12.49 cents/kWh
[19:45:01]   市场独立度:  80.57%
[19:45:01] 
Buffer大小: 10000
[19:45:01] 噪声水平: 0.0518
[19:45:01] 
动作统计:
[19:45:01]   wind      : mean= 0.132, std= 0.077
[19:45:01]   solar     : mean=-0.123, std= 0.719
[19:45:01]   diesel    : mean= 0.185, std= 0.392
[19:45:01]   battery   : mean= 0.674, std= 0.271
[19:45:01]   customer  : mean= 0.792, std= 0.085
[19:45:02] 
======================================================================
[19:45:02] Episode 649/800
[19:45:02] ======================================================================
[19:45:02] 总奖励:  -145.47 | 步数: 24
[19:45:02] 最近10个episodes平均:  -145.29
[19:45:02] 
各Agent奖励:
[19:45:02]   wind      :   30.147
[19:45:02]   solar     :    6.236
[19:45:02]   diesel    :    1.103
[19:45:02]   battery   :    0.000
[19:45:02]   customer  : -182.953
[19:45:02] 
🔌 Main Grid 交易:
[19:45:02]   进口电量:     1.47 kWh
[19:45:02]   出口电量:   807.47 kWh
[19:45:02]   净交易量:  -806.00 kWh
[19:45:02]   平均出清价:  10.61 cents/kWh
[19:45:02]   市场独立度:  77.53%
[19:45:02] 
Buffer大小: 10000
[19:45:02] 噪声水平: 0.0517
[19:45:02] 
动作统计:
[19:45:02]   wind      : mean= 0.129, std= 0.094
[19:45:02]   solar     : mean=-0.133, std= 0.726
[19:45:02]   diesel    : mean= 0.190, std= 0.400
[19:45:02]   battery   : mean= 0.677, std= 0.283
[19:45:02]   customer  : mean= 0.824, std= 0.079
[19:45:04] 
======================================================================
[19:45:04] Episode 650/800
[19:45:04] ======================================================================
[19:45:04] 总奖励:  -145.10 | 步数: 24
[19:45:04] 最近10个episodes平均:  -145.76
[19:45:04] 
各Agent奖励:
[19:45:04]   wind      :   28.604
[19:45:04]   solar     :    6.875
[19:45:04]   diesel    :    2.010
[19:45:04]   battery   :    0.313
[19:45:04]   customer  : -182.898
[19:45:04] 
🔌 Main Grid 交易:
[19:45:04]   进口电量:    28.45 kWh
[19:45:04]   出口电量:   798.59 kWh
[19:45:04]   净交易量:  -770.14 kWh
[19:45:04]   平均出清价:  12.08 cents/kWh
[19:45:04]   市场独立度:  77.03%
[19:45:04] 
Buffer大小: 10000
[19:45:04] 噪声水平: 0.0517
[19:45:04] 
动作统计:
[19:45:04]   wind      : mean= 0.128, std= 0.094
[19:45:04]   solar     : mean=-0.133, std= 0.713
[19:45:04]   diesel    : mean= 0.197, std= 0.401
[19:45:04]   battery   : mean= 0.675, std= 0.283
[19:45:04]   customer  : mean= 0.809, std= 0.073
[19:45:04] 
📊 生成可视化图表...
[19:45:04]   ✓ debug_plots/training_ep0650.png
[19:45:04] 💾 保存checkpoint: debug_checkpoints/debug_maddpg_20251203_193028_ep0650.pt
[19:45:06] 
======================================================================
[19:45:06] Episode 651/800
[19:45:06] ======================================================================
[19:45:06] 总奖励:  -163.18 | 步数: 24
[19:45:06] 最近10个episodes平均:  -147.64
[19:45:06] 
各Agent奖励:
[19:45:06]   wind      :   21.798
[19:45:06]   solar     :    3.445
[19:45:06]   diesel    :    2.592
[19:45:06]   battery   :    0.697
[19:45:06]   customer  : -191.714
[19:45:06] 
🔌 Main Grid 交易:
[19:45:06]   进口电量:    14.53 kWh
[19:45:06]   出口电量:   742.04 kWh
[19:45:06]   净交易量:  -727.50 kWh
[19:45:06]   平均出清价:   8.81 cents/kWh
[19:45:06]   市场独立度:  78.98%
[19:45:06] 
Buffer大小: 10000
[19:45:06] 噪声水平: 0.0516
[19:45:06] 
动作统计:
[19:45:06]   wind      : mean= 0.141, std= 0.074
[19:45:06]   solar     : mean=-0.127, std= 0.728
[19:45:06]   diesel    : mean= 0.187, std= 0.375
[19:45:06]   battery   : mean= 0.695, std= 0.270
[19:45:06]   customer  : mean= 0.826, std= 0.095
[19:45:07] 
======================================================================
[19:45:07] Episode 652/800
[19:45:07] ======================================================================
[19:45:07] 总奖励:  -146.62 | 步数: 24
[19:45:07] 最近10个episodes平均:  -147.88
[19:45:07] 
各Agent奖励:
[19:45:07]   wind      :   27.176
[19:45:07]   solar     :    6.534
[19:45:07]   diesel    :    1.446
[19:45:07]   battery   :    0.008
[19:45:07]   customer  : -181.787
[19:45:07] 
🔌 Main Grid 交易:
[19:45:07]   进口电量:    26.01 kWh
[19:45:07]   出口电量:   779.31 kWh
[19:45:07]   净交易量:  -753.30 kWh
[19:45:07]   平均出清价:  11.45 cents/kWh
[19:45:07]   市场独立度:  77.63%
[19:45:07] 
Buffer大小: 10000
[19:45:07] 噪声水平: 0.0516
[19:45:07] 
动作统计:
[19:45:07]   wind      : mean= 0.144, std= 0.090
[19:45:07]   solar     : mean=-0.120, std= 0.727
[19:45:07]   diesel    : mean= 0.194, std= 0.379
[19:45:07]   battery   : mean= 0.712, std= 0.255
[19:45:07]   customer  : mean= 0.828, std= 0.069
[19:45:09] 
======================================================================
[19:45:09] Episode 653/800
[19:45:09] ======================================================================
[19:45:09] 总奖励:  -150.14 | 步数: 24
[19:45:09] 最近10个episodes平均:  -147.51
[19:45:09] 
各Agent奖励:
[19:45:09]   wind      :   22.389
[19:45:09]   solar     :    6.254
[19:45:09]   diesel    :    0.792
[19:45:09]   battery   :    0.574
[19:45:09]   customer  : -180.151
[19:45:09] 
🔌 Main Grid 交易:
[19:45:09]   进口电量:    16.61 kWh
[19:45:09]   出口电量:   721.01 kWh
[19:45:09]   净交易量:  -704.40 kWh
[19:45:09]   平均出清价:   9.83 cents/kWh
[19:45:09]   市场独立度:  79.51%
[19:45:09] 
Buffer大小: 10000
[19:45:09] 噪声水平: 0.0515
[19:45:09] 
动作统计:
[19:45:09]   wind      : mean= 0.115, std= 0.094
[19:45:09]   solar     : mean=-0.134, std= 0.729
[19:45:09]   diesel    : mean= 0.191, std= 0.366
[19:45:09]   battery   : mean= 0.703, std= 0.265
[19:45:09]   customer  : mean= 0.835, std= 0.054
[19:45:10] 
======================================================================
[19:45:10] Episode 654/800
[19:45:10] ======================================================================
[19:45:10] 总奖励:  -141.67 | 步数: 24
[19:45:10] 最近10个episodes平均:  -147.06
[19:45:10] 
各Agent奖励:
[19:45:10]   wind      :   31.042
[19:45:10]   solar     :    9.516
[19:45:10]   diesel    :    1.783
[19:45:10]   battery   :    0.549
[19:45:10]   customer  : -184.557
[19:45:10] 
🔌 Main Grid 交易:
[19:45:10]   进口电量:    13.82 kWh
[19:45:10]   出口电量:   758.23 kWh
[19:45:10]   净交易量:  -744.41 kWh
[19:45:10]   平均出清价:  12.33 cents/kWh
[19:45:10]   市场独立度:  78.55%
[19:45:10] 
Buffer大小: 10000
[19:45:10] 噪声水平: 0.0515
[19:45:10] 
动作统计:
[19:45:10]   wind      : mean= 0.143, std= 0.090
[19:45:10]   solar     : mean=-0.124, std= 0.720
[19:45:10]   diesel    : mean= 0.196, std= 0.373
[19:45:10]   battery   : mean= 0.701, std= 0.264
[19:45:10]   customer  : mean= 0.812, std= 0.067
[19:45:11] 
======================================================================
[19:45:11] Episode 655/800
[19:45:11] ======================================================================
[19:45:11] 总奖励:  -142.43 | 步数: 24
[19:45:11] 最近10个episodes平均:  -146.78
[19:45:11] 
各Agent奖励:
[19:45:11]   wind      :   26.318
[19:45:11]   solar     :    9.116
[19:45:11]   diesel    :    2.758
[19:45:11]   battery   :    0.000
[19:45:11]   customer  : -180.617
[19:45:11] 
🔌 Main Grid 交易:
[19:45:11]   进口电量:    10.03 kWh
[19:45:11]   出口电量:   813.14 kWh
[19:45:11]   净交易量:  -803.12 kWh
[19:45:11]   平均出清价:  11.46 cents/kWh
[19:45:11]   市场独立度:  77.13%
[19:45:11] 
Buffer大小: 10000
[19:45:11] 噪声水平: 0.0514
[19:45:11] 
动作统计:
[19:45:11]   wind      : mean= 0.132, std= 0.090
[19:45:11]   solar     : mean=-0.118, std= 0.725
[19:45:11]   diesel    : mean= 0.200, std= 0.377
[19:45:11]   battery   : mean= 0.717, std= 0.263
[19:45:11]   customer  : mean= 0.823, std= 0.079
[19:45:13] 
======================================================================
[19:45:13] Episode 656/800
[19:45:13] ======================================================================
[19:45:13] 总奖励:  -150.69 | 步数: 24
[19:45:13] 最近10个episodes平均:  -147.42
[19:45:13] 
各Agent奖励:
[19:45:13]   wind      :   22.417
[19:45:13]   solar     :    3.520
[19:45:13]   diesel    :    1.138
[19:45:13]   battery   :    1.804
[19:45:13]   customer  : -179.565
[19:45:13] 
🔌 Main Grid 交易:
[19:45:13]   进口电量:    26.31 kWh
[19:45:13]   出口电量:   751.89 kWh
[19:45:13]   净交易量:  -725.58 kWh
[19:45:13]   平均出清价:  10.40 cents/kWh
[19:45:13]   市场独立度:  78.38%
[19:45:13] 
Buffer大小: 10000
[19:45:13] 噪声水平: 0.0514
[19:45:13] 
动作统计:
[19:45:13]   wind      : mean= 0.123, std= 0.096
[19:45:13]   solar     : mean=-0.129, std= 0.734
[19:45:13]   diesel    : mean= 0.198, std= 0.361
[19:45:13]   battery   : mean= 0.712, std= 0.274
[19:45:13]   customer  : mean= 0.821, std= 0.083
[19:45:14] 
======================================================================
[19:45:14] Episode 657/800
[19:45:14] ======================================================================
[19:45:14] 总奖励:  -146.85 | 步数: 24
[19:45:14] 最近10个episodes平均:  -147.73
[19:45:14] 
各Agent奖励:
[19:45:14]   wind      :   27.648
[19:45:14]   solar     :    4.651
[19:45:14]   diesel    :    1.531
[19:45:14]   battery   :    0.000
[19:45:14]   customer  : -180.683
[19:45:14] 
🔌 Main Grid 交易:
[19:45:14]   进口电量:     0.54 kWh
[19:45:14]   出口电量:   680.64 kWh
[19:45:14]   净交易量:  -680.10 kWh
[19:45:14]   平均出清价:  10.51 cents/kWh
[19:45:14]   市场独立度:  81.08%
[19:45:14] 
Buffer大小: 10000
[19:45:14] 噪声水平: 0.0513
[19:45:14] 
动作统计:
[19:45:14]   wind      : mean= 0.136, std= 0.082
[19:45:14]   solar     : mean=-0.115, std= 0.737
[19:45:14]   diesel    : mean= 0.179, std= 0.343
[19:45:14]   battery   : mean= 0.718, std= 0.258
[19:45:14]   customer  : mean= 0.841, std= 0.080
[19:45:15] 
======================================================================
[19:45:15] Episode 658/800
[19:45:15] ======================================================================
[19:45:15] 总奖励:  -143.33 | 步数: 24
[19:45:15] 最近10个episodes平均:  -147.55
[19:45:15] 
各Agent奖励:
[19:45:15]   wind      :   23.854
[19:45:15]   solar     :   12.646
[19:45:15]   diesel    :    2.875
[19:45:15]   battery   :    0.694
[19:45:15]   customer  : -183.396
[19:45:15] 
🔌 Main Grid 交易:
[19:45:15]   进口电量:    25.57 kWh
[19:45:15]   出口电量:   619.84 kWh
[19:45:15]   净交易量:  -594.27 kWh
[19:45:15]   平均出清价:  13.49 cents/kWh
[19:45:15]   市场独立度:  82.07%
[19:45:15] 
Buffer大小: 10000
[19:45:15] 噪声水平: 0.0513
[19:45:15] 
动作统计:
[19:45:15]   wind      : mean= 0.136, std= 0.082
[19:45:15]   solar     : mean=-0.124, std= 0.734
[19:45:15]   diesel    : mean= 0.205, std= 0.354
[19:45:15]   battery   : mean= 0.709, std= 0.264
[19:45:15]   customer  : mean= 0.824, std= 0.070
[19:45:17] 
======================================================================
[19:45:17] Episode 659/800
[19:45:17] ======================================================================
[19:45:17] 总奖励:  -145.47 | 步数: 24
[19:45:17] 最近10个episodes平均:  -147.55
[19:45:17] 
各Agent奖励:
[19:45:17]   wind      :   25.627
[19:45:17]   solar     :    4.177
[19:45:17]   diesel    :    1.498
[19:45:17]   battery   :    0.177
[19:45:17]   customer  : -176.954
[19:45:17] 
🔌 Main Grid 交易:
[19:45:17]   进口电量:     0.00 kWh
[19:45:17]   出口电量:   709.96 kWh
[19:45:17]   净交易量:  -709.96 kWh
[19:45:17]   平均出清价:   9.81 cents/kWh
[19:45:17]   市场独立度:  80.28%
[19:45:17] 
Buffer大小: 10000
[19:45:17] 噪声水平: 0.0512
[19:45:17] 
动作统计:
[19:45:17]   wind      : mean= 0.142, std= 0.082
[19:45:17]   solar     : mean=-0.135, std= 0.729
[19:45:17]   diesel    : mean= 0.198, std= 0.347
[19:45:17]   battery   : mean= 0.684, std= 0.284
[19:45:17]   customer  : mean= 0.830, std= 0.060
[19:45:18] 
======================================================================
[19:45:18] Episode 660/800
[19:45:18] ======================================================================
[19:45:18] 总奖励:  -141.69 | 步数: 24
[19:45:18] 最近10个episodes平均:  -147.21
[19:45:18] 
各Agent奖励:
[19:45:18]   wind      :   25.937
[19:45:18]   solar     :    6.808
[19:45:18]   diesel    :    2.249
[19:45:18]   battery   :    1.292
[19:45:18]   customer  : -177.976
[19:45:18] 
🔌 Main Grid 交易:
[19:45:18]   进口电量:    29.80 kWh
[19:45:18]   出口电量:   671.62 kWh
[19:45:18]   净交易量:  -641.81 kWh
[19:45:18]   平均出清价:  10.76 cents/kWh
[19:45:18]   市场独立度:  80.52%
[19:45:18] 
Buffer大小: 10000
[19:45:18] 噪声水平: 0.0512
[19:45:18] 
动作统计:
[19:45:18]   wind      : mean= 0.135, std= 0.083
[19:45:18]   solar     : mean=-0.143, std= 0.738
[19:45:18]   diesel    : mean= 0.206, std= 0.349
[19:45:18]   battery   : mean= 0.687, std= 0.285
[19:45:18]   customer  : mean= 0.801, std= 0.071
[19:45:18] 
📊 生成可视化图表...
[19:45:19]   ✓ debug_plots/training_ep0660.png
[19:45:21] 
======================================================================
[19:45:21] Episode 661/800
[19:45:21] ======================================================================
[19:45:21] 总奖励:  -150.08 | 步数: 24
[19:45:21] 最近10个episodes平均:  -145.90
[19:45:21] 
各Agent奖励:
[19:45:21]   wind      :   23.880
[19:45:21]   solar     :    6.987
[19:45:21]   diesel    :    0.846
[19:45:21]   battery   :    0.693
[19:45:21]   customer  : -182.482
[19:45:21] 
🔌 Main Grid 交易:
[19:45:21]   进口电量:    18.87 kWh
[19:45:21]   出口电量:   668.19 kWh
[19:45:21]   净交易量:  -649.31 kWh
[19:45:21]   平均出清价:  11.63 cents/kWh
[19:45:21]   市场独立度:  80.92%
[19:45:21] 
Buffer大小: 10000
[19:45:21] 噪声水平: 0.0511
[19:45:21] 
动作统计:
[19:45:21]   wind      : mean= 0.127, std= 0.081
[19:45:21]   solar     : mean=-0.132, std= 0.732
[19:45:21]   diesel    : mean= 0.208, std= 0.332
[19:45:21]   battery   : mean= 0.675, std= 0.296
[19:45:21]   customer  : mean= 0.821, std= 0.084
[19:45:23] 
======================================================================
[19:45:23] Episode 662/800
[19:45:23] ======================================================================
[19:45:23] 总奖励:  -148.08 | 步数: 24
[19:45:23] 最近10个episodes平均:  -146.04
[19:45:23] 
各Agent奖励:
[19:45:23]   wind      :   24.420
[19:45:23]   solar     :    5.390
[19:45:23]   diesel    :    0.933
[19:45:23]   battery   :    0.724
[19:45:23]   customer  : -179.543
[19:45:23] 
🔌 Main Grid 交易:
[19:45:23]   进口电量:    28.14 kWh
[19:45:23]   出口电量:   716.79 kWh
[19:45:23]   净交易量:  -688.65 kWh
[19:45:23]   平均出清价:   9.86 cents/kWh
[19:45:23]   市场独立度:  79.31%
[19:45:23] 
Buffer大小: 10000
[19:45:23] 噪声水平: 0.0511
[19:45:23] 
动作统计:
[19:45:23]   wind      : mean= 0.131, std= 0.088
[19:45:23]   solar     : mean=-0.150, std= 0.739
[19:45:23]   diesel    : mean= 0.182, std= 0.349
[19:45:23]   battery   : mean= 0.664, std= 0.307
[19:45:23]   customer  : mean= 0.807, std= 0.073
[19:45:24] 
======================================================================
[19:45:24] Episode 663/800
[19:45:24] ======================================================================
[19:45:24] 总奖励:  -147.67 | 步数: 24
[19:45:24] 最近10个episodes平均:  -145.79
[19:45:24] 
各Agent奖励:
[19:45:24]   wind      :   28.852
[19:45:24]   solar     :    3.683
[19:45:24]   diesel    :    2.349
[19:45:24]   battery   :    0.000
[19:45:24]   customer  : -182.549
[19:45:24] 
🔌 Main Grid 交易:
[19:45:24]   进口电量:    14.53 kWh
[19:45:24]   出口电量:   706.67 kWh
[19:45:24]   净交易量:  -692.14 kWh
[19:45:24]   平均出清价:  11.33 cents/kWh
[19:45:24]   市场独立度:  79.97%
[19:45:24] 
Buffer大小: 10000
[19:45:24] 噪声水平: 0.0510
[19:45:24] 
动作统计:
[19:45:24]   wind      : mean= 0.133, std= 0.072
[19:45:24]   solar     : mean=-0.110, std= 0.728
[19:45:24]   diesel    : mean= 0.189, std= 0.339
[19:45:24]   battery   : mean= 0.666, std= 0.303
[19:45:24]   customer  : mean= 0.825, std= 0.086
[19:45:25] 
======================================================================
[19:45:25] Episode 664/800
[19:45:25] ======================================================================
[19:45:25] 总奖励:  -147.89 | 步数: 24
[19:45:25] 最近10个episodes平均:  -146.42
[19:45:25] 
各Agent奖励:
[19:45:25]   wind      :   24.603
[19:45:25]   solar     :    9.816
[19:45:25]   diesel    :    1.819
[19:45:25]   battery   :    0.000
[19:45:25]   customer  : -184.126
[19:45:25] 
🔌 Main Grid 交易:
[19:45:25]   进口电量:     0.00 kWh
[19:45:25]   出口电量:   803.44 kWh
[19:45:25]   净交易量:  -803.44 kWh
[19:45:25]   平均出清价:  11.22 cents/kWh
[19:45:25]   市场独立度:  77.68%
[19:45:25] 
Buffer大小: 10000
[19:45:25] 噪声水平: 0.0509
[19:45:25] 
动作统计:
[19:45:25]   wind      : mean= 0.143, std= 0.092
[19:45:25]   solar     : mean=-0.130, std= 0.718
[19:45:25]   diesel    : mean= 0.207, std= 0.351
[19:45:25]   battery   : mean= 0.662, std= 0.289
[19:45:25]   customer  : mean= 0.820, std= 0.054
[19:45:26] 
======================================================================
[19:45:26] Episode 665/800
[19:45:26] ======================================================================
[19:45:26] 总奖励:  -145.76 | 步数: 24
[19:45:26] 最近10个episodes平均:  -146.75
[19:45:26] 
各Agent奖励:
[19:45:26]   wind      :   22.645
[19:45:26]   solar     :    6.613
[19:45:26]   diesel    :   -0.786
[19:45:26]   battery   :    0.062
[19:45:26]   customer  : -174.290
[19:45:26] 
🔌 Main Grid 交易:
[19:45:26]   进口电量:     0.00 kWh
[19:45:26]   出口电量:   756.92 kWh
[19:45:26]   净交易量:  -756.92 kWh
[19:45:26]   平均出清价:   8.41 cents/kWh
[19:45:26]   市场独立度:  78.97%
[19:45:26] 
Buffer大小: 10000
[19:45:26] 噪声水平: 0.0509
[19:45:26] 
动作统计:
[19:45:26]   wind      : mean= 0.133, std= 0.085
[19:45:26]   solar     : mean=-0.121, std= 0.732
[19:45:26]   diesel    : mean= 0.201, std= 0.353
[19:45:26]   battery   : mean= 0.658, std= 0.303
[19:45:26]   customer  : mean= 0.836, std= 0.071
[19:45:28] 
======================================================================
[19:45:28] Episode 666/800
[19:45:28] ======================================================================
[19:45:28] 总奖励:  -155.06 | 步数: 24
[19:45:28] 最近10个episodes平均:  -147.19
[19:45:28] 
各Agent奖励:
[19:45:28]   wind      :   23.562
[19:45:28]   solar     :    6.822
[19:45:28]   diesel    :    1.048
[19:45:28]   battery   :    0.000
[19:45:28]   customer  : -186.497
[19:45:28] 
🔌 Main Grid 交易:
[19:45:28]   进口电量:     6.37 kWh
[19:45:28]   出口电量:   753.03 kWh
[19:45:28]   净交易量:  -746.66 kWh
[19:45:28]   平均出清价:  10.59 cents/kWh
[19:45:28]   市场独立度:  78.91%
[19:45:28] 
Buffer大小: 10000
[19:45:28] 噪声水平: 0.0508
[19:45:28] 
动作统计:
[19:45:28]   wind      : mean= 0.163, std= 0.069
[19:45:28]   solar     : mean=-0.133, std= 0.728
[19:45:28]   diesel    : mean= 0.212, std= 0.360
[19:45:28]   battery   : mean= 0.664, std= 0.301
[19:45:28]   customer  : mean= 0.844, std= 0.065
[19:45:30] 
======================================================================
[19:45:30] Episode 667/800
[19:45:30] ======================================================================
[19:45:30] 总奖励:  -151.34 | 步数: 24
[19:45:30] 最近10个episodes平均:  -147.64
[19:45:30] 
各Agent奖励:
[19:45:30]   wind      :   26.326
[19:45:30]   solar     :    5.592
[19:45:30]   diesel    :    1.670
[19:45:30]   battery   :    0.301
[19:45:30]   customer  : -185.233
[19:45:30] 
🔌 Main Grid 交易:
[19:45:30]   进口电量:     0.00 kWh
[19:45:30]   出口电量:   822.21 kWh
[19:45:30]   净交易量:  -822.21 kWh
[19:45:30]   平均出清价:  10.38 cents/kWh
[19:45:30]   市场独立度:  77.16%
[19:45:30] 
Buffer大小: 10000
[19:45:30] 噪声水平: 0.0508
[19:45:30] 
动作统计:
[19:45:30]   wind      : mean= 0.128, std= 0.075
[19:45:30]   solar     : mean=-0.124, std= 0.719
[19:45:30]   diesel    : mean= 0.214, std= 0.375
[19:45:30]   battery   : mean= 0.660, std= 0.315
[19:45:30]   customer  : mean= 0.841, std= 0.069
[19:45:32] 
======================================================================
[19:45:32] Episode 668/800
[19:45:32] ======================================================================
[19:45:32] 总奖励:  -154.00 | 步数: 24
[19:45:32] 最近10个episodes平均:  -148.70
[19:45:32] 
各Agent奖励:
[19:45:32]   wind      :   19.644
[19:45:32]   solar     :    5.705
[19:45:32]   diesel    :    2.529
[19:45:32]   battery   :    0.357
[19:45:32]   customer  : -182.235
[19:45:32] 
🔌 Main Grid 交易:
[19:45:32]   进口电量:    18.42 kWh
[19:45:32]   出口电量:   753.49 kWh
[19:45:32]   净交易量:  -735.07 kWh
[19:45:32]   平均出清价:   9.75 cents/kWh
[19:45:32]   市场独立度:  78.56%
[19:45:32] 
Buffer大小: 10000
[19:45:32] 噪声水平: 0.0507
[19:45:32] 
动作统计:
[19:45:32]   wind      : mean= 0.118, std= 0.085
[19:45:32]   solar     : mean=-0.132, std= 0.728
[19:45:32]   diesel    : mean= 0.196, std= 0.357
[19:45:32]   battery   : mean= 0.650, std= 0.327
[19:45:32]   customer  : mean= 0.838, std= 0.066
[19:45:33] 
======================================================================
[19:45:33] Episode 669/800
[19:45:33] ======================================================================
[19:45:33] 总奖励:  -151.81 | 步数: 24
[19:45:33] 最近10个episodes平均:  -149.34
[19:45:33] 
各Agent奖励:
[19:45:33]   wind      :   21.853
[19:45:33]   solar     :    4.767
[19:45:33]   diesel    :    1.428
[19:45:33]   battery   :    0.000
[19:45:33]   customer  : -179.861
[19:45:33] 
🔌 Main Grid 交易:
[19:45:33]   进口电量:     9.06 kWh
[19:45:33]   出口电量:   723.28 kWh
[19:45:33]   净交易量:  -714.23 kWh
[19:45:33]   平均出清价:   8.92 cents/kWh
[19:45:33]   市场独立度:  79.66%
[19:45:33] 
Buffer大小: 10000
[19:45:33] 噪声水平: 0.0507
[19:45:33] 
动作统计:
[19:45:33]   wind      : mean= 0.138, std= 0.084
[19:45:33]   solar     : mean=-0.129, std= 0.707
[19:45:33]   diesel    : mean= 0.206, std= 0.343
[19:45:33]   battery   : mean= 0.657, std= 0.321
[19:45:33]   customer  : mean= 0.849, std= 0.060
[19:45:35] 
======================================================================
[19:45:35] Episode 670/800
[19:45:35] ======================================================================
[19:45:35] 总奖励:  -158.31 | 步数: 24
[19:45:35] 最近10个episodes平均:  -151.00
[19:45:35] 
各Agent奖励:
[19:45:35]   wind      :   18.786
[19:45:35]   solar     :    8.079
[19:45:35]   diesel    :    2.149
[19:45:35]   battery   :    0.228
[19:45:35]   customer  : -187.554
[19:45:35] 
🔌 Main Grid 交易:
[19:45:35]   进口电量:    21.63 kWh
[19:45:35]   出口电量:   729.64 kWh
[19:45:35]   净交易量:  -708.01 kWh
[19:45:35]   平均出清价:  10.81 cents/kWh
[19:45:35]   市场独立度:  79.13%
[19:45:35] 
Buffer大小: 10000
[19:45:35] 噪声水平: 0.0506
[19:45:35] 
动作统计:
[19:45:35]   wind      : mean= 0.134, std= 0.083
[19:45:35]   solar     : mean=-0.105, std= 0.704
[19:45:35]   diesel    : mean= 0.203, std= 0.349
[19:45:35]   battery   : mean= 0.647, std= 0.324
[19:45:35]   customer  : mean= 0.854, std= 0.074
[19:45:35] 
📊 生成可视化图表...
[19:45:35]   ✓ debug_plots/training_ep0670.png
[19:45:37] 
======================================================================
[19:45:37] Episode 671/800
[19:45:37] ======================================================================
[19:45:37] 总奖励:  -148.15 | 步数: 24
[19:45:37] 最近10个episodes平均:  -150.81
[19:45:37] 
各Agent奖励:
[19:45:37]   wind      :   21.296
[19:45:37]   solar     :    7.814
[19:45:37]   diesel    :    2.649
[19:45:37]   battery   :    0.000
[19:45:37]   customer  : -179.904
[19:45:37] 
🔌 Main Grid 交易:
[19:45:37]   进口电量:     0.11 kWh
[19:45:37]   出口电量:   688.08 kWh
[19:45:37]   净交易量:  -687.97 kWh
[19:45:37]   平均出清价:  11.87 cents/kWh
[19:45:37]   市场独立度:  80.88%
[19:45:37] 
Buffer大小: 10000
[19:45:37] 噪声水平: 0.0506
[19:45:37] 
动作统计:
[19:45:37]   wind      : mean= 0.155, std= 0.070
[19:45:37]   solar     : mean=-0.089, std= 0.705
[19:45:37]   diesel    : mean= 0.196, std= 0.361
[19:45:37]   battery   : mean= 0.658, std= 0.323
[19:45:37]   customer  : mean= 0.842, std= 0.063
[19:45:38] 
======================================================================
[19:45:38] Episode 672/800
[19:45:38] ======================================================================
[19:45:38] 总奖励:  -154.80 | 步数: 24
[19:45:38] 最近10个episodes平均:  -151.48
[19:45:38] 
各Agent奖励:
[19:45:38]   wind      :   17.048
[19:45:38]   solar     :    6.280
[19:45:38]   diesel    :    2.117
[19:45:38]   battery   :    0.000
[19:45:38]   customer  : -180.245
[19:45:38] 
🔌 Main Grid 交易:
[19:45:38]   进口电量:     0.00 kWh
[19:45:38]   出口电量:   712.34 kWh
[19:45:38]   净交易量:  -712.34 kWh
[19:45:38]   平均出清价:  10.04 cents/kWh
[19:45:38]   市场独立度:  80.21%
[19:45:38] 
Buffer大小: 10000
[19:45:38] 噪声水平: 0.0505
[19:45:38] 
动作统计:
[19:45:38]   wind      : mean= 0.139, std= 0.082
[19:45:38]   solar     : mean=-0.098, std= 0.702
[19:45:38]   diesel    : mean= 0.189, std= 0.354
[19:45:38]   battery   : mean= 0.656, std= 0.329
[19:45:38]   customer  : mean= 0.851, std= 0.058
[19:45:39] 
======================================================================
[19:45:39] Episode 673/800
[19:45:39] ======================================================================
[19:45:39] 总奖励:  -153.62 | 步数: 24
[19:45:39] 最近10个episodes平均:  -152.07
[19:45:39] 
各Agent奖励:
[19:45:39]   wind      :   21.163
[19:45:39]   solar     :    9.360
[19:45:39]   diesel    :    2.524
[19:45:39]   battery   :    0.241
[19:45:39]   customer  : -186.909
[19:45:39] 
🔌 Main Grid 交易:
[19:45:39]   进口电量:    19.59 kWh
[19:45:39]   出口电量:   575.64 kWh
[19:45:39]   净交易量:  -556.05 kWh
[19:45:39]   平均出清价:  12.36 cents/kWh
[19:45:39]   市场独立度:  83.47%
[19:45:39] 
Buffer大小: 10000
[19:45:39] 噪声水平: 0.0505
[19:45:39] 
动作统计:
[19:45:39]   wind      : mean= 0.152, std= 0.093
[19:45:39]   solar     : mean=-0.078, std= 0.684
[19:45:39]   diesel    : mean= 0.185, std= 0.353
[19:45:39]   battery   : mean= 0.655, std= 0.326
[19:45:39]   customer  : mean= 0.834, std= 0.077
[19:45:41] 
======================================================================
[19:45:41] Episode 674/800
[19:45:41] ======================================================================
[19:45:41] 总奖励:  -149.25 | 步数: 24
[19:45:41] 最近10个episodes平均:  -152.21
[19:45:41] 
各Agent奖励:
[19:45:41]   wind      :   22.150
[19:45:41]   solar     :    6.474
[19:45:41]   diesel    :    2.769
[19:45:41]   battery   :    0.000
[19:45:41]   customer  : -180.638
[19:45:41] 
🔌 Main Grid 交易:
[19:45:41]   进口电量:     5.41 kWh
[19:45:41]   出口电量:   727.92 kWh
[19:45:41]   净交易量:  -722.51 kWh
[19:45:41]   平均出清价:  10.75 cents/kWh
[19:45:41]   市场独立度:  79.63%
[19:45:41] 
Buffer大小: 10000
[19:45:41] 噪声水平: 0.0504
[19:45:41] 
动作统计:
[19:45:41]   wind      : mean= 0.134, std= 0.089
[19:45:41]   solar     : mean=-0.067, std= 0.682
[19:45:41]   diesel    : mean= 0.196, std= 0.340
[19:45:41]   battery   : mean= 0.649, std= 0.335
[19:45:41]   customer  : mean= 0.849, std= 0.080
[19:45:43] 
======================================================================
[19:45:43] Episode 675/800
[19:45:43] ======================================================================
[19:45:43] 总奖励:  -146.40 | 步数: 24
[19:45:43] 最近10个episodes平均:  -152.27
[19:45:43] 
各Agent奖励:
[19:45:43]   wind      :   21.476
[19:45:43]   solar     :    7.380
[19:45:43]   diesel    :    1.043
[19:45:43]   battery   :    1.169
[19:45:43]   customer  : -177.465
[19:45:43] 
🔌 Main Grid 交易:
[19:45:43]   进口电量:    19.48 kWh
[19:45:43]   出口电量:   799.29 kWh
[19:45:43]   净交易量:  -779.81 kWh
[19:45:43]   平均出清价:   9.30 cents/kWh
[19:45:43]   市场独立度:  77.26%
[19:45:43] 
Buffer大小: 10000
[19:45:43] 噪声水平: 0.0504
[19:45:43] 
动作统计:
[19:45:43]   wind      : mean= 0.107, std= 0.071
[19:45:43]   solar     : mean=-0.034, std= 0.664
[19:45:43]   diesel    : mean= 0.205, std= 0.357
[19:45:43]   battery   : mean= 0.655, std= 0.337
[19:45:43]   customer  : mean= 0.828, std= 0.064
[19:45:45] 
======================================================================
[19:45:45] Episode 676/800
[19:45:45] ======================================================================
[19:45:45] 总奖励:  -147.94 | 步数: 24
[19:45:45] 最近10个episodes平均:  -151.56
[19:45:45] 
各Agent奖励:
[19:45:45]   wind      :   21.399
[19:45:45]   solar     :    7.783
[19:45:45]   diesel    :    1.059
[19:45:45]   battery   :    0.164
[19:45:45]   customer  : -178.344
[19:45:45] 
🔌 Main Grid 交易:
[19:45:45]   进口电量:     3.37 kWh
[19:45:45]   出口电量:   729.72 kWh
[19:45:45]   净交易量:  -726.35 kWh
[19:45:45]   平均出清价:  10.34 cents/kWh
[19:45:45]   市场独立度:  79.64%
[19:45:45] 
Buffer大小: 10000
[19:45:45] 噪声水平: 0.0503
[19:45:45] 
动作统计:
[19:45:45]   wind      : mean= 0.134, std= 0.086
[19:45:45]   solar     : mean= 0.002, std= 0.631
[19:45:45]   diesel    : mean= 0.184, std= 0.346
[19:45:45]   battery   : mean= 0.667, std= 0.332
[19:45:45]   customer  : mean= 0.845, std= 0.069
[19:45:46] 
======================================================================
[19:45:46] Episode 677/800
[19:45:46] ======================================================================
[19:45:46] 总奖励:  -145.84 | 步数: 24
[19:45:46] 最近10个episodes平均:  -151.01
[19:45:46] 
各Agent奖励:
[19:45:46]   wind      :   23.694
[19:45:46]   solar     :    7.717
[19:45:46]   diesel    :    2.934
[19:45:46]   battery   :    0.032
[19:45:46]   customer  : -180.220
[19:45:46] 
🔌 Main Grid 交易:
[19:45:46]   进口电量:     0.17 kWh
[19:45:46]   出口电量:   810.95 kWh
[19:45:46]   净交易量:  -810.77 kWh
[19:45:46]   平均出清价:  11.21 cents/kWh
[19:45:46]   市场独立度:  77.47%
[19:45:46] 
Buffer大小: 10000
[19:45:46] 噪声水平: 0.0503
[19:45:46] 
动作统计:
[19:45:46]   wind      : mean= 0.128, std= 0.081
[19:45:46]   solar     : mean= 0.074, std= 0.577
[19:45:46]   diesel    : mean= 0.216, std= 0.337
[19:45:46]   battery   : mean= 0.677, std= 0.327
[19:45:46]   customer  : mean= 0.842, std= 0.076
[19:45:47] 
======================================================================
[19:45:47] Episode 678/800
[19:45:47] ======================================================================
[19:45:47] 总奖励:  -145.06 | 步数: 24
[19:45:47] 最近10个episodes平均:  -150.12
[19:45:47] 
各Agent奖励:
[19:45:47]   wind      :   25.385
[19:45:47]   solar     :    7.955
[19:45:47]   diesel    :   -0.256
[19:45:47]   battery   :    0.000
[19:45:47]   customer  : -178.141
[19:45:47] 
🔌 Main Grid 交易:
[19:45:47]   进口电量:     0.00 kWh
[19:45:47]   出口电量:   762.01 kWh
[19:45:47]   净交易量:  -762.01 kWh
[19:45:47]   平均出清价:   7.47 cents/kWh
[19:45:47]   市场独立度:  78.83%
[19:45:47] 
Buffer大小: 10000
[19:45:47] 噪声水平: 0.0502
[19:45:47] 
动作统计:
[19:45:47]   wind      : mean= 0.116, std= 0.080
[19:45:47]   solar     : mean= 0.135, std= 0.526
[19:45:47]   diesel    : mean= 0.216, std= 0.348
[19:45:47]   battery   : mean= 0.671, std= 0.333
[19:45:47]   customer  : mean= 0.838, std= 0.075
[19:45:48] 
======================================================================
[19:45:48] Episode 679/800
[19:45:48] ======================================================================
[19:45:48] 总奖励:  -152.99 | 步数: 24
[19:45:48] 最近10个episodes平均:  -150.23
[19:45:48] 
各Agent奖励:
[19:45:48]   wind      :   19.804
[19:45:48]   solar     :    5.907
[19:45:48]   diesel    :   -2.312
[19:45:48]   battery   :    0.000
[19:45:48]   customer  : -176.386
[19:45:48] 
🔌 Main Grid 交易:
[19:45:48]   进口电量:     1.90 kWh
[19:45:48]   出口电量:   781.63 kWh
[19:45:48]   净交易量:  -779.73 kWh
[19:45:48]   平均出清价:   7.60 cents/kWh
[19:45:48]   市场独立度:  78.24%
[19:45:48] 
Buffer大小: 10000
[19:45:48] 噪声水平: 0.0502
[19:45:48] 
动作统计:
[19:45:48]   wind      : mean= 0.133, std= 0.083
[19:45:48]   solar     : mean= 0.219, std= 0.463
[19:45:48]   diesel    : mean= 0.207, std= 0.360
[19:45:48]   battery   : mean= 0.669, std= 0.328
[19:45:48]   customer  : mean= 0.849, std= 0.083
[19:45:50] 
======================================================================
[19:45:50] Episode 680/800
[19:45:50] ======================================================================
[19:45:50] 总奖励:  -142.86 | 步数: 24
[19:45:50] 最近10个episodes平均:  -148.69
[19:45:50] 
各Agent奖励:
[19:45:50]   wind      :   27.750
[19:45:50]   solar     :    7.116
[19:45:50]   diesel    :   -6.576
[19:45:50]   battery   :    0.000
[19:45:50]   customer  : -171.153
[19:45:50] 
🔌 Main Grid 交易:
[19:45:50]   进口电量:     0.00 kWh
[19:45:50]   出口电量:   813.69 kWh
[19:45:50]   净交易量:  -813.69 kWh
[19:45:50]   平均出清价:   6.74 cents/kWh
[19:45:50]   市场独立度:  77.40%
[19:45:50] 
Buffer大小: 10000
[19:45:50] 噪声水平: 0.0501
[19:45:50] 
动作统计:
[19:45:50]   wind      : mean= 0.130, std= 0.097
[19:45:50]   solar     : mean= 0.277, std= 0.442
[19:45:50]   diesel    : mean= 0.228, std= 0.357
[19:45:50]   battery   : mean= 0.656, std= 0.330
[19:45:50]   customer  : mean= 0.828, std= 0.060
[19:45:50] 
📊 生成可视化图表...
[19:45:50]   ✓ debug_plots/training_ep0680.png
[19:45:52] 
======================================================================
[19:45:52] Episode 681/800
[19:45:52] ======================================================================
[19:45:52] 总奖励:  -149.52 | 步数: 24
[19:45:52] 最近10个episodes平均:  -148.83
[19:45:52] 
各Agent奖励:
[19:45:52]   wind      :   22.597
[19:45:52]   solar     :    7.351
[19:45:52]   diesel    :   -2.046
[19:45:52]   battery   :    0.000
[19:45:52]   customer  : -177.418
[19:45:52] 
🔌 Main Grid 交易:
[19:45:52]   进口电量:     0.00 kWh
[19:45:52]   出口电量:   824.01 kWh
[19:45:52]   净交易量:  -824.01 kWh
[19:45:52]   平均出清价:   7.73 cents/kWh
[19:45:52]   市场独立度:  77.11%
[19:45:52] 
Buffer大小: 10000
[19:45:52] 噪声水平: 0.0501
[19:45:52] 
动作统计:
[19:45:52]   wind      : mean= 0.128, std= 0.075
[19:45:52]   solar     : mean= 0.314, std= 0.447
[19:45:52]   diesel    : mean= 0.220, std= 0.337
[19:45:52]   battery   : mean= 0.664, std= 0.334
[19:45:52]   customer  : mean= 0.844, std= 0.063
[19:45:53] 
======================================================================
[19:45:53] Episode 682/800
[19:45:53] ======================================================================
[19:45:53] 总奖励:  -145.83 | 步数: 24
[19:45:53] 最近10个episodes平均:  -147.93
[19:45:53] 
各Agent奖励:
[19:45:53]   wind      :   23.077
[19:45:53]   solar     :    8.013
[19:45:53]   diesel    :   -1.083
[19:45:53]   battery   :    0.000
[19:45:53]   customer  : -175.842
[19:45:53] 
🔌 Main Grid 交易:
[19:45:53]   进口电量:     8.48 kWh
[19:45:53]   出口电量:   731.69 kWh
[19:45:53]   净交易量:  -723.21 kWh
[19:45:53]   平均出清价:   8.26 cents/kWh
[19:45:53]   市场独立度:  79.44%
[19:45:53] 
Buffer大小: 10000
[19:45:53] 噪声水平: 0.0500
[19:45:53] 
动作统计:
[19:45:53]   wind      : mean= 0.139, std= 0.069
[19:45:53]   solar     : mean= 0.341, std= 0.432
[19:45:53]   diesel    : mean= 0.230, std= 0.330
[19:45:53]   battery   : mean= 0.647, std= 0.338
[19:45:53]   customer  : mean= 0.836, std= 0.067
[19:45:55] 
======================================================================
[19:45:55] Episode 683/800
[19:45:55] ======================================================================
[19:45:55] 总奖励:  -144.34 | 步数: 24
[19:45:55] 最近10个episodes平均:  -147.00
[19:45:55] 
各Agent奖励:
[19:45:55]   wind      :   25.619
[19:45:55]   solar     :    6.650
[19:45:55]   diesel    :    0.263
[19:45:55]   battery   :    0.000
[19:45:55]   customer  : -176.869
[19:45:55] 
🔌 Main Grid 交易:
[19:45:55]   进口电量:     4.47 kWh
[19:45:55]   出口电量:   702.86 kWh
[19:45:55]   净交易量:  -698.39 kWh
[19:45:55]   平均出清价:   8.98 cents/kWh
[19:45:55]   市场独立度:  80.35%
[19:45:55] 
Buffer大小: 10000
[19:45:55] 噪声水平: 0.0500
[19:45:55] 
动作统计:
[19:45:55]   wind      : mean= 0.122, std= 0.090
[19:45:55]   solar     : mean= 0.348, std= 0.464
[19:45:55]   diesel    : mean= 0.224, std= 0.306
[19:45:55]   battery   : mean= 0.671, std= 0.326
[19:45:55]   customer  : mean= 0.831, std= 0.076
[19:45:56] 
======================================================================
[19:45:56] Episode 684/800
[19:45:56] ======================================================================
[19:45:56] 总奖励:  -154.22 | 步数: 24
[19:45:56] 最近10个episodes平均:  -147.50
[19:45:56] 
各Agent奖励:
[19:45:56]   wind      :   25.960
[19:45:56]   solar     :    3.064
[19:45:56]   diesel    :    0.800
[19:45:56]   battery   :    0.000
[19:45:56]   customer  : -184.043
[19:45:56] 
🔌 Main Grid 交易:
[19:45:56]   进口电量:    18.57 kWh
[19:45:56]   出口电量:   766.03 kWh
[19:45:56]   净交易量:  -747.45 kWh
[19:45:56]   平均出清价:   9.63 cents/kWh
[19:45:56]   市场独立度:  78.21%
[19:45:56] 
Buffer大小: 10000
[19:45:56] 噪声水平: 0.0499
[19:45:56] 
动作统计:
[19:45:56]   wind      : mean= 0.140, std= 0.092
[19:45:56]   solar     : mean= 0.336, std= 0.457
[19:45:56]   diesel    : mean= 0.229, std= 0.291
[19:45:56]   battery   : mean= 0.674, std= 0.325
[19:45:56]   customer  : mean= 0.835, std= 0.071
[19:45:58] 
======================================================================
[19:45:58] Episode 685/800
[19:45:58] ======================================================================
[19:45:58] 总奖励:  -149.59 | 步数: 24
[19:45:58] 最近10个episodes平均:  -147.82
[19:45:58] 
各Agent奖励:
[19:45:58]   wind      :   26.378
[19:45:58]   solar     :    4.771
[19:45:58]   diesel    :    0.818
[19:45:58]   battery   :    0.250
[19:45:58]   customer  : -181.803
[19:45:58] 
🔌 Main Grid 交易:
[19:45:58]   进口电量:     5.22 kWh
[19:45:58]   出口电量:   775.85 kWh
[19:45:58]   净交易量:  -770.63 kWh
[19:45:58]   平均出清价:   9.41 cents/kWh
[19:45:58]   市场独立度:  78.30%
[19:45:58] 
Buffer大小: 10000
[19:45:58] 噪声水平: 0.0499
[19:45:58] 
动作统计:
[19:45:58]   wind      : mean= 0.123, std= 0.092
[19:45:58]   solar     : mean= 0.341, std= 0.478
[19:45:58]   diesel    : mean= 0.223, std= 0.290
[19:45:58]   battery   : mean= 0.658, std= 0.316
[19:45:58]   customer  : mean= 0.849, std= 0.074
[19:46:00] 
======================================================================
[19:46:00] Episode 686/800
[19:46:00] ======================================================================
[19:46:00] 总奖励:  -149.58 | 步数: 24
[19:46:00] 最近10个episodes平均:  -147.98
[19:46:00] 
各Agent奖励:
[19:46:00]   wind      :   25.701
[19:46:00]   solar     :    6.476
[19:46:00]   diesel    :    1.357
[19:46:00]   battery   :    0.032
[19:46:00]   customer  : -183.146
[19:46:00] 
🔌 Main Grid 交易:
[19:46:00]   进口电量:    20.45 kWh
[19:46:00]   出口电量:   568.40 kWh
[19:46:00]   净交易量:  -547.95 kWh
[19:46:00]   平均出清价:  11.30 cents/kWh
[19:46:00]   市场独立度:  83.64%
[19:46:00] 
Buffer大小: 10000
[19:46:00] 噪声水平: 0.0498
[19:46:00] 
动作统计:
[19:46:00]   wind      : mean= 0.128, std= 0.074
[19:46:00]   solar     : mean= 0.356, std= 0.461
[19:46:00]   diesel    : mean= 0.208, std= 0.288
[19:46:00]   battery   : mean= 0.660, std= 0.342
[19:46:00]   customer  : mean= 0.837, std= 0.073
[19:46:02] 
======================================================================
[19:46:02] Episode 687/800
[19:46:02] ======================================================================
[19:46:02] 总奖励:  -155.45 | 步数: 24
[19:46:02] 最近10个episodes平均:  -148.94
[19:46:02] 
各Agent奖励:
[19:46:02]   wind      :   17.076
[19:46:02]   solar     :    8.908
[19:46:02]   diesel    :    1.963
[19:46:02]   battery   :    0.000
[19:46:02]   customer  : -183.392
[19:46:02] 
🔌 Main Grid 交易:
[19:46:02]   进口电量:    15.17 kWh
[19:46:02]   出口电量:   634.67 kWh
[19:46:02]   净交易量:  -619.50 kWh
[19:46:02]   平均出清价:  11.58 cents/kWh
[19:46:02]   市场独立度:  81.95%
[19:46:02] 
Buffer大小: 10000
[19:46:02] 噪声水平: 0.0498
[19:46:02] 
动作统计:
[19:46:02]   wind      : mean= 0.123, std= 0.067
[19:46:02]   solar     : mean= 0.334, std= 0.481
[19:46:02]   diesel    : mean= 0.222, std= 0.294
[19:46:02]   battery   : mean= 0.666, std= 0.333
[19:46:02]   customer  : mean= 0.854, std= 0.054
[19:46:04] 
======================================================================
[19:46:04] Episode 688/800
[19:46:04] ======================================================================
[19:46:04] 总奖励:  -152.63 | 步数: 24
[19:46:04] 最近10个episodes平均:  -149.70
[19:46:04] 
各Agent奖励:
[19:46:04]   wind      :   21.704
[19:46:04]   solar     :    5.589
[19:46:04]   diesel    :    0.229
[19:46:04]   battery   :    0.000
[19:46:04]   customer  : -180.151
[19:46:04] 
🔌 Main Grid 交易:
[19:46:04]   进口电量:     0.00 kWh
[19:46:04]   出口电量:   758.24 kWh
[19:46:04]   净交易量:  -758.24 kWh
[19:46:04]   平均出清价:   9.67 cents/kWh
[19:46:04]   市场独立度:  78.94%
[19:46:04] 
Buffer大小: 10000
[19:46:04] 噪声水平: 0.0497
[19:46:04] 
动作统计:
[19:46:04]   wind      : mean= 0.128, std= 0.071
[19:46:04]   solar     : mean= 0.329, std= 0.460
[19:46:04]   diesel    : mean= 0.218, std= 0.300
[19:46:04]   battery   : mean= 0.673, std= 0.332
[19:46:04]   customer  : mean= 0.860, std= 0.062
[19:46:06] 
======================================================================
[19:46:06] Episode 689/800
[19:46:06] ======================================================================
[19:46:06] 总奖励:  -151.78 | 步数: 24
[19:46:06] 最近10个episodes平均:  -149.58
[19:46:06] 
各Agent奖励:
[19:46:06]   wind      :   20.092
[19:46:06]   solar     :    6.754
[19:46:06]   diesel    :   -0.316
[19:46:06]   battery   :    0.000
[19:46:06]   customer  : -178.309
[19:46:06] 
🔌 Main Grid 交易:
[19:46:06]   进口电量:     4.16 kWh
[19:46:06]   出口电量:   839.62 kWh
[19:46:06]   净交易量:  -835.46 kWh
[19:46:06]   平均出清价:   9.24 cents/kWh
[19:46:06]   市场独立度:  76.56%
[19:46:06] 
Buffer大小: 10000
[19:46:06] 噪声水平: 0.0497
[19:46:06] 
动作统计:
[19:46:06]   wind      : mean= 0.147, std= 0.098
[19:46:06]   solar     : mean= 0.344, std= 0.465
[19:46:06]   diesel    : mean= 0.220, std= 0.294
[19:46:06]   battery   : mean= 0.660, std= 0.332
[19:46:06]   customer  : mean= 0.859, std= 0.075
[19:46:08] 
======================================================================
[19:46:08] Episode 690/800
[19:46:08] ======================================================================
[19:46:08] 总奖励:  -150.92 | 步数: 24
[19:46:08] 最近10个episodes平均:  -150.38
[19:46:08] 
各Agent奖励:
[19:46:08]   wind      :   20.979
[19:46:08]   solar     :    6.820
[19:46:08]   diesel    :    1.903
[19:46:08]   battery   :    0.000
[19:46:08]   customer  : -180.622
[19:46:08] 
🔌 Main Grid 交易:
[19:46:08]   进口电量:     7.51 kWh
[19:46:08]   出口电量:   781.17 kWh
[19:46:08]   净交易量:  -773.66 kWh
[19:46:08]   平均出清价:  10.68 cents/kWh
[19:46:08]   市场独立度:  78.09%
[19:46:08] 
Buffer大小: 10000
[19:46:08] 噪声水平: 0.0496
[19:46:08] 
动作统计:
[19:46:08]   wind      : mean= 0.148, std= 0.077
[19:46:08]   solar     : mean= 0.338, std= 0.448
[19:46:08]   diesel    : mean= 0.230, std= 0.290
[19:46:08]   battery   : mean= 0.641, std= 0.351
[19:46:08]   customer  : mean= 0.846, std= 0.070
[19:46:08] 
📊 生成可视化图表...
[19:46:08]   ✓ debug_plots/training_ep0690.png
[19:46:11] 
======================================================================
[19:46:11] Episode 691/800
[19:46:11] ======================================================================
[19:46:11] 总奖励:  -150.13 | 步数: 24
[19:46:11] 最近10个episodes平均:  -150.45
[19:46:11] 
各Agent奖励:
[19:46:11]   wind      :   21.580
[19:46:11]   solar     :    9.659
[19:46:11]   diesel    :    1.457
[19:46:11]   battery   :    0.000
[19:46:11]   customer  : -182.827
[19:46:11] 
🔌 Main Grid 交易:
[19:46:11]   进口电量:    12.38 kWh
[19:46:11]   出口电量:   647.72 kWh
[19:46:11]   净交易量:  -635.34 kWh
[19:46:11]   平均出清价:  11.78 cents/kWh
[19:46:11]   市场独立度:  81.66%
[19:46:11] 
Buffer大小: 10000
[19:46:11] 噪声水平: 0.0496
[19:46:11] 
动作统计:
[19:46:11]   wind      : mean= 0.148, std= 0.062
[19:46:11]   solar     : mean= 0.346, std= 0.473
[19:46:11]   diesel    : mean= 0.244, std= 0.293
[19:46:11]   battery   : mean= 0.634, std= 0.359
[19:46:11]   customer  : mean= 0.833, std= 0.080
[19:46:13] 
======================================================================
[19:46:13] Episode 692/800
[19:46:13] ======================================================================
[19:46:13] 总奖励:  -155.82 | 步数: 24
[19:46:13] 最近10个episodes平均:  -151.45
[19:46:13] 
各Agent奖励:
[19:46:13]   wind      :   22.590
[19:46:13]   solar     :    6.101
[19:46:13]   diesel    :    0.421
[19:46:13]   battery   :    0.000
[19:46:13]   customer  : -184.934
[19:46:13] 
🔌 Main Grid 交易:
[19:46:13]   进口电量:     3.91 kWh
[19:46:13]   出口电量:   700.66 kWh
[19:46:13]   净交易量:  -696.74 kWh
[19:46:13]   平均出清价:  11.06 cents/kWh
[19:46:13]   市场独立度:  80.43%
[19:46:13] 
Buffer大小: 10000
[19:46:13] 噪声水平: 0.0495
[19:46:13] 
动作统计:
[19:46:13]   wind      : mean= 0.160, std= 0.075
[19:46:13]   solar     : mean= 0.340, std= 0.474
[19:46:13]   diesel    : mean= 0.252, std= 0.287
[19:46:13]   battery   : mean= 0.608, std= 0.389
[19:46:13]   customer  : mean= 0.853, std= 0.081
[19:46:14] 
======================================================================
[19:46:14] Episode 693/800
[19:46:14] ======================================================================
[19:46:14] 总奖励:  -149.22 | 步数: 24
[19:46:14] 最近10个episodes平均:  -151.93
[19:46:14] 
各Agent奖励:
[19:46:14]   wind      :   26.809
[19:46:14]   solar     :    8.489
[19:46:14]   diesel    :    1.153
[19:46:14]   battery   :    0.593
[19:46:14]   customer  : -186.260
[19:46:14] 
🔌 Main Grid 交易:
[19:46:14]   进口电量:    20.88 kWh
[19:46:14]   出口电量:   642.53 kWh
[19:46:14]   净交易量:  -621.65 kWh
[19:46:14]   平均出清价:  12.34 cents/kWh
[19:46:14]   市场独立度:  81.57%
[19:46:14] 
Buffer大小: 10000
[19:46:14] 噪声水平: 0.0495
[19:46:14] 
动作统计:
[19:46:14]   wind      : mean= 0.150, std= 0.081
[19:46:14]   solar     : mean= 0.346, std= 0.434
[19:46:14]   diesel    : mean= 0.255, std= 0.294
[19:46:14]   battery   : mean= 0.604, std= 0.401
[19:46:14]   customer  : mean= 0.812, std= 0.061
[19:46:16] 
======================================================================
[19:46:16] Episode 694/800
[19:46:16] ======================================================================
[19:46:16] 总奖励:  -147.81 | 步数: 24
[19:46:16] 最近10个episodes平均:  -151.29
[19:46:16] 
各Agent奖励:
[19:46:16]   wind      :   25.465
[19:46:16]   solar     :    8.072
[19:46:16]   diesel    :    0.276
[19:46:16]   battery   :    0.000
[19:46:16]   customer  : -181.623
[19:46:16] 
🔌 Main Grid 交易:
[19:46:16]   进口电量:    24.00 kWh
[19:46:16]   出口电量:   715.62 kWh
[19:46:16]   净交易量:  -691.62 kWh
[19:46:16]   平均出清价:  11.83 cents/kWh
[19:46:16]   市场独立度:  79.46%
[19:46:16] 
Buffer大小: 10000
[19:46:16] 噪声水平: 0.0494
[19:46:16] 
动作统计:
[19:46:16]   wind      : mean= 0.147, std= 0.091
[19:46:16]   solar     : mean= 0.338, std= 0.453
[19:46:16]   diesel    : mean= 0.272, std= 0.312
[19:46:16]   battery   : mean= 0.586, std= 0.408
[19:46:16]   customer  : mean= 0.821, std= 0.061
[19:46:17] 
======================================================================
[19:46:17] Episode 695/800
[19:46:17] ======================================================================
[19:46:17] 总奖励:  -149.73 | 步数: 24
[19:46:17] 最近10个episodes平均:  -151.31
[19:46:17] 
各Agent奖励:
[19:46:17]   wind      :   27.047
[19:46:17]   solar     :    7.385
[19:46:17]   diesel    :    1.033
[19:46:17]   battery   :    0.000
[19:46:17]   customer  : -185.192
[19:46:17] 
🔌 Main Grid 交易:
[19:46:17]   进口电量:     8.65 kWh
[19:46:17]   出口电量:   673.56 kWh
[19:46:17]   净交易量:  -664.91 kWh
[19:46:17]   平均出清价:  11.45 cents/kWh
[19:46:17]   市场独立度:  81.05%
[19:46:17] 
Buffer大小: 10000
[19:46:17] 噪声水平: 0.0494
[19:46:17] 
动作统计:
[19:46:17]   wind      : mean= 0.137, std= 0.080
[19:46:17]   solar     : mean= 0.341, std= 0.446
[19:46:17]   diesel    : mean= 0.254, std= 0.320
[19:46:17]   battery   : mean= 0.576, std= 0.422
[19:46:17]   customer  : mean= 0.827, std= 0.074
[19:46:18] 
======================================================================
[19:46:18] Episode 696/800
[19:46:18] ======================================================================
[19:46:18] 总奖励:  -146.92 | 步数: 24
[19:46:18] 最近10个episodes平均:  -151.04
[19:46:18] 
各Agent奖励:
[19:46:18]   wind      :   26.966
[19:46:18]   solar     :    4.446
[19:46:18]   diesel    :    1.600
[19:46:18]   battery   :    0.571
[19:46:18]   customer  : -180.506
[19:46:18] 
🔌 Main Grid 交易:
[19:46:18]   进口电量:    25.21 kWh
[19:46:18]   出口电量:   687.25 kWh
[19:46:18]   净交易量:  -662.04 kWh
[19:46:18]   平均出清价:  11.02 cents/kWh
[19:46:18]   市场独立度:  80.21%
[19:46:18] 
Buffer大小: 10000
[19:46:18] 噪声水平: 0.0493
[19:46:18] 
动作统计:
[19:46:18]   wind      : mean= 0.131, std= 0.083
[19:46:18]   solar     : mean= 0.339, std= 0.485
[19:46:18]   diesel    : mean= 0.262, std= 0.331
[19:46:18]   battery   : mean= 0.549, std= 0.448
[19:46:18]   customer  : mean= 0.823, std= 0.082
[19:46:20] 
======================================================================
[19:46:20] Episode 697/800
[19:46:20] ======================================================================
[19:46:20] 总奖励:  -141.38 | 步数: 24
[19:46:20] 最近10个episodes平均:  -149.63
[19:46:20] 
各Agent奖励:
[19:46:20]   wind      :   28.064
[19:46:20]   solar     :    5.322
[19:46:20]   diesel    :    0.083
[19:46:20]   battery   :    0.000
[19:46:20]   customer  : -174.848
[19:46:20] 
🔌 Main Grid 交易:
[19:46:20]   进口电量:     0.00 kWh
[19:46:20]   出口电量:   784.84 kWh
[19:46:20]   净交易量:  -784.84 kWh
[19:46:20]   平均出清价:   9.53 cents/kWh
[19:46:20]   市场独立度:  78.20%
[19:46:20] 
Buffer大小: 10000
[19:46:20] 噪声水平: 0.0493
[19:46:20] 
动作统计:
[19:46:20]   wind      : mean= 0.123, std= 0.088
[19:46:20]   solar     : mean= 0.357, std= 0.457
[19:46:20]   diesel    : mean= 0.271, std= 0.338
[19:46:20]   battery   : mean= 0.559, std= 0.438
[19:46:20]   customer  : mean= 0.830, std= 0.082
[19:46:21] 
======================================================================
[19:46:21] Episode 698/800
[19:46:21] ======================================================================
[19:46:21] 总奖励:  -154.22 | 步数: 24
[19:46:21] 最近10个episodes平均:  -149.79
[19:46:21] 
各Agent奖励:
[19:46:21]   wind      :   21.415
[19:46:21]   solar     :    6.557
[19:46:21]   diesel    :    1.450
[19:46:21]   battery   :    0.011
[19:46:21]   customer  : -183.656
[19:46:21] 
🔌 Main Grid 交易:
[19:46:21]   进口电量:    11.15 kWh
[19:46:21]   出口电量:   743.28 kWh
[19:46:21]   净交易量:  -732.13 kWh
[19:46:21]   平均出清价:  10.29 cents/kWh
[19:46:21]   市场独立度:  79.04%
[19:46:21] 
Buffer大小: 10000
[19:46:21] 噪声水平: 0.0492
[19:46:21] 
动作统计:
[19:46:21]   wind      : mean= 0.140, std= 0.084
[19:46:21]   solar     : mean= 0.364, std= 0.433
[19:46:21]   diesel    : mean= 0.281, std= 0.347
[19:46:21]   battery   : mean= 0.554, std= 0.438
[19:46:21]   customer  : mean= 0.823, std= 0.058
[19:46:22] 
======================================================================
[19:46:22] Episode 699/800
[19:46:22] ======================================================================
[19:46:22] 总奖励:  -152.74 | 步数: 24
[19:46:22] 最近10个episodes平均:  -149.89
[19:46:22] 
各Agent奖励:
[19:46:22]   wind      :   18.070
[19:46:22]   solar     :    8.882
[19:46:22]   diesel    :    1.669
[19:46:22]   battery   :    0.000
[19:46:22]   customer  : -181.357
[19:46:22] 
🔌 Main Grid 交易:
[19:46:22]   进口电量:     4.52 kWh
[19:46:22]   出口电量:   684.24 kWh
[19:46:22]   净交易量:  -679.71 kWh
[19:46:22]   平均出清价:  10.55 cents/kWh
[19:46:22]   市场独立度:  80.87%
[19:46:22] 
Buffer大小: 10000
[19:46:22] 噪声水平: 0.0492
[19:46:22] 
动作统计:
[19:46:22]   wind      : mean= 0.120, std= 0.082
[19:46:22]   solar     : mean= 0.357, std= 0.468
[19:46:22]   diesel    : mean= 0.273, std= 0.363
[19:46:22]   battery   : mean= 0.549, std= 0.449
[19:46:22]   customer  : mean= 0.845, std= 0.057
[19:46:23] 
======================================================================
[19:46:23] Episode 700/800
[19:46:23] ======================================================================
[19:46:23] 总奖励:  -147.73 | 步数: 24
[19:46:23] 最近10个episodes平均:  -149.57
[19:46:23] 
各Agent奖励:
[19:46:23]   wind      :   18.680
[19:46:23]   solar     :    7.877
[19:46:23]   diesel    :    1.901
[19:46:23]   battery   :    0.289
[19:46:23]   customer  : -176.477
[19:46:23] 
🔌 Main Grid 交易:
[19:46:23]   进口电量:     9.42 kWh
[19:46:23]   出口电量:   748.75 kWh
[19:46:23]   净交易量:  -739.33 kWh
[19:46:23]   平均出清价:   9.45 cents/kWh
[19:46:23]   市场独立度:  78.94%
[19:46:23] 
Buffer大小: 10000
[19:46:23] 噪声水平: 0.0491
[19:46:23] 
动作统计:
[19:46:23]   wind      : mean= 0.131, std= 0.079
[19:46:23]   solar     : mean= 0.329, std= 0.449
[19:46:23]   diesel    : mean= 0.280, std= 0.358
[19:46:23]   battery   : mean= 0.540, std= 0.458
[19:46:23]   customer  : mean= 0.846, std= 0.065
[19:46:23] 
📊 生成可视化图表...
[19:46:24]   ✓ debug_plots/training_ep0700.png
[19:46:24] 💾 保存checkpoint: debug_checkpoints/debug_maddpg_20251203_193028_ep0700.pt
[19:46:25] 
======================================================================
[19:46:25] Episode 701/800
[19:46:25] ======================================================================
[19:46:25] 总奖励:  -152.47 | 步数: 24
[19:46:25] 最近10个episodes平均:  -149.80
[19:46:25] 
各Agent奖励:
[19:46:25]   wind      :   26.905
[19:46:25]   solar     :    4.266
[19:46:25]   diesel    :    0.526
[19:46:25]   battery   :    0.183
[19:46:25]   customer  : -184.352
[19:46:25] 
🔌 Main Grid 交易:
[19:46:25]   进口电量:    17.63 kWh
[19:46:25]   出口电量:   772.43 kWh
[19:46:25]   净交易量:  -754.80 kWh
[19:46:25]   平均出清价:  11.15 cents/kWh
[19:46:25]   市场独立度:  78.05%
[19:46:25] 
Buffer大小: 10000
[19:46:25] 噪声水平: 0.0491
[19:46:25] 
动作统计:
[19:46:25]   wind      : mean= 0.126, std= 0.085
[19:46:25]   solar     : mean= 0.363, std= 0.436
[19:46:25]   diesel    : mean= 0.274, std= 0.380
[19:46:25]   battery   : mean= 0.503, std= 0.502
[19:46:25]   customer  : mean= 0.838, std= 0.070
[19:46:27] 
======================================================================
[19:46:27] Episode 702/800
[19:46:27] ======================================================================
[19:46:27] 总奖励:  -153.65 | 步数: 24
[19:46:27] 最近10个episodes平均:  -149.59
[19:46:27] 
各Agent奖励:
[19:46:27]   wind      :   19.864
[19:46:27]   solar     :    7.714
[19:46:27]   diesel    :    3.097
[19:46:27]   battery   :    0.000
[19:46:27]   customer  : -184.325
[19:46:27] 
🔌 Main Grid 交易:
[19:46:27]   进口电量:     1.97 kWh
[19:46:27]   出口电量:   803.57 kWh
[19:46:27]   净交易量:  -801.60 kWh
[19:46:27]   平均出清价:  11.12 cents/kWh
[19:46:27]   市场独立度:  77.62%
[19:46:27] 
Buffer大小: 10000
[19:46:27] 噪声水平: 0.0490
[19:46:27] 
动作统计:
[19:46:27]   wind      : mean= 0.156, std= 0.097
[19:46:27]   solar     : mean= 0.357, std= 0.438
[19:46:27]   diesel    : mean= 0.268, std= 0.370
[19:46:27]   battery   : mean= 0.457, std= 0.532
[19:46:27]   customer  : mean= 0.855, std= 0.051
[19:46:28] 
======================================================================
[19:46:28] Episode 703/800
[19:46:28] ======================================================================
[19:46:28] 总奖励:  -153.10 | 步数: 24
[19:46:28] 最近10个episodes平均:  -149.98
[19:46:28] 
各Agent奖励:
[19:46:28]   wind      :   19.884
[19:46:28]   solar     :    7.270
[19:46:28]   diesel    :    1.257
[19:46:28]   battery   :    0.000
[19:46:28]   customer  : -181.511
[19:46:28] 
🔌 Main Grid 交易:
[19:46:28]   进口电量:    13.03 kWh
[19:46:28]   出口电量:   837.22 kWh
[19:46:28]   净交易量:  -824.19 kWh
[19:46:28]   平均出清价:  11.10 cents/kWh
[19:46:28]   市场独立度:  76.38%
[19:46:28] 
Buffer大小: 10000
[19:46:28] 噪声水平: 0.0490
[19:46:28] 
动作统计:
[19:46:28]   wind      : mean= 0.141, std= 0.096
[19:46:28]   solar     : mean= 0.344, std= 0.423
[19:46:28]   diesel    : mean= 0.277, std= 0.375
[19:46:28]   battery   : mean= 0.442, std= 0.548
[19:46:28]   customer  : mean= 0.857, std= 0.062
[19:46:31] 
======================================================================
[19:46:31] Episode 704/800
[19:46:31] ======================================================================
[19:46:31] 总奖励:  -160.26 | 步数: 24
[19:46:31] 最近10个episodes平均:  -151.22
[19:46:31] 
各Agent奖励:
[19:46:31]   wind      :   18.670
[19:46:31]   solar     :    5.066
[19:46:31]   diesel    :    1.546
[19:46:31]   battery   :    0.000
[19:46:31]   customer  : -185.541
[19:46:31] 
🔌 Main Grid 交易:
[19:46:31]   进口电量:    10.24 kWh
[19:46:31]   出口电量:   815.23 kWh
[19:46:31]   净交易量:  -804.99 kWh
[19:46:31]   平均出清价:  10.06 cents/kWh
[19:46:31]   市场独立度:  77.07%
[19:46:31] 
Buffer大小: 10000
[19:46:31] 噪声水平: 0.0490
[19:46:31] 
动作统计:
[19:46:31]   wind      : mean= 0.144, std= 0.087
[19:46:31]   solar     : mean= 0.339, std= 0.421
[19:46:31]   diesel    : mean= 0.264, std= 0.382
[19:46:31]   battery   : mean= 0.432, std= 0.560
[19:46:31]   customer  : mean= 0.873, std= 0.079
[19:46:32] 
======================================================================
[19:46:32] Episode 705/800
[19:46:32] ======================================================================
[19:46:32] 总奖励:  -154.47 | 步数: 24
[19:46:32] 最近10个episodes平均:  -151.69
[19:46:32] 
各Agent奖励:
[19:46:32]   wind      :   17.795
[19:46:32]   solar     :    7.849
[19:46:32]   diesel    :    1.544
[19:46:32]   battery   :    0.000
[19:46:32]   customer  : -181.662
[19:46:32] 
🔌 Main Grid 交易:
[19:46:32]   进口电量:     7.29 kWh
[19:46:32]   出口电量:   812.45 kWh
[19:46:32]   净交易量:  -805.17 kWh
[19:46:32]   平均出清价:  11.17 cents/kWh
[19:46:32]   市场独立度:  77.23%
[19:46:32] 
Buffer大小: 10000
[19:46:32] 噪声水平: 0.0489
[19:46:32] 
动作统计:
[19:46:32]   wind      : mean= 0.140, std= 0.078
[19:46:32]   solar     : mean= 0.321, std= 0.454
[19:46:32]   diesel    : mean= 0.279, std= 0.368
[19:46:32]   battery   : mean= 0.417, std= 0.576
[19:46:32]   customer  : mean= 0.862, std= 0.065
[19:46:33] 
======================================================================
[19:46:33] Episode 706/800
[19:46:33] ======================================================================
[19:46:33] 总奖励:  -155.59 | 步数: 24
[19:46:33] 最近10个episodes平均:  -152.56
[19:46:33] 
各Agent奖励:
[19:46:33]   wind      :   19.344
[19:46:33]   solar     :    6.924
[19:46:33]   diesel    :    1.416
[19:46:33]   battery   :    0.000
[19:46:33]   customer  : -183.270
[19:46:33] 
🔌 Main Grid 交易:
[19:46:33]   进口电量:    15.93 kWh
[19:46:33]   出口电量:   816.58 kWh
[19:46:33]   净交易量:  -800.65 kWh
[19:46:33]   平均出清价:   9.76 cents/kWh
[19:46:33]   市场独立度:  76.87%
[19:46:33] 
Buffer大小: 10000
[19:46:33] 噪声水平: 0.0489
[19:46:33] 
动作统计:
[19:46:33]   wind      : mean= 0.124, std= 0.084
[19:46:33]   solar     : mean= 0.330, std= 0.451
[19:46:33]   diesel    : mean= 0.272, std= 0.383
[19:46:33]   battery   : mean= 0.431, std= 0.566
[19:46:33]   customer  : mean= 0.856, std= 0.069
[19:46:35] 
======================================================================
[19:46:35] Episode 707/800
[19:46:35] ======================================================================
[19:46:35] 总奖励:  -159.02 | 步数: 24
[19:46:35] 最近10个episodes平均:  -154.33
[19:46:35] 
各Agent奖励:
[19:46:35]   wind      :   19.100
[19:46:35]   solar     :    4.859
[19:46:35]   diesel    :    2.039
[19:46:35]   battery   :    0.000
[19:46:35]   customer  : -185.022
[19:46:35] 
🔌 Main Grid 交易:
[19:46:35]   进口电量:     3.09 kWh
[19:46:35]   出口电量:   853.57 kWh
[19:46:35]   净交易量:  -850.47 kWh
[19:46:35]   平均出清价:   8.26 cents/kWh
[19:46:35]   市场独立度:  76.20%
[19:46:35] 
Buffer大小: 10000
[19:46:35] 噪声水平: 0.0488
[19:46:35] 
动作统计:
[19:46:35]   wind      : mean= 0.127, std= 0.082
[19:46:35]   solar     : mean= 0.348, std= 0.461
[19:46:35]   diesel    : mean= 0.271, std= 0.361
[19:46:35]   battery   : mean= 0.447, std= 0.536
[19:46:35]   customer  : mean= 0.856, std= 0.074
[19:46:36] 
======================================================================
[19:46:36] Episode 708/800
[19:46:36] ======================================================================
[19:46:36] 总奖励:  -149.74 | 步数: 24
[19:46:36] 最近10个episodes平均:  -153.88
[19:46:36] 
各Agent奖励:
[19:46:36]   wind      :   22.235
[19:46:36]   solar     :    6.751
[19:46:36]   diesel    :    0.722
[19:46:36]   battery   :    0.846
[19:46:36]   customer  : -180.288
[19:46:36] 
🔌 Main Grid 交易:
[19:46:36]   进口电量:    14.95 kWh
[19:46:36]   出口电量:   908.90 kWh
[19:46:36]   净交易量:  -893.95 kWh
[19:46:36]   平均出清价:  10.48 cents/kWh
[19:46:36]   市场独立度:  74.34%
[19:46:36] 
Buffer大小: 10000
[19:46:36] 噪声水平: 0.0488
[19:46:36] 
动作统计:
[19:46:36]   wind      : mean= 0.145, std= 0.099
[19:46:36]   solar     : mean= 0.361, std= 0.467
[19:46:36]   diesel    : mean= 0.259, std= 0.376
[19:46:36]   battery   : mean= 0.486, std= 0.515
[19:46:36]   customer  : mean= 0.861, std= 0.064
[19:46:37] 
======================================================================
[19:46:37] Episode 709/800
[19:46:37] ======================================================================
[19:46:37] 总奖励:  -144.63 | 步数: 24
[19:46:37] 最近10个episodes平均:  -153.07
[19:46:37] 
各Agent奖励:
[19:46:37]   wind      :   27.879
[19:46:37]   solar     :    7.445
[19:46:37]   diesel    :    0.445
[19:46:37]   battery   :    0.000
[19:46:37]   customer  : -180.394
[19:46:37] 
🔌 Main Grid 交易:
[19:46:37]   进口电量:     0.00 kWh
[19:46:37]   出口电量:   919.45 kWh
[19:46:37]   净交易量:  -919.45 kWh
[19:46:37]   平均出清价:  10.22 cents/kWh
[19:46:37]   市场独立度:  74.46%
[19:46:37] 
Buffer大小: 10000
[19:46:37] 噪声水平: 0.0487
[19:46:37] 
动作统计:
[19:46:37]   wind      : mean= 0.152, std= 0.088
[19:46:37]   solar     : mean= 0.341, std= 0.462
[19:46:37]   diesel    : mean= 0.259, std= 0.368
[19:46:37]   battery   : mean= 0.514, std= 0.495
[19:46:37]   customer  : mean= 0.848, std= 0.061
[19:46:39] 
======================================================================
[19:46:39] Episode 710/800
[19:46:39] ======================================================================
[19:46:39] 总奖励:  -149.27 | 步数: 24
[19:46:39] 最近10个episodes平均:  -153.22
[19:46:39] 
各Agent奖励:
[19:46:39]   wind      :   23.156
[19:46:39]   solar     :    6.893
[19:46:39]   diesel    :    1.399
[19:46:39]   battery   :    0.000
[19:46:39]   customer  : -180.721
[19:46:39] 
🔌 Main Grid 交易:
[19:46:39]   进口电量:     7.59 kWh
[19:46:39]   出口电量:   833.55 kWh
[19:46:39]   净交易量:  -825.96 kWh
[19:46:39]   平均出清价:   9.91 cents/kWh
[19:46:39]   市场独立度:  76.64%
[19:46:39] 
Buffer大小: 10000
[19:46:39] 噪声水平: 0.0487
[19:46:39] 
动作统计:
[19:46:39]   wind      : mean= 0.125, std= 0.100
[19:46:39]   solar     : mean= 0.347, std= 0.476
[19:46:39]   diesel    : mean= 0.246, std= 0.382
[19:46:39]   battery   : mean= 0.542, std= 0.475
[19:46:39]   customer  : mean= 0.846, std= 0.073
[19:46:39] 
📊 生成可视化图表...
[19:46:40]   ✓ debug_plots/training_ep0710.png
[19:46:42] 
======================================================================
[19:46:42] Episode 711/800
[19:46:42] ======================================================================
[19:46:42] 总奖励:  -159.34 | 步数: 24
[19:46:42] 最近10个episodes平均:  -153.91
[19:46:42] 
各Agent奖励:
[19:46:42]   wind      :   16.670
[19:46:42]   solar     :    9.084
[19:46:42]   diesel    :    2.404
[19:46:42]   battery   :    0.000
[19:46:42]   customer  : -187.498
[19:46:42] 
🔌 Main Grid 交易:
[19:46:42]   进口电量:     8.49 kWh
[19:46:42]   出口电量:   908.15 kWh
[19:46:42]   净交易量:  -899.66 kWh
[19:46:42]   平均出清价:  10.95 cents/kWh
[19:46:42]   市场独立度:  74.54%
[19:46:42] 
Buffer大小: 10000
[19:46:42] 噪声水平: 0.0486
[19:46:42] 
动作统计:
[19:46:42]   wind      : mean= 0.144, std= 0.089
[19:46:42]   solar     : mean= 0.349, std= 0.446
[19:46:42]   diesel    : mean= 0.259, std= 0.366
[19:46:42]   battery   : mean= 0.553, std= 0.461
[19:46:42]   customer  : mean= 0.855, std= 0.065
[19:46:44] 
======================================================================
[19:46:44] Episode 712/800
[19:46:44] ======================================================================
[19:46:44] 总奖励:  -148.95 | 步数: 24
[19:46:44] 最近10个episodes平均:  -153.44
[19:46:44] 
各Agent奖励:
[19:46:44]   wind      :   26.282
[19:46:44]   solar     :    8.251
[19:46:44]   diesel    :    1.151
[19:46:44]   battery   :    0.367
[19:46:44]   customer  : -185.004
[19:46:44] 
🔌 Main Grid 交易:
[19:46:44]   进口电量:     3.50 kWh
[19:46:44]   出口电量:   760.18 kWh
[19:46:44]   净交易量:  -756.68 kWh
[19:46:44]   平均出清价:  11.34 cents/kWh
[19:46:44]   市场独立度:  78.79%
[19:46:44] 
Buffer大小: 10000
[19:46:44] 噪声水平: 0.0486
[19:46:44] 
动作统计:
[19:46:44]   wind      : mean= 0.140, std= 0.086
[19:46:44]   solar     : mean= 0.320, std= 0.475
[19:46:44]   diesel    : mean= 0.242, std= 0.366
[19:46:44]   battery   : mean= 0.568, std= 0.451
[19:46:44]   customer  : mean= 0.846, std= 0.062
[19:46:46] 
======================================================================
[19:46:46] Episode 713/800
[19:46:46] ======================================================================
[19:46:46] 总奖励:  -150.05 | 步数: 24
[19:46:46] 最近10个episodes平均:  -153.13
[19:46:46] 
各Agent奖励:
[19:46:46]   wind      :   22.815
[19:46:46]   solar     :    5.806
[19:46:46]   diesel    :    2.768
[19:46:46]   battery   :    0.000
[19:46:46]   customer  : -181.435
[19:46:46] 
🔌 Main Grid 交易:
[19:46:46]   进口电量:     8.58 kWh
[19:46:46]   出口电量:   806.24 kWh
[19:46:46]   净交易量:  -797.66 kWh
[19:46:46]   平均出清价:  10.41 cents/kWh
[19:46:46]   市场独立度:  77.37%
[19:46:46] 
Buffer大小: 10000
[19:46:46] 噪声水平: 0.0485
[19:46:46] 
动作统计:
[19:46:46]   wind      : mean= 0.145, std= 0.079
[19:46:46]   solar     : mean= 0.315, std= 0.491
[19:46:46]   diesel    : mean= 0.223, std= 0.350
[19:46:46]   battery   : mean= 0.568, std= 0.431
[19:46:46]   customer  : mean= 0.847, std= 0.075
[19:46:49] 
======================================================================
[19:46:49] Episode 714/800
[19:46:49] ======================================================================
[19:46:49] 总奖励:  -153.86 | 步数: 24
[19:46:49] 最近10个episodes平均:  -152.49
[19:46:49] 
各Agent奖励:
[19:46:49]   wind      :   23.669
[19:46:49]   solar     :    6.206
[19:46:49]   diesel    :    2.032
[19:46:49]   battery   :    0.651
[19:46:49]   customer  : -186.419
[19:46:49] 
🔌 Main Grid 交易:
[19:46:49]   进口电量:    17.65 kWh
[19:46:49]   出口电量:   761.03 kWh
[19:46:49]   净交易量:  -743.38 kWh
[19:46:49]   平均出清价:  11.29 cents/kWh
[19:46:49]   市场独立度:  78.37%
[19:46:49] 
Buffer大小: 10000
[19:46:49] 噪声水平: 0.0485
[19:46:49] 
动作统计:
[19:46:49]   wind      : mean= 0.136, std= 0.081
[19:46:49]   solar     : mean= 0.326, std= 0.457
[19:46:49]   diesel    : mean= 0.217, std= 0.358
[19:46:49]   battery   : mean= 0.584, std= 0.434
[19:46:49]   customer  : mean= 0.844, std= 0.069
[19:46:50] 
======================================================================
[19:46:50] Episode 715/800
[19:46:50] ======================================================================
[19:46:50] 总奖励:  -146.55 | 步数: 24
[19:46:50] 最近10个episodes平均:  -151.70
[19:46:50] 
各Agent奖励:
[19:46:50]   wind      :   23.873
[19:46:50]   solar     :    8.326
[19:46:50]   diesel    :    1.335
[19:46:50]   battery   :    0.000
[19:46:50]   customer  : -180.081
[19:46:50] 
🔌 Main Grid 交易:
[19:46:50]   进口电量:     5.63 kWh
[19:46:50]   出口电量:   803.32 kWh
[19:46:50]   净交易量:  -797.68 kWh
[19:46:50]   平均出清价:  11.42 cents/kWh
[19:46:50]   市场独立度:  77.53%
[19:46:50] 
Buffer大小: 10000
[19:46:50] 噪声水平: 0.0484
[19:46:50] 
动作统计:
[19:46:50]   wind      : mean= 0.127, std= 0.089
[19:46:50]   solar     : mean= 0.325, std= 0.479
[19:46:50]   diesel    : mean= 0.212, std= 0.345
[19:46:50]   battery   : mean= 0.592, std= 0.409
[19:46:50]   customer  : mean= 0.847, std= 0.062
[19:46:52] 
======================================================================
[19:46:52] Episode 716/800
[19:46:52] ======================================================================
[19:46:52] 总奖励:  -152.98 | 步数: 24
[19:46:52] 最近10个episodes平均:  -151.44
[19:46:52] 
各Agent奖励:
[19:46:52]   wind      :   27.485
[19:46:52]   solar     :    7.549
[19:46:52]   diesel    :    2.924
[19:46:52]   battery   :    0.000
[19:46:52]   customer  : -190.942
[19:46:52] 
🔌 Main Grid 交易:
[19:46:52]   进口电量:    14.02 kWh
[19:46:52]   出口电量:   739.30 kWh
[19:46:52]   净交易量:  -725.28 kWh
[19:46:52]   平均出清价:  12.16 cents/kWh
[19:46:52]   市场独立度:  79.07%
[19:46:52] 
Buffer大小: 10000
[19:46:52] 噪声水平: 0.0484
[19:46:52] 
动作统计:
[19:46:52]   wind      : mean= 0.139, std= 0.100
[19:46:52]   solar     : mean= 0.319, std= 0.463
[19:46:52]   diesel    : mean= 0.192, std= 0.367
[19:46:52]   battery   : mean= 0.600, std= 0.405
[19:46:52]   customer  : mean= 0.827, std= 0.086
[19:46:54] 
======================================================================
[19:46:54] Episode 717/800
[19:46:54] ======================================================================
[19:46:54] 总奖励:  -145.09 | 步数: 24
[19:46:54] 最近10个episodes平均:  -150.04
[19:46:54] 
各Agent奖励:
[19:46:54]   wind      :   24.172
[19:46:54]   solar     :    8.714
[19:46:54]   diesel    :    1.298
[19:46:54]   battery   :    0.000
[19:46:54]   customer  : -179.271
[19:46:54] 
🔌 Main Grid 交易:
[19:46:54]   进口电量:    17.81 kWh
[19:46:54]   出口电量:   819.69 kWh
[19:46:54]   净交易量:  -801.88 kWh
[19:46:54]   平均出清价:  11.08 cents/kWh
[19:46:54]   市场独立度:  76.74%
[19:46:54] 
Buffer大小: 10000
[19:46:54] 噪声水平: 0.0483
[19:46:54] 
动作统计:
[19:46:54]   wind      : mean= 0.133, std= 0.107
[19:46:54]   solar     : mean= 0.332, std= 0.464
[19:46:54]   diesel    : mean= 0.214, std= 0.358
[19:46:54]   battery   : mean= 0.610, std= 0.390
[19:46:54]   customer  : mean= 0.844, std= 0.071
[19:46:56] 
======================================================================
[19:46:56] Episode 718/800
[19:46:56] ======================================================================
[19:46:56] 总奖励:  -151.64 | 步数: 24
[19:46:56] 最近10个episodes平均:  -150.24
[19:46:56] 
各Agent奖励:
[19:46:56]   wind      :   24.108
[19:46:56]   solar     :    4.732
[19:46:56]   diesel    :    1.446
[19:46:56]   battery   :    0.000
[19:46:56]   customer  : -181.928
[19:46:56] 
🔌 Main Grid 交易:
[19:46:56]   进口电量:    13.22 kWh
[19:46:56]   出口电量:   806.63 kWh
[19:46:56]   净交易量:  -793.40 kWh
[19:46:56]   平均出清价:   9.76 cents/kWh
[19:46:56]   市场独立度:  77.23%
[19:46:56] 
Buffer大小: 10000
[19:46:56] 噪声水平: 0.0483
[19:46:56] 
动作统计:
[19:46:56]   wind      : mean= 0.132, std= 0.087
[19:46:56]   solar     : mean= 0.325, std= 0.475
[19:46:56]   diesel    : mean= 0.192, std= 0.350
[19:46:56]   battery   : mean= 0.644, std= 0.394
[19:46:56]   customer  : mean= 0.840, std= 0.086
[19:46:57] 
======================================================================
[19:46:57] Episode 719/800
[19:46:57] ======================================================================
[19:46:57] 总奖励:  -150.80 | 步数: 24
[19:46:57] 最近10个episodes平均:  -150.85
[19:46:57] 
各Agent奖励:
[19:46:57]   wind      :   22.103
[19:46:57]   solar     :    6.612
[19:46:57]   diesel    :    0.953
[19:46:57]   battery   :    0.493
[19:46:57]   customer  : -180.957
[19:46:57] 
🔌 Main Grid 交易:
[19:46:57]   进口电量:    25.17 kWh
[19:46:57]   出口电量:   839.35 kWh
[19:46:57]   净交易量:  -814.18 kWh
[19:46:57]   平均出清价:  10.65 cents/kWh
[19:46:57]   市场独立度:  75.99%
[19:46:57] 
Buffer大小: 10000
[19:46:57] 噪声水平: 0.0482
[19:46:57] 
动作统计:
[19:46:57]   wind      : mean= 0.124, std= 0.087
[19:46:57]   solar     : mean= 0.315, std= 0.479
[19:46:57]   diesel    : mean= 0.196, std= 0.372
[19:46:57]   battery   : mean= 0.642, std= 0.410
[19:46:57]   customer  : mean= 0.851, std= 0.079
[19:46:58] 
======================================================================
[19:46:58] Episode 720/800
[19:46:58] ======================================================================
[19:46:58] 总奖励:  -147.13 | 步数: 24
[19:46:58] 最近10个episodes平均:  -150.64
[19:46:58] 
各Agent奖励:
[19:46:58]   wind      :   22.122
[19:46:58]   solar     :    7.763
[19:46:58]   diesel    :    1.670
[19:46:58]   battery   :    0.000
[19:46:58]   customer  : -178.684
[19:46:58] 
🔌 Main Grid 交易:
[19:46:58]   进口电量:     0.00 kWh
[19:46:58]   出口电量:   892.29 kWh
[19:46:58]   净交易量:  -892.29 kWh
[19:46:58]   平均出清价:   9.78 cents/kWh
[19:46:58]   市场独立度:  75.21%
[19:46:58] 
Buffer大小: 10000
[19:46:58] 噪声水平: 0.0482
[19:46:58] 
动作统计:
[19:46:58]   wind      : mean= 0.132, std= 0.091
[19:46:58]   solar     : mean= 0.316, std= 0.453
[19:46:58]   diesel    : mean= 0.215, std= 0.367
[19:46:58]   battery   : mean= 0.663, std= 0.393
[19:46:58]   customer  : mean= 0.843, std= 0.071
[19:46:58] 
📊 生成可视化图表...
[19:46:59]   ✓ debug_plots/training_ep0720.png
[19:47:00] 
======================================================================
[19:47:00] Episode 721/800
[19:47:00] ======================================================================
[19:47:00] 总奖励:  -147.69 | 步数: 24
[19:47:00] 最近10个episodes平均:  -149.47
[19:47:00] 
各Agent奖励:
[19:47:00]   wind      :   24.496
[19:47:00]   solar     :    8.269
[19:47:00]   diesel    :    1.432
[19:47:00]   battery   :    0.005
[19:47:00]   customer  : -181.897
[19:47:00] 
🔌 Main Grid 交易:
[19:47:00]   进口电量:     0.15 kWh
[19:47:00]   出口电量:   835.68 kWh
[19:47:00]   净交易量:  -835.52 kWh
[19:47:00]   平均出清价:  10.54 cents/kWh
[19:47:00]   市场独立度:  76.78%
[19:47:00] 
Buffer大小: 10000
[19:47:00] 噪声水平: 0.0481
[19:47:00] 
动作统计:
[19:47:00]   wind      : mean= 0.129, std= 0.080
[19:47:00]   solar     : mean= 0.343, std= 0.460
[19:47:00]   diesel    : mean= 0.216, std= 0.376
[19:47:00]   battery   : mean= 0.675, std= 0.395
[19:47:00]   customer  : mean= 0.843, std= 0.086
[19:47:03] 
======================================================================
[19:47:03] Episode 722/800
[19:47:03] ======================================================================
[19:47:03] 总奖励:  -168.01 | 步数: 24
[19:47:03] 最近10个episodes平均:  -151.38
[19:47:03] 
各Agent奖励:
[19:47:03]   wind      :   15.213
[19:47:03]   solar     :    6.379
[19:47:03]   diesel    :    1.217
[19:47:03]   battery   :    0.000
[19:47:03]   customer  : -190.817
[19:47:03] 
🔌 Main Grid 交易:
[19:47:03]   进口电量:    18.91 kWh
[19:47:03]   出口电量:   906.73 kWh
[19:47:03]   净交易量:  -887.82 kWh
[19:47:03]   平均出清价:  10.77 cents/kWh
[19:47:03]   市场独立度:  74.29%
[19:47:03] 
Buffer大小: 10000
[19:47:03] 噪声水平: 0.0481
[19:47:03] 
动作统计:
[19:47:03]   wind      : mean= 0.149, std= 0.081
[19:47:03]   solar     : mean= 0.323, std= 0.483
[19:47:03]   diesel    : mean= 0.191, std= 0.385
[19:47:03]   battery   : mean= 0.695, std= 0.394
[19:47:03]   customer  : mean= 0.863, std= 0.071
[19:47:04] 
======================================================================
[19:47:04] Episode 723/800
[19:47:04] ======================================================================
[19:47:04] 总奖励:  -165.92 | 步数: 24
[19:47:04] 最近10个episodes平均:  -152.97
[19:47:04] 
各Agent奖励:
[19:47:04]   wind      :   15.627
[19:47:04]   solar     :    6.532
[19:47:04]   diesel    :    1.449
[19:47:04]   battery   :    0.669
[19:47:04]   customer  : -190.199
[19:47:04] 
🔌 Main Grid 交易:
[19:47:04]   进口电量:     5.68 kWh
[19:47:04]   出口电量:   907.71 kWh
[19:47:04]   净交易量:  -902.03 kWh
[19:47:04]   平均出清价:   9.72 cents/kWh
[19:47:04]   市场独立度:  74.63%
[19:47:04] 
Buffer大小: 10000
[19:47:04] 噪声水平: 0.0480
[19:47:04] 
动作统计:
[19:47:04]   wind      : mean= 0.118, std= 0.080
[19:47:04]   solar     : mean= 0.325, std= 0.469
[19:47:04]   diesel    : mean= 0.202, std= 0.379
[19:47:04]   battery   : mean= 0.688, std= 0.402
[19:47:04]   customer  : mean= 0.857, std= 0.088
[19:47:07] 
======================================================================
[19:47:07] Episode 724/800
[19:47:07] ======================================================================
[19:47:07] 总奖励:  -154.85 | 步数: 24
[19:47:07] 最近10个episodes平均:  -153.07
[19:47:07] 
各Agent奖励:
[19:47:07]   wind      :   21.964
[19:47:07]   solar     :    9.034
[19:47:07]   diesel    :    0.775
[19:47:07]   battery   :    0.000
[19:47:07]   customer  : -186.621
[19:47:07] 
🔌 Main Grid 交易:
[19:47:07]   进口电量:     7.38 kWh
[19:47:07]   出口电量:   789.39 kWh
[19:47:07]   净交易量:  -782.01 kWh
[19:47:07]   平均出清价:  11.64 cents/kWh
[19:47:07]   市场独立度:  77.87%
[19:47:07] 
Buffer大小: 10000
[19:47:07] 噪声水平: 0.0480
[19:47:07] 
动作统计:
[19:47:07]   wind      : mean= 0.168, std= 0.104
[19:47:07]   solar     : mean= 0.324, std= 0.448
[19:47:07]   diesel    : mean= 0.182, std= 0.408
[19:47:07]   battery   : mean= 0.723, std= 0.384
[19:47:07]   customer  : mean= 0.840, std= 0.068
[19:47:09] 
======================================================================
[19:47:09] Episode 725/800
[19:47:09] ======================================================================
[19:47:09] 总奖励:  -150.70 | 步数: 24
[19:47:09] 最近10个episodes平均:  -153.48
[19:47:09] 
各Agent奖励:
[19:47:09]   wind      :   18.961
[19:47:09]   solar     :   10.185
[19:47:09]   diesel    :    2.261
[19:47:09]   battery   :    0.506
[19:47:09]   customer  : -182.613
[19:47:09] 
🔌 Main Grid 交易:
[19:47:09]   进口电量:     6.26 kWh
[19:47:09]   出口电量:   844.53 kWh
[19:47:09]   净交易量:  -838.27 kWh
[19:47:09]   平均出清价:  11.09 cents/kWh
[19:47:09]   市场独立度:  76.37%
[19:47:09] 
Buffer大小: 10000
[19:47:09] 噪声水平: 0.0479
[19:47:09] 
动作统计:
[19:47:09]   wind      : mean= 0.146, std= 0.099
[19:47:09]   solar     : mean= 0.329, std= 0.481
[19:47:09]   diesel    : mean= 0.166, std= 0.422
[19:47:09]   battery   : mean= 0.713, std= 0.385
[19:47:09]   customer  : mean= 0.841, std= 0.065
[19:47:10] 
======================================================================
[19:47:10] Episode 726/800
[19:47:10] ======================================================================
[19:47:10] 总奖励:  -146.65 | 步数: 24
[19:47:10] 最近10个episodes平均:  -152.85
[19:47:10] 
各Agent奖励:
[19:47:10]   wind      :   25.128
[19:47:10]   solar     :    8.827
[19:47:10]   diesel    :    0.242
[19:47:10]   battery   :    0.000
[19:47:10]   customer  : -180.851
[19:47:10] 
🔌 Main Grid 交易:
[19:47:10]   进口电量:     0.00 kWh
[19:47:10]   出口电量:   944.85 kWh
[19:47:10]   净交易量:  -944.85 kWh
[19:47:10]   平均出清价:  10.25 cents/kWh
[19:47:10]   市场独立度:  73.75%
[19:47:10] 
Buffer大小: 10000
[19:47:10] 噪声水平: 0.0479
[19:47:10] 
动作统计:
[19:47:10]   wind      : mean= 0.128, std= 0.083
[19:47:10]   solar     : mean= 0.329, std= 0.472
[19:47:10]   diesel    : mean= 0.162, std= 0.436
[19:47:10]   battery   : mean= 0.731, std= 0.379
[19:47:10]   customer  : mean= 0.839, std= 0.061
[19:47:13] 
======================================================================
[19:47:13] Episode 727/800
[19:47:13] ======================================================================
[19:47:13] 总奖励:  -144.46 | 步数: 24
[19:47:13] 最近10个episodes平均:  -152.79
[19:47:13] 
各Agent奖励:
[19:47:13]   wind      :   22.262
[19:47:13]   solar     :    5.818
[19:47:13]   diesel    :    0.303
[19:47:13]   battery   :    0.394
[19:47:13]   customer  : -173.236
[19:47:13] 
🔌 Main Grid 交易:
[19:47:13]   进口电量:     5.70 kWh
[19:47:13]   出口电量:   951.93 kWh
[19:47:13]   净交易量:  -946.23 kWh
[19:47:13]   平均出清价:  10.21 cents/kWh
[19:47:13]   市场独立度:  73.40%
[19:47:13] 
Buffer大小: 10000
[19:47:13] 噪声水平: 0.0478
[19:47:13] 
动作统计:
[19:47:13]   wind      : mean= 0.154, std= 0.088
[19:47:13]   solar     : mean= 0.295, std= 0.479
[19:47:13]   diesel    : mean= 0.147, std= 0.443
[19:47:13]   battery   : mean= 0.743, std= 0.344
[19:47:13]   customer  : mean= 0.845, std= 0.071
[19:47:15] 
======================================================================
[19:47:15] Episode 728/800
[19:47:15] ======================================================================
[19:47:15] 总奖励:  -152.53 | 步数: 24
[19:47:15] 最近10个episodes平均:  -152.87
[19:47:15] 
各Agent奖励:
[19:47:15]   wind      :   17.973
[19:47:15]   solar     :    8.707
[19:47:15]   diesel    :    1.464
[19:47:15]   battery   :    0.298
[19:47:15]   customer  : -180.972
[19:47:15] 
🔌 Main Grid 交易:
[19:47:15]   进口电量:     4.02 kWh
[19:47:15]   出口电量:   841.96 kWh
[19:47:15]   净交易量:  -837.94 kWh
[19:47:15]   平均出清价:  11.32 cents/kWh
[19:47:15]   市场独立度:  76.50%
[19:47:15] 
Buffer大小: 10000
[19:47:15] 噪声水平: 0.0478
[19:47:15] 
动作统计:
[19:47:15]   wind      : mean= 0.143, std= 0.083
[19:47:15]   solar     : mean= 0.265, std= 0.530
[19:47:15]   diesel    : mean= 0.141, std= 0.462
[19:47:15]   battery   : mean= 0.741, std= 0.341
[19:47:15]   customer  : mean= 0.844, std= 0.069
[19:47:17] 
======================================================================
[19:47:17] Episode 729/800
[19:47:17] ======================================================================
[19:47:17] 总奖励:  -152.96 | 步数: 24
[19:47:17] 最近10个episodes平均:  -153.09
[19:47:17] 
各Agent奖励:
[19:47:17]   wind      :   20.679
[19:47:17]   solar     :    9.498
[19:47:17]   diesel    :    1.195
[19:47:17]   battery   :    0.000
[19:47:17]   customer  : -184.331
[19:47:17] 
🔌 Main Grid 交易:
[19:47:17]   进口电量:    12.57 kWh
[19:47:17]   出口电量:   763.82 kWh
[19:47:17]   净交易量:  -751.26 kWh
[19:47:17]   平均出清价:  10.20 cents/kWh
[19:47:17]   市场独立度:  78.43%
[19:47:17] 
Buffer大小: 10000
[19:47:17] 噪声水平: 0.0477
[19:47:17] 
动作统计:
[19:47:17]   wind      : mean= 0.140, std= 0.088
[19:47:17]   solar     : mean= 0.268, std= 0.541
[19:47:17]   diesel    : mean= 0.135, std= 0.469
[19:47:17]   battery   : mean= 0.758, std= 0.329
[19:47:17]   customer  : mean= 0.840, std= 0.064
[19:47:18] 
======================================================================
[19:47:18] Episode 730/800
[19:47:18] ======================================================================
[19:47:18] 总奖励:  -157.23 | 步数: 24
[19:47:18] 最近10个episodes平均:  -154.10
[19:47:18] 
各Agent奖励:
[19:47:18]   wind      :   23.312
[19:47:18]   solar     :    5.985
[19:47:18]   diesel    :    1.326
[19:47:18]   battery   :    0.000
[19:47:18]   customer  : -187.852
[19:47:18] 
🔌 Main Grid 交易:
[19:47:18]   进口电量:     5.20 kWh
[19:47:18]   出口电量:   799.44 kWh
[19:47:18]   净交易量:  -794.24 kWh
[19:47:18]   平均出清价:  10.35 cents/kWh
[19:47:18]   市场独立度:  77.65%
[19:47:18] 
Buffer大小: 10000
[19:47:18] 噪声水平: 0.0477
[19:47:18] 
动作统计:
[19:47:18]   wind      : mean= 0.132, std= 0.090
[19:47:18]   solar     : mean= 0.258, std= 0.566
[19:47:18]   diesel    : mean= 0.140, std= 0.477
[19:47:18]   battery   : mean= 0.776, std= 0.303
[19:47:18]   customer  : mean= 0.851, std= 0.075
[19:47:18] 
📊 生成可视化图表...
[19:47:18]   ✓ debug_plots/training_ep0730.png
[19:47:20] 
======================================================================
[19:47:20] Episode 731/800
[19:47:20] ======================================================================
[19:47:20] 总奖励:  -158.41 | 步数: 24
[19:47:20] 最近10个episodes平均:  -155.17
[19:47:20] 
各Agent奖励:
[19:47:20]   wind      :   19.455
[19:47:20]   solar     :    7.308
[19:47:20]   diesel    :    2.286
[19:47:20]   battery   :    0.313
[19:47:20]   customer  : -187.776
[19:47:20] 
🔌 Main Grid 交易:
[19:47:20]   进口电量:    26.18 kWh
[19:47:20]   出口电量:   822.94 kWh
[19:47:20]   净交易量:  -796.76 kWh
[19:47:20]   平均出清价:  11.55 cents/kWh
[19:47:20]   市场独立度:  76.41%
[19:47:20] 
Buffer大小: 10000
[19:47:20] 噪声水平: 0.0476
[19:47:20] 
动作统计:
[19:47:20]   wind      : mean= 0.152, std= 0.088
[19:47:20]   solar     : mean= 0.261, std= 0.576
[19:47:20]   diesel    : mean= 0.121, std= 0.491
[19:47:20]   battery   : mean= 0.782, std= 0.294
[19:47:20]   customer  : mean= 0.831, std= 0.084
[19:47:22] 
======================================================================
[19:47:22] Episode 732/800
[19:47:22] ======================================================================
[19:47:22] 总奖励:  -156.19 | 步数: 24
[19:47:22] 最近10个episodes平均:  -153.99
[19:47:22] 
各Agent奖励:
[19:47:22]   wind      :   17.438
[19:47:22]   solar     :    5.512
[19:47:22]   diesel    :    2.598
[19:47:22]   battery   :    0.375
[19:47:22]   customer  : -182.116
[19:47:22] 
🔌 Main Grid 交易:
[19:47:22]   进口电量:     6.29 kWh
[19:47:22]   出口电量:   806.09 kWh
[19:47:22]   净交易量:  -799.80 kWh
[19:47:22]   平均出清价:  10.68 cents/kWh
[19:47:22]   市场独立度:  77.43%
[19:47:22] 
Buffer大小: 10000
[19:47:22] 噪声水平: 0.0476
[19:47:22] 
动作统计:
[19:47:22]   wind      : mean= 0.132, std= 0.094
[19:47:22]   solar     : mean= 0.261, std= 0.577
[19:47:22]   diesel    : mean= 0.119, std= 0.491
[19:47:22]   battery   : mean= 0.785, std= 0.301
[19:47:22]   customer  : mean= 0.849, std= 0.081
[19:47:23] 
======================================================================
[19:47:23] Episode 733/800
[19:47:23] ======================================================================
[19:47:23] 总奖励:  -153.99 | 步数: 24
[19:47:23] 最近10个episodes平均:  -152.80
[19:47:23] 
各Agent奖励:
[19:47:23]   wind      :   19.118
[19:47:23]   solar     :    7.356
[19:47:23]   diesel    :    1.441
[19:47:23]   battery   :    0.000
[19:47:23]   customer  : -181.905
[19:47:23] 
🔌 Main Grid 交易:
[19:47:23]   进口电量:     2.21 kWh
[19:47:23]   出口电量:   897.10 kWh
[19:47:23]   净交易量:  -894.89 kWh
[19:47:23]   平均出清价:   9.61 cents/kWh
[19:47:23]   市场独立度:  75.02%
[19:47:23] 
Buffer大小: 10000
[19:47:23] 噪声水平: 0.0476
[19:47:23] 
动作统计:
[19:47:23]   wind      : mean= 0.108, std= 0.093
[19:47:23]   solar     : mean= 0.243, std= 0.592
[19:47:23]   diesel    : mean= 0.127, std= 0.498
[19:47:23]   battery   : mean= 0.788, std= 0.293
[19:47:23]   customer  : mean= 0.849, std= 0.071
[19:47:25] 
======================================================================
[19:47:25] Episode 734/800
[19:47:25] ======================================================================
[19:47:25] 总奖励:  -155.84 | 步数: 24
[19:47:25] 最近10个episodes平均:  -152.90
[19:47:25] 
各Agent奖励:
[19:47:25]   wind      :   17.036
[19:47:25]   solar     :    5.714
[19:47:25]   diesel    :    0.518
[19:47:25]   battery   :    0.000
[19:47:25]   customer  : -179.110
[19:47:25] 
🔌 Main Grid 交易:
[19:47:25]   进口电量:     7.33 kWh
[19:47:25]   出口电量:   952.86 kWh
[19:47:25]   净交易量:  -945.53 kWh
[19:47:25]   平均出清价:   9.93 cents/kWh
[19:47:25]   市场独立度:  73.33%
[19:47:25] 
Buffer大小: 10000
[19:47:25] 噪声水平: 0.0475
[19:47:25] 
动作统计:
[19:47:25]   wind      : mean= 0.128, std= 0.081
[19:47:25]   solar     : mean= 0.263, std= 0.599
[19:47:25]   diesel    : mean= 0.122, std= 0.508
[19:47:25]   battery   : mean= 0.791, std= 0.290
[19:47:25]   customer  : mean= 0.857, std= 0.074
[19:47:27] 
======================================================================
[19:47:27] Episode 735/800
[19:47:27] ======================================================================
[19:47:27] 总奖励:  -165.19 | 步数: 24
[19:47:27] 最近10个episodes平均:  -154.35
[19:47:27] 
各Agent奖励:
[19:47:27]   wind      :   13.949
[19:47:27]   solar     :    7.917
[19:47:27]   diesel    :    1.012
[19:47:27]   battery   :    0.000
[19:47:27]   customer  : -188.073
[19:47:27] 
🔌 Main Grid 交易:
[19:47:27]   进口电量:    19.63 kWh
[19:47:27]   出口电量:   828.48 kWh
[19:47:27]   净交易量:  -808.85 kWh
[19:47:27]   平均出清价:  10.58 cents/kWh
[19:47:27]   市场独立度:  76.44%
[19:47:27] 
Buffer大小: 10000
[19:47:27] 噪声水平: 0.0475
[19:47:27] 
动作统计:
[19:47:27]   wind      : mean= 0.127, std= 0.089
[19:47:27]   solar     : mean= 0.260, std= 0.614
[19:47:27]   diesel    : mean= 0.132, std= 0.508
[19:47:27]   battery   : mean= 0.784, std= 0.293
[19:47:27]   customer  : mean= 0.855, std= 0.063
[19:47:28] 
======================================================================
[19:47:28] Episode 736/800
[19:47:28] ======================================================================
[19:47:28] 总奖励:  -153.10 | 步数: 24
[19:47:28] 最近10个episodes平均:  -154.99
[19:47:28] 
各Agent奖励:
[19:47:28]   wind      :   21.197
[19:47:28]   solar     :    9.331
[19:47:28]   diesel    :    0.901
[19:47:28]   battery   :    0.000
[19:47:28]   customer  : -184.530
[19:47:28] 
🔌 Main Grid 交易:
[19:47:28]   进口电量:     5.59 kWh
[19:47:28]   出口电量:   872.96 kWh
[19:47:28]   净交易量:  -867.37 kWh
[19:47:28]   平均出清价:  11.58 cents/kWh
[19:47:28]   市场独立度:  75.60%
[19:47:28] 
Buffer大小: 10000
[19:47:28] 噪声水平: 0.0474
[19:47:28] 
动作统计:
[19:47:28]   wind      : mean= 0.129, std= 0.079
[19:47:28]   solar     : mean= 0.268, std= 0.606
[19:47:28]   diesel    : mean= 0.144, std= 0.513
[19:47:28]   battery   : mean= 0.815, std= 0.281
[19:47:28]   customer  : mean= 0.849, std= 0.042
[19:47:31] 
======================================================================
[19:47:31] Episode 737/800
[19:47:31] ======================================================================
[19:47:31] 总奖励:  -160.08 | 步数: 24
[19:47:31] 最近10个episodes平均:  -156.55
[19:47:31] 
各Agent奖励:
[19:47:31]   wind      :   14.345
[19:47:31]   solar     :   11.148
[19:47:31]   diesel    :    0.930
[19:47:31]   battery   :    0.000
[19:47:31]   customer  : -186.502
[19:47:31] 
🔌 Main Grid 交易:
[19:47:31]   进口电量:     2.67 kWh
[19:47:31]   出口电量:   884.72 kWh
[19:47:31]   净交易量:  -882.05 kWh
[19:47:31]   平均出清价:  11.89 cents/kWh
[19:47:31]   市场独立度:  75.35%
[19:47:31] 
Buffer大小: 10000
[19:47:31] 噪声水平: 0.0474
[19:47:31] 
动作统计:
[19:47:31]   wind      : mean= 0.140, std= 0.092
[19:47:31]   solar     : mean= 0.268, std= 0.621
[19:47:31]   diesel    : mean= 0.129, std= 0.541
[19:47:31]   battery   : mean= 0.803, std= 0.276
[19:47:31]   customer  : mean= 0.852, std= 0.066
[19:47:33] 
======================================================================
[19:47:33] Episode 738/800
[19:47:33] ======================================================================
[19:47:33] 总奖励:  -152.48 | 步数: 24
[19:47:33] 最近10个episodes平均:  -156.55
[19:47:33] 
各Agent奖励:
[19:47:33]   wind      :   20.977
[19:47:33]   solar     :    6.778
[19:47:33]   diesel    :    1.198
[19:47:33]   battery   :    0.000
[19:47:33]   customer  : -181.434
[19:47:33] 
🔌 Main Grid 交易:
[19:47:33]   进口电量:     9.48 kWh
[19:47:33]   出口电量:   952.90 kWh
[19:47:33]   净交易量:  -943.42 kWh
[19:47:33]   平均出清价:  10.81 cents/kWh
[19:47:33]   市场独立度:  73.27%
[19:47:33] 
Buffer大小: 10000
[19:47:33] 噪声水平: 0.0473
[19:47:33] 
动作统计:
[19:47:33]   wind      : mean= 0.151, std= 0.080
[19:47:33]   solar     : mean= 0.247, std= 0.636
[19:47:33]   diesel    : mean= 0.129, std= 0.530
[19:47:33]   battery   : mean= 0.829, std= 0.263
[19:47:33]   customer  : mean= 0.861, std= 0.063
[19:47:34] 
======================================================================
[19:47:34] Episode 739/800
[19:47:34] ======================================================================
[19:47:34] 总奖励:  -151.80 | 步数: 24
[19:47:34] 最近10个episodes平均:  -156.43
[19:47:34] 
各Agent奖励:
[19:47:34]   wind      :   20.940
[19:47:34]   solar     :    5.262
[19:47:34]   diesel    :    1.375
[19:47:34]   battery   :    0.487
[19:47:34]   customer  : -179.861
[19:47:34] 
🔌 Main Grid 交易:
[19:47:34]   进口电量:    12.45 kWh
[19:47:34]   出口电量:   894.06 kWh
[19:47:34]   净交易量:  -881.61 kWh
[19:47:34]   平均出清价:   9.78 cents/kWh
[19:47:34]   市场独立度:  74.82%
[19:47:34] 
Buffer大小: 10000
[19:47:34] 噪声水平: 0.0473
[19:47:34] 
动作统计:
[19:47:34]   wind      : mean= 0.127, std= 0.087
[19:47:34]   solar     : mean= 0.263, std= 0.626
[19:47:34]   diesel    : mean= 0.130, std= 0.522
[19:47:34]   battery   : mean= 0.828, std= 0.254
[19:47:34]   customer  : mean= 0.860, std= 0.063
[19:47:36] 
======================================================================
[19:47:36] Episode 740/800
[19:47:36] ======================================================================
[19:47:36] 总奖励:  -160.10 | 步数: 24
[19:47:36] 最近10个episodes平均:  -156.72
[19:47:36] 
各Agent奖励:
[19:47:36]   wind      :   13.918
[19:47:36]   solar     :    8.068
[19:47:36]   diesel    :    1.152
[19:47:36]   battery   :    0.175
[19:47:36]   customer  : -183.413
[19:47:36] 
🔌 Main Grid 交易:
[19:47:36]   进口电量:    26.25 kWh
[19:47:36]   出口电量:   892.76 kWh
[19:47:36]   净交易量:  -866.51 kWh
[19:47:36]   平均出清价:  11.49 cents/kWh
[19:47:36]   市场独立度:  74.47%
[19:47:36] 
Buffer大小: 10000
[19:47:36] 噪声水平: 0.0472
[19:47:36] 
动作统计:
[19:47:36]   wind      : mean= 0.135, std= 0.085
[19:47:36]   solar     : mean= 0.276, std= 0.614
[19:47:36]   diesel    : mean= 0.108, std= 0.543
[19:47:36]   battery   : mean= 0.843, std= 0.261
[19:47:36]   customer  : mean= 0.870, std= 0.062
[19:47:36] 
📊 生成可视化图表...
[19:47:36]   ✓ debug_plots/training_ep0740.png
[19:47:38] 
======================================================================
[19:47:38] Episode 741/800
[19:47:38] ======================================================================
[19:47:38] 总奖励:  -156.68 | 步数: 24
[19:47:38] 最近10个episodes平均:  -156.55
[19:47:38] 
各Agent奖励:
[19:47:38]   wind      :   16.989
[19:47:38]   solar     :    7.022
[19:47:38]   diesel    :    1.263
[19:47:38]   battery   :    0.000
[19:47:38]   customer  : -181.958
[19:47:38] 
🔌 Main Grid 交易:
[19:47:38]   进口电量:     1.23 kWh
[19:47:38]   出口电量:   953.95 kWh
[19:47:38]   净交易量:  -952.72 kWh
[19:47:38]   平均出清价:  10.00 cents/kWh
[19:47:38]   市场独立度:  73.47%
[19:47:38] 
Buffer大小: 10000
[19:47:38] 噪声水平: 0.0472
[19:47:38] 
动作统计:
[19:47:38]   wind      : mean= 0.124, std= 0.069
[19:47:38]   solar     : mean= 0.268, std= 0.612
[19:47:38]   diesel    : mean= 0.120, std= 0.540
[19:47:38]   battery   : mean= 0.852, std= 0.244
[19:47:38]   customer  : mean= 0.849, std= 0.074
[19:47:39] 
======================================================================
[19:47:39] Episode 742/800
[19:47:39] ======================================================================
[19:47:39] 总奖励:  -156.27 | 步数: 24
[19:47:39] 最近10个episodes平均:  -156.55
[19:47:39] 
各Agent奖励:
[19:47:39]   wind      :   20.640
[19:47:39]   solar     :    6.771
[19:47:39]   diesel    :    0.915
[19:47:39]   battery   :    0.071
[19:47:39]   customer  : -184.665
[19:47:39] 
🔌 Main Grid 交易:
[19:47:39]   进口电量:     5.78 kWh
[19:47:39]   出口电量:   927.54 kWh
[19:47:39]   净交易量:  -921.77 kWh
[19:47:39]   平均出清价:   9.76 cents/kWh
[19:47:39]   市场独立度:  74.07%
[19:47:39] 
Buffer大小: 10000
[19:47:39] 噪声水平: 0.0471
[19:47:39] 
动作统计:
[19:47:39]   wind      : mean= 0.145, std= 0.090
[19:47:39]   solar     : mean= 0.275, std= 0.606
[19:47:39]   diesel    : mean= 0.118, std= 0.537
[19:47:39]   battery   : mean= 0.861, std= 0.233
[19:47:39]   customer  : mean= 0.852, std= 0.068
[19:47:40] 
======================================================================
[19:47:40] Episode 743/800
[19:47:40] ======================================================================
[19:47:40] 总奖励:  -149.32 | 步数: 24
[19:47:40] 最近10个episodes平均:  -156.09
[19:47:40] 
各Agent奖励:
[19:47:40]   wind      :   24.534
[19:47:40]   solar     :    8.257
[19:47:40]   diesel    :    2.202
[19:47:40]   battery   :    0.000
[19:47:40]   customer  : -184.310
[19:47:40] 
🔌 Main Grid 交易:
[19:47:40]   进口电量:     9.17 kWh
[19:47:40]   出口电量:   899.08 kWh
[19:47:40]   净交易量:  -889.91 kWh
[19:47:40]   平均出清价:  10.83 cents/kWh
[19:47:40]   市场独立度:  74.77%
[19:47:40] 
Buffer大小: 10000
[19:47:40] 噪声水平: 0.0471
[19:47:40] 
动作统计:
[19:47:40]   wind      : mean= 0.148, std= 0.118
[19:47:40]   solar     : mean= 0.276, std= 0.595
[19:47:40]   diesel    : mean= 0.116, std= 0.553
[19:47:40]   battery   : mean= 0.854, std= 0.237
[19:47:40]   customer  : mean= 0.839, std= 0.056
[19:47:42] 
======================================================================
[19:47:42] Episode 744/800
[19:47:42] ======================================================================
[19:47:42] 总奖励:  -154.92 | 步数: 24
[19:47:42] 最近10个episodes平均:  -155.99
[19:47:42] 
各Agent奖励:
[19:47:42]   wind      :   19.847
[19:47:42]   solar     :    9.308
[19:47:42]   diesel    :    0.897
[19:47:42]   battery   :    0.000
[19:47:42]   customer  : -184.972
[19:47:42] 
🔌 Main Grid 交易:
[19:47:42]   进口电量:     5.49 kWh
[19:47:42]   出口电量:   980.62 kWh
[19:47:42]   净交易量:  -975.13 kWh
[19:47:42]   平均出清价:  11.21 cents/kWh
[19:47:42]   市场独立度:  72.61%
[19:47:42] 
Buffer大小: 10000
[19:47:42] 噪声水平: 0.0470
[19:47:42] 
动作统计:
[19:47:42]   wind      : mean= 0.156, std= 0.097
[19:47:42]   solar     : mean= 0.294, std= 0.599
[19:47:42]   diesel    : mean= 0.131, std= 0.565
[19:47:42]   battery   : mean= 0.861, std= 0.235
[19:47:42]   customer  : mean= 0.860, std= 0.059
[19:47:43] 
======================================================================
[19:47:43] Episode 745/800
[19:47:43] ======================================================================
[19:47:43] 总奖励:  -155.83 | 步数: 24
[19:47:43] 最近10个episodes平均:  -155.06
[19:47:43] 
各Agent奖励:
[19:47:43]   wind      :   22.735
[19:47:43]   solar     :    4.683
[19:47:43]   diesel    :    2.067
[19:47:43]   battery   :    0.000
[19:47:43]   customer  : -185.318
[19:47:43] 
🔌 Main Grid 交易:
[19:47:43]   进口电量:    16.97 kWh
[19:47:43]   出口电量:  1015.15 kWh
[19:47:43]   净交易量:  -998.18 kWh
[19:47:43]   平均出清价:  10.83 cents/kWh
[19:47:43]   市场独立度:  71.33%
[19:47:43] 
Buffer大小: 10000
[19:47:43] 噪声水平: 0.0470
[19:47:43] 
动作统计:
[19:47:43]   wind      : mean= 0.135, std= 0.089
[19:47:43]   solar     : mean= 0.282, std= 0.615
[19:47:43]   diesel    : mean= 0.140, std= 0.571
[19:47:43]   battery   : mean= 0.848, std= 0.244
[19:47:43]   customer  : mean= 0.855, std= 0.079
[19:47:44] 
======================================================================
[19:47:44] Episode 746/800
[19:47:44] ======================================================================
[19:47:44] 总奖励:  -159.38 | 步数: 24
[19:47:44] 最近10个episodes平均:  -155.69
[19:47:44] 
各Agent奖励:
[19:47:44]   wind      :   18.212
[19:47:44]   solar     :    9.210
[19:47:44]   diesel    :    1.110
[19:47:44]   battery   :    0.848
[19:47:44]   customer  : -188.758
[19:47:44] 
🔌 Main Grid 交易:
[19:47:44]   进口电量:    16.23 kWh
[19:47:44]   出口电量:   975.78 kWh
[19:47:44]   净交易量:  -959.55 kWh
[19:47:44]   平均出清价:  11.56 cents/kWh
[19:47:44]   市场独立度:  72.44%
[19:47:44] 
Buffer大小: 10000
[19:47:44] 噪声水平: 0.0469
[19:47:44] 
动作统计:
[19:47:44]   wind      : mean= 0.148, std= 0.089
[19:47:44]   solar     : mean= 0.247, std= 0.615
[19:47:44]   diesel    : mean= 0.168, std= 0.590
[19:47:44]   battery   : mean= 0.849, std= 0.254
[19:47:44]   customer  : mean= 0.867, std= 0.063
[19:47:45] 
======================================================================
[19:47:45] Episode 747/800
[19:47:45] ======================================================================
[19:47:45] 总奖励:  -159.39 | 步数: 24
[19:47:45] 最近10个episodes平均:  -155.62
[19:47:45] 
各Agent奖励:
[19:47:45]   wind      :   18.826
[19:47:45]   solar     :    6.122
[19:47:45]   diesel    :   -0.067
[19:47:45]   battery   :    0.000
[19:47:45]   customer  : -184.268
[19:47:45] 
🔌 Main Grid 交易:
[19:47:45]   进口电量:     4.90 kWh
[19:47:45]   出口电量:   960.99 kWh
[19:47:45]   净交易量:  -956.09 kWh
[19:47:45]   平均出清价:  10.12 cents/kWh
[19:47:45]   市场独立度:  73.17%
[19:47:45] 
Buffer大小: 10000
[19:47:45] 噪声水平: 0.0469
[19:47:45] 
动作统计:
[19:47:45]   wind      : mean= 0.144, std= 0.094
[19:47:45]   solar     : mean= 0.262, std= 0.617
[19:47:45]   diesel    : mean= 0.171, std= 0.584
[19:47:45]   battery   : mean= 0.848, std= 0.250
[19:47:45]   customer  : mean= 0.863, std= 0.069
[19:47:47] 
======================================================================
[19:47:47] Episode 748/800
[19:47:47] ======================================================================
[19:47:47] 总奖励:  -160.91 | 步数: 24
[19:47:47] 最近10个episodes平均:  -156.46
[19:47:47] 
各Agent奖励:
[19:47:47]   wind      :   17.323
[19:47:47]   solar     :    7.271
[19:47:47]   diesel    :    1.717
[19:47:47]   battery   :    0.000
[19:47:47]   customer  : -187.218
[19:47:47] 
🔌 Main Grid 交易:
[19:47:47]   进口电量:     9.48 kWh
[19:47:47]   出口电量:  1021.29 kWh
[19:47:47]   净交易量: -1011.81 kWh
[19:47:47]   平均出清价:  11.73 cents/kWh
[19:47:47]   市场独立度:  71.37%
[19:47:47] 
Buffer大小: 10000
[19:47:47] 噪声水平: 0.0468
[19:47:47] 
动作统计:
[19:47:47]   wind      : mean= 0.157, std= 0.078
[19:47:47]   solar     : mean= 0.293, std= 0.612
[19:47:47]   diesel    : mean= 0.178, std= 0.605
[19:47:47]   battery   : mean= 0.849, std= 0.256
[19:47:47]   customer  : mean= 0.869, std= 0.053
[19:47:48] 
======================================================================
[19:47:48] Episode 749/800
[19:47:48] ======================================================================
[19:47:48] 总奖励:  -151.42 | 步数: 24
[19:47:48] 最近10个episodes平均:  -156.42
[19:47:48] 
各Agent奖励:
[19:47:48]   wind      :   17.108
[19:47:48]   solar     :    6.667
[19:47:48]   diesel    :    0.875
[19:47:48]   battery   :    0.407
[19:47:48]   customer  : -176.479
[19:47:48] 
🔌 Main Grid 交易:
[19:47:48]   进口电量:    15.21 kWh
[19:47:48]   出口电量:   990.80 kWh
[19:47:48]   净交易量:  -975.59 kWh
[19:47:48]   平均出清价:   9.84 cents/kWh
[19:47:48]   市场独立度:  72.06%
[19:47:48] 
Buffer大小: 10000
[19:47:48] 噪声水平: 0.0468
[19:47:48] 
动作统计:
[19:47:48]   wind      : mean= 0.127, std= 0.093
[19:47:48]   solar     : mean= 0.281, std= 0.623
[19:47:48]   diesel    : mean= 0.176, std= 0.602
[19:47:48]   battery   : mean= 0.843, std= 0.277
[19:47:48]   customer  : mean= 0.847, std= 0.079
[19:47:51] 
======================================================================
[19:47:51] Episode 750/800
[19:47:51] ======================================================================
[19:47:51] 总奖励:  -154.02 | 步数: 24
[19:47:51] 最近10个episodes平均:  -155.81
[19:47:51] 
各Agent奖励:
[19:47:51]   wind      :   24.762
[19:47:51]   solar     :    6.416
[19:47:51]   diesel    :    0.496
[19:47:51]   battery   :    0.000
[19:47:51]   customer  : -185.692
[19:47:51] 
🔌 Main Grid 交易:
[19:47:51]   进口电量:     1.45 kWh
[19:47:51]   出口电量:  1036.76 kWh
[19:47:51]   净交易量: -1035.31 kWh
[19:47:51]   平均出清价:   9.58 cents/kWh
[19:47:51]   市场独立度:  71.16%
[19:47:51] 
Buffer大小: 10000
[19:47:51] 噪声水平: 0.0467
[19:47:51] 
动作统计:
[19:47:51]   wind      : mean= 0.139, std= 0.095
[19:47:51]   solar     : mean= 0.262, std= 0.616
[19:47:51]   diesel    : mean= 0.188, std= 0.623
[19:47:51]   battery   : mean= 0.856, std= 0.249
[19:47:51]   customer  : mean= 0.860, std= 0.069
[19:47:51] 
📊 生成可视化图表...
[19:47:51]   ✓ debug_plots/training_ep0750.png
[19:47:51] 💾 保存checkpoint: debug_checkpoints/debug_maddpg_20251203_193028_ep0750.pt
[19:47:53] 
======================================================================
[19:47:53] Episode 751/800
[19:47:53] ======================================================================
[19:47:53] 总奖励:  -153.39 | 步数: 24
[19:47:53] 最近10个episodes平均:  -155.48
[19:47:53] 
各Agent奖励:
[19:47:53]   wind      :   21.972
[19:47:53]   solar     :    9.427
[19:47:53]   diesel    :    1.475
[19:47:53]   battery   :    0.000
[19:47:53]   customer  : -186.262
[19:47:53] 
🔌 Main Grid 交易:
[19:47:53]   进口电量:     2.12 kWh
[19:47:53]   出口电量:   994.02 kWh
[19:47:53]   净交易量:  -991.90 kWh
[19:47:53]   平均出清价:  11.38 cents/kWh
[19:47:53]   市场独立度:  72.33%
[19:47:53] 
Buffer大小: 10000
[19:47:53] 噪声水平: 0.0467
[19:47:53] 
动作统计:
[19:47:53]   wind      : mean= 0.147, std= 0.075
[19:47:53]   solar     : mean= 0.263, std= 0.621
[19:47:53]   diesel    : mean= 0.177, std= 0.620
[19:47:53]   battery   : mean= 0.839, std= 0.261
[19:47:53]   customer  : mean= 0.838, std= 0.073
[19:47:56] 
======================================================================
[19:47:56] Episode 752/800
[19:47:56] ======================================================================
[19:47:56] 总奖励:  -148.69 | 步数: 24
[19:47:56] 最近10个episodes平均:  -154.73
[19:47:56] 
各Agent奖励:
[19:47:56]   wind      :   23.267
[19:47:56]   solar     :   11.716
[19:47:56]   diesel    :    4.135
[19:47:56]   battery   :    0.000
[19:47:56]   customer  : -187.804
[19:47:56] 
🔌 Main Grid 交易:
[19:47:56]   进口电量:    10.04 kWh
[19:47:56]   出口电量:   982.82 kWh
[19:47:56]   净交易量:  -972.77 kWh
[19:47:56]   平均出清价:  13.51 cents/kWh
[19:47:56]   市场独立度:  72.42%
[19:47:56] 
Buffer大小: 10000
[19:47:56] 噪声水平: 0.0467
[19:47:56] 
动作统计:
[19:47:56]   wind      : mean= 0.148, std= 0.112
[19:47:56]   solar     : mean= 0.278, std= 0.607
[19:47:56]   diesel    : mean= 0.199, std= 0.628
[19:47:56]   battery   : mean= 0.840, std= 0.263
[19:47:56]   customer  : mean= 0.836, std= 0.068
[19:47:58] 
======================================================================
[19:47:58] Episode 753/800
[19:47:58] ======================================================================
[19:47:58] 总奖励:  -155.40 | 步数: 24
[19:47:58] 最近10个episodes平均:  -155.33
[19:47:58] 
各Agent奖励:
[19:47:58]   wind      :   19.418
[19:47:58]   solar     :    7.858
[19:47:58]   diesel    :    0.120
[19:47:58]   battery   :    0.000
[19:47:58]   customer  : -182.794
[19:47:58] 
🔌 Main Grid 交易:
[19:47:58]   进口电量:    11.66 kWh
[19:47:58]   出口电量:  1133.13 kWh
[19:47:58]   净交易量: -1121.47 kWh
[19:47:58]   平均出清价:  10.91 cents/kWh
[19:47:58]   市场独立度:  68.20%
[19:47:58] 
Buffer大小: 10000
[19:47:58] 噪声水平: 0.0466
[19:47:58] 
动作统计:
[19:47:58]   wind      : mean= 0.165, std= 0.084
[19:47:58]   solar     : mean= 0.252, std= 0.624
[19:47:58]   diesel    : mean= 0.182, std= 0.642
[19:47:58]   battery   : mean= 0.833, std= 0.272
[19:47:58]   customer  : mean= 0.841, std= 0.061
[19:48:01] 
======================================================================
[19:48:01] Episode 754/800
[19:48:01] ======================================================================
[19:48:01] 总奖励:  -149.30 | 步数: 24
[19:48:01] 最近10个episodes平均:  -154.77
[19:48:01] 
各Agent奖励:
[19:48:01]   wind      :   25.561
[19:48:01]   solar     :    5.974
[19:48:01]   diesel    :    1.634
[19:48:01]   battery   :    0.000
[19:48:01]   customer  : -182.471
[19:48:01] 
🔌 Main Grid 交易:
[19:48:01]   进口电量:     7.25 kWh
[19:48:01]   出口电量:  1113.46 kWh
[19:48:01]   净交易量: -1106.21 kWh
[19:48:01]   平均出清价:  10.63 cents/kWh
[19:48:01]   市场独立度:  68.87%
[19:48:01] 
Buffer大小: 10000
[19:48:01] 噪声水平: 0.0466
[19:48:01] 
动作统计:
[19:48:01]   wind      : mean= 0.137, std= 0.095
[19:48:01]   solar     : mean= 0.266, std= 0.621
[19:48:01]   diesel    : mean= 0.198, std= 0.634
[19:48:01]   battery   : mean= 0.813, std= 0.281
[19:48:01]   customer  : mean= 0.840, std= 0.077
[19:48:03] 
======================================================================
[19:48:03] Episode 755/800
[19:48:03] ======================================================================
[19:48:03] 总奖励:  -155.98 | 步数: 24
[19:48:03] 最近10个episodes平均:  -154.79
[19:48:03] 
各Agent奖励:
[19:48:03]   wind      :   21.931
[19:48:03]   solar     :    6.777
[19:48:03]   diesel    :    1.305
[19:48:03]   battery   :    0.000
[19:48:03]   customer  : -185.992
[19:48:03] 
🔌 Main Grid 交易:
[19:48:03]   进口电量:    14.41 kWh
[19:48:03]   出口电量:   993.12 kWh
[19:48:03]   净交易量:  -978.71 kWh
[19:48:03]   平均出清价:  11.27 cents/kWh
[19:48:03]   市场独立度:  72.01%
[19:48:03] 
Buffer大小: 10000
[19:48:03] 噪声水平: 0.0465
[19:48:03] 
动作统计:
[19:48:03]   wind      : mean= 0.142, std= 0.086
[19:48:03]   solar     : mean= 0.253, std= 0.615
[19:48:03]   diesel    : mean= 0.201, std= 0.622
[19:48:03]   battery   : mean= 0.808, std= 0.284
[19:48:03]   customer  : mean= 0.848, std= 0.057
[19:48:06] 
======================================================================
[19:48:06] Episode 756/800
[19:48:06] ======================================================================
[19:48:06] 总奖励:  -154.71 | 步数: 24
[19:48:06] 最近10个episodes平均:  -154.32
[19:48:06] 
各Agent奖励:
[19:48:06]   wind      :   18.698
[19:48:06]   solar     :    6.097
[19:48:06]   diesel    :    0.508
[19:48:06]   battery   :    0.667
[19:48:06]   customer  : -180.677
[19:48:06] 
🔌 Main Grid 交易:
[19:48:06]   进口电量:    24.14 kWh
[19:48:06]   出口电量:  1047.81 kWh
[19:48:06]   净交易量: -1023.66 kWh
[19:48:06]   平均出清价:   9.38 cents/kWh
[19:48:06]   市场独立度:  70.22%
[19:48:06] 
Buffer大小: 10000
[19:48:06] 噪声水平: 0.0465
[19:48:06] 
动作统计:
[19:48:06]   wind      : mean= 0.122, std= 0.096
[19:48:06]   solar     : mean= 0.262, std= 0.608
[19:48:06]   diesel    : mean= 0.173, std= 0.633
[19:48:06]   battery   : mean= 0.788, std= 0.300
[19:48:06]   customer  : mean= 0.867, std= 0.064
[19:48:07] 
======================================================================
[19:48:07] Episode 757/800
[19:48:07] ======================================================================
[19:48:07] 总奖励:  -148.11 | 步数: 24
[19:48:07] 最近10个episodes平均:  -153.19
[19:48:07] 
各Agent奖励:
[19:48:07]   wind      :   28.589
[19:48:07]   solar     :   10.016
[19:48:07]   diesel    :    2.847
[19:48:07]   battery   :    0.000
[19:48:07]   customer  : -189.566
[19:48:07] 
🔌 Main Grid 交易:
[19:48:07]   进口电量:    11.20 kWh
[19:48:07]   出口电量:   951.91 kWh
[19:48:07]   净交易量:  -940.70 kWh
[19:48:07]   平均出清价:  12.82 cents/kWh
[19:48:07]   市场独立度:  73.25%
[19:48:07] 
Buffer大小: 10000
[19:48:07] 噪声水平: 0.0464
[19:48:07] 
动作统计:
[19:48:07]   wind      : mean= 0.148, std= 0.090
[19:48:07]   solar     : mean= 0.258, std= 0.619
[19:48:07]   diesel    : mean= 0.195, std= 0.634
[19:48:07]   battery   : mean= 0.794, std= 0.282
[19:48:07]   customer  : mean= 0.830, std= 0.058
[19:48:09] 
======================================================================
[19:48:09] Episode 758/800
[19:48:09] ======================================================================
[19:48:09] 总奖励:  -152.15 | 步数: 24
[19:48:09] 最近10个episodes平均:  -152.32
[19:48:09] 
各Agent奖励:
[19:48:09]   wind      :   21.946
[19:48:09]   solar     :    8.866
[19:48:09]   diesel    :    0.489
[19:48:09]   battery   :    0.602
[19:48:09]   customer  : -184.056
[19:48:09] 
🔌 Main Grid 交易:
[19:48:09]   进口电量:    14.40 kWh
[19:48:09]   出口电量:  1054.05 kWh
[19:48:09]   净交易量: -1039.65 kWh
[19:48:09]   平均出清价:  11.46 cents/kWh
[19:48:09]   市场独立度:  70.32%
[19:48:09] 
Buffer大小: 10000
[19:48:09] 噪声水平: 0.0464
[19:48:09] 
动作统计:
[19:48:09]   wind      : mean= 0.135, std= 0.099
[19:48:09]   solar     : mean= 0.262, std= 0.613
[19:48:09]   diesel    : mean= 0.187, std= 0.631
[19:48:09]   battery   : mean= 0.797, std= 0.289
[19:48:09]   customer  : mean= 0.844, std= 0.063
[19:48:11] 
======================================================================
[19:48:11] Episode 759/800
[19:48:11] ======================================================================
[19:48:11] 总奖励:  -149.98 | 步数: 24
[19:48:11] 最近10个episodes平均:  -152.17
[19:48:11] 
各Agent奖励:
[19:48:11]   wind      :   21.736
[19:48:11]   solar     :    7.593
[19:48:11]   diesel    :    1.777
[19:48:11]   battery   :    0.000
[19:48:11]   customer  : -181.089
[19:48:11] 
🔌 Main Grid 交易:
[19:48:11]   进口电量:     3.82 kWh
[19:48:11]   出口电量:  1041.06 kWh
[19:48:11]   净交易量: -1037.25 kWh
[19:48:11]   平均出清价:  11.94 cents/kWh
[19:48:11]   市场独立度:  70.98%
[19:48:11] 
Buffer大小: 10000
[19:48:11] 噪声水平: 0.0463
[19:48:11] 
动作统计:
[19:48:11]   wind      : mean= 0.149, std= 0.101
[19:48:11]   solar     : mean= 0.281, std= 0.604
[19:48:11]   diesel    : mean= 0.180, std= 0.632
[19:48:11]   battery   : mean= 0.801, std= 0.283
[19:48:11]   customer  : mean= 0.857, std= 0.062
[19:48:13] 
======================================================================
[19:48:13] Episode 760/800
[19:48:13] ======================================================================
[19:48:13] 总奖励:  -155.80 | 步数: 24
[19:48:13] 最近10个episodes平均:  -152.35
[19:48:13] 
各Agent奖励:
[19:48:13]   wind      :   17.594
[19:48:13]   solar     :    5.821
[19:48:13]   diesel    :    0.667
[19:48:13]   battery   :    0.000
[19:48:13]   customer  : -179.880
[19:48:13] 
🔌 Main Grid 交易:
[19:48:13]   进口电量:     8.57 kWh
[19:48:13]   出口电量:  1087.65 kWh
[19:48:13]   净交易量: -1079.08 kWh
[19:48:13]   平均出清价:  10.14 cents/kWh
[19:48:13]   市场独立度:  69.55%
[19:48:13] 
Buffer大小: 10000
[19:48:13] 噪声水平: 0.0463
[19:48:13] 
动作统计:
[19:48:13]   wind      : mean= 0.134, std= 0.091
[19:48:13]   solar     : mean= 0.261, std= 0.606
[19:48:13]   diesel    : mean= 0.184, std= 0.634
[19:48:13]   battery   : mean= 0.814, std= 0.266
[19:48:13]   customer  : mean= 0.856, std= 0.061
[19:48:13] 
📊 生成可视化图表...
[19:48:14]   ✓ debug_plots/training_ep0760.png
[19:48:15] 
======================================================================
[19:48:15] Episode 761/800
[19:48:15] ======================================================================
[19:48:15] 总奖励:  -146.57 | 步数: 24
[19:48:15] 最近10个episodes平均:  -151.67
[19:48:15] 
各Agent奖励:
[19:48:15]   wind      :   24.368
[19:48:15]   solar     :    6.144
[19:48:15]   diesel    :    0.371
[19:48:15]   battery   :    0.000
[19:48:15]   customer  : -177.453
[19:48:15] 
🔌 Main Grid 交易:
[19:48:15]   进口电量:     9.57 kWh
[19:48:15]   出口电量:  1087.86 kWh
[19:48:15]   净交易量: -1078.28 kWh
[19:48:15]   平均出清价:  10.16 cents/kWh
[19:48:15]   市场独立度:  69.52%
[19:48:15] 
Buffer大小: 10000
[19:48:15] 噪声水平: 0.0462
[19:48:15] 
动作统计:
[19:48:15]   wind      : mean= 0.147, std= 0.099
[19:48:15]   solar     : mean= 0.279, std= 0.607
[19:48:15]   diesel    : mean= 0.189, std= 0.642
[19:48:15]   battery   : mean= 0.820, std= 0.261
[19:48:15]   customer  : mean= 0.856, std= 0.065
[19:48:17] 
======================================================================
[19:48:17] Episode 762/800
[19:48:17] ======================================================================
[19:48:17] 总奖励:  -155.76 | 步数: 24
[19:48:17] 最近10个episodes平均:  -152.38
[19:48:17] 
各Agent奖励:
[19:48:17]   wind      :   21.138
[19:48:17]   solar     :    6.761
[19:48:17]   diesel    :    0.971
[19:48:17]   battery   :    0.000
[19:48:17]   customer  : -184.631
[19:48:17] 
🔌 Main Grid 交易:
[19:48:17]   进口电量:    15.70 kWh
[19:48:17]   出口电量:  1057.82 kWh
[19:48:17]   净交易量: -1042.12 kWh
[19:48:17]   平均出清价:  10.64 cents/kWh
[19:48:17]   市场独立度:  70.18%
[19:48:17] 
Buffer大小: 10000
[19:48:17] 噪声水平: 0.0462
[19:48:17] 
动作统计:
[19:48:17]   wind      : mean= 0.170, std= 0.088
[19:48:17]   solar     : mean= 0.282, std= 0.621
[19:48:17]   diesel    : mean= 0.186, std= 0.642
[19:48:17]   battery   : mean= 0.843, std= 0.241
[19:48:17]   customer  : mean= 0.855, std= 0.062
[19:48:18] 
======================================================================
[19:48:18] Episode 763/800
[19:48:18] ======================================================================
[19:48:18] 总奖励:  -163.13 | 步数: 24
[19:48:18] 最近10个episodes平均:  -153.15
[19:48:18] 
各Agent奖励:
[19:48:18]   wind      :   17.127
[19:48:18]   solar     :    4.375
[19:48:18]   diesel    :    1.692
[19:48:18]   battery   :    0.000
[19:48:18]   customer  : -186.324
[19:48:18] 
🔌 Main Grid 交易:
[19:48:18]   进口电量:    19.05 kWh
[19:48:18]   出口电量:   971.31 kWh
[19:48:18]   净交易量:  -952.26 kWh
[19:48:18]   平均出清价:  11.12 cents/kWh
[19:48:18]   市场独立度:  72.49%
[19:48:18] 
Buffer大小: 10000
[19:48:18] 噪声水平: 0.0461
[19:48:18] 
动作统计:
[19:48:18]   wind      : mean= 0.167, std= 0.103
[19:48:18]   solar     : mean= 0.305, std= 0.594
[19:48:18]   diesel    : mean= 0.195, std= 0.637
[19:48:18]   battery   : mean= 0.857, std= 0.228
[19:48:18]   customer  : mean= 0.863, std= 0.068
[19:48:20] 
======================================================================
[19:48:20] Episode 764/800
[19:48:20] ======================================================================
[19:48:20] 总奖励:  -157.70 | 步数: 24
[19:48:20] 最近10个episodes平均:  -153.99
[19:48:20] 
各Agent奖励:
[19:48:20]   wind      :   19.081
[19:48:20]   solar     :    5.451
[19:48:20]   diesel    :    0.784
[19:48:20]   battery   :    0.402
[19:48:20]   customer  : -183.419
[19:48:20] 
🔌 Main Grid 交易:
[19:48:20]   进口电量:     7.70 kWh
[19:48:20]   出口电量:  1046.09 kWh
[19:48:20]   净交易量: -1038.40 kWh
[19:48:20]   平均出清价:   8.70 cents/kWh
[19:48:20]   市场独立度:  70.73%
[19:48:20] 
Buffer大小: 10000
[19:48:20] 噪声水平: 0.0461
[19:48:20] 
动作统计:
[19:48:20]   wind      : mean= 0.156, std= 0.096
[19:48:20]   solar     : mean= 0.266, std= 0.613
[19:48:20]   diesel    : mean= 0.185, std= 0.634
[19:48:20]   battery   : mean= 0.853, std= 0.232
[19:48:20]   customer  : mean= 0.863, std= 0.074
[19:48:22] 
======================================================================
[19:48:22] Episode 765/800
[19:48:22] ======================================================================
[19:48:22] 总奖励:  -161.22 | 步数: 24
[19:48:22] 最近10个episodes平均:  -154.51
[19:48:22] 
各Agent奖励:
[19:48:22]   wind      :   19.761
[19:48:22]   solar     :    5.347
[19:48:22]   diesel    :    1.574
[19:48:22]   battery   :    0.000
[19:48:22]   customer  : -187.898
[19:48:22] 
🔌 Main Grid 交易:
[19:48:22]   进口电量:     6.96 kWh
[19:48:22]   出口电量:  1054.53 kWh
[19:48:22]   净交易量: -1047.57 kWh
[19:48:22]   平均出清价:  11.32 cents/kWh
[19:48:22]   市场独立度:  70.51%
[19:48:22] 
Buffer大小: 10000
[19:48:22] 噪声水平: 0.0461
[19:48:22] 
动作统计:
[19:48:22]   wind      : mean= 0.145, std= 0.080
[19:48:22]   solar     : mean= 0.299, std= 0.601
[19:48:22]   diesel    : mean= 0.186, std= 0.634
[19:48:22]   battery   : mean= 0.860, std= 0.228
[19:48:22]   customer  : mean= 0.869, std= 0.069
[19:48:24] 
======================================================================
[19:48:24] Episode 766/800
[19:48:24] ======================================================================
[19:48:24] 总奖励:  -161.45 | 步数: 24
[19:48:24] 最近10个episodes平均:  -155.19
[19:48:24] 
各Agent奖励:
[19:48:24]   wind      :   15.647
[19:48:24]   solar     :   10.863
[19:48:24]   diesel    :    1.204
[19:48:24]   battery   :    0.000
[19:48:24]   customer  : -189.169
[19:48:24] 
🔌 Main Grid 交易:
[19:48:24]   进口电量:    15.72 kWh
[19:48:24]   出口电量:  1072.12 kWh
[19:48:24]   净交易量: -1056.40 kWh
[19:48:24]   平均出清价:  11.98 cents/kWh
[19:48:24]   市场独立度:  69.78%
[19:48:24] 
Buffer大小: 10000
[19:48:24] 噪声水平: 0.0460
[19:48:24] 
动作统计:
[19:48:24]   wind      : mean= 0.155, std= 0.094
[19:48:24]   solar     : mean= 0.282, std= 0.608
[19:48:24]   diesel    : mean= 0.198, std= 0.641
[19:48:24]   battery   : mean= 0.865, std= 0.223
[19:48:24]   customer  : mean= 0.863, std= 0.070
[19:48:25] 
======================================================================
[19:48:25] Episode 767/800
[19:48:25] ======================================================================
[19:48:25] 总奖励:  -156.52 | 步数: 24
[19:48:25] 最近10个episodes平均:  -156.03
[19:48:25] 
各Agent奖励:
[19:48:25]   wind      :   17.690
[19:48:25]   solar     :   10.075
[19:48:25]   diesel    :    1.014
[19:48:25]   battery   :    0.000
[19:48:25]   customer  : -185.298
[19:48:25] 
🔌 Main Grid 交易:
[19:48:25]   进口电量:     5.35 kWh
[19:48:25]   出口电量:  1133.65 kWh
[19:48:25]   净交易量: -1128.30 kWh
[19:48:25]   平均出清价:  11.94 cents/kWh
[19:48:25]   市场独立度:  68.36%
[19:48:25] 
Buffer大小: 10000
[19:48:25] 噪声水平: 0.0460
[19:48:25] 
动作统计:
[19:48:25]   wind      : mean= 0.160, std= 0.090
[19:48:25]   solar     : mean= 0.297, std= 0.591
[19:48:25]   diesel    : mean= 0.191, std= 0.641
[19:48:25]   battery   : mean= 0.867, std= 0.227
[19:48:25]   customer  : mean= 0.863, std= 0.038
[19:48:26] 
======================================================================
[19:48:26] Episode 768/800
[19:48:26] ======================================================================
[19:48:26] 总奖励:  -147.27 | 步数: 24
[19:48:26] 最近10个episodes平均:  -155.54
[19:48:26] 
各Agent奖励:
[19:48:26]   wind      :   25.157
[19:48:26]   solar     :    6.365
[19:48:26]   diesel    :    0.859
[19:48:26]   battery   :    0.000
[19:48:26]   customer  : -179.655
[19:48:26] 
🔌 Main Grid 交易:
[19:48:26]   进口电量:     0.00 kWh
[19:48:26]   出口电量:  1087.02 kWh
[19:48:26]   净交易量: -1087.02 kWh
[19:48:26]   平均出清价:  10.41 cents/kWh
[19:48:26]   市场独立度:  69.81%
[19:48:26] 
Buffer大小: 10000
[19:48:26] 噪声水平: 0.0459
[19:48:26] 
动作统计:
[19:48:26]   wind      : mean= 0.145, std= 0.095
[19:48:26]   solar     : mean= 0.282, std= 0.592
[19:48:26]   diesel    : mean= 0.193, std= 0.635
[19:48:26]   battery   : mean= 0.876, std= 0.223
[19:48:26]   customer  : mean= 0.863, std= 0.069
[19:48:28] 
======================================================================
[19:48:28] Episode 769/800
[19:48:28] ======================================================================
[19:48:28] 总奖励:  -153.31 | 步数: 24
[19:48:28] 最近10个episodes平均:  -155.87
[19:48:28] 
各Agent奖励:
[19:48:28]   wind      :   20.357
[19:48:28]   solar     :    8.233
[19:48:28]   diesel    :    3.343
[19:48:28]   battery   :    0.000
[19:48:28]   customer  : -185.239
[19:48:28] 
🔌 Main Grid 交易:
[19:48:28]   进口电量:     7.19 kWh
[19:48:28]   出口电量:   994.80 kWh
[19:48:28]   净交易量:  -987.61 kWh
[19:48:28]   平均出清价:  10.86 cents/kWh
[19:48:28]   市场独立度:  72.17%
[19:48:28] 
Buffer大小: 10000
[19:48:28] 噪声水平: 0.0459
[19:48:28] 
动作统计:
[19:48:28]   wind      : mean= 0.150, std= 0.093
[19:48:28]   solar     : mean= 0.301, std= 0.589
[19:48:28]   diesel    : mean= 0.182, std= 0.626
[19:48:28]   battery   : mean= 0.882, std= 0.208
[19:48:28]   customer  : mean= 0.845, std= 0.072
[19:48:29] 
======================================================================
[19:48:29] Episode 770/800
[19:48:29] ======================================================================
[19:48:29] 总奖励:  -146.36 | 步数: 24
[19:48:29] 最近10个episodes平均:  -154.93
[19:48:29] 
各Agent奖励:
[19:48:29]   wind      :   22.502
[19:48:29]   solar     :   10.254
[19:48:29]   diesel    :    1.034
[19:48:29]   battery   :    0.000
[19:48:29]   customer  : -180.151
[19:48:29] 
🔌 Main Grid 交易:
[19:48:29]   进口电量:     6.65 kWh
[19:48:29]   出口电量:   950.98 kWh
[19:48:29]   净交易量:  -944.33 kWh
[19:48:29]   平均出清价:  11.61 cents/kWh
[19:48:29]   市场独立度:  73.40%
[19:48:29] 
Buffer大小: 10000
[19:48:29] 噪声水平: 0.0458
[19:48:29] 
动作统计:
[19:48:29]   wind      : mean= 0.155, std= 0.089
[19:48:29]   solar     : mean= 0.286, std= 0.580
[19:48:29]   diesel    : mean= 0.181, std= 0.630
[19:48:29]   battery   : mean= 0.869, std= 0.222
[19:48:29]   customer  : mean= 0.846, std= 0.068
[19:48:29] 
📊 生成可视化图表...
[19:48:30]   ✓ debug_plots/training_ep0770.png
[19:48:32] 
======================================================================
[19:48:32] Episode 771/800
[19:48:32] ======================================================================
[19:48:32] 总奖励:  -156.24 | 步数: 24
[19:48:32] 最近10个episodes平均:  -155.90
[19:48:32] 
各Agent奖励:
[19:48:32]   wind      :   20.366
[19:48:32]   solar     :    7.348
[19:48:32]   diesel    :    1.677
[19:48:32]   battery   :    0.122
[19:48:32]   customer  : -185.752
[19:48:32] 
🔌 Main Grid 交易:
[19:48:32]   进口电量:     7.52 kWh
[19:48:32]   出口电量:   939.88 kWh
[19:48:32]   净交易量:  -932.37 kWh
[19:48:32]   平均出清价:  10.77 cents/kWh
[19:48:32]   市场独立度:  73.68%
[19:48:32] 
Buffer大小: 10000
[19:48:32] 噪声水平: 0.0458
[19:48:32] 
动作统计:
[19:48:32]   wind      : mean= 0.180, std= 0.099
[19:48:32]   solar     : mean= 0.282, std= 0.590
[19:48:32]   diesel    : mean= 0.177, std= 0.623
[19:48:32]   battery   : mean= 0.872, std= 0.222
[19:48:32]   customer  : mean= 0.849, std= 0.063
[19:48:34] 
======================================================================
[19:48:34] Episode 772/800
[19:48:34] ======================================================================
[19:48:34] 总奖励:  -148.85 | 步数: 24
[19:48:34] 最近10个episodes平均:  -155.21
[19:48:34] 
各Agent奖励:
[19:48:34]   wind      :   24.182
[19:48:34]   solar     :    8.578
[19:48:34]   diesel    :    1.065
[19:48:34]   battery   :    0.460
[19:48:34]   customer  : -183.140
[19:48:34] 
🔌 Main Grid 交易:
[19:48:34]   进口电量:     3.61 kWh
[19:48:34]   出口电量:  1003.58 kWh
[19:48:34]   净交易量:  -999.97 kWh
[19:48:34]   平均出清价:  11.75 cents/kWh
[19:48:34]   市场独立度:  72.02%
[19:48:34] 
Buffer大小: 10000
[19:48:34] 噪声水平: 0.0457
[19:48:34] 
动作统计:
[19:48:34]   wind      : mean= 0.158, std= 0.095
[19:48:34]   solar     : mean= 0.296, std= 0.595
[19:48:34]   diesel    : mean= 0.166, std= 0.627
[19:48:34]   battery   : mean= 0.872, std= 0.231
[19:48:34]   customer  : mean= 0.841, std= 0.053
[19:48:35] 
======================================================================
[19:48:35] Episode 773/800
[19:48:35] ======================================================================
[19:48:35] 总奖励:  -147.27 | 步数: 24
[19:48:35] 最近10个episodes平均:  -153.62
[19:48:35] 
各Agent奖励:
[19:48:35]   wind      :   25.780
[19:48:35]   solar     :    8.750
[19:48:35]   diesel    :    1.319
[19:48:35]   battery   :    0.000
[19:48:35]   customer  : -183.121
[19:48:35] 
🔌 Main Grid 交易:
[19:48:35]   进口电量:    10.90 kWh
[19:48:35]   出口电量:   938.51 kWh
[19:48:35]   净交易量:  -927.61 kWh
[19:48:35]   平均出清价:  12.28 cents/kWh
[19:48:35]   市场独立度:  73.63%
[19:48:35] 
Buffer大小: 10000
[19:48:35] 噪声水平: 0.0457
[19:48:35] 
动作统计:
[19:48:35]   wind      : mean= 0.155, std= 0.109
[19:48:35]   solar     : mean= 0.281, std= 0.590
[19:48:35]   diesel    : mean= 0.147, std= 0.621
[19:48:35]   battery   : mean= 0.884, std= 0.216
[19:48:35]   customer  : mean= 0.840, std= 0.068
[19:48:36] 
======================================================================
[19:48:36] Episode 774/800
[19:48:36] ======================================================================
[19:48:36] 总奖励:  -148.14 | 步数: 24
[19:48:36] 最近10个episodes平均:  -152.66
[19:48:36] 
各Agent奖励:
[19:48:36]   wind      :   26.312
[19:48:36]   solar     :    9.228
[19:48:36]   diesel    :    1.091
[19:48:36]   battery   :    0.000
[19:48:36]   customer  : -184.774
[19:48:36] 
🔌 Main Grid 交易:
[19:48:36]   进口电量:     9.62 kWh
[19:48:36]   出口电量:   919.65 kWh
[19:48:36]   净交易量:  -910.03 kWh
[19:48:36]   平均出清价:  11.39 cents/kWh
[19:48:36]   市场独立度:  74.19%
[19:48:36] 
Buffer大小: 10000
[19:48:36] 噪声水平: 0.0456
[19:48:36] 
动作统计:
[19:48:36]   wind      : mean= 0.143, std= 0.088
[19:48:36]   solar     : mean= 0.277, std= 0.583
[19:48:36]   diesel    : mean= 0.154, std= 0.609
[19:48:36]   battery   : mean= 0.872, std= 0.233
[19:48:36]   customer  : mean= 0.841, std= 0.066
[19:48:39] 
======================================================================
[19:48:39] Episode 775/800
[19:48:39] ======================================================================
[19:48:39] 总奖励:  -156.25 | 步数: 24
[19:48:39] 最近10个episodes平均:  -152.17
[19:48:39] 
各Agent奖励:
[19:48:39]   wind      :   19.875
[19:48:39]   solar     :    6.632
[19:48:39]   diesel    :    1.319
[19:48:39]   battery   :    0.000
[19:48:39]   customer  : -184.072
[19:48:39] 
🔌 Main Grid 交易:
[19:48:39]   进口电量:    16.83 kWh
[19:48:39]   出口电量:   900.32 kWh
[19:48:39]   净交易量:  -883.49 kWh
[19:48:39]   平均出清价:  10.97 cents/kWh
[19:48:39]   市场独立度:  74.52%
[19:48:39] 
Buffer大小: 10000
[19:48:39] 噪声水平: 0.0456
[19:48:39] 
动作统计:
[19:48:39]   wind      : mean= 0.154, std= 0.092
[19:48:39]   solar     : mean= 0.260, std= 0.597
[19:48:39]   diesel    : mean= 0.145, std= 0.612
[19:48:39]   battery   : mean= 0.864, std= 0.238
[19:48:39]   customer  : mean= 0.847, std= 0.064
[19:48:43] 
======================================================================
[19:48:43] Episode 776/800
[19:48:43] ======================================================================
[19:48:43] 总奖励:  -150.90 | 步数: 24
[19:48:43] 最近10个episodes平均:  -151.11
[19:48:43] 
各Agent奖励:
[19:48:43]   wind      :   21.666
[19:48:43]   solar     :    7.083
[19:48:43]   diesel    :    0.792
[19:48:43]   battery   :    0.000
[19:48:43]   customer  : -180.443
[19:48:43] 
🔌 Main Grid 交易:
[19:48:43]   进口电量:    17.31 kWh
[19:48:43]   出口电量:   919.14 kWh
[19:48:43]   净交易量:  -901.83 kWh
[19:48:43]   平均出清价:  10.68 cents/kWh
[19:48:43]   市场独立度:  73.99%
[19:48:43] 
Buffer大小: 10000
[19:48:43] 噪声水平: 0.0455
[19:48:43] 
动作统计:
[19:48:43]   wind      : mean= 0.145, std= 0.086
[19:48:43]   solar     : mean= 0.275, std= 0.586
[19:48:43]   diesel    : mean= 0.124, std= 0.581
[19:48:43]   battery   : mean= 0.862, std= 0.230
[19:48:43]   customer  : mean= 0.852, std= 0.080
[19:48:45] 
======================================================================
[19:48:45] Episode 777/800
[19:48:45] ======================================================================
[19:48:45] 总奖励:  -152.29 | 步数: 24
[19:48:45] 最近10个episodes平均:  -150.69
[19:48:45] 
各Agent奖励:
[19:48:45]   wind      :   22.892
[19:48:45]   solar     :    6.659
[19:48:45]   diesel    :    2.106
[19:48:45]   battery   :    0.095
[19:48:45]   customer  : -184.038
[19:48:45] 
🔌 Main Grid 交易:
[19:48:45]   进口电量:     6.55 kWh
[19:48:45]   出口电量:   883.94 kWh
[19:48:45]   净交易量:  -877.40 kWh
[19:48:45]   平均出清价:  10.41 cents/kWh
[19:48:45]   市场独立度:  75.26%
[19:48:45] 
Buffer大小: 10000
[19:48:45] 噪声水平: 0.0455
[19:48:45] 
动作统计:
[19:48:45]   wind      : mean= 0.140, std= 0.096
[19:48:45]   solar     : mean= 0.274, std= 0.574
[19:48:45]   diesel    : mean= 0.128, std= 0.603
[19:48:45]   battery   : mean= 0.853, std= 0.244
[19:48:45]   customer  : mean= 0.843, std= 0.068
[19:48:47] 
======================================================================
[19:48:47] Episode 778/800
[19:48:47] ======================================================================
[19:48:47] 总奖励:  -139.61 | 步数: 24
[19:48:47] 最近10个episodes平均:  -149.92
[19:48:47] 
各Agent奖励:
[19:48:47]   wind      :   26.734
[19:48:47]   solar     :    7.882
[19:48:47]   diesel    :    0.652
[19:48:47]   battery   :    0.000
[19:48:47]   customer  : -174.878
[19:48:47] 
🔌 Main Grid 交易:
[19:48:47]   进口电量:     0.00 kWh
[19:48:47]   出口电量:   931.19 kWh
[19:48:47]   净交易量:  -931.19 kWh
[19:48:47]   平均出清价:  10.71 cents/kWh
[19:48:47]   市场独立度:  74.13%
[19:48:47] 
Buffer大小: 10000
[19:48:47] 噪声水平: 0.0455
[19:48:47] 
动作统计:
[19:48:47]   wind      : mean= 0.132, std= 0.086
[19:48:47]   solar     : mean= 0.272, std= 0.590
[19:48:47]   diesel    : mean= 0.138, std= 0.586
[19:48:47]   battery   : mean= 0.857, std= 0.229
[19:48:47]   customer  : mean= 0.841, std= 0.058
[19:48:49] 
======================================================================
[19:48:49] Episode 779/800
[19:48:49] ======================================================================
[19:48:49] 总奖励:  -153.81 | 步数: 24
[19:48:49] 最近10个episodes平均:  -149.97
[19:48:49] 
各Agent奖励:
[19:48:49]   wind      :   22.456
[19:48:49]   solar     :    5.112
[19:48:49]   diesel    :    0.469
[19:48:49]   battery   :    0.388
[19:48:49]   customer  : -182.239
[19:48:49] 
🔌 Main Grid 交易:
[19:48:49]   进口电量:     0.26 kWh
[19:48:49]   出口电量:   917.09 kWh
[19:48:49]   净交易量:  -916.83 kWh
[19:48:49]   平均出清价:   9.91 cents/kWh
[19:48:49]   市场独立度:  74.52%
[19:48:49] 
Buffer大小: 10000
[19:48:49] 噪声水平: 0.0454
[19:48:49] 
动作统计:
[19:48:49]   wind      : mean= 0.149, std= 0.092
[19:48:49]   solar     : mean= 0.270, std= 0.592
[19:48:49]   diesel    : mean= 0.124, std= 0.589
[19:48:49]   battery   : mean= 0.859, std= 0.243
[19:48:49]   customer  : mean= 0.853, std= 0.073
[19:48:50] 
======================================================================
[19:48:50] Episode 780/800
[19:48:50] ======================================================================
[19:48:50] 总奖励:  -157.36 | 步数: 24
[19:48:50] 最近10个episodes平均:  -151.07
[19:48:50] 
各Agent奖励:
[19:48:50]   wind      :   19.987
[19:48:50]   solar     :    9.133
[19:48:50]   diesel    :    2.329
[19:48:50]   battery   :    0.248
[19:48:50]   customer  : -189.058
[19:48:50] 
🔌 Main Grid 交易:
[19:48:50]   进口电量:    20.49 kWh
[19:48:50]   出口电量:   792.01 kWh
[19:48:50]   净交易量:  -771.52 kWh
[19:48:50]   平均出清价:  13.05 cents/kWh
[19:48:50]   市场独立度:  77.43%
[19:48:50] 
Buffer大小: 10000
[19:48:50] 噪声水平: 0.0454
[19:48:50] 
动作统计:
[19:48:50]   wind      : mean= 0.152, std= 0.096
[19:48:50]   solar     : mean= 0.277, std= 0.602
[19:48:50]   diesel    : mean= 0.108, std= 0.584
[19:48:50]   battery   : mean= 0.849, std= 0.235
[19:48:50]   customer  : mean= 0.855, std= 0.079
[19:48:50] 
📊 生成可视化图表...
[19:48:51]   ✓ debug_plots/training_ep0780.png
[19:48:52] 
======================================================================
[19:48:52] Episode 781/800
[19:48:52] ======================================================================
[19:48:52] 总奖励:  -159.97 | 步数: 24
[19:48:52] 最近10个episodes平均:  -151.45
[19:48:52] 
各Agent奖励:
[19:48:52]   wind      :   18.382
[19:48:52]   solar     :    5.949
[19:48:52]   diesel    :    3.237
[19:48:52]   battery   :    0.362
[19:48:52]   customer  : -187.899
[19:48:52] 
🔌 Main Grid 交易:
[19:48:52]   进口电量:    11.71 kWh
[19:48:52]   出口电量:   827.36 kWh
[19:48:52]   净交易量:  -815.65 kWh
[19:48:52]   平均出清价:  10.84 cents/kWh
[19:48:52]   市场独立度:  76.69%
[19:48:52] 
Buffer大小: 10000
[19:48:52] 噪声水平: 0.0453
[19:48:52] 
动作统计:
[19:48:52]   wind      : mean= 0.148, std= 0.098
[19:48:52]   solar     : mean= 0.265, std= 0.603
[19:48:52]   diesel    : mean= 0.121, std= 0.591
[19:48:52]   battery   : mean= 0.853, std= 0.238
[19:48:52]   customer  : mean= 0.845, std= 0.072
[19:48:54] 
======================================================================
[19:48:54] Episode 782/800
[19:48:54] ======================================================================
[19:48:54] 总奖励:  -149.69 | 步数: 24
[19:48:54] 最近10个episodes平均:  -151.53
[19:48:54] 
各Agent奖励:
[19:48:54]   wind      :   22.140
[19:48:54]   solar     :    6.434
[19:48:54]   diesel    :    0.762
[19:48:54]   battery   :    0.328
[19:48:54]   customer  : -179.358
[19:48:54] 
🔌 Main Grid 交易:
[19:48:54]   进口电量:     8.33 kWh
[19:48:54]   出口电量:   935.83 kWh
[19:48:54]   净交易量:  -927.50 kWh
[19:48:54]   平均出清价:  11.07 cents/kWh
[19:48:54]   市场独立度:  73.77%
[19:48:54] 
Buffer大小: 10000
[19:48:54] 噪声水平: 0.0453
[19:48:54] 
动作统计:
[19:48:54]   wind      : mean= 0.153, std= 0.097
[19:48:54]   solar     : mean= 0.264, std= 0.600
[19:48:54]   diesel    : mean= 0.122, std= 0.586
[19:48:54]   battery   : mean= 0.864, std= 0.232
[19:48:54]   customer  : mean= 0.860, std= 0.069
[19:48:55] 
======================================================================
[19:48:55] Episode 783/800
[19:48:55] ======================================================================
[19:48:55] 总奖励:  -159.09 | 步数: 24
[19:48:55] 最近10个episodes平均:  -152.71
[19:48:55] 
各Agent奖励:
[19:48:55]   wind      :   14.949
[19:48:55]   solar     :    4.965
[19:48:55]   diesel    :    0.574
[19:48:55]   battery   :    0.042
[19:48:55]   customer  : -179.620
[19:48:55] 
🔌 Main Grid 交易:
[19:48:55]   进口电量:     1.93 kWh
[19:48:55]   出口电量:   928.54 kWh
[19:48:55]   净交易量:  -926.61 kWh
[19:48:55]   平均出清价:   9.16 cents/kWh
[19:48:55]   市场独立度:  74.15%
[19:48:55] 
Buffer大小: 10000
[19:48:55] 噪声水平: 0.0452
[19:48:55] 
动作统计:
[19:48:55]   wind      : mean= 0.136, std= 0.096
[19:48:55]   solar     : mean= 0.256, std= 0.598
[19:48:55]   diesel    : mean= 0.119, std= 0.587
[19:48:55]   battery   : mean= 0.871, std= 0.228
[19:48:55]   customer  : mean= 0.869, std= 0.093
[19:48:57] 
======================================================================
[19:48:57] Episode 784/800
[19:48:57] ======================================================================
[19:48:57] 总奖励:  -156.24 | 步数: 24
[19:48:57] 最近10个episodes平均:  -153.52
[19:48:57] 
各Agent奖励:
[19:48:57]   wind      :   18.498
[19:48:57]   solar     :    5.584
[19:48:57]   diesel    :    1.172
[19:48:57]   battery   :    0.000
[19:48:57]   customer  : -181.490
[19:48:57] 
🔌 Main Grid 交易:
[19:48:57]   进口电量:     1.61 kWh
[19:48:57]   出口电量:   897.48 kWh
[19:48:57]   净交易量:  -895.87 kWh
[19:48:57]   平均出清价:  10.02 cents/kWh
[19:48:57]   市场独立度:  75.03%
[19:48:57] 
Buffer大小: 10000
[19:48:57] 噪声水平: 0.0452
[19:48:57] 
动作统计:
[19:48:57]   wind      : mean= 0.147, std= 0.094
[19:48:57]   solar     : mean= 0.275, std= 0.588
[19:48:57]   diesel    : mean= 0.103, std= 0.588
[19:48:57]   battery   : mean= 0.881, std= 0.203
[19:48:57]   customer  : mean= 0.868, std= 0.071
[19:49:00] 
======================================================================
[19:49:00] Episode 785/800
[19:49:00] ======================================================================
[19:49:00] 总奖励:  -162.61 | 步数: 24
[19:49:00] 最近10个episodes平均:  -154.16
[19:49:00] 
各Agent奖励:
[19:49:00]   wind      :   14.546
[19:49:00]   solar     :    7.565
[19:49:00]   diesel    :    0.892
[19:49:00]   battery   :    0.000
[19:49:00]   customer  : -185.609
[19:49:00] 
🔌 Main Grid 交易:
[19:49:00]   进口电量:    18.51 kWh
[19:49:00]   出口电量:   890.95 kWh
[19:49:00]   净交易量:  -872.44 kWh
[19:49:00]   平均出清价:  10.98 cents/kWh
[19:49:00]   市场独立度:  74.74%
[19:49:00] 
Buffer大小: 10000
[19:49:00] 噪声水平: 0.0451
[19:49:00] 
动作统计:
[19:49:00]   wind      : mean= 0.153, std= 0.081
[19:49:00]   solar     : mean= 0.267, std= 0.589
[19:49:00]   diesel    : mean= 0.117, std= 0.592
[19:49:00]   battery   : mean= 0.897, std= 0.205
[19:49:00]   customer  : mean= 0.879, std= 0.059
[19:49:02] 
======================================================================
[19:49:02] Episode 786/800
[19:49:02] ======================================================================
[19:49:02] 总奖励:  -161.57 | 步数: 24
[19:49:02] 最近10个episodes平均:  -155.22
[19:49:02] 
各Agent奖励:
[19:49:02]   wind      :   14.426
[19:49:02]   solar     :    8.525
[19:49:02]   diesel    :    2.142
[19:49:02]   battery   :    0.000
[19:49:02]   customer  : -186.660
[19:49:02] 
🔌 Main Grid 交易:
[19:49:02]   进口电量:    11.94 kWh
[19:49:02]   出口电量:   878.56 kWh
[19:49:02]   净交易量:  -866.62 kWh
[19:49:02]   平均出清价:  11.69 cents/kWh
[19:49:02]   市场独立度:  75.26%
[19:49:02] 
Buffer大小: 10000
[19:49:02] 噪声水平: 0.0451
[19:49:02] 
动作统计:
[19:49:02]   wind      : mean= 0.151, std= 0.098
[19:49:02]   solar     : mean= 0.269, std= 0.584
[19:49:02]   diesel    : mean= 0.106, std= 0.591
[19:49:02]   battery   : mean= 0.889, std= 0.202
[19:49:02]   customer  : mean= 0.875, std= 0.056
[19:49:04] 
======================================================================
[19:49:04] Episode 787/800
[19:49:04] ======================================================================
[19:49:04] 总奖励:  -160.82 | 步数: 24
[19:49:04] 最近10个episodes平均:  -156.08
[19:49:04] 
各Agent奖励:
[19:49:04]   wind      :   15.329
[19:49:04]   solar     :    5.950
[19:49:04]   diesel    :    1.468
[19:49:04]   battery   :    0.000
[19:49:04]   customer  : -183.569
[19:49:04] 
🔌 Main Grid 交易:
[19:49:04]   进口电量:     5.81 kWh
[19:49:04]   出口电量:   831.29 kWh
[19:49:04]   净交易量:  -825.48 kWh
[19:49:04]   平均出清价:  10.06 cents/kWh
[19:49:04]   市场独立度:  76.75%
[19:49:04] 
Buffer大小: 10000
[19:49:04] 噪声水平: 0.0450
[19:49:04] 
动作统计:
[19:49:04]   wind      : mean= 0.147, std= 0.102
[19:49:04]   solar     : mean= 0.268, std= 0.591
[19:49:04]   diesel    : mean= 0.098, std= 0.576
[19:49:04]   battery   : mean= 0.895, std= 0.206
[19:49:04]   customer  : mean= 0.867, std= 0.058
[19:49:07] 
======================================================================
[19:49:07] Episode 788/800
[19:49:07] ======================================================================
[19:49:07] 总奖励:  -158.79 | 步数: 24
[19:49:07] 最近10个episodes平均:  -158.00
[19:49:07] 
各Agent奖励:
[19:49:07]   wind      :   18.038
[19:49:07]   solar     :    6.236
[19:49:07]   diesel    :    1.890
[19:49:07]   battery   :    0.000
[19:49:07]   customer  : -184.957
[19:49:07] 
🔌 Main Grid 交易:
[19:49:07]   进口电量:     1.81 kWh
[19:49:07]   出口电量:   764.86 kWh
[19:49:07]   净交易量:  -763.05 kWh
[19:49:07]   平均出清价:  10.87 cents/kWh
[19:49:07]   市场独立度:  78.70%
[19:49:07] 
Buffer大小: 10000
[19:49:07] 噪声水平: 0.0450
[19:49:07] 
动作统计:
[19:49:07]   wind      : mean= 0.139, std= 0.089
[19:49:07]   solar     : mean= 0.270, std= 0.567
[19:49:07]   diesel    : mean= 0.097, std= 0.582
[19:49:07]   battery   : mean= 0.898, std= 0.203
[19:49:07]   customer  : mean= 0.871, std= 0.069
[19:49:09] 
======================================================================
[19:49:09] Episode 789/800
[19:49:09] ======================================================================
[19:49:09] 总奖励:  -151.03 | 步数: 24
[19:49:09] 最近10个episodes平均:  -157.72
[19:49:09] 
各Agent奖励:
[19:49:09]   wind      :   19.506
[19:49:09]   solar     :    9.753
[19:49:09]   diesel    :    0.815
[19:49:09]   battery   :    0.000
[19:49:09]   customer  : -181.106
[19:49:09] 
🔌 Main Grid 交易:
[19:49:09]   进口电量:     2.27 kWh
[19:49:09]   出口电量:   832.31 kWh
[19:49:09]   净交易量:  -830.05 kWh
[19:49:09]   平均出清价:  11.91 cents/kWh
[19:49:09]   市场独立度:  76.82%
[19:49:09] 
Buffer大小: 10000
[19:49:09] 噪声水平: 0.0450
[19:49:09] 
动作统计:
[19:49:09]   wind      : mean= 0.154, std= 0.095
[19:49:09]   solar     : mean= 0.275, std= 0.566
[19:49:09]   diesel    : mean= 0.090, std= 0.578
[19:49:09]   battery   : mean= 0.891, std= 0.205
[19:49:09]   customer  : mean= 0.858, std= 0.068
[19:49:11] 
======================================================================
[19:49:11] Episode 790/800
[19:49:11] ======================================================================
[19:49:11] 总奖励:  -158.30 | 步数: 24
[19:49:11] 最近10个episodes平均:  -157.81
[19:49:11] 
各Agent奖励:
[19:49:11]   wind      :   17.957
[19:49:11]   solar     :    6.995
[19:49:11]   diesel    :    0.813
[19:49:11]   battery   :    0.000
[19:49:11]   customer  : -184.065
[19:49:11] 
🔌 Main Grid 交易:
[19:49:11]   进口电量:    14.05 kWh
[19:49:11]   出口电量:   796.97 kWh
[19:49:11]   净交易量:  -782.92 kWh
[19:49:11]   平均出清价:  10.62 cents/kWh
[19:49:11]   市场独立度:  77.47%
[19:49:11] 
Buffer大小: 10000
[19:49:11] 噪声水平: 0.0449
[19:49:11] 
动作统计:
[19:49:11]   wind      : mean= 0.156, std= 0.082
[19:49:11]   solar     : mean= 0.245, std= 0.561
[19:49:11]   diesel    : mean= 0.082, std= 0.565
[19:49:11]   battery   : mean= 0.890, std= 0.205
[19:49:11]   customer  : mean= 0.866, std= 0.057
[19:49:11] 
📊 生成可视化图表...
[19:49:12]   ✓ debug_plots/training_ep0790.png
[19:49:13] 
======================================================================
[19:49:13] Episode 791/800
[19:49:13] ======================================================================
[19:49:13] 总奖励:  -154.25 | 步数: 24
[19:49:13] 最近10个episodes平均:  -157.24
[19:49:13] 
各Agent奖励:
[19:49:13]   wind      :   21.960
[19:49:13]   solar     :    7.043
[19:49:13]   diesel    :    1.867
[19:49:13]   battery   :    0.000
[19:49:13]   customer  : -185.120
[19:49:13] 
🔌 Main Grid 交易:
[19:49:13]   进口电量:     3.01 kWh
[19:49:13]   出口电量:   827.39 kWh
[19:49:13]   净交易量:  -824.38 kWh
[19:49:13]   平均出清价:  10.81 cents/kWh
[19:49:13]   市场独立度:  76.93%
[19:49:13] 
Buffer大小: 10000
[19:49:13] 噪声水平: 0.0449
[19:49:13] 
动作统计:
[19:49:13]   wind      : mean= 0.166, std= 0.087
[19:49:13]   solar     : mean= 0.260, std= 0.573
[19:49:13]   diesel    : mean= 0.095, std= 0.570
[19:49:13]   battery   : mean= 0.897, std= 0.206
[19:49:13]   customer  : mean= 0.853, std= 0.078
[19:49:14] 
======================================================================
[19:49:14] Episode 792/800
[19:49:14] ======================================================================
[19:49:14] 总奖励:  -157.93 | 步数: 24
[19:49:14] 最近10个episodes平均:  -158.06
[19:49:14] 
各Agent奖励:
[19:49:14]   wind      :   16.781
[19:49:14]   solar     :    5.071
[19:49:14]   diesel    :    0.615
[19:49:14]   battery   :    0.310
[19:49:14]   customer  : -180.706
[19:49:14] 
🔌 Main Grid 交易:
[19:49:14]   进口电量:     7.16 kWh
[19:49:14]   出口电量:   846.76 kWh
[19:49:14]   净交易量:  -839.60 kWh
[19:49:14]   平均出清价:   9.49 cents/kWh
[19:49:14]   市场独立度:  76.28%
[19:49:14] 
Buffer大小: 10000
[19:49:14] 噪声水平: 0.0448
[19:49:14] 
动作统计:
[19:49:14]   wind      : mean= 0.137, std= 0.092
[19:49:14]   solar     : mean= 0.268, std= 0.574
[19:49:14]   diesel    : mean= 0.107, std= 0.573
[19:49:14]   battery   : mean= 0.882, std= 0.228
[19:49:14]   customer  : mean= 0.860, std= 0.062
[19:49:16] 
======================================================================
[19:49:16] Episode 793/800
[19:49:16] ======================================================================
[19:49:16] 总奖励:  -157.82 | 步数: 24
[19:49:16] 最近10个episodes平均:  -157.94
[19:49:16] 
各Agent奖励:
[19:49:16]   wind      :   19.281
[19:49:16]   solar     :    7.324
[19:49:16]   diesel    :    1.537
[19:49:16]   battery   :    0.000
[19:49:16]   customer  : -185.959
[19:49:16] 
🔌 Main Grid 交易:
[19:49:16]   进口电量:     9.56 kWh
[19:49:16]   出口电量:   872.05 kWh
[19:49:16]   净交易量:  -862.49 kWh
[19:49:16]   平均出清价:  11.51 cents/kWh
[19:49:16]   市场独立度:  75.51%
[19:49:16] 
Buffer大小: 10000
[19:49:16] 噪声水平: 0.0448
[19:49:16] 
动作统计:
[19:49:16]   wind      : mean= 0.145, std= 0.091
[19:49:16]   solar     : mean= 0.247, std= 0.576
[19:49:16]   diesel    : mean= 0.112, std= 0.582
[19:49:16]   battery   : mean= 0.876, std= 0.225
[19:49:16]   customer  : mean= 0.866, std= 0.069
[19:49:17] 
======================================================================
[19:49:17] Episode 794/800
[19:49:17] ======================================================================
[19:49:17] 总奖励:  -148.79 | 步数: 24
[19:49:17] 最近10个episodes平均:  -157.19
[19:49:17] 
各Agent奖励:
[19:49:17]   wind      :   23.347
[19:49:17]   solar     :    6.504
[19:49:17]   diesel    :    0.889
[19:49:17]   battery   :    0.000
[19:49:17]   customer  : -179.533
[19:49:17] 
🔌 Main Grid 交易:
[19:49:17]   进口电量:     0.55 kWh
[19:49:17]   出口电量:   982.72 kWh
[19:49:17]   净交易量:  -982.16 kWh
[19:49:17]   平均出清价:  10.85 cents/kWh
[19:49:17]   市场独立度:  72.69%
[19:49:17] 
Buffer大小: 10000
[19:49:17] 噪声水平: 0.0447
[19:49:17] 
动作统计:
[19:49:17]   wind      : mean= 0.161, std= 0.081
[19:49:17]   solar     : mean= 0.276, std= 0.577
[19:49:17]   diesel    : mean= 0.123, std= 0.586
[19:49:17]   battery   : mean= 0.877, std= 0.219
[19:49:17]   customer  : mean= 0.857, std= 0.078
[19:49:19] 
======================================================================
[19:49:19] Episode 795/800
[19:49:19] ======================================================================
[19:49:19] 总奖励:  -151.43 | 步数: 24
[19:49:19] 最近10个episodes平均:  -156.07
[19:49:19] 
各Agent奖励:
[19:49:19]   wind      :   20.805
[19:49:19]   solar     :    9.552
[19:49:19]   diesel    :    1.404
[19:49:19]   battery   :    0.339
[19:49:19]   customer  : -183.534
[19:49:19] 
🔌 Main Grid 交易:
[19:49:19]   进口电量:     0.00 kWh
[19:49:19]   出口电量:   826.98 kWh
[19:49:19]   净交易量:  -826.98 kWh
[19:49:19]   平均出清价:  11.70 cents/kWh
[19:49:19]   市场独立度:  77.03%
[19:49:19] 
Buffer大小: 10000
[19:49:19] 噪声水平: 0.0447
[19:49:19] 
动作统计:
[19:49:19]   wind      : mean= 0.147, std= 0.090
[19:49:19]   solar     : mean= 0.264, std= 0.582
[19:49:19]   diesel    : mean= 0.111, std= 0.581
[19:49:19]   battery   : mean= 0.862, std= 0.236
[19:49:19]   customer  : mean= 0.851, std= 0.067
[19:49:20] 
======================================================================
[19:49:20] Episode 796/800
[19:49:20] ======================================================================
[19:49:20] 总奖励:  -150.79 | 步数: 24
[19:49:20] 最近10个episodes平均:  -155.00
[19:49:20] 
各Agent奖励:
[19:49:20]   wind      :   19.201
[19:49:20]   solar     :    7.231
[19:49:20]   diesel    :    1.809
[19:49:20]   battery   :    0.210
[19:49:20]   customer  : -179.241
[19:49:20] 
🔌 Main Grid 交易:
[19:49:20]   进口电量:     4.61 kWh
[19:49:20]   出口电量:   909.92 kWh
[19:49:20]   净交易量:  -905.31 kWh
[19:49:20]   平均出清价:  10.19 cents/kWh
[19:49:20]   市场独立度:  74.60%
[19:49:20] 
Buffer大小: 10000
[19:49:20] 噪声水平: 0.0446
[19:49:20] 
动作统计:
[19:49:20]   wind      : mean= 0.146, std= 0.084
[19:49:20]   solar     : mean= 0.278, std= 0.597
[19:49:20]   diesel    : mean= 0.118, std= 0.593
[19:49:20]   battery   : mean= 0.864, std= 0.227
[19:49:20]   customer  : mean= 0.862, std= 0.082
[19:49:21] 
======================================================================
[19:49:21] Episode 797/800
[19:49:21] ======================================================================
[19:49:21] 总奖励:  -145.33 | 步数: 24
[19:49:21] 最近10个episodes平均:  -153.45
[19:49:21] 
各Agent奖励:
[19:49:21]   wind      :   25.914
[19:49:21]   solar     :    6.016
[19:49:21]   diesel    :    0.099
[19:49:21]   battery   :    0.000
[19:49:21]   customer  : -177.362
[19:49:21] 
🔌 Main Grid 交易:
[19:49:21]   进口电量:     2.20 kWh
[19:49:21]   出口电量:   903.04 kWh
[19:49:21]   净交易量:  -900.84 kWh
[19:49:21]   平均出清价:  10.51 cents/kWh
[19:49:21]   市场独立度:  74.85%
[19:49:21] 
Buffer大小: 10000
[19:49:21] 噪声水平: 0.0446
[19:49:21] 
动作统计:
[19:49:21]   wind      : mean= 0.158, std= 0.095
[19:49:21]   solar     : mean= 0.271, std= 0.594
[19:49:21]   diesel    : mean= 0.116, std= 0.589
[19:49:21]   battery   : mean= 0.865, std= 0.228
[19:49:21]   customer  : mean= 0.850, std= 0.079
[19:49:23] 
======================================================================
[19:49:23] Episode 798/800
[19:49:23] ======================================================================
[19:49:23] 总奖励:  -157.65 | 步数: 24
[19:49:23] 最近10个episodes平均:  -153.33
[19:49:23] 
各Agent奖励:
[19:49:23]   wind      :   18.831
[19:49:23]   solar     :    7.944
[19:49:23]   diesel    :    2.855
[19:49:23]   battery   :    0.000
[19:49:23]   customer  : -187.284
[19:49:23] 
🔌 Main Grid 交易:
[19:49:23]   进口电量:     2.69 kWh
[19:49:23]   出口电量:   823.39 kWh
[19:49:23]   净交易量:  -820.70 kWh
[19:49:23]   平均出清价:  11.52 cents/kWh
[19:49:23]   市场独立度:  77.05%
[19:49:23] 
Buffer大小: 10000
[19:49:23] 噪声水平: 0.0446
[19:49:23] 
动作统计:
[19:49:23]   wind      : mean= 0.144, std= 0.112
[19:49:23]   solar     : mean= 0.264, std= 0.605
[19:49:23]   diesel    : mean= 0.130, std= 0.596
[19:49:23]   battery   : mean= 0.864, std= 0.224
[19:49:23]   customer  : mean= 0.847, std= 0.069
[19:49:24] 
======================================================================
[19:49:24] Episode 799/800
[19:49:24] ======================================================================
[19:49:24] 总奖励:  -153.30 | 步数: 24
[19:49:24] 最近10个episodes平均:  -153.56
[19:49:24] 
各Agent奖励:
[19:49:24]   wind      :   22.471
[19:49:24]   solar     :    8.153
[19:49:24]   diesel    :    1.360
[19:49:24]   battery   :    0.300
[19:49:24]   customer  : -185.586
[19:49:24] 
🔌 Main Grid 交易:
[19:49:24]   进口电量:    10.52 kWh
[19:49:24]   出口电量:   928.12 kWh
[19:49:24]   净交易量:  -917.59 kWh
[19:49:24]   平均出清价:  10.59 cents/kWh
[19:49:24]   市场独立度:  73.93%
[19:49:24] 
Buffer大小: 10000
[19:49:24] 噪声水平: 0.0445
[19:49:24] 
动作统计:
[19:49:24]   wind      : mean= 0.147, std= 0.095
[19:49:24]   solar     : mean= 0.267, std= 0.610
[19:49:24]   diesel    : mean= 0.136, std= 0.605
[19:49:24]   battery   : mean= 0.864, std= 0.249
[19:49:24]   customer  : mean= 0.844, std= 0.087
[19:49:25] 
======================================================================
[19:49:25] Episode 800/800
[19:49:25] ======================================================================
[19:49:25] 总奖励:  -147.57 | 步数: 24
[19:49:25] 最近10个episodes平均:  -152.49
[19:49:25] 
各Agent奖励:
[19:49:25]   wind      :   19.964
[19:49:25]   solar     :   10.816
[19:49:25]   diesel    :    1.963
[19:49:25]   battery   :    0.367
[19:49:25]   customer  : -180.678
[19:49:25] 
🔌 Main Grid 交易:
[19:49:25]   进口电量:    11.50 kWh
[19:49:25]   出口电量:   813.40 kWh
[19:49:25]   净交易量:  -801.91 kWh
[19:49:25]   平均出清价:  11.66 cents/kWh
[19:49:25]   市场独立度:  77.09%
[19:49:25] 
Buffer大小: 10000
[19:49:25] 噪声水平: 0.0445
[19:49:25] 
动作统计:
[19:49:25]   wind      : mean= 0.145, std= 0.093
[19:49:25]   solar     : mean= 0.264, std= 0.613
[19:49:25]   diesel    : mean= 0.137, std= 0.590
[19:49:25]   battery   : mean= 0.855, std= 0.241
[19:49:25]   customer  : mean= 0.853, std= 0.087
[19:49:25] 
📊 生成可视化图表...
[19:49:26]   ✓ debug_plots/training_ep0800.png
[19:49:26] 💾 保存checkpoint: debug_checkpoints/debug_maddpg_20251203_193028_ep0800.pt
[19:49:26] 
======================================================================
[19:49:26] 🎉 训练完成！
[19:49:26] ======================================================================
[19:49:26] 
💾 统计数据已保存: debug_logs/debug_maddpg_20251203_193028_stats.json
[19:49:26] 📊 Main Grid分析: debug_plots/grid_analysis_final.png
[19:49:26] 💾 保存checkpoint: debug_checkpoints/debug_maddpg_20251203_193028_final.pt
