[18:37:43] 
======================================================================
[18:37:43] 🚀 开始调试训练
[18:37:43] ======================================================================
[18:37:43] 
🔥 预热阶段 (10 episodes)
[18:37:43]   预热 1/10
[18:37:43]   预热 2/10
[18:37:43]   预热 3/10
[18:37:44]   预热 4/10
[18:37:44]   预热 5/10
[18:37:44]   预热 6/10
[18:37:44]   预热 7/10
[18:37:44]   预热 8/10
[18:37:44]   预热 9/10
[18:37:44]   预热 10/10
[18:37:44] 
🏋️  训练阶段
[18:37:44] ======================================================================
[18:37:45] 
======================================================================
[18:37:45] Episode 1/200
[18:37:45] ======================================================================
[18:37:45] 总奖励:   -43.76 | 步数: 24
[18:37:45] 最近10个episodes平均:   -43.76
[18:37:45] 
各Agent奖励:
[18:37:45]   wind      :  101.298
[18:37:45]   solar     :   88.045
[18:37:45]   diesel    :    0.000
[18:37:45]   battery   :   -8.177
[18:37:45]   customer  : -224.925
[18:37:45] 
🔌 Main Grid 交易:
[18:37:45]   进口电量:   116.90 kWh
[18:37:45]   出口电量:   620.40 kWh
[18:37:45]   净交易量:  -503.50 kWh
[18:37:45]   平均出清价:  19.92 cents/kWh
[18:37:45]   市场独立度:  79.52%
[18:37:45] 
Buffer大小:   264
[18:37:45] 噪声水平: 0.0989
[18:37:45] 
动作统计:
[18:37:45]   wind      : mean= 0.359, std= 0.120
[18:37:45]   solar     : mean=-0.168, std= 0.129
[18:37:45]   diesel    : mean=-0.216, std= 0.191
[18:37:45]   battery   : mean=-0.361, std= 0.273
[18:37:45]   customer  : mean= 0.369, std= 0.105
[18:37:45] 
======================================================================
[18:37:45] Episode 2/200
[18:37:45] ======================================================================
[18:37:45] 总奖励:    13.49 | 步数: 24
[18:37:45] 最近10个episodes平均:   -15.14
[18:37:45] 
各Agent奖励:
[18:37:45]   wind      :  149.142
[18:37:45]   solar     :   57.863
[18:37:45]   diesel    :    0.000
[18:37:45]   battery   :  -12.668
[18:37:45]   customer  : -180.848
[18:37:45] 
🔌 Main Grid 交易:
[18:37:45]   进口电量:   231.39 kWh
[18:37:45]   出口电量:   706.98 kWh
[18:37:45]   净交易量:  -475.59 kWh
[18:37:45]   平均出清价:  15.66 cents/kWh
[18:37:45]   市场独立度:  73.93%
[18:37:45] 
Buffer大小:   288
[18:37:45] 噪声水平: 0.0988
[18:37:45] 
动作统计:
[18:37:45]   wind      : mean= 0.170, std= 0.118
[18:37:45]   solar     : mean=-0.178, std= 0.136
[18:37:45]   diesel    : mean=-0.157, std= 0.173
[18:37:45]   battery   : mean=-0.282, std= 0.378
[18:37:45]   customer  : mean= 0.304, std= 0.144
[18:37:46] 
======================================================================
[18:37:46] Episode 3/200
[18:37:46] ======================================================================
[18:37:46] 总奖励:    39.92 | 步数: 24
[18:37:46] 最近10个episodes平均:     3.22
[18:37:46] 
各Agent奖励:
[18:37:46]   wind      :  132.235
[18:37:46]   solar     :   23.572
[18:37:46]   diesel    :    0.000
[18:37:46]   battery   :   -3.824
[18:37:46]   customer  : -112.060
[18:37:46] 
🔌 Main Grid 交易:
[18:37:46]   进口电量:   278.12 kWh
[18:37:46]   出口电量:   588.54 kWh
[18:37:46]   净交易量:  -310.42 kWh
[18:37:46]   平均出清价:   8.80 cents/kWh
[18:37:46]   市场独立度:  75.93%
[18:37:46] 
Buffer大小:   312
[18:37:46] 噪声水平: 0.0987
[18:37:46] 
动作统计:
[18:37:46]   wind      : mean=-0.162, std= 0.161
[18:37:46]   solar     : mean= 0.024, std= 0.148
[18:37:46]   diesel    : mean=-0.120, std= 0.177
[18:37:46]   battery   : mean=-0.145, std= 0.544
[18:37:46]   customer  : mean= 0.032, std= 0.073
[18:37:47] 
======================================================================
[18:37:47] Episode 4/200
[18:37:47] ======================================================================
[18:37:47] 总奖励:   -23.37 | 步数: 24
[18:37:47] 最近10个episodes平均:    -3.43
[18:37:47] 
各Agent奖励:
[18:37:47]   wind      :   75.607
[18:37:47]   solar     :   17.154
[18:37:47]   diesel    :    0.567
[18:37:47]   battery   :    2.792
[18:37:47]   customer  : -119.486
[18:37:47] 
🔌 Main Grid 交易:
[18:37:47]   进口电量:   576.34 kWh
[18:37:47]   出口电量:   518.87 kWh
[18:37:47]   净交易量:    57.48 kWh
[18:37:47]   平均出清价:   4.82 cents/kWh
[18:37:47]   市场独立度:  69.58%
[18:37:47] 
Buffer大小:   336
[18:37:47] 噪声水平: 0.0986
[18:37:47] 
动作统计:
[18:37:47]   wind      : mean=-0.437, std= 0.100
[18:37:47]   solar     : mean= 0.240, std= 0.150
[18:37:47]   diesel    : mean=-0.096, std= 0.169
[18:37:47]   battery   : mean=-0.033, std= 0.668
[18:37:47]   customer  : mean=-0.327, std= 0.122
[18:37:48] 
======================================================================
[18:37:48] Episode 5/200
[18:37:48] ======================================================================
[18:37:48] 总奖励:   -12.37 | 步数: 24
[18:37:48] 最近10个episodes平均:    -5.22
[18:37:48] 
各Agent奖励:
[18:37:48]   wind      :   67.007
[18:37:48]   solar     :   34.994
[18:37:48]   diesel    :   -0.096
[18:37:48]   battery   :   -6.714
[18:37:48]   customer  : -107.558
[18:37:48] 
🔌 Main Grid 交易:
[18:37:48]   进口电量:   444.43 kWh
[18:37:48]   出口电量:   514.27 kWh
[18:37:48]   净交易量:   -69.84 kWh
[18:37:48]   平均出清价:   2.92 cents/kWh
[18:37:48]   市场独立度:  73.37%
[18:37:48] 
Buffer大小:   360
[18:37:48] 噪声水平: 0.0985
[18:37:48] 
动作统计:
[18:37:48]   wind      : mean=-0.538, std= 0.089
[18:37:48]   solar     : mean= 0.349, std= 0.169
[18:37:48]   diesel    : mean=-0.155, std= 0.157
[18:37:48]   battery   : mean= 0.027, std= 0.778
[18:37:48]   customer  : mean=-0.601, std= 0.119
[18:37:48] 
======================================================================
[18:37:48] Episode 6/200
[18:37:48] ======================================================================
[18:37:48] 总奖励:   -24.58 | 步数: 24
[18:37:48] 最近10个episodes平均:    -8.44
[18:37:48] 
各Agent奖励:
[18:37:48]   wind      :   58.661
[18:37:48]   solar     :   43.496
[18:37:48]   diesel    :    0.000
[18:37:48]   battery   :    3.807
[18:37:48]   customer  : -130.548
[18:37:48] 
🔌 Main Grid 交易:
[18:37:48]   进口电量:   526.16 kWh
[18:37:48]   出口电量:   398.00 kWh
[18:37:48]   净交易量:   128.16 kWh
[18:37:48]   平均出清价:   3.87 cents/kWh
[18:37:48]   市场独立度:  74.33%
[18:37:48] 
Buffer大小:   384
[18:37:48] 噪声水平: 0.0984
[18:37:48] 
动作统计:
[18:37:48]   wind      : mean=-0.556, std= 0.078
[18:37:48]   solar     : mean= 0.230, std= 0.250
[18:37:48]   diesel    : mean=-0.258, std= 0.200
[18:37:48]   battery   : mean= 0.070, std= 0.842
[18:37:48]   customer  : mean=-0.782, std= 0.100
[18:37:49] 
======================================================================
[18:37:49] Episode 7/200
[18:37:49] ======================================================================
[18:37:49] 总奖励:    14.68 | 步数: 24
[18:37:49] 最近10个episodes平均:    -5.14
[18:37:49] 
各Agent奖励:
[18:37:49]   wind      :   81.783
[18:37:49]   solar     :    7.660
[18:37:49]   diesel    :   -2.407
[18:37:49]   battery   :   -3.693
[18:37:49]   customer  :  -68.665
[18:37:49] 
🔌 Main Grid 交易:
[18:37:49]   进口电量:   292.91 kWh
[18:37:49]   出口电量:   603.08 kWh
[18:37:49]   净交易量:  -310.17 kWh
[18:37:49]   平均出清价:   1.39 cents/kWh
[18:37:49]   市场独立度:  75.11%
[18:37:49] 
Buffer大小:   408
[18:37:49] 噪声水平: 0.0983
[18:37:49] 
动作统计:
[18:37:49]   wind      : mean=-0.242, std= 0.159
[18:37:49]   solar     : mean=-0.145, std= 0.322
[18:37:49]   diesel    : mean=-0.285, std= 0.250
[18:37:49]   battery   : mean= 0.122, std= 0.821
[18:37:49]   customer  : mean=-0.840, std= 0.114
[18:37:50] 
======================================================================
[18:37:50] Episode 8/200
[18:37:50] ======================================================================
[18:37:50] 总奖励:  -128.85 | 步数: 24
[18:37:50] 最近10个episodes平均:   -20.60
[18:37:50] 
各Agent奖励:
[18:37:50]   wind      :   69.163
[18:37:50]   solar     :   58.723
[18:37:50]   diesel    :    0.000
[18:37:50]   battery   :    3.695
[18:37:50]   customer  : -260.432
[18:37:50] 
🔌 Main Grid 交易:
[18:37:50]   进口电量:   716.29 kWh
[18:37:50]   出口电量:   312.04 kWh
[18:37:50]   净交易量:   404.26 kWh
[18:37:50]   平均出清价:  16.34 cents/kWh
[18:37:50]   市场独立度:  71.44%
[18:37:50] 
Buffer大小:   432
[18:37:50] 噪声水平: 0.0982
[18:37:50] 
动作统计:
[18:37:50]   wind      : mean= 0.229, std= 0.132
[18:37:50]   solar     : mean=-0.523, std= 0.210
[18:37:50]   diesel    : mean=-0.282, std= 0.342
[18:37:50]   battery   : mean= 0.204, std= 0.762
[18:37:50]   customer  : mean=-0.911, std= 0.081
[18:37:51] 
======================================================================
[18:37:51] Episode 9/200
[18:37:51] ======================================================================
[18:37:51] 总奖励:  -176.23 | 步数: 24
[18:37:51] 最近10个episodes平均:   -37.90
[18:37:51] 
各Agent奖励:
[18:37:51]   wind      :   66.553
[18:37:51]   solar     :   98.168
[18:37:51]   diesel    :    0.000
[18:37:51]   battery   :    2.594
[18:37:51]   customer  : -343.545
[18:37:51] 
🔌 Main Grid 交易:
[18:37:51]   进口电量:   355.70 kWh
[18:37:51]   出口电量:   463.07 kWh
[18:37:51]   净交易量:  -107.37 kWh
[18:37:51]   平均出清价:  23.15 cents/kWh
[18:37:51]   市场独立度:  77.26%
[18:37:51] 
Buffer大小:   456
[18:37:51] 噪声水平: 0.0981
[18:37:51] 
动作统计:
[18:37:51]   wind      : mean= 0.700, std= 0.095
[18:37:51]   solar     : mean=-0.815, std= 0.116
[18:37:51]   diesel    : mean=-0.258, std= 0.482
[18:37:51]   battery   : mean= 0.308, std= 0.666
[18:37:51]   customer  : mean=-0.915, std= 0.067
[18:37:52] 
======================================================================
[18:37:52] Episode 10/200
[18:37:52] ======================================================================
[18:37:52] 总奖励:  -211.35 | 步数: 24
[18:37:52] 最近10个episodes平均:   -55.24
[18:37:52] 
各Agent奖励:
[18:37:52]   wind      :   31.534
[18:37:52]   solar     :  116.315
[18:37:52]   diesel    :    0.000
[18:37:52]   battery   :    2.501
[18:37:52]   customer  : -361.698
[18:37:52] 
🔌 Main Grid 交易:
[18:37:52]   进口电量:   545.99 kWh
[18:37:52]   出口电量:   343.02 kWh
[18:37:52]   净交易量:   202.97 kWh
[18:37:52]   平均出清价:  24.67 cents/kWh
[18:37:52]   市场独立度:  75.31%
[18:37:52] 
Buffer大小:   480
[18:37:52] 噪声水平: 0.0980
[18:37:52] 
动作统计:
[18:37:52]   wind      : mean= 0.862, std= 0.095
[18:37:52]   solar     : mean=-0.903, std= 0.080
[18:37:52]   diesel    : mean=-0.263, std= 0.588
[18:37:52]   battery   : mean= 0.365, std= 0.593
[18:37:52]   customer  : mean=-0.947, std= 0.072
[18:37:52] 
📊 生成可视化图表...
[18:37:52]   ✓ debug_plots/training_ep0010.png
[18:37:53] 
======================================================================
[18:37:53] Episode 11/200
[18:37:53] ======================================================================
[18:37:53] 总奖励:  -245.06 | 步数: 24
[18:37:53] 最近10个episodes平均:   -75.37
[18:37:53] 
各Agent奖励:
[18:37:53]   wind      :   16.910
[18:37:53]   solar     :  114.776
[18:37:53]   diesel    :    0.000
[18:37:53]   battery   :    2.519
[18:37:53]   customer  : -379.261
[18:37:53] 
🔌 Main Grid 交易:
[18:37:53]   进口电量:   463.28 kWh
[18:37:53]   出口电量:   365.11 kWh
[18:37:53]   净交易量:    98.17 kWh
[18:37:53]   平均出清价:  24.57 cents/kWh
[18:37:53]   市场独立度:  76.99%
[18:37:53] 
Buffer大小:   504
[18:37:53] 噪声水平: 0.0979
[18:37:53] 
动作统计:
[18:37:53]   wind      : mean= 0.911, std= 0.093
[18:37:53]   solar     : mean=-0.914, std= 0.071
[18:37:53]   diesel    : mean=-0.299, std= 0.654
[18:37:53]   battery   : mean= 0.380, std= 0.584
[18:37:53]   customer  : mean=-0.965, std= 0.039
[18:37:54] 
======================================================================
[18:37:54] Episode 12/200
[18:37:54] ======================================================================
[18:37:54] 总奖励:  -229.79 | 步数: 24
[18:37:54] 最近10个episodes平均:   -99.70
[18:37:54] 
各Agent奖励:
[18:37:54]   wind      :   16.017
[18:37:54]   solar     :  116.232
[18:37:54]   diesel    :    0.000
[18:37:54]   battery   :    3.375
[18:37:54]   customer  : -365.412
[18:37:54] 
🔌 Main Grid 交易:
[18:37:54]   进口电量:   462.99 kWh
[18:37:54]   出口电量:   407.50 kWh
[18:37:54]   净交易量:    55.49 kWh
[18:37:54]   平均出清价:  24.76 cents/kWh
[18:37:54]   市场独立度:  75.82%
[18:37:54] 
Buffer大小:   528
[18:37:54] 噪声水平: 0.0978
[18:37:54] 
动作统计:
[18:37:54]   wind      : mean= 0.920, std= 0.083
[18:37:54]   solar     : mean=-0.933, std= 0.079
[18:37:54]   diesel    : mean=-0.282, std= 0.716
[18:37:54]   battery   : mean= 0.318, std= 0.673
[18:37:54]   customer  : mean=-0.960, std= 0.054
[18:37:54] 
======================================================================
[18:37:54] Episode 13/200
[18:37:54] ======================================================================
[18:37:54] 总奖励:  -248.91 | 步数: 24
[18:37:54] 最近10个episodes平均:  -128.58
[18:37:54] 
各Agent奖励:
[18:37:54]   wind      :   23.344
[18:37:54]   solar     :  107.531
[18:37:54]   diesel    :    0.000
[18:37:54]   battery   :    3.478
[18:37:54]   customer  : -383.260
[18:37:54] 
🔌 Main Grid 交易:
[18:37:54]   进口电量:   467.76 kWh
[18:37:54]   出口电量:   274.65 kWh
[18:37:54]   净交易量:   193.11 kWh
[18:37:54]   平均出清价:  24.14 cents/kWh
[18:37:54]   市场独立度:  79.38%
[18:37:54] 
Buffer大小:   552
[18:37:54] 噪声水平: 0.0977
[18:37:54] 
动作统计:
[18:37:54]   wind      : mean= 0.917, std= 0.074
[18:37:54]   solar     : mean=-0.935, std= 0.098
[18:37:54]   diesel    : mean=-0.265, std= 0.743
[18:37:54]   battery   : mean= 0.181, std= 0.775
[18:37:54]   customer  : mean=-0.965, std= 0.045
[18:37:55] 
======================================================================
[18:37:55] Episode 14/200
[18:37:55] ======================================================================
[18:37:55] 总奖励:  -217.45 | 步数: 24
[18:37:55] 最近10个episodes平均:  -147.99
[18:37:55] 
各Agent奖励:
[18:37:55]   wind      :   20.265
[18:37:55]   solar     :  114.340
[18:37:55]   diesel    :    0.000
[18:37:55]   battery   :    2.463
[18:37:55]   customer  : -354.517
[18:37:55] 
🔌 Main Grid 交易:
[18:37:55]   进口电量:   611.01 kWh
[18:37:55]   出口电量:   470.68 kWh
[18:37:55]   净交易量:   140.33 kWh
[18:37:55]   平均出清价:  24.77 cents/kWh
[18:37:55]   市场独立度:  69.95%
[18:37:55] 
Buffer大小:   576
[18:37:55] 噪声水平: 0.0976
[18:37:55] 
动作统计:
[18:37:55]   wind      : mean= 0.871, std= 0.086
[18:37:55]   solar     : mean=-0.910, std= 0.107
[18:37:55]   diesel    : mean=-0.282, std= 0.736
[18:37:55]   battery   : mean= 0.079, std= 0.886
[18:37:55]   customer  : mean=-0.969, std= 0.062
[18:37:56] 
======================================================================
[18:37:56] Episode 15/200
[18:37:56] ======================================================================
[18:37:56] 总奖励:  -202.91 | 步数: 24
[18:37:56] 最近10个episodes平均:  -167.05
[18:37:56] 
各Agent奖励:
[18:37:56]   wind      :   30.657
[18:37:56]   solar     :  116.358
[18:37:56]   diesel    :    0.000
[18:37:56]   battery   :    3.443
[18:37:56]   customer  : -353.373
[18:37:56] 
🔌 Main Grid 交易:
[18:37:56]   进口电量:   457.24 kWh
[18:37:56]   出口电量:   445.82 kWh
[18:37:56]   净交易量:    11.42 kWh
[18:37:56]   平均出清价:  24.50 cents/kWh
[18:37:56]   市场独立度:  74.92%
[18:37:56] 
Buffer大小:   600
[18:37:56] 噪声水平: 0.0975
[18:37:56] 
动作统计:
[18:37:56]   wind      : mean= 0.828, std= 0.090
[18:37:56]   solar     : mean=-0.787, std= 0.190
[18:37:56]   diesel    : mean=-0.272, std= 0.815
[18:37:56]   battery   : mean= 0.055, std= 0.920
[18:37:56]   customer  : mean=-0.941, std= 0.069
[18:37:57] 
======================================================================
[18:37:57] Episode 16/200
[18:37:57] ======================================================================
[18:37:57] 总奖励:  -203.37 | 步数: 24
[18:37:57] 最近10个episodes平均:  -184.92
[18:37:57] 
各Agent奖励:
[18:37:57]   wind      :   31.719
[18:37:57]   solar     :  110.883
[18:37:57]   diesel    :    0.000
[18:37:57]   battery   :    2.816
[18:37:57]   customer  : -348.786
[18:37:57] 
🔌 Main Grid 交易:
[18:37:57]   进口电量:   369.18 kWh
[18:37:57]   出口电量:   424.36 kWh
[18:37:57]   净交易量:   -55.18 kWh
[18:37:57]   平均出清价:  23.93 cents/kWh
[18:37:57]   市场独立度:  77.96%
[18:37:57] 
Buffer大小:   624
[18:37:57] 噪声水平: 0.0974
[18:37:57] 
动作统计:
[18:37:57]   wind      : mean= 0.740, std= 0.114
[18:37:57]   solar     : mean=-0.597, std= 0.403
[18:37:57]   diesel    : mean=-0.280, std= 0.788
[18:37:57]   battery   : mean= 0.014, std= 0.947
[18:37:57]   customer  : mean=-0.964, std= 0.045
[18:37:58] 
======================================================================
[18:37:58] Episode 17/200
[18:37:58] ======================================================================
[18:37:58] 总奖励:  -139.79 | 步数: 24
[18:37:58] 最近10个episodes平均:  -200.37
[18:37:58] 
各Agent奖励:
[18:37:58]   wind      :   81.180
[18:37:58]   solar     :  107.255
[18:37:58]   diesel    :    0.000
[18:37:58]   battery   :    3.019
[18:37:58]   customer  : -331.243
[18:37:58] 
🔌 Main Grid 交易:
[18:37:58]   进口电量:   386.78 kWh
[18:37:58]   出口电量:   377.92 kWh
[18:37:58]   净交易量:     8.86 kWh
[18:37:58]   平均出清价:  23.83 cents/kWh
[18:37:58]   市场独立度:  78.76%
[18:37:58] 
Buffer大小:   648
[18:37:58] 噪声水平: 0.0973
[18:37:58] 
动作统计:
[18:37:58]   wind      : mean= 0.619, std= 0.162
[18:37:58]   solar     : mean=-0.385, std= 0.529
[18:37:58]   diesel    : mean=-0.242, std= 0.836
[18:37:58]   battery   : mean= 0.009, std= 0.952
[18:37:58]   customer  : mean=-0.969, std= 0.049
[18:37:58] 
======================================================================
[18:37:58] Episode 18/200
[18:37:58] ======================================================================
[18:37:58] 总奖励:  -137.12 | 步数: 24
[18:37:58] 最近10个episodes平均:  -201.20
[18:37:58] 
各Agent奖励:
[18:37:58]   wind      :   79.111
[18:37:58]   solar     :   98.174
[18:37:58]   diesel    :    0.000
[18:37:58]   battery   :    3.842
[18:37:58]   customer  : -318.244
[18:37:58] 
🔌 Main Grid 交易:
[18:37:58]   进口电量:   529.85 kWh
[18:37:58]   出口电量:   272.20 kWh
[18:37:58]   净交易量:   257.65 kWh
[18:37:58]   平均出清价:  22.78 cents/kWh
[18:37:58]   市场独立度:  77.72%
[18:37:58] 
Buffer大小:   672
[18:37:58] 噪声水平: 0.0972
[18:37:58] 
动作统计:
[18:37:58]   wind      : mean= 0.561, std= 0.176
[18:37:58]   solar     : mean=-0.213, std= 0.616
[18:37:58]   diesel    : mean=-0.193, std= 0.822
[18:37:58]   battery   : mean=-0.000, std= 0.944
[18:37:58]   customer  : mean=-0.947, std= 0.071
[18:37:59] 
======================================================================
[18:37:59] Episode 19/200
[18:37:59] ======================================================================
[18:37:59] 总奖励:  -155.36 | 步数: 24
[18:37:59] 最近10个episodes平均:  -199.11
[18:37:59] 
各Agent奖励:
[18:37:59]   wind      :  146.810
[18:37:59]   solar     :   26.204
[18:37:59]   diesel    :    0.000
[18:37:59]   battery   :    2.972
[18:37:59]   customer  : -331.342
[18:37:59] 
🔌 Main Grid 交易:
[18:37:59]   进口电量:   497.67 kWh
[18:37:59]   出口电量:   356.41 kWh
[18:37:59]   净交易量:   141.26 kWh
[18:37:59]   平均出清价:  22.65 cents/kWh
[18:37:59]   市场独立度:  76.28%
[18:37:59] 
Buffer大小:   696
[18:37:59] 噪声水平: 0.0971
[18:37:59] 
动作统计:
[18:37:59]   wind      : mean= 0.500, std= 0.218
[18:37:59]   solar     : mean=-0.005, std= 0.749
[18:37:59]   diesel    : mean=-0.132, std= 0.829
[18:37:59]   battery   : mean=-0.004, std= 0.968
[18:37:59]   customer  : mean=-0.939, std= 0.061
[18:38:00] 
======================================================================
[18:38:00] Episode 20/200
[18:38:00] ======================================================================
[18:38:00] 总奖励:    37.22 | 步数: 24
[18:38:00] 最近10个episodes平均:  -174.25
[18:38:00] 
各Agent奖励:
[18:38:00]   wind      :  264.260
[18:38:00]   solar     :   39.487
[18:38:00]   diesel    :    0.000
[18:38:00]   battery   :    2.367
[18:38:00]   customer  : -268.894
[18:38:00] 
🔌 Main Grid 交易:
[18:38:00]   进口电量:   489.31 kWh
[18:38:00]   出口电量:   519.62 kWh
[18:38:00]   净交易量:   -30.31 kWh
[18:38:00]   平均出清价:  22.48 cents/kWh
[18:38:00]   市场独立度:  71.97%
[18:38:00] 
Buffer大小:   720
[18:38:00] 噪声水平: 0.0970
[18:38:00] 
动作统计:
[18:38:00]   wind      : mean= 0.401, std= 0.260
[18:38:00]   solar     : mean= 0.082, std= 0.802
[18:38:00]   diesel    : mean=-0.021, std= 0.766
[18:38:00]   battery   : mean=-0.019, std= 0.962
[18:38:00]   customer  : mean=-0.976, std= 0.053
[18:38:00] 
📊 生成可视化图表...
[18:38:00]   ✓ debug_plots/training_ep0020.png
[18:38:01] 
======================================================================
[18:38:01] Episode 21/200
[18:38:01] ======================================================================
[18:38:01] 总奖励:   -61.57 | 步数: 24
[18:38:01] 最近10个episodes平均:  -155.90
[18:38:01] 
各Agent奖励:
[18:38:01]   wind      :  212.458
[18:38:01]   solar     :   31.789
[18:38:01]   diesel    :    0.000
[18:38:01]   battery   :    2.390
[18:38:01]   customer  : -308.205
[18:38:01] 
🔌 Main Grid 交易:
[18:38:01]   进口电量:   699.47 kWh
[18:38:01]   出口电量:   290.16 kWh
[18:38:01]   净交易量:   409.31 kWh
[18:38:01]   平均出清价:  22.88 cents/kWh
[18:38:01]   市场独立度:  72.51%
[18:38:01] 
Buffer大小:   744
[18:38:01] 噪声水平: 0.0969
[18:38:01] 
动作统计:
[18:38:01]   wind      : mean= 0.379, std= 0.226
[18:38:01]   solar     : mean= 0.109, std= 0.805
[18:38:01]   diesel    : mean= 0.106, std= 0.724
[18:38:01]   battery   : mean=-0.016, std= 0.965
[18:38:01]   customer  : mean=-0.954, std= 0.056
[18:38:02] 
======================================================================
[18:38:02] Episode 22/200
[18:38:02] ======================================================================
[18:38:02] 总奖励:   -96.50 | 步数: 24
[18:38:02] 最近10个episodes平均:  -142.57
[18:38:02] 
各Agent奖励:
[18:38:02]   wind      :  169.688
[18:38:02]   solar     :   28.164
[18:38:02]   diesel    :    0.000
[18:38:02]   battery   :    3.436
[18:38:02]   customer  : -297.787
[18:38:02] 
🔌 Main Grid 交易:
[18:38:02]   进口电量:   745.97 kWh
[18:38:02]   出口电量:   473.26 kWh
[18:38:02]   净交易量:   272.71 kWh
[18:38:02]   平均出清价:  21.93 cents/kWh
[18:38:02]   市场独立度:  66.13%
[18:38:02] 
Buffer大小:   768
[18:38:02] 噪声水平: 0.0968
[18:38:02] 
动作统计:
[18:38:02]   wind      : mean= 0.331, std= 0.279
[18:38:02]   solar     : mean= 0.076, std= 0.762
[18:38:02]   diesel    : mean= 0.242, std= 0.616
[18:38:02]   battery   : mean=-0.008, std= 0.958
[18:38:02]   customer  : mean=-0.924, std= 0.074
[18:38:03] 
======================================================================
[18:38:03] Episode 23/200
[18:38:03] ======================================================================
[18:38:03] 总奖励:    74.33 | 步数: 24
[18:38:03] 最近10个episodes平均:  -110.25
[18:38:03] 
各Agent奖励:
[18:38:03]   wind      :  214.738
[18:38:03]   solar     :   80.644
[18:38:03]   diesel    :    0.000
[18:38:03]   battery   :    1.912
[18:38:03]   customer  : -222.965
[18:38:03] 
🔌 Main Grid 交易:
[18:38:03]   进口电量:   419.85 kWh
[18:38:03]   出口电量:   583.45 kWh
[18:38:03]   净交易量:  -163.60 kWh
[18:38:03]   平均出清价:  20.60 cents/kWh
[18:38:03]   市场独立度:  72.13%
[18:38:03] 
Buffer大小:   792
[18:38:03] 噪声水平: 0.0968
[18:38:03] 
动作统计:
[18:38:03]   wind      : mean= 0.275, std= 0.294
[18:38:03]   solar     : mean= 0.017, std= 0.718
[18:38:03]   diesel    : mean= 0.373, std= 0.543
[18:38:03]   battery   : mean= 0.003, std= 0.945
[18:38:03]   customer  : mean=-0.916, std= 0.078
[18:38:04] 
======================================================================
[18:38:04] Episode 24/200
[18:38:04] ======================================================================
[18:38:04] 总奖励:    39.54 | 步数: 24
[18:38:04] 最近10个episodes平均:   -84.55
[18:38:04] 
各Agent奖励:
[18:38:04]   wind      :  186.072
[18:38:04]   solar     :   73.835
[18:38:04]   diesel    :    0.000
[18:38:04]   battery   :   -1.868
[18:38:04]   customer  : -218.502
[18:38:04] 
🔌 Main Grid 交易:
[18:38:04]   进口电量:   396.53 kWh
[18:38:04]   出口电量:   870.56 kWh
[18:38:04]   净交易量:  -474.03 kWh
[18:38:04]   平均出清价:  18.67 cents/kWh
[18:38:04]   市场独立度:  64.80%
[18:38:04] 
Buffer大小:   816
[18:38:04] 噪声水平: 0.0967
[18:38:04] 
动作统计:
[18:38:04]   wind      : mean= 0.235, std= 0.251
[18:38:04]   solar     : mean=-0.126, std= 0.632
[18:38:04]   diesel    : mean= 0.459, std= 0.507
[18:38:04]   battery   : mean=-0.004, std= 0.953
[18:38:04]   customer  : mean=-0.774, std= 0.105
[18:38:05] 
======================================================================
[18:38:05] Episode 25/200
[18:38:05] ======================================================================
[18:38:05] 总奖励:    37.12 | 步数: 24
[18:38:05] 最近10个episodes平均:   -60.55
[18:38:05] 
各Agent奖励:
[18:38:05]   wind      :  193.246
[18:38:05]   solar     :  102.761
[18:38:05]   diesel    :    0.000
[18:38:05]   battery   :   -2.350
[18:38:05]   customer  : -256.538
[18:38:05] 
🔌 Main Grid 交易:
[18:38:05]   进口电量:   462.84 kWh
[18:38:05]   出口电量:   689.54 kWh
[18:38:05]   净交易量:  -226.70 kWh
[18:38:05]   平均出清价:  20.37 cents/kWh
[18:38:05]   市场独立度:  67.99%
[18:38:05] 
Buffer大小:   840
[18:38:05] 噪声水平: 0.0966
[18:38:05] 
动作统计:
[18:38:05]   wind      : mean= 0.205, std= 0.281
[18:38:05]   solar     : mean=-0.240, std= 0.552
[18:38:05]   diesel    : mean= 0.509, std= 0.465
[18:38:05]   battery   : mean=-0.012, std= 0.944
[18:38:05]   customer  : mean=-0.582, std= 0.134
[18:38:05] 
======================================================================
[18:38:05] Episode 26/200
[18:38:05] ======================================================================
[18:38:05] 总奖励:    64.74 | 步数: 24
[18:38:05] 最近10个episodes平均:   -33.74
[18:38:05] 
各Agent奖励:
[18:38:05]   wind      :  199.139
[18:38:05]   solar     :  105.945
[18:38:05]   diesel    :    4.541
[18:38:05]   battery   :   -4.449
[18:38:05]   customer  : -240.437
[18:38:05] 
🔌 Main Grid 交易:
[18:38:05]   进口电量:   250.23 kWh
[18:38:05]   出口电量:   666.79 kWh
[18:38:05]   净交易量:  -416.56 kWh
[18:38:05]   平均出清价:  20.98 cents/kWh
[18:38:05]   市场独立度:  74.53%
[18:38:05] 
Buffer大小:   864
[18:38:05] 噪声水平: 0.0965
[18:38:05] 
动作统计:
[18:38:05]   wind      : mean= 0.247, std= 0.296
[18:38:05]   solar     : mean=-0.332, std= 0.446
[18:38:05]   diesel    : mean= 0.531, std= 0.429
[18:38:05]   battery   : mean=-0.012, std= 0.950
[18:38:05]   customer  : mean=-0.271, std= 0.168
[18:38:06] 
======================================================================
[18:38:06] Episode 27/200
[18:38:06] ======================================================================
[18:38:06] 总奖励:    31.01 | 步数: 24
[18:38:06] 最近10个episodes平均:   -16.66
[18:38:06] 
各Agent奖励:
[18:38:06]   wind      :  170.368
[18:38:06]   solar     :   93.411
[18:38:06]   diesel    :    0.000
[18:38:06]   battery   :   -5.884
[18:38:06]   customer  : -226.884
[18:38:06] 
🔌 Main Grid 交易:
[18:38:06]   进口电量:   381.34 kWh
[18:38:06]   出口电量:   687.79 kWh
[18:38:06]   净交易量:  -306.45 kWh
[18:38:06]   平均出清价:  21.06 cents/kWh
[18:38:06]   市场独立度:  70.30%
[18:38:06] 
Buffer大小:   888
[18:38:06] 噪声水平: 0.0964
[18:38:06] 
动作统计:
[18:38:06]   wind      : mean= 0.215, std= 0.327
[18:38:06]   solar     : mean=-0.504, std= 0.403
[18:38:06]   diesel    : mean= 0.572, std= 0.369
[18:38:06]   battery   : mean=-0.012, std= 0.944
[18:38:06]   customer  : mean=-0.095, std= 0.115
[18:38:07] 
======================================================================
[18:38:07] Episode 28/200
[18:38:07] ======================================================================
[18:38:07] 总奖励:    26.40 | 步数: 24
[18:38:07] 最近10个episodes平均:    -0.31
[18:38:07] 
各Agent奖励:
[18:38:07]   wind      :  174.968
[18:38:07]   solar     :   83.250
[18:38:07]   diesel    :    0.000
[18:38:07]   battery   :   -4.213
[18:38:07]   customer  : -227.608
[18:38:07] 
🔌 Main Grid 交易:
[18:38:07]   进口电量:   184.90 kWh
[18:38:07]   出口电量:  1452.29 kWh
[18:38:07]   净交易量: -1267.39 kWh
[18:38:07]   平均出清价:  19.42 cents/kWh
[18:38:07]   市场独立度:  54.52%
[18:38:07] 
Buffer大小:   912
[18:38:07] 噪声水平: 0.0963
[18:38:07] 
动作统计:
[18:38:07]   wind      : mean= 0.232, std= 0.288
[18:38:07]   solar     : mean=-0.565, std= 0.394
[18:38:07]   diesel    : mean= 0.782, std= 0.217
[18:38:07]   battery   : mean= 0.009, std= 0.945
[18:38:07]   customer  : mean= 0.031, std= 0.133
[18:38:08] 
======================================================================
[18:38:08] Episode 29/200
[18:38:08] ======================================================================
[18:38:08] 总奖励:     8.90 | 步数: 24
[18:38:08] 最近10个episodes平均:    16.12
[18:38:08] 
各Agent奖励:
[18:38:08]   wind      :  123.504
[18:38:08]   solar     :   98.521
[18:38:08]   diesel    :    0.000
[18:38:08]   battery   :   -5.304
[18:38:08]   customer  : -207.816
[18:38:08] 
🔌 Main Grid 交易:
[18:38:08]   进口电量:   101.18 kWh
[18:38:08]   出口电量:  1574.79 kWh
[18:38:08]   净交易量: -1473.61 kWh
[18:38:08]   平均出清价:  17.51 cents/kWh
[18:38:08]   市场独立度:  53.45%
[18:38:08] 
Buffer大小:   936
[18:38:08] 噪声水平: 0.0962
[18:38:08] 
动作统计:
[18:38:08]   wind      : mean= 0.206, std= 0.273
[18:38:08]   solar     : mean=-0.592, std= 0.351
[18:38:08]   diesel    : mean= 0.843, std= 0.182
[18:38:08]   battery   : mean=-0.004, std= 0.958
[18:38:08]   customer  : mean= 0.096, std= 0.107
[18:38:09] 
======================================================================
[18:38:09] Episode 30/200
[18:38:09] ======================================================================
[18:38:09] 总奖励:    63.64 | 步数: 24
[18:38:09] 最近10个episodes平均:    18.76
[18:38:09] 
各Agent奖励:
[18:38:09]   wind      :  164.471
[18:38:09]   solar     :   82.384
[18:38:09]   diesel    :    0.000
[18:38:09]   battery   :   -2.738
[18:38:09]   customer  : -180.474
[18:38:09] 
🔌 Main Grid 交易:
[18:38:09]   进口电量:     0.00 kWh
[18:38:09]   出口电量:  1846.22 kWh
[18:38:09]   净交易量: -1846.22 kWh
[18:38:09]   平均出清价:  18.04 cents/kWh
[18:38:09]   市场独立度:  48.72%
[18:38:09] 
Buffer大小:   960
[18:38:09] 噪声水平: 0.0961
[18:38:09] 
动作统计:
[18:38:09]   wind      : mean= 0.246, std= 0.235
[18:38:09]   solar     : mean=-0.669, std= 0.358
[18:38:09]   diesel    : mean= 0.844, std= 0.157
[18:38:09]   battery   : mean=-0.004, std= 0.959
[18:38:09]   customer  : mean= 0.151, std= 0.104
[18:38:09] 
📊 生成可视化图表...
[18:38:09]   ✓ debug_plots/training_ep0030.png
[18:38:10] 
======================================================================
[18:38:10] Episode 31/200
[18:38:10] ======================================================================
[18:38:10] 总奖励:    69.30 | 步数: 24
[18:38:10] 最近10个episodes平均:    31.85
[18:38:10] 
各Agent奖励:
[18:38:10]   wind      :  167.826
[18:38:10]   solar     :   85.660
[18:38:10]   diesel    :   11.415
[18:38:10]   battery   :    3.214
[18:38:10]   customer  : -198.812
[18:38:10] 
🔌 Main Grid 交易:
[18:38:10]   进口电量:    87.47 kWh
[18:38:10]   出口电量:  1449.08 kWh
[18:38:10]   净交易量: -1361.61 kWh
[18:38:10]   平均出清价:  18.49 cents/kWh
[18:38:10]   市场独立度:  57.32%
[18:38:10] 
Buffer大小:   984
[18:38:10] 噪声水平: 0.0960
[18:38:10] 
动作统计:
[18:38:10]   wind      : mean= 0.238, std= 0.298
[18:38:10]   solar     : mean=-0.645, std= 0.401
[18:38:10]   diesel    : mean= 0.819, std= 0.209
[18:38:10]   battery   : mean= 0.001, std= 0.961
[18:38:10]   customer  : mean= 0.084, std= 0.099
[18:38:11] 
======================================================================
[18:38:11] Episode 32/200
[18:38:11] ======================================================================
[18:38:11] 总奖励:    27.63 | 步数: 24
[18:38:11] 最近10个episodes平均:    44.26
[18:38:11] 
各Agent奖励:
[18:38:11]   wind      :  153.570
[18:38:11]   solar     :  103.144
[18:38:11]   diesel    :    7.140
[18:38:11]   battery   :    3.475
[18:38:11]   customer  : -239.697
[18:38:11] 
🔌 Main Grid 交易:
[18:38:11]   进口电量:   136.30 kWh
[18:38:11]   出口电量:  1157.48 kWh
[18:38:11]   净交易量: -1021.18 kWh
[18:38:11]   平均出清价:  21.23 cents/kWh
[18:38:11]   市场独立度:  64.06%
[18:38:11] 
Buffer大小:  1008
[18:38:11] 噪声水平: 0.0959
[18:38:11] 
动作统计:
[18:38:11]   wind      : mean= 0.253, std= 0.284
[18:38:11]   solar     : mean=-0.673, std= 0.391
[18:38:11]   diesel    : mean= 0.788, std= 0.241
[18:38:11]   battery   : mean=-0.001, std= 0.955
[18:38:11]   customer  : mean= 0.080, std= 0.074
[18:38:11] 
======================================================================
[18:38:11] Episode 33/200
[18:38:11] ======================================================================
[18:38:11] 总奖励:    -8.93 | 步数: 24
[18:38:11] 最近10个episodes平均:    35.94
[18:38:11] 
各Agent奖励:
[18:38:11]   wind      :  139.320
[18:38:11]   solar     :   87.267
[18:38:11]   diesel    :    0.000
[18:38:11]   battery   :   -7.763
[18:38:11]   customer  : -227.753
[18:38:11] 
🔌 Main Grid 交易:
[18:38:11]   进口电量:   281.27 kWh
[18:38:11]   出口电量:  1245.53 kWh
[18:38:11]   净交易量:  -964.26 kWh
[18:38:11]   平均出清价:  18.56 cents/kWh
[18:38:11]   市场独立度:  57.59%
[18:38:11] 
Buffer大小:  1032
[18:38:11] 噪声水平: 0.0958
[18:38:11] 
动作统计:
[18:38:11]   wind      : mean= 0.184, std= 0.317
[18:38:11]   solar     : mean=-0.687, std= 0.392
[18:38:11]   diesel    : mean= 0.765, std= 0.281
[18:38:11]   battery   : mean=-0.001, std= 0.947
[18:38:11]   customer  : mean= 0.070, std= 0.112
[18:38:12] 
======================================================================
[18:38:12] Episode 34/200
[18:38:12] ======================================================================
[18:38:12] 总奖励:    48.57 | 步数: 24
[18:38:12] 最近10个episodes平均:    36.84
[18:38:12] 
各Agent奖励:
[18:38:12]   wind      :  147.436
[18:38:12]   solar     :   83.629
[18:38:12]   diesel    :    4.447
[18:38:12]   battery   :   -6.055
[18:38:12]   customer  : -180.883
[18:38:12] 
🔌 Main Grid 交易:
[18:38:12]   进口电量:   102.40 kWh
[18:38:12]   出口电量:  1626.29 kWh
[18:38:12]   净交易量: -1523.90 kWh
[18:38:12]   平均出清价:  16.63 cents/kWh
[18:38:12]   市场独立度:  51.98%
[18:38:12] 
Buffer大小:  1056
[18:38:12] 噪声水平: 0.0957
[18:38:12] 
动作统计:
[18:38:12]   wind      : mean= 0.217, std= 0.264
[18:38:12]   solar     : mean=-0.675, std= 0.412
[18:38:12]   diesel    : mean= 0.717, std= 0.317
[18:38:12]   battery   : mean=-0.010, std= 0.971
[18:38:12]   customer  : mean= 0.071, std= 0.170
[18:38:13] 
======================================================================
[18:38:13] Episode 35/200
[18:38:13] ======================================================================
[18:38:13] 总奖励:    27.14 | 步数: 24
[18:38:13] 最近10个episodes平均:    35.84
[18:38:13] 
各Agent奖励:
[18:38:13]   wind      :  129.565
[18:38:13]   solar     :   86.736
[18:38:13]   diesel    :    7.636
[18:38:13]   battery   :   -7.670
[18:38:13]   customer  : -189.130
[18:38:13] 
🔌 Main Grid 交易:
[18:38:13]   进口电量:   162.37 kWh
[18:38:13]   出口电量:  1557.79 kWh
[18:38:13]   净交易量: -1395.42 kWh
[18:38:13]   平均出清价:  17.95 cents/kWh
[18:38:13]   市场独立度:  52.22%
[18:38:13] 
Buffer大小:  1080
[18:38:13] 噪声水平: 0.0956
[18:38:13] 
动作统计:
[18:38:13]   wind      : mean= 0.229, std= 0.289
[18:38:13]   solar     : mean=-0.663, std= 0.404
[18:38:13]   diesel    : mean= 0.712, std= 0.300
[18:38:13]   battery   : mean=-0.002, std= 0.957
[18:38:13]   customer  : mean= 0.032, std= 0.255
[18:38:14] 
======================================================================
[18:38:14] Episode 36/200
[18:38:14] ======================================================================
[18:38:14] 总奖励:    14.38 | 步数: 24
[18:38:14] 最近10个episodes平均:    30.81
[18:38:14] 
各Agent奖励:
[18:38:14]   wind      :  129.557
[18:38:14]   solar     :   94.331
[18:38:14]   diesel    :   13.052
[18:38:14]   battery   :    1.979
[18:38:14]   customer  : -224.537
[18:38:14] 
🔌 Main Grid 交易:
[18:38:14]   进口电量:   204.75 kWh
[18:38:14]   出口电量:  1156.32 kWh
[18:38:14]   净交易量:  -951.57 kWh
[18:38:14]   平均出清价:  18.84 cents/kWh
[18:38:14]   市场独立度:  62.19%
[18:38:14] 
Buffer大小:  1104
[18:38:14] 噪声水平: 0.0955
[18:38:14] 
动作统计:
[18:38:14]   wind      : mean= 0.225, std= 0.276
[18:38:14]   solar     : mean=-0.669, std= 0.452
[18:38:14]   diesel    : mean= 0.639, std= 0.384
[18:38:14]   battery   : mean= 0.001, std= 0.945
[18:38:14]   customer  : mean=-0.008, std= 0.272
[18:38:15] 
======================================================================
[18:38:15] Episode 37/200
[18:38:15] ======================================================================
[18:38:15] 总奖励:   -18.55 | 步数: 24
[18:38:15] 最近10个episodes平均:    25.85
[18:38:15] 
各Agent奖励:
[18:38:15]   wind      :   90.649
[18:38:15]   solar     :   75.148
[18:38:15]   diesel    :   15.291
[18:38:15]   battery   :   -5.806
[18:38:15]   customer  : -193.831
[18:38:15] 
🔌 Main Grid 交易:
[18:38:15]   进口电量:    91.96 kWh
[18:38:15]   出口电量:  1328.47 kWh
[18:38:15]   净交易量: -1236.50 kWh
[18:38:15]   平均出清价:  14.98 cents/kWh
[18:38:15]   市场独立度:  60.54%
[18:38:15] 
Buffer大小:  1128
[18:38:15] 噪声水平: 0.0954
[18:38:15] 
动作统计:
[18:38:15]   wind      : mean= 0.218, std= 0.281
[18:38:15]   solar     : mean=-0.676, std= 0.410
[18:38:15]   diesel    : mean= 0.543, std= 0.415
[18:38:15]   battery   : mean= 0.006, std= 0.953
[18:38:15]   customer  : mean= 0.115, std= 0.458
[18:38:16] 
======================================================================
[18:38:16] Episode 38/200
[18:38:16] ======================================================================
[18:38:16] 总奖励:   -30.89 | 步数: 24
[18:38:16] 最近10个episodes平均:    20.12
[18:38:16] 
各Agent奖励:
[18:38:16]   wind      :   71.909
[18:38:16]   solar     :   66.854
[18:38:16]   diesel    :   11.036
[18:38:16]   battery   :   -5.277
[18:38:16]   customer  : -175.414
[18:38:16] 
🔌 Main Grid 交易:
[18:38:16]   进口电量:    71.15 kWh
[18:38:16]   出口电量:  1622.39 kWh
[18:38:16]   净交易量: -1551.24 kWh
[18:38:16]   平均出清价:  12.10 cents/kWh
[18:38:16]   市场独立度:  52.96%
[18:38:16] 
Buffer大小:  1152
[18:38:16] 噪声水平: 0.0953
[18:38:16] 
动作统计:
[18:38:16]   wind      : mean= 0.208, std= 0.268
[18:38:16]   solar     : mean=-0.684, std= 0.414
[18:38:16]   diesel    : mean= 0.503, std= 0.413
[18:38:16]   battery   : mean=-0.005, std= 0.948
[18:38:16]   customer  : mean= 0.098, std= 0.518
[18:38:16] 
======================================================================
[18:38:16] Episode 39/200
[18:38:16] ======================================================================
[18:38:16] 总奖励:   -44.28 | 步数: 24
[18:38:16] 最近10个episodes平均:    14.80
[18:38:16] 
各Agent奖励:
[18:38:16]   wind      :   54.203
[18:38:16]   solar     :   83.544
[18:38:16]   diesel    :   17.554
[18:38:16]   battery   :   -9.039
[18:38:16]   customer  : -190.545
[18:38:16] 
🔌 Main Grid 交易:
[18:38:16]   进口电量:    50.54 kWh
[18:38:16]   出口电量:  1407.54 kWh
[18:38:16]   净交易量: -1357.00 kWh
[18:38:16]   平均出清价:  14.89 cents/kWh
[18:38:16]   市场独立度:  59.50%
[18:38:16] 
Buffer大小:  1176
[18:38:16] 噪声水平: 0.0952
[18:38:16] 
动作统计:
[18:38:16]   wind      : mean= 0.212, std= 0.331
[18:38:16]   solar     : mean=-0.698, std= 0.414
[18:38:16]   diesel    : mean= 0.420, std= 0.396
[18:38:16]   battery   : mean=-0.029, std= 0.948
[18:38:16]   customer  : mean= 0.106, std= 0.607
[18:38:17] 
======================================================================
[18:38:17] Episode 40/200
[18:38:17] ======================================================================
[18:38:17] 总奖励:   -91.99 | 步数: 24
[18:38:17] 最近10个episodes平均:    -0.76
[18:38:17] 
各Agent奖励:
[18:38:17]   wind      :   14.051
[18:38:17]   solar     :   41.718
[18:38:17]   diesel    :   26.531
[18:38:17]   battery   :   -8.937
[18:38:17]   customer  : -165.358
[18:38:17] 
🔌 Main Grid 交易:
[18:38:17]   进口电量:    10.61 kWh
[18:38:17]   出口电量:  1815.92 kWh
[18:38:17]   净交易量: -1805.31 kWh
[18:38:17]   平均出清价:   6.44 cents/kWh
[18:38:17]   市场独立度:  49.26%
[18:38:17] 
Buffer大小:  1200
[18:38:17] 噪声水平: 0.0951
[18:38:17] 
动作统计:
[18:38:17]   wind      : mean= 0.170, std= 0.316
[18:38:17]   solar     : mean=-0.659, std= 0.438
[18:38:17]   diesel    : mean= 0.395, std= 0.370
[18:38:17]   battery   : mean=-0.035, std= 0.924
[18:38:17]   customer  : mean= 0.144, std= 0.659
[18:38:17] 
📊 生成可视化图表...
[18:38:18]   ✓ debug_plots/training_ep0040.png
[18:38:19] 
======================================================================
[18:38:19] Episode 41/200
[18:38:19] ======================================================================
[18:38:19] 总奖励:  -133.87 | 步数: 24
[18:38:19] 最近10个episodes平均:   -21.08
[18:38:19] 
各Agent奖励:
[18:38:19]   wind      :    6.106
[18:38:19]   solar     :   32.810
[18:38:19]   diesel    :   20.385
[18:38:19]   battery   :   -5.538
[18:38:19]   customer  : -187.631
[18:38:19] 
🔌 Main Grid 交易:
[18:38:19]   进口电量:    27.40 kWh
[18:38:19]   出口电量:  1957.35 kWh
[18:38:19]   净交易量: -1929.95 kWh
[18:38:19]   平均出清价:   8.20 cents/kWh
[18:38:19]   市场独立度:  44.87%
[18:38:19] 
Buffer大小:  1224
[18:38:19] 噪声水平: 0.0950
[18:38:19] 
动作统计:
[18:38:19]   wind      : mean= 0.197, std= 0.316
[18:38:19]   solar     : mean=-0.712, std= 0.369
[18:38:19]   diesel    : mean= 0.373, std= 0.346
[18:38:19]   battery   : mean=-0.057, std= 0.896
[18:38:19]   customer  : mean= 0.172, std= 0.742
[18:38:19] 
======================================================================
[18:38:19] Episode 42/200
[18:38:19] ======================================================================
[18:38:19] 总奖励:  -107.74 | 步数: 24
[18:38:19] 最近10个episodes平均:   -34.62
[18:38:19] 
各Agent奖励:
[18:38:19]   wind      :   14.090
[18:38:19]   solar     :   36.333
[18:38:19]   diesel    :   33.528
[18:38:19]   battery   :   -2.850
[18:38:19]   customer  : -188.839
[18:38:19] 
🔌 Main Grid 交易:
[18:38:19]   进口电量:     0.00 kWh
[18:38:19]   出口电量:  1845.47 kWh
[18:38:19]   净交易量: -1845.47 kWh
[18:38:19]   平均出清价:   8.81 cents/kWh
[18:38:19]   市场独立度:  48.74%
[18:38:19] 
Buffer大小:  1248
[18:38:19] 噪声水平: 0.0949
[18:38:19] 
动作统计:
[18:38:19]   wind      : mean= 0.250, std= 0.280
[18:38:19]   solar     : mean=-0.674, std= 0.404
[18:38:19]   diesel    : mean= 0.396, std= 0.308
[18:38:19]   battery   : mean=-0.036, std= 0.923
[18:38:19]   customer  : mean= 0.129, std= 0.734
[18:38:20] 
======================================================================
[18:38:20] Episode 43/200
[18:38:20] ======================================================================
[18:38:20] 总奖励:  -126.49 | 步数: 24
[18:38:20] 最近10个episodes平均:   -46.37
[18:38:20] 
各Agent奖励:
[18:38:20]   wind      :   18.252
[18:38:20]   solar     :   18.723
[18:38:20]   diesel    :   20.572
[18:38:20]   battery   :   -5.514
[18:38:20]   customer  : -178.526
[18:38:20] 
🔌 Main Grid 交易:
[18:38:20]   进口电量:    20.28 kWh
[18:38:20]   出口电量:  2145.93 kWh
[18:38:20]   净交易量: -2125.65 kWh
[18:38:20]   平均出清价:   5.14 cents/kWh
[18:38:20]   市场独立度:  39.83%
[18:38:20] 
Buffer大小:  1272
[18:38:20] 噪声水平: 0.0948
[18:38:20] 
动作统计:
[18:38:20]   wind      : mean= 0.237, std= 0.290
[18:38:20]   solar     : mean=-0.692, std= 0.413
[18:38:20]   diesel    : mean= 0.408, std= 0.333
[18:38:20]   battery   : mean=-0.072, std= 0.885
[18:38:20]   customer  : mean= 0.204, std= 0.758
[18:38:21] 
======================================================================
[18:38:21] Episode 44/200
[18:38:21] ======================================================================
[18:38:21] 总奖励:  -125.98 | 步数: 24
[18:38:21] 最近10个episodes平均:   -63.83
[18:38:21] 
各Agent奖励:
[18:38:21]   wind      :   19.405
[18:38:21]   solar     :   24.415
[18:38:21]   diesel    :   24.381
[18:38:21]   battery   :   -2.767
[18:38:21]   customer  : -191.410
[18:38:21] 
🔌 Main Grid 交易:
[18:38:21]   进口电量:    21.58 kWh
[18:38:21]   出口电量:  2162.89 kWh
[18:38:21]   净交易量: -2141.31 kWh
[18:38:21]   平均出清价:   6.50 cents/kWh
[18:38:21]   市场独立度:  39.32%
[18:38:21] 
Buffer大小:  1296
[18:38:21] 噪声水平: 0.0947
[18:38:21] 
动作统计:
[18:38:21]   wind      : mean= 0.243, std= 0.295
[18:38:21]   solar     : mean=-0.684, std= 0.354
[18:38:21]   diesel    : mean= 0.381, std= 0.335
[18:38:21]   battery   : mean=-0.053, std= 0.872
[18:38:21]   customer  : mean= 0.179, std= 0.804
[18:38:22] 
======================================================================
[18:38:22] Episode 45/200
[18:38:22] ======================================================================
[18:38:22] 总奖励:  -138.74 | 步数: 24
[18:38:22] 最近10个episodes平均:   -80.42
[18:38:22] 
各Agent奖励:
[18:38:22]   wind      :   16.106
[18:38:22]   solar     :   18.937
[18:38:22]   diesel    :   16.543
[18:38:22]   battery   :   -9.194
[18:38:22]   customer  : -181.135
[18:38:22] 
🔌 Main Grid 交易:
[18:38:22]   进口电量:    13.68 kWh
[18:38:22]   出口电量:  1739.02 kWh
[18:38:22]   净交易量: -1725.34 kWh
[18:38:22]   平均出清价:   6.27 cents/kWh
[18:38:22]   市场独立度:  51.31%
[18:38:22] 
Buffer大小:  1320
[18:38:22] 噪声水平: 0.0946
[18:38:22] 
动作统计:
[18:38:22]   wind      : mean= 0.217, std= 0.278
[18:38:22]   solar     : mean=-0.687, std= 0.386
[18:38:22]   diesel    : mean= 0.352, std= 0.350
[18:38:22]   battery   : mean=-0.098, std= 0.861
[18:38:22]   customer  : mean= 0.238, std= 0.797
[18:38:23] 
======================================================================
[18:38:23] Episode 46/200
[18:38:23] ======================================================================
[18:38:23] 总奖励:  -123.74 | 步数: 24
[18:38:23] 最近10个episodes平均:   -94.23
[18:38:23] 
各Agent奖励:
[18:38:23]   wind      :   13.470
[18:38:23]   solar     :   27.536
[18:38:23]   diesel    :   14.005
[18:38:23]   battery   :   -2.739
[18:38:23]   customer  : -176.012
[18:38:23] 
🔌 Main Grid 交易:
[18:38:23]   进口电量:     0.00 kWh
[18:38:23]   出口电量:  1962.51 kWh
[18:38:23]   净交易量: -1962.51 kWh
[18:38:23]   平均出清价:   5.42 cents/kWh
[18:38:23]   市场独立度:  45.49%
[18:38:23] 
Buffer大小:  1344
[18:38:23] 噪声水平: 0.0946
[18:38:23] 
动作统计:
[18:38:23]   wind      : mean= 0.223, std= 0.308
[18:38:23]   solar     : mean=-0.701, std= 0.408
[18:38:23]   diesel    : mean= 0.332, std= 0.354
[18:38:23]   battery   : mean=-0.063, std= 0.862
[18:38:23]   customer  : mean= 0.216, std= 0.792
[18:38:24] 
======================================================================
[18:38:24] Episode 47/200
[18:38:24] ======================================================================
[18:38:24] 总奖励:  -144.33 | 步数: 24
[18:38:24] 最近10个episodes平均:  -106.81
[18:38:24] 
各Agent奖励:
[18:38:24]   wind      :    5.965
[18:38:24]   solar     :   20.886
[18:38:24]   diesel    :   17.560
[18:38:24]   battery   :  -11.927
[18:38:24]   customer  : -176.816
[18:38:24] 
🔌 Main Grid 交易:
[18:38:24]   进口电量:     0.00 kWh
[18:38:24]   出口电量:  2048.27 kWh
[18:38:24]   净交易量: -2048.27 kWh
[18:38:24]   平均出清价:   7.13 cents/kWh
[18:38:24]   市场独立度:  43.10%
[18:38:24] 
Buffer大小:  1368
[18:38:24] 噪声水平: 0.0945
[18:38:24] 
动作统计:
[18:38:24]   wind      : mean= 0.287, std= 0.276
[18:38:24]   solar     : mean=-0.681, std= 0.400
[18:38:24]   diesel    : mean= 0.284, std= 0.353
[18:38:24]   battery   : mean=-0.047, std= 0.846
[18:38:24]   customer  : mean= 0.237, std= 0.802
[18:38:24] 
======================================================================
[18:38:24] Episode 48/200
[18:38:24] ======================================================================
[18:38:24] 总奖励:  -125.14 | 步数: 24
[18:38:24] 最近10个episodes平均:  -116.23
[18:38:24] 
各Agent奖励:
[18:38:24]   wind      :   24.148
[18:38:24]   solar     :   22.603
[18:38:24]   diesel    :   10.646
[18:38:24]   battery   :   -1.789
[18:38:24]   customer  : -180.744
[18:38:24] 
🔌 Main Grid 交易:
[18:38:24]   进口电量:     0.00 kWh
[18:38:24]   出口电量:  1838.14 kWh
[18:38:24]   净交易量: -1838.14 kWh
[18:38:24]   平均出清价:   7.41 cents/kWh
[18:38:24]   市场独立度:  48.94%
[18:38:24] 
Buffer大小:  1392
[18:38:24] 噪声水平: 0.0944
[18:38:24] 
动作统计:
[18:38:24]   wind      : mean= 0.208, std= 0.303
[18:38:24]   solar     : mean=-0.687, std= 0.354
[18:38:24]   diesel    : mean= 0.190, std= 0.421
[18:38:24]   battery   : mean= 0.009, std= 0.827
[18:38:24]   customer  : mean= 0.205, std= 0.833
[18:38:25] 
======================================================================
[18:38:25] Episode 49/200
[18:38:25] ======================================================================
[18:38:25] 总奖励:  -118.02 | 步数: 24
[18:38:25] 最近10个episodes平均:  -123.60
[18:38:25] 
各Agent奖励:
[18:38:25]   wind      :   20.839
[18:38:25]   solar     :   23.569
[18:38:25]   diesel    :    8.267
[18:38:25]   battery   :    1.053
[18:38:25]   customer  : -171.749
[18:38:25] 
🔌 Main Grid 交易:
[18:38:25]   进口电量:     0.71 kWh
[18:38:25]   出口电量:  1755.16 kWh
[18:38:25]   净交易量: -1754.45 kWh
[18:38:25]   平均出清价:   6.91 cents/kWh
[18:38:25]   市场独立度:  51.23%
[18:38:25] 
Buffer大小:  1416
[18:38:25] 噪声水平: 0.0943
[18:38:25] 
动作统计:
[18:38:25]   wind      : mean= 0.219, std= 0.290
[18:38:25]   solar     : mean=-0.698, std= 0.347
[18:38:25]   diesel    : mean= 0.130, std= 0.463
[18:38:25]   battery   : mean= 0.030, std= 0.796
[18:38:25]   customer  : mean= 0.230, std= 0.816
[18:38:26] 
======================================================================
[18:38:26] Episode 50/200
[18:38:26] ======================================================================
[18:38:26] 总奖励:  -139.68 | 步数: 24
[18:38:26] 最近10个episodes平均:  -128.37
[18:38:26] 
各Agent奖励:
[18:38:26]   wind      :   16.825
[18:38:26]   solar     :   15.481
[18:38:26]   diesel    :   21.940
[18:38:26]   battery   :   -5.656
[18:38:26]   customer  : -188.275
[18:38:26] 
🔌 Main Grid 交易:
[18:38:26]   进口电量:     0.00 kWh
[18:38:26]   出口电量:  1997.92 kWh
[18:38:26]   净交易量: -1997.92 kWh
[18:38:26]   平均出清价:   6.86 cents/kWh
[18:38:26]   市场独立度:  44.50%
[18:38:26] 
Buffer大小:  1440
[18:38:26] 噪声水平: 0.0942
[18:38:26] 
动作统计:
[18:38:26]   wind      : mean= 0.225, std= 0.264
[18:38:26]   solar     : mean=-0.658, std= 0.388
[18:38:26]   diesel    : mean= 0.129, std= 0.484
[18:38:26]   battery   : mean= 0.038, std= 0.814
[18:38:26]   customer  : mean= 0.297, std= 0.785
[18:38:26] 
📊 生成可视化图表...
[18:38:26]   ✓ debug_plots/training_ep0050.png
[18:38:26] 💾 保存checkpoint: debug_checkpoints/debug_maddpg_20251203_183743_ep0050.pt
[18:38:27] 
======================================================================
[18:38:27] Episode 51/200
[18:38:27] ======================================================================
[18:38:27] 总奖励:  -107.68 | 步数: 24
[18:38:27] 最近10个episodes平均:  -125.75
[18:38:27] 
各Agent奖励:
[18:38:27]   wind      :   26.417
[18:38:27]   solar     :   26.866
[18:38:27]   diesel    :    8.171
[18:38:27]   battery   :   -1.048
[18:38:27]   customer  : -168.083
[18:38:27] 
🔌 Main Grid 交易:
[18:38:27]   进口电量:    14.25 kWh
[18:38:27]   出口电量:  1997.79 kWh
[18:38:27]   净交易量: -1983.54 kWh
[18:38:27]   平均出清价:   5.31 cents/kWh
[18:38:27]   市场独立度:  44.11%
[18:38:27] 
Buffer大小:  1464
[18:38:27] 噪声水平: 0.0941
[18:38:27] 
动作统计:
[18:38:27]   wind      : mean= 0.172, std= 0.285
[18:38:27]   solar     : mean=-0.683, std= 0.363
[18:38:27]   diesel    : mean= 0.074, std= 0.525
[18:38:27]   battery   : mean= 0.057, std= 0.813
[18:38:27]   customer  : mean= 0.242, std= 0.830
[18:38:28] 
======================================================================
[18:38:28] Episode 52/200
[18:38:28] ======================================================================
[18:38:28] 总奖励:  -123.75 | 步数: 24
[18:38:28] 最近10个episodes平均:  -127.35
[18:38:28] 
各Agent奖励:
[18:38:28]   wind      :   24.405
[18:38:28]   solar     :   31.317
[18:38:28]   diesel    :   17.855
[18:38:28]   battery   :   -6.343
[18:38:28]   customer  : -190.982
[18:38:28] 
🔌 Main Grid 交易:
[18:38:28]   进口电量:     0.00 kWh
[18:38:28]   出口电量:  1854.44 kWh
[18:38:28]   净交易量: -1854.44 kWh
[18:38:28]   平均出清价:   5.52 cents/kWh
[18:38:28]   市场独立度:  48.49%
[18:38:28] 
Buffer大小:  1488
[18:38:28] 噪声水平: 0.0940
[18:38:28] 
动作统计:
[18:38:28]   wind      : mean= 0.215, std= 0.307
[18:38:28]   solar     : mean=-0.700, std= 0.359
[18:38:28]   diesel    : mean= 0.033, std= 0.568
[18:38:28]   battery   : mean= 0.097, std= 0.796
[18:38:28]   customer  : mean= 0.300, std= 0.783
[18:38:29] 
======================================================================
[18:38:29] Episode 53/200
[18:38:29] ======================================================================
[18:38:29] 总奖励:  -130.71 | 步数: 24
[18:38:29] 最近10个episodes平均:  -127.78
[18:38:29] 
各Agent奖励:
[18:38:29]   wind      :   27.395
[18:38:29]   solar     :   12.689
[18:38:29]   diesel    :   11.724
[18:38:29]   battery   :   -0.674
[18:38:29]   customer  : -181.840
[18:38:29] 
🔌 Main Grid 交易:
[18:38:29]   进口电量:     0.00 kWh
[18:38:29]   出口电量:  2076.65 kWh
[18:38:29]   净交易量: -2076.65 kWh
[18:38:29]   平均出清价:   6.57 cents/kWh
[18:38:29]   市场独立度:  42.32%
[18:38:29] 
Buffer大小:  1512
[18:38:29] 噪声水平: 0.0939
[18:38:29] 
动作统计:
[18:38:29]   wind      : mean= 0.199, std= 0.280
[18:38:29]   solar     : mean=-0.674, std= 0.356
[18:38:29]   diesel    : mean= 0.033, std= 0.585
[18:38:29]   battery   : mean= 0.164, std= 0.778
[18:38:29]   customer  : mean= 0.378, std= 0.768
[18:38:30] 
======================================================================
[18:38:30] Episode 54/200
[18:38:30] ======================================================================
[18:38:30] 总奖励:  -146.49 | 步数: 24
[18:38:30] 最近10个episodes平均:  -129.83
[18:38:30] 
各Agent奖励:
[18:38:30]   wind      :   22.124
[18:38:30]   solar     :    9.097
[18:38:30]   diesel    :   15.969
[18:38:30]   battery   :   -0.711
[18:38:30]   customer  : -192.969
[18:38:30] 
🔌 Main Grid 交易:
[18:38:30]   进口电量:     5.52 kWh
[18:38:30]   出口电量:  1938.87 kWh
[18:38:30]   净交易量: -1933.35 kWh
[18:38:30]   平均出清价:   5.86 cents/kWh
[18:38:30]   市场独立度:  45.99%
[18:38:30] 
Buffer大小:  1536
[18:38:30] 噪声水平: 0.0938
[18:38:30] 
动作统计:
[18:38:30]   wind      : mean= 0.229, std= 0.286
[18:38:30]   solar     : mean=-0.702, std= 0.346
[18:38:30]   diesel    : mean=-0.002, std= 0.584
[18:38:30]   battery   : mean= 0.256, std= 0.716
[18:38:30]   customer  : mean= 0.388, std= 0.754
[18:38:31] 
======================================================================
[18:38:31] Episode 55/200
[18:38:31] ======================================================================
[18:38:31] 总奖励:  -154.72 | 步数: 24
[18:38:31] 最近10个episodes平均:  -131.43
[18:38:31] 
各Agent奖励:
[18:38:31]   wind      :    6.008
[18:38:31]   solar     :   11.873
[18:38:31]   diesel    :   23.053
[18:38:31]   battery   :   -2.964
[18:38:31]   customer  : -192.691
[18:38:31] 
🔌 Main Grid 交易:
[18:38:31]   进口电量:     0.00 kWh
[18:38:31]   出口电量:  2467.60 kWh
[18:38:31]   净交易量: -2467.60 kWh
[18:38:31]   平均出清价:   5.20 cents/kWh
[18:38:31]   市场独立度:  31.46%
[18:38:31] 
Buffer大小:  1560
[18:38:31] 噪声水平: 0.0937
[18:38:31] 
动作统计:
[18:38:31]   wind      : mean= 0.225, std= 0.285
[18:38:31]   solar     : mean=-0.697, std= 0.338
[18:38:31]   diesel    : mean= 0.021, std= 0.597
[18:38:31]   battery   : mean= 0.399, std= 0.620
[18:38:31]   customer  : mean= 0.405, std= 0.764
[18:38:32] 
======================================================================
[18:38:32] Episode 56/200
[18:38:32] ======================================================================
[18:38:32] 总奖励:  -153.26 | 步数: 24
[18:38:32] 最近10个episodes平均:  -134.38
[18:38:32] 
各Agent奖励:
[18:38:32]   wind      :   15.836
[18:38:32]   solar     :    4.326
[18:38:32]   diesel    :   17.173
[18:38:32]   battery   :    0.056
[18:38:32]   customer  : -190.646
[18:38:32] 
🔌 Main Grid 交易:
[18:38:32]   进口电量:    18.94 kWh
[18:38:32]   出口电量:  1499.18 kWh
[18:38:32]   净交易量: -1480.24 kWh
[18:38:32]   平均出清价:   4.19 cents/kWh
[18:38:32]   市场独立度:  57.83%
[18:38:32] 
Buffer大小:  1584
[18:38:32] 噪声水平: 0.0936
[18:38:32] 
动作统计:
[18:38:32]   wind      : mean= 0.233, std= 0.292
[18:38:32]   solar     : mean=-0.703, std= 0.291
[18:38:32]   diesel    : mean= 0.036, std= 0.581
[18:38:32]   battery   : mean= 0.542, std= 0.547
[18:38:32]   customer  : mean= 0.428, std= 0.720
[18:38:32] 
======================================================================
[18:38:32] Episode 57/200
[18:38:32] ======================================================================
[18:38:32] 总奖励:  -158.22 | 步数: 24
[18:38:32] 最近10个episodes平均:  -135.77
[18:38:32] 
各Agent奖励:
[18:38:32]   wind      :   15.090
[18:38:32]   solar     :    2.651
[18:38:32]   diesel    :   15.703
[18:38:32]   battery   :   -7.921
[18:38:32]   customer  : -183.742
[18:38:32] 
🔌 Main Grid 交易:
[18:38:32]   进口电量:     0.00 kWh
[18:38:32]   出口电量:  2186.41 kWh
[18:38:32]   净交易量: -2186.41 kWh
[18:38:32]   平均出清价:   4.78 cents/kWh
[18:38:32]   市场独立度:  39.27%
[18:38:32] 
Buffer大小:  1608
[18:38:32] 噪声水平: 0.0935
[18:38:32] 
动作统计:
[18:38:32]   wind      : mean= 0.226, std= 0.254
[18:38:32]   solar     : mean=-0.683, std= 0.316
[18:38:32]   diesel    : mean= 0.076, std= 0.585
[18:38:32]   battery   : mean= 0.614, std= 0.485
[18:38:32]   customer  : mean= 0.392, std= 0.799
[18:38:33] 
======================================================================
[18:38:33] Episode 58/200
[18:38:33] ======================================================================
[18:38:33] 总奖励:  -150.46 | 步数: 24
[18:38:33] 最近10个episodes平均:  -138.30
[18:38:33] 
各Agent奖励:
[18:38:33]   wind      :   21.278
[18:38:33]   solar     :    7.628
[18:38:33]   diesel    :   31.055
[18:38:33]   battery   :   -1.451
[18:38:33]   customer  : -208.968
[18:38:33] 
🔌 Main Grid 交易:
[18:38:33]   进口电量:     2.69 kWh
[18:38:33]   出口电量:  1883.89 kWh
[18:38:33]   净交易量: -1881.20 kWh
[18:38:33]   平均出清价:   5.10 cents/kWh
[18:38:33]   市场独立度:  47.60%
[18:38:33] 
Buffer大小:  1632
[18:38:33] 噪声水平: 0.0934
[18:38:33] 
动作统计:
[18:38:33]   wind      : mean= 0.247, std= 0.257
[18:38:33]   solar     : mean=-0.673, std= 0.344
[18:38:33]   diesel    : mean= 0.113, std= 0.608
[18:38:33]   battery   : mean= 0.641, std= 0.424
[18:38:33]   customer  : mean= 0.401, std= 0.747
[18:38:34] 
======================================================================
[18:38:34] Episode 59/200
[18:38:34] ======================================================================
[18:38:34] 总奖励:  -173.46 | 步数: 24
[18:38:34] 最近10个episodes平均:  -143.84
[18:38:34] 
各Agent奖励:
[18:38:34]   wind      :    7.641
[18:38:34]   solar     :    5.410
[18:38:34]   diesel    :   22.726
[18:38:34]   battery   :   -3.226
[18:38:34]   customer  : -206.011
[18:38:34] 
🔌 Main Grid 交易:
[18:38:34]   进口电量:     1.08 kWh
[18:38:34]   出口电量:  1839.55 kWh
[18:38:34]   净交易量: -1838.47 kWh
[18:38:34]   平均出清价:   7.02 cents/kWh
[18:38:34]   市场独立度:  48.87%
[18:38:34] 
Buffer大小:  1656
[18:38:34] 噪声水平: 0.0933
[18:38:34] 
动作统计:
[18:38:34]   wind      : mean= 0.258, std= 0.244
[18:38:34]   solar     : mean=-0.660, std= 0.343
[18:38:34]   diesel    : mean= 0.117, std= 0.611
[18:38:34]   battery   : mean= 0.612, std= 0.411
[18:38:34]   customer  : mean= 0.446, std= 0.755
[18:38:35] 
======================================================================
[18:38:35] Episode 60/200
[18:38:35] ======================================================================
[18:38:35] 总奖励:  -163.82 | 步数: 24
[18:38:35] 最近10个episodes平均:  -146.25
[18:38:35] 
各Agent奖励:
[18:38:35]   wind      :   13.179
[18:38:35]   solar     :    0.365
[18:38:35]   diesel    :    6.905
[18:38:35]   battery   :   -1.668
[18:38:35]   customer  : -182.597
[18:38:35] 
🔌 Main Grid 交易:
[18:38:35]   进口电量:     0.00 kWh
[18:38:35]   出口电量:  2123.46 kWh
[18:38:35]   净交易量: -2123.46 kWh
[18:38:35]   平均出清价:   1.76 cents/kWh
[18:38:35]   市场独立度:  41.02%
[18:38:35] 
Buffer大小:  1680
[18:38:35] 噪声水平: 0.0932
[18:38:35] 
动作统计:
[18:38:35]   wind      : mean= 0.272, std= 0.235
[18:38:35]   solar     : mean=-0.683, std= 0.332
[18:38:35]   diesel    : mean= 0.110, std= 0.637
[18:38:35]   battery   : mean= 0.630, std= 0.355
[18:38:35]   customer  : mean= 0.463, std= 0.765
[18:38:35] 
📊 生成可视化图表...
[18:38:35]   ✓ debug_plots/training_ep0060.png
[18:38:36] 
======================================================================
[18:38:36] Episode 61/200
[18:38:36] ======================================================================
[18:38:36] 总奖励:  -166.43 | 步数: 24
[18:38:36] 最近10个episodes平均:  -152.13
[18:38:36] 
各Agent奖励:
[18:38:36]   wind      :   12.881
[18:38:36]   solar     :    2.236
[18:38:36]   diesel    :   18.629
[18:38:36]   battery   :   -1.750
[18:38:36]   customer  : -198.427
[18:38:36] 
🔌 Main Grid 交易:
[18:38:36]   进口电量:     7.64 kWh
[18:38:36]   出口电量:  1704.89 kWh
[18:38:36]   净交易量: -1697.25 kWh
[18:38:36]   平均出清价:   4.54 cents/kWh
[18:38:36]   市场独立度:  52.43%
[18:38:36] 
Buffer大小:  1704
[18:38:36] 噪声水平: 0.0931
[18:38:36] 
动作统计:
[18:38:36]   wind      : mean= 0.271, std= 0.209
[18:38:36]   solar     : mean=-0.687, std= 0.331
[18:38:36]   diesel    : mean= 0.115, std= 0.629
[18:38:36]   battery   : mean= 0.576, std= 0.391
[18:38:36]   customer  : mean= 0.457, std= 0.763
[18:38:37] 
======================================================================
[18:38:37] Episode 62/200
[18:38:37] ======================================================================
[18:38:37] 总奖励:  -145.60 | 步数: 24
[18:38:37] 最近10个episodes平均:  -154.32
[18:38:37] 
各Agent奖励:
[18:38:37]   wind      :   21.020
[18:38:37]   solar     :    6.061
[18:38:37]   diesel    :   12.726
[18:38:37]   battery   :   -0.035
[18:38:37]   customer  : -185.374
[18:38:37] 
🔌 Main Grid 交易:
[18:38:37]   进口电量:     1.93 kWh
[18:38:37]   出口电量:  2077.91 kWh
[18:38:37]   净交易量: -2075.98 kWh
[18:38:37]   平均出清价:   6.92 cents/kWh
[18:38:37]   市场独立度:  42.23%
[18:38:37] 
Buffer大小:  1728
[18:38:37] 噪声水平: 0.0930
[18:38:37] 
动作统计:
[18:38:37]   wind      : mean= 0.234, std= 0.182
[18:38:37]   solar     : mean=-0.630, std= 0.327
[18:38:37]   diesel    : mean= 0.135, std= 0.636
[18:38:37]   battery   : mean= 0.565, std= 0.401
[18:38:37]   customer  : mean= 0.409, std= 0.764
[18:38:38] 
======================================================================
[18:38:38] Episode 63/200
[18:38:38] ======================================================================
[18:38:38] 总奖励:  -161.35 | 步数: 24
[18:38:38] 最近10个episodes平均:  -157.38
[18:38:38] 
各Agent奖励:
[18:38:38]   wind      :   10.406
[18:38:38]   solar     :   10.489
[18:38:38]   diesel    :   13.281
[18:38:38]   battery   :    0.000
[18:38:38]   customer  : -195.529
[18:38:38] 
🔌 Main Grid 交易:
[18:38:38]   进口电量:    17.49 kWh
[18:38:38]   出口电量:  1970.88 kWh
[18:38:38]   净交易量: -1953.39 kWh
[18:38:38]   平均出清价:   7.26 cents/kWh
[18:38:38]   市场独立度:  44.77%
[18:38:38] 
Buffer大小:  1752
[18:38:38] 噪声水平: 0.0930
[18:38:38] 
动作统计:
[18:38:38]   wind      : mean= 0.240, std= 0.220
[18:38:38]   solar     : mean=-0.576, std= 0.398
[18:38:38]   diesel    : mean= 0.120, std= 0.657
[18:38:38]   battery   : mean= 0.573, std= 0.391
[18:38:38]   customer  : mean= 0.448, std= 0.753
[18:38:39] 
======================================================================
[18:38:39] Episode 64/200
[18:38:39] ======================================================================
[18:38:39] 总奖励:  -146.64 | 步数: 24
[18:38:39] 最近10个episodes平均:  -157.40
[18:38:39] 
各Agent奖励:
[18:38:39]   wind      :   23.031
[18:38:39]   solar     :    4.397
[18:38:39]   diesel    :   11.960
[18:38:39]   battery   :    0.000
[18:38:39]   customer  : -186.026
[18:38:39] 
🔌 Main Grid 交易:
[18:38:39]   进口电量:     7.35 kWh
[18:38:39]   出口电量:  2050.62 kWh
[18:38:39]   净交易量: -2043.28 kWh
[18:38:39]   平均出清价:   5.85 cents/kWh
[18:38:39]   市场独立度:  42.83%
[18:38:39] 
Buffer大小:  1776
[18:38:39] 噪声水平: 0.0929
[18:38:39] 
动作统计:
[18:38:39]   wind      : mean= 0.250, std= 0.220
[18:38:39]   solar     : mean=-0.572, std= 0.378
[18:38:39]   diesel    : mean= 0.119, std= 0.620
[18:38:39]   battery   : mean= 0.554, std= 0.405
[18:38:39]   customer  : mean= 0.410, std= 0.787
[18:38:39] 
======================================================================
[18:38:39] Episode 65/200
[18:38:39] ======================================================================
[18:38:39] 总奖励:  -156.69 | 步数: 24
[18:38:39] 最近10个episodes平均:  -157.59
[18:38:39] 
各Agent奖励:
[18:38:39]   wind      :   20.787
[18:38:39]   solar     :    4.260
[18:38:39]   diesel    :   19.780
[18:38:39]   battery   :    0.000
[18:38:39]   customer  : -201.519
[18:38:39] 
🔌 Main Grid 交易:
[18:38:39]   进口电量:    11.49 kWh
[18:38:39]   出口电量:  1848.85 kWh
[18:38:39]   净交易量: -1837.36 kWh
[18:38:39]   平均出清价:   7.29 cents/kWh
[18:38:39]   市场独立度:  48.32%
[18:38:39] 
Buffer大小:  1800
[18:38:39] 噪声水平: 0.0928
[18:38:39] 
动作统计:
[18:38:39]   wind      : mean= 0.235, std= 0.176
[18:38:39]   solar     : mean=-0.548, std= 0.386
[18:38:39]   diesel    : mean= 0.111, std= 0.672
[18:38:39]   battery   : mean= 0.505, std= 0.441
[18:38:39]   customer  : mean= 0.477, std= 0.725
[18:38:40] 
======================================================================
[18:38:40] Episode 66/200
[18:38:40] ======================================================================
[18:38:40] 总奖励:  -158.56 | 步数: 24
[18:38:40] 最近10个episodes平均:  -158.12
[18:38:40] 
各Agent奖励:
[18:38:40]   wind      :   13.047
[18:38:40]   solar     :    7.562
[18:38:40]   diesel    :   14.488
[18:38:40]   battery   :    0.000
[18:38:40]   customer  : -193.657
[18:38:40] 
🔌 Main Grid 交易:
[18:38:40]   进口电量:     6.04 kWh
[18:38:40]   出口电量:  1919.60 kWh
[18:38:40]   净交易量: -1913.56 kWh
[18:38:40]   平均出清价:   8.09 cents/kWh
[18:38:40]   市场独立度:  46.51%
[18:38:40] 
Buffer大小:  1824
[18:38:40] 噪声水平: 0.0927
[18:38:40] 
动作统计:
[18:38:40]   wind      : mean= 0.293, std= 0.199
[18:38:40]   solar     : mean=-0.511, std= 0.396
[18:38:40]   diesel    : mean= 0.109, std= 0.665
[18:38:40]   battery   : mean= 0.485, std= 0.472
[18:38:40]   customer  : mean= 0.416, std= 0.775
[18:38:41] 
======================================================================
[18:38:41] Episode 67/200
[18:38:41] ======================================================================
[18:38:41] 总奖励:  -143.73 | 步数: 24
[18:38:41] 最近10个episodes平均:  -156.67
[18:38:41] 
各Agent奖励:
[18:38:41]   wind      :   17.636
[18:38:41]   solar     :   15.308
[18:38:41]   diesel    :    6.063
[18:38:41]   battery   :    0.000
[18:38:41]   customer  : -182.738
[18:38:41] 
🔌 Main Grid 交易:
[18:38:41]   进口电量:     0.00 kWh
[18:38:41]   出口电量:  2026.39 kWh
[18:38:41]   净交易量: -2026.39 kWh
[18:38:41]   平均出清价:   8.21 cents/kWh
[18:38:41]   市场独立度:  43.71%
[18:38:41] 
Buffer大小:  1848
[18:38:41] 噪声水平: 0.0926
[18:38:41] 
动作统计:
[18:38:41]   wind      : mean= 0.248, std= 0.192
[18:38:41]   solar     : mean=-0.564, std= 0.398
[18:38:41]   diesel    : mean= 0.123, std= 0.671
[18:38:41]   battery   : mean= 0.476, std= 0.485
[18:38:41]   customer  : mean= 0.452, std= 0.698
[18:38:42] 
======================================================================
[18:38:42] Episode 68/200
[18:38:42] ======================================================================
[18:38:42] 总奖励:  -139.59 | 步数: 24
[18:38:42] 最近10个episodes平均:  -155.59
[18:38:42] 
各Agent奖励:
[18:38:42]   wind      :   25.954
[18:38:42]   solar     :    6.605
[18:38:42]   diesel    :   12.484
[18:38:42]   battery   :   -0.118
[18:38:42]   customer  : -184.516
[18:38:42] 
🔌 Main Grid 交易:
[18:38:42]   进口电量:     0.00 kWh
[18:38:42]   出口电量:  1978.83 kWh
[18:38:42]   净交易量: -1978.83 kWh
[18:38:42]   平均出清价:   6.66 cents/kWh
[18:38:42]   市场独立度:  45.03%
[18:38:42] 
Buffer大小:  1872
[18:38:42] 噪声水平: 0.0925
[18:38:42] 
动作统计:
[18:38:42]   wind      : mean= 0.229, std= 0.197
[18:38:42]   solar     : mean=-0.543, std= 0.375
[18:38:42]   diesel    : mean= 0.143, std= 0.694
[18:38:42]   battery   : mean= 0.433, std= 0.502
[18:38:42]   customer  : mean= 0.435, std= 0.695
[18:38:43] 
======================================================================
[18:38:43] Episode 69/200
[18:38:43] ======================================================================
[18:38:43] 总奖励:  -150.03 | 步数: 24
[18:38:43] 最近10个episodes平均:  -153.24
[18:38:43] 
各Agent奖励:
[18:38:43]   wind      :   18.447
[18:38:43]   solar     :    6.390
[18:38:43]   diesel    :   16.902
[18:38:43]   battery   :   -0.391
[18:38:43]   customer  : -191.376
[18:38:43] 
🔌 Main Grid 交易:
[18:38:43]   进口电量:     0.00 kWh
[18:38:43]   出口电量:  2017.29 kWh
[18:38:43]   净交易量: -2017.29 kWh
[18:38:43]   平均出清价:   7.13 cents/kWh
[18:38:43]   市场独立度:  43.96%
[18:38:43] 
Buffer大小:  1896
[18:38:43] 噪声水平: 0.0924
[18:38:43] 
动作统计:
[18:38:43]   wind      : mean= 0.274, std= 0.199
[18:38:43]   solar     : mean=-0.501, std= 0.420
[18:38:43]   diesel    : mean= 0.122, std= 0.678
[18:38:43]   battery   : mean= 0.455, std= 0.500
[18:38:43]   customer  : mean= 0.452, std= 0.722
[18:38:44] 
======================================================================
[18:38:44] Episode 70/200
[18:38:44] ======================================================================
[18:38:44] 总奖励:  -137.86 | 步数: 24
[18:38:44] 最近10个episodes平均:  -150.65
[18:38:44] 
各Agent奖励:
[18:38:44]   wind      :   18.792
[18:38:44]   solar     :   17.324
[18:38:44]   diesel    :    5.251
[18:38:44]   battery   :    0.000
[18:38:44]   customer  : -179.230
[18:38:44] 
🔌 Main Grid 交易:
[18:38:44]   进口电量:     0.00 kWh
[18:38:44]   出口电量:  2176.16 kWh
[18:38:44]   净交易量: -2176.16 kWh
[18:38:44]   平均出清价:   8.70 cents/kWh
[18:38:44]   市场独立度:  39.55%
[18:38:44] 
Buffer大小:  1920
[18:38:44] 噪声水平: 0.0923
[18:38:44] 
动作统计:
[18:38:44]   wind      : mean= 0.270, std= 0.174
[18:38:44]   solar     : mean=-0.520, std= 0.390
[18:38:44]   diesel    : mean= 0.168, std= 0.686
[18:38:44]   battery   : mean= 0.464, std= 0.489
[18:38:44]   customer  : mean= 0.487, std= 0.665
[18:38:44] 
📊 生成可视化图表...
[18:38:44]   ✓ debug_plots/training_ep0070.png
[18:38:45] 
======================================================================
[18:38:45] Episode 71/200
[18:38:45] ======================================================================
[18:38:45] 总奖励:  -138.53 | 步数: 24
[18:38:45] 最近10个episodes平均:  -147.86
[18:38:45] 
各Agent奖励:
[18:38:45]   wind      :   21.903
[18:38:45]   solar     :   10.001
[18:38:45]   diesel    :    5.803
[18:38:45]   battery   :    0.000
[18:38:45]   customer  : -176.240
[18:38:45] 
🔌 Main Grid 交易:
[18:38:45]   进口电量:    16.15 kWh
[18:38:45]   出口电量:  2114.69 kWh
[18:38:45]   净交易量: -2098.54 kWh
[18:38:45]   平均出清价:   7.47 cents/kWh
[18:38:45]   市场独立度:  40.81%
[18:38:45] 
Buffer大小:  1944
[18:38:45] 噪声水平: 0.0922
[18:38:45] 
动作统计:
[18:38:45]   wind      : mean= 0.226, std= 0.224
[18:38:45]   solar     : mean=-0.447, std= 0.452
[18:38:45]   diesel    : mean= 0.144, std= 0.666
[18:38:45]   battery   : mean= 0.467, std= 0.482
[18:38:45]   customer  : mean= 0.496, std= 0.650
[18:38:46] 
======================================================================
[18:38:46] Episode 72/200
[18:38:46] ======================================================================
[18:38:46] 总奖励:  -148.14 | 步数: 24
[18:38:46] 最近10个episodes平均:  -148.11
[18:38:46] 
各Agent奖励:
[18:38:46]   wind      :   23.362
[18:38:46]   solar     :    5.504
[18:38:46]   diesel    :   13.501
[18:38:46]   battery   :    0.000
[18:38:46]   customer  : -190.508
[18:38:46] 
🔌 Main Grid 交易:
[18:38:46]   进口电量:    20.23 kWh
[18:38:46]   出口电量:  1774.30 kWh
[18:38:46]   净交易量: -1754.07 kWh
[18:38:46]   平均出清价:   9.14 cents/kWh
[18:38:46]   市场独立度:  50.15%
[18:38:46] 
Buffer大小:  1968
[18:38:46] 噪声水平: 0.0921
[18:38:46] 
动作统计:
[18:38:46]   wind      : mean= 0.269, std= 0.191
[18:38:46]   solar     : mean=-0.425, std= 0.458
[18:38:46]   diesel    : mean= 0.169, std= 0.683
[18:38:46]   battery   : mean= 0.477, std= 0.466
[18:38:46]   customer  : mean= 0.527, std= 0.594
[18:38:47] 
======================================================================
[18:38:47] Episode 73/200
[18:38:47] ======================================================================
[18:38:47] 总奖励:  -163.24 | 步数: 24
[18:38:47] 最近10个episodes平均:  -148.30
[18:38:47] 
各Agent奖励:
[18:38:47]   wind      :    6.684
[18:38:47]   solar     :   13.335
[18:38:47]   diesel    :   16.848
[18:38:47]   battery   :   -0.070
[18:38:47]   customer  : -200.037
[18:38:47] 
🔌 Main Grid 交易:
[18:38:47]   进口电量:     0.00 kWh
[18:38:47]   出口电量:  1997.99 kWh
[18:38:47]   净交易量: -1997.99 kWh
[18:38:47]   平均出清价:   9.46 cents/kWh
[18:38:47]   市场独立度:  44.50%
[18:38:47] 
Buffer大小:  1992
[18:38:47] 噪声水平: 0.0920
[18:38:47] 
动作统计:
[18:38:47]   wind      : mean= 0.288, std= 0.220
[18:38:47]   solar     : mean=-0.397, std= 0.437
[18:38:47]   diesel    : mean= 0.147, std= 0.671
[18:38:47]   battery   : mean= 0.483, std= 0.491
[18:38:47]   customer  : mean= 0.560, std= 0.643
[18:38:48] 
======================================================================
[18:38:48] Episode 74/200
[18:38:48] ======================================================================
[18:38:48] 总奖励:  -141.68 | 步数: 24
[18:38:48] 最近10个episodes平均:  -147.81
[18:38:48] 
各Agent奖励:
[18:38:48]   wind      :   18.044
[18:38:48]   solar     :   16.177
[18:38:48]   diesel    :    1.427
[18:38:48]   battery   :    0.000
[18:38:48]   customer  : -177.328
[18:38:48] 
🔌 Main Grid 交易:
[18:38:48]   进口电量:     1.89 kWh
[18:38:48]   出口电量:  2280.16 kWh
[18:38:48]   净交易量: -2278.28 kWh
[18:38:48]   平均出清价:   9.58 cents/kWh
[18:38:48]   市场独立度:  36.61%
[18:38:48] 
Buffer大小:  2016
[18:38:48] 噪声水平: 0.0919
[18:38:48] 
动作统计:
[18:38:48]   wind      : mean= 0.229, std= 0.223
[18:38:48]   solar     : mean=-0.390, std= 0.469
[18:38:48]   diesel    : mean= 0.142, std= 0.690
[18:38:48]   battery   : mean= 0.469, std= 0.482
[18:38:48]   customer  : mean= 0.541, std= 0.644
[18:38:49] 
======================================================================
[18:38:49] Episode 75/200
[18:38:49] ======================================================================
[18:38:49] 总奖励:  -159.21 | 步数: 24
[18:38:49] 最近10个episodes平均:  -148.06
[18:38:49] 
各Agent奖励:
[18:38:49]   wind      :   10.043
[18:38:49]   solar     :   16.994
[18:38:49]   diesel    :    9.746
[18:38:49]   battery   :   -0.417
[18:38:49]   customer  : -195.575
[18:38:49] 
🔌 Main Grid 交易:
[18:38:49]   进口电量:     0.00 kWh
[18:38:49]   出口电量:  1805.52 kWh
[18:38:49]   净交易量: -1805.52 kWh
[18:38:49]   平均出清价:   8.26 cents/kWh
[18:38:49]   市场独立度:  49.85%
[18:38:49] 
Buffer大小:  2040
[18:38:49] 噪声水平: 0.0918
[18:38:49] 
动作统计:
[18:38:49]   wind      : mean= 0.247, std= 0.202
[18:38:49]   solar     : mean=-0.386, std= 0.485
[18:38:49]   diesel    : mean= 0.121, std= 0.680
[18:38:49]   battery   : mean= 0.463, std= 0.486
[18:38:49]   customer  : mean= 0.575, std= 0.654
[18:38:50] 
======================================================================
[18:38:50] Episode 76/200
[18:38:50] ======================================================================
[18:38:50] 总奖励:  -151.70 | 步数: 24
[18:38:50] 最近10个episodes平均:  -147.37
[18:38:50] 
各Agent奖励:
[18:38:50]   wind      :   14.059
[18:38:50]   solar     :   13.158
[18:38:50]   diesel    :    7.706
[18:38:50]   battery   :   -1.313
[18:38:50]   customer  : -185.309
[18:38:50] 
🔌 Main Grid 交易:
[18:38:50]   进口电量:     0.00 kWh
[18:38:50]   出口电量:  2010.24 kWh
[18:38:50]   净交易量: -2010.24 kWh
[18:38:50]   平均出清价:   7.40 cents/kWh
[18:38:50]   市场独立度:  44.16%
[18:38:50] 
Buffer大小:  2064
[18:38:50] 噪声水平: 0.0918
[18:38:50] 
动作统计:
[18:38:50]   wind      : mean= 0.225, std= 0.204
[18:38:50]   solar     : mean=-0.403, std= 0.478
[18:38:50]   diesel    : mean= 0.133, std= 0.678
[18:38:50]   battery   : mean= 0.477, std= 0.484
[18:38:50]   customer  : mean= 0.611, std= 0.620
[18:38:50] 
======================================================================
[18:38:50] Episode 77/200
[18:38:50] ======================================================================
[18:38:50] 总奖励:  -161.81 | 步数: 24
[18:38:50] 最近10个episodes平均:  -149.18
[18:38:50] 
各Agent奖励:
[18:38:50]   wind      :    6.318
[18:38:50]   solar     :   12.228
[18:38:50]   diesel    :    9.202
[18:38:50]   battery   :    0.000
[18:38:50]   customer  : -189.562
[18:38:50] 
🔌 Main Grid 交易:
[18:38:50]   进口电量:     0.00 kWh
[18:38:50]   出口电量:  1928.49 kWh
[18:38:50]   净交易量: -1928.49 kWh
[18:38:50]   平均出清价:   8.57 cents/kWh
[18:38:50]   市场独立度:  46.43%
[18:38:50] 
Buffer大小:  2088
[18:38:50] 噪声水平: 0.0917
[18:38:50] 
动作统计:
[18:38:50]   wind      : mean= 0.268, std= 0.186
[18:38:50]   solar     : mean=-0.388, std= 0.498
[18:38:50]   diesel    : mean= 0.122, std= 0.670
[18:38:50]   battery   : mean= 0.445, std= 0.512
[18:38:50]   customer  : mean= 0.609, std= 0.598
[18:38:51] 
======================================================================
[18:38:51] Episode 78/200
[18:38:51] ======================================================================
[18:38:51] 总奖励:  -144.54 | 步数: 24
[18:38:51] 最近10个episodes平均:  -149.67
[18:38:51] 
各Agent奖励:
[18:38:51]   wind      :    6.997
[18:38:51]   solar     :   21.067
[18:38:51]   diesel    :    2.843
[18:38:51]   battery   :   -0.831
[18:38:51]   customer  : -174.611
[18:38:51] 
🔌 Main Grid 交易:
[18:38:51]   进口电量:     0.53 kWh
[18:38:51]   出口电量:  2247.70 kWh
[18:38:51]   净交易量: -2247.17 kWh
[18:38:51]   平均出清价:   7.58 cents/kWh
[18:38:51]   市场独立度:  37.55%
[18:38:51] 
Buffer大小:  2112
[18:38:51] 噪声水平: 0.0916
[18:38:51] 
动作统计:
[18:38:51]   wind      : mean= 0.241, std= 0.233
[18:38:51]   solar     : mean=-0.373, std= 0.434
[18:38:51]   diesel    : mean= 0.169, std= 0.678
[18:38:51]   battery   : mean= 0.412, std= 0.540
[18:38:51]   customer  : mean= 0.617, std= 0.538
[18:38:53] 
======================================================================
[18:38:53] Episode 79/200
[18:38:53] ======================================================================
[18:38:53] 总奖励:  -153.47 | 步数: 24
[18:38:53] 最近10个episodes平均:  -150.02
[18:38:53] 
各Agent奖励:
[18:38:53]   wind      :    9.176
[18:38:53]   solar     :   17.729
[18:38:53]   diesel    :    0.492
[18:38:53]   battery   :   -0.006
[18:38:53]   customer  : -180.859
[18:38:53] 
🔌 Main Grid 交易:
[18:38:53]   进口电量:     0.00 kWh
[18:38:53]   出口电量:  2033.70 kWh
[18:38:53]   净交易量: -2033.70 kWh
[18:38:53]   平均出清价:   7.46 cents/kWh
[18:38:53]   市场独立度:  43.51%
[18:38:53] 
Buffer大小:  2136
[18:38:53] 噪声水平: 0.0915
[18:38:53] 
动作统计:
[18:38:53]   wind      : mean= 0.236, std= 0.202
[18:38:53]   solar     : mean=-0.336, std= 0.487
[18:38:53]   diesel    : mean= 0.165, std= 0.681
[18:38:53]   battery   : mean= 0.435, std= 0.527
[18:38:53]   customer  : mean= 0.754, std= 0.271
[18:38:54] 
======================================================================
[18:38:54] Episode 80/200
[18:38:54] ======================================================================
[18:38:54] 总奖励:  -141.44 | 步数: 24
[18:38:54] 最近10个episodes平均:  -150.38
[18:38:54] 
各Agent奖励:
[18:38:54]   wind      :   15.812
[18:38:54]   solar     :   17.980
[18:38:54]   diesel    :    3.678
[18:38:54]   battery   :   -0.876
[18:38:54]   customer  : -178.030
[18:38:54] 
🔌 Main Grid 交易:
[18:38:54]   进口电量:     0.00 kWh
[18:38:54]   出口电量:  2100.39 kWh
[18:38:54]   净交易量: -2100.39 kWh
[18:38:54]   平均出清价:   8.10 cents/kWh
[18:38:54]   市场独立度:  41.66%
[18:38:54] 
Buffer大小:  2160
[18:38:54] 噪声水平: 0.0914
[18:38:54] 
动作统计:
[18:38:54]   wind      : mean= 0.255, std= 0.203
[18:38:54]   solar     : mean=-0.357, std= 0.504
[18:38:54]   diesel    : mean= 0.149, std= 0.671
[18:38:54]   battery   : mean= 0.433, std= 0.527
[18:38:54]   customer  : mean= 0.643, std= 0.486
[18:38:54] 
📊 生成可视化图表...
[18:38:54]   ✓ debug_plots/training_ep0080.png
[18:38:55] 
======================================================================
[18:38:55] Episode 81/200
[18:38:55] ======================================================================
[18:38:55] 总奖励:  -133.80 | 步数: 24
[18:38:55] 最近10个episodes平均:  -149.90
[18:38:55] 
各Agent奖励:
[18:38:55]   wind      :   30.499
[18:38:55]   solar     :   18.458
[18:38:55]   diesel    :    0.110
[18:38:55]   battery   :    0.000
[18:38:55]   customer  : -182.864
[18:38:55] 
🔌 Main Grid 交易:
[18:38:55]   进口电量:     0.00 kWh
[18:38:55]   出口电量:  2472.25 kWh
[18:38:55]   净交易量: -2472.25 kWh
[18:38:55]   平均出清价:   8.95 cents/kWh
[18:38:55]   市场独立度:  31.33%
[18:38:55] 
Buffer大小:  2184
[18:38:55] 噪声水平: 0.0913
[18:38:55] 
动作统计:
[18:38:55]   wind      : mean= 0.247, std= 0.209
[18:38:55]   solar     : mean=-0.343, std= 0.512
[18:38:55]   diesel    : mean= 0.142, std= 0.660
[18:38:55]   battery   : mean= 0.471, std= 0.505
[18:38:55]   customer  : mean= 0.705, std= 0.382
[18:38:56] 
======================================================================
[18:38:56] Episode 82/200
[18:38:56] ======================================================================
[18:38:56] 总奖励:  -146.98 | 步数: 24
[18:38:56] 最近10个episodes平均:  -149.79
[18:38:56] 
各Agent奖励:
[18:38:56]   wind      :   19.376
[18:38:56]   solar     :   13.363
[18:38:56]   diesel    :    6.174
[18:38:56]   battery   :   -0.004
[18:38:56]   customer  : -185.889
[18:38:56] 
🔌 Main Grid 交易:
[18:38:56]   进口电量:     0.00 kWh
[18:38:56]   出口电量:  1886.80 kWh
[18:38:56]   净交易量: -1886.80 kWh
[18:38:56]   平均出清价:   7.74 cents/kWh
[18:38:56]   市场独立度:  47.59%
[18:38:56] 
Buffer大小:  2208
[18:38:56] 噪声水平: 0.0912
[18:38:56] 
动作统计:
[18:38:56]   wind      : mean= 0.248, std= 0.216
[18:38:56]   solar     : mean=-0.283, std= 0.539
[18:38:56]   diesel    : mean= 0.162, std= 0.630
[18:38:56]   battery   : mean= 0.479, std= 0.505
[18:38:56]   customer  : mean= 0.697, std= 0.288
[18:38:57] 
======================================================================
[18:38:57] Episode 83/200
[18:38:57] ======================================================================
[18:38:57] 总奖励:  -142.33 | 步数: 24
[18:38:57] 最近10个episodes平均:  -147.69
[18:38:57] 
各Agent奖励:
[18:38:57]   wind      :   27.210
[18:38:57]   solar     :   12.047
[18:38:57]   diesel    :   -0.923
[18:38:57]   battery   :   -0.772
[18:38:57]   customer  : -179.889
[18:38:57] 
🔌 Main Grid 交易:
[18:38:57]   进口电量:    18.88 kWh
[18:38:57]   出口电量:  1910.29 kWh
[18:38:57]   净交易量: -1891.41 kWh
[18:38:57]   平均出清价:   6.90 cents/kWh
[18:38:57]   市场独立度:  46.41%
[18:38:57] 
Buffer大小:  2232
[18:38:57] 噪声水平: 0.0911
[18:38:57] 
动作统计:
[18:38:57]   wind      : mean= 0.287, std= 0.170
[18:38:57]   solar     : mean=-0.349, std= 0.482
[18:38:57]   diesel    : mean= 0.156, std= 0.622
[18:38:57]   battery   : mean= 0.513, std= 0.508
[18:38:57]   customer  : mean= 0.762, std= 0.166
[18:38:58] 
======================================================================
[18:38:58] Episode 84/200
[18:38:58] ======================================================================
[18:38:58] 总奖励:  -147.23 | 步数: 24
[18:38:58] 最近10个episodes平均:  -148.25
[18:38:58] 
各Agent奖励:
[18:38:58]   wind      :   18.556
[18:38:58]   solar     :   13.854
[18:38:58]   diesel    :    5.221
[18:38:58]   battery   :    0.000
[18:38:58]   customer  : -184.859
[18:38:58] 
🔌 Main Grid 交易:
[18:38:58]   进口电量:     0.00 kWh
[18:38:58]   出口电量:  2064.83 kWh
[18:38:58]   净交易量: -2064.83 kWh
[18:38:58]   平均出清价:   8.98 cents/kWh
[18:38:58]   市场独立度:  42.64%
[18:38:58] 
Buffer大小:  2256
[18:38:58] 噪声水平: 0.0910
[18:38:58] 
动作统计:
[18:38:58]   wind      : mean= 0.290, std= 0.173
[18:38:58]   solar     : mean=-0.351, std= 0.416
[18:38:58]   diesel    : mean= 0.170, std= 0.597
[18:38:58]   battery   : mean= 0.531, std= 0.464
[18:38:58]   customer  : mean= 0.739, std= 0.194
[18:38:58] 
======================================================================
[18:38:58] Episode 85/200
[18:38:58] ======================================================================
[18:38:58] 总奖励:  -138.10 | 步数: 24
[18:38:58] 最近10个episodes平均:  -146.14
[18:38:58] 
各Agent奖励:
[18:38:58]   wind      :   18.465
[18:38:58]   solar     :   25.700
[18:38:58]   diesel    :   -5.116
[18:38:58]   battery   :    0.000
[18:38:58]   customer  : -177.154
[18:38:58] 
🔌 Main Grid 交易:
[18:38:58]   进口电量:     0.00 kWh
[18:38:58]   出口电量:  2072.77 kWh
[18:38:58]   净交易量: -2072.77 kWh
[18:38:58]   平均出清价:   8.34 cents/kWh
[18:38:58]   市场独立度:  42.42%
[18:38:58] 
Buffer大小:  2280
[18:38:58] 噪声水平: 0.0909
[18:38:58] 
动作统计:
[18:38:58]   wind      : mean= 0.254, std= 0.195
[18:38:58]   solar     : mean=-0.289, std= 0.405
[18:38:58]   diesel    : mean= 0.135, std= 0.610
[18:38:58]   battery   : mean= 0.611, std= 0.416
[18:38:58]   customer  : mean= 0.749, std= 0.194
[18:38:59] 
======================================================================
[18:38:59] Episode 86/200
[18:38:59] ======================================================================
[18:38:59] 总奖励:  -126.73 | 步数: 24
[18:38:59] 最近10个episodes平均:  -143.64
[18:38:59] 
各Agent奖励:
[18:38:59]   wind      :   29.744
[18:38:59]   solar     :   26.413
[18:38:59]   diesel    :    2.926
[18:38:59]   battery   :    0.000
[18:38:59]   customer  : -185.816
[18:38:59] 
🔌 Main Grid 交易:
[18:38:59]   进口电量:    15.56 kWh
[18:38:59]   出口电量:  1861.11 kWh
[18:38:59]   净交易量: -1845.55 kWh
[18:38:59]   平均出清价:  10.52 cents/kWh
[18:38:59]   市场独立度:  47.87%
[18:38:59] 
Buffer大小:  2304
[18:38:59] 噪声水平: 0.0908
[18:38:59] 
动作统计:
[18:38:59]   wind      : mean= 0.268, std= 0.222
[18:38:59]   solar     : mean=-0.195, std= 0.387
[18:38:59]   diesel    : mean= 0.112, std= 0.577
[18:38:59]   battery   : mean= 0.591, std= 0.442
[18:38:59]   customer  : mean= 0.702, std= 0.235
[18:39:00] 
======================================================================
[18:39:00] Episode 87/200
[18:39:00] ======================================================================
[18:39:00] 总奖励:  -144.45 | 步数: 24
[18:39:00] 最近10个episodes平均:  -141.91
[18:39:00] 
各Agent奖励:
[18:39:00]   wind      :   17.494
[18:39:00]   solar     :   16.460
[18:39:00]   diesel    :    0.798
[18:39:00]   battery   :   -0.084
[18:39:00]   customer  : -179.120
[18:39:00] 
🔌 Main Grid 交易:
[18:39:00]   进口电量:    18.37 kWh
[18:39:00]   出口电量:  2034.34 kWh
[18:39:00]   净交易量: -2015.96 kWh
[18:39:00]   平均出清价:   7.01 cents/kWh
[18:39:00]   市场独立度:  42.98%
[18:39:00] 
Buffer大小:  2328
[18:39:00] 噪声水平: 0.0908
[18:39:00] 
动作统计:
[18:39:00]   wind      : mean= 0.254, std= 0.235
[18:39:00]   solar     : mean=-0.245, std= 0.313
[18:39:00]   diesel    : mean= 0.135, std= 0.599
[18:39:00]   battery   : mean= 0.666, std= 0.366
[18:39:00]   customer  : mean= 0.734, std= 0.137
[18:39:01] 
======================================================================
[18:39:01] Episode 88/200
[18:39:01] ======================================================================
[18:39:01] 总奖励:  -134.73 | 步数: 24
[18:39:01] 最近10个episodes平均:  -140.93
[18:39:01] 
各Agent奖励:
[18:39:01]   wind      :   17.124
[18:39:01]   solar     :   32.502
[18:39:01]   diesel    :    0.375
[18:39:01]   battery   :    0.000
[18:39:01]   customer  : -184.729
[18:39:01] 
🔌 Main Grid 交易:
[18:39:01]   进口电量:     0.00 kWh
[18:39:01]   出口电量:  2048.28 kWh
[18:39:01]   净交易量: -2048.28 kWh
[18:39:01]   平均出清价:  10.04 cents/kWh
[18:39:01]   市场独立度:  43.10%
[18:39:01] 
Buffer大小:  2352
[18:39:01] 噪声水平: 0.0907
[18:39:01] 
动作统计:
[18:39:01]   wind      : mean= 0.234, std= 0.208
[18:39:01]   solar     : mean=-0.144, std= 0.356
[18:39:01]   diesel    : mean= 0.113, std= 0.594
[18:39:01]   battery   : mean= 0.715, std= 0.361
[18:39:01]   customer  : mean= 0.722, std= 0.214
[18:39:02] 
======================================================================
[18:39:02] Episode 89/200
[18:39:02] ======================================================================
[18:39:02] 总奖励:  -122.00 | 步数: 24
[18:39:02] 最近10个episodes平均:  -137.78
[18:39:02] 
各Agent奖励:
[18:39:02]   wind      :   36.649
[18:39:02]   solar     :   28.162
[18:39:02]   diesel    :   -0.780
[18:39:02]   battery   :   -0.477
[18:39:02]   customer  : -185.558
[18:39:02] 
🔌 Main Grid 交易:
[18:39:02]   进口电量:     7.05 kWh
[18:39:02]   出口电量:  1937.47 kWh
[18:39:02]   净交易量: -1930.42 kWh
[18:39:02]   平均出清价:   9.45 cents/kWh
[18:39:02]   市场独立度:  45.99%
[18:39:02] 
Buffer大小:  2376
[18:39:02] 噪声水平: 0.0906
[18:39:02] 
动作统计:
[18:39:02]   wind      : mean= 0.262, std= 0.182
[18:39:02]   solar     : mean=-0.108, std= 0.332
[18:39:02]   diesel    : mean= 0.126, std= 0.586
[18:39:02]   battery   : mean= 0.743, std= 0.347
[18:39:02]   customer  : mean= 0.677, std= 0.329
[18:39:03] 
======================================================================
[18:39:03] Episode 90/200
[18:39:03] ======================================================================
[18:39:03] 总奖励:  -126.07 | 步数: 24
[18:39:03] 最近10个episodes平均:  -136.24
[18:39:03] 
各Agent奖励:
[18:39:03]   wind      :   35.987
[18:39:03]   solar     :   14.672
[18:39:03]   diesel    :   -0.053
[18:39:03]   battery   :   -0.634
[18:39:03]   customer  : -176.041
[18:39:03] 
🔌 Main Grid 交易:
[18:39:03]   进口电量:     0.13 kWh
[18:39:03]   出口电量:  2102.25 kWh
[18:39:03]   净交易量: -2102.11 kWh
[18:39:03]   平均出清价:   7.32 cents/kWh
[18:39:03]   市场独立度:  41.60%
[18:39:03] 
Buffer大小:  2400
[18:39:03] 噪声水平: 0.0905
[18:39:03] 
动作统计:
[18:39:03]   wind      : mean= 0.241, std= 0.202
[18:39:03]   solar     : mean= 0.025, std= 0.363
[18:39:03]   diesel    : mean= 0.131, std= 0.591
[18:39:03]   battery   : mean= 0.768, std= 0.346
[18:39:03]   customer  : mean= 0.709, std= 0.210
[18:39:03] 
📊 生成可视化图表...
[18:39:04]   ✓ debug_plots/training_ep0090.png
[18:39:04] 
======================================================================
[18:39:04] Episode 91/200
[18:39:04] ======================================================================
[18:39:04] 总奖励:  -128.81 | 步数: 24
[18:39:04] 最近10个episodes平均:  -135.74
[18:39:04] 
各Agent奖励:
[18:39:04]   wind      :   21.704
[18:39:04]   solar     :   30.121
[18:39:04]   diesel    :    0.206
[18:39:04]   battery   :   -2.432
[18:39:04]   customer  : -178.412
[18:39:04] 
🔌 Main Grid 交易:
[18:39:04]   进口电量:     0.00 kWh
[18:39:04]   出口电量:  1994.53 kWh
[18:39:04]   净交易量: -1994.53 kWh
[18:39:04]   平均出清价:   9.16 cents/kWh
[18:39:04]   市场独立度:  44.60%
[18:39:04] 
Buffer大小:  2424
[18:39:04] 噪声水平: 0.0904
[18:39:04] 
动作统计:
[18:39:04]   wind      : mean= 0.270, std= 0.158
[18:39:04]   solar     : mean= 0.045, std= 0.339
[18:39:04]   diesel    : mean= 0.130, std= 0.587
[18:39:04]   battery   : mean= 0.795, std= 0.316
[18:39:04]   customer  : mean= 0.696, std= 0.226
[18:39:05] 
======================================================================
[18:39:05] Episode 92/200
[18:39:05] ======================================================================
[18:39:05] 总奖励:  -136.04 | 步数: 24
[18:39:05] 最近10个episodes平均:  -134.65
[18:39:05] 
各Agent奖励:
[18:39:05]   wind      :   27.829
[18:39:05]   solar     :   16.655
[18:39:05]   diesel    :   -3.099
[18:39:05]   battery   :    0.000
[18:39:05]   customer  : -177.423
[18:39:05] 
🔌 Main Grid 交易:
[18:39:05]   进口电量:     0.00 kWh
[18:39:05]   出口电量:  2066.63 kWh
[18:39:05]   净交易量: -2066.63 kWh
[18:39:05]   平均出清价:  10.72 cents/kWh
[18:39:05]   市场独立度:  42.59%
[18:39:05] 
Buffer大小:  2448
[18:39:05] 噪声水平: 0.0903
[18:39:05] 
动作统计:
[18:39:05]   wind      : mean= 0.251, std= 0.170
[18:39:05]   solar     : mean= 0.087, std= 0.401
[18:39:05]   diesel    : mean= 0.159, std= 0.611
[18:39:05]   battery   : mean= 0.800, std= 0.293
[18:39:05]   customer  : mean= 0.733, std= 0.166
[18:39:06] 
======================================================================
[18:39:06] Episode 93/200
[18:39:06] ======================================================================
[18:39:06] 总奖励:  -126.68 | 步数: 24
[18:39:06] 最近10个episodes平均:  -133.09
[18:39:06] 
各Agent奖励:
[18:39:06]   wind      :   20.501
[18:39:06]   solar     :   27.024
[18:39:06]   diesel    :    0.155
[18:39:06]   battery   :    0.000
[18:39:06]   customer  : -174.363
[18:39:06] 
🔌 Main Grid 交易:
[18:39:06]   进口电量:    13.61 kWh
[18:39:06]   出口电量:  1760.91 kWh
[18:39:06]   净交易量: -1747.30 kWh
[18:39:06]   平均出清价:   9.24 cents/kWh
[18:39:06]   市场独立度:  50.71%
[18:39:06] 
Buffer大小:  2472
[18:39:06] 噪声水平: 0.0902
[18:39:06] 
动作统计:
[18:39:06]   wind      : mean= 0.250, std= 0.188
[18:39:06]   solar     : mean= 0.033, std= 0.404
[18:39:06]   diesel    : mean= 0.127, std= 0.594
[18:39:06]   battery   : mean= 0.797, std= 0.332
[18:39:06]   customer  : mean= 0.717, std= 0.183
[18:39:08] 
======================================================================
[18:39:08] Episode 94/200
[18:39:08] ======================================================================
[18:39:08] 总奖励:  -120.94 | 步数: 24
[18:39:08] 最近10个episodes平均:  -130.46
[18:39:08] 
各Agent奖励:
[18:39:08]   wind      :   21.583
[18:39:08]   solar     :   32.295
[18:39:08]   diesel    :    1.015
[18:39:08]   battery   :   -1.522
[18:39:08]   customer  : -174.314
[18:39:08] 
🔌 Main Grid 交易:
[18:39:08]   进口电量:     0.00 kWh
[18:39:08]   出口电量:  2015.38 kWh
[18:39:08]   净交易量: -2015.38 kWh
[18:39:08]   平均出清价:   7.64 cents/kWh
[18:39:08]   市场独立度:  44.02%
[18:39:08] 
Buffer大小:  2496
[18:39:08] 噪声水平: 0.0901
[18:39:08] 
动作统计:
[18:39:08]   wind      : mean= 0.220, std= 0.201
[18:39:08]   solar     : mean= 0.038, std= 0.365
[18:39:08]   diesel    : mean= 0.143, std= 0.603
[18:39:08]   battery   : mean= 0.818, std= 0.334
[18:39:08]   customer  : mean= 0.722, std= 0.200
[18:39:09] 
======================================================================
[18:39:09] Episode 95/200
[18:39:09] ======================================================================
[18:39:09] 总奖励:  -135.93 | 步数: 24
[18:39:09] 最近10个episodes平均:  -130.24
[18:39:09] 
各Agent奖励:
[18:39:09]   wind      :   21.391
[18:39:09]   solar     :   28.294
[18:39:09]   diesel    :    3.503
[18:39:09]   battery   :   -1.133
[18:39:09]   customer  : -187.989
[18:39:09] 
🔌 Main Grid 交易:
[18:39:09]   进口电量:     0.00 kWh
[18:39:09]   出口电量:  1911.88 kWh
[18:39:09]   净交易量: -1911.88 kWh
[18:39:09]   平均出清价:   7.43 cents/kWh
[18:39:09]   市场独立度:  46.89%
[18:39:09] 
Buffer大小:  2520
[18:39:09] 噪声水平: 0.0900
[18:39:09] 
动作统计:
[18:39:09]   wind      : mean= 0.243, std= 0.178
[18:39:09]   solar     : mean= 0.051, std= 0.418
[18:39:09]   diesel    : mean= 0.178, std= 0.622
[18:39:09]   battery   : mean= 0.837, std= 0.314
[18:39:09]   customer  : mean= 0.736, std= 0.245
[18:39:10] 
======================================================================
[18:39:10] Episode 96/200
[18:39:10] ======================================================================
[18:39:10] 总奖励:  -137.58 | 步数: 24
[18:39:10] 最近10个episodes平均:  -131.32
[18:39:10] 
各Agent奖励:
[18:39:10]   wind      :   20.934
[18:39:10]   solar     :   18.312
[18:39:10]   diesel    :   -0.403
[18:39:10]   battery   :   -0.088
[18:39:10]   customer  : -176.336
[18:39:10] 
🔌 Main Grid 交易:
[18:39:10]   进口电量:    11.00 kWh
[18:39:10]   出口电量:  2047.82 kWh
[18:39:10]   净交易量: -2036.82 kWh
[18:39:10]   平均出清价:   7.16 cents/kWh
[18:39:10]   市场独立度:  42.81%
[18:39:10] 
Buffer大小:  2544
[18:39:10] 噪声水平: 0.0899
[18:39:10] 
动作统计:
[18:39:10]   wind      : mean= 0.205, std= 0.179
[18:39:10]   solar     : mean= 0.080, std= 0.448
[18:39:10]   diesel    : mean= 0.164, std= 0.604
[18:39:10]   battery   : mean= 0.856, std= 0.300
[18:39:10]   customer  : mean= 0.767, std= 0.192
[18:39:11] 
======================================================================
[18:39:11] Episode 97/200
[18:39:11] ======================================================================
[18:39:11] 总奖励:  -126.96 | 步数: 24
[18:39:11] 最近10个episodes平均:  -129.57
[18:39:11] 
各Agent奖励:
[18:39:11]   wind      :   29.929
[18:39:11]   solar     :   22.164
[18:39:11]   diesel    :    0.343
[18:39:11]   battery   :    0.000
[18:39:11]   customer  : -179.392
[18:39:11] 
🔌 Main Grid 交易:
[18:39:11]   进口电量:     0.00 kWh
[18:39:11]   出口电量:  2097.33 kWh
[18:39:11]   净交易量: -2097.33 kWh
[18:39:11]   平均出清价:   8.56 cents/kWh
[18:39:11]   市场独立度:  41.74%
[18:39:11] 
Buffer大小:  2568
[18:39:11] 噪声水平: 0.0898
[18:39:11] 
动作统计:
[18:39:11]   wind      : mean= 0.221, std= 0.153
[18:39:11]   solar     : mean= 0.091, std= 0.420
[18:39:11]   diesel    : mean= 0.171, std= 0.624
[18:39:11]   battery   : mean= 0.830, std= 0.322
[18:39:11]   customer  : mean= 0.736, std= 0.272
[18:39:11] 
======================================================================
[18:39:11] Episode 98/200
[18:39:11] ======================================================================
[18:39:11] 总奖励:  -127.99 | 步数: 24
[18:39:11] 最近10个episodes平均:  -128.90
[18:39:11] 
各Agent奖励:
[18:39:11]   wind      :   24.546
[18:39:11]   solar     :   27.714
[18:39:11]   diesel    :    3.912
[18:39:11]   battery   :    0.000
[18:39:11]   customer  : -184.159
[18:39:11] 
🔌 Main Grid 交易:
[18:39:11]   进口电量:     0.00 kWh
[18:39:11]   出口电量:  2111.41 kWh
[18:39:11]   净交易量: -2111.41 kWh
[18:39:11]   平均出清价:   8.21 cents/kWh
[18:39:11]   市场独立度:  41.35%
[18:39:11] 
Buffer大小:  2592
[18:39:11] 噪声水平: 0.0898
[18:39:11] 
动作统计:
[18:39:11]   wind      : mean= 0.188, std= 0.176
[18:39:11]   solar     : mean= 0.042, std= 0.426
[18:39:11]   diesel    : mean= 0.183, std= 0.639
[18:39:11]   battery   : mean= 0.817, std= 0.328
[18:39:11]   customer  : mean= 0.744, std= 0.294
[18:39:13] 
======================================================================
[18:39:13] Episode 99/200
[18:39:13] ======================================================================
[18:39:13] 总奖励:  -140.52 | 步数: 24
[18:39:13] 最近10个episodes平均:  -130.75
[18:39:13] 
各Agent奖励:
[18:39:13]   wind      :   20.418
[18:39:13]   solar     :   16.827
[18:39:13]   diesel    :   -3.784
[18:39:13]   battery   :   -3.239
[18:39:13]   customer  : -170.744
[18:39:13] 
🔌 Main Grid 交易:
[18:39:13]   进口电量:     0.00 kWh
[18:39:13]   出口电量:  1834.51 kWh
[18:39:13]   净交易量: -1834.51 kWh
[18:39:13]   平均出清价:   5.50 cents/kWh
[18:39:13]   市场独立度:  49.04%
[18:39:13] 
Buffer大小:  2616
[18:39:13] 噪声水平: 0.0897
[18:39:13] 
动作统计:
[18:39:13]   wind      : mean= 0.222, std= 0.175
[18:39:13]   solar     : mean= 0.049, std= 0.460
[18:39:13]   diesel    : mean= 0.164, std= 0.643
[18:39:13]   battery   : mean= 0.874, std= 0.304
[18:39:13]   customer  : mean= 0.747, std= 0.219
[18:39:14] 
======================================================================
[18:39:14] Episode 100/200
[18:39:14] ======================================================================
[18:39:14] 总奖励:  -125.09 | 步数: 24
[18:39:14] 最近10个episodes平均:  -130.65
[18:39:14] 
各Agent奖励:
[18:39:14]   wind      :   19.846
[18:39:14]   solar     :   40.449
[18:39:14]   diesel    :    3.888
[18:39:14]   battery   :    0.037
[18:39:14]   customer  : -189.312
[18:39:14] 
🔌 Main Grid 交易:
[18:39:14]   进口电量:     7.77 kWh
[18:39:14]   出口电量:  1924.83 kWh
[18:39:14]   净交易量: -1917.06 kWh
[18:39:14]   平均出清价:  10.59 cents/kWh
[18:39:14]   市场独立度:  46.32%
[18:39:14] 
Buffer大小:  2640
[18:39:14] 噪声水平: 0.0896
[18:39:14] 
动作统计:
[18:39:14]   wind      : mean= 0.216, std= 0.163
[18:39:14]   solar     : mean= 0.093, std= 0.396
[18:39:14]   diesel    : mean= 0.176, std= 0.667
[18:39:14]   battery   : mean= 0.841, std= 0.338
[18:39:14]   customer  : mean= 0.752, std= 0.245
[18:39:14] 
📊 生成可视化图表...
[18:39:14]   ✓ debug_plots/training_ep0100.png
[18:39:14] 💾 保存checkpoint: debug_checkpoints/debug_maddpg_20251203_183743_ep0100.pt
[18:39:15] 
======================================================================
[18:39:15] Episode 101/200
[18:39:15] ======================================================================
[18:39:15] 总奖励:  -116.38 | 步数: 24
[18:39:15] 最近10个episodes平均:  -129.41
[18:39:15] 
各Agent奖励:
[18:39:15]   wind      :   34.959
[18:39:15]   solar     :   31.081
[18:39:15]   diesel    :   -2.785
[18:39:15]   battery   :   -0.179
[18:39:15]   customer  : -179.453
[18:39:15] 
🔌 Main Grid 交易:
[18:39:15]   进口电量:     3.81 kWh
[18:39:15]   出口电量:  2016.01 kWh
[18:39:15]   净交易量: -2012.20 kWh
[18:39:15]   平均出清价:   9.22 cents/kWh
[18:39:15]   市场独立度:  43.89%
[18:39:15] 
Buffer大小:  2664
[18:39:15] 噪声水平: 0.0895
[18:39:15] 
动作统计:
[18:39:15]   wind      : mean= 0.208, std= 0.171
[18:39:15]   solar     : mean= 0.092, std= 0.437
[18:39:15]   diesel    : mean= 0.183, std= 0.656
[18:39:15]   battery   : mean= 0.830, std= 0.355
[18:39:15]   customer  : mean= 0.735, std= 0.245
[18:39:16] 
======================================================================
[18:39:16] Episode 102/200
[18:39:16] ======================================================================
[18:39:16] 总奖励:  -138.85 | 步数: 24
[18:39:16] 最近10个episodes平均:  -129.69
[18:39:16] 
各Agent奖励:
[18:39:16]   wind      :   10.947
[18:39:16]   solar     :   26.185
[18:39:16]   diesel    :   -0.238
[18:39:16]   battery   :    0.000
[18:39:16]   customer  : -175.740
[18:39:16] 
🔌 Main Grid 交易:
[18:39:16]   进口电量:     0.00 kWh
[18:39:16]   出口电量:  1994.82 kWh
[18:39:16]   净交易量: -1994.82 kWh
[18:39:16]   平均出清价:   7.23 cents/kWh
[18:39:16]   市场独立度:  44.59%
[18:39:16] 
Buffer大小:  2688
[18:39:16] 噪声水平: 0.0894
[18:39:16] 
动作统计:
[18:39:16]   wind      : mean= 0.193, std= 0.175
[18:39:16]   solar     : mean= 0.117, std= 0.396
[18:39:16]   diesel    : mean= 0.166, std= 0.655
[18:39:16]   battery   : mean= 0.873, std= 0.287
[18:39:16]   customer  : mean= 0.768, std= 0.175
[18:39:17] 
======================================================================
[18:39:17] Episode 103/200
[18:39:17] ======================================================================
[18:39:17] 总奖励:  -113.68 | 步数: 24
[18:39:17] 最近10个episodes平均:  -128.39
[18:39:17] 
各Agent奖励:
[18:39:17]   wind      :   30.454
[18:39:17]   solar     :   37.399
[18:39:17]   diesel    :   -0.909
[18:39:17]   battery   :   -0.138
[18:39:17]   customer  : -180.488
[18:39:17] 
🔌 Main Grid 交易:
[18:39:17]   进口电量:     4.63 kWh
[18:39:17]   出口电量:  1889.49 kWh
[18:39:17]   净交易量: -1884.85 kWh
[18:39:17]   平均出清价:   9.43 cents/kWh
[18:39:17]   市场独立度:  47.39%
[18:39:17] 
Buffer大小:  2712
[18:39:17] 噪声水平: 0.0893
[18:39:17] 
动作统计:
[18:39:17]   wind      : mean= 0.188, std= 0.148
[18:39:17]   solar     : mean= 0.144, std= 0.435
[18:39:17]   diesel    : mean= 0.192, std= 0.644
[18:39:17]   battery   : mean= 0.832, std= 0.374
[18:39:17]   customer  : mean= 0.753, std= 0.247
[18:39:18] 
======================================================================
[18:39:18] Episode 104/200
[18:39:18] ======================================================================
[18:39:18] 总奖励:  -121.90 | 步数: 24
[18:39:18] 最近10个episodes平均:  -128.49
[18:39:18] 
各Agent奖励:
[18:39:18]   wind      :   23.628
[18:39:18]   solar     :   37.895
[18:39:18]   diesel    :   -0.799
[18:39:18]   battery   :    0.000
[18:39:18]   customer  : -182.622
[18:39:18] 
🔌 Main Grid 交易:
[18:39:18]   进口电量:     1.11 kWh
[18:39:18]   出口电量:  2024.52 kWh
[18:39:18]   净交易量: -2023.41 kWh
[18:39:18]   平均出清价:  10.00 cents/kWh
[18:39:18]   市场独立度:  43.73%
[18:39:18] 
Buffer大小:  2736
[18:39:18] 噪声水平: 0.0892
[18:39:18] 
动作统计:
[18:39:18]   wind      : mean= 0.222, std= 0.166
[18:39:18]   solar     : mean= 0.151, std= 0.406
[18:39:18]   diesel    : mean= 0.199, std= 0.661
[18:39:18]   battery   : mean= 0.868, std= 0.305
[18:39:18]   customer  : mean= 0.762, std= 0.233
[18:39:19] 
======================================================================
[18:39:19] Episode 105/200
[18:39:19] ======================================================================
[18:39:19] 总奖励:  -134.79 | 步数: 24
[18:39:19] 最近10个episodes平均:  -128.37
[18:39:19] 
各Agent奖励:
[18:39:19]   wind      :   21.865
[18:39:19]   solar     :   29.355
[18:39:19]   diesel    :    0.098
[18:39:19]   battery   :    0.000
[18:39:19]   customer  : -186.112
[18:39:19] 
🔌 Main Grid 交易:
[18:39:19]   进口电量:    18.76 kWh
[18:39:19]   出口电量:  2365.68 kWh
[18:39:19]   净交易量: -2346.92 kWh
[18:39:19]   平均出清价:   8.44 cents/kWh
[18:39:19]   市场独立度:  33.77%
[18:39:19] 
Buffer大小:  2760
[18:39:19] 噪声水平: 0.0891
[18:39:19] 
动作统计:
[18:39:19]   wind      : mean= 0.172, std= 0.161
[18:39:19]   solar     : mean= 0.168, std= 0.396
[18:39:19]   diesel    : mean= 0.214, std= 0.666
[18:39:19]   battery   : mean= 0.865, std= 0.316
[18:39:19]   customer  : mean= 0.782, std= 0.226
[18:39:20] 
======================================================================
[18:39:20] Episode 106/200
[18:39:20] ======================================================================
[18:39:20] 总奖励:  -122.79 | 步数: 24
[18:39:20] 最近10个episodes平均:  -126.89
[18:39:20] 
各Agent奖励:
[18:39:20]   wind      :   26.105
[18:39:20]   solar     :   33.571
[18:39:20]   diesel    :   -0.366
[18:39:20]   battery   :    0.006
[18:39:20]   customer  : -182.110
[18:39:20] 
🔌 Main Grid 交易:
[18:39:20]   进口电量:    20.03 kWh
[18:39:20]   出口电量:  2212.05 kWh
[18:39:20]   净交易量: -2192.02 kWh
[18:39:20]   平均出清价:   8.90 cents/kWh
[18:39:20]   市场独立度:  38.00%
[18:39:20] 
Buffer大小:  2784
[18:39:20] 噪声水平: 0.0890
[18:39:20] 
动作统计:
[18:39:20]   wind      : mean= 0.200, std= 0.180
[18:39:20]   solar     : mean= 0.142, std= 0.416
[18:39:20]   diesel    : mean= 0.206, std= 0.691
[18:39:20]   battery   : mean= 0.820, std= 0.390
[18:39:20]   customer  : mean= 0.752, std= 0.269
[18:39:21] 
======================================================================
[18:39:21] Episode 107/200
[18:39:21] ======================================================================
[18:39:21] 总奖励:  -123.72 | 步数: 24
[18:39:21] 最近10个episodes平均:  -126.57
[18:39:21] 
各Agent奖励:
[18:39:21]   wind      :   19.672
[18:39:21]   solar     :   35.618
[18:39:21]   diesel    :    0.403
[18:39:21]   battery   :    0.000
[18:39:21]   customer  : -179.418
[18:39:21] 
🔌 Main Grid 交易:
[18:39:21]   进口电量:    16.70 kWh
[18:39:21]   出口电量:  2025.91 kWh
[18:39:21]   净交易量: -2009.20 kWh
[18:39:21]   平均出清价:   9.28 cents/kWh
[18:39:21]   市场独立度:  43.26%
[18:39:21] 
Buffer大小:  2808
[18:39:21] 噪声水平: 0.0890
[18:39:21] 
动作统计:
[18:39:21]   wind      : mean= 0.205, std= 0.155
[18:39:21]   solar     : mean= 0.158, std= 0.409
[18:39:21]   diesel    : mean= 0.168, std= 0.675
[18:39:21]   battery   : mean= 0.841, std= 0.384
[18:39:21]   customer  : mean= 0.783, std= 0.267
[18:39:22] 
======================================================================
[18:39:22] Episode 108/200
[18:39:22] ======================================================================
[18:39:22] 总奖励:  -135.40 | 步数: 24
[18:39:22] 最近10个episodes平均:  -127.31
[18:39:22] 
各Agent奖励:
[18:39:22]   wind      :   15.608
[18:39:22]   solar     :   39.068
[18:39:22]   diesel    :   -2.164
[18:39:22]   battery   :    0.004
[18:39:22]   customer  : -187.915
[18:39:22] 
🔌 Main Grid 交易:
[18:39:22]   进口电量:    10.79 kWh
[18:39:22]   出口电量:  2224.76 kWh
[18:39:22]   净交易量: -2213.97 kWh
[18:39:22]   平均出清价:   9.70 cents/kWh
[18:39:22]   市场独立度:  37.90%
[18:39:22] 
Buffer大小:  2832
[18:39:22] 噪声水平: 0.0889
[18:39:22] 
动作统计:
[18:39:22]   wind      : mean= 0.210, std= 0.150
[18:39:22]   solar     : mean= 0.123, std= 0.355
[18:39:22]   diesel    : mean= 0.200, std= 0.673
[18:39:22]   battery   : mean= 0.873, std= 0.317
[18:39:22]   customer  : mean= 0.799, std= 0.222
[18:39:23] 
======================================================================
[18:39:23] Episode 109/200
[18:39:23] ======================================================================
[18:39:23] 总奖励:  -118.99 | 步数: 24
[18:39:23] 最近10个episodes平均:  -125.16
[18:39:23] 
各Agent奖励:
[18:39:23]   wind      :   30.226
[18:39:23]   solar     :   36.918
[18:39:23]   diesel    :    1.690
[18:39:23]   battery   :    0.000
[18:39:23]   customer  : -187.821
[18:39:23] 
🔌 Main Grid 交易:
[18:39:23]   进口电量:    17.79 kWh
[18:39:23]   出口电量:  2088.15 kWh
[18:39:23]   净交易量: -2070.36 kWh
[18:39:23]   平均出清价:   9.34 cents/kWh
[18:39:23]   市场独立度:  41.50%
[18:39:23] 
Buffer大小:  2856
[18:39:23] 噪声水平: 0.0888
[18:39:23] 
动作统计:
[18:39:23]   wind      : mean= 0.200, std= 0.151
[18:39:23]   solar     : mean= 0.088, std= 0.391
[18:39:23]   diesel    : mean= 0.210, std= 0.691
[18:39:23]   battery   : mean= 0.847, std= 0.345
[18:39:23]   customer  : mean= 0.750, std= 0.248
[18:39:24] 
======================================================================
[18:39:24] Episode 110/200
[18:39:24] ======================================================================
[18:39:24] 总奖励:  -138.02 | 步数: 24
[18:39:24] 最近10个episodes平均:  -126.45
[18:39:24] 
各Agent奖励:
[18:39:24]   wind      :   19.658
[18:39:24]   solar     :   38.850
[18:39:24]   diesel    :   -0.042
[18:39:24]   battery   :   -0.159
[18:39:24]   customer  : -196.323
[18:39:24] 
🔌 Main Grid 交易:
[18:39:24]   进口电量:    13.37 kWh
[18:39:24]   出口电量:  2030.95 kWh
[18:39:24]   净交易量: -2017.58 kWh
[18:39:24]   平均出清价:   8.59 cents/kWh
[18:39:24]   市场独立度:  43.21%
[18:39:24] 
Buffer大小:  2880
[18:39:24] 噪声水平: 0.0887
[18:39:24] 
动作统计:
[18:39:24]   wind      : mean= 0.151, std= 0.190
[18:39:24]   solar     : mean= 0.086, std= 0.353
[18:39:24]   diesel    : mean= 0.173, std= 0.680
[18:39:24]   battery   : mean= 0.859, std= 0.326
[18:39:24]   customer  : mean= 0.802, std= 0.224
[18:39:24] 
📊 生成可视化图表...
[18:39:25]   ✓ debug_plots/training_ep0110.png
[18:39:26] 
======================================================================
[18:39:26] Episode 111/200
[18:39:26] ======================================================================
[18:39:26] 总奖励:  -140.79 | 步数: 24
[18:39:26] 最近10个episodes平均:  -128.89
[18:39:26] 
各Agent奖励:
[18:39:26]   wind      :   18.220
[18:39:26]   solar     :   14.921
[18:39:26]   diesel    :   -1.376
[18:39:26]   battery   :   -0.006
[18:39:26]   customer  : -172.554
[18:39:26] 
🔌 Main Grid 交易:
[18:39:26]   进口电量:     0.00 kWh
[18:39:26]   出口电量:  2230.61 kWh
[18:39:26]   净交易量: -2230.61 kWh
[18:39:26]   平均出清价:   6.88 cents/kWh
[18:39:26]   市场独立度:  38.04%
[18:39:26] 
Buffer大小:  2904
[18:39:26] 噪声水平: 0.0886
[18:39:26] 
动作统计:
[18:39:26]   wind      : mean= 0.167, std= 0.130
[18:39:26]   solar     : mean= 0.106, std= 0.372
[18:39:26]   diesel    : mean= 0.206, std= 0.679
[18:39:26]   battery   : mean= 0.857, std= 0.355
[18:39:26]   customer  : mean= 0.775, std= 0.201
[18:39:27] 
======================================================================
[18:39:27] Episode 112/200
[18:39:27] ======================================================================
[18:39:27] 总奖励:  -126.75 | 步数: 24
[18:39:27] 最近10个episodes平均:  -127.68
[18:39:27] 
各Agent奖励:
[18:39:27]   wind      :   24.298
[18:39:27]   solar     :   31.254
[18:39:27]   diesel    :    0.281
[18:39:27]   battery   :   -0.097
[18:39:27]   customer  : -182.483
[18:39:27] 
🔌 Main Grid 交易:
[18:39:27]   进口电量:     0.00 kWh
[18:39:27]   出口电量:  2004.04 kWh
[18:39:27]   净交易量: -2004.04 kWh
[18:39:27]   平均出清价:   8.32 cents/kWh
[18:39:27]   市场独立度:  44.33%
[18:39:27] 
Buffer大小:  2928
[18:39:27] 噪声水平: 0.0885
[18:39:27] 
动作统计:
[18:39:27]   wind      : mean= 0.205, std= 0.154
[18:39:27]   solar     : mean= 0.105, std= 0.360
[18:39:27]   diesel    : mean= 0.212, std= 0.676
[18:39:27]   battery   : mean= 0.837, std= 0.342
[18:39:27]   customer  : mean= 0.758, std= 0.197
[18:39:28] 
======================================================================
[18:39:28] Episode 113/200
[18:39:28] ======================================================================
[18:39:28] 总奖励:  -125.26 | 步数: 24
[18:39:28] 最近10个episodes平均:  -128.84
[18:39:28] 
各Agent奖励:
[18:39:28]   wind      :   25.972
[18:39:28]   solar     :   30.918
[18:39:28]   diesel    :   -2.467
[18:39:28]   battery   :   -0.876
[18:39:28]   customer  : -178.806
[18:39:28] 
🔌 Main Grid 交易:
[18:39:28]   进口电量:     5.92 kWh
[18:39:28]   出口电量:  1918.96 kWh
[18:39:28]   净交易量: -1913.04 kWh
[18:39:28]   平均出清价:   7.43 cents/kWh
[18:39:28]   市场独立度:  46.53%
[18:39:28] 
Buffer大小:  2952
[18:39:28] 噪声水平: 0.0884
[18:39:28] 
动作统计:
[18:39:28]   wind      : mean= 0.181, std= 0.165
[18:39:28]   solar     : mean= 0.031, std= 0.350
[18:39:28]   diesel    : mean= 0.217, std= 0.696
[18:39:28]   battery   : mean= 0.813, std= 0.442
[18:39:28]   customer  : mean= 0.749, std= 0.263
[18:39:29] 
======================================================================
[18:39:29] Episode 114/200
[18:39:29] ======================================================================
[18:39:29] 总奖励:  -129.75 | 步数: 24
[18:39:29] 最近10个episodes平均:  -129.63
[18:39:29] 
各Agent奖励:
[18:39:29]   wind      :   22.055
[18:39:29]   solar     :   24.443
[18:39:29]   diesel    :    0.088
[18:39:29]   battery   :    0.000
[18:39:29]   customer  : -176.339
[18:39:29] 
🔌 Main Grid 交易:
[18:39:29]   进口电量:     0.00 kWh
[18:39:29]   出口电量:  2231.18 kWh
[18:39:29]   净交易量: -2231.18 kWh
[18:39:29]   平均出清价:   6.60 cents/kWh
[18:39:29]   市场独立度:  38.02%
[18:39:29] 
Buffer大小:  2976
[18:39:29] 噪声水平: 0.0883
[18:39:29] 
动作统计:
[18:39:29]   wind      : mean= 0.181, std= 0.158
[18:39:29]   solar     : mean= 0.027, std= 0.324
[18:39:29]   diesel    : mean= 0.189, std= 0.692
[18:39:29]   battery   : mean= 0.868, std= 0.321
[18:39:29]   customer  : mean= 0.763, std= 0.257
[18:39:30] 
======================================================================
[18:39:30] Episode 115/200
[18:39:30] ======================================================================
[18:39:30] 总奖励:  -123.02 | 步数: 24
[18:39:30] 最近10个episodes平均:  -128.45
[18:39:30] 
各Agent奖励:
[18:39:30]   wind      :   23.972
[18:39:30]   solar     :   29.781
[18:39:30]   diesel    :   -0.623
[18:39:30]   battery   :    0.000
[18:39:30]   customer  : -176.150
[18:39:30] 
🔌 Main Grid 交易:
[18:39:30]   进口电量:     3.07 kWh
[18:39:30]   出口电量:  1977.74 kWh
[18:39:30]   净交易量: -1974.67 kWh
[18:39:30]   平均出清价:   6.96 cents/kWh
[18:39:30]   市场独立度:  44.98%
[18:39:30] 
Buffer大小:  3000
[18:39:30] 噪声水平: 0.0882
[18:39:30] 
动作统计:
[18:39:30]   wind      : mean= 0.156, std= 0.148
[18:39:30]   solar     : mean=-0.011, std= 0.349
[18:39:30]   diesel    : mean= 0.191, std= 0.695
[18:39:30]   battery   : mean= 0.836, std= 0.375
[18:39:30]   customer  : mean= 0.765, std= 0.243
[18:39:31] 
======================================================================
[18:39:31] Episode 116/200
[18:39:31] ======================================================================
[18:39:31] 总奖励:  -115.49 | 步数: 24
[18:39:31] 最近10个episodes平均:  -127.72
[18:39:31] 
各Agent奖励:
[18:39:31]   wind      :   32.096
[18:39:31]   solar     :   28.191
[18:39:31]   diesel    :   -1.061
[18:39:31]   battery   :    0.000
[18:39:31]   customer  : -174.719
[18:39:31] 
🔌 Main Grid 交易:
[18:39:31]   进口电量:    39.51 kWh
[18:39:31]   出口电量:  1961.76 kWh
[18:39:31]   净交易量: -1922.25 kWh
[18:39:31]   平均出清价:   5.74 cents/kWh
[18:39:31]   市场独立度:  44.41%
[18:39:31] 
Buffer大小:  3024
[18:39:31] 噪声水平: 0.0882
[18:39:31] 
动作统计:
[18:39:31]   wind      : mean= 0.178, std= 0.180
[18:39:31]   solar     : mean=-0.019, std= 0.335
[18:39:31]   diesel    : mean= 0.221, std= 0.688
[18:39:31]   battery   : mean= 0.801, std= 0.458
[18:39:31]   customer  : mean= 0.711, std= 0.308
[18:39:32] 
======================================================================
[18:39:32] Episode 117/200
[18:39:32] ======================================================================
[18:39:32] 总奖励:   -99.21 | 步数: 24
[18:39:32] 最近10个episodes平均:  -125.27
[18:39:32] 
各Agent奖励:
[18:39:32]   wind      :   45.637
[18:39:32]   solar     :   25.359
[18:39:32]   diesel    :   -0.701
[18:39:32]   battery   :   -0.606
[18:39:32]   customer  : -168.904
[18:39:32] 
🔌 Main Grid 交易:
[18:39:32]   进口电量:    19.58 kWh
[18:39:32]   出口电量:  1872.78 kWh
[18:39:32]   净交易量: -1853.20 kWh
[18:39:32]   平均出清价:   5.60 cents/kWh
[18:39:32]   市场独立度:  47.43%
[18:39:32] 
Buffer大小:  3048
[18:39:32] 噪声水平: 0.0881
[18:39:32] 
动作统计:
[18:39:32]   wind      : mean= 0.160, std= 0.159
[18:39:32]   solar     : mean=-0.006, std= 0.246
[18:39:32]   diesel    : mean= 0.213, std= 0.681
[18:39:32]   battery   : mean= 0.726, std= 0.539
[18:39:32]   customer  : mean= 0.657, std= 0.357
[18:39:33] 
======================================================================
[18:39:33] Episode 118/200
[18:39:33] ======================================================================
[18:39:33] 总奖励:   -77.49 | 步数: 24
[18:39:33] 最近10个episodes平均:  -119.48
[18:39:33] 
各Agent奖励:
[18:39:33]   wind      :   72.165
[18:39:33]   solar     :   16.664
[18:39:33]   diesel    :   -0.210
[18:39:33]   battery   :    0.000
[18:39:33]   customer  : -166.110
[18:39:33] 
🔌 Main Grid 交易:
[18:39:33]   进口电量:    43.48 kWh
[18:39:33]   出口电量:  1841.37 kWh
[18:39:33]   净交易量: -1797.89 kWh
[18:39:33]   平均出清价:   7.98 cents/kWh
[18:39:33]   市场独立度:  47.64%
[18:39:33] 
Buffer大小:  3072
[18:39:33] 噪声水平: 0.0880
[18:39:33] 
动作统计:
[18:39:33]   wind      : mean= 0.140, std= 0.134
[18:39:33]   solar     : mean=-0.013, std= 0.310
[18:39:33]   diesel    : mean= 0.210, std= 0.679
[18:39:33]   battery   : mean= 0.660, std= 0.623
[18:39:33]   customer  : mean= 0.609, std= 0.407
[18:39:34] 
======================================================================
[18:39:34] Episode 119/200
[18:39:34] ======================================================================
[18:39:34] 总奖励:   -69.65 | 步数: 24
[18:39:34] 最近10个episodes平均:  -114.54
[18:39:34] 
各Agent奖励:
[18:39:34]   wind      :   84.507
[18:39:34]   solar     :   39.265
[18:39:34]   diesel    :    0.935
[18:39:34]   battery   :    0.000
[18:39:34]   customer  : -194.358
[18:39:34] 
🔌 Main Grid 交易:
[18:39:34]   进口电量:   197.82 kWh
[18:39:34]   出口电量:  1459.56 kWh
[18:39:34]   净交易量: -1261.74 kWh
[18:39:34]   平均出清价:  10.08 cents/kWh
[18:39:34]   市场独立度:  53.96%
[18:39:34] 
Buffer大小:  3096
[18:39:34] 噪声水平: 0.0879
[18:39:34] 
动作统计:
[18:39:34]   wind      : mean= 0.152, std= 0.153
[18:39:34]   solar     : mean=-0.073, std= 0.274
[18:39:34]   diesel    : mean= 0.220, std= 0.656
[18:39:34]   battery   : mean= 0.619, std= 0.691
[18:39:34]   customer  : mean= 0.480, std= 0.508
[18:39:35] 
======================================================================
[18:39:35] Episode 120/200
[18:39:35] ======================================================================
[18:39:35] 总奖励:   -47.63 | 步数: 24
[18:39:35] 最近10个episodes平均:  -105.51
[18:39:35] 
各Agent奖励:
[18:39:35]   wind      :   95.307
[18:39:35]   solar     :   21.473
[18:39:35]   diesel    :    1.695
[18:39:35]   battery   :   -0.027
[18:39:35]   customer  : -166.076
[18:39:35] 
🔌 Main Grid 交易:
[18:39:35]   进口电量:    83.45 kWh
[18:39:35]   出口电量:  1603.06 kWh
[18:39:35]   净交易量: -1519.61 kWh
[18:39:35]   平均出清价:   9.61 cents/kWh
[18:39:35]   市场独立度:  53.15%
[18:39:35] 
Buffer大小:  3120
[18:39:35] 噪声水平: 0.0878
[18:39:35] 
动作统计:
[18:39:35]   wind      : mean= 0.150, std= 0.151
[18:39:35]   solar     : mean=-0.111, std= 0.235
[18:39:35]   diesel    : mean= 0.207, std= 0.664
[18:39:35]   battery   : mean= 0.624, std= 0.668
[18:39:35]   customer  : mean= 0.478, std= 0.532
[18:39:35] 
📊 生成可视化图表...
[18:39:35]   ✓ debug_plots/training_ep0120.png
[18:39:36] 
======================================================================
[18:39:36] Episode 121/200
[18:39:36] ======================================================================
[18:39:36] 总奖励:   -74.37 | 步数: 24
[18:39:36] 最近10个episodes平均:   -98.86
[18:39:36] 
各Agent奖励:
[18:39:36]   wind      :   79.149
[18:39:36]   solar     :   39.404
[18:39:36]   diesel    :    1.472
[18:39:36]   battery   :    0.000
[18:39:36]   customer  : -194.396
[18:39:36] 
🔌 Main Grid 交易:
[18:39:36]   进口电量:   211.01 kWh
[18:39:36]   出口电量:  1809.15 kWh
[18:39:36]   净交易量: -1598.14 kWh
[18:39:36]   平均出清价:   9.33 cents/kWh
[18:39:36]   市场独立度:  43.88%
[18:39:36] 
Buffer大小:  3144
[18:39:36] 噪声水平: 0.0877
[18:39:36] 
动作统计:
[18:39:36]   wind      : mean= 0.129, std= 0.146
[18:39:36]   solar     : mean=-0.199, std= 0.266
[18:39:36]   diesel    : mean= 0.203, std= 0.633
[18:39:36]   battery   : mean= 0.603, std= 0.690
[18:39:36]   customer  : mean= 0.459, std= 0.594
[18:39:37] 
======================================================================
[18:39:37] Episode 122/200
[18:39:37] ======================================================================
[18:39:37] 总奖励:   -93.28 | 步数: 24
[18:39:37] 最近10个episodes平均:   -95.52
[18:39:37] 
各Agent奖励:
[18:39:37]   wind      :   64.584
[18:39:37]   solar     :   18.816
[18:39:37]   diesel    :    4.203
[18:39:37]   battery   :   -0.372
[18:39:37]   customer  : -180.509
[18:39:37] 
🔌 Main Grid 交易:
[18:39:37]   进口电量:   156.65 kWh
[18:39:37]   出口电量:  1615.53 kWh
[18:39:37]   净交易量: -1458.88 kWh
[18:39:37]   平均出清价:   6.98 cents/kWh
[18:39:37]   市场独立度:  50.77%
[18:39:37] 
Buffer大小:  3168
[18:39:37] 噪声水平: 0.0876
[18:39:37] 
动作统计:
[18:39:37]   wind      : mean= 0.141, std= 0.130
[18:39:37]   solar     : mean=-0.187, std= 0.265
[18:39:37]   diesel    : mean= 0.203, std= 0.637
[18:39:37]   battery   : mean= 0.602, std= 0.683
[18:39:37]   customer  : mean= 0.463, std= 0.597
[18:39:37] 
======================================================================
[18:39:37] Episode 123/200
[18:39:37] ======================================================================
[18:39:37] 总奖励:  -106.01 | 步数: 24
[18:39:37] 最近10个episodes平均:   -93.59
[18:39:37] 
各Agent奖励:
[18:39:37]   wind      :   70.442
[18:39:37]   solar     :   27.796
[18:39:37]   diesel    :   -0.194
[18:39:37]   battery   :   -3.384
[18:39:37]   customer  : -200.672
[18:39:37] 
🔌 Main Grid 交易:
[18:39:37]   进口电量:   308.17 kWh
[18:39:37]   出口电量:  1792.46 kWh
[18:39:37]   净交易量: -1484.29 kWh
[18:39:37]   平均出清价:   8.07 cents/kWh
[18:39:37]   市场独立度:  41.65%
[18:39:37] 
Buffer大小:  3192
[18:39:37] 噪声水平: 0.0875
[18:39:37] 
动作统计:
[18:39:37]   wind      : mean= 0.150, std= 0.122
[18:39:37]   solar     : mean=-0.230, std= 0.304
[18:39:37]   diesel    : mean= 0.227, std= 0.642
[18:39:37]   battery   : mean= 0.604, std= 0.669
[18:39:37]   customer  : mean= 0.437, std= 0.593
[18:39:38] 
======================================================================
[18:39:38] Episode 124/200
[18:39:38] ======================================================================
[18:39:38] 总奖励:   -84.16 | 步数: 24
[18:39:38] 最近10个episodes平均:   -89.03
[18:39:38] 
各Agent奖励:
[18:39:38]   wind      :   67.838
[18:39:38]   solar     :   27.665
[18:39:38]   diesel    :   -0.594
[18:39:38]   battery   :    0.106
[18:39:38]   customer  : -179.177
[18:39:38] 
🔌 Main Grid 交易:
[18:39:38]   进口电量:   230.77 kWh
[18:39:38]   出口电量:  2092.10 kWh
[18:39:38]   净交易量: -1861.33 kWh
[18:39:38]   平均出清价:   9.27 cents/kWh
[18:39:38]   市场独立度:  35.48%
[18:39:38] 
Buffer大小:  3216
[18:39:38] 噪声水平: 0.0875
[18:39:38] 
动作统计:
[18:39:38]   wind      : mean= 0.163, std= 0.110
[18:39:38]   solar     : mean=-0.243, std= 0.291
[18:39:38]   diesel    : mean= 0.234, std= 0.631
[18:39:38]   battery   : mean= 0.565, std= 0.681
[18:39:38]   customer  : mean= 0.471, std= 0.535
[18:39:39] 
======================================================================
[18:39:39] Episode 125/200
[18:39:39] ======================================================================
[18:39:39] 总奖励:   -72.21 | 步数: 24
[18:39:39] 最近10个episodes平均:   -83.95
[18:39:39] 
各Agent奖励:
[18:39:39]   wind      :   75.215
[18:39:39]   solar     :   29.176
[18:39:39]   diesel    :    2.413
[18:39:39]   battery   :    0.103
[18:39:39]   customer  : -179.118
[18:39:39] 
🔌 Main Grid 交易:
[18:39:39]   进口电量:   114.49 kWh
[18:39:39]   出口电量:  1827.33 kWh
[18:39:39]   净交易量: -1712.84 kWh
[18:39:39]   平均出清价:   8.51 cents/kWh
[18:39:39]   市场独立度:  46.06%
[18:39:39] 
Buffer大小:  3240
[18:39:39] 噪声水平: 0.0874
[18:39:39] 
动作统计:
[18:39:39]   wind      : mean= 0.137, std= 0.120
[18:39:39]   solar     : mean=-0.221, std= 0.348
[18:39:39]   diesel    : mean= 0.214, std= 0.620
[18:39:39]   battery   : mean= 0.586, std= 0.665
[18:39:39]   customer  : mean= 0.457, std= 0.557
[18:39:40] 
======================================================================
[18:39:40] Episode 126/200
[18:39:40] ======================================================================
[18:39:40] 总奖励:  -117.43 | 步数: 24
[18:39:40] 最近10个episodes平均:   -84.14
[18:39:40] 
各Agent奖励:
[18:39:40]   wind      :   49.312
[18:39:40]   solar     :   15.823
[18:39:40]   diesel    :    3.575
[18:39:40]   battery   :    0.000
[18:39:40]   customer  : -186.142
[18:39:40] 
🔌 Main Grid 交易:
[18:39:40]   进口电量:   300.16 kWh
[18:39:40]   出口电量:  1888.67 kWh
[18:39:40]   净交易量: -1588.51 kWh
[18:39:40]   平均出清价:   7.45 cents/kWh
[18:39:40]   市场独立度:  39.20%
[18:39:40] 
Buffer大小:  3264
[18:39:40] 噪声水平: 0.0873
[18:39:40] 
动作统计:
[18:39:40]   wind      : mean= 0.157, std= 0.156
[18:39:40]   solar     : mean=-0.193, std= 0.390
[18:39:40]   diesel    : mean= 0.220, std= 0.601
[18:39:40]   battery   : mean= 0.546, std= 0.681
[18:39:40]   customer  : mean= 0.473, std= 0.529
[18:39:41] 
======================================================================
[18:39:41] Episode 127/200
[18:39:41] ======================================================================
[18:39:41] 总奖励:   -78.00 | 步数: 24
[18:39:41] 最近10个episodes平均:   -82.02
[18:39:41] 
各Agent奖励:
[18:39:41]   wind      :   65.536
[18:39:41]   solar     :   20.852
[18:39:41]   diesel    :    1.535
[18:39:41]   battery   :    0.000
[18:39:41]   customer  : -165.920
[18:39:41] 
🔌 Main Grid 交易:
[18:39:41]   进口电量:   131.93 kWh
[18:39:41]   出口电量:  1984.37 kWh
[18:39:41]   净交易量: -1852.45 kWh
[18:39:41]   平均出清价:   6.87 cents/kWh
[18:39:41]   市场独立度:  41.21%
[18:39:41] 
Buffer大小:  3288
[18:39:41] 噪声水平: 0.0872
[18:39:41] 
动作统计:
[18:39:41]   wind      : mean= 0.118, std= 0.155
[18:39:41]   solar     : mean=-0.190, std= 0.377
[18:39:41]   diesel    : mean= 0.205, std= 0.551
[18:39:41]   battery   : mean= 0.502, std= 0.662
[18:39:41]   customer  : mean= 0.490, std= 0.536
[18:39:42] 
======================================================================
[18:39:42] Episode 128/200
[18:39:42] ======================================================================
[18:39:42] 总奖励:   -76.99 | 步数: 24
[18:39:42] 最近10个episodes平均:   -81.97
[18:39:42] 
各Agent奖励:
[18:39:42]   wind      :   66.597
[18:39:42]   solar     :   28.096
[18:39:42]   diesel    :   11.031
[18:39:42]   battery   :   -0.041
[18:39:42]   customer  : -182.672
[18:39:42] 
🔌 Main Grid 交易:
[18:39:42]   进口电量:   110.71 kWh
[18:39:42]   出口电量:  1949.06 kWh
[18:39:42]   净交易量: -1838.35 kWh
[18:39:42]   平均出清价:   6.47 cents/kWh
[18:39:42]   市场独立度:  42.78%
[18:39:42] 
Buffer大小:  3312
[18:39:42] 噪声水平: 0.0871
[18:39:42] 
动作统计:
[18:39:42]   wind      : mean= 0.142, std= 0.128
[18:39:42]   solar     : mean=-0.191, std= 0.400
[18:39:42]   diesel    : mean= 0.239, std= 0.567
[18:39:42]   battery   : mean= 0.446, std= 0.715
[18:39:42]   customer  : mean= 0.495, std= 0.524
[18:39:42] 
======================================================================
[18:39:42] Episode 129/200
[18:39:42] ======================================================================
[18:39:42] 总奖励:   -98.01 | 步数: 24
[18:39:42] 最近10个episodes平均:   -84.81
[18:39:42] 
各Agent奖励:
[18:39:42]   wind      :   55.310
[18:39:42]   solar     :   24.999
[18:39:42]   diesel    :    1.753
[18:39:42]   battery   :   -0.079
[18:39:42]   customer  : -179.996
[18:39:42] 
🔌 Main Grid 交易:
[18:39:42]   进口电量:   215.07 kWh
[18:39:42]   出口电量:  1907.94 kWh
[18:39:42]   净交易量: -1692.87 kWh
[18:39:42]   平均出清价:   7.78 cents/kWh
[18:39:42]   市场独立度:  41.03%
[18:39:42] 
Buffer大小:  3336
[18:39:42] 噪声水平: 0.0870
[18:39:42] 
动作统计:
[18:39:42]   wind      : mean= 0.078, std= 0.125
[18:39:42]   solar     : mean=-0.143, std= 0.462
[18:39:42]   diesel    : mean= 0.263, std= 0.487
[18:39:42]   battery   : mean= 0.425, std= 0.731
[18:39:42]   customer  : mean= 0.504, std= 0.521
[18:39:43] 
======================================================================
[18:39:43] Episode 130/200
[18:39:43] ======================================================================
[18:39:43] 总奖励:  -100.94 | 步数: 24
[18:39:43] 最近10个episodes平均:   -90.14
[18:39:43] 
各Agent奖励:
[18:39:43]   wind      :   54.716
[18:39:43]   solar     :   28.941
[18:39:43]   diesel    :    9.872
[18:39:43]   battery   :   -0.481
[18:39:43]   customer  : -193.984
[18:39:43] 
🔌 Main Grid 交易:
[18:39:43]   进口电量:   238.92 kWh
[18:39:43]   出口电量:  1605.33 kWh
[18:39:43]   净交易量: -1366.41 kWh
[18:39:43]   平均出清价:   7.55 cents/kWh
[18:39:43]   市场独立度:  48.77%
[18:39:43] 
Buffer大小:  3360
[18:39:43] 噪声水平: 0.0869
[18:39:43] 
动作统计:
[18:39:43]   wind      : mean= 0.123, std= 0.142
[18:39:43]   solar     : mean=-0.156, std= 0.456
[18:39:43]   diesel    : mean= 0.301, std= 0.475
[18:39:43]   battery   : mean= 0.366, std= 0.755
[18:39:43]   customer  : mean= 0.537, std= 0.418
[18:39:43] 
📊 生成可视化图表...
[18:39:44]   ✓ debug_plots/training_ep0130.png
[18:39:45] 
======================================================================
[18:39:45] Episode 131/200
[18:39:45] ======================================================================
[18:39:45] 总奖励:  -110.91 | 步数: 24
[18:39:45] 最近10个episodes平均:   -93.79
[18:39:45] 
各Agent奖励:
[18:39:45]   wind      :   49.948
[18:39:45]   solar     :   18.018
[18:39:45]   diesel    :   -1.057
[18:39:45]   battery   :    0.000
[18:39:45]   customer  : -177.822
[18:39:45] 
🔌 Main Grid 交易:
[18:39:45]   进口电量:   195.57 kWh
[18:39:45]   出口电量:  2031.51 kWh
[18:39:45]   净交易量: -1835.94 kWh
[18:39:45]   平均出清价:   8.67 cents/kWh
[18:39:45]   市场独立度:  38.14%
[18:39:45] 
Buffer大小:  3384
[18:39:45] 噪声水平: 0.0868
[18:39:45] 
动作统计:
[18:39:45]   wind      : mean= 0.131, std= 0.109
[18:39:45]   solar     : mean=-0.121, std= 0.537
[18:39:45]   diesel    : mean= 0.296, std= 0.439
[18:39:45]   battery   : mean= 0.373, std= 0.749
[18:39:45]   customer  : mean= 0.565, std= 0.458
[18:39:45] 
======================================================================
[18:39:45] Episode 132/200
[18:39:45] ======================================================================
[18:39:45] 总奖励:  -108.18 | 步数: 24
[18:39:45] 最近10个episodes平均:   -95.28
[18:39:45] 
各Agent奖励:
[18:39:45]   wind      :   53.021
[18:39:45]   solar     :   12.021
[18:39:45]   diesel    :    0.495
[18:39:45]   battery   :    0.000
[18:39:45]   customer  : -173.718
[18:39:45] 
🔌 Main Grid 交易:
[18:39:45]   进口电量:   169.64 kWh
[18:39:45]   出口电量:  2147.27 kWh
[18:39:45]   净交易量: -1977.63 kWh
[18:39:45]   平均出清价:   7.19 cents/kWh
[18:39:45]   市场独立度:  35.64%
[18:39:45] 
Buffer大小:  3408
[18:39:45] 噪声水平: 0.0868
[18:39:45] 
动作统计:
[18:39:45]   wind      : mean= 0.125, std= 0.093
[18:39:45]   solar     : mean=-0.084, std= 0.491
[18:39:45]   diesel    : mean= 0.335, std= 0.375
[18:39:45]   battery   : mean= 0.412, std= 0.739
[18:39:45]   customer  : mean= 0.616, std= 0.384
[18:39:46] 
======================================================================
[18:39:46] Episode 133/200
[18:39:46] ======================================================================
[18:39:46] 总奖励:  -114.81 | 步数: 24
[18:39:46] 最近10个episodes平均:   -96.16
[18:39:46] 
各Agent奖励:
[18:39:46]   wind      :   36.984
[18:39:46]   solar     :   10.303
[18:39:46]   diesel    :   -5.602
[18:39:46]   battery   :    0.000
[18:39:46]   customer  : -156.497
[18:39:46] 
🔌 Main Grid 交易:
[18:39:46]   进口电量:   164.60 kWh
[18:39:46]   出口电量:  2073.71 kWh
[18:39:46]   净交易量: -1909.11 kWh
[18:39:46]   平均出清价:   6.83 cents/kWh
[18:39:46]   市场独立度:  37.82%
[18:39:46] 
Buffer大小:  3432
[18:39:46] 噪声水平: 0.0867
[18:39:46] 
动作统计:
[18:39:46]   wind      : mean= 0.121, std= 0.109
[18:39:46]   solar     : mean=-0.096, std= 0.541
[18:39:46]   diesel    : mean= 0.332, std= 0.390
[18:39:46]   battery   : mean= 0.432, std= 0.751
[18:39:46]   customer  : mean= 0.589, std= 0.402
[18:39:47] 
======================================================================
[18:39:47] Episode 134/200
[18:39:47] ======================================================================
[18:39:47] 总奖励:   -83.02 | 步数: 24
[18:39:47] 最近10个episodes平均:   -96.05
[18:39:47] 
各Agent奖励:
[18:39:47]   wind      :   63.040
[18:39:47]   solar     :   20.030
[18:39:47]   diesel    :   -0.366
[18:39:47]   battery   :   -0.104
[18:39:47]   customer  : -165.615
[18:39:47] 
🔌 Main Grid 交易:
[18:39:47]   进口电量:    70.28 kWh
[18:39:47]   出口电量:  1957.61 kWh
[18:39:47]   净交易量: -1887.33 kWh
[18:39:47]   平均出清价:   8.52 cents/kWh
[18:39:47]   市场独立度:  43.67%
[18:39:47] 
Buffer大小:  3456
[18:39:47] 噪声水平: 0.0866
[18:39:47] 
动作统计:
[18:39:47]   wind      : mean= 0.093, std= 0.107
[18:39:47]   solar     : mean=-0.077, std= 0.581
[18:39:47]   diesel    : mean= 0.345, std= 0.381
[18:39:47]   battery   : mean= 0.396, std= 0.763
[18:39:47]   customer  : mean= 0.579, std= 0.387
[18:39:48] 
======================================================================
[18:39:48] Episode 135/200
[18:39:48] ======================================================================
[18:39:48] 总奖励:  -122.06 | 步数: 24
[18:39:48] 最近10个episodes平均:  -101.04
[18:39:48] 
各Agent奖励:
[18:39:48]   wind      :   44.029
[18:39:48]   solar     :   14.995
[18:39:48]   diesel    :   -4.849
[18:39:48]   battery   :    0.000
[18:39:48]   customer  : -176.240
[18:39:48] 
🔌 Main Grid 交易:
[18:39:48]   进口电量:   196.46 kWh
[18:39:48]   出口电量:  2283.52 kWh
[18:39:48]   净交易量: -2087.06 kWh
[18:39:48]   平均出清价:   7.73 cents/kWh
[18:39:48]   市场独立度:  31.11%
[18:39:48] 
Buffer大小:  3480
[18:39:48] 噪声水平: 0.0865
[18:39:48] 
动作统计:
[18:39:48]   wind      : mean= 0.086, std= 0.103
[18:39:48]   solar     : mean=-0.085, std= 0.553
[18:39:48]   diesel    : mean= 0.349, std= 0.361
[18:39:48]   battery   : mean= 0.500, std= 0.733
[18:39:48]   customer  : mean= 0.605, std= 0.445
[18:39:49] 
======================================================================
[18:39:49] Episode 136/200
[18:39:49] ======================================================================
[18:39:49] 总奖励:  -117.72 | 步数: 24
[18:39:49] 最近10个episodes平均:  -101.06
[18:39:49] 
各Agent奖励:
[18:39:49]   wind      :   46.615
[18:39:49]   solar     :   13.705
[18:39:49]   diesel    :   -2.484
[18:39:49]   battery   :    0.000
[18:39:49]   customer  : -175.559
[18:39:49] 
🔌 Main Grid 交易:
[18:39:49]   进口电量:   179.97 kWh
[18:39:49]   出口电量:  2398.39 kWh
[18:39:49]   净交易量: -2218.42 kWh
[18:39:49]   平均出清价:   7.87 cents/kWh
[18:39:49]   市场独立度:  28.38%
[18:39:49] 
Buffer大小:  3504
[18:39:49] 噪声水平: 0.0864
[18:39:49] 
动作统计:
[18:39:49]   wind      : mean= 0.082, std= 0.115
[18:39:49]   solar     : mean=-0.051, std= 0.573
[18:39:49]   diesel    : mean= 0.342, std= 0.346
[18:39:49]   battery   : mean= 0.507, std= 0.718
[18:39:49]   customer  : mean= 0.602, std= 0.433
[18:39:50] 
======================================================================
[18:39:50] Episode 137/200
[18:39:50] ======================================================================
[18:39:50] 总奖励:  -117.05 | 步数: 24
[18:39:50] 最近10个episodes平均:  -104.97
[18:39:50] 
各Agent奖励:
[18:39:50]   wind      :   51.219
[18:39:50]   solar     :   11.728
[18:39:50]   diesel    :   -1.767
[18:39:50]   battery   :   -0.799
[18:39:50]   customer  : -177.430
[18:39:50] 
🔌 Main Grid 交易:
[18:39:50]   进口电量:   161.53 kWh
[18:39:50]   出口电量:  2322.49 kWh
[18:39:50]   净交易量: -2160.95 kWh
[18:39:50]   平均出清价:   8.28 cents/kWh
[18:39:50]   市场独立度:  31.00%
[18:39:50] 
Buffer大小:  3528
[18:39:50] 噪声水平: 0.0863
[18:39:50] 
动作统计:
[18:39:50]   wind      : mean= 0.111, std= 0.118
[18:39:50]   solar     : mean= 0.017, std= 0.574
[18:39:50]   diesel    : mean= 0.390, std= 0.354
[18:39:50]   battery   : mean= 0.554, std= 0.660
[18:39:50]   customer  : mean= 0.642, std= 0.381
[18:39:51] 
======================================================================
[18:39:51] Episode 138/200
[18:39:51] ======================================================================
[18:39:51] 总奖励:  -135.44 | 步数: 24
[18:39:51] 最近10个episodes平均:  -110.81
[18:39:51] 
各Agent奖励:
[18:39:51]   wind      :   44.427
[18:39:51]   solar     :    6.950
[18:39:51]   diesel    :    0.010
[18:39:51]   battery   :    0.000
[18:39:51]   customer  : -186.827
[18:39:51] 
🔌 Main Grid 交易:
[18:39:51]   进口电量:   246.29 kWh
[18:39:51]   出口电量:  2018.70 kWh
[18:39:51]   净交易量: -1772.41 kWh
[18:39:51]   平均出清价:   9.79 cents/kWh
[18:39:51]   市场独立度:  37.08%
[18:39:51] 
Buffer大小:  3552
[18:39:51] 噪声水平: 0.0862
[18:39:51] 
动作统计:
[18:39:51]   wind      : mean= 0.108, std= 0.122
[18:39:51]   solar     : mean= 0.050, std= 0.572
[18:39:51]   diesel    : mean= 0.374, std= 0.343
[18:39:51]   battery   : mean= 0.610, std= 0.639
[18:39:51]   customer  : mean= 0.623, std= 0.434
[18:39:51] 
======================================================================
[18:39:51] Episode 139/200
[18:39:51] ======================================================================
[18:39:51] 总奖励:  -142.69 | 步数: 24
[18:39:51] 最近10个episodes平均:  -115.28
[18:39:51] 
各Agent奖励:
[18:39:51]   wind      :   37.575
[18:39:51]   solar     :    6.407
[18:39:51]   diesel    :   -1.320
[18:39:51]   battery   :   -0.230
[18:39:51]   customer  : -185.119
[18:39:51] 
🔌 Main Grid 交易:
[18:39:51]   进口电量:   255.18 kWh
[18:39:51]   出口电量:  2299.63 kWh
[18:39:51]   净交易量: -2044.44 kWh
[18:39:51]   平均出清价:   7.73 cents/kWh
[18:39:51]   市场独立度:  29.03%
[18:39:51] 
Buffer大小:  3576
[18:39:51] 噪声水平: 0.0862
[18:39:51] 
动作统计:
[18:39:51]   wind      : mean= 0.088, std= 0.110
[18:39:51]   solar     : mean= 0.087, std= 0.537
[18:39:51]   diesel    : mean= 0.401, std= 0.339
[18:39:51]   battery   : mean= 0.596, std= 0.651
[18:39:51]   customer  : mean= 0.625, std= 0.447
[18:39:52] 
======================================================================
[18:39:52] Episode 140/200
[18:39:52] ======================================================================
[18:39:52] 总奖励:   -92.82 | 步数: 24
[18:39:52] 最近10个episodes平均:  -114.47
[18:39:52] 
各Agent奖励:
[18:39:52]   wind      :   70.442
[18:39:52]   solar     :   10.477
[18:39:52]   diesel    :    0.939
[18:39:52]   battery   :   -0.434
[18:39:52]   customer  : -174.247
[18:39:52] 
🔌 Main Grid 交易:
[18:39:52]   进口电量:    75.61 kWh
[18:39:52]   出口电量:  2569.76 kWh
[18:39:52]   净交易量: -2494.15 kWh
[18:39:52]   平均出清价:   7.08 cents/kWh
[18:39:52]   市场独立度:  26.52%
[18:39:52] 
Buffer大小:  3600
[18:39:52] 噪声水平: 0.0861
[18:39:52] 
动作统计:
[18:39:52]   wind      : mean= 0.097, std= 0.145
[18:39:52]   solar     : mean= 0.076, std= 0.550
[18:39:52]   diesel    : mean= 0.399, std= 0.339
[18:39:52]   battery   : mean= 0.606, std= 0.651
[18:39:52]   customer  : mean= 0.619, std= 0.404
[18:39:52] 
📊 生成可视化图表...
[18:39:53]   ✓ debug_plots/training_ep0140.png
[18:39:53] 
======================================================================
[18:39:53] Episode 141/200
[18:39:53] ======================================================================
[18:39:53] 总奖励:  -109.34 | 步数: 24
[18:39:53] 最近10个episodes平均:  -114.31
[18:39:53] 
各Agent奖励:
[18:39:53]   wind      :   49.350
[18:39:53]   solar     :   13.799
[18:39:53]   diesel    :   -1.387
[18:39:53]   battery   :   -1.475
[18:39:53]   customer  : -169.630
[18:39:53] 
🔌 Main Grid 交易:
[18:39:53]   进口电量:   117.34 kWh
[18:39:53]   出口电量:  2257.20 kWh
[18:39:53]   净交易量: -2139.86 kWh
[18:39:53]   平均出清价:   8.39 cents/kWh
[18:39:53]   市场独立度:  34.04%
[18:39:53] 
Buffer大小:  3624
[18:39:53] 噪声水平: 0.0860
[18:39:53] 
动作统计:
[18:39:53]   wind      : mean= 0.101, std= 0.096
[18:39:53]   solar     : mean= 0.075, std= 0.563
[18:39:53]   diesel    : mean= 0.413, std= 0.342
[18:39:53]   battery   : mean= 0.582, std= 0.658
[18:39:53]   customer  : mean= 0.619, std= 0.403
[18:39:54] 
======================================================================
[18:39:54] Episode 142/200
[18:39:54] ======================================================================
[18:39:54] 总奖励:   -78.97 | 步数: 24
[18:39:54] 最近10个episodes平均:  -111.39
[18:39:54] 
各Agent奖励:
[18:39:54]   wind      :   69.594
[18:39:54]   solar     :   18.665
[18:39:54]   diesel    :    0.634
[18:39:54]   battery   :   -2.321
[18:39:54]   customer  : -165.542
[18:39:54] 
🔌 Main Grid 交易:
[18:39:54]   进口电量:    31.38 kWh
[18:39:54]   出口电量:  2180.89 kWh
[18:39:54]   净交易量: -2149.50 kWh
[18:39:54]   平均出清价:   7.19 cents/kWh
[18:39:54]   市场独立度:  38.55%
[18:39:54] 
Buffer大小:  3648
[18:39:54] 噪声水平: 0.0859
[18:39:54] 
动作统计:
[18:39:54]   wind      : mean= 0.081, std= 0.115
[18:39:54]   solar     : mean= 0.072, std= 0.567
[18:39:54]   diesel    : mean= 0.427, std= 0.356
[18:39:54]   battery   : mean= 0.616, std= 0.643
[18:39:54]   customer  : mean= 0.583, std= 0.413
[18:39:55] 
======================================================================
[18:39:55] Episode 143/200
[18:39:55] ======================================================================
[18:39:55] 总奖励:  -126.51 | 步数: 24
[18:39:55] 最近10个episodes平均:  -112.56
[18:39:55] 
各Agent奖励:
[18:39:55]   wind      :   53.741
[18:39:55]   solar     :    8.075
[18:39:55]   diesel    :    0.288
[18:39:55]   battery   :    0.000
[18:39:55]   customer  : -188.609
[18:39:55] 
🔌 Main Grid 交易:
[18:39:55]   进口电量:   147.59 kWh
[18:39:55]   出口电量:  2335.93 kWh
[18:39:55]   净交易量: -2188.33 kWh
[18:39:55]   平均出清价:  10.53 cents/kWh
[18:39:55]   市场独立度:  31.01%
[18:39:55] 
Buffer大小:  3672
[18:39:55] 噪声水平: 0.0858
[18:39:55] 
动作统计:
[18:39:55]   wind      : mean= 0.140, std= 0.132
[18:39:55]   solar     : mean= 0.165, std= 0.555
[18:39:55]   diesel    : mean= 0.422, std= 0.354
[18:39:55]   battery   : mean= 0.619, std= 0.636
[18:39:55]   customer  : mean= 0.610, std= 0.421
[18:39:56] 
======================================================================
[18:39:56] Episode 144/200
[18:39:56] ======================================================================
[18:39:56] 总奖励:   -93.24 | 步数: 24
[18:39:56] 最近10个episodes平均:  -113.58
[18:39:56] 
各Agent奖励:
[18:39:56]   wind      :   55.663
[18:39:56]   solar     :   20.546
[18:39:56]   diesel    :    0.780
[18:39:56]   battery   :   -2.099
[18:39:56]   customer  : -168.133
[18:39:56] 
🔌 Main Grid 交易:
[18:39:56]   进口电量:    92.66 kWh
[18:39:56]   出口电量:  2338.17 kWh
[18:39:56]   净交易量: -2245.51 kWh
[18:39:56]   平均出清价:   7.40 cents/kWh
[18:39:56]   市场独立度:  32.48%
[18:39:56] 
Buffer大小:  3696
[18:39:56] 噪声水平: 0.0857
[18:39:56] 
动作统计:
[18:39:56]   wind      : mean= 0.123, std= 0.103
[18:39:56]   solar     : mean= 0.084, std= 0.538
[18:39:56]   diesel    : mean= 0.442, std= 0.318
[18:39:56]   battery   : mean= 0.546, std= 0.685
[18:39:56]   customer  : mean= 0.590, std= 0.404
[18:39:57] 
======================================================================
[18:39:57] Episode 145/200
[18:39:57] ======================================================================
[18:39:57] 总奖励:   -97.97 | 步数: 24
[18:39:57] 最近10个episodes平均:  -111.18
[18:39:57] 
各Agent奖励:
[18:39:57]   wind      :   65.814
[18:39:57]   solar     :    8.530
[18:39:57]   diesel    :   -3.516
[18:39:57]   battery   :    0.000
[18:39:57]   customer  : -168.799
[18:39:57] 
🔌 Main Grid 交易:
[18:39:57]   进口电量:    90.91 kWh
[18:39:57]   出口电量:  2290.28 kWh
[18:39:57]   净交易量: -2199.37 kWh
[18:39:57]   平均出清价:   8.02 cents/kWh
[18:39:57]   市场独立度:  33.86%
[18:39:57] 
Buffer大小:  3720
[18:39:57] 噪声水平: 0.0856
[18:39:57] 
动作统计:
[18:39:57]   wind      : mean= 0.103, std= 0.130
[18:39:57]   solar     : mean= 0.152, std= 0.565
[18:39:57]   diesel    : mean= 0.434, std= 0.336
[18:39:57]   battery   : mean= 0.553, std= 0.686
[18:39:57]   customer  : mean= 0.564, std= 0.449
[18:39:58] 
======================================================================
[18:39:58] Episode 146/200
[18:39:58] ======================================================================
[18:39:58] 总奖励:  -108.54 | 步数: 24
[18:39:58] 最近10个episodes平均:  -110.26
[18:39:58] 
各Agent奖励:
[18:39:58]   wind      :   54.236
[18:39:58]   solar     :    9.515
[18:39:58]   diesel    :    2.207
[18:39:58]   battery   :    0.000
[18:39:58]   customer  : -174.501
[18:39:58] 
🔌 Main Grid 交易:
[18:39:58]   进口电量:   109.41 kWh
[18:39:58]   出口电量:  2403.58 kWh
[18:39:58]   净交易量: -2294.17 kWh
[18:39:58]   平均出清价:   8.42 cents/kWh
[18:39:58]   市场独立度:  30.19%
[18:39:58] 
Buffer大小:  3744
[18:39:58] 噪声水平: 0.0855
[18:39:58] 
动作统计:
[18:39:58]   wind      : mean= 0.099, std= 0.128
[18:39:58]   solar     : mean= 0.162, std= 0.530
[18:39:58]   diesel    : mean= 0.447, std= 0.327
[18:39:58]   battery   : mean= 0.574, std= 0.647
[18:39:58]   customer  : mean= 0.602, std= 0.376
[18:39:59] 
======================================================================
[18:39:59] Episode 147/200
[18:39:59] ======================================================================
[18:39:59] 总奖励:   -96.01 | 步数: 24
[18:39:59] 最近10个episodes平均:  -108.15
[18:39:59] 
各Agent奖励:
[18:39:59]   wind      :   60.360
[18:39:59]   solar     :   15.571
[18:39:59]   diesel    :    3.362
[18:39:59]   battery   :    0.000
[18:39:59]   customer  : -175.307
[18:39:59] 
🔌 Main Grid 交易:
[18:39:59]   进口电量:    90.30 kWh
[18:39:59]   出口电量:  2106.28 kWh
[18:39:59]   净交易量: -2015.98 kWh
[18:39:59]   平均出清价:   9.09 cents/kWh
[18:39:59]   市场独立度:  38.98%
[18:39:59] 
Buffer大小:  3768
[18:39:59] 噪声水平: 0.0855
[18:39:59] 
动作统计:
[18:39:59]   wind      : mean= 0.129, std= 0.120
[18:39:59]   solar     : mean= 0.136, std= 0.520
[18:39:59]   diesel    : mean= 0.424, std= 0.346
[18:39:59]   battery   : mean= 0.528, std= 0.683
[18:39:59]   customer  : mean= 0.588, std= 0.379
[18:40:00] 
======================================================================
[18:40:00] Episode 148/200
[18:40:00] ======================================================================
[18:40:00] 总奖励:  -142.22 | 步数: 24
[18:40:00] 最近10个episodes平均:  -108.83
[18:40:00] 
各Agent奖励:
[18:40:00]   wind      :   31.331
[18:40:00]   solar     :    9.396
[18:40:00]   diesel    :    5.648
[18:40:00]   battery   :    0.025
[18:40:00]   customer  : -188.616
[18:40:00] 
🔌 Main Grid 交易:
[18:40:00]   进口电量:   183.86 kWh
[18:40:00]   出口电量:  2027.45 kWh
[18:40:00]   净交易量: -1843.59 kWh
[18:40:00]   平均出清价:   8.81 cents/kWh
[18:40:00]   市场独立度:  38.57%
[18:40:00] 
Buffer大小:  3792
[18:40:00] 噪声水平: 0.0854
[18:40:00] 
动作统计:
[18:40:00]   wind      : mean= 0.132, std= 0.108
[18:40:00]   solar     : mean= 0.173, std= 0.513
[18:40:00]   diesel    : mean= 0.420, std= 0.333
[18:40:00]   battery   : mean= 0.550, std= 0.686
[18:40:00]   customer  : mean= 0.610, std= 0.381
[18:40:00] 
======================================================================
[18:40:00] Episode 149/200
[18:40:00] ======================================================================
[18:40:00] 总奖励:  -118.56 | 步数: 24
[18:40:00] 最近10个episodes平均:  -106.42
[18:40:00] 
各Agent奖励:
[18:40:00]   wind      :   44.512
[18:40:00]   solar     :   15.571
[18:40:00]   diesel    :    4.278
[18:40:00]   battery   :   -1.804
[18:40:00]   customer  : -181.121
[18:40:00] 
🔌 Main Grid 交易:
[18:40:00]   进口电量:   129.42 kWh
[18:40:00]   出口电量:  2145.09 kWh
[18:40:00]   净交易量: -2015.67 kWh
[18:40:00]   平均出清价:   8.07 cents/kWh
[18:40:00]   市场独立度:  36.82%
[18:40:00] 
Buffer大小:  3816
[18:40:00] 噪声水平: 0.0853
[18:40:00] 
动作统计:
[18:40:00]   wind      : mean= 0.139, std= 0.103
[18:40:00]   solar     : mean= 0.208, std= 0.520
[18:40:00]   diesel    : mean= 0.445, std= 0.340
[18:40:00]   battery   : mean= 0.504, std= 0.711
[18:40:00]   customer  : mean= 0.603, std= 0.358
[18:40:01] 
======================================================================
[18:40:01] Episode 150/200
[18:40:01] ======================================================================
[18:40:01] 总奖励:   -83.29 | 步数: 24
[18:40:01] 最近10个episodes平均:  -105.47
[18:40:01] 
各Agent奖励:
[18:40:01]   wind      :   69.345
[18:40:01]   solar     :   15.759
[18:40:01]   diesel    :    2.693
[18:40:01]   battery   :   -1.456
[18:40:01]   customer  : -169.628
[18:40:01] 
🔌 Main Grid 交易:
[18:40:01]   进口电量:    51.86 kWh
[18:40:01]   出口电量:  2290.56 kWh
[18:40:01]   净交易量: -2238.70 kWh
[18:40:01]   平均出清价:   7.45 cents/kWh
[18:40:01]   市场独立度:  34.93%
[18:40:01] 
Buffer大小:  3840
[18:40:01] 噪声水平: 0.0852
[18:40:01] 
动作统计:
[18:40:01]   wind      : mean= 0.140, std= 0.112
[18:40:01]   solar     : mean= 0.139, std= 0.512
[18:40:01]   diesel    : mean= 0.437, std= 0.362
[18:40:01]   battery   : mean= 0.489, std= 0.740
[18:40:01]   customer  : mean= 0.598, std= 0.364
[18:40:01] 
📊 生成可视化图表...
[18:40:02]   ✓ debug_plots/training_ep0150.png
[18:40:02] 💾 保存checkpoint: debug_checkpoints/debug_maddpg_20251203_183743_ep0150.pt
[18:40:02] 
======================================================================
[18:40:02] Episode 151/200
[18:40:02] ======================================================================
[18:40:02] 总奖励:  -114.30 | 步数: 24
[18:40:02] 最近10个episodes平均:  -105.96
[18:40:02] 
各Agent奖励:
[18:40:02]   wind      :   45.044
[18:40:02]   solar     :   11.767
[18:40:02]   diesel    :    2.019
[18:40:02]   battery   :    0.000
[18:40:02]   customer  : -173.130
[18:40:02] 
🔌 Main Grid 交易:
[18:40:02]   进口电量:     6.01 kWh
[18:40:02]   出口电量:  2200.54 kWh
[18:40:02]   净交易量: -2194.52 kWh
[18:40:02]   平均出清价:   9.12 cents/kWh
[18:40:02]   市场独立度:  38.71%
[18:40:02] 
Buffer大小:  3864
[18:40:02] 噪声水平: 0.0851
[18:40:02] 
动作统计:
[18:40:02]   wind      : mean= 0.113, std= 0.107
[18:40:02]   solar     : mean= 0.228, std= 0.497
[18:40:02]   diesel    : mean= 0.457, std= 0.329
[18:40:02]   battery   : mean= 0.474, std= 0.705
[18:40:02]   customer  : mean= 0.621, std= 0.338
[18:40:03] 
======================================================================
[18:40:03] Episode 152/200
[18:40:03] ======================================================================
[18:40:03] 总奖励:  -125.81 | 步数: 24
[18:40:03] 最近10个episodes平均:  -110.65
[18:40:03] 
各Agent奖励:
[18:40:03]   wind      :   36.603
[18:40:03]   solar     :   10.574
[18:40:03]   diesel    :    3.168
[18:40:03]   battery   :   -3.181
[18:40:03]   customer  : -172.978
[18:40:03] 
🔌 Main Grid 交易:
[18:40:03]   进口电量:   133.34 kWh
[18:40:03]   出口电量:  2505.74 kWh
[18:40:03]   净交易量: -2372.40 kWh
[18:40:03]   平均出清价:   7.10 cents/kWh
[18:40:03]   市场独立度:  26.69%
[18:40:03] 
Buffer大小:  3888
[18:40:03] 噪声水平: 0.0850
[18:40:03] 
动作统计:
[18:40:03]   wind      : mean= 0.117, std= 0.097
[18:40:03]   solar     : mean= 0.252, std= 0.514
[18:40:03]   diesel    : mean= 0.447, std= 0.317
[18:40:03]   battery   : mean= 0.531, std= 0.695
[18:40:03]   customer  : mean= 0.607, std= 0.331
[18:40:04] 
======================================================================
[18:40:04] Episode 153/200
[18:40:04] ======================================================================
[18:40:04] 总奖励:  -109.42 | 步数: 24
[18:40:04] 最近10个episodes平均:  -108.94
[18:40:04] 
各Agent奖励:
[18:40:04]   wind      :   47.656
[18:40:04]   solar     :   16.174
[18:40:04]   diesel    :    5.344
[18:40:04]   battery   :    0.000
[18:40:04]   customer  : -178.597
[18:40:04] 
🔌 Main Grid 交易:
[18:40:04]   进口电量:    71.28 kWh
[18:40:04]   出口电量:  2408.11 kWh
[18:40:04]   净交易量: -2336.83 kWh
[18:40:04]   平均出清价:   9.36 cents/kWh
[18:40:04]   市场独立度:  31.13%
[18:40:04] 
Buffer大小:  3912
[18:40:04] 噪声水平: 0.0850
[18:40:04] 
动作统计:
[18:40:04]   wind      : mean= 0.140, std= 0.095
[18:40:04]   solar     : mean= 0.222, std= 0.464
[18:40:04]   diesel    : mean= 0.457, std= 0.330
[18:40:04]   battery   : mean= 0.529, std= 0.699
[18:40:04]   customer  : mean= 0.594, std= 0.352
[18:40:05] 
======================================================================
[18:40:05] Episode 154/200
[18:40:05] ======================================================================
[18:40:05] 总奖励:  -125.52 | 步数: 24
[18:40:05] 最近10个episodes平均:  -112.16
[18:40:05] 
各Agent奖励:
[18:40:05]   wind      :   49.129
[18:40:05]   solar     :    5.303
[18:40:05]   diesel    :    4.601
[18:40:05]   battery   :    0.000
[18:40:05]   customer  : -184.548
[18:40:05] 
🔌 Main Grid 交易:
[18:40:05]   进口电量:    71.87 kWh
[18:40:05]   出口电量:  2256.71 kWh
[18:40:05]   净交易量: -2184.84 kWh
[18:40:05]   平均出清价:   9.87 cents/kWh
[18:40:05]   市场独立度:  35.32%
[18:40:05] 
Buffer大小:  3936
[18:40:05] 噪声水平: 0.0849
[18:40:05] 
动作统计:
[18:40:05]   wind      : mean= 0.081, std= 0.089
[18:40:05]   solar     : mean= 0.338, std= 0.411
[18:40:05]   diesel    : mean= 0.473, std= 0.335
[18:40:05]   battery   : mean= 0.588, std= 0.651
[18:40:05]   customer  : mean= 0.608, std= 0.337
[18:40:06] 
======================================================================
[18:40:06] Episode 155/200
[18:40:06] ======================================================================
[18:40:06] 总奖励:  -110.06 | 步数: 24
[18:40:06] 最近10个episodes平均:  -113.37
[18:40:06] 
各Agent奖励:
[18:40:06]   wind      :   45.664
[18:40:06]   solar     :   13.713
[18:40:06]   diesel    :    0.145
[18:40:06]   battery   :    0.000
[18:40:06]   customer  : -169.586
[18:40:06] 
🔌 Main Grid 交易:
[18:40:06]   进口电量:    75.57 kWh
[18:40:06]   出口电量:  2408.33 kWh
[18:40:06]   净交易量: -2332.75 kWh
[18:40:06]   平均出清价:   7.77 cents/kWh
[18:40:06]   市场独立度:  31.00%
[18:40:06] 
Buffer大小:  3960
[18:40:06] 噪声水平: 0.0848
[18:40:06] 
动作统计:
[18:40:06]   wind      : mean= 0.109, std= 0.075
[18:40:06]   solar     : mean= 0.273, std= 0.442
[18:40:06]   diesel    : mean= 0.461, std= 0.315
[18:40:06]   battery   : mean= 0.625, std= 0.657
[18:40:06]   customer  : mean= 0.603, std= 0.337
[18:40:07] 
======================================================================
[18:40:07] Episode 156/200
[18:40:07] ======================================================================
[18:40:07] 总奖励:  -106.77 | 步数: 24
[18:40:07] 最近10个episodes平均:  -113.20
[18:40:07] 
各Agent奖励:
[18:40:07]   wind      :   55.906
[18:40:07]   solar     :   12.149
[18:40:07]   diesel    :    3.444
[18:40:07]   battery   :    0.000
[18:40:07]   customer  : -178.272
[18:40:07] 
🔌 Main Grid 交易:
[18:40:07]   进口电量:    63.08 kWh
[18:40:07]   出口电量:  2099.13 kWh
[18:40:07]   净交易量: -2036.04 kWh
[18:40:07]   平均出清价:   9.15 cents/kWh
[18:40:07]   市场独立度:  39.94%
[18:40:07] 
Buffer大小:  3984
[18:40:07] 噪声水平: 0.0847
[18:40:07] 
动作统计:
[18:40:07]   wind      : mean= 0.135, std= 0.096
[18:40:07]   solar     : mean= 0.369, std= 0.412
[18:40:07]   diesel    : mean= 0.448, std= 0.348
[18:40:07]   battery   : mean= 0.573, std= 0.691
[18:40:07]   customer  : mean= 0.624, std= 0.341
[18:40:08] 
======================================================================
[18:40:08] Episode 157/200
[18:40:08] ======================================================================
[18:40:08] 总奖励:  -112.25 | 步数: 24
[18:40:08] 最近10个episodes平均:  -114.82
[18:40:08] 
各Agent奖励:
[18:40:08]   wind      :   48.452
[18:40:08]   solar     :    5.384
[18:40:08]   diesel    :   -3.535
[18:40:08]   battery   :   -1.000
[18:40:08]   customer  : -161.549
[18:40:08] 
🔌 Main Grid 交易:
[18:40:08]   进口电量:    18.47 kWh
[18:40:08]   出口电量:  2351.54 kWh
[18:40:08]   净交易量: -2333.07 kWh
[18:40:08]   平均出清价:   7.13 cents/kWh
[18:40:08]   市场独立度:  34.17%
[18:40:08] 
Buffer大小:  4008
[18:40:08] 噪声水平: 0.0846
[18:40:08] 
动作统计:
[18:40:08]   wind      : mean= 0.129, std= 0.098
[18:40:08]   solar     : mean= 0.352, std= 0.428
[18:40:08]   diesel    : mean= 0.456, std= 0.342
[18:40:08]   battery   : mean= 0.515, std= 0.714
[18:40:08]   customer  : mean= 0.624, std= 0.318
[18:40:08] 
======================================================================
[18:40:08] Episode 158/200
[18:40:08] ======================================================================
[18:40:08] 总奖励:  -103.94 | 步数: 24
[18:40:08] 最近10个episodes平均:  -110.99
[18:40:08] 
各Agent奖励:
[18:40:08]   wind      :   60.074
[18:40:08]   solar     :   13.473
[18:40:08]   diesel    :    6.907
[18:40:08]   battery   :    0.045
[18:40:08]   customer  : -184.440
[18:40:08] 
🔌 Main Grid 交易:
[18:40:08]   进口电量:    18.29 kWh
[18:40:08]   出口电量:  2230.04 kWh
[18:40:08]   净交易量: -2211.75 kWh
[18:40:08]   平均出清价:  10.97 cents/kWh
[18:40:08]   市场独立度:  37.55%
[18:40:08] 
Buffer大小:  4032
[18:40:08] 噪声水平: 0.0845
[18:40:08] 
动作统计:
[18:40:08]   wind      : mean= 0.134, std= 0.097
[18:40:08]   solar     : mean= 0.369, std= 0.414
[18:40:08]   diesel    : mean= 0.466, std= 0.323
[18:40:08]   battery   : mean= 0.554, std= 0.694
[18:40:08]   customer  : mean= 0.610, std= 0.311
[18:40:09] 
======================================================================
[18:40:09] Episode 159/200
[18:40:09] ======================================================================
[18:40:09] 总奖励:  -116.46 | 步数: 24
[18:40:09] 最近10个episodes平均:  -110.78
[18:40:09] 
各Agent奖励:
[18:40:09]   wind      :   36.920
[18:40:09]   solar     :   14.714
[18:40:09]   diesel    :    1.593
[18:40:09]   battery   :   -0.413
[18:40:09]   customer  : -169.276
[18:40:09] 
🔌 Main Grid 交易:
[18:40:09]   进口电量:    33.57 kWh
[18:40:09]   出口电量:  2387.16 kWh
[18:40:09]   净交易量: -2353.59 kWh
[18:40:09]   平均出清价:   6.73 cents/kWh
[18:40:09]   市场独立度:  32.76%
[18:40:09] 
Buffer大小:  4056
[18:40:09] 噪声水平: 0.0844
[18:40:09] 
动作统计:
[18:40:09]   wind      : mean= 0.084, std= 0.095
[18:40:09]   solar     : mean= 0.291, std= 0.447
[18:40:09]   diesel    : mean= 0.458, std= 0.357
[18:40:09]   battery   : mean= 0.476, std= 0.751
[18:40:09]   customer  : mean= 0.607, std= 0.301
[18:40:10] 
======================================================================
[18:40:10] Episode 160/200
[18:40:10] ======================================================================
[18:40:10] 总奖励:  -105.40 | 步数: 24
[18:40:10] 最近10个episodes平均:  -112.99
[18:40:10] 
各Agent奖励:
[18:40:10]   wind      :   51.500
[18:40:10]   solar     :   10.168
[18:40:10]   diesel    :   -1.418
[18:40:10]   battery   :    0.698
[18:40:10]   customer  : -166.345
[18:40:10] 
🔌 Main Grid 交易:
[18:40:10]   进口电量:    13.29 kWh
[18:40:10]   出口电量:  2302.45 kWh
[18:40:10]   净交易量: -2289.17 kWh
[18:40:10]   平均出清价:   8.48 cents/kWh
[18:40:10]   市场独立度:  35.67%
[18:40:10] 
Buffer大小:  4080
[18:40:10] 噪声水平: 0.0844
[18:40:10] 
动作统计:
[18:40:10]   wind      : mean= 0.107, std= 0.101
[18:40:10]   solar     : mean= 0.404, std= 0.414
[18:40:10]   diesel    : mean= 0.458, std= 0.378
[18:40:10]   battery   : mean= 0.495, std= 0.740
[18:40:10]   customer  : mean= 0.626, std= 0.244
[18:40:10] 
📊 生成可视化图表...
[18:40:11]   ✓ debug_plots/training_ep0160.png
[18:40:11] 
======================================================================
[18:40:11] Episode 161/200
[18:40:11] ======================================================================
[18:40:11] 总奖励:  -111.85 | 步数: 24
[18:40:11] 最近10个episodes平均:  -112.75
[18:40:11] 
各Agent奖励:
[18:40:11]   wind      :   44.437
[18:40:11]   solar     :   14.074
[18:40:11]   diesel    :    4.744
[18:40:11]   battery   :   -0.012
[18:40:11]   customer  : -175.095
[18:40:11] 
🔌 Main Grid 交易:
[18:40:11]   进口电量:    61.19 kWh
[18:40:11]   出口电量:  2575.97 kWh
[18:40:11]   净交易量: -2514.78 kWh
[18:40:11]   平均出清价:   8.50 cents/kWh
[18:40:11]   市场独立度:  26.75%
[18:40:11] 
Buffer大小:  4104
[18:40:11] 噪声水平: 0.0843
[18:40:11] 
动作统计:
[18:40:11]   wind      : mean= 0.119, std= 0.091
[18:40:11]   solar     : mean= 0.487, std= 0.362
[18:40:11]   diesel    : mean= 0.455, std= 0.362
[18:40:11]   battery   : mean= 0.508, std= 0.717
[18:40:11]   customer  : mean= 0.613, std= 0.285
[18:40:12] 
======================================================================
[18:40:12] Episode 162/200
[18:40:12] ======================================================================
[18:40:12] 总奖励:   -97.16 | 步数: 24
[18:40:12] 最近10个episodes平均:  -109.88
[18:40:12] 
各Agent奖励:
[18:40:12]   wind      :   58.202
[18:40:12]   solar     :    8.128
[18:40:12]   diesel    :    5.823
[18:40:12]   battery   :    1.873
[18:40:12]   customer  : -171.186
[18:40:12] 
🔌 Main Grid 交易:
[18:40:12]   进口电量:    37.45 kWh
[18:40:12]   出口电量:  2342.37 kWh
[18:40:12]   净交易量: -2304.92 kWh
[18:40:12]   平均出清价:   9.34 cents/kWh
[18:40:12]   市场独立度:  33.89%
[18:40:12] 
Buffer大小:  4128
[18:40:12] 噪声水平: 0.0842
[18:40:12] 
动作统计:
[18:40:12]   wind      : mean= 0.120, std= 0.082
[18:40:12]   solar     : mean= 0.514, std= 0.360
[18:40:12]   diesel    : mean= 0.467, std= 0.354
[18:40:12]   battery   : mean= 0.450, std= 0.740
[18:40:12]   customer  : mean= 0.579, std= 0.231
[18:40:13] 
======================================================================
[18:40:13] Episode 163/200
[18:40:13] ======================================================================
[18:40:13] 总奖励:   -84.35 | 步数: 24
[18:40:13] 最近10个episodes平均:  -107.38
[18:40:13] 
各Agent奖励:
[18:40:13]   wind      :   65.784
[18:40:13]   solar     :   12.057
[18:40:13]   diesel    :   -1.370
[18:40:13]   battery   :    0.127
[18:40:13]   customer  : -160.952
[18:40:13] 
🔌 Main Grid 交易:
[18:40:13]   进口电量:     0.00 kWh
[18:40:13]   出口电量:  2564.07 kWh
[18:40:13]   净交易量: -2564.07 kWh
[18:40:13]   平均出清价:   8.77 cents/kWh
[18:40:13]   市场独立度:  28.78%
[18:40:13] 
Buffer大小:  4152
[18:40:13] 噪声水平: 0.0841
[18:40:13] 
动作统计:
[18:40:13]   wind      : mean= 0.112, std= 0.088
[18:40:13]   solar     : mean= 0.547, std= 0.384
[18:40:13]   diesel    : mean= 0.453, std= 0.387
[18:40:13]   battery   : mean= 0.466, std= 0.744
[18:40:13]   customer  : mean= 0.602, std= 0.286
[18:40:14] 
======================================================================
[18:40:14] Episode 164/200
[18:40:14] ======================================================================
[18:40:14] 总奖励:   -92.18 | 步数: 24
[18:40:14] 最近10个episodes平均:  -104.04
[18:40:14] 
各Agent奖励:
[18:40:14]   wind      :   54.011
[18:40:14]   solar     :   18.657
[18:40:14]   diesel    :    1.692
[18:40:14]   battery   :   -4.498
[18:40:14]   customer  : -162.046
[18:40:14] 
🔌 Main Grid 交易:
[18:40:14]   进口电量:     0.00 kWh
[18:40:14]   出口电量:  2366.32 kWh
[18:40:14]   净交易量: -2366.32 kWh
[18:40:14]   平均出清价:   6.46 cents/kWh
[18:40:14]   市场独立度:  34.27%
[18:40:14] 
Buffer大小:  4176
[18:40:14] 噪声水平: 0.0840
[18:40:14] 
动作统计:
[18:40:14]   wind      : mean= 0.099, std= 0.125
[18:40:14]   solar     : mean= 0.478, std= 0.492
[18:40:14]   diesel    : mean= 0.458, std= 0.379
[18:40:14]   battery   : mean= 0.416, std= 0.752
[18:40:14]   customer  : mean= 0.617, std= 0.247
[18:40:15] 
======================================================================
[18:40:15] Episode 165/200
[18:40:15] ======================================================================
[18:40:15] 总奖励:   -81.96 | 步数: 24
[18:40:15] 最近10个episodes平均:  -101.23
[18:40:15] 
各Agent奖励:
[18:40:15]   wind      :   66.538
[18:40:15]   solar     :    8.438
[18:40:15]   diesel    :    1.559
[18:40:15]   battery   :   -0.787
[18:40:15]   customer  : -157.711
[18:40:15] 
🔌 Main Grid 交易:
[18:40:15]   进口电量:     0.00 kWh
[18:40:15]   出口电量:  2317.43 kWh
[18:40:15]   净交易量: -2317.43 kWh
[18:40:15]   平均出清价:   8.79 cents/kWh
[18:40:15]   市场独立度:  35.63%
[18:40:15] 
Buffer大小:  4200
[18:40:15] 噪声水平: 0.0839
[18:40:15] 
动作统计:
[18:40:15]   wind      : mean= 0.094, std= 0.093
[18:40:15]   solar     : mean= 0.583, std= 0.378
[18:40:15]   diesel    : mean= 0.484, std= 0.380
[18:40:15]   battery   : mean= 0.325, std= 0.807
[18:40:15]   customer  : mean= 0.609, std= 0.205
[18:40:16] 
======================================================================
[18:40:16] Episode 166/200
[18:40:16] ======================================================================
[18:40:16] 总奖励:   -93.65 | 步数: 24
[18:40:16] 最近10个episodes平均:   -99.92
[18:40:16] 
各Agent奖励:
[18:40:16]   wind      :   60.577
[18:40:16]   solar     :   13.240
[18:40:16]   diesel    :    0.822
[18:40:16]   battery   :    1.028
[18:40:16]   customer  : -169.316
[18:40:16] 
🔌 Main Grid 交易:
[18:40:16]   进口电量:     0.00 kWh
[18:40:16]   出口电量:  2430.72 kWh
[18:40:16]   净交易量: -2430.72 kWh
[18:40:16]   平均出清价:   9.68 cents/kWh
[18:40:16]   市场独立度:  32.48%
[18:40:16] 
Buffer大小:  4224
[18:40:16] 噪声水平: 0.0839
[18:40:16] 
动作统计:
[18:40:16]   wind      : mean= 0.140, std= 0.104
[18:40:16]   solar     : mean= 0.537, std= 0.435
[18:40:16]   diesel    : mean= 0.473, std= 0.388
[18:40:16]   battery   : mean= 0.413, std= 0.741
[18:40:16]   customer  : mean= 0.630, std= 0.219
[18:40:17] 
======================================================================
[18:40:17] Episode 167/200
[18:40:17] ======================================================================
[18:40:17] 总奖励:   -98.89 | 步数: 24
[18:40:17] 最近10个episodes平均:   -98.58
[18:40:17] 
各Agent奖励:
[18:40:17]   wind      :   45.907
[18:40:17]   solar     :   15.371
[18:40:17]   diesel    :    0.227
[18:40:17]   battery   :    1.451
[18:40:17]   customer  : -161.843
[18:40:17] 
🔌 Main Grid 交易:
[18:40:17]   进口电量:     0.00 kWh
[18:40:17]   出口电量:  2529.47 kWh
[18:40:17]   净交易量: -2529.47 kWh
[18:40:17]   平均出清价:   6.80 cents/kWh
[18:40:17]   市场独立度:  29.74%
[18:40:17] 
Buffer大小:  4248
[18:40:17] 噪声水平: 0.0838
[18:40:17] 
动作统计:
[18:40:17]   wind      : mean= 0.080, std= 0.090
[18:40:17]   solar     : mean= 0.450, std= 0.541
[18:40:17]   diesel    : mean= 0.469, std= 0.378
[18:40:17]   battery   : mean= 0.326, std= 0.777
[18:40:17]   customer  : mean= 0.633, std= 0.174
[18:40:17] 
======================================================================
[18:40:17] Episode 168/200
[18:40:17] ======================================================================
[18:40:17] 总奖励:  -111.12 | 步数: 24
[18:40:17] 最近10个episodes平均:   -99.30
[18:40:17] 
各Agent奖励:
[18:40:17]   wind      :   30.735
[18:40:17]   solar     :   21.593
[18:40:17]   diesel    :    4.099
[18:40:17]   battery   :    2.584
[18:40:17]   customer  : -170.129
[18:40:17] 
🔌 Main Grid 交易:
[18:40:17]   进口电量:    21.51 kWh
[18:40:17]   出口电量:  2247.45 kWh
[18:40:17]   净交易量: -2225.94 kWh
[18:40:17]   平均出清价:   8.74 cents/kWh
[18:40:17]   市场独立度:  36.97%
[18:40:17] 
Buffer大小:  4272
[18:40:17] 噪声水平: 0.0837
[18:40:17] 
动作统计:
[18:40:17]   wind      : mean= 0.102, std= 0.103
[18:40:17]   solar     : mean= 0.462, std= 0.471
[18:40:17]   diesel    : mean= 0.466, std= 0.376
[18:40:17]   battery   : mean= 0.387, std= 0.752
[18:40:17]   customer  : mean= 0.592, std= 0.255
[18:40:18] 
======================================================================
[18:40:18] Episode 169/200
[18:40:18] ======================================================================
[18:40:18] 总奖励:  -100.93 | 步数: 24
[18:40:18] 最近10个episodes平均:   -97.75
[18:40:18] 
各Agent奖励:
[18:40:18]   wind      :   46.596
[18:40:18]   solar     :    9.654
[18:40:18]   diesel    :    0.978
[18:40:18]   battery   :   -0.323
[18:40:18]   customer  : -157.840
[18:40:18] 
🔌 Main Grid 交易:
[18:40:18]   进口电量:     9.72 kWh
[18:40:18]   出口电量:  2428.38 kWh
[18:40:18]   净交易量: -2418.66 kWh
[18:40:18]   平均出清价:   6.44 cents/kWh
[18:40:18]   市场独立度:  32.28%
[18:40:18] 
Buffer大小:  4296
[18:40:18] 噪声水平: 0.0836
[18:40:18] 
动作统计:
[18:40:18]   wind      : mean= 0.066, std= 0.108
[18:40:18]   solar     : mean= 0.417, std= 0.470
[18:40:18]   diesel    : mean= 0.478, std= 0.377
[18:40:18]   battery   : mean= 0.422, std= 0.740
[18:40:18]   customer  : mean= 0.630, std= 0.218
[18:40:19] 
======================================================================
[18:40:19] Episode 170/200
[18:40:19] ======================================================================
[18:40:19] 总奖励:  -119.93 | 步数: 24
[18:40:19] 最近10个episodes平均:   -99.20
[18:40:19] 
各Agent奖励:
[18:40:19]   wind      :   27.844
[18:40:19]   solar     :   15.225
[18:40:19]   diesel    :    1.455
[18:40:19]   battery   :    0.700
[18:40:19]   customer  : -165.158
[18:40:19] 
🔌 Main Grid 交易:
[18:40:19]   进口电量:     0.00 kWh
[18:40:19]   出口电量:  2431.67 kWh
[18:40:19]   净交易量: -2431.67 kWh
[18:40:19]   平均出清价:   5.48 cents/kWh
[18:40:19]   市场独立度:  32.45%
[18:40:19] 
Buffer大小:  4320
[18:40:19] 噪声水平: 0.0835
[18:40:19] 
动作统计:
[18:40:19]   wind      : mean= 0.057, std= 0.098
[18:40:19]   solar     : mean= 0.239, std= 0.514
[18:40:19]   diesel    : mean= 0.451, std= 0.390
[18:40:19]   battery   : mean= 0.387, std= 0.783
[18:40:19]   customer  : mean= 0.616, std= 0.273
[18:40:19] 
📊 生成可视化图表...
[18:40:20]   ✓ debug_plots/training_ep0170.png
[18:40:20] 
======================================================================
[18:40:20] Episode 171/200
[18:40:20] ======================================================================
[18:40:20] 总奖励:   -78.22 | 步数: 24
[18:40:20] 最近10个episodes平均:   -95.84
[18:40:20] 
各Agent奖励:
[18:40:20]   wind      :   53.148
[18:40:20]   solar     :   19.570
[18:40:20]   diesel    :    1.238
[18:40:20]   battery   :    0.997
[18:40:20]   customer  : -153.176
[18:40:20] 
🔌 Main Grid 交易:
[18:40:20]   进口电量:     4.82 kWh
[18:40:20]   出口电量:  2367.86 kWh
[18:40:20]   净交易量: -2363.04 kWh
[18:40:20]   平均出清价:   8.54 cents/kWh
[18:40:20]   市场独立度:  34.09%
[18:40:20] 
Buffer大小:  4344
[18:40:20] 噪声水平: 0.0834
[18:40:20] 
动作统计:
[18:40:20]   wind      : mean= 0.096, std= 0.137
[18:40:20]   solar     : mean= 0.205, std= 0.472
[18:40:20]   diesel    : mean= 0.470, std= 0.365
[18:40:20]   battery   : mean= 0.346, std= 0.818
[18:40:20]   customer  : mean= 0.552, std= 0.253
[18:40:21] 
======================================================================
[18:40:21] Episode 172/200
[18:40:21] ======================================================================
[18:40:21] 总奖励:   -82.80 | 步数: 24
[18:40:21] 最近10个episodes平均:   -94.40
[18:40:21] 
各Agent奖励:
[18:40:21]   wind      :   49.165
[18:40:21]   solar     :   18.923
[18:40:21]   diesel    :    3.551
[18:40:21]   battery   :    1.292
[18:40:21]   customer  : -155.734
[18:40:21] 
🔌 Main Grid 交易:
[18:40:21]   进口电量:     0.00 kWh
[18:40:21]   出口电量:  2513.29 kWh
[18:40:21]   净交易量: -2513.29 kWh
[18:40:21]   平均出清价:   8.48 cents/kWh
[18:40:21]   市场独立度:  30.19%
[18:40:21] 
Buffer大小:  4368
[18:40:21] 噪声水平: 0.0834
[18:40:21] 
动作统计:
[18:40:21]   wind      : mean= 0.087, std= 0.115
[18:40:21]   solar     : mean= 0.143, std= 0.504
[18:40:21]   diesel    : mean= 0.485, std= 0.373
[18:40:21]   battery   : mean= 0.231, std= 0.800
[18:40:21]   customer  : mean= 0.592, std= 0.247
[18:40:22] 
======================================================================
[18:40:22] Episode 173/200
[18:40:22] ======================================================================
[18:40:22] 总奖励:   -77.67 | 步数: 24
[18:40:22] 最近10个episodes平均:   -93.74
[18:40:22] 
各Agent奖励:
[18:40:22]   wind      :   62.423
[18:40:22]   solar     :   12.964
[18:40:22]   diesel    :   -2.786
[18:40:22]   battery   :    0.907
[18:40:22]   customer  : -151.183
[18:40:22] 
🔌 Main Grid 交易:
[18:40:22]   进口电量:     0.00 kWh
[18:40:22]   出口电量:  2460.46 kWh
[18:40:22]   净交易量: -2460.46 kWh
[18:40:22]   平均出清价:   8.03 cents/kWh
[18:40:22]   市场独立度:  31.65%
[18:40:22] 
Buffer大小:  4392
[18:40:22] 噪声水平: 0.0833
[18:40:22] 
动作统计:
[18:40:22]   wind      : mean= 0.117, std= 0.127
[18:40:22]   solar     : mean= 0.048, std= 0.575
[18:40:22]   diesel    : mean= 0.465, std= 0.387
[18:40:22]   battery   : mean= 0.197, std= 0.831
[18:40:22]   customer  : mean= 0.567, std= 0.251
[18:40:23] 
======================================================================
[18:40:23] Episode 174/200
[18:40:23] ======================================================================
[18:40:23] 总奖励:   -93.81 | 步数: 24
[18:40:23] 最近10个episodes平均:   -93.90
[18:40:23] 
各Agent奖励:
[18:40:23]   wind      :   62.915
[18:40:23]   solar     :   11.282
[18:40:23]   diesel    :    2.248
[18:40:23]   battery   :    2.013
[18:40:23]   customer  : -172.266
[18:40:23] 
🔌 Main Grid 交易:
[18:40:23]   进口电量:    15.00 kWh
[18:40:23]   出口电量:  2171.11 kWh
[18:40:23]   净交易量: -2156.11 kWh
[18:40:23]   平均出清价:   8.61 cents/kWh
[18:40:23]   市场独立度:  39.27%
[18:40:23] 
Buffer大小:  4416
[18:40:23] 噪声水平: 0.0832
[18:40:23] 
动作统计:
[18:40:23]   wind      : mean= 0.122, std= 0.120
[18:40:23]   solar     : mean=-0.014, std= 0.585
[18:40:23]   diesel    : mean= 0.463, std= 0.379
[18:40:23]   battery   : mean= 0.194, std= 0.858
[18:40:23]   customer  : mean= 0.580, std= 0.233
[18:40:24] 
======================================================================
[18:40:24] Episode 175/200
[18:40:24] ======================================================================
[18:40:24] 总奖励:  -108.36 | 步数: 24
[18:40:24] 最近10个episodes平均:   -96.54
[18:40:24] 
各Agent奖励:
[18:40:24]   wind      :   38.505
[18:40:24]   solar     :   22.498
[18:40:24]   diesel    :    1.480
[18:40:24]   battery   :    0.676
[18:40:24]   customer  : -171.520
[18:40:24] 
🔌 Main Grid 交易:
[18:40:24]   进口电量:    14.49 kWh
[18:40:24]   出口电量:  1880.94 kWh
[18:40:24]   净交易量: -1866.45 kWh
[18:40:24]   平均出清价:   9.06 cents/kWh
[18:40:24]   市场独立度:  47.35%
[18:40:24] 
Buffer大小:  4440
[18:40:24] 噪声水平: 0.0831
[18:40:24] 
动作统计:
[18:40:24]   wind      : mean= 0.147, std= 0.091
[18:40:24]   solar     : mean=-0.025, std= 0.595
[18:40:24]   diesel    : mean= 0.484, std= 0.355
[18:40:24]   battery   : mean= 0.144, std= 0.851
[18:40:24]   customer  : mean= 0.549, std= 0.265
[18:40:25] 
======================================================================
[18:40:25] Episode 176/200
[18:40:25] ======================================================================
[18:40:25] 总奖励:  -101.19 | 步数: 24
[18:40:25] 最近10个episodes平均:   -97.29
[18:40:25] 
各Agent奖励:
[18:40:25]   wind      :   35.670
[18:40:25]   solar     :   15.963
[18:40:25]   diesel    :    2.691
[18:40:25]   battery   :    0.611
[18:40:25]   customer  : -156.124
[18:40:25] 
🔌 Main Grid 交易:
[18:40:25]   进口电量:    11.70 kWh
[18:40:25]   出口电量:  2449.72 kWh
[18:40:25]   净交易量: -2438.02 kWh
[18:40:25]   平均出清价:   7.56 cents/kWh
[18:40:25]   市场独立度:  31.63%
[18:40:25] 
Buffer大小:  4464
[18:40:25] 噪声水平: 0.0830
[18:40:25] 
动作统计:
[18:40:25]   wind      : mean= 0.083, std= 0.107
[18:40:25]   solar     : mean=-0.072, std= 0.615
[18:40:25]   diesel    : mean= 0.475, std= 0.368
[18:40:25]   battery   : mean= 0.170, std= 0.868
[18:40:25]   customer  : mean= 0.573, std= 0.214
[18:40:26] 
======================================================================
[18:40:26] Episode 177/200
[18:40:26] ======================================================================
[18:40:26] 总奖励:   -94.34 | 步数: 24
[18:40:26] 最近10个episodes平均:   -96.84
[18:40:26] 
各Agent奖励:
[18:40:26]   wind      :   47.041
[18:40:26]   solar     :   15.659
[18:40:26]   diesel    :    5.723
[18:40:26]   battery   :    0.605
[18:40:26]   customer  : -163.372
[18:40:26] 
🔌 Main Grid 交易:
[18:40:26]   进口电量:     0.00 kWh
[18:40:26]   出口电量:  2321.46 kWh
[18:40:26]   净交易量: -2321.46 kWh
[18:40:26]   平均出清价:   8.50 cents/kWh
[18:40:26]   市场独立度:  35.51%
[18:40:26] 
Buffer大小:  4488
[18:40:26] 噪声水平: 0.0829
[18:40:26] 
动作统计:
[18:40:26]   wind      : mean= 0.118, std= 0.097
[18:40:26]   solar     : mean=-0.029, std= 0.613
[18:40:26]   diesel    : mean= 0.481, std= 0.385
[18:40:26]   battery   : mean= 0.157, std= 0.884
[18:40:26]   customer  : mean= 0.578, std= 0.197
[18:40:26] 
======================================================================
[18:40:26] Episode 178/200
[18:40:26] ======================================================================
[18:40:26] 总奖励:   -94.26 | 步数: 24
[18:40:26] 最近10个episodes平均:   -95.15
[18:40:26] 
各Agent奖励:
[18:40:26]   wind      :   50.415
[18:40:26]   solar     :   15.518
[18:40:26]   diesel    :    1.001
[18:40:26]   battery   :    1.725
[18:40:26]   customer  : -162.917
[18:40:26] 
🔌 Main Grid 交易:
[18:40:26]   进口电量:     0.00 kWh
[18:40:26]   出口电量:  2495.78 kWh
[18:40:26]   净交易量: -2495.78 kWh
[18:40:26]   平均出清价:   8.50 cents/kWh
[18:40:26]   市场独立度:  30.67%
[18:40:26] 
Buffer大小:  4512
[18:40:26] 噪声水平: 0.0829
[18:40:26] 
动作统计:
[18:40:26]   wind      : mean= 0.118, std= 0.097
[18:40:26]   solar     : mean=-0.010, std= 0.612
[18:40:26]   diesel    : mean= 0.492, std= 0.363
[18:40:26]   battery   : mean= 0.158, std= 0.873
[18:40:26]   customer  : mean= 0.573, std= 0.195
[18:40:27] 
======================================================================
[18:40:27] Episode 179/200
[18:40:27] ======================================================================
[18:40:27] 总奖励:  -101.89 | 步数: 24
[18:40:27] 最近10个episodes平均:   -95.25
[18:40:27] 
各Agent奖励:
[18:40:27]   wind      :   38.419
[18:40:27]   solar     :   24.152
[18:40:27]   diesel    :    2.138
[18:40:27]   battery   :    0.893
[18:40:27]   customer  : -167.491
[18:40:27] 
🔌 Main Grid 交易:
[18:40:27]   进口电量:    13.36 kWh
[18:40:27]   出口电量:  2052.42 kWh
[18:40:27]   净交易量: -2039.06 kWh
[18:40:27]   平均出清价:   8.05 cents/kWh
[18:40:27]   市场独立度:  42.62%
[18:40:27] 
Buffer大小:  4536
[18:40:27] 噪声水平: 0.0828
[18:40:27] 
动作统计:
[18:40:27]   wind      : mean= 0.092, std= 0.098
[18:40:27]   solar     : mean=-0.110, std= 0.641
[18:40:27]   diesel    : mean= 0.478, std= 0.346
[18:40:27]   battery   : mean= 0.127, std= 0.875
[18:40:27]   customer  : mean= 0.547, std= 0.190
[18:40:28] 
======================================================================
[18:40:28] Episode 180/200
[18:40:28] ======================================================================
[18:40:28] 总奖励:   -99.36 | 步数: 24
[18:40:28] 最近10个episodes平均:   -93.19
[18:40:28] 
各Agent奖励:
[18:40:28]   wind      :   42.299
[18:40:28]   solar     :   22.441
[18:40:28]   diesel    :    5.918
[18:40:28]   battery   :    1.825
[18:40:28]   customer  : -171.847
[18:40:28] 
🔌 Main Grid 交易:
[18:40:28]   进口电量:     0.00 kWh
[18:40:28]   出口电量:  2271.56 kWh
[18:40:28]   净交易量: -2271.56 kWh
[18:40:28]   平均出清价:   9.65 cents/kWh
[18:40:28]   市场独立度:  36.90%
[18:40:28] 
Buffer大小:  4560
[18:40:28] 噪声水平: 0.0827
[18:40:28] 
动作统计:
[18:40:28]   wind      : mean= 0.132, std= 0.088
[18:40:28]   solar     : mean=-0.049, std= 0.658
[18:40:28]   diesel    : mean= 0.479, std= 0.377
[18:40:28]   battery   : mean= 0.184, std= 0.890
[18:40:28]   customer  : mean= 0.590, std= 0.220
[18:40:28] 
📊 生成可视化图表...
[18:40:29]   ✓ debug_plots/training_ep0180.png
[18:40:29] 
======================================================================
[18:40:29] Episode 181/200
[18:40:29] ======================================================================
[18:40:29] 总奖励:   -92.37 | 步数: 24
[18:40:29] 最近10个episodes平均:   -94.61
[18:40:29] 
各Agent奖励:
[18:40:29]   wind      :   39.374
[18:40:29]   solar     :   19.051
[18:40:29]   diesel    :    2.466
[18:40:29]   battery   :    1.636
[18:40:29]   customer  : -154.892
[18:40:29] 
🔌 Main Grid 交易:
[18:40:29]   进口电量:     0.00 kWh
[18:40:29]   出口电量:  2381.83 kWh
[18:40:29]   净交易量: -2381.83 kWh
[18:40:29]   平均出清价:   7.38 cents/kWh
[18:40:29]   市场独立度:  33.84%
[18:40:29] 
Buffer大小:  4584
[18:40:29] 噪声水平: 0.0826
[18:40:29] 
动作统计:
[18:40:29]   wind      : mean= 0.106, std= 0.112
[18:40:29]   solar     : mean=-0.116, std= 0.689
[18:40:29]   diesel    : mean= 0.479, std= 0.367
[18:40:29]   battery   : mean= 0.203, std= 0.867
[18:40:29]   customer  : mean= 0.561, std= 0.199
[18:40:30] 
======================================================================
[18:40:30] Episode 182/200
[18:40:30] ======================================================================
[18:40:30] 总奖励:   -68.01 | 步数: 24
[18:40:30] 最近10个episodes平均:   -93.13
[18:40:30] 
各Agent奖励:
[18:40:30]   wind      :   57.936
[18:40:30]   solar     :   15.147
[18:40:30]   diesel    :   -0.932
[18:40:30]   battery   :   -1.161
[18:40:30]   customer  : -139.002
[18:40:30] 
🔌 Main Grid 交易:
[18:40:30]   进口电量:     8.86 kWh
[18:40:30]   出口电量:  2216.22 kWh
[18:40:30]   净交易量: -2207.36 kWh
[18:40:30]   平均出清价:   6.06 cents/kWh
[18:40:30]   市场独立度:  38.19%
[18:40:30] 
Buffer大小:  4608
[18:40:30] 噪声水平: 0.0825
[18:40:30] 
动作统计:
[18:40:30]   wind      : mean= 0.069, std= 0.085
[18:40:30]   solar     : mean=-0.130, std= 0.664
[18:40:30]   diesel    : mean= 0.480, std= 0.399
[18:40:30]   battery   : mean= 0.224, std= 0.876
[18:40:30]   customer  : mean= 0.511, std= 0.284
[18:40:31] 
======================================================================
[18:40:31] Episode 183/200
[18:40:31] ======================================================================
[18:40:31] 总奖励:   -86.32 | 步数: 24
[18:40:31] 最近10个episodes平均:   -93.99
[18:40:31] 
各Agent奖励:
[18:40:31]   wind      :   44.825
[18:40:31]   solar     :   23.811
[18:40:31]   diesel    :   -0.136
[18:40:31]   battery   :   -0.521
[18:40:31]   customer  : -154.297
[18:40:31] 
🔌 Main Grid 交易:
[18:40:31]   进口电量:     9.84 kWh
[18:40:31]   出口电量:  2701.16 kWh
[18:40:31]   净交易量: -2691.32 kWh
[18:40:31]   平均出清价:   6.95 cents/kWh
[18:40:31]   市场独立度:  24.69%
[18:40:31] 
Buffer大小:  4632
[18:40:31] 噪声水平: 0.0824
[18:40:31] 
动作统计:
[18:40:31]   wind      : mean= 0.069, std= 0.086
[18:40:31]   solar     : mean=-0.121, std= 0.674
[18:40:31]   diesel    : mean= 0.482, std= 0.378
[18:40:31]   battery   : mean= 0.258, std= 0.848
[18:40:31]   customer  : mean= 0.556, std= 0.239
[18:40:32] 
======================================================================
[18:40:32] Episode 184/200
[18:40:32] ======================================================================
[18:40:32] 总奖励:   -90.76 | 步数: 24
[18:40:32] 最近10个episodes平均:   -93.69
[18:40:32] 
各Agent奖励:
[18:40:32]   wind      :   47.629
[18:40:32]   solar     :   22.394
[18:40:32]   diesel    :    2.272
[18:40:32]   battery   :    0.368
[18:40:32]   customer  : -163.426
[18:40:32] 
🔌 Main Grid 交易:
[18:40:32]   进口电量:     0.00 kWh
[18:40:32]   出口电量:  2325.13 kWh
[18:40:32]   净交易量: -2325.13 kWh
[18:40:32]   平均出清价:   7.44 cents/kWh
[18:40:32]   市场独立度:  35.41%
[18:40:32] 
Buffer大小:  4656
[18:40:32] 噪声水平: 0.0824
[18:40:32] 
动作统计:
[18:40:32]   wind      : mean= 0.131, std= 0.132
[18:40:32]   solar     : mean=-0.128, std= 0.651
[18:40:32]   diesel    : mean= 0.497, std= 0.372
[18:40:32]   battery   : mean= 0.263, std= 0.857
[18:40:32]   customer  : mean= 0.556, std= 0.238
[18:40:33] 
======================================================================
[18:40:33] Episode 185/200
[18:40:33] ======================================================================
[18:40:33] 总奖励:   -71.82 | 步数: 24
[18:40:33] 最近10个episodes平均:   -90.03
[18:40:33] 
各Agent奖励:
[18:40:33]   wind      :   67.538
[18:40:33]   solar     :   19.517
[18:40:33]   diesel    :    7.030
[18:40:33]   battery   :    2.710
[18:40:33]   customer  : -168.618
[18:40:33] 
🔌 Main Grid 交易:
[18:40:33]   进口电量:     2.23 kWh
[18:40:33]   出口电量:  2347.61 kWh
[18:40:33]   净交易量: -2345.38 kWh
[18:40:33]   平均出清价:  11.04 cents/kWh
[18:40:33]   市场独立度:  34.73%
[18:40:33] 
Buffer大小:  4680
[18:40:33] 噪声水平: 0.0823
[18:40:33] 
动作统计:
[18:40:33]   wind      : mean= 0.114, std= 0.110
[18:40:33]   solar     : mean=-0.065, std= 0.705
[18:40:33]   diesel    : mean= 0.503, std= 0.362
[18:40:33]   battery   : mean= 0.271, std= 0.863
[18:40:33]   customer  : mean= 0.544, std= 0.186
[18:40:34] 
======================================================================
[18:40:34] Episode 186/200
[18:40:34] ======================================================================
[18:40:34] 总奖励:   -82.35 | 步数: 24
[18:40:34] 最近10个episodes平均:   -88.15
[18:40:34] 
各Agent奖励:
[18:40:34]   wind      :   57.062
[18:40:34]   solar     :   11.377
[18:40:34]   diesel    :   -0.614
[18:40:34]   battery   :   -2.443
[18:40:34]   customer  : -147.736
[18:40:34] 
🔌 Main Grid 交易:
[18:40:34]   进口电量:     0.00 kWh
[18:40:34]   出口电量:  2423.76 kWh
[18:40:34]   净交易量: -2423.76 kWh
[18:40:34]   平均出清价:   8.19 cents/kWh
[18:40:34]   市场独立度:  32.67%
[18:40:34] 
Buffer大小:  4704
[18:40:34] 噪声水平: 0.0822
[18:40:34] 
动作统计:
[18:40:34]   wind      : mean= 0.108, std= 0.140
[18:40:34]   solar     : mean=-0.072, std= 0.676
[18:40:34]   diesel    : mean= 0.473, std= 0.384
[18:40:34]   battery   : mean= 0.312, std= 0.821
[18:40:34]   customer  : mean= 0.597, std= 0.208
[18:40:35] 
======================================================================
[18:40:35] Episode 187/200
[18:40:35] ======================================================================
[18:40:35] 总奖励:   -75.07 | 步数: 24
[18:40:35] 最近10个episodes平均:   -86.22
[18:40:35] 
各Agent奖励:
[18:40:35]   wind      :   70.197
[18:40:35]   solar     :   14.415
[18:40:35]   diesel    :    4.679
[18:40:35]   battery   :    1.512
[18:40:35]   customer  : -165.872
[18:40:35] 
🔌 Main Grid 交易:
[18:40:35]   进口电量:    11.54 kWh
[18:40:35]   出口电量:  2189.61 kWh
[18:40:35]   净交易量: -2178.07 kWh
[18:40:35]   平均出清价:   9.05 cents/kWh
[18:40:35]   市场独立度:  38.86%
[18:40:35] 
Buffer大小:  4728
[18:40:35] 噪声水平: 0.0821
[18:40:35] 
动作统计:
[18:40:35]   wind      : mean= 0.126, std= 0.114
[18:40:35]   solar     : mean=-0.110, std= 0.689
[18:40:35]   diesel    : mean= 0.497, std= 0.359
[18:40:35]   battery   : mean= 0.340, std= 0.802
[18:40:35]   customer  : mean= 0.564, std= 0.266
[18:40:35] 
======================================================================
[18:40:35] Episode 188/200
[18:40:35] ======================================================================
[18:40:35] 总奖励:   -92.68 | 步数: 24
[18:40:35] 最近10个episodes平均:   -86.06
[18:40:35] 
各Agent奖励:
[18:40:35]   wind      :   41.735
[18:40:35]   solar     :   16.687
[18:40:35]   diesel    :    0.612
[18:40:35]   battery   :    0.303
[18:40:35]   customer  : -152.022
[18:40:35] 
🔌 Main Grid 交易:
[18:40:35]   进口电量:    12.50 kWh
[18:40:35]   出口电量:  2222.51 kWh
[18:40:35]   净交易量: -2210.01 kWh
[18:40:35]   平均出清价:   7.65 cents/kWh
[18:40:35]   市场独立度:  37.92%
[18:40:35] 
Buffer大小:  4752
[18:40:35] 噪声水平: 0.0820
[18:40:35] 
动作统计:
[18:40:35]   wind      : mean= 0.116, std= 0.119
[18:40:35]   solar     : mean=-0.085, std= 0.691
[18:40:35]   diesel    : mean= 0.492, std= 0.375
[18:40:35]   battery   : mean= 0.325, std= 0.809
[18:40:35]   customer  : mean= 0.576, std= 0.225
[18:40:36] 
======================================================================
[18:40:36] Episode 189/200
[18:40:36] ======================================================================
[18:40:36] 总奖励:   -78.64 | 步数: 24
[18:40:36] 最近10个episodes平均:   -83.74
[18:40:36] 
各Agent奖励:
[18:40:36]   wind      :   48.011
[18:40:36]   solar     :   30.221
[18:40:36]   diesel    :    2.429
[18:40:36]   battery   :    0.298
[18:40:36]   customer  : -159.594
[18:40:36] 
🔌 Main Grid 交易:
[18:40:36]   进口电量:     0.00 kWh
[18:40:36]   出口电量:  2599.14 kWh
[18:40:36]   净交易量: -2599.14 kWh
[18:40:36]   平均出清价:   9.01 cents/kWh
[18:40:36]   市场独立度:  27.80%
[18:40:36] 
Buffer大小:  4776
[18:40:36] 噪声水平: 0.0819
[18:40:36] 
动作统计:
[18:40:36]   wind      : mean= 0.108, std= 0.082
[18:40:36]   solar     : mean=-0.113, std= 0.663
[18:40:36]   diesel    : mean= 0.497, std= 0.365
[18:40:36]   battery   : mean= 0.256, std= 0.841
[18:40:36]   customer  : mean= 0.539, std= 0.209
[18:40:37] 
======================================================================
[18:40:37] Episode 190/200
[18:40:37] ======================================================================
[18:40:37] 总奖励:   -83.74 | 步数: 24
[18:40:37] 最近10个episodes平均:   -82.18
[18:40:37] 
各Agent奖励:
[18:40:37]   wind      :   53.984
[18:40:37]   solar     :   21.148
[18:40:37]   diesel    :    1.589
[18:40:37]   battery   :    0.809
[18:40:37]   customer  : -161.269
[18:40:37] 
🔌 Main Grid 交易:
[18:40:37]   进口电量:    40.61 kWh
[18:40:37]   出口电量:  2420.89 kWh
[18:40:37]   净交易量: -2380.28 kWh
[18:40:37]   平均出清价:   9.21 cents/kWh
[18:40:37]   市场独立度:  31.63%
[18:40:37] 
Buffer大小:  4800
[18:40:37] 噪声水平: 0.0819
[18:40:37] 
动作统计:
[18:40:37]   wind      : mean= 0.105, std= 0.096
[18:40:37]   solar     : mean=-0.042, std= 0.652
[18:40:37]   diesel    : mean= 0.497, std= 0.377
[18:40:37]   battery   : mean= 0.285, std= 0.844
[18:40:37]   customer  : mean= 0.548, std= 0.222
[18:40:37] 
📊 生成可视化图表...
[18:40:38]   ✓ debug_plots/training_ep0190.png
[18:40:38] 
======================================================================
[18:40:38] Episode 191/200
[18:40:38] ======================================================================
[18:40:38] 总奖励:   -75.92 | 步数: 24
[18:40:38] 最近10个episodes平均:   -80.53
[18:40:38] 
各Agent奖励:
[18:40:38]   wind      :   60.077
[18:40:38]   solar     :   24.007
[18:40:38]   diesel    :    1.707
[18:40:38]   battery   :    0.678
[18:40:38]   customer  : -162.394
[18:40:38] 
🔌 Main Grid 交易:
[18:40:38]   进口电量:    12.58 kWh
[18:40:38]   出口电量:  2389.31 kWh
[18:40:38]   净交易量: -2376.74 kWh
[18:40:38]   平均出清价:  10.24 cents/kWh
[18:40:38]   市场独立度:  33.28%
[18:40:38] 
Buffer大小:  4824
[18:40:38] 噪声水平: 0.0818
[18:40:38] 
动作统计:
[18:40:38]   wind      : mean= 0.145, std= 0.118
[18:40:38]   solar     : mean=-0.082, std= 0.674
[18:40:38]   diesel    : mean= 0.510, std= 0.363
[18:40:38]   battery   : mean= 0.279, std= 0.849
[18:40:38]   customer  : mean= 0.531, std= 0.237
[18:40:39] 
======================================================================
[18:40:39] Episode 192/200
[18:40:39] ======================================================================
[18:40:39] 总奖励:   -60.69 | 步数: 24
[18:40:39] 最近10个episodes平均:   -79.80
[18:40:39] 
各Agent奖励:
[18:40:39]   wind      :   68.469
[18:40:39]   solar     :   19.813
[18:40:39]   diesel    :    7.089
[18:40:39]   battery   :    0.853
[18:40:39]   customer  : -156.916
[18:40:39] 
🔌 Main Grid 交易:
[18:40:39]   进口电量:     0.00 kWh
[18:40:39]   出口电量:  2531.31 kWh
[18:40:39]   净交易量: -2531.31 kWh
[18:40:39]   平均出清价:   9.79 cents/kWh
[18:40:39]   市场独立度:  29.69%
[18:40:39] 
Buffer大小:  4848
[18:40:39] 噪声水平: 0.0817
[18:40:39] 
动作统计:
[18:40:39]   wind      : mean= 0.125, std= 0.113
[18:40:39]   solar     : mean=-0.043, std= 0.679
[18:40:39]   diesel    : mean= 0.505, std= 0.380
[18:40:39]   battery   : mean= 0.264, std= 0.827
[18:40:39]   customer  : mean= 0.496, std= 0.267
[18:40:40] 
======================================================================
[18:40:40] Episode 193/200
[18:40:40] ======================================================================
[18:40:40] 总奖励:   -90.23 | 步数: 24
[18:40:40] 最近10个episodes平均:   -80.19
[18:40:40] 
各Agent奖励:
[18:40:40]   wind      :   39.192
[18:40:40]   solar     :   32.130
[18:40:40]   diesel    :    3.967
[18:40:40]   battery   :    1.058
[18:40:40]   customer  : -166.576
[18:40:40] 
🔌 Main Grid 交易:
[18:40:40]   进口电量:     0.00 kWh
[18:40:40]   出口电量:  2401.70 kWh
[18:40:40]   净交易量: -2401.70 kWh
[18:40:40]   平均出清价:  10.06 cents/kWh
[18:40:40]   市场独立度:  33.29%
[18:40:40] 
Buffer大小:  4872
[18:40:40] 噪声水平: 0.0816
[18:40:40] 
动作统计:
[18:40:40]   wind      : mean= 0.130, std= 0.100
[18:40:40]   solar     : mean=-0.081, std= 0.692
[18:40:40]   diesel    : mean= 0.494, std= 0.352
[18:40:40]   battery   : mean= 0.280, std= 0.836
[18:40:40]   customer  : mean= 0.535, std= 0.240
[18:40:41] 
======================================================================
[18:40:41] Episode 194/200
[18:40:41] ======================================================================
[18:40:41] 总奖励:   -90.31 | 步数: 24
[18:40:41] 最近10个episodes平均:   -80.15
[18:40:41] 
各Agent奖励:
[18:40:41]   wind      :   42.990
[18:40:41]   solar     :   22.490
[18:40:41]   diesel    :    1.831
[18:40:41]   battery   :    0.213
[18:40:41]   customer  : -157.834
[18:40:41] 
🔌 Main Grid 交易:
[18:40:41]   进口电量:     0.00 kWh
[18:40:41]   出口电量:  2563.95 kWh
[18:40:41]   净交易量: -2563.95 kWh
[18:40:41]   平均出清价:   8.44 cents/kWh
[18:40:41]   市场独立度:  28.78%
[18:40:41] 
Buffer大小:  4896
[18:40:41] 噪声水平: 0.0815
[18:40:41] 
动作统计:
[18:40:41]   wind      : mean= 0.146, std= 0.100
[18:40:41]   solar     : mean=-0.077, std= 0.644
[18:40:41]   diesel    : mean= 0.475, std= 0.373
[18:40:41]   battery   : mean= 0.330, std= 0.819
[18:40:41]   customer  : mean= 0.537, std= 0.250
[18:40:42] 
======================================================================
[18:40:42] Episode 195/200
[18:40:42] ======================================================================
[18:40:42] 总奖励:   -86.00 | 步数: 24
[18:40:42] 最近10个episodes平均:   -81.56
[18:40:42] 
各Agent奖励:
[18:40:42]   wind      :   46.279
[18:40:42]   solar     :   25.505
[18:40:42]   diesel    :    3.184
[18:40:42]   battery   :    0.562
[18:40:42]   customer  : -161.528
[18:40:42] 
🔌 Main Grid 交易:
[18:40:42]   进口电量:     4.21 kWh
[18:40:42]   出口电量:  2195.43 kWh
[18:40:42]   净交易量: -2191.22 kWh
[18:40:42]   平均出清价:  10.84 cents/kWh
[18:40:42]   市场独立度:  38.90%
[18:40:42] 
Buffer大小:  4920
[18:40:42] 噪声水平: 0.0815
[18:40:42] 
动作统计:
[18:40:42]   wind      : mean= 0.148, std= 0.120
[18:40:42]   solar     : mean=-0.059, std= 0.664
[18:40:42]   diesel    : mean= 0.478, std= 0.351
[18:40:42]   battery   : mean= 0.332, std= 0.827
[18:40:42]   customer  : mean= 0.545, std= 0.230
[18:40:43] 
======================================================================
[18:40:43] Episode 196/200
[18:40:43] ======================================================================
[18:40:43] 总奖励:   -72.56 | 步数: 24
[18:40:43] 最近10个episodes平均:   -80.58
[18:40:43] 
各Agent奖励:
[18:40:43]   wind      :   48.535
[18:40:43]   solar     :   30.832
[18:40:43]   diesel    :    0.905
[18:40:43]   battery   :    0.611
[18:40:43]   customer  : -153.447
[18:40:43] 
🔌 Main Grid 交易:
[18:40:43]   进口电量:     0.00 kWh
[18:40:43]   出口电量:  2331.86 kWh
[18:40:43]   净交易量: -2331.86 kWh
[18:40:43]   平均出清价:   8.08 cents/kWh
[18:40:43]   市场独立度:  35.23%
[18:40:43] 
Buffer大小:  4944
[18:40:43] 噪声水平: 0.0814
[18:40:43] 
动作统计:
[18:40:43]   wind      : mean= 0.112, std= 0.127
[18:40:43]   solar     : mean=-0.101, std= 0.645
[18:40:43]   diesel    : mean= 0.497, std= 0.367
[18:40:43]   battery   : mean= 0.310, std= 0.816
[18:40:43]   customer  : mean= 0.547, std= 0.222
[18:40:44] 
======================================================================
[18:40:44] Episode 197/200
[18:40:44] ======================================================================
[18:40:44] 总奖励:   -59.43 | 步数: 24
[18:40:44] 最近10个episodes平均:   -79.02
[18:40:44] 
各Agent奖励:
[18:40:44]   wind      :   59.908
[18:40:44]   solar     :   23.773
[18:40:44]   diesel    :    1.143
[18:40:44]   battery   :   -0.204
[18:40:44]   customer  : -144.052
[18:40:44] 
🔌 Main Grid 交易:
[18:40:44]   进口电量:     0.00 kWh
[18:40:44]   出口电量:  2447.59 kWh
[18:40:44]   净交易量: -2447.59 kWh
[18:40:44]   平均出清价:   8.63 cents/kWh
[18:40:44]   市场独立度:  32.01%
[18:40:44] 
Buffer大小:  4968
[18:40:44] 噪声水平: 0.0813
[18:40:44] 
动作统计:
[18:40:44]   wind      : mean= 0.103, std= 0.090
[18:40:44]   solar     : mean=-0.038, std= 0.632
[18:40:44]   diesel    : mean= 0.489, std= 0.377
[18:40:44]   battery   : mean= 0.307, std= 0.834
[18:40:44]   customer  : mean= 0.543, std= 0.199
[18:40:45] 
======================================================================
[18:40:45] Episode 198/200
[18:40:45] ======================================================================
[18:40:45] 总奖励:   -80.45 | 步数: 24
[18:40:45] 最近10个episodes平均:   -77.80
[18:40:45] 
各Agent奖励:
[18:40:45]   wind      :   46.387
[18:40:45]   solar     :   24.467
[18:40:45]   diesel    :    3.773
[18:40:45]   battery   :    1.433
[18:40:45]   customer  : -156.509
[18:40:45] 
🔌 Main Grid 交易:
[18:40:45]   进口电量:     4.15 kWh
[18:40:45]   出口电量:  2216.39 kWh
[18:40:45]   净交易量: -2212.25 kWh
[18:40:45]   平均出清价:   9.46 cents/kWh
[18:40:45]   市场独立度:  38.32%
[18:40:45] 
Buffer大小:  4992
[18:40:45] 噪声水平: 0.0812
[18:40:45] 
动作统计:
[18:40:45]   wind      : mean= 0.117, std= 0.097
[18:40:45]   solar     : mean=-0.088, std= 0.657
[18:40:45]   diesel    : mean= 0.485, std= 0.351
[18:40:45]   battery   : mean= 0.297, std= 0.853
[18:40:45]   customer  : mean= 0.553, std= 0.200
[18:40:45] 
======================================================================
[18:40:45] Episode 199/200
[18:40:45] ======================================================================
[18:40:45] 总奖励:   -64.49 | 步数: 24
[18:40:45] 最近10个episodes平均:   -76.38
[18:40:45] 
各Agent奖励:
[18:40:45]   wind      :   60.061
[18:40:45]   solar     :   26.580
[18:40:45]   diesel    :    2.654
[18:40:45]   battery   :    1.545
[18:40:45]   customer  : -155.334
[18:40:45] 
🔌 Main Grid 交易:
[18:40:45]   进口电量:    27.72 kWh
[18:40:45]   出口电量:  2305.60 kWh
[18:40:45]   净交易量: -2277.87 kWh
[18:40:45]   平均出清价:   8.45 cents/kWh
[18:40:45]   市场独立度:  35.19%
[18:40:45] 
Buffer大小:  5016
[18:40:45] 噪声水平: 0.0811
[18:40:45] 
动作统计:
[18:40:45]   wind      : mean= 0.130, std= 0.107
[18:40:45]   solar     : mean=-0.101, std= 0.674
[18:40:45]   diesel    : mean= 0.483, std= 0.362
[18:40:45]   battery   : mean= 0.307, std= 0.826
[18:40:45]   customer  : mean= 0.508, std= 0.276
[18:40:46] 
======================================================================
[18:40:46] Episode 200/200
[18:40:46] ======================================================================
[18:40:46] 总奖励:   -84.43 | 步数: 24
[18:40:46] 最近10个episodes平均:   -76.45
[18:40:46] 
各Agent奖励:
[18:40:46]   wind      :   48.426
[18:40:46]   solar     :   21.396
[18:40:46]   diesel    :    1.857
[18:40:46]   battery   :    1.657
[18:40:46]   customer  : -157.767
[18:40:46] 
🔌 Main Grid 交易:
[18:40:46]   进口电量:    11.62 kWh
[18:40:46]   出口电量:  2280.53 kWh
[18:40:46]   净交易量: -2268.91 kWh
[18:40:46]   平均出清价:   8.64 cents/kWh
[18:40:46]   市场独立度:  36.33%
[18:40:46] 
Buffer大小:  5040
[18:40:46] 噪声水平: 0.0810
[18:40:46] 
动作统计:
[18:40:46]   wind      : mean= 0.107, std= 0.082
[18:40:46]   solar     : mean=-0.064, std= 0.681
[18:40:46]   diesel    : mean= 0.491, std= 0.362
[18:40:46]   battery   : mean= 0.285, std= 0.838
[18:40:46]   customer  : mean= 0.502, std= 0.226
[18:40:46] 
📊 生成可视化图表...
[18:40:47]   ✓ debug_plots/training_ep0200.png
[18:40:47] 💾 保存checkpoint: debug_checkpoints/debug_maddpg_20251203_183743_ep0200.pt
[18:40:47] 
======================================================================
[18:40:47] 🎉 训练完成！
[18:40:47] ======================================================================
[18:40:47] 
💾 统计数据已保存: debug_logs/debug_maddpg_20251203_183743_stats.json
[18:40:47] 📊 Main Grid分析: debug_plots/grid_analysis_final.png
[18:40:47] 💾 保存checkpoint: debug_checkpoints/debug_maddpg_20251203_183743_final.pt
