[18:21:11] 
======================================================================
[18:21:11] 🚀 开始调试训练
[18:21:11] ======================================================================
[18:21:11] 
🔥 预热阶段 (10 episodes)
[18:21:11]   预热 1/10
[18:21:11]   预热 2/10
[18:21:11]   预热 3/10
[18:21:11]   预热 4/10
[18:21:11]   预热 5/10
[18:21:11]   预热 6/10
[18:21:11]   预热 7/10
[18:21:11]   预热 8/10
[18:21:11]   预热 9/10
[18:21:11]   预热 10/10
[18:21:11] 
🏋️  训练阶段
[18:21:11] ======================================================================
[18:21:12] 
======================================================================
[18:21:12] Episode 1/200
[18:21:12] ======================================================================
[18:21:12] 总奖励:   -93.85 | 步数: 24
[18:21:12] 最近10个episodes平均:   -93.85
[18:21:12] 
各Agent奖励:
[18:21:12]   wind      :   49.108
[18:21:12]   solar     :    0.000
[18:21:12]   diesel    :  -77.807
[18:21:12]   battery   :   -3.765
[18:21:12]   customer  :  -61.385
[18:21:12] 
🔌 Main Grid 交易:
[18:21:12]   进口电量:   177.99 kWh
[18:21:12]   出口电量:  1042.29 kWh
[18:21:12]   净交易量:  -864.29 kWh
[18:21:12]   平均出清价:   0.57 cents/kWh
[18:21:12]   市场独立度:  66.10%
[18:21:12] 
Buffer大小:   264
[18:21:12] 噪声水平: 0.0989
[18:21:12] 
动作统计:
[18:21:12]   wind      : mean=-0.227, std= 0.267
[18:21:12]   solar     : mean= 0.759, std= 0.089
[18:21:12]   diesel    : mean= 0.011, std= 0.469
[18:21:12]   battery   : mean=-0.095, std= 0.323
[18:21:12]   customer  : mean=-0.635, std= 0.111
[18:21:13] 
======================================================================
[18:21:13] Episode 2/200
[18:21:13] ======================================================================
[18:21:13] 总奖励:   -46.12 | 步数: 24
[18:21:13] 最近10个episodes平均:   -69.98
[18:21:13] 
各Agent奖励:
[18:21:13]   wind      :   96.432
[18:21:13]   solar     :    3.303
[18:21:13]   diesel    :  -47.078
[18:21:13]   battery   :   -3.829
[18:21:13]   customer  :  -94.946
[18:21:13] 
🔌 Main Grid 交易:
[18:21:13]   进口电量:    73.12 kWh
[18:21:13]   出口电量:   963.13 kWh
[18:21:13]   净交易量:  -890.01 kWh
[18:21:13]   平均出清价:   3.21 cents/kWh
[18:21:13]   市场独立度:  71.22%
[18:21:13] 
Buffer大小:   288
[18:21:13] 噪声水平: 0.0988
[18:21:13] 
动作统计:
[18:21:13]   wind      : mean=-0.149, std= 0.245
[18:21:13]   solar     : mean= 0.780, std= 0.094
[18:21:13]   diesel    : mean= 0.035, std= 0.433
[18:21:13]   battery   : mean=-0.047, std= 0.378
[18:21:13]   customer  : mean=-0.591, std= 0.096
[18:21:14] 
======================================================================
[18:21:14] Episode 3/200
[18:21:14] ======================================================================
[18:21:14] 总奖励:   -93.45 | 步数: 24
[18:21:14] 最近10个episodes平均:   -77.81
[18:21:14] 
各Agent奖励:
[18:21:14]   wind      :  126.600
[18:21:14]   solar     :    8.264
[18:21:14]   diesel    :    4.379
[18:21:14]   battery   :   -5.203
[18:21:14]   customer  : -227.490
[18:21:14] 
🔌 Main Grid 交易:
[18:21:14]   进口电量:   639.34 kWh
[18:21:14]   出口电量:   660.80 kWh
[18:21:14]   净交易量:   -21.46 kWh
[18:21:14]   平均出清价:  13.66 cents/kWh
[18:21:14]   市场独立度:  63.88%
[18:21:14] 
Buffer大小:   312
[18:21:14] 噪声水平: 0.0987
[18:21:14] 
动作统计:
[18:21:14]   wind      : mean= 0.020, std= 0.278
[18:21:14]   solar     : mean= 0.866, std= 0.088
[18:21:14]   diesel    : mean= 0.043, std= 0.230
[18:21:14]   battery   : mean=-0.086, std= 0.349
[18:21:14]   customer  : mean=-0.307, std= 0.101
[18:21:14] 
======================================================================
[18:21:14] Episode 4/200
[18:21:14] ======================================================================
[18:21:14] 总奖励:  -132.67 | 步数: 24
[18:21:14] 最近10个episodes平均:   -91.52
[18:21:14] 
各Agent奖励:
[18:21:14]   wind      :  130.938
[18:21:14]   solar     :   39.007
[18:21:14]   diesel    :    0.000
[18:21:14]   battery   :  -10.805
[18:21:14]   customer  : -291.812
[18:21:14] 
🔌 Main Grid 交易:
[18:21:14]   进口电量:   325.97 kWh
[18:21:14]   出口电量:   370.03 kWh
[18:21:14]   净交易量:   -44.06 kWh
[18:21:14]   平均出清价:  21.08 cents/kWh
[18:21:14]   市场独立度:  80.67%
[18:21:14] 
Buffer大小:   336
[18:21:14] 噪声水平: 0.0986
[18:21:14] 
动作统计:
[18:21:14]   wind      : mean= 0.436, std= 0.171
[18:21:14]   solar     : mean= 0.888, std= 0.089
[18:21:14]   diesel    : mean=-0.007, std= 0.331
[18:21:14]   battery   : mean=-0.130, std= 0.282
[18:21:14]   customer  : mean= 0.091, std= 0.121
[18:21:15] 
======================================================================
[18:21:15] Episode 5/200
[18:21:15] ======================================================================
[18:21:15] 总奖励:  -215.19 | 步数: 24
[18:21:15] 最近10个episodes平均:  -116.26
[18:21:15] 
各Agent奖励:
[18:21:15]   wind      :   40.382
[18:21:15]   solar     :   11.236
[18:21:15]   diesel    :    0.000
[18:21:15]   battery   :    1.559
[18:21:15]   customer  : -268.371
[18:21:15] 
🔌 Main Grid 交易:
[18:21:15]   进口电量:    41.06 kWh
[18:21:15]   出口电量:  1187.65 kWh
[18:21:15]   净交易量: -1146.58 kWh
[18:21:15]   平均出清价:  23.12 cents/kWh
[18:21:15]   市场独立度:  65.87%
[18:21:15] 
Buffer大小:   360
[18:21:15] 噪声水平: 0.0985
[18:21:15] 
动作统计:
[18:21:15]   wind      : mean= 0.709, std= 0.152
[18:21:15]   solar     : mean= 0.932, std= 0.077
[18:21:15]   diesel    : mean=-0.065, std= 0.563
[18:21:15]   battery   : mean= 0.030, std= 0.455
[18:21:15]   customer  : mean= 0.545, std= 0.102
[18:21:16] 
======================================================================
[18:21:16] Episode 6/200
[18:21:16] ======================================================================
[18:21:16] 总奖励:  -196.98 | 步数: 24
[18:21:16] 最近10个episodes平均:  -129.71
[18:21:16] 
各Agent奖励:
[18:21:16]   wind      :   24.621
[18:21:16]   solar     :    0.000
[18:21:16]   diesel    :    0.000
[18:21:16]   battery   :   -3.438
[18:21:16]   customer  : -218.158
[18:21:16] 
🔌 Main Grid 交易:
[18:21:16]   进口电量:    48.62 kWh
[18:21:16]   出口电量:  1232.84 kWh
[18:21:16]   净交易量: -1184.22 kWh
[18:21:16]   平均出清价:  21.45 cents/kWh
[18:21:16]   市场独立度:  64.40%
[18:21:16] 
Buffer大小:   384
[18:21:16] 噪声水平: 0.0984
[18:21:16] 
动作统计:
[18:21:16]   wind      : mean= 0.803, std= 0.099
[18:21:16]   solar     : mean= 0.967, std= 0.039
[18:21:16]   diesel    : mean=-0.139, std= 0.690
[18:21:16]   battery   : mean= 0.128, std= 0.609
[18:21:16]   customer  : mean= 0.821, std= 0.119
[18:21:17] 
======================================================================
[18:21:17] Episode 7/200
[18:21:17] ======================================================================
[18:21:17] 总奖励:  -205.97 | 步数: 24
[18:21:17] 最近10个episodes平均:  -140.60
[18:21:17] 
各Agent奖励:
[18:21:17]   wind      :    6.103
[18:21:17]   solar     :    0.000
[18:21:17]   diesel    :    0.000
[18:21:17]   battery   :   -2.801
[18:21:17]   customer  : -209.271
[18:21:17] 
🔌 Main Grid 交易:
[18:21:17]   进口电量:     0.00 kWh
[18:21:17]   出口电量:  1564.72 kWh
[18:21:17]   净交易量: -1564.72 kWh
[18:21:17]   平均出清价:  21.55 cents/kWh
[18:21:17]   市场独立度:  56.54%
[18:21:17] 
Buffer大小:   408
[18:21:17] 噪声水平: 0.0983
[18:21:17] 
动作统计:
[18:21:17]   wind      : mean= 0.885, std= 0.097
[18:21:17]   solar     : mean= 0.948, std= 0.059
[18:21:17]   diesel    : mean=-0.252, std= 0.685
[18:21:17]   battery   : mean= 0.108, std= 0.774
[18:21:17]   customer  : mean= 0.911, std= 0.077
[18:21:18] 
======================================================================
[18:21:18] Episode 8/200
[18:21:18] ======================================================================
[18:21:18] 总奖励:  -207.02 | 步数: 24
[18:21:18] 最近10个episodes平均:  -148.91
[18:21:18] 
各Agent奖励:
[18:21:18]   wind      :    0.546
[18:21:18]   solar     :    1.003
[18:21:18]   diesel    :    0.000
[18:21:18]   battery   :   -2.183
[18:21:18]   customer  : -206.383
[18:21:18] 
🔌 Main Grid 交易:
[18:21:18]   进口电量:     0.00 kWh
[18:21:18]   出口电量:  1851.72 kWh
[18:21:18]   净交易量: -1851.72 kWh
[18:21:18]   平均出清价:  17.94 cents/kWh
[18:21:18]   市场独立度:  48.56%
[18:21:18] 
Buffer大小:   432
[18:21:18] 噪声水平: 0.0982
[18:21:18] 
动作统计:
[18:21:18]   wind      : mean= 0.935, std= 0.064
[18:21:18]   solar     : mean= 0.970, std= 0.046
[18:21:18]   diesel    : mean=-0.436, std= 0.539
[18:21:18]   battery   : mean= 0.054, std= 0.855
[18:21:18]   customer  : mean= 0.924, std= 0.072
[18:21:19] 
======================================================================
[18:21:19] Episode 9/200
[18:21:19] ======================================================================
[18:21:19] 总奖励:  -200.67 | 步数: 24
[18:21:19] 最近10个episodes平均:  -154.66
[18:21:19] 
各Agent奖励:
[18:21:19]   wind      :    4.373
[18:21:19]   solar     :    0.000
[18:21:19]   diesel    :    0.000
[18:21:19]   battery   :    0.000
[18:21:19]   customer  : -205.047
[18:21:19] 
🔌 Main Grid 交易:
[18:21:19]   进口电量:     0.00 kWh
[18:21:19]   出口电量:  1792.16 kWh
[18:21:19]   净交易量: -1792.16 kWh
[18:21:19]   平均出清价:  18.13 cents/kWh
[18:21:19]   市场独立度:  50.22%
[18:21:19] 
Buffer大小:   456
[18:21:19] 噪声水平: 0.0981
[18:21:19] 
动作统计:
[18:21:19]   wind      : mean= 0.931, std= 0.062
[18:21:19]   solar     : mean= 0.981, std= 0.030
[18:21:19]   diesel    : mean=-0.697, std= 0.299
[18:21:19]   battery   : mean= 0.087, std= 0.865
[18:21:19]   customer  : mean= 0.955, std= 0.052
[18:21:20] 
======================================================================
[18:21:20] Episode 10/200
[18:21:20] ======================================================================
[18:21:20] 总奖励:  -203.69 | 步数: 24
[18:21:20] 最近10个episodes平均:  -159.56
[18:21:20] 
各Agent奖励:
[18:21:20]   wind      :    3.820
[18:21:20]   solar     :    0.453
[18:21:20]   diesel    :    0.000
[18:21:20]   battery   :   -3.807
[18:21:20]   customer  : -204.156
[18:21:20] 
🔌 Main Grid 交易:
[18:21:20]   进口电量:     0.00 kWh
[18:21:20]   出口电量:  1931.83 kWh
[18:21:20]   净交易量: -1931.83 kWh
[18:21:20]   平均出清价:  18.38 cents/kWh
[18:21:20]   市场独立度:  46.34%
[18:21:20] 
Buffer大小:   480
[18:21:20] 噪声水平: 0.0980
[18:21:20] 
动作统计:
[18:21:20]   wind      : mean= 0.949, std= 0.061
[18:21:20]   solar     : mean= 0.955, std= 0.050
[18:21:20]   diesel    : mean=-0.843, std= 0.147
[18:21:20]   battery   : mean= 0.072, std= 0.884
[18:21:20]   customer  : mean= 0.931, std= 0.076
[18:21:20] 
📊 生成可视化图表...
[18:21:20]   ✓ debug_plots/training_ep0010.png
[18:21:21] 
======================================================================
[18:21:21] Episode 11/200
[18:21:21] ======================================================================
[18:21:21] 总奖励:  -192.04 | 步数: 24
[18:21:21] 最近10个episodes平均:  -169.38
[18:21:21] 
各Agent奖励:
[18:21:21]   wind      :    7.284
[18:21:21]   solar     :    0.146
[18:21:21]   diesel    :    0.000
[18:21:21]   battery   :   -0.769
[18:21:21]   customer  : -198.702
[18:21:21] 
🔌 Main Grid 交易:
[18:21:21]   进口电量:     0.00 kWh
[18:21:21]   出口电量:  1833.74 kWh
[18:21:21]   净交易量: -1833.74 kWh
[18:21:21]   平均出清价:  13.80 cents/kWh
[18:21:21]   市场独立度:  49.06%
[18:21:21] 
Buffer大小:   504
[18:21:21] 噪声水平: 0.0979
[18:21:21] 
动作统计:
[18:21:21]   wind      : mean= 0.937, std= 0.071
[18:21:21]   solar     : mean= 0.966, std= 0.046
[18:21:21]   diesel    : mean=-0.914, std= 0.078
[18:21:21]   battery   : mean= 0.191, std= 0.782
[18:21:21]   customer  : mean= 0.961, std= 0.074
[18:21:22] 
======================================================================
[18:21:22] Episode 12/200
[18:21:22] ======================================================================
[18:21:22] 总奖励:  -194.51 | 步数: 24
[18:21:22] 最近10个episodes平均:  -184.22
[18:21:22] 
各Agent奖励:
[18:21:22]   wind      :    0.015
[18:21:22]   solar     :    1.581
[18:21:22]   diesel    :    0.000
[18:21:22]   battery   :   -0.755
[18:21:22]   customer  : -195.355
[18:21:22] 
🔌 Main Grid 交易:
[18:21:22]   进口电量:     0.00 kWh
[18:21:22]   出口电量:  1856.20 kWh
[18:21:22]   净交易量: -1856.20 kWh
[18:21:22]   平均出清价:  13.01 cents/kWh
[18:21:22]   市场独立度:  48.44%
[18:21:22] 
Buffer大小:   528
[18:21:22] 噪声水平: 0.0978
[18:21:22] 
动作统计:
[18:21:22]   wind      : mean= 0.895, std= 0.079
[18:21:22]   solar     : mean= 0.959, std= 0.063
[18:21:22]   diesel    : mean=-0.920, std= 0.081
[18:21:22]   battery   : mean= 0.399, std= 0.560
[18:21:22]   customer  : mean= 0.965, std= 0.055
[18:21:22] 
======================================================================
[18:21:22] Episode 13/200
[18:21:22] ======================================================================
[18:21:22] 总奖励:  -200.88 | 步数: 24
[18:21:22] 最近10个episodes平均:  -194.96
[18:21:22] 
各Agent奖励:
[18:21:22]   wind      :    0.808
[18:21:22]   solar     :    0.000
[18:21:22]   diesel    :    0.000
[18:21:22]   battery   :    0.207
[18:21:22]   customer  : -201.891
[18:21:22] 
🔌 Main Grid 交易:
[18:21:22]   进口电量:     3.52 kWh
[18:21:22]   出口电量:  1423.51 kWh
[18:21:22]   净交易量: -1419.98 kWh
[18:21:22]   平均出清价:  18.87 cents/kWh
[18:21:22]   市场独立度:  60.36%
[18:21:22] 
Buffer大小:   552
[18:21:22] 噪声水平: 0.0977
[18:21:22] 
动作统计:
[18:21:22]   wind      : mean= 0.866, std= 0.108
[18:21:22]   solar     : mean= 0.981, std= 0.033
[18:21:22]   diesel    : mean=-0.935, std= 0.062
[18:21:22]   battery   : mean= 0.616, std= 0.368
[18:21:22]   customer  : mean= 0.952, std= 0.051
[18:21:23] 
======================================================================
[18:21:23] Episode 14/200
[18:21:23] ======================================================================
[18:21:23] 总奖励:  -195.17 | 步数: 24
[18:21:23] 最近10个episodes平均:  -201.21
[18:21:23] 
各Agent奖励:
[18:21:23]   wind      :    7.151
[18:21:23]   solar     :    0.000
[18:21:23]   diesel    :    0.000
[18:21:23]   battery   :    0.000
[18:21:23]   customer  : -202.322
[18:21:23] 
🔌 Main Grid 交易:
[18:21:23]   进口电量:     0.00 kWh
[18:21:23]   出口电量:  1386.55 kWh
[18:21:23]   净交易量: -1386.55 kWh
[18:21:23]   平均出清价:  13.86 cents/kWh
[18:21:23]   市场独立度:  61.48%
[18:21:23] 
Buffer大小:   576
[18:21:23] 噪声水平: 0.0976
[18:21:23] 
动作统计:
[18:21:23]   wind      : mean= 0.777, std= 0.184
[18:21:23]   solar     : mean= 0.962, std= 0.048
[18:21:23]   diesel    : mean=-0.925, std= 0.074
[18:21:23]   battery   : mean= 0.816, std= 0.180
[18:21:23]   customer  : mean= 0.957, std= 0.061
[18:21:24] 
======================================================================
[18:21:24] Episode 15/200
[18:21:24] ======================================================================
[18:21:24] 总奖励:  -190.66 | 步数: 24
[18:21:24] 最近10个episodes平均:  -198.76
[18:21:24] 
各Agent奖励:
[18:21:24]   wind      :    0.537
[18:21:24]   solar     :    2.937
[18:21:24]   diesel    :    0.000
[18:21:24]   battery   :    0.000
[18:21:24]   customer  : -194.132
[18:21:24] 
🔌 Main Grid 交易:
[18:21:24]   进口电量:     0.00 kWh
[18:21:24]   出口电量:  1959.97 kWh
[18:21:24]   净交易量: -1959.97 kWh
[18:21:24]   平均出清价:  14.08 cents/kWh
[18:21:24]   市场独立度:  45.56%
[18:21:24] 
Buffer大小:   600
[18:21:24] 噪声水平: 0.0975
[18:21:24] 
动作统计:
[18:21:24]   wind      : mean= 0.665, std= 0.261
[18:21:24]   solar     : mean= 0.942, std= 0.087
[18:21:24]   diesel    : mean=-0.894, std= 0.097
[18:21:24]   battery   : mean= 0.892, std= 0.113
[18:21:24]   customer  : mean= 0.961, std= 0.054
[18:21:25] 
======================================================================
[18:21:25] Episode 16/200
[18:21:25] ======================================================================
[18:21:25] 总奖励:  -188.67 | 步数: 24
[18:21:25] 最近10个episodes平均:  -197.93
[18:21:25] 
各Agent奖励:
[18:21:25]   wind      :    8.947
[18:21:25]   solar     :    0.000
[18:21:25]   diesel    :    0.000
[18:21:25]   battery   :    0.000
[18:21:25]   customer  : -197.614
[18:21:25] 
🔌 Main Grid 交易:
[18:21:25]   进口电量:     0.00 kWh
[18:21:25]   出口电量:  1751.47 kWh
[18:21:25]   净交易量: -1751.47 kWh
[18:21:25]   平均出清价:  13.41 cents/kWh
[18:21:25]   市场独立度:  51.35%
[18:21:25] 
Buffer大小:   624
[18:21:25] 噪声水平: 0.0974
[18:21:25] 
动作统计:
[18:21:25]   wind      : mean= 0.534, std= 0.325
[18:21:25]   solar     : mean= 0.972, std= 0.037
[18:21:25]   diesel    : mean=-0.872, std= 0.107
[18:21:25]   battery   : mean= 0.934, std= 0.079
[18:21:25]   customer  : mean= 0.950, std= 0.069
[18:21:26] 
======================================================================
[18:21:26] Episode 17/200
[18:21:26] ======================================================================
[18:21:26] 总奖励:  -178.62 | 步数: 24
[18:21:26] 最近10个episodes平均:  -195.19
[18:21:26] 
各Agent奖励:
[18:21:26]   wind      :   13.056
[18:21:26]   solar     :    0.000
[18:21:26]   diesel    :    0.000
[18:21:26]   battery   :    0.000
[18:21:26]   customer  : -191.681
[18:21:26] 
🔌 Main Grid 交易:
[18:21:26]   进口电量:     0.00 kWh
[18:21:26]   出口电量:  1475.68 kWh
[18:21:26]   净交易量: -1475.68 kWh
[18:21:26]   平均出清价:  14.77 cents/kWh
[18:21:26]   市场独立度:  59.01%
[18:21:26] 
Buffer大小:   648
[18:21:26] 噪声水平: 0.0973
[18:21:26] 
动作统计:
[18:21:26]   wind      : mean= 0.418, std= 0.371
[18:21:26]   solar     : mean= 0.958, std= 0.054
[18:21:26]   diesel    : mean=-0.843, std= 0.129
[18:21:26]   battery   : mean= 0.945, std= 0.068
[18:21:26]   customer  : mean= 0.956, std= 0.047
[18:21:27] 
======================================================================
[18:21:27] Episode 18/200
[18:21:27] ======================================================================
[18:21:27] 总奖励:  -174.12 | 步数: 24
[18:21:27] 最近10个episodes平均:  -191.90
[18:21:27] 
各Agent奖励:
[18:21:27]   wind      :   10.990
[18:21:27]   solar     :    0.000
[18:21:27]   diesel    :    0.000
[18:21:27]   battery   :    0.000
[18:21:27]   customer  : -185.112
[18:21:27] 
🔌 Main Grid 交易:
[18:21:27]   进口电量:     0.00 kWh
[18:21:27]   出口电量:  1444.42 kWh
[18:21:27]   净交易量: -1444.42 kWh
[18:21:27]   平均出清价:   9.58 cents/kWh
[18:21:27]   市场独立度:  59.88%
[18:21:27] 
Buffer大小:   672
[18:21:27] 噪声水平: 0.0972
[18:21:27] 
动作统计:
[18:21:27]   wind      : mean= 0.358, std= 0.405
[18:21:27]   solar     : mean= 0.937, std= 0.071
[18:21:27]   diesel    : mean=-0.830, std= 0.160
[18:21:27]   battery   : mean= 0.937, std= 0.067
[18:21:27]   customer  : mean= 0.954, std= 0.052
[18:21:28] 
======================================================================
[18:21:28] Episode 19/200
[18:21:28] ======================================================================
[18:21:28] 总奖励:  -176.89 | 步数: 24
[18:21:28] 最近10个episodes平均:  -189.53
[18:21:28] 
各Agent奖励:
[18:21:28]   wind      :    7.329
[18:21:28]   solar     :    0.000
[18:21:28]   diesel    :    0.000
[18:21:28]   battery   :    0.000
[18:21:28]   customer  : -184.222
[18:21:28] 
🔌 Main Grid 交易:
[18:21:28]   进口电量:     0.00 kWh
[18:21:28]   出口电量:  1525.96 kWh
[18:21:28]   净交易量: -1525.96 kWh
[18:21:28]   平均出清价:  12.16 cents/kWh
[18:21:28]   市场独立度:  57.61%
[18:21:28] 
Buffer大小:   696
[18:21:28] 噪声水平: 0.0971
[18:21:28] 
动作统计:
[18:21:28]   wind      : mean= 0.306, std= 0.397
[18:21:28]   solar     : mean= 0.955, std= 0.053
[18:21:28]   diesel    : mean=-0.756, std= 0.221
[18:21:28]   battery   : mean= 0.966, std= 0.057
[18:21:28]   customer  : mean= 0.940, std= 0.063
[18:21:29] 
======================================================================
[18:21:29] Episode 20/200
[18:21:29] ======================================================================
[18:21:29] 总奖励:  -186.03 | 步数: 24
[18:21:29] 最近10个episodes平均:  -187.76
[18:21:29] 
各Agent奖励:
[18:21:29]   wind      :    2.714
[18:21:29]   solar     :    0.000
[18:21:29]   diesel    :    0.000
[18:21:29]   battery   :    0.000
[18:21:29]   customer  : -188.742
[18:21:29] 
🔌 Main Grid 交易:
[18:21:29]   进口电量:     0.00 kWh
[18:21:29]   出口电量:  1710.74 kWh
[18:21:29]   净交易量: -1710.74 kWh
[18:21:29]   平均出清价:   8.82 cents/kWh
[18:21:29]   市场独立度:  52.48%
[18:21:29] 
Buffer大小:   720
[18:21:29] 噪声水平: 0.0970
[18:21:29] 
动作统计:
[18:21:29]   wind      : mean= 0.219, std= 0.496
[18:21:29]   solar     : mean= 0.913, std= 0.080
[18:21:29]   diesel    : mean=-0.703, std= 0.258
[18:21:29]   battery   : mean= 0.964, std= 0.048
[18:21:29]   customer  : mean= 0.952, std= 0.073
[18:21:29] 
📊 生成可视化图表...
[18:21:29]   ✓ debug_plots/training_ep0020.png
[18:21:30] 
======================================================================
[18:21:30] Episode 21/200
[18:21:30] ======================================================================
[18:21:30] 总奖励:  -188.70 | 步数: 24
[18:21:30] 最近10个episodes平均:  -187.43
[18:21:30] 
各Agent奖励:
[18:21:30]   wind      :    2.271
[18:21:30]   solar     :    0.000
[18:21:30]   diesel    :    0.000
[18:21:30]   battery   :    0.000
[18:21:30]   customer  : -190.976
[18:21:30] 
🔌 Main Grid 交易:
[18:21:30]   进口电量:     0.22 kWh
[18:21:30]   出口电量:  1671.45 kWh
[18:21:30]   净交易量: -1671.22 kWh
[18:21:30]   平均出清价:   6.25 cents/kWh
[18:21:30]   市场独立度:  53.56%
[18:21:30] 
Buffer大小:   744
[18:21:30] 噪声水平: 0.0969
[18:21:30] 
动作统计:
[18:21:30]   wind      : mean= 0.203, std= 0.486
[18:21:30]   solar     : mean= 0.474, std= 0.100
[18:21:30]   diesel    : mean=-0.643, std= 0.345
[18:21:30]   battery   : mean= 0.949, std= 0.060
[18:21:30]   customer  : mean= 0.977, std= 0.041
[18:21:31] 
======================================================================
[18:21:31] Episode 22/200
[18:21:31] ======================================================================
[18:21:31] 总奖励:  -191.84 | 步数: 24
[18:21:31] 最近10个episodes平均:  -187.16
[18:21:31] 
各Agent奖励:
[18:21:31]   wind      :   -3.184
[18:21:31]   solar     :   -1.369
[18:21:31]   diesel    :   -3.498
[18:21:31]   battery   :    0.000
[18:21:31]   customer  : -183.787
[18:21:31] 
🔌 Main Grid 交易:
[18:21:31]   进口电量:     0.00 kWh
[18:21:31]   出口电量:  1586.33 kWh
[18:21:31]   净交易量: -1586.33 kWh
[18:21:31]   平均出清价:   0.45 cents/kWh
[18:21:31]   市场独立度:  55.94%
[18:21:31] 
Buffer大小:   768
[18:21:31] 噪声水平: 0.0968
[18:21:31] 
动作统计:
[18:21:31]   wind      : mean= 0.153, std= 0.534
[18:21:31]   solar     : mean=-0.411, std= 0.106
[18:21:31]   diesel    : mean=-0.583, std= 0.387
[18:21:31]   battery   : mean= 0.950, std= 0.066
[18:21:31]   customer  : mean= 0.956, std= 0.053
[18:21:31] 
======================================================================
[18:21:31] Episode 23/200
[18:21:31] ======================================================================
[18:21:31] 总奖励:  -197.99 | 步数: 24
[18:21:31] 最近10个episodes平均:  -186.87
[18:21:31] 
各Agent奖励:
[18:21:31]   wind      :   -0.541
[18:21:31]   solar     :  -12.109
[18:21:31]   diesel    :   -5.147
[18:21:31]   battery   :    0.000
[18:21:31]   customer  : -180.192
[18:21:31] 
🔌 Main Grid 交易:
[18:21:31]   进口电量:     0.00 kWh
[18:21:31]   出口电量:  1724.90 kWh
[18:21:31]   净交易量: -1724.90 kWh
[18:21:31]   平均出清价:  -5.70 cents/kWh
[18:21:31]   市场独立度:  52.09%
[18:21:31] 
Buffer大小:   792
[18:21:31] 噪声水平: 0.0968
[18:21:31] 
动作统计:
[18:21:31]   wind      : mean= 0.136, std= 0.547
[18:21:31]   solar     : mean=-0.842, std= 0.077
[18:21:31]   diesel    : mean=-0.520, std= 0.466
[18:21:31]   battery   : mean= 0.922, std= 0.095
[18:21:31]   customer  : mean= 0.955, std= 0.056
[18:21:32] 
======================================================================
[18:21:32] Episode 24/200
[18:21:32] ======================================================================
[18:21:32] 总奖励:  -196.09 | 步数: 24
[18:21:32] 最近10个episodes平均:  -186.96
[18:21:32] 
各Agent奖励:
[18:21:32]   wind      :    0.010
[18:21:32]   solar     :   -2.508
[18:21:32]   diesel    :   -5.122
[18:21:32]   battery   :    0.000
[18:21:32]   customer  : -188.473
[18:21:32] 
🔌 Main Grid 交易:
[18:21:32]   进口电量:     9.28 kWh
[18:21:32]   出口电量:  1943.36 kWh
[18:21:32]   净交易量: -1934.08 kWh
[18:21:32]   平均出清价:  -4.15 cents/kWh
[18:21:32]   市场独立度:  45.76%
[18:21:32] 
Buffer大小:   816
[18:21:32] 噪声水平: 0.0967
[18:21:32] 
动作统计:
[18:21:32]   wind      : mean= 0.124, std= 0.526
[18:21:32]   solar     : mean=-0.913, std= 0.072
[18:21:32]   diesel    : mean=-0.474, std= 0.519
[18:21:32]   battery   : mean= 0.927, std= 0.065
[18:21:32]   customer  : mean= 0.977, std= 0.036
[18:21:33] 
======================================================================
[18:21:33] Episode 25/200
[18:21:33] ======================================================================
[18:21:33] 总奖励:  -195.71 | 步数: 24
[18:21:33] 最近10个episodes平均:  -187.47
[18:21:33] 
各Agent奖励:
[18:21:33]   wind      :    0.000
[18:21:33]   solar     :   -1.019
[18:21:33]   diesel    :  -15.016
[18:21:33]   battery   :    0.000
[18:21:33]   customer  : -179.676
[18:21:33] 
🔌 Main Grid 交易:
[18:21:33]   进口电量:     0.00 kWh
[18:21:33]   出口电量:  2257.40 kWh
[18:21:33]   净交易量: -2257.40 kWh
[18:21:33]   平均出清价:  -3.54 cents/kWh
[18:21:33]   市场独立度:  37.29%
[18:21:33] 
Buffer大小:   840
[18:21:33] 噪声水平: 0.0966
[18:21:33] 
动作统计:
[18:21:33]   wind      : mean= 0.089, std= 0.601
[18:21:33]   solar     : mean=-0.941, std= 0.061
[18:21:33]   diesel    : mean=-0.397, std= 0.575
[18:21:33]   battery   : mean= 0.931, std= 0.081
[18:21:33]   customer  : mean= 0.967, std= 0.062
[18:21:34] 
======================================================================
[18:21:34] Episode 26/200
[18:21:34] ======================================================================
[18:21:34] 总奖励:  -192.71 | 步数: 24
[18:21:34] 最近10个episodes平均:  -187.87
[18:21:34] 
各Agent奖励:
[18:21:34]   wind      :    0.000
[18:21:34]   solar     :  -10.596
[18:21:34]   diesel    :  -19.611
[18:21:34]   battery   :    0.000
[18:21:34]   customer  : -162.502
[18:21:34] 
🔌 Main Grid 交易:
[18:21:34]   进口电量:     0.00 kWh
[18:21:34]   出口电量:  2151.89 kWh
[18:21:34]   净交易量: -2151.89 kWh
[18:21:34]   平均出清价: -10.26 cents/kWh
[18:21:34]   市场独立度:  40.23%
[18:21:34] 
Buffer大小:   864
[18:21:34] 噪声水平: 0.0965
[18:21:34] 
动作统计:
[18:21:34]   wind      : mean= 0.110, std= 0.493
[18:21:34]   solar     : mean=-0.936, std= 0.067
[18:21:34]   diesel    : mean=-0.373, std= 0.597
[18:21:34]   battery   : mean= 0.894, std= 0.117
[18:21:34]   customer  : mean= 0.960, std= 0.053
[18:21:35] 
======================================================================
[18:21:35] Episode 27/200
[18:21:35] ======================================================================
[18:21:35] 总奖励:  -187.98 | 步数: 24
[18:21:35] 最近10个episodes平均:  -188.81
[18:21:35] 
各Agent奖励:
[18:21:35]   wind      :    0.000
[18:21:35]   solar     :   -5.431
[18:21:35]   diesel    :  -23.188
[18:21:35]   battery   :    0.000
[18:21:35]   customer  : -159.362
[18:21:35] 
🔌 Main Grid 交易:
[18:21:35]   进口电量:     0.00 kWh
[18:21:35]   出口电量:  2287.32 kWh
[18:21:35]   净交易量: -2287.32 kWh
[18:21:35]   平均出清价: -11.23 cents/kWh
[18:21:35]   市场独立度:  36.46%
[18:21:35] 
Buffer大小:   888
[18:21:35] 噪声水平: 0.0964
[18:21:35] 
动作统计:
[18:21:35]   wind      : mean= 0.024, std= 0.556
[18:21:35]   solar     : mean=-0.964, std= 0.046
[18:21:35]   diesel    : mean=-0.331, std= 0.617
[18:21:35]   battery   : mean= 0.890, std= 0.119
[18:21:35]   customer  : mean= 0.966, std= 0.050
[18:21:36] 
======================================================================
[18:21:36] Episode 28/200
[18:21:36] ======================================================================
[18:21:36] 总奖励:  -191.06 | 步数: 24
[18:21:36] 最近10个episodes平均:  -190.50
[18:21:36] 
各Agent奖励:
[18:21:36]   wind      :    0.000
[18:21:36]   solar     :   -3.419
[18:21:36]   diesel    :  -20.183
[18:21:36]   battery   :    0.000
[18:21:36]   customer  : -167.460
[18:21:36] 
🔌 Main Grid 交易:
[18:21:36]   进口电量:     0.00 kWh
[18:21:36]   出口电量:  2230.23 kWh
[18:21:36]   净交易量: -2230.23 kWh
[18:21:36]   平均出清价:  -6.13 cents/kWh
[18:21:36]   市场独立度:  38.05%
[18:21:36] 
Buffer大小:   912
[18:21:36] 噪声水平: 0.0963
[18:21:36] 
动作统计:
[18:21:36]   wind      : mean= 0.009, std= 0.590
[18:21:36]   solar     : mean=-0.958, std= 0.062
[18:21:36]   diesel    : mean=-0.322, std= 0.632
[18:21:36]   battery   : mean= 0.893, std= 0.132
[18:21:36]   customer  : mean= 0.968, std= 0.051
[18:21:36] 
======================================================================
[18:21:36] Episode 29/200
[18:21:36] ======================================================================
[18:21:36] 总奖励:  -193.11 | 步数: 24
[18:21:36] 最近10个episodes平均:  -192.12
[18:21:36] 
各Agent奖励:
[18:21:36]   wind      :    0.000
[18:21:36]   solar     :   -7.567
[18:21:36]   diesel    :   -8.964
[18:21:36]   battery   :    0.000
[18:21:36]   customer  : -176.575
[18:21:36] 
🔌 Main Grid 交易:
[18:21:36]   进口电量:     0.00 kWh
[18:21:36]   出口电量:  2479.11 kWh
[18:21:36]   净交易量: -2479.11 kWh
[18:21:36]   平均出清价:  -9.61 cents/kWh
[18:21:36]   市场独立度:  31.14%
[18:21:36] 
Buffer大小:   936
[18:21:36] 噪声水平: 0.0962
[18:21:36] 
动作统计:
[18:21:36]   wind      : mean=-0.016, std= 0.580
[18:21:36]   solar     : mean=-0.949, std= 0.067
[18:21:36]   diesel    : mean=-0.302, std= 0.676
[18:21:36]   battery   : mean= 0.851, std= 0.167
[18:21:36]   customer  : mean= 0.976, std= 0.039
[18:21:37] 
======================================================================
[18:21:37] Episode 30/200
[18:21:37] ======================================================================
[18:21:37] 总奖励:  -195.58 | 步数: 24
[18:21:37] 最近10个episodes平均:  -193.08
[18:21:37] 
各Agent奖励:
[18:21:37]   wind      :    0.000
[18:21:37]   solar     :   -4.741
[18:21:37]   diesel    :  -29.777
[18:21:37]   battery   :    0.000
[18:21:37]   customer  : -161.067
[18:21:37] 
🔌 Main Grid 交易:
[18:21:37]   进口电量:     0.00 kWh
[18:21:37]   出口电量:  2353.19 kWh
[18:21:37]   净交易量: -2353.19 kWh
[18:21:37]   平均出清价: -13.89 cents/kWh
[18:21:37]   市场独立度:  34.63%
[18:21:37] 
Buffer大小:   960
[18:21:37] 噪声水平: 0.0961
[18:21:37] 
动作统计:
[18:21:37]   wind      : mean= 0.042, std= 0.560
[18:21:37]   solar     : mean=-0.957, std= 0.046
[18:21:37]   diesel    : mean=-0.316, std= 0.676
[18:21:37]   battery   : mean= 0.862, std= 0.166
[18:21:37]   customer  : mean= 0.960, std= 0.058
[18:21:37] 
📊 生成可视化图表...
[18:21:37]   ✓ debug_plots/training_ep0030.png
[18:21:38] 
======================================================================
[18:21:38] Episode 31/200
[18:21:38] ======================================================================
[18:21:38] 总奖励:  -192.79 | 步数: 24
[18:21:38] 最近10个episodes平均:  -193.49
[18:21:38] 
各Agent奖励:
[18:21:38]   wind      :    0.243
[18:21:38]   solar     :   -0.460
[18:21:38]   diesel    :  -19.886
[18:21:38]   battery   :    0.000
[18:21:38]   customer  : -172.688
[18:21:38] 
🔌 Main Grid 交易:
[18:21:38]   进口电量:     0.00 kWh
[18:21:38]   出口电量:  1946.78 kWh
[18:21:38]   净交易量: -1946.78 kWh
[18:21:38]   平均出清价: -10.69 cents/kWh
[18:21:38]   市场独立度:  45.92%
[18:21:38] 
Buffer大小:   984
[18:21:38] 噪声水平: 0.0960
[18:21:38] 
动作统计:
[18:21:38]   wind      : mean= 0.045, std= 0.506
[18:21:38]   solar     : mean=-0.923, std= 0.088
[18:21:38]   diesel    : mean=-0.308, std= 0.672
[18:21:38]   battery   : mean= 0.837, std= 0.169
[18:21:38]   customer  : mean= 0.965, std= 0.055
[18:21:39] 
======================================================================
[18:21:39] Episode 32/200
[18:21:39] ======================================================================
[18:21:39] 总奖励:  -190.14 | 步数: 24
[18:21:39] 最近10个episodes平均:  -193.32
[18:21:39] 
各Agent奖励:
[18:21:39]   wind      :    0.000
[18:21:39]   solar     :    0.000
[18:21:39]   diesel    :  -43.487
[18:21:39]   battery   :    0.000
[18:21:39]   customer  : -146.654
[18:21:39] 
🔌 Main Grid 交易:
[18:21:39]   进口电量:     0.00 kWh
[18:21:39]   出口电量:  2528.26 kWh
[18:21:39]   净交易量: -2528.26 kWh
[18:21:39]   平均出清价: -17.56 cents/kWh
[18:21:39]   市场独立度:  29.77%
[18:21:39] 
Buffer大小:  1008
[18:21:39] 噪声水平: 0.0959
[18:21:39] 
动作统计:
[18:21:39]   wind      : mean=-0.009, std= 0.552
[18:21:39]   solar     : mean=-0.846, std= 0.111
[18:21:39]   diesel    : mean=-0.328, std= 0.658
[18:21:39]   battery   : mean= 0.863, std= 0.160
[18:21:39]   customer  : mean= 0.959, std= 0.063
[18:21:40] 
======================================================================
[18:21:40] Episode 33/200
[18:21:40] ======================================================================
[18:21:40] 总奖励:  -196.45 | 步数: 24
[18:21:40] 最近10个episodes平均:  -193.16
[18:21:40] 
各Agent奖励:
[18:21:40]   wind      :   -1.116
[18:21:40]   solar     :    0.000
[18:21:40]   diesel    :  -32.125
[18:21:40]   battery   :    0.000
[18:21:40]   customer  : -163.209
[18:21:40] 
🔌 Main Grid 交易:
[18:21:40]   进口电量:     0.00 kWh
[18:21:40]   出口电量:  2596.62 kWh
[18:21:40]   净交易量: -2596.62 kWh
[18:21:40]   平均出清价: -14.02 cents/kWh
[18:21:40]   市场独立度:  27.87%
[18:21:40] 
Buffer大小:  1032
[18:21:40] 噪声水平: 0.0958
[18:21:40] 
动作统计:
[18:21:40]   wind      : mean=-0.006, std= 0.542
[18:21:40]   solar     : mean=-0.700, std= 0.179
[18:21:40]   diesel    : mean=-0.288, std= 0.688
[18:21:40]   battery   : mean= 0.839, std= 0.192
[18:21:40]   customer  : mean= 0.966, std= 0.049
[18:21:41] 
======================================================================
[18:21:41] Episode 34/200
[18:21:41] ======================================================================
[18:21:41] 总奖励:  -193.95 | 步数: 24
[18:21:41] 最近10个episodes平均:  -192.95
[18:21:41] 
各Agent奖励:
[18:21:41]   wind      :    0.000
[18:21:41]   solar     :    0.000
[18:21:41]   diesel    :  -40.289
[18:21:41]   battery   :    0.000
[18:21:41]   customer  : -153.657
[18:21:41] 
🔌 Main Grid 交易:
[18:21:41]   进口电量:     0.00 kWh
[18:21:41]   出口电量:  2652.35 kWh
[18:21:41]   净交易量: -2652.35 kWh
[18:21:41]   平均出清价: -17.36 cents/kWh
[18:21:41]   市场独立度:  26.32%
[18:21:41] 
Buffer大小:  1056
[18:21:41] 噪声水平: 0.0957
[18:21:41] 
动作统计:
[18:21:41]   wind      : mean=-0.115, std= 0.588
[18:21:41]   solar     : mean=-0.510, std= 0.184
[18:21:41]   diesel    : mean=-0.287, std= 0.683
[18:21:41]   battery   : mean= 0.840, std= 0.202
[18:21:41]   customer  : mean= 0.952, std= 0.060
[18:21:42] 
======================================================================
[18:21:42] Episode 35/200
[18:21:42] ======================================================================
[18:21:42] 总奖励:  -195.27 | 步数: 24
[18:21:42] 最近10个episodes平均:  -192.90
[18:21:42] 
各Agent奖励:
[18:21:42]   wind      :    0.000
[18:21:42]   solar     :    0.000
[18:21:42]   diesel    :  -27.316
[18:21:42]   battery   :    0.000
[18:21:42]   customer  : -167.956
[18:21:42] 
🔌 Main Grid 交易:
[18:21:42]   进口电量:     0.00 kWh
[18:21:42]   出口电量:  2559.42 kWh
[18:21:42]   净交易量: -2559.42 kWh
[18:21:42]   平均出清价: -12.48 cents/kWh
[18:21:42]   市场独立度:  28.90%
[18:21:42] 
Buffer大小:  1080
[18:21:42] 噪声水平: 0.0956
[18:21:42] 
动作统计:
[18:21:42]   wind      : mean=-0.077, std= 0.535
[18:21:42]   solar     : mean=-0.357, std= 0.219
[18:21:42]   diesel    : mean=-0.280, std= 0.687
[18:21:42]   battery   : mean= 0.846, std= 0.217
[18:21:42]   customer  : mean= 0.965, std= 0.048
[18:21:43] 
======================================================================
[18:21:43] Episode 36/200
[18:21:43] ======================================================================
[18:21:43] 总奖励:  -192.89 | 步数: 24
[18:21:43] 最近10个episodes平均:  -192.92
[18:21:43] 
各Agent奖励:
[18:21:43]   wind      :    0.000
[18:21:43]   solar     :    0.000
[18:21:43]   diesel    :  -37.333
[18:21:43]   battery   :    0.000
[18:21:43]   customer  : -155.561
[18:21:43] 
🔌 Main Grid 交易:
[18:21:43]   进口电量:     0.00 kWh
[18:21:43]   出口电量:  2529.18 kWh
[18:21:43]   净交易量: -2529.18 kWh
[18:21:43]   平均出清价: -11.84 cents/kWh
[18:21:43]   市场独立度:  29.75%
[18:21:43] 
Buffer大小:  1104
[18:21:43] 噪声水平: 0.0955
[18:21:43] 
动作统计:
[18:21:43]   wind      : mean=-0.075, std= 0.570
[18:21:43]   solar     : mean=-0.172, std= 0.244
[18:21:43]   diesel    : mean=-0.289, std= 0.671
[18:21:43]   battery   : mean= 0.842, std= 0.213
[18:21:43]   customer  : mean= 0.955, std= 0.056
[18:21:44] 
======================================================================
[18:21:44] Episode 37/200
[18:21:44] ======================================================================
[18:21:44] 总奖励:  -191.26 | 步数: 24
[18:21:44] 最近10个episodes平均:  -193.25
[18:21:44] 
各Agent奖励:
[18:21:44]   wind      :    0.000
[18:21:44]   solar     :    0.000
[18:21:44]   diesel    :  -36.126
[18:21:44]   battery   :    0.000
[18:21:44]   customer  : -155.138
[18:21:44] 
🔌 Main Grid 交易:
[18:21:44]   进口电量:     0.00 kWh
[18:21:44]   出口电量:  2021.61 kWh
[18:21:44]   净交易量: -2021.61 kWh
[18:21:44]   平均出清价: -14.37 cents/kWh
[18:21:44]   市场独立度:  43.84%
[18:21:44] 
Buffer大小:  1128
[18:21:44] 噪声水平: 0.0954
[18:21:44] 
动作统计:
[18:21:44]   wind      : mean= 0.113, std= 0.392
[18:21:44]   solar     : mean=-0.016, std= 0.226
[18:21:44]   diesel    : mean=-0.310, std= 0.652
[18:21:44]   battery   : mean= 0.861, std= 0.199
[18:21:44]   customer  : mean= 0.961, std= 0.055
[18:21:45] 
======================================================================
[18:21:45] Episode 38/200
[18:21:45] ======================================================================
[18:21:45] 总奖励:  -191.25 | 步数: 24
[18:21:45] 最近10个episodes平均:  -193.27
[18:21:45] 
各Agent奖励:
[18:21:45]   wind      :   -0.115
[18:21:45]   solar     :    0.000
[18:21:45]   diesel    :  -24.602
[18:21:45]   battery   :    0.000
[18:21:45]   customer  : -166.533
[18:21:45] 
🔌 Main Grid 交易:
[18:21:45]   进口电量:     0.00 kWh
[18:21:45]   出口电量:  2511.01 kWh
[18:21:45]   净交易量: -2511.01 kWh
[18:21:45]   平均出清价: -13.24 cents/kWh
[18:21:45]   市场独立度:  30.25%
[18:21:45] 
Buffer大小:  1152
[18:21:45] 噪声水平: 0.0953
[18:21:45] 
动作统计:
[18:21:45]   wind      : mean=-0.095, std= 0.503
[18:21:45]   solar     : mean= 0.063, std= 0.263
[18:21:45]   diesel    : mean=-0.328, std= 0.627
[18:21:45]   battery   : mean= 0.867, std= 0.189
[18:21:45]   customer  : mean= 0.964, std= 0.046
[18:21:46] 
======================================================================
[18:21:46] Episode 39/200
[18:21:46] ======================================================================
[18:21:46] 总奖励:  -188.98 | 步数: 24
[18:21:46] 最近10个episodes平均:  -192.86
[18:21:46] 
各Agent奖励:
[18:21:46]   wind      :    1.443
[18:21:46]   solar     :    0.000
[18:21:46]   diesel    :  -33.632
[18:21:46]   battery   :    0.000
[18:21:46]   customer  : -156.790
[18:21:46] 
🔌 Main Grid 交易:
[18:21:46]   进口电量:     0.00 kWh
[18:21:46]   出口电量:  1897.03 kWh
[18:21:46]   净交易量: -1897.03 kWh
[18:21:46]   平均出清价: -17.20 cents/kWh
[18:21:46]   市场独立度:  47.30%
[18:21:46] 
Buffer大小:  1176
[18:21:46] 噪声水平: 0.0952
[18:21:46] 
动作统计:
[18:21:46]   wind      : mean= 0.036, std= 0.477
[18:21:46]   solar     : mean= 0.088, std= 0.243
[18:21:46]   diesel    : mean=-0.375, std= 0.577
[18:21:46]   battery   : mean= 0.862, std= 0.197
[18:21:46]   customer  : mean= 0.945, std= 0.053
[18:21:46] 
======================================================================
[18:21:46] Episode 40/200
[18:21:46] ======================================================================
[18:21:46] 总奖励:  -192.75 | 步数: 24
[18:21:46] 最近10个episodes平均:  -192.57
[18:21:46] 
各Agent奖励:
[18:21:46]   wind      :   -3.440
[18:21:46]   solar     :    0.004
[18:21:46]   diesel    :  -14.175
[18:21:46]   battery   :    0.000
[18:21:46]   customer  : -175.134
[18:21:46] 
🔌 Main Grid 交易:
[18:21:46]   进口电量:     0.00 kWh
[18:21:46]   出口电量:  2016.50 kWh
[18:21:46]   净交易量: -2016.50 kWh
[18:21:46]   平均出清价:  -8.31 cents/kWh
[18:21:46]   市场独立度:  43.99%
[18:21:46] 
Buffer大小:  1200
[18:21:46] 噪声水平: 0.0951
[18:21:46] 
动作统计:
[18:21:46]   wind      : mean= 0.020, std= 0.394
[18:21:46]   solar     : mean= 0.166, std= 0.236
[18:21:46]   diesel    : mean=-0.437, std= 0.539
[18:21:46]   battery   : mean= 0.860, std= 0.202
[18:21:46]   customer  : mean= 0.958, std= 0.058
[18:21:46] 
📊 生成可视化图表...
[18:21:47]   ✓ debug_plots/training_ep0040.png
[18:21:48] 
======================================================================
[18:21:48] Episode 41/200
[18:21:48] ======================================================================
[18:21:48] 总奖励:  -182.57 | 步数: 24
[18:21:48] 最近10个episodes平均:  -191.55
[18:21:48] 
各Agent奖励:
[18:21:48]   wind      :   -7.078
[18:21:48]   solar     :    0.465
[18:21:48]   diesel    :   -2.700
[18:21:48]   battery   :    0.000
[18:21:48]   customer  : -173.256
[18:21:48] 
🔌 Main Grid 交易:
[18:21:48]   进口电量:     0.00 kWh
[18:21:48]   出口电量:  1692.08 kWh
[18:21:48]   净交易量: -1692.08 kWh
[18:21:48]   平均出清价:  -0.52 cents/kWh
[18:21:48]   市场独立度:  53.00%
[18:21:48] 
Buffer大小:  1224
[18:21:48] 噪声水平: 0.0950
[18:21:48] 
动作统计:
[18:21:48]   wind      : mean=-0.018, std= 0.466
[18:21:48]   solar     : mean= 0.176, std= 0.289
[18:21:48]   diesel    : mean=-0.492, std= 0.489
[18:21:48]   battery   : mean= 0.875, std= 0.183
[18:21:48]   customer  : mean= 0.939, std= 0.079
[18:21:48] 
======================================================================
[18:21:48] Episode 42/200
[18:21:48] ======================================================================
[18:21:48] 总奖励:  -182.35 | 步数: 24
[18:21:48] 最近10个episodes平均:  -190.77
[18:21:48] 
各Agent奖励:
[18:21:48]   wind      :    3.543
[18:21:48]   solar     :    0.212
[18:21:48]   diesel    :   -1.399
[18:21:48]   battery   :    0.000
[18:21:48]   customer  : -184.708
[18:21:48] 
🔌 Main Grid 交易:
[18:21:48]   进口电量:     0.00 kWh
[18:21:48]   出口电量:  1540.98 kWh
[18:21:48]   净交易量: -1540.98 kWh
[18:21:48]   平均出清价:   2.80 cents/kWh
[18:21:48]   市场独立度:  57.19%
[18:21:48] 
Buffer大小:  1248
[18:21:48] 噪声水平: 0.0949
[18:21:48] 
动作统计:
[18:21:48]   wind      : mean= 0.128, std= 0.343
[18:21:48]   solar     : mean= 0.226, std= 0.314
[18:21:48]   diesel    : mean=-0.562, std= 0.442
[18:21:48]   battery   : mean= 0.873, std= 0.184
[18:21:48]   customer  : mean= 0.974, std= 0.032
[18:21:49] 
======================================================================
[18:21:49] Episode 43/200
[18:21:49] ======================================================================
[18:21:49] 总奖励:  -179.87 | 步数: 24
[18:21:49] 最近10个episodes平均:  -189.11
[18:21:49] 
各Agent奖励:
[18:21:49]   wind      :    2.563
[18:21:49]   solar     :    0.545
[18:21:49]   diesel    :   -0.323
[18:21:49]   battery   :    0.000
[18:21:49]   customer  : -182.652
[18:21:49] 
🔌 Main Grid 交易:
[18:21:49]   进口电量:     0.00 kWh
[18:21:49]   出口电量:  1819.58 kWh
[18:21:49]   净交易量: -1819.58 kWh
[18:21:49]   平均出清价:   3.67 cents/kWh
[18:21:49]   市场独立度:  49.46%
[18:21:49] 
Buffer大小:  1272
[18:21:49] 噪声水平: 0.0948
[18:21:49] 
动作统计:
[18:21:49]   wind      : mean= 0.004, std= 0.407
[18:21:49]   solar     : mean= 0.257, std= 0.281
[18:21:49]   diesel    : mean=-0.588, std= 0.402
[18:21:49]   battery   : mean= 0.858, std= 0.180
[18:21:49]   customer  : mean= 0.962, std= 0.044
[18:21:50] 
======================================================================
[18:21:50] Episode 44/200
[18:21:50] ======================================================================
[18:21:50] 总奖励:  -181.84 | 步数: 24
[18:21:50] 最近10个episodes平均:  -187.90
[18:21:50] 
各Agent奖励:
[18:21:50]   wind      :   10.073
[18:21:50]   solar     :    0.170
[18:21:50]   diesel    :   -3.227
[18:21:50]   battery   :    0.000
[18:21:50]   customer  : -188.860
[18:21:50] 
🔌 Main Grid 交易:
[18:21:50]   进口电量:    14.32 kWh
[18:21:50]   出口电量:  1582.26 kWh
[18:21:50]   净交易量: -1567.95 kWh
[18:21:50]   平均出清价:   5.05 cents/kWh
[18:21:50]   市场独立度:  55.65%
[18:21:50] 
Buffer大小:  1296
[18:21:50] 噪声水平: 0.0947
[18:21:50] 
动作统计:
[18:21:50]   wind      : mean= 0.082, std= 0.422
[18:21:50]   solar     : mean= 0.255, std= 0.347
[18:21:50]   diesel    : mean=-0.615, std= 0.391
[18:21:50]   battery   : mean= 0.880, std= 0.166
[18:21:50]   customer  : mean= 0.933, std= 0.071
[18:21:51] 
======================================================================
[18:21:51] Episode 45/200
[18:21:51] ======================================================================
[18:21:51] 总奖励:  -164.64 | 步数: 24
[18:21:51] 最近10个episodes平均:  -184.84
[18:21:51] 
各Agent奖励:
[18:21:51]   wind      :   13.113
[18:21:51]   solar     :    1.722
[18:21:51]   diesel    :   -1.432
[18:21:51]   battery   :    0.000
[18:21:51]   customer  : -178.043
[18:21:51] 
🔌 Main Grid 交易:
[18:21:51]   进口电量:     0.00 kWh
[18:21:51]   出口电量:  1806.20 kWh
[18:21:51]   净交易量: -1806.20 kWh
[18:21:51]   平均出清价:   4.23 cents/kWh
[18:21:51]   市场独立度:  49.83%
[18:21:51] 
Buffer大小:  1320
[18:21:51] 噪声水平: 0.0946
[18:21:51] 
动作统计:
[18:21:51]   wind      : mean= 0.080, std= 0.345
[18:21:51]   solar     : mean= 0.226, std= 0.370
[18:21:51]   diesel    : mean=-0.607, std= 0.403
[18:21:51]   battery   : mean= 0.874, std= 0.189
[18:21:51]   customer  : mean= 0.894, std= 0.080
[18:21:52] 
======================================================================
[18:21:52] Episode 46/200
[18:21:52] ======================================================================
[18:21:52] 总奖励:  -149.65 | 步数: 24
[18:21:52] 最近10个episodes平均:  -180.52
[18:21:52] 
各Agent奖励:
[18:21:52]   wind      :   13.271
[18:21:52]   solar     :    6.010
[18:21:52]   diesel    :  -20.167
[18:21:52]   battery   :    0.000
[18:21:52]   customer  : -148.762
[18:21:52] 
🔌 Main Grid 交易:
[18:21:52]   进口电量:     9.02 kWh
[18:21:52]   出口电量:  1348.10 kWh
[18:21:52]   净交易量: -1339.07 kWh
[18:21:52]   平均出清价:   3.60 cents/kWh
[18:21:52]   市场独立度:  62.30%
[18:21:52] 
Buffer大小:  1344
[18:21:52] 噪声水平: 0.0946
[18:21:52] 
动作统计:
[18:21:52]   wind      : mean= 0.167, std= 0.302
[18:21:52]   solar     : mean= 0.203, std= 0.351
[18:21:52]   diesel    : mean=-0.545, std= 0.453
[18:21:52]   battery   : mean= 0.846, std= 0.199
[18:21:52]   customer  : mean= 0.781, std= 0.136
[18:21:52] 
======================================================================
[18:21:52] Episode 47/200
[18:21:52] ======================================================================
[18:21:52] 总奖励:  -141.90 | 步数: 24
[18:21:52] 最近10个episodes平均:  -175.58
[18:21:52] 
各Agent奖励:
[18:21:52]   wind      :   -2.063
[18:21:52]   solar     :   15.471
[18:21:52]   diesel    :  -25.792
[18:21:52]   battery   :    0.000
[18:21:52]   customer  : -129.520
[18:21:52] 
🔌 Main Grid 交易:
[18:21:52]   进口电量:    55.01 kWh
[18:21:52]   出口电量:  1348.36 kWh
[18:21:52]   净交易量: -1293.35 kWh
[18:21:52]   平均出清价:   8.43 cents/kWh
[18:21:52]   市场独立度:  61.02%
[18:21:52] 
Buffer大小:  1368
[18:21:52] 噪声水平: 0.0945
[18:21:52] 
动作统计:
[18:21:52]   wind      : mean= 0.109, std= 0.428
[18:21:52]   solar     : mean= 0.266, std= 0.367
[18:21:52]   diesel    : mean=-0.511, std= 0.519
[18:21:52]   battery   : mean= 0.841, std= 0.213
[18:21:52]   customer  : mean= 0.619, std= 0.157
[18:21:53] 
======================================================================
[18:21:53] Episode 48/200
[18:21:53] ======================================================================
[18:21:53] 总奖励:  -149.94 | 步数: 24
[18:21:53] 最近10个episodes平均:  -171.45
[18:21:53] 
各Agent奖励:
[18:21:53]   wind      :    9.909
[18:21:53]   solar     :   10.710
[18:21:53]   diesel    :  -32.427
[18:21:53]   battery   :    0.000
[18:21:53]   customer  : -138.136
[18:21:53] 
🔌 Main Grid 交易:
[18:21:53]   进口电量:   111.06 kWh
[18:21:53]   出口电量:  1012.36 kWh
[18:21:53]   净交易量:  -901.30 kWh
[18:21:53]   平均出清价:  10.50 cents/kWh
[18:21:53]   市场独立度:  68.79%
[18:21:53] 
Buffer大小:  1392
[18:21:53] 噪声水平: 0.0944
[18:21:53] 
动作统计:
[18:21:53]   wind      : mean= 0.146, std= 0.362
[18:21:53]   solar     : mean= 0.217, std= 0.372
[18:21:53]   diesel    : mean=-0.468, std= 0.549
[18:21:53]   battery   : mean= 0.837, std= 0.201
[18:21:53]   customer  : mean= 0.484, std= 0.231
[18:21:54] 
======================================================================
[18:21:54] Episode 49/200
[18:21:54] ======================================================================
[18:21:54] 总奖励:   -70.41 | 步数: 24
[18:21:54] 最近10个episodes平均:  -159.59
[18:21:54] 
各Agent奖励:
[18:21:54]   wind      :   69.690
[18:21:54]   solar     :   27.787
[18:21:54]   diesel    :  -12.791
[18:21:54]   battery   :    0.000
[18:21:54]   customer  : -155.097
[18:21:54] 
🔌 Main Grid 交易:
[18:21:54]   进口电量:   115.68 kWh
[18:21:54]   出口电量:  1180.63 kWh
[18:21:54]   净交易量: -1064.96 kWh
[18:21:54]   平均出清价:  13.48 cents/kWh
[18:21:54]   市场独立度:  63.99%
[18:21:54] 
Buffer大小:  1416
[18:21:54] 噪声水平: 0.0943
[18:21:54] 
动作统计:
[18:21:54]   wind      : mean= 0.148, std= 0.345
[18:21:54]   solar     : mean= 0.190, std= 0.381
[18:21:54]   diesel    : mean=-0.467, std= 0.602
[18:21:54]   battery   : mean= 0.844, std= 0.216
[18:21:54]   customer  : mean= 0.377, std= 0.254
[18:21:55] 
======================================================================
[18:21:55] Episode 50/200
[18:21:55] ======================================================================
[18:21:55] 总奖励:   -60.06 | 步数: 24
[18:21:55] 最近10个episodes平均:  -146.32
[18:21:55] 
各Agent奖励:
[18:21:55]   wind      :   94.479
[18:21:55]   solar     :   40.612
[18:21:55]   diesel    :   13.584
[18:21:55]   battery   :    0.000
[18:21:55]   customer  : -208.731
[18:21:55] 
🔌 Main Grid 交易:
[18:21:55]   进口电量:   223.97 kWh
[18:21:55]   出口电量:   985.70 kWh
[18:21:55]   净交易量:  -761.72 kWh
[18:21:55]   平均出清价:  16.53 cents/kWh
[18:21:55]   市场独立度:  66.40%
[18:21:55] 
Buffer大小:  1440
[18:21:55] 噪声水平: 0.0942
[18:21:55] 
动作统计:
[18:21:55]   wind      : mean= 0.241, std= 0.312
[18:21:55]   solar     : mean= 0.156, std= 0.405
[18:21:55]   diesel    : mean=-0.418, std= 0.603
[18:21:55]   battery   : mean= 0.812, std= 0.211
[18:21:55]   customer  : mean= 0.288, std= 0.269
[18:21:55] 
📊 生成可视化图表...
[18:21:55]   ✓ debug_plots/training_ep0050.png
[18:21:55] 💾 保存checkpoint: debug_checkpoints/debug_maddpg_20251203_182110_ep0050.pt
[18:21:56] 
======================================================================
[18:21:56] Episode 51/200
[18:21:56] ======================================================================
[18:21:56] 总奖励:  -109.34 | 步数: 24
[18:21:56] 最近10个episodes平均:  -139.00
[18:21:56] 
各Agent奖励:
[18:21:56]   wind      :   68.744
[18:21:56]   solar     :   34.070
[18:21:56]   diesel    :    0.990
[18:21:56]   battery   :    0.000
[18:21:56]   customer  : -213.139
[18:21:56] 
🔌 Main Grid 交易:
[18:21:56]   进口电量:   323.45 kWh
[18:21:56]   出口电量:   845.87 kWh
[18:21:56]   净交易量:  -522.42 kWh
[18:21:56]   平均出清价:  15.79 cents/kWh
[18:21:56]   市场独立度:  67.52%
[18:21:56] 
Buffer大小:  1464
[18:21:56] 噪声水平: 0.0941
[18:21:56] 
动作统计:
[18:21:56]   wind      : mean= 0.265, std= 0.324
[18:21:56]   solar     : mean= 0.148, std= 0.400
[18:21:56]   diesel    : mean=-0.409, std= 0.611
[18:21:56]   battery   : mean= 0.818, std= 0.219
[18:21:56]   customer  : mean= 0.225, std= 0.309
[18:21:57] 
======================================================================
[18:21:57] Episode 52/200
[18:21:57] ======================================================================
[18:21:57] 总奖励:   -54.86 | 步数: 24
[18:21:57] 最近10个episodes平均:  -126.25
[18:21:57] 
各Agent奖励:
[18:21:57]   wind      :   99.252
[18:21:57]   solar     :   35.040
[18:21:57]   diesel    :   -5.359
[18:21:57]   battery   :    0.000
[18:21:57]   customer  : -183.796
[18:21:57] 
🔌 Main Grid 交易:
[18:21:57]   进口电量:   210.17 kWh
[18:21:57]   出口电量:   925.09 kWh
[18:21:57]   净交易量:  -714.91 kWh
[18:21:57]   平均出清价:  14.80 cents/kWh
[18:21:57]   市场独立度:  68.47%
[18:21:57] 
Buffer大小:  1488
[18:21:57] 噪声水平: 0.0940
[18:21:57] 
动作统计:
[18:21:57]   wind      : mean= 0.196, std= 0.280
[18:21:57]   solar     : mean= 0.062, std= 0.419
[18:21:57]   diesel    : mean=-0.418, std= 0.620
[18:21:57]   battery   : mean= 0.819, std= 0.230
[18:21:57]   customer  : mean= 0.232, std= 0.328
[18:21:58] 
======================================================================
[18:21:58] Episode 53/200
[18:21:58] ======================================================================
[18:21:58] 总奖励:   -66.58 | 步数: 24
[18:21:58] 最近10个episodes平均:  -114.92
[18:21:58] 
各Agent奖励:
[18:21:58]   wind      :   81.544
[18:21:58]   solar     :   39.231
[18:21:58]   diesel    :  -28.733
[18:21:58]   battery   :    0.000
[18:21:58]   customer  : -158.618
[18:21:58] 
🔌 Main Grid 交易:
[18:21:58]   进口电量:   129.12 kWh
[18:21:58]   出口电量:   990.71 kWh
[18:21:58]   净交易量:  -861.59 kWh
[18:21:58]   平均出清价:  12.00 cents/kWh
[18:21:58]   市场独立度:  68.89%
[18:21:58] 
Buffer大小:  1512
[18:21:58] 噪声水平: 0.0939
[18:21:58] 
动作统计:
[18:21:58]   wind      : mean= 0.128, std= 0.383
[18:21:58]   solar     : mean= 0.021, std= 0.372
[18:21:58]   diesel    : mean=-0.370, std= 0.650
[18:21:58]   battery   : mean= 0.826, std= 0.211
[18:21:58]   customer  : mean= 0.162, std= 0.278
[18:21:59] 
======================================================================
[18:21:59] Episode 54/200
[18:21:59] ======================================================================
[18:21:59] 总奖励:     4.74 | 步数: 24
[18:21:59] 最近10个episodes平均:   -96.26
[18:21:59] 
各Agent奖励:
[18:21:59]   wind      :  131.177
[18:21:59]   solar     :   53.835
[18:21:59]   diesel    :   -1.535
[18:21:59]   battery   :    0.000
[18:21:59]   customer  : -178.739
[18:21:59] 
🔌 Main Grid 交易:
[18:21:59]   进口电量:    85.21 kWh
[18:21:59]   出口电量:   877.18 kWh
[18:21:59]   净交易量:  -791.97 kWh
[18:21:59]   平均出清价:  17.11 cents/kWh
[18:21:59]   市场独立度:  73.27%
[18:21:59] 
Buffer大小:  1536
[18:21:59] 噪声水平: 0.0938
[18:21:59] 
动作统计:
[18:21:59]   wind      : mean= 0.215, std= 0.204
[18:21:59]   solar     : mean= 0.084, std= 0.404
[18:21:59]   diesel    : mean=-0.400, std= 0.611
[18:21:59]   battery   : mean= 0.810, std= 0.227
[18:21:59]   customer  : mean= 0.222, std= 0.307
[18:22:00] 
======================================================================
[18:22:00] Episode 55/200
[18:22:00] ======================================================================
[18:22:00] 总奖励:   -43.42 | 步数: 24
[18:22:00] 最近10个episodes平均:   -84.14
[18:22:00] 
各Agent奖励:
[18:22:00]   wind      :  102.911
[18:22:00]   solar     :   33.986
[18:22:00]   diesel    :   -0.530
[18:22:00]   battery   :    0.000
[18:22:00]   customer  : -179.782
[18:22:00] 
🔌 Main Grid 交易:
[18:22:00]   进口电量:   156.17 kWh
[18:22:00]   出口电量:  1073.97 kWh
[18:22:00]   净交易量:  -917.80 kWh
[18:22:00]   平均出清价:  14.69 cents/kWh
[18:22:00]   市场独立度:  65.83%
[18:22:00] 
Buffer大小:  1560
[18:22:00] 噪声水平: 0.0937
[18:22:00] 
动作统计:
[18:22:00]   wind      : mean= 0.204, std= 0.205
[18:22:00]   solar     : mean= 0.040, std= 0.385
[18:22:00]   diesel    : mean=-0.412, std= 0.614
[18:22:00]   battery   : mean= 0.849, std= 0.200
[18:22:00]   customer  : mean= 0.222, std= 0.306
[18:22:01] 
======================================================================
[18:22:01] Episode 56/200
[18:22:01] ======================================================================
[18:22:01] 总奖励:   -59.75 | 步数: 24
[18:22:01] 最近10个episodes平均:   -75.15
[18:22:01] 
各Agent奖励:
[18:22:01]   wind      :   91.550
[18:22:01]   solar     :   18.293
[18:22:01]   diesel    :  -52.703
[18:22:01]   battery   :    0.000
[18:22:01]   customer  : -116.887
[18:22:01] 
🔌 Main Grid 交易:
[18:22:01]   进口电量:   118.79 kWh
[18:22:01]   出口电量:   963.12 kWh
[18:22:01]   净交易量:  -844.34 kWh
[18:22:01]   平均出清价:   9.52 cents/kWh
[18:22:01]   市场独立度:  69.95%
[18:22:01] 
Buffer大小:  1584
[18:22:01] 噪声水平: 0.0936
[18:22:01] 
动作统计:
[18:22:01]   wind      : mean= 0.202, std= 0.219
[18:22:01]   solar     : mean= 0.027, std= 0.399
[18:22:01]   diesel    : mean=-0.414, std= 0.631
[18:22:01]   battery   : mean= 0.832, std= 0.218
[18:22:01]   customer  : mean= 0.249, std= 0.297
[18:22:02] 
======================================================================
[18:22:02] Episode 57/200
[18:22:02] ======================================================================
[18:22:02] 总奖励:   -77.01 | 步数: 24
[18:22:02] 最近10个episodes平均:   -68.66
[18:22:02] 
各Agent奖励:
[18:22:02]   wind      :   62.844
[18:22:02]   solar     :   33.779
[18:22:02]   diesel    :    2.567
[18:22:02]   battery   :    0.000
[18:22:02]   customer  : -176.198
[18:22:02] 
🔌 Main Grid 交易:
[18:22:02]   进口电量:   200.30 kWh
[18:22:02]   出口电量:  1090.79 kWh
[18:22:02]   净交易量:  -890.49 kWh
[18:22:02]   平均出清价:  12.99 cents/kWh
[18:22:02]   市场独立度:  64.14%
[18:22:02] 
Buffer大小:  1608
[18:22:02] 噪声水平: 0.0935
[18:22:02] 
动作统计:
[18:22:02]   wind      : mean= 0.078, std= 0.277
[18:22:02]   solar     : mean= 0.050, std= 0.462
[18:22:02]   diesel    : mean=-0.430, std= 0.587
[18:22:02]   battery   : mean= 0.845, std= 0.220
[18:22:02]   customer  : mean= 0.248, std= 0.320
[18:22:03] 
======================================================================
[18:22:03] Episode 58/200
[18:22:03] ======================================================================
[18:22:03] 总奖励:   -70.44 | 步数: 24
[18:22:03] 最近10个episodes平均:   -60.71
[18:22:03] 
各Agent奖励:
[18:22:03]   wind      :   43.493
[18:22:03]   solar     :   20.499
[18:22:03]   diesel    :  -39.427
[18:22:03]   battery   :    0.000
[18:22:03]   customer  :  -95.006
[18:22:03] 
🔌 Main Grid 交易:
[18:22:03]   进口电量:    32.43 kWh
[18:22:03]   出口电量:   904.45 kWh
[18:22:03]   净交易量:  -872.02 kWh
[18:22:03]   平均出清价:   4.55 cents/kWh
[18:22:03]   市场独立度:  73.98%
[18:22:03] 
Buffer大小:  1632
[18:22:03] 噪声水平: 0.0934
[18:22:03] 
动作统计:
[18:22:03]   wind      : mean= 0.046, std= 0.236
[18:22:03]   solar     : mean= 0.025, std= 0.465
[18:22:03]   diesel    : mean=-0.430, std= 0.576
[18:22:03]   battery   : mean= 0.849, std= 0.188
[18:22:03]   customer  : mean= 0.308, std= 0.315
[18:22:04] 
======================================================================
[18:22:04] Episode 59/200
[18:22:04] ======================================================================
[18:22:04] 总奖励:   -85.64 | 步数: 24
[18:22:04] 最近10个episodes平均:   -62.23
[18:22:04] 
各Agent奖励:
[18:22:04]   wind      :   70.129
[18:22:04]   solar     :   27.600
[18:22:04]   diesel    :  -61.251
[18:22:04]   battery   :    0.000
[18:22:04]   customer  : -122.120
[18:22:04] 
🔌 Main Grid 交易:
[18:22:04]   进口电量:   233.66 kWh
[18:22:04]   出口电量:   999.99 kWh
[18:22:04]   净交易量:  -766.32 kWh
[18:22:04]   平均出清价:   6.70 cents/kWh
[18:22:04]   市场独立度:  65.73%
[18:22:04] 
Buffer大小:  1656
[18:22:04] 噪声水平: 0.0933
[18:22:04] 
动作统计:
[18:22:04]   wind      : mean= 0.048, std= 0.333
[18:22:04]   solar     : mean= 0.059, std= 0.479
[18:22:04]   diesel    : mean=-0.512, std= 0.545
[18:22:04]   battery   : mean= 0.870, std= 0.179
[18:22:04]   customer  : mean= 0.303, std= 0.419
[18:22:05] 
======================================================================
[18:22:05] Episode 60/200
[18:22:05] ======================================================================
[18:22:05] 总奖励:  -104.33 | 步数: 24
[18:22:05] 最近10个episodes平均:   -66.66
[18:22:05] 
各Agent奖励:
[18:22:05]   wind      :   52.912
[18:22:05]   solar     :   18.821
[18:22:05]   diesel    :  -42.798
[18:22:05]   battery   :    0.000
[18:22:05]   customer  : -133.263
[18:22:05] 
🔌 Main Grid 交易:
[18:22:05]   进口电量:   244.41 kWh
[18:22:05]   出口电量:  1137.62 kWh
[18:22:05]   净交易量:  -893.21 kWh
[18:22:05]   平均出清价:   5.17 cents/kWh
[18:22:05]   市场独立度:  61.61%
[18:22:05] 
Buffer大小:  1680
[18:22:05] 噪声水平: 0.0932
[18:22:05] 
动作统计:
[18:22:05]   wind      : mean= 0.037, std= 0.307
[18:22:05]   solar     : mean= 0.056, std= 0.471
[18:22:05]   diesel    : mean=-0.563, std= 0.548
[18:22:05]   battery   : mean= 0.873, std= 0.193
[18:22:05]   customer  : mean= 0.371, std= 0.413
[18:22:05] 
📊 生成可视化图表...
[18:22:05]   ✓ debug_plots/training_ep0060.png
[18:22:06] 
======================================================================
[18:22:06] Episode 61/200
[18:22:06] ======================================================================
[18:22:06] 总奖励:   -71.82 | 步数: 24
[18:22:06] 最近10个episodes平均:   -62.91
[18:22:06] 
各Agent奖励:
[18:22:06]   wind      :  101.130
[18:22:06]   solar     :   16.879
[18:22:06]   diesel    :  -20.857
[18:22:06]   battery   :    0.000
[18:22:06]   customer  : -168.970
[18:22:06] 
🔌 Main Grid 交易:
[18:22:06]   进口电量:   238.32 kWh
[18:22:06]   出口电量:  1277.04 kWh
[18:22:06]   净交易量: -1038.72 kWh
[18:22:06]   平均出清价:   5.96 cents/kWh
[18:22:06]   市场独立度:  57.91%
[18:22:06] 
Buffer大小:  1704
[18:22:06] 噪声水平: 0.0931
[18:22:06] 
动作统计:
[18:22:06]   wind      : mean=-0.038, std= 0.388
[18:22:06]   solar     : mean= 0.049, std= 0.506
[18:22:06]   diesel    : mean=-0.547, std= 0.529
[18:22:06]   battery   : mean= 0.874, std= 0.194
[18:22:06]   customer  : mean= 0.343, std= 0.453
[18:22:06] 
======================================================================
[18:22:06] Episode 62/200
[18:22:06] ======================================================================
[18:22:06] 总奖励:   -91.18 | 步数: 24
[18:22:06] 最近10个episodes平均:   -66.54
[18:22:06] 
各Agent奖励:
[18:22:06]   wind      :   56.120
[18:22:06]   solar     :   16.966
[18:22:06]   diesel    :  -22.569
[18:22:06]   battery   :    0.000
[18:22:06]   customer  : -141.693
[18:22:06] 
🔌 Main Grid 交易:
[18:22:06]   进口电量:   150.42 kWh
[18:22:06]   出口电量:  1111.84 kWh
[18:22:06]   净交易量:  -961.43 kWh
[18:22:06]   平均出清价:   5.20 cents/kWh
[18:22:06]   市场独立度:  64.94%
[18:22:06] 
Buffer大小:  1728
[18:22:06] 噪声水平: 0.0930
[18:22:06] 
动作统计:
[18:22:06]   wind      : mean=-0.080, std= 0.452
[18:22:06]   solar     : mean= 0.068, std= 0.483
[18:22:06]   diesel    : mean=-0.529, std= 0.534
[18:22:06]   battery   : mean= 0.871, std= 0.184
[18:22:06]   customer  : mean= 0.356, std= 0.479
[18:22:07] 
======================================================================
[18:22:07] Episode 63/200
[18:22:07] ======================================================================
[18:22:07] 总奖励:   -98.68 | 步数: 24
[18:22:07] 最近10个episodes平均:   -69.75
[18:22:07] 
各Agent奖励:
[18:22:07]   wind      :   70.554
[18:22:07]   solar     :   12.409
[18:22:07]   diesel    :  -15.855
[18:22:07]   battery   :    0.000
[18:22:07]   customer  : -165.788
[18:22:07] 
🔌 Main Grid 交易:
[18:22:07]   进口电量:   228.51 kWh
[18:22:07]   出口电量:  1071.53 kWh
[18:22:07]   净交易量:  -843.03 kWh
[18:22:07]   平均出清价:   5.67 cents/kWh
[18:22:07]   市场独立度:  63.89%
[18:22:07] 
Buffer大小:  1752
[18:22:07] 噪声水平: 0.0930
[18:22:07] 
动作统计:
[18:22:07]   wind      : mean=-0.102, std= 0.400
[18:22:07]   solar     : mean= 0.041, std= 0.525
[18:22:07]   diesel    : mean=-0.547, std= 0.482
[18:22:07]   battery   : mean= 0.900, std= 0.160
[18:22:07]   customer  : mean= 0.353, std= 0.476
[18:22:08] 
======================================================================
[18:22:08] Episode 64/200
[18:22:08] ======================================================================
[18:22:08] 总奖励:   -83.18 | 步数: 24
[18:22:08] 最近10个episodes平均:   -78.54
[18:22:08] 
各Agent奖励:
[18:22:08]   wind      :   79.605
[18:22:08]   solar     :    8.468
[18:22:08]   diesel    :  -21.179
[18:22:08]   battery   :    0.000
[18:22:08]   customer  : -150.077
[18:22:08] 
🔌 Main Grid 交易:
[18:22:08]   进口电量:   260.50 kWh
[18:22:08]   出口电量:  1266.05 kWh
[18:22:08]   净交易量: -1005.54 kWh
[18:22:08]   平均出清价:   3.96 cents/kWh
[18:22:08]   市场独立度:  57.60%
[18:22:08] 
Buffer大小:  1776
[18:22:08] 噪声水平: 0.0929
[18:22:08] 
动作统计:
[18:22:08]   wind      : mean=-0.083, std= 0.384
[18:22:08]   solar     : mean= 0.069, std= 0.520
[18:22:08]   diesel    : mean=-0.479, std= 0.536
[18:22:08]   battery   : mean= 0.908, std= 0.121
[18:22:08]   customer  : mean= 0.397, std= 0.406
[18:22:09] 
======================================================================
[18:22:09] Episode 65/200
[18:22:09] ======================================================================
[18:22:09] 总奖励:  -114.45 | 步数: 24
[18:22:09] 最近10个episodes平均:   -85.65
[18:22:09] 
各Agent奖励:
[18:22:09]   wind      :   74.581
[18:22:09]   solar     :   14.989
[18:22:09]   diesel    :   -9.814
[18:22:09]   battery   :    0.000
[18:22:09]   customer  : -194.201
[18:22:09] 
🔌 Main Grid 交易:
[18:22:09]   进口电量:   407.29 kWh
[18:22:09]   出口电量:   817.03 kWh
[18:22:09]   净交易量:  -409.73 kWh
[18:22:09]   平均出清价:   9.60 cents/kWh
[18:22:09]   市场独立度:  65.99%
[18:22:09] 
Buffer大小:  1800
[18:22:09] 噪声水平: 0.0928
[18:22:09] 
动作统计:
[18:22:09]   wind      : mean=-0.070, std= 0.387
[18:22:09]   solar     : mean= 0.134, std= 0.462
[18:22:09]   diesel    : mean=-0.349, std= 0.632
[18:22:09]   battery   : mean= 0.911, std= 0.111
[18:22:09]   customer  : mean= 0.366, std= 0.521
[18:22:10] 
======================================================================
[18:22:10] Episode 66/200
[18:22:10] ======================================================================
[18:22:10] 总奖励:   -84.34 | 步数: 24
[18:22:10] 最近10个episodes平均:   -88.11
[18:22:10] 
各Agent奖励:
[18:22:10]   wind      :   96.503
[18:22:10]   solar     :   10.103
[18:22:10]   diesel    :  -12.962
[18:22:10]   battery   :    0.000
[18:22:10]   customer  : -177.983
[18:22:10] 
🔌 Main Grid 交易:
[18:22:10]   进口电量:   231.20 kWh
[18:22:10]   出口电量:  1097.93 kWh
[18:22:10]   净交易量:  -866.73 kWh
[18:22:10]   平均出清价:   5.00 cents/kWh
[18:22:10]   市场独立度:  63.08%
[18:22:10] 
Buffer大小:  1824
[18:22:10] 噪声水平: 0.0927
[18:22:10] 
动作统计:
[18:22:10]   wind      : mean=-0.169, std= 0.459
[18:22:10]   solar     : mean= 0.153, std= 0.497
[18:22:10]   diesel    : mean=-0.247, std= 0.694
[18:22:10]   battery   : mean= 0.898, std= 0.151
[18:22:10]   customer  : mean= 0.366, std= 0.505
[18:22:11] 
======================================================================
[18:22:11] Episode 67/200
[18:22:11] ======================================================================
[18:22:11] 总奖励:   -86.31 | 步数: 24
[18:22:11] 最近10个episodes平均:   -89.04
[18:22:11] 
各Agent奖励:
[18:22:11]   wind      :   68.841
[18:22:11]   solar     :   12.190
[18:22:11]   diesel    :   -4.159
[18:22:11]   battery   :    0.000
[18:22:11]   customer  : -163.180
[18:22:11] 
🔌 Main Grid 交易:
[18:22:11]   进口电量:   110.77 kWh
[18:22:11]   出口电量:  1038.88 kWh
[18:22:11]   净交易量:  -928.11 kWh
[18:22:11]   平均出清价:   5.13 cents/kWh
[18:22:11]   市场独立度:  68.07%
[18:22:11] 
Buffer大小:  1848
[18:22:11] 噪声水平: 0.0926
[18:22:11] 
动作统计:
[18:22:11]   wind      : mean=-0.179, std= 0.536
[18:22:11]   solar     : mean= 0.184, std= 0.502
[18:22:11]   diesel    : mean=-0.066, std= 0.705
[18:22:11]   battery   : mean= 0.891, std= 0.152
[18:22:11]   customer  : mean= 0.359, std= 0.514
[18:22:12] 
======================================================================
[18:22:12] Episode 68/200
[18:22:12] ======================================================================
[18:22:12] 总奖励:   -66.17 | 步数: 24
[18:22:12] 最近10个episodes平均:   -88.61
[18:22:12] 
各Agent奖励:
[18:22:12]   wind      :  101.500
[18:22:12]   solar     :   12.178
[18:22:12]   diesel    :    0.129
[18:22:12]   battery   :    0.000
[18:22:12]   customer  : -179.973
[18:22:12] 
🔌 Main Grid 交易:
[18:22:12]   进口电量:   231.82 kWh
[18:22:12]   出口电量:  1220.22 kWh
[18:22:12]   净交易量:  -988.40 kWh
[18:22:12]   平均出清价:   8.35 cents/kWh
[18:22:12]   市场独立度:  59.67%
[18:22:12] 
Buffer大小:  1872
[18:22:12] 噪声水平: 0.0925
[18:22:12] 
动作统计:
[18:22:12]   wind      : mean=-0.153, std= 0.489
[18:22:12]   solar     : mean= 0.210, std= 0.469
[18:22:12]   diesel    : mean= 0.078, std= 0.730
[18:22:12]   battery   : mean= 0.893, std= 0.164
[18:22:12]   customer  : mean= 0.336, std= 0.498
[18:22:13] 
======================================================================
[18:22:13] Episode 69/200
[18:22:13] ======================================================================
[18:22:13] 总奖励:   -75.91 | 步数: 24
[18:22:13] 最近10个episodes平均:   -87.64
[18:22:13] 
各Agent奖励:
[18:22:13]   wind      :   78.101
[18:22:13]   solar     :   16.448
[18:22:13]   diesel    :    2.628
[18:22:13]   battery   :    0.000
[18:22:13]   customer  : -173.086
[18:22:13] 
🔌 Main Grid 交易:
[18:22:13]   进口电量:   316.67 kWh
[18:22:13]   出口电量:  1113.60 kWh
[18:22:13]   净交易量:  -796.93 kWh
[18:22:13]   平均出清价:   8.03 cents/kWh
[18:22:13]   市场独立度:  60.27%
[18:22:13] 
Buffer大小:  1896
[18:22:13] 噪声水平: 0.0924
[18:22:13] 
动作统计:
[18:22:13]   wind      : mean=-0.117, std= 0.467
[18:22:13]   solar     : mean= 0.198, std= 0.421
[18:22:13]   diesel    : mean= 0.164, std= 0.731
[18:22:13]   battery   : mean= 0.846, std= 0.173
[18:22:13]   customer  : mean= 0.284, std= 0.514
[18:22:13] 
======================================================================
[18:22:13] Episode 70/200
[18:22:13] ======================================================================
[18:22:13] 总奖励:   -45.43 | 步数: 24
[18:22:13] 最近10个episodes平均:   -81.75
[18:22:13] 
各Agent奖励:
[18:22:13]   wind      :  101.597
[18:22:13]   solar     :   17.751
[18:22:13]   diesel    :    0.000
[18:22:13]   battery   :    0.000
[18:22:13]   customer  : -164.782
[18:22:13] 
🔌 Main Grid 交易:
[18:22:13]   进口电量:    75.15 kWh
[18:22:13]   出口电量:  1147.94 kWh
[18:22:13]   净交易量: -1072.79 kWh
[18:22:13]   平均出清价:   9.32 cents/kWh
[18:22:13]   市场独立度:  66.03%
[18:22:13] 
Buffer大小:  1920
[18:22:13] 噪声水平: 0.0923
[18:22:13] 
动作统计:
[18:22:13]   wind      : mean=-0.061, std= 0.505
[18:22:13]   solar     : mean= 0.236, std= 0.435
[18:22:13]   diesel    : mean= 0.172, std= 0.767
[18:22:13]   battery   : mean= 0.837, std= 0.204
[18:22:13]   customer  : mean= 0.314, std= 0.448
[18:22:13] 
📊 生成可视化图表...
[18:22:14]   ✓ debug_plots/training_ep0070.png
[18:22:15] 
======================================================================
[18:22:15] Episode 71/200
[18:22:15] ======================================================================
[18:22:15] 总奖励:   -73.41 | 步数: 24
[18:22:15] 最近10个episodes平均:   -81.90
[18:22:15] 
各Agent奖励:
[18:22:15]   wind      :   88.870
[18:22:15]   solar     :   13.443
[18:22:15]   diesel    :    0.000
[18:22:15]   battery   :    0.000
[18:22:15]   customer  : -175.720
[18:22:15] 
🔌 Main Grid 交易:
[18:22:15]   进口电量:   203.96 kWh
[18:22:15]   出口电量:  1319.51 kWh
[18:22:15]   净交易量: -1115.55 kWh
[18:22:15]   平均出清价:  11.88 cents/kWh
[18:22:15]   市场独立度:  57.68%
[18:22:15] 
Buffer大小:  1944
[18:22:15] 噪声水平: 0.0922
[18:22:15] 
动作统计:
[18:22:15]   wind      : mean=-0.128, std= 0.556
[18:22:15]   solar     : mean= 0.202, std= 0.456
[18:22:15]   diesel    : mean= 0.222, std= 0.777
[18:22:15]   battery   : mean= 0.843, std= 0.210
[18:22:15]   customer  : mean= 0.329, std= 0.503
[18:22:15] 
======================================================================
[18:22:15] Episode 72/200
[18:22:15] ======================================================================
[18:22:15] 总奖励:  -113.26 | 步数: 24
[18:22:15] 最近10个episodes平均:   -84.11
[18:22:15] 
各Agent奖励:
[18:22:15]   wind      :   40.745
[18:22:15]   solar     :    9.474
[18:22:15]   diesel    :    0.000
[18:22:15]   battery   :    0.000
[18:22:15]   customer  : -163.475
[18:22:15] 
🔌 Main Grid 交易:
[18:22:15]   进口电量:   248.03 kWh
[18:22:15]   出口电量:  1023.99 kWh
[18:22:15]   净交易量:  -775.96 kWh
[18:22:15]   平均出清价:   7.19 cents/kWh
[18:22:15]   市场独立度:  64.67%
[18:22:15] 
Buffer大小:  1968
[18:22:15] 噪声水平: 0.0921
[18:22:15] 
动作统计:
[18:22:15]   wind      : mean=-0.035, std= 0.502
[18:22:15]   solar     : mean= 0.127, std= 0.456
[18:22:15]   diesel    : mean= 0.240, std= 0.752
[18:22:15]   battery   : mean= 0.854, std= 0.166
[18:22:15]   customer  : mean= 0.295, std= 0.498
[18:22:16] 
======================================================================
[18:22:16] Episode 73/200
[18:22:16] ======================================================================
[18:22:16] 总奖励:   -68.67 | 步数: 24
[18:22:16] 最近10个episodes平均:   -81.11
[18:22:16] 
各Agent奖励:
[18:22:16]   wind      :  103.990
[18:22:16]   solar     :   10.413
[18:22:16]   diesel    :    0.000
[18:22:16]   battery   :    0.000
[18:22:16]   customer  : -183.071
[18:22:16] 
🔌 Main Grid 交易:
[18:22:16]   进口电量:   229.29 kWh
[18:22:16]   出口电量:  1086.58 kWh
[18:22:16]   净交易量:  -857.30 kWh
[18:22:16]   平均出清价:  11.11 cents/kWh
[18:22:16]   市场独立度:  63.45%
[18:22:16] 
Buffer大小:  1992
[18:22:16] 噪声水平: 0.0920
[18:22:16] 
动作统计:
[18:22:16]   wind      : mean=-0.074, std= 0.514
[18:22:16]   solar     : mean= 0.143, std= 0.470
[18:22:16]   diesel    : mean= 0.253, std= 0.785
[18:22:16]   battery   : mean= 0.842, std= 0.157
[18:22:16]   customer  : mean= 0.336, std= 0.463
[18:22:17] 
======================================================================
[18:22:17] Episode 74/200
[18:22:17] ======================================================================
[18:22:17] 总奖励:   -69.65 | 步数: 24
[18:22:17] 最近10个episodes平均:   -79.76
[18:22:17] 
各Agent奖励:
[18:22:17]   wind      :  108.025
[18:22:17]   solar     :    6.474
[18:22:17]   diesel    :    0.000
[18:22:17]   battery   :    0.000
[18:22:17]   customer  : -184.145
[18:22:17] 
🔌 Main Grid 交易:
[18:22:17]   进口电量:   159.65 kWh
[18:22:17]   出口电量:  1203.45 kWh
[18:22:17]   净交易量: -1043.79 kWh
[18:22:17]   平均出清价:   8.90 cents/kWh
[18:22:17]   市场独立度:  62.14%
[18:22:17] 
Buffer大小:  2016
[18:22:17] 噪声水平: 0.0919
[18:22:17] 
动作统计:
[18:22:17]   wind      : mean=-0.170, std= 0.537
[18:22:17]   solar     : mean= 0.128, std= 0.480
[18:22:17]   diesel    : mean= 0.282, std= 0.760
[18:22:17]   battery   : mean= 0.844, std= 0.183
[18:22:17]   customer  : mean= 0.342, std= 0.527
[18:22:18] 
======================================================================
[18:22:18] Episode 75/200
[18:22:18] ======================================================================
[18:22:18] 总奖励:   -89.73 | 步数: 24
[18:22:18] 最近10个episodes平均:   -77.29
[18:22:18] 
各Agent奖励:
[18:22:18]   wind      :   67.268
[18:22:18]   solar     :   22.234
[18:22:18]   diesel    :    0.000
[18:22:18]   battery   :    0.000
[18:22:18]   customer  : -179.231
[18:22:18] 
🔌 Main Grid 交易:
[18:22:18]   进口电量:   179.57 kWh
[18:22:18]   出口电量:   857.93 kWh
[18:22:18]   净交易量:  -678.36 kWh
[18:22:18]   平均出清价:   9.84 cents/kWh
[18:22:18]   市场独立度:  71.18%
[18:22:18] 
Buffer大小:  2040
[18:22:18] 噪声水平: 0.0918
[18:22:18] 
动作统计:
[18:22:18]   wind      : mean=-0.099, std= 0.466
[18:22:18]   solar     : mean= 0.116, std= 0.523
[18:22:18]   diesel    : mean= 0.286, std= 0.759
[18:22:18]   battery   : mean= 0.847, std= 0.181
[18:22:18]   customer  : mean= 0.313, std= 0.474
[18:22:19] 
======================================================================
[18:22:19] Episode 76/200
[18:22:19] ======================================================================
[18:22:19] 总奖励:   -96.59 | 步数: 24
[18:22:19] 最近10个episodes平均:   -78.51
[18:22:19] 
各Agent奖励:
[18:22:19]   wind      :   80.774
[18:22:19]   solar     :   18.940
[18:22:19]   diesel    :    0.000
[18:22:19]   battery   :    0.000
[18:22:19]   customer  : -196.304
[18:22:19] 
🔌 Main Grid 交易:
[18:22:19]   进口电量:   253.68 kWh
[18:22:19]   出口电量:  1235.00 kWh
[18:22:19]   净交易量:  -981.32 kWh
[18:22:19]   平均出清价:   7.94 cents/kWh
[18:22:19]   市场独立度:  58.65%
[18:22:19] 
Buffer大小:  2064
[18:22:19] 噪声水平: 0.0918
[18:22:19] 
动作统计:
[18:22:19]   wind      : mean=-0.064, std= 0.490
[18:22:19]   solar     : mean= 0.158, std= 0.542
[18:22:19]   diesel    : mean= 0.288, std= 0.754
[18:22:19]   battery   : mean= 0.839, std= 0.180
[18:22:19]   customer  : mean= 0.316, std= 0.490
[18:22:19] 
======================================================================
[18:22:19] Episode 77/200
[18:22:19] ======================================================================
[18:22:19] 总奖励:   -64.39 | 步数: 24
[18:22:19] 最近10个episodes平均:   -76.32
[18:22:19] 
各Agent奖励:
[18:22:19]   wind      :  101.941
[18:22:19]   solar     :   16.900
[18:22:19]   diesel    :    0.000
[18:22:19]   battery   :    0.000
[18:22:19]   customer  : -183.234
[18:22:19] 
🔌 Main Grid 交易:
[18:22:19]   进口电量:   162.78 kWh
[18:22:19]   出口电量:  1269.74 kWh
[18:22:19]   净交易量: -1106.96 kWh
[18:22:19]   平均出清价:   9.04 cents/kWh
[18:22:19]   市场独立度:  60.21%
[18:22:19] 
Buffer大小:  2088
[18:22:19] 噪声水平: 0.0917
[18:22:19] 
动作统计:
[18:22:19]   wind      : mean=-0.070, std= 0.498
[18:22:19]   solar     : mean= 0.148, std= 0.510
[18:22:19]   diesel    : mean= 0.327, std= 0.736
[18:22:19]   battery   : mean= 0.854, std= 0.171
[18:22:19]   customer  : mean= 0.341, std= 0.470
[18:22:21] 
======================================================================
[18:22:21] Episode 78/200
[18:22:21] ======================================================================
[18:22:21] 总奖励:   -56.08 | 步数: 24
[18:22:21] 最近10个episodes平均:   -75.31
[18:22:21] 
各Agent奖励:
[18:22:21]   wind      :  106.149
[18:22:21]   solar     :   11.497
[18:22:21]   diesel    :    3.392
[18:22:21]   battery   :    0.000
[18:22:21]   customer  : -177.113
[18:22:21] 
🔌 Main Grid 交易:
[18:22:21]   进口电量:    50.45 kWh
[18:22:21]   出口电量:  1433.74 kWh
[18:22:21]   净交易量: -1383.29 kWh
[18:22:21]   平均出清价:  11.29 cents/kWh
[18:22:21]   市场独立度:  58.77%
[18:22:21] 
Buffer大小:  2112
[18:22:21] 噪声水平: 0.0916
[18:22:21] 
动作统计:
[18:22:21]   wind      : mean=-0.032, std= 0.453
[18:22:21]   solar     : mean= 0.094, std= 0.580
[18:22:21]   diesel    : mean= 0.342, std= 0.695
[18:22:21]   battery   : mean= 0.857, std= 0.176
[18:22:21]   customer  : mean= 0.415, std= 0.397
[18:22:22] 
======================================================================
[18:22:22] Episode 79/200
[18:22:22] ======================================================================
[18:22:22] 总奖励:   -53.72 | 步数: 24
[18:22:22] 最近10个episodes平均:   -73.09
[18:22:22] 
各Agent奖励:
[18:22:22]   wind      :  118.007
[18:22:22]   solar     :   22.975
[18:22:22]   diesel    :    0.000
[18:22:22]   battery   :    0.000
[18:22:22]   customer  : -194.705
[18:22:22] 
🔌 Main Grid 交易:
[18:22:22]   进口电量:   132.30 kWh
[18:22:22]   出口电量:  1166.91 kWh
[18:22:22]   净交易量: -1034.61 kWh
[18:22:22]   平均出清价:  13.61 cents/kWh
[18:22:22]   市场独立度:  63.91%
[18:22:22] 
Buffer大小:  2136
[18:22:22] 噪声水平: 0.0915
[18:22:22] 
动作统计:
[18:22:22]   wind      : mean= 0.051, std= 0.332
[18:22:22]   solar     : mean= 0.138, std= 0.542
[18:22:22]   diesel    : mean= 0.337, std= 0.694
[18:22:22]   battery   : mean= 0.858, std= 0.177
[18:22:22]   customer  : mean= 0.381, std= 0.449
[18:22:22] 
======================================================================
[18:22:22] Episode 80/200
[18:22:22] ======================================================================
[18:22:22] 总奖励:   -80.25 | 步数: 24
[18:22:22] 最近10个episodes平均:   -76.57
[18:22:22] 
各Agent奖励:
[18:22:22]   wind      :  111.444
[18:22:22]   solar     :    0.000
[18:22:22]   diesel    :    0.000
[18:22:22]   battery   :    0.000
[18:22:22]   customer  : -191.696
[18:22:22] 
🔌 Main Grid 交易:
[18:22:22]   进口电量:   157.48 kWh
[18:22:22]   出口电量:  1213.40 kWh
[18:22:22]   净交易量: -1055.92 kWh
[18:22:22]   平均出清价:  12.22 cents/kWh
[18:22:22]   市场独立度:  61.92%
[18:22:22] 
Buffer大小:  2160
[18:22:22] 噪声水平: 0.0914
[18:22:22] 
动作统计:
[18:22:22]   wind      : mean= 0.114, std= 0.271
[18:22:22]   solar     : mean= 0.117, std= 0.598
[18:22:22]   diesel    : mean= 0.417, std= 0.613
[18:22:22]   battery   : mean= 0.866, std= 0.185
[18:22:22]   customer  : mean= 0.392, std= 0.400
[18:22:22] 
📊 生成可视化图表...
[18:22:23]   ✓ debug_plots/training_ep0080.png
[18:22:24] 
======================================================================
[18:22:24] Episode 81/200
[18:22:24] ======================================================================
[18:22:24] 总奖励:   -88.32 | 步数: 24
[18:22:24] 最近10个episodes平均:   -78.07
[18:22:24] 
各Agent奖励:
[18:22:24]   wind      :   96.804
[18:22:24]   solar     :   13.071
[18:22:24]   diesel    :    0.000
[18:22:24]   battery   :    0.000
[18:22:24]   customer  : -198.199
[18:22:24] 
🔌 Main Grid 交易:
[18:22:24]   进口电量:   211.35 kWh
[18:22:24]   出口电量:  1374.01 kWh
[18:22:24]   净交易量: -1162.66 kWh
[18:22:24]   平均出清价:  14.36 cents/kWh
[18:22:24]   市场独立度:  55.96%
[18:22:24] 
Buffer大小:  2184
[18:22:24] 噪声水平: 0.0913
[18:22:24] 
动作统计:
[18:22:24]   wind      : mean= 0.131, std= 0.246
[18:22:24]   solar     : mean= 0.119, std= 0.603
[18:22:24]   diesel    : mean= 0.467, std= 0.532
[18:22:24]   battery   : mean= 0.876, std= 0.157
[18:22:24]   customer  : mean= 0.439, std= 0.417
[18:22:24] 
======================================================================
[18:22:24] Episode 82/200
[18:22:24] ======================================================================
[18:22:24] 总奖励:   -73.60 | 步数: 24
[18:22:24] 最近10个episodes平均:   -74.10
[18:22:24] 
各Agent奖励:
[18:22:24]   wind      :   93.639
[18:22:24]   solar     :   28.578
[18:22:24]   diesel    :    0.818
[18:22:24]   battery   :    0.000
[18:22:24]   customer  : -196.633
[18:22:24] 
🔌 Main Grid 交易:
[18:22:24]   进口电量:    73.40 kWh
[18:22:24]   出口电量:  1169.34 kWh
[18:22:24]   净交易量: -1095.95 kWh
[18:22:24]   平均出清价:  14.83 cents/kWh
[18:22:24]   市场独立度:  65.48%
[18:22:24] 
Buffer大小:  2208
[18:22:24] 噪声水平: 0.0912
[18:22:24] 
动作统计:
[18:22:24]   wind      : mean= 0.203, std= 0.200
[18:22:24]   solar     : mean= 0.108, std= 0.584
[18:22:24]   diesel    : mean= 0.552, std= 0.452
[18:22:24]   battery   : mean= 0.850, std= 0.162
[18:22:24]   customer  : mean= 0.415, std= 0.419
[18:22:25] 
======================================================================
[18:22:25] Episode 83/200
[18:22:25] ======================================================================
[18:22:25] 总奖励:   -66.68 | 步数: 24
[18:22:25] 最近10个episodes平均:   -73.90
[18:22:25] 
各Agent奖励:
[18:22:25]   wind      :   90.613
[18:22:25]   solar     :   23.781
[18:22:25]   diesel    :    0.000
[18:22:25]   battery   :    0.000
[18:22:25]   customer  : -181.078
[18:22:25] 
🔌 Main Grid 交易:
[18:22:25]   进口电量:    53.82 kWh
[18:22:25]   出口电量:  1615.26 kWh
[18:22:25]   净交易量: -1561.43 kWh
[18:22:25]   平均出清价:  12.24 cents/kWh
[18:22:25]   市场独立度:  53.64%
[18:22:25] 
Buffer大小:  2232
[18:22:25] 噪声水平: 0.0911
[18:22:25] 
动作统计:
[18:22:25]   wind      : mean= 0.151, std= 0.211
[18:22:25]   solar     : mean= 0.122, std= 0.626
[18:22:25]   diesel    : mean= 0.614, std= 0.366
[18:22:25]   battery   : mean= 0.863, std= 0.162
[18:22:25]   customer  : mean= 0.426, std= 0.382
[18:22:26] 
======================================================================
[18:22:26] Episode 84/200
[18:22:26] ======================================================================
[18:22:26] 总奖励:   -84.83 | 步数: 24
[18:22:26] 最近10个episodes平均:   -75.42
[18:22:26] 
各Agent奖励:
[18:22:26]   wind      :   65.406
[18:22:26]   solar     :   29.714
[18:22:26]   diesel    :    0.000
[18:22:26]   battery   :    0.000
[18:22:26]   customer  : -179.953
[18:22:26] 
🔌 Main Grid 交易:
[18:22:26]   进口电量:    38.55 kWh
[18:22:26]   出口电量:  1670.85 kWh
[18:22:26]   净交易量: -1632.30 kWh
[18:22:26]   平均出清价:  12.20 cents/kWh
[18:22:26]   市场独立度:  52.52%
[18:22:26] 
Buffer大小:  2256
[18:22:26] 噪声水平: 0.0910
[18:22:26] 
动作统计:
[18:22:26]   wind      : mean= 0.181, std= 0.150
[18:22:26]   solar     : mean= 0.140, std= 0.608
[18:22:26]   diesel    : mean= 0.629, std= 0.319
[18:22:26]   battery   : mean= 0.865, std= 0.170
[18:22:26]   customer  : mean= 0.453, std= 0.399
[18:22:27] 
======================================================================
[18:22:27] Episode 85/200
[18:22:27] ======================================================================
[18:22:27] 总奖励:   -61.77 | 步数: 24
[18:22:27] 最近10个episodes平均:   -72.62
[18:22:27] 
各Agent奖励:
[18:22:27]   wind      :   99.455
[18:22:27]   solar     :   47.219
[18:22:27]   diesel    :    0.192
[18:22:27]   battery   :    0.000
[18:22:27]   customer  : -208.641
[18:22:27] 
🔌 Main Grid 交易:
[18:22:27]   进口电量:    64.93 kWh
[18:22:27]   出口电量:  1666.44 kWh
[18:22:27]   净交易量: -1601.52 kWh
[18:22:27]   平均出清价:  15.67 cents/kWh
[18:22:27]   市场独立度:  51.91%
[18:22:27] 
Buffer大小:  2280
[18:22:27] 噪声水平: 0.0909
[18:22:27] 
动作统计:
[18:22:27]   wind      : mean= 0.157, std= 0.202
[18:22:27]   solar     : mean= 0.099, std= 0.586
[18:22:27]   diesel    : mean= 0.674, std= 0.302
[18:22:27]   battery   : mean= 0.864, std= 0.169
[18:22:27]   customer  : mean= 0.395, std= 0.414
[18:22:27] 
======================================================================
[18:22:27] Episode 86/200
[18:22:27] ======================================================================
[18:22:27] 总奖励:   -62.77 | 步数: 24
[18:22:27] 最近10个episodes平均:   -69.24
[18:22:27] 
各Agent奖励:
[18:22:27]   wind      :   85.798
[18:22:27]   solar     :   46.882
[18:22:27]   diesel    :    0.000
[18:22:27]   battery   :    0.000
[18:22:27]   customer  : -195.450
[18:22:27] 
🔌 Main Grid 交易:
[18:22:27]   进口电量:    23.07 kWh
[18:22:27]   出口电量:  1579.92 kWh
[18:22:27]   净交易量: -1556.85 kWh
[18:22:27]   平均出清价:  14.09 cents/kWh
[18:22:27]   市场独立度:  55.47%
[18:22:27] 
Buffer大小:  2304
[18:22:27] 噪声水平: 0.0908
[18:22:27] 
动作统计:
[18:22:27]   wind      : mean= 0.228, std= 0.196
[18:22:27]   solar     : mean= 0.097, std= 0.568
[18:22:27]   diesel    : mean= 0.679, std= 0.318
[18:22:27]   battery   : mean= 0.876, std= 0.153
[18:22:27]   customer  : mean= 0.414, std= 0.444
[18:22:28] 
======================================================================
[18:22:28] Episode 87/200
[18:22:28] ======================================================================
[18:22:28] 总奖励:   -48.56 | 步数: 24
[18:22:28] 最近10个episodes平均:   -67.66
[18:22:28] 
各Agent奖励:
[18:22:28]   wind      :  106.904
[18:22:28]   solar     :   45.096
[18:22:28]   diesel    :    3.035
[18:22:28]   battery   :    0.000
[18:22:28]   customer  : -203.596
[18:22:28] 
🔌 Main Grid 交易:
[18:22:28]   进口电量:    16.34 kWh
[18:22:28]   出口电量:  1494.38 kWh
[18:22:28]   净交易量: -1478.04 kWh
[18:22:28]   平均出清价:  15.98 cents/kWh
[18:22:28]   市场独立度:  58.04%
[18:22:28] 
Buffer大小:  2328
[18:22:28] 噪声水平: 0.0908
[18:22:28] 
动作统计:
[18:22:28]   wind      : mean= 0.169, std= 0.179
[18:22:28]   solar     : mean= 0.100, std= 0.597
[18:22:28]   diesel    : mean= 0.688, std= 0.306
[18:22:28]   battery   : mean= 0.882, std= 0.154
[18:22:28]   customer  : mean= 0.394, std= 0.427
[18:22:30] 
======================================================================
[18:22:30] Episode 88/200
[18:22:30] ======================================================================
[18:22:30] 总奖励:   -58.31 | 步数: 24
[18:22:30] 最近10个episodes平均:   -67.88
[18:22:30] 
各Agent奖励:
[18:22:30]   wind      :   96.209
[18:22:30]   solar     :   47.501
[18:22:30]   diesel    :    0.000
[18:22:30]   battery   :    0.000
[18:22:30]   customer  : -202.024
[18:22:30] 
🔌 Main Grid 交易:
[18:22:30]   进口电量:    39.67 kWh
[18:22:30]   出口电量:  1770.63 kWh
[18:22:30]   净交易量: -1730.95 kWh
[18:22:30]   平均出清价:  14.40 cents/kWh
[18:22:30]   市场独立度:  49.71%
[18:22:30] 
Buffer大小:  2352
[18:22:30] 噪声水平: 0.0907
[18:22:30] 
动作统计:
[18:22:30]   wind      : mean= 0.201, std= 0.167
[18:22:30]   solar     : mean= 0.096, std= 0.594
[18:22:30]   diesel    : mean= 0.709, std= 0.281
[18:22:30]   battery   : mean= 0.906, std= 0.133
[18:22:30]   customer  : mean= 0.409, std= 0.433
[18:22:30] 
======================================================================
[18:22:30] Episode 89/200
[18:22:30] ======================================================================
[18:22:30] 总奖励:   -51.47 | 步数: 24
[18:22:30] 最近10个episodes平均:   -67.66
[18:22:30] 
各Agent奖励:
[18:22:30]   wind      :  109.429
[18:22:30]   solar     :   19.912
[18:22:30]   diesel    :    0.000
[18:22:30]   battery   :    0.000
[18:22:30]   customer  : -180.812
[18:22:30] 
🔌 Main Grid 交易:
[18:22:30]   进口电量:     0.00 kWh
[18:22:30]   出口电量:  1935.33 kWh
[18:22:30]   净交易量: -1935.33 kWh
[18:22:30]   平均出清价:  12.72 cents/kWh
[18:22:30]   市场独立度:  46.24%
[18:22:30] 
Buffer大小:  2376
[18:22:30] 噪声水平: 0.0906
[18:22:30] 
动作统计:
[18:22:30]   wind      : mean= 0.170, std= 0.184
[18:22:30]   solar     : mean= 0.106, std= 0.598
[18:22:30]   diesel    : mean= 0.714, std= 0.283
[18:22:30]   battery   : mean= 0.897, std= 0.129
[18:22:30]   customer  : mean= 0.344, std= 0.452
[18:22:31] 
======================================================================
[18:22:31] Episode 90/200
[18:22:31] ======================================================================
[18:22:31] 总奖励:   -51.48 | 步数: 24
[18:22:31] 最近10个episodes平均:   -64.78
[18:22:31] 
各Agent奖励:
[18:22:31]   wind      :   88.591
[18:22:31]   solar     :   51.682
[18:22:31]   diesel    :    0.000
[18:22:31]   battery   :    0.000
[18:22:31]   customer  : -191.753
[18:22:31] 
🔌 Main Grid 交易:
[18:22:31]   进口电量:    23.76 kWh
[18:22:31]   出口电量:  1794.07 kWh
[18:22:31]   净交易量: -1770.31 kWh
[18:22:31]   平均出清价:  13.29 cents/kWh
[18:22:31]   市场独立度:  49.50%
[18:22:31] 
Buffer大小:  2400
[18:22:31] 噪声水平: 0.0905
[18:22:31] 
动作统计:
[18:22:31]   wind      : mean= 0.200, std= 0.170
[18:22:31]   solar     : mean= 0.023, std= 0.615
[18:22:31]   diesel    : mean= 0.738, std= 0.256
[18:22:31]   battery   : mean= 0.928, std= 0.105
[18:22:31]   customer  : mean= 0.335, std= 0.406
[18:22:31] 
📊 生成可视化图表...
[18:22:31]   ✓ debug_plots/training_ep0090.png
[18:22:32] 
======================================================================
[18:22:32] Episode 91/200
[18:22:32] ======================================================================
[18:22:32] 总奖励:   -62.53 | 步数: 24
[18:22:32] 最近10个episodes平均:   -62.20
[18:22:32] 
各Agent奖励:
[18:22:32]   wind      :   90.723
[18:22:32]   solar     :   64.033
[18:22:32]   diesel    :    0.000
[18:22:32]   battery   :    0.000
[18:22:32]   customer  : -217.283
[18:22:32] 
🔌 Main Grid 交易:
[18:22:32]   进口电量:     3.48 kWh
[18:22:32]   出口电量:  1674.34 kWh
[18:22:32]   净交易量: -1670.87 kWh
[18:22:32]   平均出清价:  16.14 cents/kWh
[18:22:32]   市场独立度:  53.39%
[18:22:32] 
Buffer大小:  2424
[18:22:32] 噪声水平: 0.0904
[18:22:32] 
动作统计:
[18:22:32]   wind      : mean= 0.223, std= 0.183
[18:22:32]   solar     : mean= 0.003, std= 0.620
[18:22:32]   diesel    : mean= 0.756, std= 0.227
[18:22:32]   battery   : mean= 0.892, std= 0.113
[18:22:32]   customer  : mean= 0.338, std= 0.392
[18:22:33] 
======================================================================
[18:22:33] Episode 92/200
[18:22:33] ======================================================================
[18:22:33] 总奖励:   -47.52 | 步数: 24
[18:22:33] 最近10个episodes平均:   -59.59
[18:22:33] 
各Agent奖励:
[18:22:33]   wind      :  104.616
[18:22:33]   solar     :   42.501
[18:22:33]   diesel    :    0.000
[18:22:33]   battery   :    0.000
[18:22:33]   customer  : -194.638
[18:22:33] 
🔌 Main Grid 交易:
[18:22:33]   进口电量:     6.14 kWh
[18:22:33]   出口电量:  1671.77 kWh
[18:22:33]   净交易量: -1665.63 kWh
[18:22:33]   平均出清价:  13.96 cents/kWh
[18:22:33]   市场独立度:  53.39%
[18:22:33] 
Buffer大小:  2448
[18:22:33] 噪声水平: 0.0903
[18:22:33] 
动作统计:
[18:22:33]   wind      : mean= 0.207, std= 0.158
[18:22:33]   solar     : mean=-0.021, std= 0.631
[18:22:33]   diesel    : mean= 0.776, std= 0.198
[18:22:33]   battery   : mean= 0.905, std= 0.129
[18:22:33]   customer  : mean= 0.325, std= 0.384
[18:22:34] 
======================================================================
[18:22:34] Episode 93/200
[18:22:34] ======================================================================
[18:22:34] 总奖励:    -3.44 | 步数: 24
[18:22:34] 最近10个episodes平均:   -53.27
[18:22:34] 
各Agent奖励:
[18:22:34]   wind      :  120.831
[18:22:34]   solar     :   60.231
[18:22:34]   diesel    :    0.000
[18:22:34]   battery   :    0.000
[18:22:34]   customer  : -184.501
[18:22:34] 
🔌 Main Grid 交易:
[18:22:34]   进口电量:    10.30 kWh
[18:22:34]   出口电量:  1785.60 kWh
[18:22:34]   净交易量: -1775.30 kWh
[18:22:34]   平均出清价:  14.93 cents/kWh
[18:22:34]   市场独立度:  50.11%
[18:22:34] 
Buffer大小:  2472
[18:22:34] 噪声水平: 0.0902
[18:22:34] 
动作统计:
[18:22:34]   wind      : mean= 0.192, std= 0.158
[18:22:34]   solar     : mean=-0.036, std= 0.579
[18:22:34]   diesel    : mean= 0.801, std= 0.198
[18:22:34]   battery   : mean= 0.902, std= 0.121
[18:22:34]   customer  : mean= 0.256, std= 0.395
[18:22:35] 
======================================================================
[18:22:35] Episode 94/200
[18:22:35] ======================================================================
[18:22:35] 总奖励:   -10.86 | 步数: 24
[18:22:35] 最近10个episodes平均:   -45.87
[18:22:35] 
各Agent奖励:
[18:22:35]   wind      :  114.380
[18:22:35]   solar     :   42.467
[18:22:35]   diesel    :    0.000
[18:22:35]   battery   :    0.000
[18:22:35]   customer  : -167.707
[18:22:35] 
🔌 Main Grid 交易:
[18:22:35]   进口电量:     9.17 kWh
[18:22:35]   出口电量:  2008.40 kWh
[18:22:35]   净交易量: -1999.23 kWh
[18:22:35]   平均出清价:  12.41 cents/kWh
[18:22:35]   市场独立度:  43.96%
[18:22:35] 
Buffer大小:  2496
[18:22:35] 噪声水平: 0.0901
[18:22:35] 
动作统计:
[18:22:35]   wind      : mean= 0.186, std= 0.181
[18:22:35]   solar     : mean=-0.061, std= 0.614
[18:22:35]   diesel    : mean= 0.773, std= 0.204
[18:22:35]   battery   : mean= 0.899, std= 0.147
[18:22:35]   customer  : mean= 0.317, std= 0.339
[18:22:36] 
======================================================================
[18:22:36] Episode 95/200
[18:22:36] ======================================================================
[18:22:36] 总奖励:   -39.82 | 步数: 24
[18:22:36] 最近10个episodes平均:   -43.68
[18:22:36] 
各Agent奖励:
[18:22:36]   wind      :   98.690
[18:22:36]   solar     :   56.815
[18:22:36]   diesel    :    4.082
[18:22:36]   battery   :    0.000
[18:22:36]   customer  : -199.405
[18:22:36] 
🔌 Main Grid 交易:
[18:22:36]   进口电量:    40.52 kWh
[18:22:36]   出口电量:  1587.23 kWh
[18:22:36]   净交易量: -1546.71 kWh
[18:22:36]   平均出清价:  14.33 cents/kWh
[18:22:36]   市场独立度:  54.78%
[18:22:36] 
Buffer大小:  2520
[18:22:36] 噪声水平: 0.0900
[18:22:36] 
动作统计:
[18:22:36]   wind      : mean= 0.170, std= 0.135
[18:22:36]   solar     : mean=-0.109, std= 0.613
[18:22:36]   diesel    : mean= 0.770, std= 0.196
[18:22:36]   battery   : mean= 0.893, std= 0.171
[18:22:36]   customer  : mean= 0.270, std= 0.363
[18:22:37] 
======================================================================
[18:22:37] Episode 96/200
[18:22:37] ======================================================================
[18:22:37] 总奖励:     1.14 | 步数: 24
[18:22:37] 最近10个episodes平均:   -37.29
[18:22:37] 
各Agent奖励:
[18:22:37]   wind      :   94.758
[18:22:37]   solar     :   71.364
[18:22:37]   diesel    :    5.223
[18:22:37]   battery   :    0.000
[18:22:37]   customer  : -170.204
[18:22:37] 
🔌 Main Grid 交易:
[18:22:37]   进口电量:     0.00 kWh
[18:22:37]   出口电量:  2062.39 kWh
[18:22:37]   净交易量: -2062.39 kWh
[18:22:37]   平均出清价:  14.78 cents/kWh
[18:22:37]   市场独立度:  42.71%
[18:22:37] 
Buffer大小:  2544
[18:22:37] 噪声水平: 0.0899
[18:22:37] 
动作统计:
[18:22:37]   wind      : mean= 0.200, std= 0.216
[18:22:37]   solar     : mean=-0.164, std= 0.591
[18:22:37]   diesel    : mean= 0.801, std= 0.214
[18:22:37]   battery   : mean= 0.895, std= 0.129
[18:22:37]   customer  : mean= 0.284, std= 0.336
[18:22:38] 
======================================================================
[18:22:38] Episode 97/200
[18:22:38] ======================================================================
[18:22:38] 总奖励:   -54.41 | 步数: 24
[18:22:38] 最近10个episodes平均:   -37.87
[18:22:38] 
各Agent奖励:
[18:22:38]   wind      :   90.464
[18:22:38]   solar     :   40.669
[18:22:38]   diesel    :    0.000
[18:22:38]   battery   :    0.000
[18:22:38]   customer  : -185.543
[18:22:38] 
🔌 Main Grid 交易:
[18:22:38]   进口电量:    11.83 kWh
[18:22:38]   出口电量:  1733.54 kWh
[18:22:38]   净交易量: -1721.71 kWh
[18:22:38]   平均出清价:  12.81 cents/kWh
[18:22:38]   市场独立度:  51.52%
[18:22:38] 
Buffer大小:  2568
[18:22:38] 噪声水平: 0.0898
[18:22:38] 
动作统计:
[18:22:38]   wind      : mean= 0.183, std= 0.171
[18:22:38]   solar     : mean=-0.129, std= 0.550
[18:22:38]   diesel    : mean= 0.778, std= 0.202
[18:22:38]   battery   : mean= 0.913, std= 0.137
[18:22:38]   customer  : mean= 0.265, std= 0.380
[18:22:40] 
======================================================================
[18:22:40] Episode 98/200
[18:22:40] ======================================================================
[18:22:40] 总奖励:    -9.58 | 步数: 24
[18:22:40] 最近10个episodes平均:   -33.00
[18:22:40] 
各Agent奖励:
[18:22:40]   wind      :  117.581
[18:22:40]   solar     :   54.149
[18:22:40]   diesel    :    0.000
[18:22:40]   battery   :    0.000
[18:22:40]   customer  : -181.313
[18:22:40] 
🔌 Main Grid 交易:
[18:22:40]   进口电量:     7.71 kWh
[18:22:40]   出口电量:  1723.65 kWh
[18:22:40]   净交易量: -1715.94 kWh
[18:22:40]   平均出清价:  13.36 cents/kWh
[18:22:40]   市场独立度:  51.91%
[18:22:40] 
Buffer大小:  2592
[18:22:40] 噪声水平: 0.0898
[18:22:40] 
动作统计:
[18:22:40]   wind      : mean= 0.216, std= 0.144
[18:22:40]   solar     : mean=-0.134, std= 0.591
[18:22:40]   diesel    : mean= 0.784, std= 0.197
[18:22:40]   battery   : mean= 0.921, std= 0.104
[18:22:40]   customer  : mean= 0.300, std= 0.331
[18:22:40] 
======================================================================
[18:22:40] Episode 99/200
[18:22:40] ======================================================================
[18:22:40] 总奖励:    -7.59 | 步数: 24
[18:22:40] 最近10个episodes平均:   -28.61
[18:22:40] 
各Agent奖励:
[18:22:40]   wind      :  107.982
[18:22:40]   solar     :   68.790
[18:22:40]   diesel    :    6.284
[18:22:40]   battery   :    0.000
[18:22:40]   customer  : -190.648
[18:22:40] 
🔌 Main Grid 交易:
[18:22:40]   进口电量:     0.00 kWh
[18:22:40]   出口电量:  1830.33 kWh
[18:22:40]   净交易量: -1830.33 kWh
[18:22:40]   平均出清价:  15.14 cents/kWh
[18:22:40]   市场独立度:  49.16%
[18:22:40] 
Buffer大小:  2616
[18:22:40] 噪声水平: 0.0897
[18:22:40] 
动作统计:
[18:22:40]   wind      : mean= 0.184, std= 0.177
[18:22:40]   solar     : mean=-0.153, std= 0.569
[18:22:40]   diesel    : mean= 0.793, std= 0.193
[18:22:40]   battery   : mean= 0.921, std= 0.123
[18:22:40]   customer  : mean= 0.258, std= 0.338
[18:22:41] 
======================================================================
[18:22:41] Episode 100/200
[18:22:41] ======================================================================
[18:22:41] 总奖励:     8.28 | 步数: 24
[18:22:41] 最近10个episodes平均:   -22.63
[18:22:41] 
各Agent奖励:
[18:22:41]   wind      :  124.911
[18:22:41]   solar     :   75.210
[18:22:41]   diesel    :    0.000
[18:22:41]   battery   :    0.000
[18:22:41]   customer  : -191.838
[18:22:41] 
🔌 Main Grid 交易:
[18:22:41]   进口电量:     0.00 kWh
[18:22:41]   出口电量:  1826.94 kWh
[18:22:41]   净交易量: -1826.94 kWh
[18:22:41]   平均出清价:  16.21 cents/kWh
[18:22:41]   市场独立度:  49.25%
[18:22:41] 
Buffer大小:  2640
[18:22:41] 噪声水平: 0.0896
[18:22:41] 
动作统计:
[18:22:41]   wind      : mean= 0.212, std= 0.184
[18:22:41]   solar     : mean=-0.142, std= 0.559
[18:22:41]   diesel    : mean= 0.811, std= 0.169
[18:22:41]   battery   : mean= 0.918, std= 0.117
[18:22:41]   customer  : mean= 0.259, std= 0.331
[18:22:41] 
📊 生成可视化图表...
[18:22:42]   ✓ debug_plots/training_ep0100.png
[18:22:42] 💾 保存checkpoint: debug_checkpoints/debug_maddpg_20251203_182110_ep0100.pt
[18:22:42] 
======================================================================
[18:22:42] Episode 101/200
[18:22:42] ======================================================================
[18:22:42] 总奖励:   -55.28 | 步数: 24
[18:22:42] 最近10个episodes平均:   -21.91
[18:22:42] 
各Agent奖励:
[18:22:42]   wind      :   79.275
[18:22:42]   solar     :   70.138
[18:22:42]   diesel    :    0.000
[18:22:42]   battery   :    0.000
[18:22:42]   customer  : -204.693
[18:22:42] 
🔌 Main Grid 交易:
[18:22:42]   进口电量:    17.28 kWh
[18:22:42]   出口电量:  1586.07 kWh
[18:22:42]   净交易量: -1568.79 kWh
[18:22:42]   平均出清价:  16.46 cents/kWh
[18:22:42]   市场独立度:  55.46%
[18:22:42] 
Buffer大小:  2664
[18:22:42] 噪声水平: 0.0895
[18:22:42] 
动作统计:
[18:22:42]   wind      : mean= 0.259, std= 0.182
[18:22:42]   solar     : mean=-0.126, std= 0.521
[18:22:42]   diesel    : mean= 0.800, std= 0.182
[18:22:42]   battery   : mean= 0.913, std= 0.127
[18:22:42]   customer  : mean= 0.291, std= 0.336
[18:22:43] 
======================================================================
[18:22:43] Episode 102/200
[18:22:43] ======================================================================
[18:22:43] 总奖励:    -0.53 | 步数: 24
[18:22:43] 最近10个episodes平均:   -17.21
[18:22:43] 
各Agent奖励:
[18:22:43]   wind      :  142.974
[18:22:43]   solar     :   47.675
[18:22:43]   diesel    :    0.000
[18:22:43]   battery   :    0.000
[18:22:43]   customer  : -191.184
[18:22:43] 
🔌 Main Grid 交易:
[18:22:43]   进口电量:     7.13 kWh
[18:22:43]   出口电量:  1747.08 kWh
[18:22:43]   净交易量: -1739.95 kWh
[18:22:43]   平均出清价:  15.20 cents/kWh
[18:22:43]   市场独立度:  51.27%
[18:22:43] 
Buffer大小:  2688
[18:22:43] 噪声水平: 0.0894
[18:22:43] 
动作统计:
[18:22:43]   wind      : mean= 0.195, std= 0.185
[18:22:43]   solar     : mean=-0.110, std= 0.585
[18:22:43]   diesel    : mean= 0.843, std= 0.159
[18:22:43]   battery   : mean= 0.918, std= 0.107
[18:22:43]   customer  : mean= 0.228, std= 0.338
[18:22:44] 
======================================================================
[18:22:44] Episode 103/200
[18:22:44] ======================================================================
[18:22:44] 总奖励:    -2.96 | 步数: 24
[18:22:44] 最近10个episodes平均:   -17.16
[18:22:44] 
各Agent奖励:
[18:22:44]   wind      :  127.241
[18:22:44]   solar     :   54.171
[18:22:44]   diesel    :    0.000
[18:22:44]   battery   :    0.000
[18:22:44]   customer  : -184.367
[18:22:44] 
🔌 Main Grid 交易:
[18:22:44]   进口电量:     0.00 kWh
[18:22:44]   出口电量:  2183.28 kWh
[18:22:44]   净交易量: -2183.28 kWh
[18:22:44]   平均出清价:  14.36 cents/kWh
[18:22:44]   市场独立度:  39.35%
[18:22:44] 
Buffer大小:  2712
[18:22:44] 噪声水平: 0.0893
[18:22:44] 
动作统计:
[18:22:44]   wind      : mean= 0.239, std= 0.157
[18:22:44]   solar     : mean=-0.155, std= 0.556
[18:22:44]   diesel    : mean= 0.842, std= 0.145
[18:22:44]   battery   : mean= 0.934, std= 0.109
[18:22:44]   customer  : mean= 0.266, std= 0.369
[18:22:45] 
======================================================================
[18:22:45] Episode 104/200
[18:22:45] ======================================================================
[18:22:45] 总奖励:    18.08 | 步数: 24
[18:22:45] 最近10个episodes平均:   -14.27
[18:22:45] 
各Agent奖励:
[18:22:45]   wind      :  134.678
[18:22:45]   solar     :   65.751
[18:22:45]   diesel    :    1.920
[18:22:45]   battery   :    0.000
[18:22:45]   customer  : -184.273
[18:22:45] 
🔌 Main Grid 交易:
[18:22:45]   进口电量:     0.00 kWh
[18:22:45]   出口电量:  2048.24 kWh
[18:22:45]   净交易量: -2048.24 kWh
[18:22:45]   平均出清价:  15.28 cents/kWh
[18:22:45]   市场独立度:  43.10%
[18:22:45] 
Buffer大小:  2736
[18:22:45] 噪声水平: 0.0892
[18:22:45] 
动作统计:
[18:22:45]   wind      : mean= 0.227, std= 0.145
[18:22:45]   solar     : mean=-0.076, std= 0.553
[18:22:45]   diesel    : mean= 0.854, std= 0.144
[18:22:45]   battery   : mean= 0.933, std= 0.112
[18:22:45]   customer  : mean= 0.219, std= 0.362
[18:22:46] 
======================================================================
[18:22:46] Episode 105/200
[18:22:46] ======================================================================
[18:22:46] 总奖励:    -4.61 | 步数: 24
[18:22:46] 最近10个episodes平均:   -10.75
[18:22:46] 
各Agent奖励:
[18:22:46]   wind      :  104.403
[18:22:46]   solar     :   45.073
[18:22:46]   diesel    :    0.000
[18:22:46]   battery   :    0.000
[18:22:46]   customer  : -154.086
[18:22:46] 
🔌 Main Grid 交易:
[18:22:46]   进口电量:     0.00 kWh
[18:22:46]   出口电量:  2255.24 kWh
[18:22:46]   净交易量: -2255.24 kWh
[18:22:46]   平均出清价:  11.79 cents/kWh
[18:22:46]   市场独立度:  37.35%
[18:22:46] 
Buffer大小:  2760
[18:22:46] 噪声水平: 0.0891
[18:22:46] 
动作统计:
[18:22:46]   wind      : mean= 0.191, std= 0.155
[18:22:46]   solar     : mean=-0.089, std= 0.563
[18:22:46]   diesel    : mean= 0.843, std= 0.140
[18:22:46]   battery   : mean= 0.913, std= 0.121
[18:22:46]   customer  : mean= 0.227, std= 0.335
[18:22:47] 
======================================================================
[18:22:47] Episode 106/200
[18:22:47] ======================================================================
[18:22:47] 总奖励:   -46.22 | 步数: 24
[18:22:47] 最近10个episodes平均:   -15.48
[18:22:47] 
各Agent奖励:
[18:22:47]   wind      :   88.039
[18:22:47]   solar     :   48.427
[18:22:47]   diesel    :    0.000
[18:22:47]   battery   :    0.000
[18:22:47]   customer  : -182.688
[18:22:47] 
🔌 Main Grid 交易:
[18:22:47]   进口电量:    46.27 kWh
[18:22:47]   出口电量:  2048.48 kWh
[18:22:47]   净交易量: -2002.21 kWh
[18:22:47]   平均出清价:  13.41 cents/kWh
[18:22:47]   市场独立度:  41.81%
[18:22:47] 
Buffer大小:  2784
[18:22:47] 噪声水平: 0.0890
[18:22:47] 
动作统计:
[18:22:47]   wind      : mean= 0.225, std= 0.166
[18:22:47]   solar     : mean=-0.106, std= 0.563
[18:22:47]   diesel    : mean= 0.844, std= 0.152
[18:22:47]   battery   : mean= 0.942, std= 0.102
[18:22:47]   customer  : mean= 0.253, std= 0.339
[18:22:48] 
======================================================================
[18:22:48] Episode 107/200
[18:22:48] ======================================================================
[18:22:48] 总奖励:    30.40 | 步数: 24
[18:22:48] 最近10个episodes平均:    -7.00
[18:22:48] 
各Agent奖励:
[18:22:48]   wind      :  150.375
[18:22:48]   solar     :   59.962
[18:22:48]   diesel    :    0.000
[18:22:48]   battery   :    0.000
[18:22:48]   customer  : -179.932
[18:22:48] 
🔌 Main Grid 交易:
[18:22:48]   进口电量:     1.52 kWh
[18:22:48]   出口电量:  1996.94 kWh
[18:22:48]   净交易量: -1995.42 kWh
[18:22:48]   平均出清价:  15.17 cents/kWh
[18:22:48]   市场独立度:  44.49%
[18:22:48] 
Buffer大小:  2808
[18:22:48] 噪声水平: 0.0890
[18:22:48] 
动作统计:
[18:22:48]   wind      : mean= 0.219, std= 0.161
[18:22:48]   solar     : mean=-0.083, std= 0.598
[18:22:48]   diesel    : mean= 0.868, std= 0.133
[18:22:48]   battery   : mean= 0.925, std= 0.116
[18:22:48]   customer  : mean= 0.170, std= 0.350
[18:22:49] 
======================================================================
[18:22:49] Episode 108/200
[18:22:49] ======================================================================
[18:22:49] 总奖励:   -12.16 | 步数: 24
[18:22:49] 最近10个episodes平均:    -7.26
[18:22:49] 
各Agent奖励:
[18:22:49]   wind      :  106.100
[18:22:49]   solar     :   46.353
[18:22:49]   diesel    :    0.000
[18:22:49]   battery   :    0.000
[18:22:49]   customer  : -164.617
[18:22:49] 
🔌 Main Grid 交易:
[18:22:49]   进口电量:     0.00 kWh
[18:22:49]   出口电量:  2302.21 kWh
[18:22:49]   净交易量: -2302.21 kWh
[18:22:49]   平均出清价:  12.48 cents/kWh
[18:22:49]   市场独立度:  36.05%
[18:22:49] 
Buffer大小:  2832
[18:22:49] 噪声水平: 0.0889
[18:22:49] 
动作统计:
[18:22:49]   wind      : mean= 0.208, std= 0.154
[18:22:49]   solar     : mean=-0.063, std= 0.556
[18:22:49]   diesel    : mean= 0.865, std= 0.127
[18:22:49]   battery   : mean= 0.940, std= 0.087
[18:22:49]   customer  : mean= 0.279, std= 0.339
[18:22:51] 
======================================================================
[18:22:51] Episode 109/200
[18:22:51] ======================================================================
[18:22:51] 总奖励:     1.99 | 步数: 24
[18:22:51] 最近10个episodes平均:    -6.30
[18:22:51] 
各Agent奖励:
[18:22:51]   wind      :  117.002
[18:22:51]   solar     :   63.090
[18:22:51]   diesel    :    0.000
[18:22:51]   battery   :    0.000
[18:22:51]   customer  : -178.102
[18:22:51] 
🔌 Main Grid 交易:
[18:22:51]   进口电量:     0.00 kWh
[18:22:51]   出口电量:  1901.52 kWh
[18:22:51]   净交易量: -1901.52 kWh
[18:22:51]   平均出清价:  15.46 cents/kWh
[18:22:51]   市场独立度:  47.18%
[18:22:51] 
Buffer大小:  2856
[18:22:51] 噪声水平: 0.0888
[18:22:51] 
动作统计:
[18:22:51]   wind      : mean= 0.236, std= 0.170
[18:22:51]   solar     : mean=-0.072, std= 0.544
[18:22:51]   diesel    : mean= 0.877, std= 0.123
[18:22:51]   battery   : mean= 0.936, std= 0.098
[18:22:51]   customer  : mean= 0.254, std= 0.324
[18:22:52] 
======================================================================
[18:22:52] Episode 110/200
[18:22:52] ======================================================================
[18:22:52] 总奖励:   -52.07 | 步数: 24
[18:22:52] 最近10个episodes平均:   -12.34
[18:22:52] 
各Agent奖励:
[18:22:52]   wind      :   86.656
[18:22:52]   solar     :   61.310
[18:22:52]   diesel    :    0.000
[18:22:52]   battery   :    0.000
[18:22:52]   customer  : -200.039
[18:22:52] 
🔌 Main Grid 交易:
[18:22:52]   进口电量:    12.61 kWh
[18:22:52]   出口电量:  1935.79 kWh
[18:22:52]   净交易量: -1923.18 kWh
[18:22:52]   平均出清价:  16.04 cents/kWh
[18:22:52]   市场独立度:  45.88%
[18:22:52] 
Buffer大小:  2880
[18:22:52] 噪声水平: 0.0887
[18:22:52] 
动作统计:
[18:22:52]   wind      : mean= 0.215, std= 0.165
[18:22:52]   solar     : mean=-0.120, std= 0.571
[18:22:52]   diesel    : mean= 0.880, std= 0.104
[18:22:52]   battery   : mean= 0.934, std= 0.113
[18:22:52]   customer  : mean= 0.245, std= 0.327
[18:22:52] 
📊 生成可视化图表...
[18:22:52]   ✓ debug_plots/training_ep0110.png
[18:22:53] 
======================================================================
[18:22:53] Episode 111/200
[18:22:53] ======================================================================
[18:22:53] 总奖励:   -33.51 | 步数: 24
[18:22:53] 最近10个episodes平均:   -10.16
[18:22:53] 
各Agent奖励:
[18:22:53]   wind      :  100.494
[18:22:53]   solar     :   52.731
[18:22:53]   diesel    :    0.000
[18:22:53]   battery   :    0.000
[18:22:53]   customer  : -186.731
[18:22:53] 
🔌 Main Grid 交易:
[18:22:53]   进口电量:     0.00 kWh
[18:22:53]   出口电量:  1918.27 kWh
[18:22:53]   净交易量: -1918.27 kWh
[18:22:53]   平均出清价:  14.88 cents/kWh
[18:22:53]   市场独立度:  46.71%
[18:22:53] 
Buffer大小:  2904
[18:22:53] 噪声水平: 0.0886
[18:22:53] 
动作统计:
[18:22:53]   wind      : mean= 0.241, std= 0.160
[18:22:53]   solar     : mean=-0.099, std= 0.557
[18:22:53]   diesel    : mean= 0.867, std= 0.128
[18:22:53]   battery   : mean= 0.929, std= 0.106
[18:22:53]   customer  : mean= 0.284, std= 0.341
[18:22:53] 
======================================================================
[18:22:53] Episode 112/200
[18:22:53] ======================================================================
[18:22:53] 总奖励:     7.63 | 步数: 24
[18:22:53] 最近10个episodes平均:    -9.34
[18:22:53] 
各Agent奖励:
[18:22:53]   wind      :  130.989
[18:22:53]   solar     :   60.216
[18:22:53]   diesel    :    0.000
[18:22:53]   battery   :    0.000
[18:22:53]   customer  : -183.579
[18:22:53] 
🔌 Main Grid 交易:
[18:22:53]   进口电量:     0.00 kWh
[18:22:53]   出口电量:  2142.52 kWh
[18:22:53]   净交易量: -2142.52 kWh
[18:22:53]   平均出清价:  15.82 cents/kWh
[18:22:53]   市场独立度:  40.49%
[18:22:53] 
Buffer大小:  2928
[18:22:53] 噪声水平: 0.0885
[18:22:53] 
动作统计:
[18:22:53]   wind      : mean= 0.225, std= 0.174
[18:22:53]   solar     : mean=-0.087, std= 0.533
[18:22:53]   diesel    : mean= 0.898, std= 0.092
[18:22:53]   battery   : mean= 0.929, std= 0.099
[18:22:53]   customer  : mean= 0.267, std= 0.321
[18:22:55] 
======================================================================
[18:22:55] Episode 113/200
[18:22:55] ======================================================================
[18:22:55] 总奖励:   -39.13 | 步数: 24
[18:22:55] 最近10个episodes平均:   -12.96
[18:22:55] 
各Agent奖励:
[18:22:55]   wind      :   96.188
[18:22:55]   solar     :   32.819
[18:22:55]   diesel    :    0.000
[18:22:55]   battery   :    0.000
[18:22:55]   customer  : -168.137
[18:22:55] 
🔌 Main Grid 交易:
[18:22:55]   进口电量:    11.19 kWh
[18:22:55]   出口电量:  2180.42 kWh
[18:22:55]   净交易量: -2169.23 kWh
[18:22:55]   平均出清价:  11.42 cents/kWh
[18:22:55]   市场独立度:  39.12%
[18:22:55] 
Buffer大小:  2952
[18:22:55] 噪声水平: 0.0884
[18:22:55] 
动作统计:
[18:22:55]   wind      : mean= 0.212, std= 0.145
[18:22:55]   solar     : mean=-0.083, std= 0.557
[18:22:55]   diesel    : mean= 0.860, std= 0.117
[18:22:55]   battery   : mean= 0.946, std= 0.080
[18:22:55]   customer  : mean= 0.341, std= 0.289
[18:22:56] 
======================================================================
[18:22:56] Episode 114/200
[18:22:56] ======================================================================
[18:22:56] 总奖励:    -8.25 | 步数: 24
[18:22:56] 最近10个episodes平均:   -15.59
[18:22:56] 
各Agent奖励:
[18:22:56]   wind      :  113.826
[18:22:56]   solar     :   63.875
[18:22:56]   diesel    :    0.000
[18:22:56]   battery   :    0.000
[18:22:56]   customer  : -185.952
[18:22:56] 
🔌 Main Grid 交易:
[18:22:56]   进口电量:     0.00 kWh
[18:22:56]   出口电量:  2151.74 kWh
[18:22:56]   净交易量: -2151.74 kWh
[18:22:56]   平均出清价:  15.63 cents/kWh
[18:22:56]   市场独立度:  40.23%
[18:22:56] 
Buffer大小:  2976
[18:22:56] 噪声水平: 0.0883
[18:22:56] 
动作统计:
[18:22:56]   wind      : mean= 0.214, std= 0.156
[18:22:56]   solar     : mean=-0.068, std= 0.551
[18:22:56]   diesel    : mean= 0.904, std= 0.104
[18:22:56]   battery   : mean= 0.922, std= 0.114
[18:22:56]   customer  : mean= 0.283, std= 0.312
[18:22:57] 
======================================================================
[18:22:57] Episode 115/200
[18:22:57] ======================================================================
[18:22:57] 总奖励:   -10.22 | 步数: 24
[18:22:57] 最近10个episodes平均:   -16.15
[18:22:57] 
各Agent奖励:
[18:22:57]   wind      :  123.702
[18:22:57]   solar     :   43.584
[18:22:57]   diesel    :    0.000
[18:22:57]   battery   :    0.000
[18:22:57]   customer  : -177.509
[18:22:57] 
🔌 Main Grid 交易:
[18:22:57]   进口电量:     0.00 kWh
[18:22:57]   出口电量:  2217.71 kWh
[18:22:57]   净交易量: -2217.71 kWh
[18:22:57]   平均出清价:  15.03 cents/kWh
[18:22:57]   市场独立度:  38.40%
[18:22:57] 
Buffer大小:  3000
[18:22:57] 噪声水平: 0.0882
[18:22:57] 
动作统计:
[18:22:57]   wind      : mean= 0.255, std= 0.163
[18:22:57]   solar     : mean=-0.055, std= 0.523
[18:22:57]   diesel    : mean= 0.900, std= 0.106
[18:22:57]   battery   : mean= 0.907, std= 0.120
[18:22:57]   customer  : mean= 0.300, std= 0.336
[18:22:58] 
======================================================================
[18:22:58] Episode 116/200
[18:22:58] ======================================================================
[18:22:58] 总奖励:   -19.16 | 步数: 24
[18:22:58] 最近10个episodes平均:   -13.45
[18:22:58] 
各Agent奖励:
[18:22:58]   wind      :  117.013
[18:22:58]   solar     :   45.275
[18:22:58]   diesel    :    0.000
[18:22:58]   battery   :    0.000
[18:22:58]   customer  : -181.444
[18:22:58] 
🔌 Main Grid 交易:
[18:22:58]   进口电量:     0.00 kWh
[18:22:58]   出口电量:  2103.17 kWh
[18:22:58]   净交易量: -2103.17 kWh
[18:22:58]   平均出清价:  14.66 cents/kWh
[18:22:58]   市场独立度:  41.58%
[18:22:58] 
Buffer大小:  3024
[18:22:58] 噪声水平: 0.0882
[18:22:58] 
动作统计:
[18:22:58]   wind      : mean= 0.248, std= 0.137
[18:22:58]   solar     : mean=-0.063, std= 0.554
[18:22:58]   diesel    : mean= 0.893, std= 0.119
[18:22:58]   battery   : mean= 0.932, std= 0.089
[18:22:58]   customer  : mean= 0.310, std= 0.320
[18:22:59] 
======================================================================
[18:22:59] Episode 117/200
[18:22:59] ======================================================================
[18:22:59] 总奖励:   -70.81 | 步数: 24
[18:22:59] 最近10个episodes平均:   -23.57
[18:22:59] 
各Agent奖励:
[18:22:59]   wind      :   84.152
[18:22:59]   solar     :   23.348
[18:22:59]   diesel    :    0.000
[18:22:59]   battery   :    0.000
[18:22:59]   customer  : -178.313
[18:22:59] 
🔌 Main Grid 交易:
[18:22:59]   进口电量:     0.00 kWh
[18:22:59]   出口电量:  2114.71 kWh
[18:22:59]   净交易量: -2114.71 kWh
[18:22:59]   平均出清价:  12.40 cents/kWh
[18:22:59]   市场独立度:  41.26%
[18:22:59] 
Buffer大小:  3048
[18:22:59] 噪声水平: 0.0881
[18:22:59] 
动作统计:
[18:22:59]   wind      : mean= 0.224, std= 0.144
[18:22:59]   solar     : mean=-0.003, std= 0.544
[18:22:59]   diesel    : mean= 0.891, std= 0.111
[18:22:59]   battery   : mean= 0.942, std= 0.090
[18:22:59]   customer  : mean= 0.379, std= 0.237
[18:23:00] 
======================================================================
[18:23:00] Episode 118/200
[18:23:00] ======================================================================
[18:23:00] 总奖励:   -23.78 | 步数: 24
[18:23:00] 最近10个episodes平均:   -24.73
[18:23:00] 
各Agent奖励:
[18:23:00]   wind      :  117.850
[18:23:00]   solar     :   34.494
[18:23:00]   diesel    :    0.000
[18:23:00]   battery   :    0.000
[18:23:00]   customer  : -176.128
[18:23:00] 
🔌 Main Grid 交易:
[18:23:00]   进口电量:     0.00 kWh
[18:23:00]   出口电量:  2130.46 kWh
[18:23:00]   净交易量: -2130.46 kWh
[18:23:00]   平均出清价:  13.73 cents/kWh
[18:23:00]   市场独立度:  40.82%
[18:23:00] 
Buffer大小:  3072
[18:23:00] 噪声水平: 0.0880
[18:23:00] 
动作统计:
[18:23:00]   wind      : mean= 0.238, std= 0.136
[18:23:00]   solar     : mean=-0.024, std= 0.563
[18:23:00]   diesel    : mean= 0.887, std= 0.092
[18:23:00]   battery   : mean= 0.943, std= 0.085
[18:23:00]   customer  : mean= 0.285, std= 0.323
[18:23:01] 
======================================================================
[18:23:01] Episode 119/200
[18:23:01] ======================================================================
[18:23:01] 总奖励:   -54.00 | 步数: 24
[18:23:01] 最近10个episodes平均:   -30.33
[18:23:01] 
各Agent奖励:
[18:23:01]   wind      :   85.807
[18:23:01]   solar     :   28.710
[18:23:01]   diesel    :    0.000
[18:23:01]   battery   :    0.000
[18:23:01]   customer  : -168.519
[18:23:01] 
🔌 Main Grid 交易:
[18:23:01]   进口电量:    13.07 kWh
[18:23:01]   出口电量:  2377.13 kWh
[18:23:01]   净交易量: -2364.05 kWh
[18:23:01]   平均出清价:  11.56 cents/kWh
[18:23:01]   市场独立度:  33.61%
[18:23:01] 
Buffer大小:  3096
[18:23:01] 噪声水平: 0.0879
[18:23:01] 
动作统计:
[18:23:01]   wind      : mean= 0.223, std= 0.157
[18:23:01]   solar     : mean=-0.040, std= 0.546
[18:23:01]   diesel    : mean= 0.901, std= 0.082
[18:23:01]   battery   : mean= 0.942, std= 0.073
[18:23:01]   customer  : mean= 0.382, std= 0.314
[18:23:02] 
======================================================================
[18:23:02] Episode 120/200
[18:23:02] ======================================================================
[18:23:02] 总奖励:   -33.55 | 步数: 24
[18:23:02] 最近10个episodes平均:   -28.48
[18:23:02] 
各Agent奖励:
[18:23:02]   wind      :  105.677
[18:23:02]   solar     :   30.650
[18:23:02]   diesel    :    0.000
[18:23:02]   battery   :    0.000
[18:23:02]   customer  : -169.878
[18:23:02] 
🔌 Main Grid 交易:
[18:23:02]   进口电量:     0.00 kWh
[18:23:02]   出口电量:  2298.77 kWh
[18:23:02]   净交易量: -2298.77 kWh
[18:23:02]   平均出清价:  12.62 cents/kWh
[18:23:02]   市场独立度:  36.15%
[18:23:02] 
Buffer大小:  3120
[18:23:02] 噪声水平: 0.0878
[18:23:02] 
动作统计:
[18:23:02]   wind      : mean= 0.257, std= 0.165
[18:23:02]   solar     : mean=-0.039, std= 0.592
[18:23:02]   diesel    : mean= 0.902, std= 0.084
[18:23:02]   battery   : mean= 0.929, std= 0.093
[18:23:02]   customer  : mean= 0.305, std= 0.313
[18:23:02] 
📊 生成可视化图表...
[18:23:02]   ✓ debug_plots/training_ep0120.png
[18:23:03] 
======================================================================
[18:23:03] Episode 121/200
[18:23:03] ======================================================================
[18:23:03] 总奖励:   -52.62 | 步数: 24
[18:23:03] 最近10个episodes平均:   -30.39
[18:23:03] 
各Agent奖励:
[18:23:03]   wind      :   94.136
[18:23:03]   solar     :   30.200
[18:23:03]   diesel    :    0.000
[18:23:03]   battery   :    0.000
[18:23:03]   customer  : -176.955
[18:23:03] 
🔌 Main Grid 交易:
[18:23:03]   进口电量:     0.00 kWh
[18:23:03]   出口电量:  2421.69 kWh
[18:23:03]   净交易量: -2421.69 kWh
[18:23:03]   平均出清价:  13.54 cents/kWh
[18:23:03]   市场独立度:  32.73%
[18:23:03] 
Buffer大小:  3144
[18:23:03] 噪声水平: 0.0877
[18:23:03] 
动作统计:
[18:23:03]   wind      : mean= 0.261, std= 0.146
[18:23:03]   solar     : mean=-0.023, std= 0.534
[18:23:03]   diesel    : mean= 0.892, std= 0.099
[18:23:03]   battery   : mean= 0.930, std= 0.099
[18:23:03]   customer  : mean= 0.410, std= 0.349
[18:23:04] 
======================================================================
[18:23:04] Episode 122/200
[18:23:04] ======================================================================
[18:23:04] 总奖励:   -82.77 | 步数: 24
[18:23:04] 最近10个episodes平均:   -39.43
[18:23:04] 
各Agent奖励:
[18:23:04]   wind      :   73.628
[18:23:04]   solar     :   21.439
[18:23:04]   diesel    :    0.000
[18:23:04]   battery   :    0.000
[18:23:04]   customer  : -177.836
[18:23:04] 
🔌 Main Grid 交易:
[18:23:04]   进口电量:     0.00 kWh
[18:23:04]   出口电量:  1938.15 kWh
[18:23:04]   净交易量: -1938.15 kWh
[18:23:04]   平均出清价:  12.21 cents/kWh
[18:23:04]   市场独立度:  46.16%
[18:23:04] 
Buffer大小:  3168
[18:23:04] 噪声水平: 0.0876
[18:23:04] 
动作统计:
[18:23:04]   wind      : mean= 0.239, std= 0.136
[18:23:04]   solar     : mean=-0.025, std= 0.564
[18:23:04]   diesel    : mean= 0.900, std= 0.087
[18:23:04]   battery   : mean= 0.939, std= 0.103
[18:23:04]   customer  : mean= 0.477, std= 0.298
[18:23:05] 
======================================================================
[18:23:05] Episode 123/200
[18:23:05] ======================================================================
[18:23:05] 总奖励:   -58.70 | 步数: 24
[18:23:05] 最近10个episodes平均:   -41.39
[18:23:05] 
各Agent奖励:
[18:23:05]   wind      :   85.312
[18:23:05]   solar     :   15.484
[18:23:05]   diesel    :    0.000
[18:23:05]   battery   :    0.000
[18:23:05]   customer  : -159.495
[18:23:05] 
🔌 Main Grid 交易:
[18:23:05]   进口电量:     0.00 kWh
[18:23:05]   出口电量:  2296.21 kWh
[18:23:05]   净交易量: -2296.21 kWh
[18:23:05]   平均出清价:  10.27 cents/kWh
[18:23:05]   市场独立度:  36.22%
[18:23:05] 
Buffer大小:  3192
[18:23:05] 噪声水平: 0.0875
[18:23:05] 
动作统计:
[18:23:05]   wind      : mean= 0.268, std= 0.156
[18:23:05]   solar     : mean=-0.003, std= 0.518
[18:23:05]   diesel    : mean= 0.899, std= 0.084
[18:23:05]   battery   : mean= 0.934, std= 0.081
[18:23:05]   customer  : mean= 0.450, std= 0.308
[18:23:05] 
======================================================================
[18:23:05] Episode 124/200
[18:23:05] ======================================================================
[18:23:05] 总奖励:   -51.56 | 步数: 24
[18:23:05] 最近10个episodes平均:   -45.72
[18:23:05] 
各Agent奖励:
[18:23:05]   wind      :   95.510
[18:23:05]   solar     :   18.118
[18:23:05]   diesel    :    0.000
[18:23:05]   battery   :    0.000
[18:23:05]   customer  : -165.193
[18:23:05] 
🔌 Main Grid 交易:
[18:23:05]   进口电量:     0.00 kWh
[18:23:05]   出口电量:  2293.27 kWh
[18:23:05]   净交易量: -2293.27 kWh
[18:23:05]   平均出清价:  10.93 cents/kWh
[18:23:05]   市场独立度:  36.30%
[18:23:05] 
Buffer大小:  3216
[18:23:05] 噪声水平: 0.0875
[18:23:05] 
动作统计:
[18:23:05]   wind      : mean= 0.241, std= 0.130
[18:23:05]   solar     : mean=-0.011, std= 0.519
[18:23:05]   diesel    : mean= 0.913, std= 0.086
[18:23:05]   battery   : mean= 0.926, std= 0.097
[18:23:05]   customer  : mean= 0.419, std= 0.341
[18:23:06] 
======================================================================
[18:23:06] Episode 125/200
[18:23:06] ======================================================================
[18:23:06] 总奖励:   -81.63 | 步数: 24
[18:23:06] 最近10个episodes平均:   -52.86
[18:23:06] 
各Agent奖励:
[18:23:06]   wind      :   68.418
[18:23:06]   solar     :   22.860
[18:23:06]   diesel    :    0.000
[18:23:06]   battery   :    0.000
[18:23:06]   customer  : -172.911
[18:23:06] 
🔌 Main Grid 交易:
[18:23:06]   进口电量:     0.90 kWh
[18:23:06]   出口电量:  2501.65 kWh
[18:23:06]   净交易量: -2500.75 kWh
[18:23:06]   平均出清价:  11.28 cents/kWh
[18:23:06]   市场独立度:  30.48%
[18:23:06] 
Buffer大小:  3240
[18:23:06] 噪声水平: 0.0874
[18:23:06] 
动作统计:
[18:23:06]   wind      : mean= 0.238, std= 0.158
[18:23:06]   solar     : mean=-0.015, std= 0.566
[18:23:06]   diesel    : mean= 0.918, std= 0.086
[18:23:06]   battery   : mean= 0.939, std= 0.090
[18:23:06]   customer  : mean= 0.458, std= 0.304
[18:23:07] 
======================================================================
[18:23:07] Episode 126/200
[18:23:07] ======================================================================
[18:23:07] 总奖励:   -82.50 | 步数: 24
[18:23:07] 最近10个episodes平均:   -59.19
[18:23:07] 
各Agent奖励:
[18:23:07]   wind      :   76.768
[18:23:07]   solar     :   21.955
[18:23:07]   diesel    :    0.000
[18:23:07]   battery   :    0.000
[18:23:07]   customer  : -181.225
[18:23:07] 
🔌 Main Grid 交易:
[18:23:07]   进口电量:    13.02 kWh
[18:23:07]   出口电量:  2584.75 kWh
[18:23:07]   净交易量: -2571.73 kWh
[18:23:07]   平均出清价:  12.13 cents/kWh
[18:23:07]   市场独立度:  27.84%
[18:23:07] 
Buffer大小:  3264
[18:23:07] 噪声水平: 0.0873
[18:23:07] 
动作统计:
[18:23:07]   wind      : mean= 0.232, std= 0.172
[18:23:07]   solar     : mean= 0.007, std= 0.541
[18:23:07]   diesel    : mean= 0.911, std= 0.093
[18:23:07]   battery   : mean= 0.928, std= 0.098
[18:23:07]   customer  : mean= 0.474, std= 0.344
[18:23:08] 
======================================================================
[18:23:08] Episode 127/200
[18:23:08] ======================================================================
[18:23:08] 总奖励:   -69.51 | 步数: 24
[18:23:08] 最近10个episodes平均:   -59.06
[18:23:08] 
各Agent奖励:
[18:23:08]   wind      :   71.284
[18:23:08]   solar     :   19.825
[18:23:08]   diesel    :    0.000
[18:23:08]   battery   :    0.000
[18:23:08]   customer  : -160.623
[18:23:08] 
🔌 Main Grid 交易:
[18:23:08]   进口电量:     0.00 kWh
[18:23:08]   出口电量:  2315.92 kWh
[18:23:08]   净交易量: -2315.92 kWh
[18:23:08]   平均出清价:  10.61 cents/kWh
[18:23:08]   市场独立度:  35.67%
[18:23:08] 
Buffer大小:  3288
[18:23:08] 噪声水平: 0.0872
[18:23:08] 
动作统计:
[18:23:08]   wind      : mean= 0.218, std= 0.162
[18:23:08]   solar     : mean=-0.035, std= 0.545
[18:23:08]   diesel    : mean= 0.901, std= 0.088
[18:23:08]   battery   : mean= 0.928, std= 0.093
[18:23:08]   customer  : mean= 0.496, std= 0.321
[18:23:09] 
======================================================================
[18:23:09] Episode 128/200
[18:23:09] ======================================================================
[18:23:09] 总奖励:   -80.20 | 步数: 24
[18:23:09] 最近10个episodes平均:   -64.71
[18:23:09] 
各Agent奖励:
[18:23:09]   wind      :   83.083
[18:23:09]   solar     :   26.418
[18:23:09]   diesel    :    0.000
[18:23:09]   battery   :    0.000
[18:23:09]   customer  : -189.700
[18:23:09] 
🔌 Main Grid 交易:
[18:23:09]   进口电量:    20.59 kWh
[18:23:09]   出口电量:  2279.26 kWh
[18:23:09]   净交易量: -2258.67 kWh
[18:23:09]   平均出清价:  13.20 cents/kWh
[18:23:09]   市场独立度:  36.12%
[18:23:09] 
Buffer大小:  3312
[18:23:09] 噪声水平: 0.0871
[18:23:09] 
动作统计:
[18:23:09]   wind      : mean= 0.209, std= 0.173
[18:23:09]   solar     : mean= 0.013, std= 0.530
[18:23:09]   diesel    : mean= 0.890, std= 0.120
[18:23:09]   battery   : mean= 0.924, std= 0.115
[18:23:09]   customer  : mean= 0.501, std= 0.344
[18:23:10] 
======================================================================
[18:23:10] Episode 129/200
[18:23:10] ======================================================================
[18:23:10] 总奖励:   -85.43 | 步数: 24
[18:23:10] 最近10个episodes平均:   -67.85
[18:23:10] 
各Agent奖励:
[18:23:10]   wind      :   76.796
[18:23:10]   solar     :   21.735
[18:23:10]   diesel    :    0.000
[18:23:10]   battery   :    0.000
[18:23:10]   customer  : -183.960
[18:23:10] 
🔌 Main Grid 交易:
[18:23:10]   进口电量:     0.00 kWh
[18:23:10]   出口电量:  2465.48 kWh
[18:23:10]   净交易量: -2465.48 kWh
[18:23:10]   平均出清价:  12.19 cents/kWh
[18:23:10]   市场独立度:  31.51%
[18:23:10] 
Buffer大小:  3336
[18:23:10] 噪声水平: 0.0870
[18:23:10] 
动作统计:
[18:23:10]   wind      : mean= 0.254, std= 0.157
[18:23:10]   solar     : mean= 0.018, std= 0.558
[18:23:10]   diesel    : mean= 0.934, std= 0.068
[18:23:10]   battery   : mean= 0.943, std= 0.105
[18:23:10]   customer  : mean= 0.487, std= 0.354
[18:23:11] 
======================================================================
[18:23:11] Episode 130/200
[18:23:11] ======================================================================
[18:23:11] 总奖励:   -67.35 | 步数: 24
[18:23:11] 最近10个episodes平均:   -71.23
[18:23:11] 
各Agent奖励:
[18:23:11]   wind      :   73.214
[18:23:11]   solar     :   22.914
[18:23:11]   diesel    :    0.000
[18:23:11]   battery   :    0.000
[18:23:11]   customer  : -163.475
[18:23:11] 
🔌 Main Grid 交易:
[18:23:11]   进口电量:     8.64 kWh
[18:23:11]   出口电量:  2362.63 kWh
[18:23:11]   净交易量: -2353.99 kWh
[18:23:11]   平均出清价:  10.85 cents/kWh
[18:23:11]   市场独立度:  34.13%
[18:23:11] 
Buffer大小:  3360
[18:23:11] 噪声水平: 0.0869
[18:23:11] 
动作统计:
[18:23:11]   wind      : mean= 0.240, std= 0.162
[18:23:11]   solar     : mean= 0.018, std= 0.555
[18:23:11]   diesel    : mean= 0.911, std= 0.094
[18:23:11]   battery   : mean= 0.930, std= 0.085
[18:23:11]   customer  : mean= 0.468, std= 0.339
[18:23:11] 
📊 生成可视化图表...
[18:23:11]   ✓ debug_plots/training_ep0130.png
[18:23:12] 
======================================================================
[18:23:12] Episode 131/200
[18:23:12] ======================================================================
[18:23:12] 总奖励:   -66.60 | 步数: 24
[18:23:12] 最近10个episodes平均:   -72.63
[18:23:12] 
各Agent奖励:
[18:23:12]   wind      :   69.921
[18:23:12]   solar     :   18.379
[18:23:12]   diesel    :    0.000
[18:23:12]   battery   :    0.000
[18:23:12]   customer  : -154.904
[18:23:12] 
🔌 Main Grid 交易:
[18:23:12]   进口电量:     0.00 kWh
[18:23:12]   出口电量:  2718.68 kWh
[18:23:12]   净交易量: -2718.68 kWh
[18:23:12]   平均出清价:   9.77 cents/kWh
[18:23:12]   市场独立度:  24.48%
[18:23:12] 
Buffer大小:  3384
[18:23:12] 噪声水平: 0.0868
[18:23:12] 
动作统计:
[18:23:12]   wind      : mean= 0.247, std= 0.200
[18:23:12]   solar     : mean= 0.006, std= 0.589
[18:23:12]   diesel    : mean= 0.910, std= 0.083
[18:23:12]   battery   : mean= 0.916, std= 0.118
[18:23:12]   customer  : mean= 0.488, std= 0.342
[18:23:13] 
======================================================================
[18:23:13] Episode 132/200
[18:23:13] ======================================================================
[18:23:13] 总奖励:   -76.41 | 步数: 24
[18:23:13] 最近10个episodes平均:   -71.99
[18:23:13] 
各Agent奖励:
[18:23:13]   wind      :   68.874
[18:23:13]   solar     :   32.315
[18:23:13]   diesel    :    0.000
[18:23:13]   battery   :    0.000
[18:23:13]   customer  : -177.595
[18:23:13] 
🔌 Main Grid 交易:
[18:23:13]   进口电量:     0.00 kWh
[18:23:13]   出口电量:  2473.60 kWh
[18:23:13]   净交易量: -2473.60 kWh
[18:23:13]   平均出清价:  13.60 cents/kWh
[18:23:13]   市场独立度:  31.29%
[18:23:13] 
Buffer大小:  3408
[18:23:13] 噪声水平: 0.0868
[18:23:13] 
动作统计:
[18:23:13]   wind      : mean= 0.261, std= 0.159
[18:23:13]   solar     : mean= 0.013, std= 0.542
[18:23:13]   diesel    : mean= 0.919, std= 0.084
[18:23:13]   battery   : mean= 0.930, std= 0.087
[18:23:13]   customer  : mean= 0.474, std= 0.327
[18:23:14] 
======================================================================
[18:23:14] Episode 133/200
[18:23:14] ======================================================================
[18:23:14] 总奖励:  -106.56 | 步数: 24
[18:23:14] 最近10个episodes平均:   -76.78
[18:23:14] 
各Agent奖励:
[18:23:14]   wind      :   49.179
[18:23:14]   solar     :   24.947
[18:23:14]   diesel    :    0.000
[18:23:14]   battery   :    0.000
[18:23:14]   customer  : -180.687
[18:23:14] 
🔌 Main Grid 交易:
[18:23:14]   进口电量:    13.97 kWh
[18:23:14]   出口电量:  2433.09 kWh
[18:23:14]   净交易量: -2419.13 kWh
[18:23:14]   平均出清价:  12.11 cents/kWh
[18:23:14]   市场独立度:  32.03%
[18:23:14] 
Buffer大小:  3432
[18:23:14] 噪声水平: 0.0867
[18:23:14] 
动作统计:
[18:23:14]   wind      : mean= 0.236, std= 0.201
[18:23:14]   solar     : mean= 0.006, std= 0.549
[18:23:14]   diesel    : mean= 0.922, std= 0.083
[18:23:14]   battery   : mean= 0.907, std= 0.110
[18:23:14]   customer  : mean= 0.528, std= 0.337
[18:23:15] 
======================================================================
[18:23:15] Episode 134/200
[18:23:15] ======================================================================
[18:23:15] 总奖励:   -72.23 | 步数: 24
[18:23:15] 最近10个episodes平均:   -78.84
[18:23:15] 
各Agent奖励:
[18:23:15]   wind      :   71.980
[18:23:15]   solar     :   25.630
[18:23:15]   diesel    :    0.000
[18:23:15]   battery   :    0.000
[18:23:15]   customer  : -169.836
[18:23:15] 
🔌 Main Grid 交易:
[18:23:15]   进口电量:     0.00 kWh
[18:23:15]   出口电量:  2574.41 kWh
[18:23:15]   净交易量: -2574.41 kWh
[18:23:15]   平均出清价:  12.89 cents/kWh
[18:23:15]   市场独立度:  28.49%
[18:23:15] 
Buffer大小:  3456
[18:23:15] 噪声水平: 0.0866
[18:23:15] 
动作统计:
[18:23:15]   wind      : mean= 0.273, std= 0.155
[18:23:15]   solar     : mean= 0.007, std= 0.561
[18:23:15]   diesel    : mean= 0.919, std= 0.090
[18:23:15]   battery   : mean= 0.895, std= 0.113
[18:23:15]   customer  : mean= 0.507, std= 0.324
[18:23:16] 
======================================================================
[18:23:16] Episode 135/200
[18:23:16] ======================================================================
[18:23:16] 总奖励:   -74.09 | 步数: 24
[18:23:16] 最近10个episodes平均:   -78.09
[18:23:16] 
各Agent奖励:
[18:23:16]   wind      :   73.542
[18:23:16]   solar     :   24.581
[18:23:16]   diesel    :    0.000
[18:23:16]   battery   :    0.000
[18:23:16]   customer  : -172.209
[18:23:16] 
🔌 Main Grid 交易:
[18:23:16]   进口电量:     0.00 kWh
[18:23:16]   出口电量:  2633.11 kWh
[18:23:16]   净交易量: -2633.11 kWh
[18:23:16]   平均出清价:  11.94 cents/kWh
[18:23:16]   市场独立度:  26.86%
[18:23:16] 
Buffer大小:  3480
[18:23:16] 噪声水平: 0.0865
[18:23:16] 
动作统计:
[18:23:16]   wind      : mean= 0.244, std= 0.165
[18:23:16]   solar     : mean=-0.004, std= 0.534
[18:23:16]   diesel    : mean= 0.905, std= 0.117
[18:23:16]   battery   : mean= 0.857, std= 0.179
[18:23:16]   customer  : mean= 0.484, std= 0.311
[18:23:17] 
======================================================================
[18:23:17] Episode 136/200
[18:23:17] ======================================================================
[18:23:17] 总奖励:   -40.25 | 步数: 24
[18:23:17] 最近10个episodes平均:   -73.86
[18:23:17] 
各Agent奖励:
[18:23:17]   wind      :   82.859
[18:23:17]   solar     :   32.809
[18:23:17]   diesel    :    0.000
[18:23:17]   battery   :    0.000
[18:23:17]   customer  : -155.916
[18:23:17] 
🔌 Main Grid 交易:
[18:23:17]   进口电量:     0.00 kWh
[18:23:17]   出口电量:  2662.99 kWh
[18:23:17]   净交易量: -2662.99 kWh
[18:23:17]   平均出清价:  11.92 cents/kWh
[18:23:17]   市场独立度:  26.03%
[18:23:17] 
Buffer大小:  3504
[18:23:17] 噪声水平: 0.0864
[18:23:17] 
动作统计:
[18:23:17]   wind      : mean= 0.255, std= 0.170
[18:23:17]   solar     : mean= 0.011, std= 0.575
[18:23:17]   diesel    : mean= 0.900, std= 0.099
[18:23:17]   battery   : mean= 0.750, std= 0.339
[18:23:17]   customer  : mean= 0.507, std= 0.312
[18:23:18] 
======================================================================
[18:23:18] Episode 137/200
[18:23:18] ======================================================================
[18:23:18] 总奖励:   -44.31 | 步数: 24
[18:23:18] 最近10个episodes平均:   -71.34
[18:23:18] 
各Agent奖励:
[18:23:18]   wind      :   91.644
[18:23:18]   solar     :   22.023
[18:23:18]   diesel    :    0.000
[18:23:18]   battery   :    0.000
[18:23:18]   customer  : -157.975
[18:23:18] 
🔌 Main Grid 交易:
[18:23:18]   进口电量:     0.00 kWh
[18:23:18]   出口电量:  2588.53 kWh
[18:23:18]   净交易量: -2588.53 kWh
[18:23:18]   平均出清价:  11.40 cents/kWh
[18:23:18]   市场独立度:  28.10%
[18:23:18] 
Buffer大小:  3528
[18:23:18] 噪声水平: 0.0863
[18:23:18] 
动作统计:
[18:23:18]   wind      : mean= 0.249, std= 0.200
[18:23:18]   solar     : mean= 0.008, std= 0.513
[18:23:18]   diesel    : mean= 0.903, std= 0.083
[18:23:18]   battery   : mean= 0.630, std= 0.493
[18:23:18]   customer  : mean= 0.436, std= 0.341
[18:23:19] 
======================================================================
[18:23:19] Episode 138/200
[18:23:19] ======================================================================
[18:23:19] 总奖励:   -96.63 | 步数: 24
[18:23:19] 最近10个episodes平均:   -72.98
[18:23:19] 
各Agent奖励:
[18:23:19]   wind      :   49.922
[18:23:19]   solar     :   21.021
[18:23:19]   diesel    :    0.000
[18:23:19]   battery   :    0.000
[18:23:19]   customer  : -167.569
[18:23:19] 
🔌 Main Grid 交易:
[18:23:19]   进口电量:    11.62 kWh
[18:23:19]   出口电量:  2498.10 kWh
[18:23:19]   净交易量: -2486.48 kWh
[18:23:19]   平均出清价:  10.90 cents/kWh
[18:23:19]   市场独立度:  30.29%
[18:23:19] 
Buffer大小:  3552
[18:23:19] 噪声水平: 0.0862
[18:23:19] 
动作统计:
[18:23:19]   wind      : mean= 0.237, std= 0.172
[18:23:19]   solar     : mean=-0.004, std= 0.518
[18:23:19]   diesel    : mean= 0.888, std= 0.105
[18:23:19]   battery   : mean= 0.499, std= 0.622
[18:23:19]   customer  : mean= 0.499, std= 0.315
[18:23:20] 
======================================================================
[18:23:20] Episode 139/200
[18:23:20] ======================================================================
[18:23:20] 总奖励:   -37.73 | 步数: 24
[18:23:20] 最近10个episodes平均:   -68.21
[18:23:20] 
各Agent奖励:
[18:23:20]   wind      :  101.091
[18:23:20]   solar     :   24.121
[18:23:20]   diesel    :    0.000
[18:23:20]   battery   :    0.000
[18:23:20]   customer  : -162.947
[18:23:20] 
🔌 Main Grid 交易:
[18:23:20]   进口电量:     0.00 kWh
[18:23:20]   出口电量:  2514.96 kWh
[18:23:20]   净交易量: -2514.96 kWh
[18:23:20]   平均出清价:  11.85 cents/kWh
[18:23:20]   市场独立度:  30.14%
[18:23:20] 
Buffer大小:  3576
[18:23:20] 噪声水平: 0.0862
[18:23:20] 
动作统计:
[18:23:20]   wind      : mean= 0.222, std= 0.184
[18:23:20]   solar     : mean= 0.003, std= 0.510
[18:23:20]   diesel    : mean= 0.894, std= 0.118
[18:23:20]   battery   : mean= 0.349, std= 0.729
[18:23:20]   customer  : mean= 0.391, std= 0.374
[18:23:21] 
======================================================================
[18:23:21] Episode 140/200
[18:23:21] ======================================================================
[18:23:21] 总奖励:   -63.61 | 步数: 24
[18:23:21] 最近10个episodes平均:   -67.84
[18:23:21] 
各Agent奖励:
[18:23:21]   wind      :   76.797
[18:23:21]   solar     :   16.572
[18:23:21]   diesel    :    0.000
[18:23:21]   battery   :    0.000
[18:23:21]   customer  : -156.984
[18:23:21] 
🔌 Main Grid 交易:
[18:23:21]   进口电量:     0.00 kWh
[18:23:21]   出口电量:  2280.91 kWh
[18:23:21]   净交易量: -2280.91 kWh
[18:23:21]   平均出清价:   9.59 cents/kWh
[18:23:21]   市场独立度:  36.64%
[18:23:21] 
Buffer大小:  3600
[18:23:21] 噪声水平: 0.0861
[18:23:21] 
动作统计:
[18:23:21]   wind      : mean= 0.232, std= 0.155
[18:23:21]   solar     : mean=-0.059, std= 0.501
[18:23:21]   diesel    : mean= 0.865, std= 0.164
[18:23:21]   battery   : mean= 0.197, std= 0.803
[18:23:21]   customer  : mean= 0.516, std= 0.323
[18:23:21] 
📊 生成可视化图表...
[18:23:21]   ✓ debug_plots/training_ep0140.png
[18:23:22] 
======================================================================
[18:23:22] Episode 141/200
[18:23:22] ======================================================================
[18:23:22] 总奖励:   -62.96 | 步数: 24
[18:23:22] 最近10个episodes平均:   -67.48
[18:23:22] 
各Agent奖励:
[18:23:22]   wind      :   87.408
[18:23:22]   solar     :   25.018
[18:23:22]   diesel    :    0.000
[18:23:22]   battery   :    0.000
[18:23:22]   customer  : -175.386
[18:23:22] 
🔌 Main Grid 交易:
[18:23:22]   进口电量:     0.00 kWh
[18:23:22]   出口电量:  2004.46 kWh
[18:23:22]   净交易量: -2004.46 kWh
[18:23:22]   平均出清价:  12.88 cents/kWh
[18:23:22]   市场独立度:  44.32%
[18:23:22] 
Buffer大小:  3624
[18:23:22] 噪声水平: 0.0860
[18:23:22] 
动作统计:
[18:23:22]   wind      : mean= 0.268, std= 0.153
[18:23:22]   solar     : mean=-0.009, std= 0.522
[18:23:22]   diesel    : mean= 0.852, std= 0.164
[18:23:22]   battery   : mean= 0.124, std= 0.794
[18:23:22]   customer  : mean= 0.456, std= 0.322
[18:23:23] 
======================================================================
[18:23:23] Episode 142/200
[18:23:23] ======================================================================
[18:23:23] 总奖励:   -75.51 | 步数: 24
[18:23:23] 最近10个episodes平均:   -67.39
[18:23:23] 
各Agent奖励:
[18:23:23]   wind      :   62.406
[18:23:23]   solar     :   28.438
[18:23:23]   diesel    :    0.000
[18:23:23]   battery   :    0.000
[18:23:23]   customer  : -166.356
[18:23:23] 
🔌 Main Grid 交易:
[18:23:23]   进口电量:    12.18 kWh
[18:23:23]   出口电量:  1923.92 kWh
[18:23:23]   净交易量: -1911.74 kWh
[18:23:23]   平均出清价:  11.90 cents/kWh
[18:23:23]   市场独立度:  46.22%
[18:23:23] 
Buffer大小:  3648
[18:23:23] 噪声水平: 0.0859
[18:23:23] 
动作统计:
[18:23:23]   wind      : mean= 0.234, std= 0.185
[18:23:23]   solar     : mean=-0.021, std= 0.520
[18:23:23]   diesel    : mean= 0.822, std= 0.212
[18:23:23]   battery   : mean= 0.044, std= 0.809
[18:23:23]   customer  : mean= 0.470, std= 0.342
[18:23:24] 
======================================================================
[18:23:24] Episode 143/200
[18:23:24] ======================================================================
[18:23:24] 总奖励:   -81.12 | 步数: 24
[18:23:24] 最近10个episodes平均:   -64.84
[18:23:24] 
各Agent奖励:
[18:23:24]   wind      :   80.178
[18:23:24]   solar     :   20.191
[18:23:24]   diesel    :    0.000
[18:23:24]   battery   :    0.000
[18:23:24]   customer  : -181.484
[18:23:24] 
🔌 Main Grid 交易:
[18:23:24]   进口电量:    26.02 kWh
[18:23:24]   出口电量:  2033.23 kWh
[18:23:24]   净交易量: -2007.21 kWh
[18:23:24]   平均出清价:  11.90 cents/kWh
[18:23:24]   市场独立度:  42.80%
[18:23:24] 
Buffer大小:  3672
[18:23:24] 噪声水平: 0.0858
[18:23:24] 
动作统计:
[18:23:24]   wind      : mean= 0.232, std= 0.191
[18:23:24]   solar     : mean= 0.021, std= 0.530
[18:23:24]   diesel    : mean= 0.808, std= 0.197
[18:23:24]   battery   : mean= 0.009, std= 0.792
[18:23:24]   customer  : mean= 0.509, std= 0.362
[18:23:25] 
======================================================================
[18:23:25] Episode 144/200
[18:23:25] ======================================================================
[18:23:25] 总奖励:   -64.31 | 步数: 24
[18:23:25] 最近10个episodes平均:   -64.05
[18:23:25] 
各Agent奖励:
[18:23:25]   wind      :   85.287
[18:23:25]   solar     :   29.205
[18:23:25]   diesel    :    0.000
[18:23:25]   battery   :    0.000
[18:23:25]   customer  : -178.803
[18:23:25] 
🔌 Main Grid 交易:
[18:23:25]   进口电量:    17.92 kWh
[18:23:25]   出口电量:  2215.51 kWh
[18:23:25]   净交易量: -2197.59 kWh
[18:23:25]   平均出清价:  13.12 cents/kWh
[18:23:25]   市场独立度:  37.96%
[18:23:25] 
Buffer大小:  3696
[18:23:25] 噪声水平: 0.0857
[18:23:25] 
动作统计:
[18:23:25]   wind      : mean= 0.261, std= 0.165
[18:23:25]   solar     : mean= 0.032, std= 0.527
[18:23:25]   diesel    : mean= 0.816, std= 0.182
[18:23:25]   battery   : mean=-0.045, std= 0.762
[18:23:25]   customer  : mean= 0.477, std= 0.372
[18:23:26] 
======================================================================
[18:23:26] Episode 145/200
[18:23:26] ======================================================================
[18:23:26] 总奖励:   -59.71 | 步数: 24
[18:23:26] 最近10个episodes平均:   -62.61
[18:23:26] 
各Agent奖励:
[18:23:26]   wind      :   78.891
[18:23:26]   solar     :   40.904
[18:23:26]   diesel    :    0.000
[18:23:26]   battery   :    0.000
[18:23:26]   customer  : -179.509
[18:23:26] 
🔌 Main Grid 交易:
[18:23:26]   进口电量:    31.77 kWh
[18:23:26]   出口电量:  1922.35 kWh
[18:23:26]   净交易量: -1890.59 kWh
[18:23:26]   平均出清价:  15.18 cents/kWh
[18:23:26]   市场独立度:  45.72%
[18:23:26] 
Buffer大小:  3720
[18:23:26] 噪声水平: 0.0856
[18:23:26] 
动作统计:
[18:23:26]   wind      : mean= 0.311, std= 0.161
[18:23:26]   solar     : mean= 0.046, std= 0.534
[18:23:26]   diesel    : mean= 0.813, std= 0.240
[18:23:26]   battery   : mean=-0.087, std= 0.762
[18:23:26]   customer  : mean= 0.453, std= 0.355
[18:23:27] 
======================================================================
[18:23:27] Episode 146/200
[18:23:27] ======================================================================
[18:23:27] 总奖励:   -46.25 | 步数: 24
[18:23:27] 最近10个episodes平均:   -63.21
[18:23:27] 
各Agent奖励:
[18:23:27]   wind      :   98.113
[18:23:27]   solar     :   31.870
[18:23:27]   diesel    :    0.000
[18:23:27]   battery   :    0.000
[18:23:27]   customer  : -176.233
[18:23:27] 
🔌 Main Grid 交易:
[18:23:27]   进口电量:    22.66 kWh
[18:23:27]   出口电量:  1873.37 kWh
[18:23:27]   净交易量: -1850.71 kWh
[18:23:27]   平均出清价:  13.78 cents/kWh
[18:23:27]   市场独立度:  47.33%
[18:23:27] 
Buffer大小:  3744
[18:23:27] 噪声水平: 0.0855
[18:23:27] 
动作统计:
[18:23:27]   wind      : mean= 0.294, std= 0.189
[18:23:27]   solar     : mean= 0.066, std= 0.583
[18:23:27]   diesel    : mean= 0.765, std= 0.288
[18:23:27]   battery   : mean=-0.100, std= 0.726
[18:23:27]   customer  : mean= 0.450, std= 0.414
[18:23:28] 
======================================================================
[18:23:28] Episode 147/200
[18:23:28] ======================================================================
[18:23:28] 总奖励:   -71.33 | 步数: 24
[18:23:28] 最近10个episodes平均:   -65.92
[18:23:28] 
各Agent奖励:
[18:23:28]   wind      :   79.683
[18:23:28]   solar     :   23.689
[18:23:28]   diesel    :    0.000
[18:23:28]   battery   :    1.598
[18:23:28]   customer  : -176.299
[18:23:28] 
🔌 Main Grid 交易:
[18:23:28]   进口电量:   115.76 kWh
[18:23:28]   出口电量:  1908.28 kWh
[18:23:28]   净交易量: -1792.51 kWh
[18:23:28]   平均出清价:  12.66 cents/kWh
[18:23:28]   市场独立度:  43.78%
[18:23:28] 
Buffer大小:  3768
[18:23:28] 噪声水平: 0.0855
[18:23:28] 
动作统计:
[18:23:28]   wind      : mean= 0.253, std= 0.189
[18:23:28]   solar     : mean= 0.067, std= 0.528
[18:23:28]   diesel    : mean= 0.651, std= 0.421
[18:23:28]   battery   : mean=-0.111, std= 0.717
[18:23:28]   customer  : mean= 0.489, std= 0.421
[18:23:29] 
======================================================================
[18:23:29] Episode 148/200
[18:23:29] ======================================================================
[18:23:29] 总奖励:   -58.20 | 步数: 24
[18:23:29] 最近10个episodes平均:   -62.07
[18:23:29] 
各Agent奖励:
[18:23:29]   wind      :   83.215
[18:23:29]   solar     :   27.434
[18:23:29]   diesel    :    0.000
[18:23:29]   battery   :    0.117
[18:23:29]   customer  : -168.963
[18:23:29] 
🔌 Main Grid 交易:
[18:23:29]   进口电量:    61.34 kWh
[18:23:29]   出口电量:  1504.03 kWh
[18:23:29]   净交易量: -1442.69 kWh
[18:23:29]   平均出清价:  12.59 cents/kWh
[18:23:29]   市场独立度:  56.52%
[18:23:29] 
Buffer大小:  3792
[18:23:29] 噪声水平: 0.0854
[18:23:29] 
动作统计:
[18:23:29]   wind      : mean= 0.275, std= 0.195
[18:23:29]   solar     : mean= 0.022, std= 0.559
[18:23:29]   diesel    : mean= 0.514, std= 0.554
[18:23:29]   battery   : mean=-0.129, std= 0.677
[18:23:29]   customer  : mean= 0.456, std= 0.410
[18:23:29] 
======================================================================
[18:23:29] Episode 149/200
[18:23:29] ======================================================================
[18:23:29] 总奖励:   -59.62 | 步数: 24
[18:23:29] 最近10个episodes平均:   -64.26
[18:23:29] 
各Agent奖励:
[18:23:29]   wind      :   91.279
[18:23:29]   solar     :   27.004
[18:23:29]   diesel    :    0.000
[18:23:29]   battery   :    0.000
[18:23:29]   customer  : -177.899
[18:23:29] 
🔌 Main Grid 交易:
[18:23:29]   进口电量:   229.20 kWh
[18:23:29]   出口电量:  1201.13 kWh
[18:23:29]   净交易量:  -971.93 kWh
[18:23:29]   平均出清价:  14.61 cents/kWh
[18:23:29]   市场独立度:  60.27%
[18:23:29] 
Buffer大小:  3816
[18:23:29] 噪声水平: 0.0853
[18:23:29] 
动作统计:
[18:23:29]   wind      : mean= 0.269, std= 0.227
[18:23:29]   solar     : mean= 0.057, std= 0.537
[18:23:29]   diesel    : mean= 0.449, std= 0.657
[18:23:29]   battery   : mean=-0.117, std= 0.695
[18:23:29]   customer  : mean= 0.472, std= 0.398
[18:23:30] 
======================================================================
[18:23:30] Episode 150/200
[18:23:30] ======================================================================
[18:23:30] 总奖励:   -56.09 | 步数: 24
[18:23:30] 最近10个episodes平均:   -63.51
[18:23:30] 
各Agent奖励:
[18:23:30]   wind      :   91.545
[18:23:30]   solar     :   25.944
[18:23:30]   diesel    :    0.000
[18:23:30]   battery   :    1.316
[18:23:30]   customer  : -174.891
[18:23:30] 
🔌 Main Grid 交易:
[18:23:30]   进口电量:   206.53 kWh
[18:23:30]   出口电量:  1614.10 kWh
[18:23:30]   净交易量: -1407.57 kWh
[18:23:30]   平均出清价:  13.88 cents/kWh
[18:23:30]   市场独立度:  49.43%
[18:23:30] 
Buffer大小:  3840
[18:23:30] 噪声水平: 0.0852
[18:23:30] 
动作统计:
[18:23:30]   wind      : mean= 0.268, std= 0.148
[18:23:30]   solar     : mean= 0.081, std= 0.519
[18:23:30]   diesel    : mean= 0.409, std= 0.666
[18:23:30]   battery   : mean=-0.102, std= 0.740
[18:23:30]   customer  : mean= 0.489, std= 0.449
[18:23:30] 
📊 生成可视化图表...
[18:23:31]   ✓ debug_plots/training_ep0150.png
[18:23:31] 💾 保存checkpoint: debug_checkpoints/debug_maddpg_20251203_182110_ep0150.pt
[18:23:32] 
======================================================================
[18:23:32] Episode 151/200
[18:23:32] ======================================================================
[18:23:32] 总奖励:   -46.83 | 步数: 24
[18:23:32] 最近10个episodes平均:   -61.90
[18:23:32] 
各Agent奖励:
[18:23:32]   wind      :  102.504
[18:23:32]   solar     :   28.473
[18:23:32]   diesel    :    0.000
[18:23:32]   battery   :    0.665
[18:23:32]   customer  : -178.470
[18:23:32] 
🔌 Main Grid 交易:
[18:23:32]   进口电量:   191.77 kWh
[18:23:32]   出口电量:  1391.86 kWh
[18:23:32]   净交易量: -1200.09 kWh
[18:23:32]   平均出清价:  14.12 cents/kWh
[18:23:32]   市场独立度:  56.01%
[18:23:32] 
Buffer大小:  3864
[18:23:32] 噪声水平: 0.0851
[18:23:32] 
动作统计:
[18:23:32]   wind      : mean= 0.271, std= 0.172
[18:23:32]   solar     : mean= 0.080, std= 0.538
[18:23:32]   diesel    : mean= 0.405, std= 0.706
[18:23:32]   battery   : mean=-0.068, std= 0.727
[18:23:32]   customer  : mean= 0.483, std= 0.420
[18:23:33] 
======================================================================
[18:23:33] Episode 152/200
[18:23:33] ======================================================================
[18:23:33] 总奖励:   -61.58 | 步数: 24
[18:23:33] 最近10个episodes平均:   -60.50
[18:23:33] 
各Agent奖励:
[18:23:33]   wind      :   87.647
[18:23:33]   solar     :   26.711
[18:23:33]   diesel    :    0.000
[18:23:33]   battery   :    0.000
[18:23:33]   customer  : -175.940
[18:23:33] 
🔌 Main Grid 交易:
[18:23:33]   进口电量:   136.12 kWh
[18:23:33]   出口电量:  1173.54 kWh
[18:23:33]   净交易量: -1037.43 kWh
[18:23:33]   平均出清价:  12.76 cents/kWh
[18:23:33]   市场独立度:  63.62%
[18:23:33] 
Buffer大小:  3888
[18:23:33] 噪声水平: 0.0850
[18:23:33] 
动作统计:
[18:23:33]   wind      : mean= 0.256, std= 0.170
[18:23:33]   solar     : mean= 0.085, std= 0.503
[18:23:33]   diesel    : mean= 0.376, std= 0.743
[18:23:33]   battery   : mean=-0.045, std= 0.706
[18:23:33]   customer  : mean= 0.452, std= 0.385
[18:23:34] 
======================================================================
[18:23:34] Episode 153/200
[18:23:34] ======================================================================
[18:23:34] 总奖励:   -88.18 | 步数: 24
[18:23:34] 最近10个episodes平均:   -61.21
[18:23:34] 
各Agent奖励:
[18:23:34]   wind      :   77.074
[18:23:34]   solar     :   26.872
[18:23:34]   diesel    :    0.000
[18:23:34]   battery   :   -0.355
[18:23:34]   customer  : -191.776
[18:23:34] 
🔌 Main Grid 交易:
[18:23:34]   进口电量:   342.10 kWh
[18:23:34]   出口电量:  1410.81 kWh
[18:23:34]   净交易量: -1068.72 kWh
[18:23:34]   平均出清价:  14.42 cents/kWh
[18:23:34]   市场独立度:  51.31%
[18:23:34] 
Buffer大小:  3912
[18:23:34] 噪声水平: 0.0850
[18:23:34] 
动作统计:
[18:23:34]   wind      : mean= 0.249, std= 0.171
[18:23:34]   solar     : mean= 0.066, std= 0.479
[18:23:34]   diesel    : mean= 0.376, std= 0.738
[18:23:34]   battery   : mean=-0.042, std= 0.735
[18:23:34]   customer  : mean= 0.464, std= 0.414
[18:23:35] 
======================================================================
[18:23:35] Episode 154/200
[18:23:35] ======================================================================
[18:23:35] 总奖励:   -79.33 | 步数: 24
[18:23:35] 最近10个episodes平均:   -62.71
[18:23:35] 
各Agent奖励:
[18:23:35]   wind      :   93.304
[18:23:35]   solar     :   24.265
[18:23:35]   diesel    :    0.000
[18:23:35]   battery   :    1.895
[18:23:35]   customer  : -198.795
[18:23:35] 
🔌 Main Grid 交易:
[18:23:35]   进口电量:   237.90 kWh
[18:23:35]   出口电量:  1433.91 kWh
[18:23:35]   净交易量: -1196.00 kWh
[18:23:35]   平均出清价:  16.17 cents/kWh
[18:23:35]   市场独立度:  53.56%
[18:23:35] 
Buffer大小:  3936
[18:23:35] 噪声水平: 0.0849
[18:23:35] 
动作统计:
[18:23:35]   wind      : mean= 0.304, std= 0.173
[18:23:35]   solar     : mean= 0.107, std= 0.481
[18:23:35]   diesel    : mean= 0.375, std= 0.731
[18:23:35]   battery   : mean=-0.000, std= 0.726
[18:23:35]   customer  : mean= 0.455, std= 0.437
[18:23:36] 
======================================================================
[18:23:36] Episode 155/200
[18:23:36] ======================================================================
[18:23:36] 总奖励:   -54.73 | 步数: 24
[18:23:36] 最近10个episodes平均:   -62.21
[18:23:36] 
各Agent奖励:
[18:23:36]   wind      :   91.563
[18:23:36]   solar     :   31.416
[18:23:36]   diesel    :    0.000
[18:23:36]   battery   :    1.361
[18:23:36]   customer  : -179.069
[18:23:36] 
🔌 Main Grid 交易:
[18:23:36]   进口电量:   255.82 kWh
[18:23:36]   出口电量:  1237.44 kWh
[18:23:36]   净交易量:  -981.61 kWh
[18:23:36]   平均出清价:  14.92 cents/kWh
[18:23:36]   市场独立度:  58.52%
[18:23:36] 
Buffer大小:  3960
[18:23:36] 噪声水平: 0.0848
[18:23:36] 
动作统计:
[18:23:36]   wind      : mean= 0.272, std= 0.189
[18:23:36]   solar     : mean= 0.054, std= 0.456
[18:23:36]   diesel    : mean= 0.338, std= 0.753
[18:23:36]   battery   : mean= 0.009, std= 0.742
[18:23:36]   customer  : mean= 0.456, std= 0.475
[18:23:37] 
======================================================================
[18:23:37] Episode 156/200
[18:23:37] ======================================================================
[18:23:37] 总奖励:   -52.06 | 步数: 24
[18:23:37] 最近10个episodes平均:   -62.79
[18:23:37] 
各Agent奖励:
[18:23:37]   wind      :  108.505
[18:23:37]   solar     :   39.297
[18:23:37]   diesel    :    0.000
[18:23:37]   battery   :    1.158
[18:23:37]   customer  : -201.016
[18:23:37] 
🔌 Main Grid 交易:
[18:23:37]   进口电量:   280.78 kWh
[18:23:37]   出口电量:  1332.48 kWh
[18:23:37]   净交易量: -1051.70 kWh
[18:23:37]   平均出清价:  15.97 cents/kWh
[18:23:37]   市场独立度:  55.19%
[18:23:37] 
Buffer大小:  3984
[18:23:37] 噪声水平: 0.0847
[18:23:37] 
动作统计:
[18:23:37]   wind      : mean= 0.293, std= 0.165
[18:23:37]   solar     : mean= 0.090, std= 0.474
[18:23:37]   diesel    : mean= 0.419, std= 0.679
[18:23:37]   battery   : mean= 0.053, std= 0.722
[18:23:37]   customer  : mean= 0.376, std= 0.478
[18:23:38] 
======================================================================
[18:23:38] Episode 157/200
[18:23:38] ======================================================================
[18:23:38] 总奖励:   -71.83 | 步数: 24
[18:23:38] 最近10个episodes平均:   -62.84
[18:23:38] 
各Agent奖励:
[18:23:38]   wind      :   83.971
[18:23:38]   solar     :   28.172
[18:23:38]   diesel    :    0.000
[18:23:38]   battery   :    1.396
[18:23:38]   customer  : -185.369
[18:23:38] 
🔌 Main Grid 交易:
[18:23:38]   进口电量:   120.19 kWh
[18:23:38]   出口电量:  1373.24 kWh
[18:23:38]   净交易量: -1253.06 kWh
[18:23:38]   平均出清价:  14.47 cents/kWh
[18:23:38]   市场独立度:  58.52%
[18:23:38] 
Buffer大小:  4008
[18:23:38] 噪声水平: 0.0846
[18:23:38] 
动作统计:
[18:23:38]   wind      : mean= 0.287, std= 0.167
[18:23:38]   solar     : mean= 0.086, std= 0.488
[18:23:38]   diesel    : mean= 0.346, std= 0.765
[18:23:38]   battery   : mean= 0.026, std= 0.754
[18:23:38]   customer  : mean= 0.391, std= 0.468
[18:23:39] 
======================================================================
[18:23:39] Episode 158/200
[18:23:39] ======================================================================
[18:23:39] 总奖励:   -22.31 | 步数: 24
[18:23:39] 最近10个episodes平均:   -59.26
[18:23:39] 
各Agent奖励:
[18:23:39]   wind      :  117.955
[18:23:39]   solar     :   29.407
[18:23:39]   diesel    :    0.000
[18:23:39]   battery   :    1.590
[18:23:39]   customer  : -171.264
[18:23:39] 
🔌 Main Grid 交易:
[18:23:39]   进口电量:   196.64 kWh
[18:23:39]   出口电量:  1597.65 kWh
[18:23:39]   净交易量: -1401.02 kWh
[18:23:39]   平均出清价:  14.67 cents/kWh
[18:23:39]   市场独立度:  50.16%
[18:23:39] 
Buffer大小:  4032
[18:23:39] 噪声水平: 0.0845
[18:23:39] 
动作统计:
[18:23:39]   wind      : mean= 0.273, std= 0.170
[18:23:39]   solar     : mean= 0.082, std= 0.459
[18:23:39]   diesel    : mean= 0.339, std= 0.749
[18:23:39]   battery   : mean= 0.017, std= 0.747
[18:23:39]   customer  : mean= 0.384, std= 0.472
[18:23:40] 
======================================================================
[18:23:40] Episode 159/200
[18:23:40] ======================================================================
[18:23:40] 总奖励:  -100.05 | 步数: 24
[18:23:40] 最近10个episodes平均:   -63.30
[18:23:40] 
各Agent奖励:
[18:23:40]   wind      :   68.042
[18:23:40]   solar     :   24.814
[18:23:40]   diesel    :    0.000
[18:23:40]   battery   :    0.594
[18:23:40]   customer  : -193.497
[18:23:40] 
🔌 Main Grid 交易:
[18:23:40]   进口电量:   325.95 kWh
[18:23:40]   出口电量:  1322.59 kWh
[18:23:40]   净交易量:  -996.64 kWh
[18:23:40]   平均出清价:  13.98 cents/kWh
[18:23:40]   市场独立度:  54.21%
[18:23:40] 
Buffer大小:  4056
[18:23:40] 噪声水平: 0.0844
[18:23:40] 
动作统计:
[18:23:40]   wind      : mean= 0.251, std= 0.171
[18:23:40]   solar     : mean= 0.031, std= 0.496
[18:23:40]   diesel    : mean= 0.302, std= 0.805
[18:23:40]   battery   : mean=-0.001, std= 0.763
[18:23:40]   customer  : mean= 0.420, std= 0.461
[18:23:41] 
======================================================================
[18:23:41] Episode 160/200
[18:23:41] ======================================================================
[18:23:41] 总奖励:   -77.42 | 步数: 24
[18:23:41] 最近10个episodes平均:   -65.43
[18:23:41] 
各Agent奖励:
[18:23:41]   wind      :   77.589
[18:23:41]   solar     :   35.465
[18:23:41]   diesel    :    0.000
[18:23:41]   battery   :    1.284
[18:23:41]   customer  : -191.756
[18:23:41] 
🔌 Main Grid 交易:
[18:23:41]   进口电量:   290.34 kWh
[18:23:41]   出口电量:  1438.38 kWh
[18:23:41]   净交易量: -1148.04 kWh
[18:23:41]   平均出清价:  15.54 cents/kWh
[18:23:41]   市场独立度:  51.98%
[18:23:41] 
Buffer大小:  4080
[18:23:41] 噪声水平: 0.0844
[18:23:41] 
动作统计:
[18:23:41]   wind      : mean= 0.304, std= 0.173
[18:23:41]   solar     : mean= 0.052, std= 0.503
[18:23:41]   diesel    : mean= 0.313, std= 0.803
[18:23:41]   battery   : mean=-0.004, std= 0.772
[18:23:41]   customer  : mean= 0.395, std= 0.405
[18:23:41] 
📊 生成可视化图表...
[18:23:42]   ✓ debug_plots/training_ep0160.png
[18:23:43] 
======================================================================
[18:23:43] Episode 161/200
[18:23:43] ======================================================================
[18:23:43] 总奖励:   -45.32 | 步数: 24
[18:23:43] 最近10个episodes平均:   -65.28
[18:23:43] 
各Agent奖励:
[18:23:43]   wind      :  104.246
[18:23:43]   solar     :   30.914
[18:23:43]   diesel    :    0.000
[18:23:43]   battery   :    0.502
[18:23:43]   customer  : -180.987
[18:23:43] 
🔌 Main Grid 交易:
[18:23:43]   进口电量:   146.77 kWh
[18:23:43]   出口电量:  1483.77 kWh
[18:23:43]   净交易量: -1337.00 kWh
[18:23:43]   平均出清价:  14.24 cents/kWh
[18:23:43]   市场独立度:  54.71%
[18:23:43] 
Buffer大小:  4104
[18:23:43] 噪声水平: 0.0843
[18:23:43] 
动作统计:
[18:23:43]   wind      : mean= 0.297, std= 0.199
[18:23:43]   solar     : mean= 0.025, std= 0.483
[18:23:43]   diesel    : mean= 0.324, std= 0.774
[18:23:43]   battery   : mean= 0.028, std= 0.773
[18:23:43]   customer  : mean= 0.407, std= 0.449
[18:23:43] 
======================================================================
[18:23:43] Episode 162/200
[18:23:43] ======================================================================
[18:23:43] 总奖励:   -45.81 | 步数: 24
[18:23:43] 最近10个episodes平均:   -63.70
[18:23:43] 
各Agent奖励:
[18:23:43]   wind      :  105.376
[18:23:43]   solar     :   28.849
[18:23:43]   diesel    :    0.000
[18:23:43]   battery   :    1.397
[18:23:43]   customer  : -181.430
[18:23:43] 
🔌 Main Grid 交易:
[18:23:43]   进口电量:   228.59 kWh
[18:23:43]   出口电量:  1534.06 kWh
[18:23:43]   净交易量: -1305.47 kWh
[18:23:43]   平均出清价:  14.63 cents/kWh
[18:23:43]   市场独立度:  51.04%
[18:23:43] 
Buffer大小:  4128
[18:23:43] 噪声水平: 0.0842
[18:23:43] 
动作统计:
[18:23:43]   wind      : mean= 0.268, std= 0.185
[18:23:43]   solar     : mean= 0.009, std= 0.487
[18:23:43]   diesel    : mean= 0.312, std= 0.800
[18:23:43]   battery   : mean= 0.035, std= 0.769
[18:23:43]   customer  : mean= 0.447, std= 0.416
[18:23:44] 
======================================================================
[18:23:44] Episode 163/200
[18:23:44] ======================================================================
[18:23:44] 总奖励:  -111.42 | 步数: 24
[18:23:44] 最近10个episodes平均:   -66.03
[18:23:44] 
各Agent奖励:
[18:23:44]   wind      :   53.955
[18:23:44]   solar     :   31.680
[18:23:44]   diesel    :    0.000
[18:23:44]   battery   :    2.117
[18:23:44]   customer  : -199.172
[18:23:44] 
🔌 Main Grid 交易:
[18:23:44]   进口电量:   297.23 kWh
[18:23:44]   出口电量:  1389.53 kWh
[18:23:44]   净交易量: -1092.30 kWh
[18:23:44]   平均出清价:  14.29 cents/kWh
[18:23:44]   市场独立度:  53.15%
[18:23:44] 
Buffer大小:  4152
[18:23:44] 噪声水平: 0.0841
[18:23:44] 
动作统计:
[18:23:44]   wind      : mean= 0.273, std= 0.150
[18:23:44]   solar     : mean=-0.020, std= 0.484
[18:23:44]   diesel    : mean= 0.333, std= 0.786
[18:23:44]   battery   : mean= 0.027, std= 0.774
[18:23:44]   customer  : mean= 0.476, std= 0.379
[18:23:45] 
======================================================================
[18:23:45] Episode 164/200
[18:23:45] ======================================================================
[18:23:45] 总奖励:   -88.99 | 步数: 24
[18:23:45] 最近10个episodes平均:   -66.99
[18:23:45] 
各Agent奖励:
[18:23:45]   wind      :   72.894
[18:23:45]   solar     :   23.521
[18:23:45]   diesel    :    0.000
[18:23:45]   battery   :    0.059
[18:23:45]   customer  : -185.467
[18:23:45] 
🔌 Main Grid 交易:
[18:23:45]   进口电量:   235.43 kWh
[18:23:45]   出口电量:  1290.65 kWh
[18:23:45]   净交易量: -1055.23 kWh
[18:23:45]   平均出清价:  13.00 cents/kWh
[18:23:45]   市场独立度:  57.61%
[18:23:45] 
Buffer大小:  4176
[18:23:45] 噪声水平: 0.0840
[18:23:45] 
动作统计:
[18:23:45]   wind      : mean= 0.250, std= 0.165
[18:23:45]   solar     : mean=-0.049, std= 0.500
[18:23:45]   diesel    : mean= 0.295, std= 0.798
[18:23:45]   battery   : mean= 0.020, std= 0.783
[18:23:45]   customer  : mean= 0.518, std= 0.363
[18:23:46] 
======================================================================
[18:23:46] Episode 165/200
[18:23:46] ======================================================================
[18:23:46] 总奖励:   -54.95 | 步数: 24
[18:23:46] 最近10个episodes平均:   -67.02
[18:23:46] 
各Agent奖励:
[18:23:46]   wind      :   93.701
[18:23:46]   solar     :   28.249
[18:23:46]   diesel    :    0.000
[18:23:46]   battery   :    2.232
[18:23:46]   customer  : -179.132
[18:23:46] 
🔌 Main Grid 交易:
[18:23:46]   进口电量:   114.07 kWh
[18:23:46]   出口电量:  1158.85 kWh
[18:23:46]   净交易量: -1044.79 kWh
[18:23:46]   平均出清价:  14.10 cents/kWh
[18:23:46]   市场独立度:  64.64%
[18:23:46] 
Buffer大小:  4200
[18:23:46] 噪声水平: 0.0839
[18:23:46] 
动作统计:
[18:23:46]   wind      : mean= 0.275, std= 0.183
[18:23:46]   solar     : mean=-0.054, std= 0.450
[18:23:46]   diesel    : mean= 0.301, std= 0.798
[18:23:46]   battery   : mean= 0.007, std= 0.802
[18:23:46]   customer  : mean= 0.467, std= 0.348
[18:23:47] 
======================================================================
[18:23:47] Episode 166/200
[18:23:47] ======================================================================
[18:23:47] 总奖励:   -61.52 | 步数: 24
[18:23:47] 最近10个episodes平均:   -67.96
[18:23:47] 
各Agent奖励:
[18:23:47]   wind      :   83.881
[18:23:47]   solar     :   23.650
[18:23:47]   diesel    :    0.000
[18:23:47]   battery   :    1.399
[18:23:47]   customer  : -170.449
[18:23:47] 
🔌 Main Grid 交易:
[18:23:47]   进口电量:   118.06 kWh
[18:23:47]   出口电量:  1482.16 kWh
[18:23:47]   净交易量: -1364.10 kWh
[18:23:47]   平均出清价:  13.24 cents/kWh
[18:23:47]   市场独立度:  55.55%
[18:23:47] 
Buffer大小:  4224
[18:23:47] 噪声水平: 0.0839
[18:23:47] 
动作统计:
[18:23:47]   wind      : mean= 0.249, std= 0.172
[18:23:47]   solar     : mean=-0.049, std= 0.493
[18:23:47]   diesel    : mean= 0.311, std= 0.782
[18:23:47]   battery   : mean= 0.003, std= 0.805
[18:23:47]   customer  : mean= 0.518, std= 0.306
[18:23:48] 
======================================================================
[18:23:48] Episode 167/200
[18:23:48] ======================================================================
[18:23:48] 总奖励:   -98.45 | 步数: 24
[18:23:48] 最近10个episodes平均:   -70.62
[18:23:48] 
各Agent奖励:
[18:23:48]   wind      :   60.130
[18:23:48]   solar     :   32.797
[18:23:48]   diesel    :    0.000
[18:23:48]   battery   :    2.485
[18:23:48]   customer  : -193.865
[18:23:48] 
🔌 Main Grid 交易:
[18:23:48]   进口电量:   244.00 kWh
[18:23:48]   出口电量:  1429.81 kWh
[18:23:48]   净交易量: -1185.82 kWh
[18:23:48]   平均出清价:  15.52 cents/kWh
[18:23:48]   市场独立度:  53.51%
[18:23:48] 
Buffer大小:  4248
[18:23:48] 噪声水平: 0.0838
[18:23:48] 
动作统计:
[18:23:48]   wind      : mean= 0.257, std= 0.155
[18:23:48]   solar     : mean=-0.057, std= 0.500
[18:23:48]   diesel    : mean= 0.324, std= 0.787
[18:23:48]   battery   : mean=-0.036, std= 0.790
[18:23:48]   customer  : mean= 0.527, std= 0.293
[18:23:49] 
======================================================================
[18:23:49] Episode 168/200
[18:23:49] ======================================================================
[18:23:49] 总奖励:   -64.56 | 步数: 24
[18:23:49] 最近10个episodes平均:   -74.85
[18:23:49] 
各Agent奖励:
[18:23:49]   wind      :   75.498
[18:23:49]   solar     :   33.416
[18:23:49]   diesel    :    0.000
[18:23:49]   battery   :    0.478
[18:23:49]   customer  : -173.952
[18:23:49] 
🔌 Main Grid 交易:
[18:23:49]   进口电量:    56.51 kWh
[18:23:49]   出口电量:  1203.39 kWh
[18:23:49]   净交易量: -1146.87 kWh
[18:23:49]   平均出清价:  12.76 cents/kWh
[18:23:49]   市场独立度:  65.00%
[18:23:49] 
Buffer大小:  4272
[18:23:49] 噪声水平: 0.0837
[18:23:49] 
动作统计:
[18:23:49]   wind      : mean= 0.251, std= 0.226
[18:23:49]   solar     : mean=-0.112, std= 0.458
[18:23:49]   diesel    : mean= 0.318, std= 0.774
[18:23:49]   battery   : mean=-0.006, std= 0.802
[18:23:49]   customer  : mean= 0.541, std= 0.292
[18:23:50] 
======================================================================
[18:23:50] Episode 169/200
[18:23:50] ======================================================================
[18:23:50] 总奖励:   -52.47 | 步数: 24
[18:23:50] 最近10个episodes平均:   -70.09
[18:23:50] 
各Agent奖励:
[18:23:50]   wind      :   90.860
[18:23:50]   solar     :   37.071
[18:23:50]   diesel    :    0.000
[18:23:50]   battery   :    2.135
[18:23:50]   customer  : -182.538
[18:23:50] 
🔌 Main Grid 交易:
[18:23:50]   进口电量:   127.30 kWh
[18:23:50]   出口电量:  1563.64 kWh
[18:23:50]   净交易量: -1436.34 kWh
[18:23:50]   平均出清价:  15.45 cents/kWh
[18:23:50]   市场独立度:  53.03%
[18:23:50] 
Buffer大小:  4296
[18:23:50] 噪声水平: 0.0836
[18:23:50] 
动作统计:
[18:23:50]   wind      : mean= 0.292, std= 0.204
[18:23:50]   solar     : mean=-0.087, std= 0.520
[18:23:50]   diesel    : mean= 0.331, std= 0.778
[18:23:50]   battery   : mean=-0.008, std= 0.817
[18:23:50]   customer  : mean= 0.514, std= 0.294
[18:23:51] 
======================================================================
[18:23:51] Episode 170/200
[18:23:51] ======================================================================
[18:23:51] 总奖励:   -84.24 | 步数: 24
[18:23:51] 最近10个episodes平均:   -70.77
[18:23:51] 
各Agent奖励:
[18:23:51]   wind      :   61.484
[18:23:51]   solar     :   30.764
[18:23:51]   diesel    :    0.000
[18:23:51]   battery   :    0.880
[18:23:51]   customer  : -177.370
[18:23:51] 
🔌 Main Grid 交易:
[18:23:51]   进口电量:   128.37 kWh
[18:23:51]   出口电量:  1302.77 kWh
[18:23:51]   净交易量: -1174.40 kWh
[18:23:51]   平均出清价:  13.44 cents/kWh
[18:23:51]   市场独立度:  60.25%
[18:23:51] 
Buffer大小:  4320
[18:23:51] 噪声水平: 0.0835
[18:23:51] 
动作统计:
[18:23:51]   wind      : mean= 0.261, std= 0.212
[18:23:51]   solar     : mean=-0.154, std= 0.480
[18:23:51]   diesel    : mean= 0.340, std= 0.771
[18:23:51]   battery   : mean=-0.005, std= 0.802
[18:23:51]   customer  : mean= 0.536, std= 0.271
[18:23:51] 
📊 生成可视化图表...
[18:23:52]   ✓ debug_plots/training_ep0170.png
[18:23:53] 
======================================================================
[18:23:53] Episode 171/200
[18:23:53] ======================================================================
[18:23:53] 总奖励:   -41.34 | 步数: 24
[18:23:53] 最近10个episodes平均:   -70.38
[18:23:53] 
各Agent奖励:
[18:23:53]   wind      :   82.669
[18:23:53]   solar     :   31.679
[18:23:53]   diesel    :    0.000
[18:23:53]   battery   :    0.521
[18:23:53]   customer  : -156.213
[18:23:53] 
🔌 Main Grid 交易:
[18:23:53]   进口电量:    36.20 kWh
[18:23:53]   出口电量:  1546.50 kWh
[18:23:53]   净交易量: -1510.31 kWh
[18:23:53]   平均出清价:  12.76 cents/kWh
[18:23:53]   市场独立度:  56.04%
[18:23:53] 
Buffer大小:  4344
[18:23:53] 噪声水平: 0.0834
[18:23:53] 
动作统计:
[18:23:53]   wind      : mean= 0.254, std= 0.171
[18:23:53]   solar     : mean=-0.167, std= 0.468
[18:23:53]   diesel    : mean= 0.356, std= 0.766
[18:23:53]   battery   : mean=-0.021, std= 0.810
[18:23:53]   customer  : mean= 0.539, std= 0.326
[18:23:53] 
======================================================================
[18:23:53] Episode 172/200
[18:23:53] ======================================================================
[18:23:53] 总奖励:   -99.03 | 步数: 24
[18:23:53] 最近10个episodes平均:   -75.70
[18:23:53] 
各Agent奖励:
[18:23:53]   wind      :   54.119
[18:23:53]   solar     :   41.645
[18:23:53]   diesel    :    0.000
[18:23:53]   battery   :    1.794
[18:23:53]   customer  : -196.589
[18:23:53] 
🔌 Main Grid 交易:
[18:23:53]   进口电量:   221.00 kWh
[18:23:53]   出口电量:  1432.24 kWh
[18:23:53]   净交易量: -1211.25 kWh
[18:23:53]   平均出清价:  15.97 cents/kWh
[18:23:53]   市场独立度:  54.08%
[18:23:53] 
Buffer大小:  4368
[18:23:53] 噪声水平: 0.0834
[18:23:53] 
动作统计:
[18:23:53]   wind      : mean= 0.292, std= 0.153
[18:23:53]   solar     : mean=-0.149, std= 0.475
[18:23:53]   diesel    : mean= 0.393, std= 0.725
[18:23:53]   battery   : mean=-0.013, std= 0.818
[18:23:53]   customer  : mean= 0.571, std= 0.263
[18:23:54] 
======================================================================
[18:23:54] Episode 173/200
[18:23:54] ======================================================================
[18:23:54] 总奖励:  -101.97 | 步数: 24
[18:23:54] 最近10个episodes平均:   -74.75
[18:23:54] 
各Agent奖励:
[18:23:54]   wind      :   55.330
[18:23:54]   solar     :   27.996
[18:23:54]   diesel    :    0.000
[18:23:54]   battery   :    1.998
[18:23:54]   customer  : -187.290
[18:23:54] 
🔌 Main Grid 交易:
[18:23:54]   进口电量:   128.64 kWh
[18:23:54]   出口电量:  1712.54 kWh
[18:23:54]   净交易量: -1583.90 kWh
[18:23:54]   平均出清价:  13.30 cents/kWh
[18:23:54]   市场独立度:  48.86%
[18:23:54] 
Buffer大小:  4392
[18:23:54] 噪声水平: 0.0833
[18:23:54] 
动作统计:
[18:23:54]   wind      : mean= 0.273, std= 0.187
[18:23:54]   solar     : mean=-0.168, std= 0.471
[18:23:54]   diesel    : mean= 0.379, std= 0.729
[18:23:54]   battery   : mean=-0.019, std= 0.813
[18:23:54]   customer  : mean= 0.592, std= 0.278
[18:23:55] 
======================================================================
[18:23:55] Episode 174/200
[18:23:55] ======================================================================
[18:23:55] 总奖励:   -60.52 | 步数: 24
[18:23:55] 最近10个episodes平均:   -71.91
[18:23:55] 
各Agent奖励:
[18:23:55]   wind      :   78.189
[18:23:55]   solar     :   25.860
[18:23:55]   diesel    :    0.000
[18:23:55]   battery   :    0.787
[18:23:55]   customer  : -165.354
[18:23:55] 
🔌 Main Grid 交易:
[18:23:55]   进口电量:   133.51 kWh
[18:23:55]   出口电量:  1552.07 kWh
[18:23:55]   净交易量: -1418.55 kWh
[18:23:55]   平均出清价:  13.68 cents/kWh
[18:23:55]   市场独立度:  53.18%
[18:23:55] 
Buffer大小:  4416
[18:23:55] 噪声水平: 0.0832
[18:23:55] 
动作统计:
[18:23:55]   wind      : mean= 0.238, std= 0.146
[18:23:55]   solar     : mean=-0.178, std= 0.448
[18:23:55]   diesel    : mean= 0.448, std= 0.680
[18:23:55]   battery   : mean=-0.020, std= 0.805
[18:23:55]   customer  : mean= 0.547, std= 0.290
[18:23:56] 
======================================================================
[18:23:56] Episode 175/200
[18:23:56] ======================================================================
[18:23:56] 总奖励:   -74.85 | 步数: 24
[18:23:56] 最近10个episodes平均:   -73.90
[18:23:56] 
各Agent奖励:
[18:23:56]   wind      :   63.817
[18:23:56]   solar     :   32.450
[18:23:56]   diesel    :    0.000
[18:23:56]   battery   :   -0.167
[18:23:56]   customer  : -170.951
[18:23:56] 
🔌 Main Grid 交易:
[18:23:56]   进口电量:    69.62 kWh
[18:23:56]   出口电量:  1659.99 kWh
[18:23:56]   净交易量: -1590.37 kWh
[18:23:56]   平均出清价:  14.70 cents/kWh
[18:23:56]   市场独立度:  51.96%
[18:23:56] 
Buffer大小:  4440
[18:23:56] 噪声水平: 0.0831
[18:23:56] 
动作统计:
[18:23:56]   wind      : mean= 0.265, std= 0.203
[18:23:56]   solar     : mean=-0.171, std= 0.490
[18:23:56]   diesel    : mean= 0.456, std= 0.668
[18:23:56]   battery   : mean=-0.024, std= 0.822
[18:23:56]   customer  : mean= 0.583, std= 0.266
[18:23:57] 
======================================================================
[18:23:57] Episode 176/200
[18:23:57] ======================================================================
[18:23:57] 总奖励:   -96.49 | 步数: 24
[18:23:57] 最近10个episodes平均:   -77.39
[18:23:57] 
各Agent奖励:
[18:23:57]   wind      :   74.554
[18:23:57]   solar     :   23.367
[18:23:57]   diesel    :    0.000
[18:23:57]   battery   :    2.025
[18:23:57]   customer  : -196.431
[18:23:57] 
🔌 Main Grid 交易:
[18:23:57]   进口电量:   132.86 kWh
[18:23:57]   出口电量:  1224.98 kWh
[18:23:57]   净交易量: -1092.12 kWh
[18:23:57]   平均出清价:  15.10 cents/kWh
[18:23:57]   市场独立度:  62.28%
[18:23:57] 
Buffer大小:  4464
[18:23:57] 噪声水平: 0.0830
[18:23:57] 
动作统计:
[18:23:57]   wind      : mean= 0.278, std= 0.163
[18:23:57]   solar     : mean=-0.244, std= 0.458
[18:23:57]   diesel    : mean= 0.437, std= 0.670
[18:23:57]   battery   : mean=-0.051, std= 0.792
[18:23:57]   customer  : mean= 0.546, std= 0.301
[18:23:58] 
======================================================================
[18:23:58] Episode 177/200
[18:23:58] ======================================================================
[18:23:58] 总奖励:   -95.63 | 步数: 24
[18:23:58] 最近10个episodes平均:   -77.11
[18:23:58] 
各Agent奖励:
[18:23:58]   wind      :   59.496
[18:23:58]   solar     :   21.960
[18:23:58]   diesel    :    0.000
[18:23:58]   battery   :    1.981
[18:23:58]   customer  : -179.067
[18:23:58] 
🔌 Main Grid 交易:
[18:23:58]   进口电量:   148.54 kWh
[18:23:58]   出口电量:  1650.35 kWh
[18:23:58]   净交易量: -1501.81 kWh
[18:23:58]   平均出清价:  14.73 cents/kWh
[18:23:58]   市场独立度:  50.03%
[18:23:58] 
Buffer大小:  4488
[18:23:58] 噪声水平: 0.0829
[18:23:58] 
动作统计:
[18:23:58]   wind      : mean= 0.270, std= 0.157
[18:23:58]   solar     : mean=-0.195, std= 0.473
[18:23:58]   diesel    : mean= 0.473, std= 0.650
[18:23:58]   battery   : mean=-0.058, std= 0.785
[18:23:58]   customer  : mean= 0.626, std= 0.240
[18:23:59] 
======================================================================
[18:23:59] Episode 178/200
[18:23:59] ======================================================================
[18:23:59] 总奖励:   -89.25 | 步数: 24
[18:23:59] 最近10个episodes平均:   -79.58
[18:23:59] 
各Agent奖励:
[18:23:59]   wind      :   59.293
[18:23:59]   solar     :   34.379
[18:23:59]   diesel    :    0.000
[18:23:59]   battery   :    1.907
[18:23:59]   customer  : -184.827
[18:23:59] 
🔌 Main Grid 交易:
[18:23:59]   进口电量:    93.99 kWh
[18:23:59]   出口电量:  1792.02 kWh
[18:23:59]   净交易量: -1698.03 kWh
[18:23:59]   平均出清价:  13.87 cents/kWh
[18:23:59]   市场独立度:  47.61%
[18:23:59] 
Buffer大小:  4512
[18:23:59] 噪声水平: 0.0829
[18:23:59] 
动作统计:
[18:23:59]   wind      : mean= 0.288, std= 0.140
[18:23:59]   solar     : mean=-0.238, std= 0.455
[18:23:59]   diesel    : mean= 0.529, std= 0.591
[18:23:59]   battery   : mean=-0.059, std= 0.790
[18:23:59]   customer  : mean= 0.566, std= 0.263
[18:24:00] 
======================================================================
[18:24:00] Episode 179/200
[18:24:00] ======================================================================
[18:24:00] 总奖励:   -91.84 | 步数: 24
[18:24:00] 最近10个episodes平均:   -83.52
[18:24:00] 
各Agent奖励:
[18:24:00]   wind      :   48.525
[18:24:00]   solar     :   32.100
[18:24:00]   diesel    :    0.000
[18:24:00]   battery   :    0.088
[18:24:00]   customer  : -172.554
[18:24:00] 
🔌 Main Grid 交易:
[18:24:00]   进口电量:    64.34 kWh
[18:24:00]   出口电量:  1881.46 kWh
[18:24:00]   净交易量: -1817.12 kWh
[18:24:00]   平均出清价:  14.54 cents/kWh
[18:24:00]   市场独立度:  45.95%
[18:24:00] 
Buffer大小:  4536
[18:24:00] 噪声水平: 0.0828
[18:24:00] 
动作统计:
[18:24:00]   wind      : mean= 0.274, std= 0.177
[18:24:00]   solar     : mean=-0.209, std= 0.476
[18:24:00]   diesel    : mean= 0.559, std= 0.559
[18:24:00]   battery   : mean=-0.065, std= 0.799
[18:24:00]   customer  : mean= 0.617, std= 0.261
[18:24:01] 
======================================================================
[18:24:01] Episode 180/200
[18:24:01] ======================================================================
[18:24:01] 总奖励:   -96.86 | 步数: 24
[18:24:01] 最近10个episodes平均:   -84.78
[18:24:01] 
各Agent奖励:
[18:24:01]   wind      :   58.500
[18:24:01]   solar     :   21.158
[18:24:01]   diesel    :    0.000
[18:24:01]   battery   :    0.605
[18:24:01]   customer  : -177.120
[18:24:01] 
🔌 Main Grid 交易:
[18:24:01]   进口电量:   132.97 kWh
[18:24:01]   出口电量:  1822.56 kWh
[18:24:01]   净交易量: -1689.58 kWh
[18:24:01]   平均出清价:  13.96 cents/kWh
[18:24:01]   市场独立度:  45.68%
[18:24:01] 
Buffer大小:  4560
[18:24:01] 噪声水平: 0.0827
[18:24:01] 
动作统计:
[18:24:01]   wind      : mean= 0.250, std= 0.163
[18:24:01]   solar     : mean=-0.203, std= 0.460
[18:24:01]   diesel    : mean= 0.614, std= 0.499
[18:24:01]   battery   : mean=-0.054, std= 0.802
[18:24:01]   customer  : mean= 0.629, std= 0.265
[18:24:01] 
📊 生成可视化图表...
[18:24:01]   ✓ debug_plots/training_ep0180.png
[18:24:02] 
======================================================================
[18:24:02] Episode 181/200
[18:24:02] ======================================================================
[18:24:02] 总奖励:   -79.97 | 步数: 24
[18:24:02] 最近10个episodes平均:   -88.64
[18:24:02] 
各Agent奖励:
[18:24:02]   wind      :   68.501
[18:24:02]   solar     :   31.417
[18:24:02]   diesel    :    0.000
[18:24:02]   battery   :    0.326
[18:24:02]   customer  : -180.218
[18:24:02] 
🔌 Main Grid 交易:
[18:24:02]   进口电量:   112.28 kWh
[18:24:02]   出口电量:  1956.24 kWh
[18:24:02]   净交易量: -1843.96 kWh
[18:24:02]   平均出清价:  14.84 cents/kWh
[18:24:02]   市场独立度:  42.54%
[18:24:02] 
Buffer大小:  4584
[18:24:02] 噪声水平: 0.0826
[18:24:02] 
动作统计:
[18:24:02]   wind      : mean= 0.274, std= 0.132
[18:24:02]   solar     : mean=-0.210, std= 0.473
[18:24:02]   diesel    : mean= 0.638, std= 0.488
[18:24:02]   battery   : mean=-0.046, std= 0.787
[18:24:02]   customer  : mean= 0.604, std= 0.239
[18:24:03] 
======================================================================
[18:24:03] Episode 182/200
[18:24:03] ======================================================================
[18:24:03] 总奖励:  -101.97 | 步数: 24
[18:24:03] 最近10个episodes平均:   -88.93
[18:24:03] 
各Agent奖励:
[18:24:03]   wind      :   52.223
[18:24:03]   solar     :   26.900
[18:24:03]   diesel    :    0.000
[18:24:03]   battery   :    0.519
[18:24:03]   customer  : -181.615
[18:24:03] 
🔌 Main Grid 交易:
[18:24:03]   进口电量:   101.68 kWh
[18:24:03]   出口电量:  2054.47 kWh
[18:24:03]   净交易量: -1952.79 kWh
[18:24:03]   平均出清价:  13.55 cents/kWh
[18:24:03]   市场独立度:  40.11%
[18:24:03] 
Buffer大小:  4608
[18:24:03] 噪声水平: 0.0825
[18:24:03] 
动作统计:
[18:24:03]   wind      : mean= 0.272, std= 0.153
[18:24:03]   solar     : mean=-0.206, std= 0.464
[18:24:03]   diesel    : mean= 0.658, std= 0.456
[18:24:03]   battery   : mean=-0.072, std= 0.797
[18:24:03]   customer  : mean= 0.638, std= 0.211
[18:24:05] 
======================================================================
[18:24:05] Episode 183/200
[18:24:05] ======================================================================
[18:24:05] 总奖励:   -92.99 | 步数: 24
[18:24:05] 最近10个episodes平均:   -88.04
[18:24:05] 
各Agent奖励:
[18:24:05]   wind      :   69.126
[18:24:05]   solar     :   21.821
[18:24:05]   diesel    :    0.000
[18:24:05]   battery   :    0.905
[18:24:05]   customer  : -184.839
[18:24:05] 
🔌 Main Grid 交易:
[18:24:05]   进口电量:   207.85 kWh
[18:24:05]   出口电量:  2015.12 kWh
[18:24:05]   净交易量: -1807.27 kWh
[18:24:05]   平均出清价:  14.46 cents/kWh
[18:24:05]   市场独立度:  38.25%
[18:24:05] 
Buffer大小:  4632
[18:24:05] 噪声水平: 0.0824
[18:24:05] 
动作统计:
[18:24:05]   wind      : mean= 0.269, std= 0.175
[18:24:05]   solar     : mean=-0.197, std= 0.483
[18:24:05]   diesel    : mean= 0.637, std= 0.483
[18:24:05]   battery   : mean=-0.050, std= 0.791
[18:24:05]   customer  : mean= 0.584, std= 0.230
[18:24:05] 
======================================================================
[18:24:05] Episode 184/200
[18:24:05] ======================================================================
[18:24:05] 总奖励:   -69.26 | 步数: 24
[18:24:05] 最近10个episodes平均:   -88.91
[18:24:05] 
各Agent奖励:
[18:24:05]   wind      :   76.222
[18:24:05]   solar     :   27.864
[18:24:05]   diesel    :    0.000
[18:24:05]   battery   :    2.207
[18:24:05]   customer  : -175.553
[18:24:05] 
🔌 Main Grid 交易:
[18:24:05]   进口电量:   135.62 kWh
[18:24:05]   出口电量:  1985.01 kWh
[18:24:05]   净交易量: -1849.39 kWh
[18:24:05]   平均出清价:  13.92 cents/kWh
[18:24:05]   市场独立度:  41.09%
[18:24:05] 
Buffer大小:  4656
[18:24:05] 噪声水平: 0.0824
[18:24:05] 
动作统计:
[18:24:05]   wind      : mean= 0.282, std= 0.157
[18:24:05]   solar     : mean=-0.182, std= 0.435
[18:24:05]   diesel    : mean= 0.656, std= 0.454
[18:24:05]   battery   : mean=-0.067, std= 0.773
[18:24:05]   customer  : mean= 0.590, std= 0.226
[18:24:06] 
======================================================================
[18:24:06] Episode 185/200
[18:24:06] ======================================================================
[18:24:06] 总奖励:   -82.22 | 步数: 24
[18:24:06] 最近10个episodes平均:   -89.65
[18:24:06] 
各Agent奖励:
[18:24:06]   wind      :   69.315
[18:24:06]   solar     :   35.290
[18:24:06]   diesel    :    0.000
[18:24:06]   battery   :    1.532
[18:24:06]   customer  : -188.359
[18:24:06] 
🔌 Main Grid 交易:
[18:24:06]   进口电量:    91.79 kWh
[18:24:06]   出口电量:  1689.90 kWh
[18:24:06]   净交易量: -1598.11 kWh
[18:24:06]   平均出清价:  16.18 cents/kWh
[18:24:06]   市场独立度:  50.51%
[18:24:06] 
Buffer大小:  4680
[18:24:06] 噪声水平: 0.0823
[18:24:06] 
动作统计:
[18:24:06]   wind      : mean= 0.272, std= 0.160
[18:24:06]   solar     : mean=-0.212, std= 0.490
[18:24:06]   diesel    : mean= 0.615, std= 0.491
[18:24:06]   battery   : mean=-0.035, std= 0.764
[18:24:06]   customer  : mean= 0.581, std= 0.174
[18:24:07] 
======================================================================
[18:24:07] Episode 186/200
[18:24:07] ======================================================================
[18:24:07] 总奖励:   -61.81 | 步数: 24
[18:24:07] 最近10个episodes平均:   -86.18
[18:24:07] 
各Agent奖励:
[18:24:07]   wind      :   72.446
[18:24:07]   solar     :   33.920
[18:24:07]   diesel    :    0.000
[18:24:07]   battery   :    0.576
[18:24:07]   customer  : -168.748
[18:24:07] 
🔌 Main Grid 交易:
[18:24:07]   进口电量:     0.93 kWh
[18:24:07]   出口电量:  2024.57 kWh
[18:24:07]   净交易量: -2023.64 kWh
[18:24:07]   平均出清价:  13.85 cents/kWh
[18:24:07]   市场独立度:  43.74%
[18:24:07] 
Buffer大小:  4704
[18:24:07] 噪声水平: 0.0822
[18:24:07] 
动作统计:
[18:24:07]   wind      : mean= 0.249, std= 0.149
[18:24:07]   solar     : mean=-0.176, std= 0.460
[18:24:07]   diesel    : mean= 0.650, std= 0.483
[18:24:07]   battery   : mean=-0.026, std= 0.759
[18:24:07]   customer  : mean= 0.597, std= 0.229
[18:24:08] 
======================================================================
[18:24:08] Episode 187/200
[18:24:08] ======================================================================
[18:24:08] 总奖励:   -63.61 | 步数: 24
[18:24:08] 最近10个episodes平均:   -82.98
[18:24:08] 
各Agent奖励:
[18:24:08]   wind      :   77.873
[18:24:08]   solar     :   39.899
[18:24:08]   diesel    :    0.000
[18:24:08]   battery   :    2.202
[18:24:08]   customer  : -183.582
[18:24:08] 
🔌 Main Grid 交易:
[18:24:08]   进口电量:   145.04 kWh
[18:24:08]   出口电量:  1790.96 kWh
[18:24:08]   净交易量: -1645.92 kWh
[18:24:08]   平均出清价:  14.92 cents/kWh
[18:24:08]   市场独立度:  46.22%
[18:24:08] 
Buffer大小:  4728
[18:24:08] 噪声水平: 0.0821
[18:24:08] 
动作统计:
[18:24:08]   wind      : mean= 0.267, std= 0.158
[18:24:08]   solar     : mean=-0.231, std= 0.445
[18:24:08]   diesel    : mean= 0.642, std= 0.476
[18:24:08]   battery   : mean=-0.037, std= 0.784
[18:24:08]   customer  : mean= 0.523, std= 0.267
[18:24:09] 
======================================================================
[18:24:09] Episode 188/200
[18:24:09] ======================================================================
[18:24:09] 总奖励:   -43.79 | 步数: 24
[18:24:09] 最近10个episodes平均:   -78.43
[18:24:09] 
各Agent奖励:
[18:24:09]   wind      :   88.718
[18:24:09]   solar     :   29.215
[18:24:09]   diesel    :    0.000
[18:24:09]   battery   :    0.771
[18:24:09]   customer  : -162.496
[18:24:09] 
🔌 Main Grid 交易:
[18:24:09]   进口电量:    14.78 kWh
[18:24:09]   出口电量:  2030.05 kWh
[18:24:09]   净交易量: -2015.28 kWh
[18:24:09]   平均出清价:  13.85 cents/kWh
[18:24:09]   市场独立度:  43.20%
[18:24:09] 
Buffer大小:  4752
[18:24:09] 噪声水平: 0.0820
[18:24:09] 
动作统计:
[18:24:09]   wind      : mean= 0.273, std= 0.153
[18:24:09]   solar     : mean=-0.207, std= 0.453
[18:24:09]   diesel    : mean= 0.643, std= 0.499
[18:24:09]   battery   : mean=-0.043, std= 0.776
[18:24:09]   customer  : mean= 0.527, std= 0.295
[18:24:10] 
======================================================================
[18:24:10] Episode 189/200
[18:24:10] ======================================================================
[18:24:10] 总奖励:   -22.87 | 步数: 24
[18:24:10] 最近10个episodes平均:   -71.53
[18:24:10] 
各Agent奖励:
[18:24:10]   wind      :  117.168
[18:24:10]   solar     :   31.082
[18:24:10]   diesel    :    0.000
[18:24:10]   battery   :    2.460
[18:24:10]   customer  : -173.582
[18:24:10] 
🔌 Main Grid 交易:
[18:24:10]   进口电量:    51.01 kWh
[18:24:10]   出口电量:  1612.27 kWh
[18:24:10]   净交易量: -1561.26 kWh
[18:24:10]   平均出清价:  15.20 cents/kWh
[18:24:10]   市场独立度:  53.80%
[18:24:10] 
Buffer大小:  4776
[18:24:10] 噪声水平: 0.0819
[18:24:10] 
动作统计:
[18:24:10]   wind      : mean= 0.249, std= 0.150
[18:24:10]   solar     : mean=-0.167, std= 0.479
[18:24:10]   diesel    : mean= 0.625, std= 0.496
[18:24:10]   battery   : mean=-0.015, std= 0.763
[18:24:10]   customer  : mean= 0.494, std= 0.301
[18:24:11] 
======================================================================
[18:24:11] Episode 190/200
[18:24:11] ======================================================================
[18:24:11] 总奖励:   -50.72 | 步数: 24
[18:24:11] 最近10个episodes平均:   -66.92
[18:24:11] 
各Agent奖励:
[18:24:11]   wind      :   86.236
[18:24:11]   solar     :   29.903
[18:24:11]   diesel    :    0.000
[18:24:11]   battery   :    0.714
[18:24:11]   customer  : -167.568
[18:24:11] 
🔌 Main Grid 交易:
[18:24:11]   进口电量:   124.12 kWh
[18:24:11]   出口电量:  1938.43 kWh
[18:24:11]   净交易量: -1814.31 kWh
[18:24:11]   平均出清价:  14.27 cents/kWh
[18:24:11]   市场独立度:  42.71%
[18:24:11] 
Buffer大小:  4800
[18:24:11] 噪声水平: 0.0819
[18:24:11] 
动作统计:
[18:24:11]   wind      : mean= 0.251, std= 0.162
[18:24:11]   solar     : mean=-0.150, std= 0.437
[18:24:11]   diesel    : mean= 0.600, std= 0.528
[18:24:11]   battery   : mean=-0.005, std= 0.789
[18:24:11]   customer  : mean= 0.500, std= 0.344
[18:24:11] 
📊 生成可视化图表...
[18:24:11]   ✓ debug_plots/training_ep0190.png
[18:24:12] 
======================================================================
[18:24:12] Episode 191/200
[18:24:12] ======================================================================
[18:24:12] 总奖励:   -67.86 | 步数: 24
[18:24:12] 最近10个episodes平均:   -65.71
[18:24:12] 
各Agent奖励:
[18:24:12]   wind      :   77.160
[18:24:12]   solar     :   34.566
[18:24:12]   diesel    :    0.000
[18:24:12]   battery   :    1.793
[18:24:12]   customer  : -181.382
[18:24:12] 
🔌 Main Grid 交易:
[18:24:12]   进口电量:   223.33 kWh
[18:24:12]   出口电量:  1745.85 kWh
[18:24:12]   净交易量: -1522.52 kWh
[18:24:12]   平均出清价:  14.92 cents/kWh
[18:24:12]   市场独立度:  45.30%
[18:24:12] 
Buffer大小:  4824
[18:24:12] 噪声水平: 0.0818
[18:24:12] 
动作统计:
[18:24:12]   wind      : mean= 0.259, std= 0.153
[18:24:12]   solar     : mean=-0.183, std= 0.456
[18:24:12]   diesel    : mean= 0.592, std= 0.525
[18:24:12]   battery   : mean= 0.007, std= 0.788
[18:24:12]   customer  : mean= 0.481, std= 0.332
[18:24:13] 
======================================================================
[18:24:13] Episode 192/200
[18:24:13] ======================================================================
[18:24:13] 总奖励:   -96.67 | 步数: 24
[18:24:13] 最近10个episodes平均:   -65.18
[18:24:13] 
各Agent奖励:
[18:24:13]   wind      :   49.480
[18:24:13]   solar     :   32.546
[18:24:13]   diesel    :    0.000
[18:24:13]   battery   :    0.481
[18:24:13]   customer  : -179.176
[18:24:13] 
🔌 Main Grid 交易:
[18:24:13]   进口电量:   143.59 kWh
[18:24:13]   出口电量:  1849.64 kWh
[18:24:13]   净交易量: -1706.04 kWh
[18:24:13]   平均出清价:  13.84 cents/kWh
[18:24:13]   市场独立度:  44.63%
[18:24:13] 
Buffer大小:  4848
[18:24:13] 噪声水平: 0.0817
[18:24:13] 
动作统计:
[18:24:13]   wind      : mean= 0.269, std= 0.155
[18:24:13]   solar     : mean=-0.161, std= 0.422
[18:24:13]   diesel    : mean= 0.597, std= 0.528
[18:24:13]   battery   : mean=-0.023, std= 0.791
[18:24:13]   customer  : mean= 0.552, std= 0.360
[18:24:14] 
======================================================================
[18:24:14] Episode 193/200
[18:24:14] ======================================================================
[18:24:14] 总奖励:   -64.33 | 步数: 24
[18:24:14] 最近10个episodes平均:   -62.31
[18:24:14] 
各Agent奖励:
[18:24:14]   wind      :   72.885
[18:24:14]   solar     :   25.127
[18:24:14]   diesel    :    0.000
[18:24:14]   battery   :    2.324
[18:24:14]   customer  : -164.670
[18:24:14] 
🔌 Main Grid 交易:
[18:24:14]   进口电量:    80.80 kWh
[18:24:14]   出口电量:  1803.11 kWh
[18:24:14]   净交易量: -1722.31 kWh
[18:24:14]   平均出清价:  13.67 cents/kWh
[18:24:14]   市场独立度:  47.67%
[18:24:14] 
Buffer大小:  4872
[18:24:14] 噪声水平: 0.0816
[18:24:14] 
动作统计:
[18:24:14]   wind      : mean= 0.283, std= 0.141
[18:24:14]   solar     : mean=-0.203, std= 0.445
[18:24:14]   diesel    : mean= 0.586, std= 0.544
[18:24:14]   battery   : mean= 0.010, std= 0.807
[18:24:14]   customer  : mean= 0.505, std= 0.363
[18:24:15] 
======================================================================
[18:24:15] Episode 194/200
[18:24:15] ======================================================================
[18:24:15] 总奖励:   -63.03 | 步数: 24
[18:24:15] 最近10个episodes平均:   -61.69
[18:24:15] 
各Agent奖励:
[18:24:15]   wind      :   77.702
[18:24:15]   solar     :   39.791
[18:24:15]   diesel    :    0.000
[18:24:15]   battery   :    1.682
[18:24:15]   customer  : -182.209
[18:24:15] 
🔌 Main Grid 交易:
[18:24:15]   进口电量:   152.56 kWh
[18:24:15]   出口电量:  1638.60 kWh
[18:24:15]   净交易量: -1486.04 kWh
[18:24:15]   平均出清价:  15.50 cents/kWh
[18:24:15]   市场独立度:  50.25%
[18:24:15] 
Buffer大小:  4896
[18:24:15] 噪声水平: 0.0815
[18:24:15] 
动作统计:
[18:24:15]   wind      : mean= 0.277, std= 0.162
[18:24:15]   solar     : mean=-0.162, std= 0.446
[18:24:15]   diesel    : mean= 0.591, std= 0.533
[18:24:15]   battery   : mean= 0.000, std= 0.793
[18:24:15]   customer  : mean= 0.486, std= 0.382
[18:24:16] 
======================================================================
[18:24:16] Episode 195/200
[18:24:16] ======================================================================
[18:24:16] 总奖励:   -69.58 | 步数: 24
[18:24:16] 最近10个episodes平均:   -60.43
[18:24:16] 
各Agent奖励:
[18:24:16]   wind      :   68.869
[18:24:16]   solar     :   34.279
[18:24:16]   diesel    :    0.000
[18:24:16]   battery   :    2.221
[18:24:16]   customer  : -174.953
[18:24:16] 
🔌 Main Grid 交易:
[18:24:16]   进口电量:   191.38 kWh
[18:24:16]   出口电量:  1738.92 kWh
[18:24:16]   净交易量: -1547.54 kWh
[18:24:16]   平均出清价:  14.58 cents/kWh
[18:24:16]   市场独立度:  46.38%
[18:24:16] 
Buffer大小:  4920
[18:24:16] 噪声水平: 0.0815
[18:24:16] 
动作统计:
[18:24:16]   wind      : mean= 0.281, std= 0.153
[18:24:16]   solar     : mean=-0.191, std= 0.435
[18:24:16]   diesel    : mean= 0.590, std= 0.537
[18:24:16]   battery   : mean=-0.014, std= 0.785
[18:24:16]   customer  : mean= 0.464, std= 0.422
[18:24:17] 
======================================================================
[18:24:17] Episode 196/200
[18:24:17] ======================================================================
[18:24:17] 总奖励:   -82.21 | 步数: 24
[18:24:17] 最近10个episodes平均:   -62.47
[18:24:17] 
各Agent奖励:
[18:24:17]   wind      :   71.959
[18:24:17]   solar     :   28.405
[18:24:17]   diesel    :    0.000
[18:24:17]   battery   :    1.813
[18:24:17]   customer  : -184.386
[18:24:17] 
🔌 Main Grid 交易:
[18:24:17]   进口电量:    69.86 kWh
[18:24:17]   出口电量:  1871.12 kWh
[18:24:17]   净交易量: -1801.26 kWh
[18:24:17]   平均出清价:  14.77 cents/kWh
[18:24:17]   市场独立度:  46.08%
[18:24:17] 
Buffer大小:  4944
[18:24:17] 噪声水平: 0.0814
[18:24:17] 
动作统计:
[18:24:17]   wind      : mean= 0.274, std= 0.118
[18:24:17]   solar     : mean=-0.150, std= 0.421
[18:24:17]   diesel    : mean= 0.593, std= 0.524
[18:24:17]   battery   : mean= 0.010, std= 0.783
[18:24:17]   customer  : mean= 0.461, std= 0.451
[18:24:18] 
======================================================================
[18:24:18] Episode 197/200
[18:24:18] ======================================================================
[18:24:18] 总奖励:   -81.64 | 步数: 24
[18:24:18] 最近10个episodes平均:   -64.27
[18:24:18] 
各Agent奖励:
[18:24:18]   wind      :   65.714
[18:24:18]   solar     :   28.232
[18:24:18]   diesel    :    0.000
[18:24:18]   battery   :    1.360
[18:24:18]   customer  : -176.948
[18:24:18] 
🔌 Main Grid 交易:
[18:24:18]   进口电量:    64.34 kWh
[18:24:18]   出口电量:  1858.31 kWh
[18:24:18]   净交易量: -1793.96 kWh
[18:24:18]   平均出清价:  13.47 cents/kWh
[18:24:18]   市场独立度:  46.59%
[18:24:18] 
Buffer大小:  4968
[18:24:18] 噪声水平: 0.0813
[18:24:18] 
动作统计:
[18:24:18]   wind      : mean= 0.286, std= 0.151
[18:24:18]   solar     : mean=-0.172, std= 0.451
[18:24:18]   diesel    : mean= 0.590, std= 0.544
[18:24:18]   battery   : mean=-0.004, std= 0.814
[18:24:18]   customer  : mean= 0.475, std= 0.431
[18:24:19] 
======================================================================
[18:24:19] Episode 198/200
[18:24:19] ======================================================================
[18:24:19] 总奖励:   -30.05 | 步数: 24
[18:24:19] 最近10个episodes平均:   -62.90
[18:24:19] 
各Agent奖励:
[18:24:19]   wind      :  103.234
[18:24:19]   solar     :   34.550
[18:24:19]   diesel    :    0.000
[18:24:19]   battery   :    0.717
[18:24:19]   customer  : -168.549
[18:24:19] 
🔌 Main Grid 交易:
[18:24:19]   进口电量:    18.60 kWh
[18:24:19]   出口电量:  2010.43 kWh
[18:24:19]   净交易量: -1991.83 kWh
[18:24:19]   平均出清价:  13.93 cents/kWh
[18:24:19]   市场独立度:  43.64%
[18:24:19] 
Buffer大小:  4992
[18:24:19] 噪声水平: 0.0812
[18:24:19] 
动作统计:
[18:24:19]   wind      : mean= 0.276, std= 0.161
[18:24:19]   solar     : mean=-0.147, std= 0.414
[18:24:19]   diesel    : mean= 0.630, std= 0.468
[18:24:19]   battery   : mean= 0.007, std= 0.813
[18:24:19]   customer  : mean= 0.480, std= 0.365
[18:24:20] 
======================================================================
[18:24:20] Episode 199/200
[18:24:20] ======================================================================
[18:24:20] 总奖励:   -62.82 | 步数: 24
[18:24:20] 最近10个episodes平均:   -66.89
[18:24:20] 
各Agent奖励:
[18:24:20]   wind      :   82.986
[18:24:20]   solar     :   27.881
[18:24:20]   diesel    :    0.000
[18:24:20]   battery   :    1.858
[18:24:20]   customer  : -175.544
[18:24:20] 
🔌 Main Grid 交易:
[18:24:20]   进口电量:   100.52 kWh
[18:24:20]   出口电量:  1653.28 kWh
[18:24:20]   净交易量: -1552.75 kWh
[18:24:20]   平均出清价:  15.11 cents/kWh
[18:24:20]   市场独立度:  51.28%
[18:24:20] 
Buffer大小:  5016
[18:24:20] 噪声水平: 0.0811
[18:24:20] 
动作统计:
[18:24:20]   wind      : mean= 0.264, std= 0.141
[18:24:20]   solar     : mean=-0.093, std= 0.454
[18:24:20]   diesel    : mean= 0.579, std= 0.495
[18:24:20]   battery   : mean=-0.010, std= 0.834
[18:24:20]   customer  : mean= 0.486, std= 0.430
[18:24:21] 
======================================================================
[18:24:21] Episode 200/200
[18:24:21] ======================================================================
[18:24:21] 总奖励:   -74.69 | 步数: 24
[18:24:21] 最近10个episodes平均:   -69.29
[18:24:21] 
各Agent奖励:
[18:24:21]   wind      :   74.171
[18:24:21]   solar     :   30.408
[18:24:21]   diesel    :    0.000
[18:24:21]   battery   :    0.930
[18:24:21]   customer  : -180.198
[18:24:21] 
🔌 Main Grid 交易:
[18:24:21]   进口电量:   230.63 kWh
[18:24:21]   出口电量:  1704.31 kWh
[18:24:21]   净交易量: -1473.68 kWh
[18:24:21]   平均出清价:  14.99 cents/kWh
[18:24:21]   市场独立度:  46.25%
[18:24:21] 
Buffer大小:  5040
[18:24:21] 噪声水平: 0.0810
[18:24:21] 
动作统计:
[18:24:21]   wind      : mean= 0.268, std= 0.132
[18:24:21]   solar     : mean=-0.156, std= 0.407
[18:24:21]   diesel    : mean= 0.573, std= 0.498
[18:24:21]   battery   : mean= 0.004, std= 0.833
[18:24:21]   customer  : mean= 0.489, std= 0.388
[18:24:21] 
📊 生成可视化图表...
[18:24:22]   ✓ debug_plots/training_ep0200.png
[18:24:22] 💾 保存checkpoint: debug_checkpoints/debug_maddpg_20251203_182110_ep0200.pt
[18:24:22] 
======================================================================
[18:24:22] 🎉 训练完成！
[18:24:22] ======================================================================
[18:24:22] 
💾 统计数据已保存: debug_logs/debug_maddpg_20251203_182110_stats.json
[18:24:23] 📊 Main Grid分析: debug_plots/grid_analysis_final.png
[18:24:23] 💾 保存checkpoint: debug_checkpoints/debug_maddpg_20251203_182110_final.pt
