[20:33:08] 
======================================================================
[20:33:08] 🚀 开始训练 (Transformer Agents + Strategy Logging)
[20:33:08] ======================================================================
[20:33:08] 🔥 DEBUG: Wind Capacity = 30 kW
[20:33:08] 🔥 DEBUG: PV Capacity = 15 kW
[20:33:08] Warmup 0/20
[20:33:08] Warmup 5/20
[20:33:08] Warmup 10/20
[20:33:08] Warmup 15/20
[20:33:09] 
============================================================
[20:33:09] Episode 1/200 | Steps: 24
[20:33:09] 总奖励:  -263.35 (Avg10:  -263.35)
[20:33:09] Agent奖励:
[20:33:09]   wind      :   87.820
[20:33:09]   solar     :   31.116
[20:33:09]   diesel    :    0.000
[20:33:09]   battery   :   -5.067
[20:33:09]   customer  : -377.219
[20:33:09] Grid交易: Import=1287.5 | Export=0.0
[20:33:09] ------------------------------------------------------------
[20:33:09] 📊 每日策略详情 (Avg Bid / Total Gen):
[20:33:09]   Wind    : Bid  22.1¢ | Gen  240.0 kWh
[20:33:09]   Solar   : Bid  23.1¢ | Gen   82.5 kWh
[20:33:09]   Diesel  : Bid  30.7¢ | Gen    0.0 kWh
[20:33:09]   Battery : Bid  31.3¢ | Net  -32.7 kWh (Charge)
[20:33:09] ------------------------------------------------------------
[20:33:10] 
============================================================
[20:33:10] Episode 2/200 | Steps: 24
[20:33:10] 总奖励:  -266.15 (Avg10:  -264.75)
[20:33:10] Agent奖励:
[20:33:10]   wind      :   95.107
[20:33:10]   solar     :   22.933
[20:33:10]   diesel    :    0.000
[20:33:10]   battery   :   -7.139
[20:33:10]   customer  : -377.055
[20:33:10] Grid交易: Import=1372.6 | Export=0.0
[20:33:10] ------------------------------------------------------------
[20:33:10] 📊 每日策略详情 (Avg Bid / Total Gen):
[20:33:10]   Wind    : Bid  21.3¢ | Gen  284.2 kWh
[20:33:10]   Solar   : Bid  23.0¢ | Gen   56.0 kWh
[20:33:10]   Diesel  : Bid  30.2¢ | Gen    0.0 kWh
[20:33:10]   Battery : Bid  29.7¢ | Net  -46.7 kWh (Charge)
[20:33:10] ------------------------------------------------------------
[20:33:11] 
============================================================
[20:33:11] Episode 3/200 | Steps: 24
[20:33:11] 总奖励:  -253.72 (Avg10:  -261.07)
[20:33:11] Agent奖励:
[20:33:11]   wind      :   91.684
[20:33:11]   solar     :   22.597
[20:33:11]   diesel    :   18.984
[20:33:11]   battery   :   -8.703
[20:33:11]   customer  : -378.279
[20:33:11] Grid交易: Import=1097.8 | Export=8.4
[20:33:11] ------------------------------------------------------------
[20:33:11] 📊 每日策略详情 (Avg Bid / Total Gen):
[20:33:11]   Wind    : Bid  17.3¢ | Gen  325.5 kWh
[20:33:11]   Solar   : Bid  24.6¢ | Gen   63.3 kWh
[20:33:11]   Diesel  : Bid  29.7¢ | Gen   96.3 kWh
[20:33:11]   Battery : Bid  26.9¢ | Net  -49.9 kWh (Charge)
[20:33:11] ------------------------------------------------------------
[20:33:12] 
============================================================
[20:33:12] Episode 4/200 | Steps: 24
[20:33:12] 总奖励:  -191.51 (Avg10:  -243.68)
[20:33:12] Agent奖励:
[20:33:12]   wind      :  115.034
[20:33:12]   solar     :   25.575
[20:33:12]   diesel    :   30.818
[20:33:12]   battery   :  -23.706
[20:33:12]   customer  : -339.228
[20:33:12] Grid交易: Import=642.9 | Export=159.4
[20:33:12] ------------------------------------------------------------
[20:33:12] 📊 每日策略详情 (Avg Bid / Total Gen):
[20:33:12]   Wind    : Bid  11.5¢ | Gen  445.1 kWh
[20:33:12]   Solar   : Bid  23.6¢ | Gen   83.6 kWh
[20:33:12]   Diesel  : Bid  24.5¢ | Gen  263.8 kWh
[20:33:12]   Battery : Bid  26.1¢ | Net  -67.7 kWh (Charge)
[20:33:12] ------------------------------------------------------------
[20:33:12] 
============================================================
[20:33:12] Episode 5/200 | Steps: 24
[20:33:12] 总奖励:  -142.48 (Avg10:  -223.44)
[20:33:12] Agent奖励:
[20:33:12]   wind      :   98.032
[20:33:12]   solar     :   21.156
[20:33:12]   diesel    :   39.254
[20:33:12]   battery   :   -7.631
[20:33:12]   customer  : -293.288
[20:33:12] Grid交易: Import=169.8 | Export=509.9
[20:33:12] ------------------------------------------------------------
[20:33:12] 📊 每日策略详情 (Avg Bid / Total Gen):
[20:33:12]   Wind    : Bid   9.9¢ | Gen  422.6 kWh
[20:33:12]   Solar   : Bid  17.8¢ | Gen   75.6 kWh
[20:33:12]   Diesel  : Bid  20.5¢ | Gen  513.1 kWh
[20:33:12]   Battery : Bid  26.3¢ | Net  -17.9 kWh (Charge)
[20:33:12] ------------------------------------------------------------
[20:33:14] 
============================================================
[20:33:14] Episode 6/200 | Steps: 24
[20:33:14] 总奖励:  -135.54 (Avg10:  -208.79)
[20:33:14] Agent奖励:
[20:33:14]   wind      :   43.838
[20:33:14]   solar     :    6.730
[20:33:14]   diesel    :   -9.308
[20:33:14]   battery   :    0.000
[20:33:14]   customer  : -176.801
[20:33:14] Grid交易: Import=22.1 | Export=1284.3
[20:33:14] ------------------------------------------------------------
[20:33:14] 📊 每日策略详情 (Avg Bid / Total Gen):
[20:33:14]   Wind    : Bid   8.4¢ | Gen  331.0 kWh
[20:33:14]   Solar   : Bid  13.7¢ | Gen   41.4 kWh
[20:33:14]   Diesel  : Bid  12.6¢ | Gen  447.3 kWh
[20:33:14]   Battery : Bid  30.4¢ | Net    0.0 kWh (Idle)
[20:33:14] ------------------------------------------------------------
[20:33:15] 
============================================================
[20:33:15] Episode 7/200 | Steps: 24
[20:33:15] 总奖励:  -158.59 (Avg10:  -201.62)
[20:33:15] Agent奖励:
[20:33:15]   wind      :   23.947
[20:33:15]   solar     :    4.010
[20:33:15]   diesel    :   -8.393
[20:33:15]   battery   :    0.000
[20:33:15]   customer  : -178.157
[20:33:15] Grid交易: Import=0.0 | Export=1682.5
[20:33:15] ------------------------------------------------------------
[20:33:15] 📊 每日策略详情 (Avg Bid / Total Gen):
[20:33:15]   Wind    : Bid   8.5¢ | Gen  216.0 kWh
[20:33:15]   Solar   : Bid   8.5¢ | Gen   40.3 kWh
[20:33:15]   Diesel  : Bid  10.6¢ | Gen  192.1 kWh
[20:33:15]   Battery : Bid  31.8¢ | Net    0.0 kWh (Idle)
[20:33:15] ------------------------------------------------------------
[20:33:16] 
============================================================
[20:33:16] Episode 8/200 | Steps: 24
[20:33:16] 总奖励:  -156.61 (Avg10:  -195.99)
[20:33:16] Agent奖励:
[20:33:16]   wind      :   20.775
[20:33:16]   solar     :    3.750
[20:33:16]   diesel    :   -6.151
[20:33:16]   battery   :    0.000
[20:33:16]   customer  : -174.985
[20:33:16] Grid交易: Import=0.0 | Export=1804.8
[20:33:16] ------------------------------------------------------------
[20:33:16] 📊 每日策略详情 (Avg Bid / Total Gen):
[20:33:16]   Wind    : Bid   6.4¢ | Gen  217.5 kWh
[20:33:16]   Solar   : Bid   6.3¢ | Gen   33.1 kWh
[20:33:16]   Diesel  : Bid   8.7¢ | Gen  148.5 kWh
[20:33:16]   Battery : Bid  35.4¢ | Net    0.0 kWh (Idle)
[20:33:16] ------------------------------------------------------------
[20:33:17] 
============================================================
[20:33:17] Episode 9/200 | Steps: 24
[20:33:17] 总奖励:  -168.26 (Avg10:  -192.91)
[20:33:17] Agent奖励:
[20:33:17]   wind      :   19.010
[20:33:17]   solar     :    4.096
[20:33:17]   diesel    :   -6.141
[20:33:17]   battery   :    0.000
[20:33:17]   customer  : -185.229
[20:33:17] Grid交易: Import=0.0 | Export=1923.5
[20:33:17] ------------------------------------------------------------
[20:33:17] 📊 每日策略详情 (Avg Bid / Total Gen):
[20:33:17]   Wind    : Bid   7.3¢ | Gen  162.1 kWh
[20:33:17]   Solar   : Bid   8.0¢ | Gen   36.2 kWh
[20:33:17]   Diesel  : Bid  10.9¢ | Gen  129.1 kWh
[20:33:17]   Battery : Bid  33.5¢ | Net    0.0 kWh (Idle)
[20:33:17] ------------------------------------------------------------
[20:33:18] 
============================================================
[20:33:18] Episode 10/200 | Steps: 24
[20:33:18] 总奖励:  -168.41 (Avg10:  -190.46)
[20:33:18] Agent奖励:
[20:33:18]   wind      :   15.609
[20:33:18]   solar     :    1.080
[20:33:18]   diesel    :   -3.941
[20:33:18]   battery   :    0.000
[20:33:18]   customer  : -181.159
[20:33:18] Grid交易: Import=7.2 | Export=1620.9
[20:33:18] ------------------------------------------------------------
[20:33:18] 📊 每日策略详情 (Avg Bid / Total Gen):
[20:33:18]   Wind    : Bid   6.4¢ | Gen  155.2 kWh
[20:33:18]   Solar   : Bid   8.7¢ | Gen    9.3 kWh
[20:33:18]   Diesel  : Bid  10.4¢ | Gen  181.9 kWh
[20:33:18]   Battery : Bid  28.6¢ | Net    0.0 kWh (Idle)
[20:33:18] ------------------------------------------------------------
[20:33:19] 
============================================================
[20:33:19] Episode 11/200 | Steps: 24
[20:33:19] 总奖励:  -176.76 (Avg10:  -181.80)
[20:33:19] Agent奖励:
[20:33:19]   wind      :    5.246
[20:33:19]   solar     :    0.929
[20:33:19]   diesel    :   -0.527
[20:33:19]   battery   :    0.000
[20:33:19]   customer  : -182.412
[20:33:19] Grid交易: Import=0.0 | Export=2109.2
[20:33:19] ------------------------------------------------------------
[20:33:19] 📊 每日策略详情 (Avg Bid / Total Gen):
[20:33:19]   Wind    : Bid   6.8¢ | Gen   54.1 kWh
[20:33:19]   Solar   : Bid   7.1¢ | Gen    7.4 kWh
[20:33:19]   Diesel  : Bid  13.6¢ | Gen   13.8 kWh
[20:33:19]   Battery : Bid  20.1¢ | Net    0.0 kWh (Idle)
[20:33:19] ------------------------------------------------------------
[20:33:20] 
============================================================
[20:33:20] Episode 12/200 | Steps: 24
[20:33:20] 总奖励:  -175.61 (Avg10:  -172.75)
[20:33:20] Agent奖励:
[20:33:20]   wind      :    8.079
[20:33:20]   solar     :    2.435
[20:33:20]   diesel    :   -1.728
[20:33:20]   battery   :    0.000
[20:33:20]   customer  : -184.393
[20:33:20] Grid交易: Import=0.0 | Export=1964.6
[20:33:20] ------------------------------------------------------------
[20:33:20] 📊 每日策略详情 (Avg Bid / Total Gen):
[20:33:20]   Wind    : Bid   7.6¢ | Gen   94.4 kWh
[20:33:20]   Solar   : Bid   6.6¢ | Gen   26.4 kWh
[20:33:20]   Diesel  : Bid  16.9¢ | Gen   92.2 kWh
[20:33:20]   Battery : Bid  13.3¢ | Net    0.0 kWh (Idle)
[20:33:20] ------------------------------------------------------------
[20:33:21] 
============================================================
[20:33:21] Episode 13/200 | Steps: 24
[20:33:21] 总奖励:  -156.53 (Avg10:  -163.03)
[20:33:21] Agent奖励:
[20:33:21]   wind      :   18.228
[20:33:21]   solar     :    5.720
[20:33:21]   diesel    :    0.638
[20:33:21]   battery   :    0.000
[20:33:21]   customer  : -181.120
[20:33:21] Grid交易: Import=0.0 | Export=1950.0
[20:33:21] ------------------------------------------------------------
[20:33:21] 📊 每日策略详情 (Avg Bid / Total Gen):
[20:33:21]   Wind    : Bid   6.3¢ | Gen  174.3 kWh
[20:33:21]   Solar   : Bid   6.3¢ | Gen   49.1 kWh
[20:33:21]   Diesel  : Bid  18.0¢ | Gen   56.6 kWh
[20:33:21]   Battery : Bid  11.0¢ | Net    0.0 kWh (Idle)
[20:33:21] ------------------------------------------------------------
[20:33:21] 
============================================================
[20:33:21] Episode 14/200 | Steps: 24
[20:33:21] 总奖励:  -159.56 (Avg10:  -159.84)
[20:33:21] Agent奖励:
[20:33:21]   wind      :   25.760
[20:33:21]   solar     :    8.469
[20:33:21]   diesel    :    1.345
[20:33:21]   battery   :    0.000
[20:33:21]   customer  : -195.138
[20:33:21] Grid交易: Import=0.0 | Export=1814.7
[20:33:21] ------------------------------------------------------------
[20:33:21] 📊 每日策略详情 (Avg Bid / Total Gen):
[20:33:21]   Wind    : Bid   6.3¢ | Gen  169.8 kWh
[20:33:21]   Solar   : Bid   7.1¢ | Gen   44.6 kWh
[20:33:21]   Diesel  : Bid  22.4¢ | Gen   22.8 kWh
[20:33:21]   Battery : Bid  10.1¢ | Net    0.0 kWh (Idle)
[20:33:21] ------------------------------------------------------------
[20:33:22] 
============================================================
[20:33:22] Episode 15/200 | Steps: 24
[20:33:22] 总奖励:  -159.07 (Avg10:  -161.50)
[20:33:22] Agent奖励:
[20:33:22]   wind      :   21.045
[20:33:22]   solar     :    6.569
[20:33:22]   diesel    :    0.876
[20:33:22]   battery   :   -0.322
[20:33:22]   customer  : -187.237
[20:33:22] Grid交易: Import=0.0 | Export=1779.9
[20:33:22] ------------------------------------------------------------
[20:33:22] 📊 每日策略详情 (Avg Bid / Total Gen):
[20:33:22]   Wind    : Bid   7.1¢ | Gen  174.0 kWh
[20:33:22]   Solar   : Bid   6.5¢ | Gen   47.9 kWh
[20:33:22]   Diesel  : Bid  22.6¢ | Gen   57.6 kWh
[20:33:22]   Battery : Bid   8.2¢ | Net   10.7 kWh (Dischg)
[20:33:22] ------------------------------------------------------------
[20:33:23] 
============================================================
[20:33:23] Episode 16/200 | Steps: 24
[20:33:23] 总奖励:  -165.30 (Avg10:  -164.47)
[20:33:23] Agent奖励:
[20:33:23]   wind      :   15.151
[20:33:23]   solar     :    4.441
[20:33:23]   diesel    :   -4.243
[20:33:23]   battery   :    0.000
[20:33:23]   customer  : -180.648
[20:33:23] Grid交易: Import=0.0 | Export=1838.4
[20:33:23] ------------------------------------------------------------
[20:33:23] 📊 每日策略详情 (Avg Bid / Total Gen):
[20:33:23]   Wind    : Bid   6.6¢ | Gen  161.8 kWh
[20:33:23]   Solar   : Bid   7.7¢ | Gen   25.6 kWh
[20:33:23]   Diesel  : Bid  27.6¢ | Gen   61.6 kWh
[20:33:23]   Battery : Bid   7.3¢ | Net    0.0 kWh (Idle)
[20:33:23] ------------------------------------------------------------
[20:33:25] 
============================================================
[20:33:25] Episode 17/200 | Steps: 24
[20:33:25] 总奖励:  -165.87 (Avg10:  -165.20)
[20:33:25] Agent奖励:
[20:33:25]   wind      :   16.637
[20:33:25]   solar     :    4.762
[20:33:25]   diesel    :    0.000
[20:33:25]   battery   :    0.000
[20:33:25]   customer  : -187.271
[20:33:25] Grid交易: Import=0.0 | Export=1992.5
[20:33:25] ------------------------------------------------------------
[20:33:25] 📊 每日策略详情 (Avg Bid / Total Gen):
[20:33:25]   Wind    : Bid   7.0¢ | Gen  119.0 kWh
[20:33:25]   Solar   : Bid   6.6¢ | Gen   25.5 kWh
[20:33:25]   Diesel  : Bid  30.8¢ | Gen    0.0 kWh
[20:33:25]   Battery : Bid   9.1¢ | Net    0.0 kWh (Idle)
[20:33:25] ------------------------------------------------------------
[20:33:25] 
============================================================
[20:33:25] Episode 18/200 | Steps: 24
[20:33:25] 总奖励:  -161.08 (Avg10:  -165.65)
[20:33:25] Agent奖励:
[20:33:25]   wind      :   20.383
[20:33:25]   solar     :    5.695
[20:33:25]   diesel    :    1.018
[20:33:25]   battery   :    0.000
[20:33:25]   customer  : -188.174
[20:33:25] Grid交易: Import=0.0 | Export=1966.8
[20:33:25] ------------------------------------------------------------
[20:33:25] 📊 每日策略详情 (Avg Bid / Total Gen):
[20:33:25]   Wind    : Bid   7.5¢ | Gen  140.0 kWh
[20:33:25]   Solar   : Bid   7.3¢ | Gen   21.6 kWh
[20:33:25]   Diesel  : Bid  31.0¢ | Gen    5.2 kWh
[20:33:25]   Battery : Bid   6.7¢ | Net    0.0 kWh (Idle)
[20:33:25] ------------------------------------------------------------
[20:33:26] 
============================================================
[20:33:26] Episode 19/200 | Steps: 24
[20:33:26] 总奖励:  -177.31 (Avg10:  -166.55)
[20:33:26] Agent奖励:
[20:33:26]   wind      :    7.890
[20:33:26]   solar     :    6.326
[20:33:26]   diesel    :    8.784
[20:33:26]   battery   :    0.000
[20:33:26]   customer  : -200.310
[20:33:26] Grid交易: Import=0.0 | Export=1946.6
[20:33:26] ------------------------------------------------------------
[20:33:26] 📊 每日策略详情 (Avg Bid / Total Gen):
[20:33:26]   Wind    : Bid   6.7¢ | Gen   50.6 kWh
[20:33:26]   Solar   : Bid   6.0¢ | Gen   17.5 kWh
[20:33:26]   Diesel  : Bid  34.0¢ | Gen   43.2 kWh
[20:33:26]   Battery : Bid   8.2¢ | Net    0.0 kWh (Idle)
[20:33:26] ------------------------------------------------------------
[20:33:27] 
============================================================
[20:33:27] Episode 20/200 | Steps: 24
[20:33:27] 总奖励:  -176.57 (Avg10:  -167.37)
[20:33:27] Agent奖励:
[20:33:27]   wind      :   10.827
[20:33:27]   solar     :    6.018
[20:33:27]   diesel    :    0.128
[20:33:27]   battery   :    0.000
[20:33:27]   customer  : -193.539
[20:33:27] Grid交易: Import=0.0 | Export=1887.8
[20:33:27] ------------------------------------------------------------
[20:33:27] 📊 每日策略详情 (Avg Bid / Total Gen):
[20:33:27]   Wind    : Bid   5.9¢ | Gen   84.9 kWh
[20:33:27]   Solar   : Bid   7.0¢ | Gen   27.5 kWh
[20:33:27]   Diesel  : Bid  35.4¢ | Gen    0.5 kWh
[20:33:27]   Battery : Bid   8.1¢ | Net    0.0 kWh (Idle)
[20:33:27] ------------------------------------------------------------
[20:33:27] 
📊 生成图表...
[20:33:27]   ✓ debug_plots/training_status_ep0020.png
[20:33:27]   ✓ debug_plots/grid_status_ep0020.png
[20:33:28] 
============================================================
[20:33:28] Episode 21/200 | Steps: 24
[20:33:28] 总奖励:  -174.95 (Avg10:  -167.19)
[20:33:28] Agent奖励:
[20:33:28]   wind      :   12.415
[20:33:28]   solar     :    2.876
[20:33:28]   diesel    :    0.000
[20:33:28]   battery   :    0.000
[20:33:28]   customer  : -190.243
[20:33:28] Grid交易: Import=0.0 | Export=2075.4
[20:33:28] ------------------------------------------------------------
[20:33:28] 📊 每日策略详情 (Avg Bid / Total Gen):
[20:33:28]   Wind    : Bid   6.5¢ | Gen  122.0 kWh
[20:33:28]   Solar   : Bid   7.4¢ | Gen   21.5 kWh
[20:33:28]   Diesel  : Bid  35.9¢ | Gen    0.0 kWh
[20:33:28]   Battery : Bid   7.0¢ | Net    0.0 kWh (Idle)
[20:33:28] ------------------------------------------------------------
[20:33:29] 
============================================================
[20:33:29] Episode 22/200 | Steps: 24
[20:33:29] 总奖励:  -171.88 (Avg10:  -166.81)
[20:33:29] Agent奖励:
[20:33:29]   wind      :   13.396
[20:33:29]   solar     :    1.253
[20:33:29]   diesel    :    0.000
[20:33:29]   battery   :   -0.348
[20:33:29]   customer  : -186.177
[20:33:29] Grid交易: Import=0.0 | Export=1950.0
[20:33:29] ------------------------------------------------------------
[20:33:29] 📊 每日策略详情 (Avg Bid / Total Gen):
[20:33:29]   Wind    : Bid   7.2¢ | Gen  148.0 kWh
[20:33:29]   Solar   : Bid   7.0¢ | Gen   13.5 kWh
[20:33:29]   Diesel  : Bid  32.3¢ | Gen    0.0 kWh
[20:33:29]   Battery : Bid   6.8¢ | Net   12.8 kWh (Dischg)
[20:33:29] ------------------------------------------------------------
[20:33:30] 
============================================================
[20:33:30] Episode 23/200 | Steps: 24
[20:33:30] 总奖励:  -164.22 (Avg10:  -167.58)
[20:33:30] Agent奖励:
[20:33:30]   wind      :   16.394
[20:33:30]   solar     :    6.157
[20:33:30]   diesel    :    0.000
[20:33:30]   battery   :    0.010
[20:33:30]   customer  : -186.779
[20:33:30] Grid交易: Import=0.0 | Export=1954.8
[20:33:30] ------------------------------------------------------------
[20:33:30] 📊 每日策略详情 (Avg Bid / Total Gen):
[20:33:30]   Wind    : Bid   7.5¢ | Gen  114.7 kWh
[20:33:30]   Solar   : Bid   6.1¢ | Gen   24.5 kWh
[20:33:30]   Diesel  : Bid  35.4¢ | Gen    0.0 kWh
[20:33:30]   Battery : Bid   5.9¢ | Net   10.5 kWh (Dischg)
[20:33:30] ------------------------------------------------------------
[20:33:31] 
============================================================
[20:33:31] Episode 24/200 | Steps: 24
[20:33:31] 总奖励:  -157.71 (Avg10:  -167.39)
[20:33:31] Agent奖励:
[20:33:31]   wind      :   28.996
[20:33:31]   solar     :    9.010
[20:33:31]   diesel    :    0.000
[20:33:31]   battery   :   -0.362
[20:33:31]   customer  : -195.351
[20:33:31] Grid交易: Import=0.0 | Export=1765.0
[20:33:31] ------------------------------------------------------------
[20:33:31] 📊 每日策略详情 (Avg Bid / Total Gen):
[20:33:31]   Wind    : Bid   6.9¢ | Gen  165.1 kWh
[20:33:31]   Solar   : Bid   7.5¢ | Gen   26.5 kWh
[20:33:31]   Diesel  : Bid  35.0¢ | Gen    0.0 kWh
[20:33:31]   Battery : Bid   6.8¢ | Net   12.1 kWh (Dischg)
[20:33:31] ------------------------------------------------------------
[20:33:32] 
============================================================
[20:33:32] Episode 25/200 | Steps: 24
[20:33:32] 总奖励:  -163.25 (Avg10:  -167.81)
[20:33:32] Agent奖励:
[20:33:32]   wind      :   23.007
[20:33:32]   solar     :    5.632
[20:33:32]   diesel    :    6.349
[20:33:32]   battery   :   -0.082
[20:33:32]   customer  : -198.161
[20:33:32] Grid交易: Import=0.0 | Export=1869.2
[20:33:32] ------------------------------------------------------------
[20:33:32] 📊 每日策略详情 (Avg Bid / Total Gen):
[20:33:32]   Wind    : Bid   6.4¢ | Gen  178.2 kWh
[20:33:32]   Solar   : Bid   7.3¢ | Gen   18.0 kWh
[20:33:32]   Diesel  : Bid  33.8¢ | Gen   23.9 kWh
[20:33:32]   Battery : Bid   7.2¢ | Net   17.4 kWh (Dischg)
[20:33:32] ------------------------------------------------------------
[20:33:33] 
============================================================
[20:33:33] Episode 26/200 | Steps: 24
[20:33:33] 总奖励:  -175.90 (Avg10:  -168.87)
[20:33:33] Agent奖励:
[20:33:33]   wind      :    7.424
[20:33:33]   solar     :    5.100
[20:33:33]   diesel    :    3.051
[20:33:33]   battery   :    0.000
[20:33:33]   customer  : -191.475
[20:33:33] Grid交易: Import=0.0 | Export=1918.2
[20:33:33] ------------------------------------------------------------
[20:33:33] 📊 每日策略详情 (Avg Bid / Total Gen):
[20:33:33]   Wind    : Bid   6.3¢ | Gen   68.2 kWh
[20:33:33]   Solar   : Bid   6.6¢ | Gen   18.7 kWh
[20:33:33]   Diesel  : Bid  32.9¢ | Gen   15.4 kWh
[20:33:33]   Battery : Bid   8.4¢ | Net    0.0 kWh (Idle)
[20:33:33] ------------------------------------------------------------
[20:33:35] 
============================================================
[20:33:35] Episode 27/200 | Steps: 24
[20:33:35] 总奖励:  -170.37 (Avg10:  -169.32)
[20:33:35] Agent奖励:
[20:33:35]   wind      :   19.295
[20:33:35]   solar     :    4.899
[20:33:35]   diesel    :    1.446
[20:33:35]   battery   :    0.880
[20:33:35]   customer  : -196.889
[20:33:35] Grid交易: Import=0.0 | Export=2018.3
[20:33:35] ------------------------------------------------------------
[20:33:35] 📊 每日策略详情 (Avg Bid / Total Gen):
[20:33:35]   Wind    : Bid   6.7¢ | Gen   96.6 kWh
[20:33:35]   Solar   : Bid   5.7¢ | Gen   21.9 kWh
[20:33:35]   Diesel  : Bid  33.8¢ | Gen   11.9 kWh
[20:33:35]   Battery : Bid   7.1¢ | Net   15.8 kWh (Dischg)
[20:33:35] ------------------------------------------------------------
[20:33:35] 
============================================================
[20:33:35] Episode 28/200 | Steps: 24
[20:33:35] 总奖励:  -169.94 (Avg10:  -170.21)
[20:33:35] Agent奖励:
[20:33:35]   wind      :   12.689
[20:33:35]   solar     :    0.046
[20:33:35]   diesel    :    0.000
[20:33:35]   battery   :    0.451
[20:33:35]   customer  : -183.128
[20:33:35] Grid交易: Import=0.0 | Export=1953.8
[20:33:35] ------------------------------------------------------------
[20:33:35] 📊 每日策略详情 (Avg Bid / Total Gen):
[20:33:35]   Wind    : Bid   5.7¢ | Gen  116.7 kWh
[20:33:35]   Solar   : Bid   7.7¢ | Gen    0.5 kWh
[20:33:35]   Diesel  : Bid  34.5¢ | Gen    0.0 kWh
[20:33:35]   Battery : Bid   7.2¢ | Net    7.3 kWh (Dischg)
[20:33:35] ------------------------------------------------------------
[20:33:37] 
============================================================
[20:33:37] Episode 29/200 | Steps: 24
[20:33:37] 总奖励:  -172.33 (Avg10:  -169.71)
[20:33:37] Agent奖励:
[20:33:37]   wind      :   11.367
[20:33:37]   solar     :    1.938
[20:33:37]   diesel    :    0.000
[20:33:37]   battery   :    0.421
[20:33:37]   customer  : -186.055
[20:33:37] Grid交易: Import=0.0 | Export=1879.1
[20:33:37] ------------------------------------------------------------
[20:33:37] 📊 每日策略详情 (Avg Bid / Total Gen):
[20:33:37]   Wind    : Bid   7.4¢ | Gen   94.5 kWh
[20:33:37]   Solar   : Bid   8.1¢ | Gen   10.6 kWh
[20:33:37]   Diesel  : Bid  35.0¢ | Gen    0.0 kWh
[20:33:37]   Battery : Bid   6.7¢ | Net   16.7 kWh (Dischg)
[20:33:37] ------------------------------------------------------------
[20:33:38] 
============================================================
[20:33:38] Episode 30/200 | Steps: 24
[20:33:38] 总奖励:  -175.08 (Avg10:  -169.56)
[20:33:38] Agent奖励:
[20:33:38]   wind      :   14.887
[20:33:38]   solar     :    5.174
[20:33:38]   diesel    :    0.280
[20:33:38]   battery   :   -0.291
[20:33:38]   customer  : -195.129
[20:33:38] Grid交易: Import=0.0 | Export=1951.8
[20:33:38] ------------------------------------------------------------
[20:33:38] 📊 每日策略详情 (Avg Bid / Total Gen):
[20:33:38]   Wind    : Bid   6.5¢ | Gen   95.9 kWh
[20:33:38]   Solar   : Bid   6.7¢ | Gen   27.9 kWh
[20:33:38]   Diesel  : Bid  35.2¢ | Gen    3.6 kWh
[20:33:38]   Battery : Bid   8.2¢ | Net    9.7 kWh (Dischg)
[20:33:38] ------------------------------------------------------------
[20:33:39] 
============================================================
[20:33:39] Episode 31/200 | Steps: 24
[20:33:39] 总奖励:  -176.64 (Avg10:  -169.73)
[20:33:39] Agent奖励:
[20:33:39]   wind      :   13.225
[20:33:39]   solar     :    3.911
[20:33:39]   diesel    :    0.000
[20:33:39]   battery   :   -0.903
[20:33:39]   customer  : -192.875
[20:33:39] Grid交易: Import=31.5 | Export=1913.9
[20:33:39] ------------------------------------------------------------
[20:33:39] 📊 每日策略详情 (Avg Bid / Total Gen):
[20:33:39]   Wind    : Bid   6.5¢ | Gen  131.0 kWh
[20:33:39]   Solar   : Bid   6.6¢ | Gen   20.3 kWh
[20:33:39]   Diesel  : Bid  32.2¢ | Gen    0.0 kWh
[20:33:39]   Battery : Bid   6.6¢ | Net   31.7 kWh (Dischg)
[20:33:39] ------------------------------------------------------------
[20:33:39] 
============================================================
[20:33:39] Episode 32/200 | Steps: 24
[20:33:39] 总奖励:  -162.59 (Avg10:  -168.80)
[20:33:39] Agent奖励:
[20:33:39]   wind      :   18.432
[20:33:39]   solar     :    1.550
[20:33:39]   diesel    :    0.000
[20:33:39]   battery   :    0.076
[20:33:39]   customer  : -182.652
[20:33:39] Grid交易: Import=0.0 | Export=2013.4
[20:33:39] ------------------------------------------------------------
[20:33:39] 📊 每日策略详情 (Avg Bid / Total Gen):
[20:33:39]   Wind    : Bid   6.7¢ | Gen  166.8 kWh
[20:33:39]   Solar   : Bid   6.6¢ | Gen   13.1 kWh
[20:33:39]   Diesel  : Bid  33.1¢ | Gen    0.0 kWh
[20:33:39]   Battery : Bid   7.3¢ | Net   13.4 kWh (Dischg)
[20:33:39] ------------------------------------------------------------
[20:33:40] 
============================================================
[20:33:40] Episode 33/200 | Steps: 24
[20:33:40] 总奖励:  -157.23 (Avg10:  -168.10)
[20:33:40] Agent奖励:
[20:33:40]   wind      :   26.863
[20:33:40]   solar     :   10.107
[20:33:40]   diesel    :    0.000
[20:33:40]   battery   :    0.000
[20:33:40]   customer  : -194.200
[20:33:40] Grid交易: Import=0.0 | Export=1922.7
[20:33:40] ------------------------------------------------------------
[20:33:40] 📊 每日策略详情 (Avg Bid / Total Gen):
[20:33:40]   Wind    : Bid   7.3¢ | Gen  162.1 kWh
[20:33:40]   Solar   : Bid   6.6¢ | Gen   51.6 kWh
[20:33:40]   Diesel  : Bid  32.9¢ | Gen    0.0 kWh
[20:33:40]   Battery : Bid   6.9¢ | Net    0.0 kWh (Idle)
[20:33:40] ------------------------------------------------------------
[20:33:41] 
============================================================
[20:33:41] Episode 34/200 | Steps: 24
[20:33:41] 总奖励:  -166.43 (Avg10:  -168.98)
[20:33:41] Agent奖励:
[20:33:41]   wind      :   23.970
[20:33:41]   solar     :    7.032
[20:33:41]   diesel    :    6.169
[20:33:41]   battery   :   -0.391
[20:33:41]   customer  : -203.214
[20:33:41] Grid交易: Import=0.0 | Export=1758.2
[20:33:41] ------------------------------------------------------------
[20:33:41] 📊 每日策略详情 (Avg Bid / Total Gen):
[20:33:41]   Wind    : Bid   7.3¢ | Gen  168.9 kWh
[20:33:41]   Solar   : Bid   7.8¢ | Gen   37.6 kWh
[20:33:41]   Diesel  : Bid  29.6¢ | Gen  141.5 kWh
[20:33:41]   Battery : Bid   6.1¢ | Net   13.0 kWh (Dischg)
[20:33:41] ------------------------------------------------------------
[20:33:42] 
============================================================
[20:33:42] Episode 35/200 | Steps: 24
[20:33:42] 总奖励:  -182.87 (Avg10:  -170.94)
[20:33:42] Agent奖励:
[20:33:42]   wind      :   24.545
[20:33:42]   solar     :    1.320
[20:33:42]   diesel    :    4.649
[20:33:42]   battery   :    0.000
[20:33:42]   customer  : -213.380
[20:33:42] Grid交易: Import=0.0 | Export=1810.2
[20:33:42] ------------------------------------------------------------
[20:33:42] 📊 每日策略详情 (Avg Bid / Total Gen):
[20:33:42]   Wind    : Bid   6.4¢ | Gen  135.4 kWh
[20:33:42]   Solar   : Bid   7.6¢ | Gen   10.1 kWh
[20:33:42]   Diesel  : Bid  31.1¢ | Gen   65.8 kWh
[20:33:42]   Battery : Bid   7.4¢ | Net    0.0 kWh (Idle)
[20:33:42] ------------------------------------------------------------
[20:33:44] 
============================================================
[20:33:44] Episode 36/200 | Steps: 24
[20:33:44] 总奖励:  -169.80 (Avg10:  -170.33)
[20:33:44] Agent奖励:
[20:33:44]   wind      :   29.337
[20:33:44]   solar     :    6.090
[20:33:44]   diesel    :    1.361
[20:33:44]   battery   :    0.000
[20:33:44]   customer  : -206.589
[20:33:44] Grid交易: Import=0.0 | Export=1779.9
[20:33:44] ------------------------------------------------------------
[20:33:44] 📊 每日策略详情 (Avg Bid / Total Gen):
[20:33:44]   Wind    : Bid   6.1¢ | Gen  132.1 kWh
[20:33:44]   Solar   : Bid   6.8¢ | Gen   26.7 kWh
[20:33:44]   Diesel  : Bid  31.0¢ | Gen    6.1 kWh
[20:33:44]   Battery : Bid   7.4¢ | Net    0.0 kWh (Idle)
[20:33:44] ------------------------------------------------------------
[20:33:45] 
============================================================
[20:33:45] Episode 37/200 | Steps: 24
[20:33:45] 总奖励:  -162.20 (Avg10:  -169.51)
[20:33:45] Agent奖励:
[20:33:45]   wind      :   32.834
[20:33:45]   solar     :   10.301
[20:33:45]   diesel    :    0.832
[20:33:45]   battery   :    0.186
[20:33:45]   customer  : -206.354
[20:33:45] Grid交易: Import=0.1 | Export=1794.0
[20:33:45] ------------------------------------------------------------
[20:33:45] 📊 每日策略详情 (Avg Bid / Total Gen):
[20:33:45]   Wind    : Bid   6.7¢ | Gen  206.7 kWh
[20:33:45]   Solar   : Bid   6.7¢ | Gen   37.4 kWh
[20:33:45]   Diesel  : Bid  30.1¢ | Gen   19.5 kWh
[20:33:45]   Battery : Bid   6.5¢ | Net   18.7 kWh (Dischg)
[20:33:45] ------------------------------------------------------------
[20:33:46] 
============================================================
[20:33:46] Episode 38/200 | Steps: 24
[20:33:46] 总奖励:  -171.86 (Avg10:  -169.70)
[20:33:46] Agent奖励:
[20:33:46]   wind      :   29.591
[20:33:46]   solar     :    3.295
[20:33:46]   diesel    :    0.000
[20:33:46]   battery   :    0.000
[20:33:46]   customer  : -204.748
[20:33:46] Grid交易: Import=0.0 | Export=2012.1
[20:33:46] ------------------------------------------------------------
[20:33:46] 📊 每日策略详情 (Avg Bid / Total Gen):
[20:33:46]   Wind    : Bid   7.4¢ | Gen  163.8 kWh
[20:33:46]   Solar   : Bid   7.1¢ | Gen   19.6 kWh
[20:33:46]   Diesel  : Bid  31.5¢ | Gen    0.0 kWh
[20:33:46]   Battery : Bid   7.0¢ | Net    0.0 kWh (Idle)
[20:33:46] ------------------------------------------------------------
[20:33:47] 
============================================================
[20:33:47] Episode 39/200 | Steps: 24
[20:33:47] 总奖励:  -164.28 (Avg10:  -168.90)
[20:33:47] Agent奖励:
[20:33:47]   wind      :   23.847
[20:33:47]   solar     :    5.952
[20:33:47]   diesel    :    2.383
[20:33:47]   battery   :   -0.271
[20:33:47]   customer  : -196.190
[20:33:47] Grid交易: Import=0.0 | Export=1807.0
[20:33:47] ------------------------------------------------------------
[20:33:47] 📊 每日策略详情 (Avg Bid / Total Gen):
[20:33:47]   Wind    : Bid   6.9¢ | Gen  152.7 kWh
[20:33:47]   Solar   : Bid   6.7¢ | Gen   23.1 kWh
[20:33:47]   Diesel  : Bid  31.1¢ | Gen    9.8 kWh
[20:33:47]   Battery : Bid   7.3¢ | Net    9.0 kWh (Dischg)
[20:33:47] ------------------------------------------------------------
[20:33:48] 
============================================================
[20:33:48] Episode 40/200 | Steps: 24
[20:33:48] 总奖励:  -161.26 (Avg10:  -167.52)
[20:33:48] Agent奖励:
[20:33:48]   wind      :   15.855
[20:33:48]   solar     :    4.912
[20:33:48]   diesel    :    0.000
[20:33:48]   battery   :   -0.341
[20:33:48]   customer  : -181.686
[20:33:48] Grid交易: Import=0.0 | Export=2064.4
[20:33:48] ------------------------------------------------------------
[20:33:48] 📊 每日策略详情 (Avg Bid / Total Gen):
[20:33:48]   Wind    : Bid   6.7¢ | Gen  123.3 kWh
[20:33:48]   Solar   : Bid   6.5¢ | Gen   39.3 kWh
[20:33:48]   Diesel  : Bid  29.6¢ | Gen    0.0 kWh
[20:33:48]   Battery : Bid   7.5¢ | Net   16.8 kWh (Dischg)
[20:33:48] ------------------------------------------------------------
[20:33:48] 
📊 生成图表...
[20:33:48]   ✓ debug_plots/training_status_ep0040.png
[20:33:48]   ✓ debug_plots/grid_status_ep0040.png
[20:33:49] 
============================================================
[20:33:49] Episode 41/200 | Steps: 24
[20:33:49] 总奖励:  -172.85 (Avg10:  -167.14)
[20:33:49] Agent奖励:
[20:33:49]   wind      :   14.709
[20:33:49]   solar     :    4.655
[20:33:49]   diesel    :    0.000
[20:33:49]   battery   :   -0.752
[20:33:49]   customer  : -191.463
[20:33:49] Grid交易: Import=0.0 | Export=1982.4
[20:33:49] ------------------------------------------------------------
[20:33:49] 📊 每日策略详情 (Avg Bid / Total Gen):
[20:33:49]   Wind    : Bid   7.2¢ | Gen  110.2 kWh
[20:33:49]   Solar   : Bid   6.4¢ | Gen   32.3 kWh
[20:33:49]   Diesel  : Bid  31.4¢ | Gen    0.0 kWh
[20:33:49]   Battery : Bid   7.7¢ | Net  -10.7 kWh (Charge)
[20:33:49] ------------------------------------------------------------
[20:33:50] 
============================================================
[20:33:50] Episode 42/200 | Steps: 24
[20:33:50] 总奖励:  -180.67 (Avg10:  -168.95)
[20:33:50] Agent奖励:
[20:33:50]   wind      :    5.745
[20:33:50]   solar     :    2.896
[20:33:50]   diesel    :    0.498
[20:33:50]   battery   :    0.000
[20:33:50]   customer  : -189.810
[20:33:50] Grid交易: Import=0.0 | Export=2169.6
[20:33:50] ------------------------------------------------------------
[20:33:50] 📊 每日策略详情 (Avg Bid / Total Gen):
[20:33:50]   Wind    : Bid   7.0¢ | Gen   53.5 kWh
[20:33:50]   Solar   : Bid   7.5¢ | Gen   13.0 kWh
[20:33:50]   Diesel  : Bid  29.1¢ | Gen    5.8 kWh
[20:33:50]   Battery : Bid   6.5¢ | Net    0.0 kWh (Idle)
[20:33:50] ------------------------------------------------------------
[20:33:51] 
============================================================
[20:33:51] Episode 43/200 | Steps: 24
[20:33:51] 总奖励:  -177.94 (Avg10:  -171.02)
[20:33:51] Agent奖励:
[20:33:51]   wind      :    7.237
[20:33:51]   solar     :    1.016
[20:33:51]   diesel    :    0.000
[20:33:51]   battery   :    0.000
[20:33:51]   customer  : -186.192
[20:33:51] Grid交易: Import=0.0 | Export=2071.7
[20:33:51] ------------------------------------------------------------
[20:33:51] 📊 每日策略详情 (Avg Bid / Total Gen):
[20:33:51]   Wind    : Bid   7.3¢ | Gen   88.7 kWh
[20:33:51]   Solar   : Bid   7.6¢ | Gen   13.5 kWh
[20:33:51]   Diesel  : Bid  25.7¢ | Gen    0.0 kWh
[20:33:51]   Battery : Bid   6.8¢ | Net    0.0 kWh (Idle)
[20:33:51] ------------------------------------------------------------
[20:33:52] 
============================================================
[20:33:52] Episode 44/200 | Steps: 24
[20:33:52] 总奖励:  -173.50 (Avg10:  -171.72)
[20:33:52] Agent奖励:
[20:33:52]   wind      :   16.993
[20:33:52]   solar     :    3.999
[20:33:52]   diesel    :    0.901
[20:33:52]   battery   :    0.000
[20:33:52]   customer  : -195.395
[20:33:52] Grid交易: Import=0.0 | Export=1874.5
[20:33:52] ------------------------------------------------------------
[20:33:52] 📊 每日策略详情 (Avg Bid / Total Gen):
[20:33:52]   Wind    : Bid   9.4¢ | Gen   97.7 kWh
[20:33:52]   Solar   : Bid   6.0¢ | Gen   24.9 kWh
[20:33:52]   Diesel  : Bid  26.9¢ | Gen   16.7 kWh
[20:33:52]   Battery : Bid   6.6¢ | Net    0.0 kWh (Idle)
[20:33:52] ------------------------------------------------------------
[20:33:54] 
============================================================
[20:33:54] Episode 45/200 | Steps: 24
[20:33:54] 总奖励:  -166.54 (Avg10:  -170.09)
[20:33:54] Agent奖励:
[20:33:54]   wind      :   11.303
[20:33:54]   solar     :    7.148
[20:33:54]   diesel    :    0.271
[20:33:54]   battery   :   -0.096
[20:33:54]   customer  : -185.170
[20:33:54] Grid交易: Import=0.0 | Export=2112.5
[20:33:54] ------------------------------------------------------------
[20:33:54] 📊 每日策略详情 (Avg Bid / Total Gen):
[20:33:54]   Wind    : Bid   9.1¢ | Gen   87.8 kWh
[20:33:54]   Solar   : Bid   7.4¢ | Gen   40.3 kWh
[20:33:54]   Diesel  : Bid  27.2¢ | Gen    1.4 kWh
[20:33:54]   Battery : Bid   6.3¢ | Net   14.4 kWh (Dischg)
[20:33:54] ------------------------------------------------------------
[20:33:55] 
============================================================
[20:33:55] Episode 46/200 | Steps: 24
[20:33:55] 总奖励:  -170.23 (Avg10:  -170.13)
[20:33:55] Agent奖励:
[20:33:55]   wind      :   13.168
[20:33:55]   solar     :    4.484
[20:33:55]   diesel    :   -1.634
[20:33:55]   battery   :    0.000
[20:33:55]   customer  : -186.251
[20:33:55] Grid交易: Import=0.0 | Export=1980.3
[20:33:55] ------------------------------------------------------------
[20:33:55] 📊 每日策略详情 (Avg Bid / Total Gen):
[20:33:55]   Wind    : Bid   9.8¢ | Gen   88.7 kWh
[20:33:55]   Solar   : Bid   6.4¢ | Gen   26.5 kWh
[20:33:55]   Diesel  : Bid  27.6¢ | Gen   29.1 kWh
[20:33:55]   Battery : Bid   6.3¢ | Net    0.0 kWh (Idle)
[20:33:55] ------------------------------------------------------------
[20:33:57] 
============================================================
[20:33:57] Episode 47/200 | Steps: 24
[20:33:57] 总奖励:  -161.69 (Avg10:  -170.08)
[20:33:57] Agent奖励:
[20:33:57]   wind      :   22.399
[20:33:57]   solar     :    5.638
[20:33:57]   diesel    :    1.498
[20:33:57]   battery   :    0.000
[20:33:57]   customer  : -191.227
[20:33:57] Grid交易: Import=0.0 | Export=1831.8
[20:33:57] ------------------------------------------------------------
[20:33:57] 📊 每日策略详情 (Avg Bid / Total Gen):
[20:33:57]   Wind    : Bid  10.9¢ | Gen  137.2 kWh
[20:33:57]   Solar   : Bid   6.8¢ | Gen   31.1 kWh
[20:33:57]   Diesel  : Bid  26.3¢ | Gen   27.0 kWh
[20:33:57]   Battery : Bid   6.0¢ | Net    0.0 kWh (Idle)
[20:33:57] ------------------------------------------------------------
[20:33:57] 
============================================================
[20:33:57] Episode 48/200 | Steps: 24
[20:33:57] 总奖励:  -171.84 (Avg10:  -170.08)
[20:33:57] Agent奖励:
[20:33:57]   wind      :   14.757
[20:33:57]   solar     :    8.135
[20:33:57]   diesel    :   -0.067
[20:33:57]   battery   :    0.000
[20:33:57]   customer  : -194.668
[20:33:57] Grid交易: Import=0.0 | Export=2010.2
[20:33:57] ------------------------------------------------------------
[20:33:57] 📊 每日策略详情 (Avg Bid / Total Gen):
[20:33:57]   Wind    : Bid  11.2¢ | Gen  101.9 kWh
[20:33:57]   Solar   : Bid   6.7¢ | Gen   42.6 kWh
[20:33:57]   Diesel  : Bid  26.1¢ | Gen    9.7 kWh
[20:33:57]   Battery : Bid   6.9¢ | Net    0.0 kWh (Idle)
[20:33:57] ------------------------------------------------------------
[20:33:58] 
============================================================
[20:33:58] Episode 49/200 | Steps: 24
[20:33:58] 总奖励:  -176.16 (Avg10:  -171.27)
[20:33:58] Agent奖励:
[20:33:58]   wind      :   13.727
[20:33:58]   solar     :    5.419
[20:33:58]   diesel    :    0.172
[20:33:58]   battery   :    0.000
[20:33:58]   customer  : -195.478
[20:33:58] Grid交易: Import=0.0 | Export=1962.7
[20:33:58] ------------------------------------------------------------
[20:33:58] 📊 每日策略详情 (Avg Bid / Total Gen):
[20:33:58]   Wind    : Bid  10.8¢ | Gen   94.1 kWh
[20:33:58]   Solar   : Bid   7.2¢ | Gen   27.2 kWh
[20:33:58]   Diesel  : Bid  25.0¢ | Gen    4.2 kWh
[20:33:58]   Battery : Bid   6.6¢ | Net    0.0 kWh (Idle)
[20:33:58] ------------------------------------------------------------
[20:33:59] 
============================================================
[20:33:59] Episode 50/200 | Steps: 24
[20:33:59] 总奖励:  -156.80 (Avg10:  -170.82)
[20:33:59] Agent奖励:
[20:33:59]   wind      :   17.399
[20:33:59]   solar     :    6.127
[20:33:59]   diesel    :    0.159
[20:33:59]   battery   :    0.476
[20:33:59]   customer  : -180.966
[20:33:59] Grid交易: Import=0.0 | Export=1963.8
[20:33:59] ------------------------------------------------------------
[20:33:59] 📊 每日策略详情 (Avg Bid / Total Gen):
[20:33:59]   Wind    : Bid  10.4¢ | Gen  144.0 kWh
[20:33:59]   Solar   : Bid   6.9¢ | Gen   42.4 kWh
[20:33:59]   Diesel  : Bid  26.9¢ | Gen    0.7 kWh
[20:33:59]   Battery : Bid   6.8¢ | Net   12.4 kWh (Dischg)
[20:33:59] ------------------------------------------------------------
[20:34:00] 
============================================================
[20:34:00] Episode 51/200 | Steps: 24
[20:34:00] 总奖励:  -175.15 (Avg10:  -171.05)
[20:34:00] Agent奖励:
[20:34:00]   wind      :    8.605
[20:34:00]   solar     :    2.171
[20:34:00]   diesel    :    0.000
[20:34:00]   battery   :   -0.281
[20:34:00]   customer  : -185.641
[20:34:00] Grid交易: Import=0.0 | Export=2102.3
[20:34:00] ------------------------------------------------------------
[20:34:00] 📊 每日策略详情 (Avg Bid / Total Gen):
[20:34:00]   Wind    : Bid   9.7¢ | Gen   62.4 kWh
[20:34:00]   Solar   : Bid   5.8¢ | Gen   14.9 kWh
[20:34:00]   Diesel  : Bid  25.3¢ | Gen    0.0 kWh
[20:34:00]   Battery : Bid   6.8¢ | Net   -1.9 kWh (Charge)
[20:34:00] ------------------------------------------------------------
[20:34:01] 
============================================================
[20:34:01] Episode 52/200 | Steps: 24
[20:34:01] 总奖励:  -169.41 (Avg10:  -169.93)
[20:34:01] Agent奖励:
[20:34:01]   wind      :   13.578
[20:34:01]   solar     :    3.027
[20:34:01]   diesel    :    0.021
[20:34:01]   battery   :   -0.298
[20:34:01]   customer  : -185.741
[20:34:01] Grid交易: Import=0.0 | Export=1991.3
[20:34:01] ------------------------------------------------------------
[20:34:01] 📊 每日策略详情 (Avg Bid / Total Gen):
[20:34:01]   Wind    : Bid   9.3¢ | Gen  108.4 kWh
[20:34:01]   Solar   : Bid   7.0¢ | Gen   21.0 kWh
[20:34:01]   Diesel  : Bid  24.4¢ | Gen    6.4 kWh
[20:34:01]   Battery : Bid   6.5¢ | Net   10.8 kWh (Dischg)
[20:34:01] ------------------------------------------------------------
[20:34:02] 
============================================================
[20:34:02] Episode 53/200 | Steps: 24
[20:34:02] 总奖励:  -165.84 (Avg10:  -168.72)
[20:34:02] Agent奖励:
[20:34:02]   wind      :   13.828
[20:34:02]   solar     :    7.561
[20:34:02]   diesel    :    0.000
[20:34:02]   battery   :   -0.660
[20:34:02]   customer  : -186.572
[20:34:02] Grid交易: Import=0.0 | Export=1981.6
[20:34:02] ------------------------------------------------------------
[20:34:02] 📊 每日策略详情 (Avg Bid / Total Gen):
[20:34:02]   Wind    : Bid  10.9¢ | Gen   93.1 kWh
[20:34:02]   Solar   : Bid   6.4¢ | Gen   36.5 kWh
[20:34:02]   Diesel  : Bid  25.4¢ | Gen    0.0 kWh
[20:34:02]   Battery : Bid   6.3¢ | Net   22.0 kWh (Dischg)
[20:34:02] ------------------------------------------------------------
[20:34:02] 
============================================================
[20:34:02] Episode 54/200 | Steps: 24
[20:34:02] 总奖励:  -169.26 (Avg10:  -168.29)
[20:34:02] Agent奖励:
[20:34:02]   wind      :    9.875
[20:34:02]   solar     :    9.566
[20:34:02]   diesel    :    0.641
[20:34:02]   battery   :    0.000
[20:34:02]   customer  : -189.338
[20:34:02] Grid交易: Import=0.0 | Export=2017.4
[20:34:02] ------------------------------------------------------------
[20:34:02] 📊 每日策略详情 (Avg Bid / Total Gen):
[20:34:02]   Wind    : Bid  11.0¢ | Gen   79.0 kWh
[20:34:02]   Solar   : Bid   7.8¢ | Gen   50.8 kWh
[20:34:02]   Diesel  : Bid  25.7¢ | Gen    5.2 kWh
[20:34:02]   Battery : Bid   6.4¢ | Net    0.0 kWh (Idle)
[20:34:02] ------------------------------------------------------------
[20:34:03] 
============================================================
[20:34:03] Episode 55/200 | Steps: 24
[20:34:03] 总奖励:  -169.96 (Avg10:  -168.64)
[20:34:03] Agent奖励:
[20:34:03]   wind      :   12.147
[20:34:03]   solar     :    8.045
[20:34:03]   diesel    :    1.485
[20:34:03]   battery   :    0.000
[20:34:03]   customer  : -191.641
[20:34:03] Grid交易: Import=0.0 | Export=2082.9
[20:34:03] ------------------------------------------------------------
[20:34:03] 📊 每日策略详情 (Avg Bid / Total Gen):
[20:34:03]   Wind    : Bid  11.1¢ | Gen   93.8 kWh
[20:34:03]   Solar   : Bid   6.5¢ | Gen   34.2 kWh
[20:34:03]   Diesel  : Bid  23.8¢ | Gen   27.1 kWh
[20:34:03]   Battery : Bid   6.1¢ | Net    0.0 kWh (Idle)
[20:34:03] ------------------------------------------------------------
[20:34:04] 
============================================================
[20:34:04] Episode 56/200 | Steps: 24
[20:34:04] 总奖励:  -176.84 (Avg10:  -169.30)
[20:34:04] Agent奖励:
[20:34:04]   wind      :   10.271
[20:34:04]   solar     :    4.823
[20:34:04]   diesel    :   -0.319
[20:34:04]   battery   :   -0.315
[20:34:04]   customer  : -191.299
[20:34:04] Grid交易: Import=0.0 | Export=1808.9
[20:34:04] ------------------------------------------------------------
[20:34:04] 📊 每日策略详情 (Avg Bid / Total Gen):
[20:34:04]   Wind    : Bid  10.9¢ | Gen   89.8 kWh
[20:34:04]   Solar   : Bid   6.9¢ | Gen   56.9 kWh
[20:34:04]   Diesel  : Bid  26.0¢ | Gen   56.0 kWh
[20:34:04]   Battery : Bid   6.6¢ | Net   10.5 kWh (Dischg)
[20:34:04] ------------------------------------------------------------
[20:34:05] 
============================================================
[20:34:05] Episode 57/200 | Steps: 24
[20:34:05] 总奖励:  -167.74 (Avg10:  -169.90)
[20:34:05] Agent奖励:
[20:34:05]   wind      :   13.773
[20:34:05]   solar     :    5.006
[20:34:05]   diesel    :    0.000
[20:34:05]   battery   :    0.000
[20:34:05]   customer  : -186.522
[20:34:05] Grid交易: Import=0.0 | Export=1873.5
[20:34:05] ------------------------------------------------------------
[20:34:05] 📊 每日策略详情 (Avg Bid / Total Gen):
[20:34:05]   Wind    : Bid  10.8¢ | Gen   88.6 kWh
[20:34:05]   Solar   : Bid   7.4¢ | Gen   37.2 kWh
[20:34:05]   Diesel  : Bid  24.6¢ | Gen    0.0 kWh
[20:34:05]   Battery : Bid   6.3¢ | Net    0.0 kWh (Idle)
[20:34:05] ------------------------------------------------------------
[20:34:06] 
============================================================
[20:34:06] Episode 58/200 | Steps: 24
[20:34:06] 总奖励:  -168.03 (Avg10:  -169.52)
[20:34:06] Agent奖励:
[20:34:06]   wind      :   11.085
[20:34:06]   solar     :    6.195
[20:34:06]   diesel    :    0.576
[20:34:06]   battery   :   -0.529
[20:34:06]   customer  : -185.357
[20:34:06] Grid交易: Import=0.0 | Export=2017.1
[20:34:06] ------------------------------------------------------------
[20:34:06] 📊 每日策略详情 (Avg Bid / Total Gen):
[20:34:06]   Wind    : Bid  13.6¢ | Gen   81.4 kWh
[20:34:06]   Solar   : Bid   6.8¢ | Gen   48.9 kWh
[20:34:06]   Diesel  : Bid  25.2¢ | Gen   12.1 kWh
[20:34:06]   Battery : Bid   7.4¢ | Net   32.3 kWh (Dischg)
[20:34:06] ------------------------------------------------------------
[20:34:06] 
============================================================
[20:34:06] Episode 59/200 | Steps: 24
[20:34:06] 总奖励:  -171.76 (Avg10:  -169.08)
[20:34:06] Agent奖励:
[20:34:06]   wind      :   15.360
[20:34:06]   solar     :    5.057
[20:34:06]   diesel    :    0.103
[20:34:06]   battery   :    0.000
[20:34:06]   customer  : -192.279
[20:34:06] Grid交易: Import=0.0 | Export=1822.0
[20:34:06] ------------------------------------------------------------
[20:34:06] 📊 每日策略详情 (Avg Bid / Total Gen):
[20:34:06]   Wind    : Bid  11.3¢ | Gen   99.7 kWh
[20:34:06]   Solar   : Bid   7.3¢ | Gen   31.5 kWh
[20:34:06]   Diesel  : Bid  24.7¢ | Gen   12.8 kWh
[20:34:06]   Battery : Bid   6.8¢ | Net    0.0 kWh (Idle)
[20:34:06] ------------------------------------------------------------
[20:34:07] 
============================================================
[20:34:07] Episode 60/200 | Steps: 24
[20:34:07] 总奖励:  -173.56 (Avg10:  -170.76)
[20:34:07] Agent奖励:
[20:34:07]   wind      :   10.170
[20:34:07]   solar     :    3.455
[20:34:07]   diesel    :    0.025
[20:34:07]   battery   :   -0.335
[20:34:07]   customer  : -186.879
[20:34:07] Grid交易: Import=0.0 | Export=1804.2
[20:34:07] ------------------------------------------------------------
[20:34:07] 📊 每日策略详情 (Avg Bid / Total Gen):
[20:34:07]   Wind    : Bid  13.7¢ | Gen   82.0 kWh
[20:34:07]   Solar   : Bid   7.4¢ | Gen   27.3 kWh
[20:34:07]   Diesel  : Bid  26.1¢ | Gen    0.5 kWh
[20:34:07]   Battery : Bid   5.8¢ | Net   13.1 kWh (Dischg)
[20:34:07] ------------------------------------------------------------
[20:34:07] 
📊 生成图表...
[20:34:08]   ✓ debug_plots/training_status_ep0060.png
[20:34:08]   ✓ debug_plots/grid_status_ep0060.png
[20:34:09] 
============================================================
[20:34:09] Episode 61/200 | Steps: 24
[20:34:09] 总奖励:  -173.95 (Avg10:  -170.64)
[20:34:09] Agent奖励:
[20:34:09]   wind      :   11.985
[20:34:09]   solar     :    6.944
[20:34:09]   diesel    :    1.387
[20:34:09]   battery   :   -0.380
[20:34:09]   customer  : -193.890
[20:34:09] Grid交易: Import=0.0 | Export=1770.4
[20:34:09] ------------------------------------------------------------
[20:34:09] 📊 每日策略详情 (Avg Bid / Total Gen):
[20:34:09]   Wind    : Bid  12.9¢ | Gen   67.7 kWh
[20:34:09]   Solar   : Bid   6.2¢ | Gen   35.7 kWh
[20:34:09]   Diesel  : Bid  26.1¢ | Gen    6.7 kWh
[20:34:09]   Battery : Bid   7.0¢ | Net   12.7 kWh (Dischg)
[20:34:09] ------------------------------------------------------------
[20:34:10] 
============================================================
[20:34:10] Episode 62/200 | Steps: 24
[20:34:10] 总奖励:  -166.12 (Avg10:  -170.31)
[20:34:10] Agent奖励:
[20:34:10]   wind      :   14.642
[20:34:10]   solar     :    3.371
[20:34:10]   diesel    :    0.986
[20:34:10]   battery   :    0.298
[20:34:10]   customer  : -185.419
[20:34:10] Grid交易: Import=0.0 | Export=1654.3
[20:34:10] ------------------------------------------------------------
[20:34:10] 📊 每日策略详情 (Avg Bid / Total Gen):
[20:34:10]   Wind    : Bid  12.9¢ | Gen  101.3 kWh
[20:34:10]   Solar   : Bid   6.2¢ | Gen   20.6 kWh
[20:34:10]   Diesel  : Bid  25.1¢ | Gen   10.4 kWh
[20:34:10]   Battery : Bid   8.0¢ | Net    6.4 kWh (Dischg)
[20:34:10] ------------------------------------------------------------
[20:34:11] 
============================================================
[20:34:11] Episode 63/200 | Steps: 24
[20:34:11] 总奖励:  -166.91 (Avg10:  -170.41)
[20:34:11] Agent奖励:
[20:34:11]   wind      :   17.962
[20:34:11]   solar     :    3.055
[20:34:11]   diesel    :    0.508
[20:34:11]   battery   :    0.223
[20:34:11]   customer  : -188.657
[20:34:11] Grid交易: Import=0.0 | Export=1440.8
[20:34:11] ------------------------------------------------------------
[20:34:11] 📊 每日策略详情 (Avg Bid / Total Gen):
[20:34:11]   Wind    : Bid  14.1¢ | Gen  124.1 kWh
[20:34:11]   Solar   : Bid   5.7¢ | Gen   24.2 kWh
[20:34:11]   Diesel  : Bid  26.3¢ | Gen    2.5 kWh
[20:34:11]   Battery : Bid   7.1¢ | Net    9.5 kWh (Dischg)
[20:34:11] ------------------------------------------------------------
[20:34:12] 
============================================================
[20:34:12] Episode 64/200 | Steps: 24
[20:34:12] 总奖励:  -176.36 (Avg10:  -171.12)
[20:34:12] Agent奖励:
[20:34:12]   wind      :    7.390
[20:34:12]   solar     :    4.107
[20:34:12]   diesel    :    0.045
[20:34:12]   battery   :    0.466
[20:34:12]   customer  : -188.372
[20:34:12] Grid交易: Import=0.0 | Export=1512.5
[20:34:12] ------------------------------------------------------------
[20:34:12] 📊 每日策略详情 (Avg Bid / Total Gen):
[20:34:12]   Wind    : Bid  13.7¢ | Gen   65.7 kWh
[20:34:12]   Solar   : Bid   7.0¢ | Gen   19.9 kWh
[20:34:12]   Diesel  : Bid  27.3¢ | Gen    1.0 kWh
[20:34:12]   Battery : Bid   6.9¢ | Net   10.9 kWh (Dischg)
[20:34:12] ------------------------------------------------------------
[20:34:14] 
============================================================
[20:34:14] Episode 65/200 | Steps: 24
[20:34:14] 总奖励:  -178.11 (Avg10:  -171.94)
[20:34:14] Agent奖励:
[20:34:14]   wind      :    6.068
[20:34:14]   solar     :    4.223
[20:34:14]   diesel    :    0.736
[20:34:14]   battery   :    0.862
[20:34:14]   customer  : -190.001
[20:34:14] Grid交易: Import=0.0 | Export=1296.1
[20:34:14] ------------------------------------------------------------
[20:34:14] 📊 每日策略详情 (Avg Bid / Total Gen):
[20:34:14]   Wind    : Bid  13.6¢ | Gen   58.4 kWh
[20:34:14]   Solar   : Bid   7.2¢ | Gen   26.4 kWh
[20:34:14]   Diesel  : Bid  26.6¢ | Gen    5.6 kWh
[20:34:14]   Battery : Bid   6.3¢ | Net   12.2 kWh (Dischg)
[20:34:14] ------------------------------------------------------------
[20:34:15] 
============================================================
[20:34:15] Episode 66/200 | Steps: 24
[20:34:15] 总奖励:  -179.51 (Avg10:  -172.21)
[20:34:15] Agent奖励:
[20:34:15]   wind      :   10.764
[20:34:15]   solar     :    6.555
[20:34:15]   diesel    :    0.953
[20:34:15]   battery   :   -0.113
[20:34:15]   customer  : -197.673
[20:34:15] Grid交易: Import=5.9 | Export=1123.5
[20:34:15] ------------------------------------------------------------
[20:34:15] 📊 每日策略详情 (Avg Bid / Total Gen):
[20:34:15]   Wind    : Bid  13.6¢ | Gen   67.5 kWh
[20:34:15]   Solar   : Bid   7.0¢ | Gen   29.0 kWh
[20:34:15]   Diesel  : Bid  28.8¢ | Gen    5.2 kWh
[20:34:15]   Battery : Bid   6.7¢ | Net   -0.8 kWh (Charge)
[20:34:15] ------------------------------------------------------------
[20:34:18] 
============================================================
[20:34:18] Episode 67/200 | Steps: 24
[20:34:18] 总奖励:  -177.93 (Avg10:  -173.23)
[20:34:18] Agent奖励:
[20:34:18]   wind      :    6.070
[20:34:18]   solar     :    3.272
[20:34:18]   diesel    :    0.000
[20:34:18]   battery   :   -0.090
[20:34:18]   customer  : -187.184
[20:34:18] Grid交易: Import=0.0 | Export=1209.1
[20:34:18] ------------------------------------------------------------
[20:34:18] 📊 每日策略详情 (Avg Bid / Total Gen):
[20:34:18]   Wind    : Bid  14.8¢ | Gen   34.9 kWh
[20:34:18]   Solar   : Bid   7.1¢ | Gen   13.0 kWh
[20:34:18]   Diesel  : Bid  30.8¢ | Gen    0.0 kWh
[20:34:18]   Battery : Bid   6.5¢ | Net    3.0 kWh (Dischg)
[20:34:18] ------------------------------------------------------------
[20:34:20] 
============================================================
[20:34:20] Episode 68/200 | Steps: 24
[20:34:20] 总奖励:  -175.91 (Avg10:  -174.01)
[20:34:20] Agent奖励:
[20:34:20]   wind      :   13.468
[20:34:20]   solar     :    1.294
[20:34:20]   diesel    :    0.000
[20:34:20]   battery   :   -0.254
[20:34:20]   customer  : -190.414
[20:34:20] Grid交易: Import=1.6 | Export=1014.3
[20:34:20] ------------------------------------------------------------
[20:34:20] 📊 每日策略详情 (Avg Bid / Total Gen):
[20:34:20]   Wind    : Bid  14.6¢ | Gen   91.4 kWh
[20:34:20]   Solar   : Bid   6.5¢ | Gen   13.2 kWh
[20:34:20]   Diesel  : Bid  29.8¢ | Gen    0.0 kWh
[20:34:20]   Battery : Bid   7.0¢ | Net   -0.2 kWh (Charge)
[20:34:20] ------------------------------------------------------------
[20:34:21] 
============================================================
[20:34:21] Episode 69/200 | Steps: 24
[20:34:21] 总奖励:  -168.99 (Avg10:  -173.74)
[20:34:21] Agent奖励:
[20:34:21]   wind      :   15.246
[20:34:21]   solar     :    5.070
[20:34:21]   diesel    :    0.000
[20:34:21]   battery   :   -0.492
[20:34:21]   customer  : -188.812
[20:34:21] Grid交易: Import=21.7 | Export=999.3
[20:34:21] ------------------------------------------------------------
[20:34:21] 📊 每日策略详情 (Avg Bid / Total Gen):
[20:34:21]   Wind    : Bid  10.1¢ | Gen  111.1 kWh
[20:34:21]   Solar   : Bid   6.3¢ | Gen   18.8 kWh
[20:34:21]   Diesel  : Bid  31.1¢ | Gen    0.0 kWh
[20:34:21]   Battery : Bid   5.6¢ | Net   16.4 kWh (Dischg)
[20:34:21] ------------------------------------------------------------
[20:34:23] 
============================================================
[20:34:23] Episode 70/200 | Steps: 24
[20:34:23] 总奖励:  -174.70 (Avg10:  -173.85)
[20:34:23] Agent奖励:
[20:34:23]   wind      :    7.619
[20:34:23]   solar     :    5.843
[20:34:23]   diesel    :    0.000
[20:34:23]   battery   :   -0.204
[20:34:23]   customer  : -187.958
[20:34:23] Grid交易: Import=11.5 | Export=914.9
[20:34:23] ------------------------------------------------------------
[20:34:23] 📊 每日策略详情 (Avg Bid / Total Gen):
[20:34:23]   Wind    : Bid   9.5¢ | Gen   71.0 kWh
[20:34:23]   Solar   : Bid   7.4¢ | Gen   35.7 kWh
[20:34:23]   Diesel  : Bid  30.9¢ | Gen    0.0 kWh
[20:34:23]   Battery : Bid   6.4¢ | Net    0.4 kWh (Dischg)
[20:34:23] ------------------------------------------------------------
[20:34:25] 
============================================================
[20:34:25] Episode 71/200 | Steps: 24
[20:34:25] 总奖励:  -175.70 (Avg10:  -174.02)
[20:34:25] Agent奖励:
[20:34:25]   wind      :   10.784
[20:34:25]   solar     :    4.393
[20:34:25]   diesel    :    0.000
[20:34:25]   battery   :   -0.115
[20:34:25]   customer  : -190.758
[20:34:25] Grid交易: Import=0.0 | Export=1042.4
[20:34:25] ------------------------------------------------------------
[20:34:25] 📊 每日策略详情 (Avg Bid / Total Gen):
[20:34:25]   Wind    : Bid   8.2¢ | Gen   97.4 kWh
[20:34:25]   Solar   : Bid   7.2¢ | Gen   25.9 kWh
[20:34:25]   Diesel  : Bid  31.7¢ | Gen    0.0 kWh
[20:34:25]   Battery : Bid   6.2¢ | Net    3.8 kWh (Dischg)
[20:34:25] ------------------------------------------------------------
[20:34:28] 
============================================================
[20:34:28] Episode 72/200 | Steps: 24
[20:34:28] 总奖励:  -181.55 (Avg10:  -175.57)
[20:34:28] Agent奖励:
[20:34:28]   wind      :   10.015
[20:34:28]   solar     :    0.693
[20:34:28]   diesel    :    0.000
[20:34:28]   battery   :    0.000
[20:34:28]   customer  : -192.260
[20:34:28] Grid交易: Import=2.1 | Export=920.5
[20:34:28] ------------------------------------------------------------
[20:34:28] 📊 每日策略详情 (Avg Bid / Total Gen):
[20:34:28]   Wind    : Bid   7.1¢ | Gen   89.1 kWh
[20:34:28]   Solar   : Bid   6.7¢ | Gen    4.2 kWh
[20:34:28]   Diesel  : Bid  31.2¢ | Gen    0.0 kWh
[20:34:28]   Battery : Bid   6.6¢ | Net    0.0 kWh (Idle)
[20:34:28] ------------------------------------------------------------
[20:34:31] 
============================================================
[20:34:31] Episode 73/200 | Steps: 24
[20:34:31] 总奖励:  -178.98 (Avg10:  -176.77)
[20:34:31] Agent奖励:
[20:34:31]   wind      :    8.699
[20:34:31]   solar     :    2.616
[20:34:31]   diesel    :    0.000
[20:34:31]   battery   :   -0.365
[20:34:31]   customer  : -189.933
[20:34:31] Grid交易: Import=9.3 | Export=959.0
[20:34:31] ------------------------------------------------------------
[20:34:31] 📊 每日策略详情 (Avg Bid / Total Gen):
[20:34:31]   Wind    : Bid   6.7¢ | Gen   67.0 kWh
[20:34:31]   Solar   : Bid   6.9¢ | Gen   12.3 kWh
[20:34:31]   Diesel  : Bid  31.1¢ | Gen    0.0 kWh
[20:34:31]   Battery : Bid   6.5¢ | Net   12.2 kWh (Dischg)
[20:34:31] ------------------------------------------------------------
[20:34:34] 
============================================================
[20:34:34] Episode 74/200 | Steps: 24
[20:34:34] 总奖励:  -179.82 (Avg10:  -177.12)
[20:34:34] Agent奖励:
[20:34:34]   wind      :    6.053
[20:34:34]   solar     :    0.184
[20:34:34]   diesel    :    0.000
[20:34:34]   battery   :   -0.685
[20:34:34]   customer  : -185.373
[20:34:34] Grid交易: Import=0.0 | Export=947.1
[20:34:34] ------------------------------------------------------------
[20:34:34] 📊 每日策略详情 (Avg Bid / Total Gen):
[20:34:34]   Wind    : Bid   6.4¢ | Gen   84.1 kWh
[20:34:34]   Solar   : Bid   6.4¢ | Gen    2.5 kWh
[20:34:34]   Diesel  : Bid  30.4¢ | Gen    0.0 kWh
[20:34:34]   Battery : Bid   6.3¢ | Net   17.1 kWh (Dischg)
[20:34:34] ------------------------------------------------------------
[20:34:37] 
============================================================
[20:34:37] Episode 75/200 | Steps: 24
[20:34:37] 总奖励:  -171.06 (Avg10:  -176.41)
[20:34:37] Agent奖励:
[20:34:37]   wind      :    9.078
[20:34:37]   solar     :    6.755
[20:34:37]   diesel    :    0.000
[20:34:37]   battery   :    0.000
[20:34:37]   customer  : -186.890
[20:34:37] Grid交易: Import=0.0 | Export=857.9
[20:34:37] ------------------------------------------------------------
[20:34:37] 📊 每日策略详情 (Avg Bid / Total Gen):
[20:34:37]   Wind    : Bid   6.7¢ | Gen   74.1 kWh
[20:34:37]   Solar   : Bid   6.2¢ | Gen   40.5 kWh
[20:34:37]   Diesel  : Bid  33.1¢ | Gen    0.0 kWh
[20:34:37]   Battery : Bid   7.0¢ | Net    0.0 kWh (Idle)
[20:34:37] ------------------------------------------------------------
[20:34:40] 
============================================================
[20:34:40] Episode 76/200 | Steps: 24
[20:34:40] 总奖励:  -180.91 (Avg10:  -176.55)
[20:34:40] Agent奖励:
[20:34:40]   wind      :   10.932
[20:34:40]   solar     :    0.538
[20:34:40]   diesel    :    0.000
[20:34:40]   battery   :    0.000
[20:34:40]   customer  : -192.382
[20:34:40] Grid交易: Import=0.0 | Export=880.3
[20:34:40] ------------------------------------------------------------
[20:34:40] 📊 每日策略详情 (Avg Bid / Total Gen):
[20:34:40]   Wind    : Bid   7.0¢ | Gen   94.4 kWh
[20:34:40]   Solar   : Bid   7.1¢ | Gen    3.4 kWh
[20:34:40]   Diesel  : Bid  33.1¢ | Gen    0.0 kWh
[20:34:40]   Battery : Bid   5.7¢ | Net    0.0 kWh (Idle)
[20:34:40] ------------------------------------------------------------
[20:34:43] 
============================================================
[20:34:43] Episode 77/200 | Steps: 24
[20:34:43] 总奖励:  -171.25 (Avg10:  -175.89)
[20:34:43] Agent奖励:
[20:34:43]   wind      :   11.405
[20:34:43]   solar     :    1.389
[20:34:43]   diesel    :    0.000
[20:34:43]   battery   :    0.000
[20:34:43]   customer  : -184.047
[20:34:43] Grid交易: Import=16.5 | Export=919.7
[20:34:43] ------------------------------------------------------------
[20:34:43] 📊 每日策略详情 (Avg Bid / Total Gen):
[20:34:43]   Wind    : Bid   6.0¢ | Gen   97.7 kWh
[20:34:43]   Solar   : Bid   6.6¢ | Gen    3.5 kWh
[20:34:43]   Diesel  : Bid  35.3¢ | Gen    0.0 kWh
[20:34:43]   Battery : Bid   6.2¢ | Net    0.0 kWh (Idle)
[20:34:43] ------------------------------------------------------------
[20:34:46] 
============================================================
[20:34:46] Episode 78/200 | Steps: 24
[20:34:46] 总奖励:  -178.91 (Avg10:  -176.19)
[20:34:46] Agent奖励:
[20:34:46]   wind      :   10.273
[20:34:46]   solar     :    2.756
[20:34:46]   diesel    :    0.000
[20:34:46]   battery   :    0.000
[20:34:46]   customer  : -191.935
[20:34:46] Grid交易: Import=25.7 | Export=932.5
[20:34:46] ------------------------------------------------------------
[20:34:46] 📊 每日策略详情 (Avg Bid / Total Gen):
[20:34:46]   Wind    : Bid   6.6¢ | Gen   86.5 kWh
[20:34:46]   Solar   : Bid   6.3¢ | Gen   23.4 kWh
[20:34:46]   Diesel  : Bid  36.1¢ | Gen    0.0 kWh
[20:34:46]   Battery : Bid   6.6¢ | Net    0.0 kWh (Idle)
[20:34:46] ------------------------------------------------------------
[20:34:49] 
============================================================
[20:34:49] Episode 79/200 | Steps: 24
[20:34:49] 总奖励:  -178.96 (Avg10:  -177.18)
[20:34:49] Agent奖励:
[20:34:49]   wind      :   12.521
[20:34:49]   solar     :    2.719
[20:34:49]   diesel    :    0.000
[20:34:49]   battery   :   -0.339
[20:34:49]   customer  : -193.859
[20:34:49] Grid交易: Import=10.7 | Export=725.6
[20:34:49] ------------------------------------------------------------
[20:34:49] 📊 每日策略详情 (Avg Bid / Total Gen):
[20:34:49]   Wind    : Bid   7.0¢ | Gen   85.4 kWh
[20:34:49]   Solar   : Bid   6.4¢ | Gen   13.7 kWh
[20:34:49]   Diesel  : Bid  35.4¢ | Gen    0.0 kWh
[20:34:49]   Battery : Bid   7.1¢ | Net   36.4 kWh (Dischg)
[20:34:49] ------------------------------------------------------------
[20:34:54] 
============================================================
[20:34:54] Episode 80/200 | Steps: 24
[20:34:54] 总奖励:  -182.73 (Avg10:  -177.99)
[20:34:54] Agent奖励:
[20:34:54]   wind      :    5.881
[20:34:54]   solar     :    7.095
[20:34:54]   diesel    :    0.000
[20:34:54]   battery   :    0.000
[20:34:54]   customer  : -195.707
[20:34:54] Grid交易: Import=10.4 | Export=848.7
[20:34:54] ------------------------------------------------------------
[20:34:54] 📊 每日策略详情 (Avg Bid / Total Gen):
[20:34:54]   Wind    : Bid   6.5¢ | Gen   63.3 kWh
[20:34:54]   Solar   : Bid   6.6¢ | Gen   23.8 kWh
[20:34:54]   Diesel  : Bid  38.2¢ | Gen    0.0 kWh
[20:34:54]   Battery : Bid   7.2¢ | Net    0.0 kWh (Idle)
[20:34:54] ------------------------------------------------------------
[20:34:54] 
📊 生成图表...
[20:34:55]   ✓ debug_plots/training_status_ep0080.png
[20:34:55]   ✓ debug_plots/grid_status_ep0080.png
[20:34:56] 
============================================================
[20:34:56] Episode 81/200 | Steps: 24
[20:34:56] 总奖励:  -171.20 (Avg10:  -177.54)
[20:34:56] Agent奖励:
[20:34:56]   wind      :   18.395
[20:34:56]   solar     :    5.159
[20:34:56]   diesel    :    1.309
[20:34:56]   battery   :    0.000
[20:34:56]   customer  : -196.062
[20:34:56] Grid交易: Import=0.0 | Export=848.5
[20:34:56] ------------------------------------------------------------
[20:34:56] 📊 每日策略详情 (Avg Bid / Total Gen):
[20:34:56]   Wind    : Bid   6.5¢ | Gen  107.6 kWh
[20:34:56]   Solar   : Bid   6.9¢ | Gen   34.5 kWh
[20:34:56]   Diesel  : Bid  36.1¢ | Gen   11.6 kWh
[20:34:56]   Battery : Bid   6.9¢ | Net    0.0 kWh (Idle)
[20:34:56] ------------------------------------------------------------
[20:34:59] 
============================================================
[20:34:59] Episode 82/200 | Steps: 24
[20:34:59] 总奖励:  -173.26 (Avg10:  -176.71)
[20:34:59] Agent奖励:
[20:34:59]   wind      :    7.741
[20:34:59]   solar     :    1.442
[20:34:59]   diesel    :    0.000
[20:34:59]   battery   :   -0.625
[20:34:59]   customer  : -181.822
[20:34:59] Grid交易: Import=0.0 | Export=910.5
[20:34:59] ------------------------------------------------------------
[20:34:59] 📊 每日策略详情 (Avg Bid / Total Gen):
[20:34:59]   Wind    : Bid   6.4¢ | Gen   82.2 kWh
[20:34:59]   Solar   : Bid   6.2¢ | Gen   11.8 kWh
[20:34:59]   Diesel  : Bid  37.0¢ | Gen    0.0 kWh
[20:34:59]   Battery : Bid   6.8¢ | Net   24.7 kWh (Dischg)
[20:34:59] ------------------------------------------------------------
[20:35:02] 
============================================================
[20:35:02] Episode 83/200 | Steps: 24
[20:35:02] 总奖励:  -165.89 (Avg10:  -175.40)
[20:35:02] Agent奖励:
[20:35:02]   wind      :   14.756
[20:35:02]   solar     :    0.703
[20:35:02]   diesel    :    0.000
[20:35:02]   battery   :    0.000
[20:35:02]   customer  : -181.353
[20:35:02] Grid交易: Import=2.6 | Export=796.8
[20:35:02] ------------------------------------------------------------
[20:35:02] 📊 每日策略详情 (Avg Bid / Total Gen):
[20:35:02]   Wind    : Bid   6.5¢ | Gen  138.5 kWh
[20:35:02]   Solar   : Bid   7.5¢ | Gen    6.2 kWh
[20:35:02]   Diesel  : Bid  35.3¢ | Gen    0.0 kWh
[20:35:02]   Battery : Bid   6.2¢ | Net    0.0 kWh (Idle)
[20:35:02] ------------------------------------------------------------
[20:35:06] 
============================================================
[20:35:06] Episode 84/200 | Steps: 24
[20:35:06] 总奖励:  -176.85 (Avg10:  -175.10)
[20:35:06] Agent奖励:
[20:35:06]   wind      :    7.737
[20:35:06]   solar     :    3.982
[20:35:06]   diesel    :    0.000
[20:35:06]   battery   :    0.000
[20:35:06]   customer  : -188.570
[20:35:06] Grid交易: Import=0.1 | Export=739.2
[20:35:06] ------------------------------------------------------------
[20:35:06] 📊 每日策略详情 (Avg Bid / Total Gen):
[20:35:06]   Wind    : Bid   6.7¢ | Gen   69.0 kWh
[20:35:06]   Solar   : Bid   6.5¢ | Gen   21.5 kWh
[20:35:06]   Diesel  : Bid  36.1¢ | Gen    0.0 kWh
[20:35:06]   Battery : Bid   6.3¢ | Net    0.0 kWh (Idle)
[20:35:06] ------------------------------------------------------------
[20:35:07] 
============================================================
[20:35:07] Episode 85/200 | Steps: 24
[20:35:07] 总奖励:  -172.45 (Avg10:  -175.24)
[20:35:07] Agent奖励:
[20:35:07]   wind      :    8.743
[20:35:07]   solar     :    3.257
[20:35:07]   diesel    :    0.000
[20:35:07]   battery   :    0.000
[20:35:07]   customer  : -184.450
[20:35:07] Grid交易: Import=0.1 | Export=850.9
[20:35:07] ------------------------------------------------------------
[20:35:07] 📊 每日策略详情 (Avg Bid / Total Gen):
[20:35:07]   Wind    : Bid   6.4¢ | Gen   91.8 kWh
[20:35:07]   Solar   : Bid   6.5¢ | Gen   31.6 kWh
[20:35:07]   Diesel  : Bid  36.8¢ | Gen    0.0 kWh
[20:35:07]   Battery : Bid   7.5¢ | Net    0.0 kWh (Idle)
[20:35:07] ------------------------------------------------------------
[20:35:09] 
============================================================
[20:35:09] Episode 86/200 | Steps: 24
[20:35:09] 总奖励:  -171.53 (Avg10:  -174.30)
[20:35:09] Agent奖励:
[20:35:09]   wind      :   11.304
[20:35:09]   solar     :    5.405
[20:35:09]   diesel    :    0.000
[20:35:09]   battery   :    0.000
[20:35:09]   customer  : -188.239
[20:35:09] Grid交易: Import=13.2 | Export=709.4
[20:35:09] ------------------------------------------------------------
[20:35:09] 📊 每日策略详情 (Avg Bid / Total Gen):
[20:35:09]   Wind    : Bid   6.8¢ | Gen   82.2 kWh
[20:35:09]   Solar   : Bid   6.1¢ | Gen   29.8 kWh
[20:35:09]   Diesel  : Bid  35.4¢ | Gen    0.0 kWh
[20:35:09]   Battery : Bid   7.0¢ | Net    0.0 kWh (Idle)
[20:35:09] ------------------------------------------------------------
[20:35:10] 
============================================================
[20:35:10] Episode 87/200 | Steps: 24
[20:35:10] 总奖励:  -175.58 (Avg10:  -174.74)
[20:35:10] Agent奖励:
[20:35:10]   wind      :   10.953
[20:35:10]   solar     :    3.620
[20:35:10]   diesel    :    0.000
[20:35:10]   battery   :    0.000
[20:35:10]   customer  : -190.154
[20:35:10] Grid交易: Import=2.5 | Export=664.5
[20:35:10] ------------------------------------------------------------
[20:35:10] 📊 每日策略详情 (Avg Bid / Total Gen):
[20:35:10]   Wind    : Bid   6.5¢ | Gen   99.4 kWh
[20:35:10]   Solar   : Bid   6.6¢ | Gen   23.1 kWh
[20:35:10]   Diesel  : Bid  35.9¢ | Gen    0.0 kWh
[20:35:10]   Battery : Bid   6.7¢ | Net    0.0 kWh (Idle)
[20:35:10] ------------------------------------------------------------
[20:35:12] 
============================================================
[20:35:12] Episode 88/200 | Steps: 24
[20:35:12] 总奖励:  -171.48 (Avg10:  -173.99)
[20:35:12] Agent奖励:
[20:35:12]   wind      :   14.944
[20:35:12]   solar     :    2.457
[20:35:12]   diesel    :    0.000
[20:35:12]   battery   :    0.427
[20:35:12]   customer  : -189.309
[20:35:12] Grid交易: Import=22.6 | Export=834.2
[20:35:12] ------------------------------------------------------------
[20:35:12] 📊 每日策略详情 (Avg Bid / Total Gen):
[20:35:12]   Wind    : Bid   7.6¢ | Gen  113.8 kWh
[20:35:12]   Solar   : Bid   6.1¢ | Gen   18.5 kWh
[20:35:12]   Diesel  : Bid  36.6¢ | Gen    0.0 kWh
[20:35:12]   Battery : Bid   7.5¢ | Net   10.4 kWh (Dischg)
[20:35:12] ------------------------------------------------------------
[20:35:13] 
============================================================
[20:35:13] Episode 89/200 | Steps: 24
[20:35:13] 总奖励:  -185.15 (Avg10:  -174.61)
[20:35:13] Agent奖励:
[20:35:13]   wind      :    8.183
[20:35:13]   solar     :    2.252
[20:35:13]   diesel    :    0.000
[20:35:13]   battery   :    0.000
[20:35:13]   customer  : -195.582
[20:35:13] Grid交易: Import=25.8 | Export=786.7
[20:35:13] ------------------------------------------------------------
[20:35:13] 📊 每日策略详情 (Avg Bid / Total Gen):
[20:35:13]   Wind    : Bid   6.9¢ | Gen   76.8 kWh
[20:35:13]   Solar   : Bid   7.2¢ | Gen   24.8 kWh
[20:35:13]   Diesel  : Bid  35.5¢ | Gen    0.0 kWh
[20:35:13]   Battery : Bid   5.9¢ | Net    0.0 kWh (Idle)
[20:35:13] ------------------------------------------------------------
[20:35:15] 
============================================================
[20:35:15] Episode 90/200 | Steps: 24
[20:35:15] 总奖励:  -179.78 (Avg10:  -174.32)
[20:35:15] Agent奖励:
[20:35:15]   wind      :    7.453
[20:35:15]   solar     :    0.338
[20:35:15]   diesel    :    0.000
[20:35:15]   battery   :    0.000
[20:35:15]   customer  : -187.572
[20:35:15] Grid交易: Import=1.5 | Export=904.5
[20:35:15] ------------------------------------------------------------
[20:35:15] 📊 每日策略详情 (Avg Bid / Total Gen):
[20:35:15]   Wind    : Bid   6.7¢ | Gen   69.9 kWh
[20:35:15]   Solar   : Bid   7.3¢ | Gen    4.8 kWh
[20:35:15]   Diesel  : Bid  35.3¢ | Gen    0.0 kWh
[20:35:15]   Battery : Bid   5.9¢ | Net    0.0 kWh (Idle)
[20:35:15] ------------------------------------------------------------
[20:35:16] 
============================================================
[20:35:16] Episode 91/200 | Steps: 24
[20:35:16] 总奖励:  -172.41 (Avg10:  -174.44)
[20:35:16] Agent奖励:
[20:35:16]   wind      :   11.053
[20:35:16]   solar     :   10.672
[20:35:16]   diesel    :    3.195
[20:35:16]   battery   :   -0.324
[20:35:16]   customer  : -197.010
[20:35:16] Grid交易: Import=5.7 | Export=946.6
[20:35:16] ------------------------------------------------------------
[20:35:16] 📊 每日策略详情 (Avg Bid / Total Gen):
[20:35:16]   Wind    : Bid   7.2¢ | Gen   69.6 kWh
[20:35:16]   Solar   : Bid   6.6¢ | Gen   43.4 kWh
[20:35:16]   Diesel  : Bid  33.6¢ | Gen   11.7 kWh
[20:35:16]   Battery : Bid   6.2¢ | Net   12.1 kWh (Dischg)
[20:35:16] ------------------------------------------------------------
[20:35:18] 
============================================================
[20:35:18] Episode 92/200 | Steps: 24
[20:35:18] 总奖励:  -177.07 (Avg10:  -174.82)
[20:35:18] Agent奖励:
[20:35:18]   wind      :   14.934
[20:35:18]   solar     :    0.664
[20:35:18]   diesel    :    0.000
[20:35:18]   battery   :    0.000
[20:35:18]   customer  : -192.669
[20:35:18] Grid交易: Import=6.5 | Export=767.7
[20:35:18] ------------------------------------------------------------
[20:35:18] 📊 每日策略详情 (Avg Bid / Total Gen):
[20:35:18]   Wind    : Bid   7.2¢ | Gen  117.0 kWh
[20:35:18]   Solar   : Bid   7.0¢ | Gen    5.2 kWh
[20:35:18]   Diesel  : Bid  33.7¢ | Gen    0.0 kWh
[20:35:18]   Battery : Bid   8.6¢ | Net    0.0 kWh (Idle)
[20:35:18] ------------------------------------------------------------
[20:35:19] 
============================================================
[20:35:19] Episode 93/200 | Steps: 24
[20:35:19] 总奖励:  -174.06 (Avg10:  -175.64)
[20:35:19] Agent奖励:
[20:35:19]   wind      :   16.087
[20:35:19]   solar     :    1.561
[20:35:19]   diesel    :    0.000
[20:35:19]   battery   :    0.017
[20:35:19]   customer  : -191.721
[20:35:19] Grid交易: Import=0.1 | Export=859.0
[20:35:19] ------------------------------------------------------------
[20:35:19] 📊 每日策略详情 (Avg Bid / Total Gen):
[20:35:19]   Wind    : Bid   9.1¢ | Gen  130.2 kWh
[20:35:19]   Solar   : Bid   6.5¢ | Gen   17.1 kWh
[20:35:19]   Diesel  : Bid  32.2¢ | Gen    0.0 kWh
[20:35:19]   Battery : Bid   6.6¢ | Net   10.5 kWh (Dischg)
[20:35:19] ------------------------------------------------------------
[20:35:20] 
============================================================
[20:35:20] Episode 94/200 | Steps: 24
[20:35:20] 总奖励:  -175.70 (Avg10:  -175.52)
[20:35:20] Agent奖励:
[20:35:20]   wind      :   13.205
[20:35:20]   solar     :    2.892
[20:35:20]   diesel    :    0.000
[20:35:20]   battery   :    0.000
[20:35:20]   customer  : -191.800
[20:35:20] Grid交易: Import=0.6 | Export=1014.9
[20:35:20] ------------------------------------------------------------
[20:35:20] 📊 每日策略详情 (Avg Bid / Total Gen):
[20:35:20]   Wind    : Bid   9.0¢ | Gen   89.0 kWh
[20:35:20]   Solar   : Bid   6.2¢ | Gen    8.4 kWh
[20:35:20]   Diesel  : Bid  32.1¢ | Gen    0.0 kWh
[20:35:20]   Battery : Bid   7.0¢ | Net    0.0 kWh (Idle)
[20:35:20] ------------------------------------------------------------
[20:35:22] 
============================================================
[20:35:22] Episode 95/200 | Steps: 24
[20:35:22] 总奖励:  -183.50 (Avg10:  -176.63)
[20:35:22] Agent奖励:
[20:35:22]   wind      :    3.625
[20:35:22]   solar     :    0.830
[20:35:22]   diesel    :    0.000
[20:35:22]   battery   :    0.035
[20:35:22]   customer  : -187.994
[20:35:22] Grid交易: Import=0.0 | Export=1122.5
[20:35:22] ------------------------------------------------------------
[20:35:22] 📊 每日策略详情 (Avg Bid / Total Gen):
[20:35:22]   Wind    : Bid   9.7¢ | Gen   30.5 kWh
[20:35:22]   Solar   : Bid   6.2¢ | Gen   10.1 kWh
[20:35:22]   Diesel  : Bid  30.8¢ | Gen    0.0 kWh
[20:35:22]   Battery : Bid   7.6¢ | Net    9.4 kWh (Dischg)
[20:35:22] ------------------------------------------------------------
[20:35:23] 
============================================================
[20:35:23] Episode 96/200 | Steps: 24
[20:35:23] 总奖励:  -165.15 (Avg10:  -175.99)
[20:35:23] Agent奖励:
[20:35:23]   wind      :   15.083
[20:35:23]   solar     :    3.273
[20:35:23]   diesel    :    0.000
[20:35:23]   battery   :    0.000
[20:35:23]   customer  : -183.504
[20:35:23] Grid交易: Import=0.0 | Export=1161.0
[20:35:23] ------------------------------------------------------------
[20:35:23] 📊 每日策略详情 (Avg Bid / Total Gen):
[20:35:23]   Wind    : Bid  10.4¢ | Gen  112.9 kWh
[20:35:23]   Solar   : Bid   6.3¢ | Gen   21.9 kWh
[20:35:23]   Diesel  : Bid  30.1¢ | Gen    0.0 kWh
[20:35:23]   Battery : Bid   6.6¢ | Net    0.0 kWh (Idle)
[20:35:23] ------------------------------------------------------------
[20:35:24] 
============================================================
[20:35:24] Episode 97/200 | Steps: 24
[20:35:24] 总奖励:  -180.46 (Avg10:  -176.48)
[20:35:24] Agent奖励:
[20:35:24]   wind      :    6.552
[20:35:24]   solar     :    6.364
[20:35:24]   diesel    :    0.000
[20:35:24]   battery   :   -1.108
[20:35:24]   customer  : -192.265
[20:35:24] Grid交易: Import=2.9 | Export=1099.2
[20:35:24] ------------------------------------------------------------
[20:35:24] 📊 每日策略详情 (Avg Bid / Total Gen):
[20:35:24]   Wind    : Bid   9.0¢ | Gen   62.5 kWh
[20:35:24]   Solar   : Bid   6.8¢ | Gen   36.7 kWh
[20:35:24]   Diesel  : Bid  30.1¢ | Gen    0.0 kWh
[20:35:24]   Battery : Bid   6.3¢ | Net    6.6 kWh (Dischg)
[20:35:24] ------------------------------------------------------------
[20:35:25] 
============================================================
[20:35:25] Episode 98/200 | Steps: 24
[20:35:25] 总奖励:  -167.57 (Avg10:  -176.09)
[20:35:25] Agent奖励:
[20:35:25]   wind      :   13.728
[20:35:25]   solar     :    3.059
[20:35:25]   diesel    :    0.000
[20:35:25]   battery   :    0.000
[20:35:25]   customer  : -184.356
[20:35:25] Grid交易: Import=0.0 | Export=1072.0
[20:35:25] ------------------------------------------------------------
[20:35:25] 📊 每日策略详情 (Avg Bid / Total Gen):
[20:35:25]   Wind    : Bid  10.7¢ | Gen  120.0 kWh
[20:35:25]   Solar   : Bid   5.7¢ | Gen   35.1 kWh
[20:35:25]   Diesel  : Bid  29.9¢ | Gen    0.0 kWh
[20:35:25]   Battery : Bid   6.2¢ | Net    0.0 kWh (Idle)
[20:35:25] ------------------------------------------------------------
[20:35:27] 
============================================================
[20:35:27] Episode 99/200 | Steps: 24
[20:35:27] 总奖励:  -174.42 (Avg10:  -175.01)
[20:35:27] Agent奖励:
[20:35:27]   wind      :   10.200
[20:35:27]   solar     :    0.648
[20:35:27]   diesel    :    0.000
[20:35:27]   battery   :    0.000
[20:35:27]   customer  : -185.266
[20:35:27] Grid交易: Import=0.0 | Export=1163.1
[20:35:27] ------------------------------------------------------------
[20:35:27] 📊 每日策略详情 (Avg Bid / Total Gen):
[20:35:27]   Wind    : Bid  11.1¢ | Gen  129.9 kWh
[20:35:27]   Solar   : Bid   6.0¢ | Gen    9.2 kWh
[20:35:27]   Diesel  : Bid  30.1¢ | Gen    0.0 kWh
[20:35:27]   Battery : Bid   5.6¢ | Net    0.0 kWh (Idle)
[20:35:27] ------------------------------------------------------------
[20:35:28] 
============================================================
[20:35:28] Episode 100/200 | Steps: 24
[20:35:28] 总奖励:  -177.22 (Avg10:  -174.76)
[20:35:28] Agent奖励:
[20:35:28]   wind      :   12.681
[20:35:28]   solar     :    1.183
[20:35:28]   diesel    :    0.000
[20:35:28]   battery   :    0.000
[20:35:28]   customer  : -191.081
[20:35:28] Grid交易: Import=4.0 | Export=1043.8
[20:35:28] ------------------------------------------------------------
[20:35:28] 📊 每日策略详情 (Avg Bid / Total Gen):
[20:35:28]   Wind    : Bid  10.3¢ | Gen  105.1 kWh
[20:35:28]   Solar   : Bid   6.4¢ | Gen   11.7 kWh
[20:35:28]   Diesel  : Bid  29.2¢ | Gen    0.0 kWh
[20:35:28]   Battery : Bid   6.6¢ | Net    0.0 kWh (Idle)
[20:35:28] ------------------------------------------------------------
[20:35:28] 
📊 生成图表...
[20:35:28]   ✓ debug_plots/training_status_ep0100.png
[20:35:28]   ✓ debug_plots/grid_status_ep0100.png
[20:35:28] 💾 Checkpoint saved: debug_checkpoints/debug_maddpg_20251203_203307_ep100.pt
[20:35:30] 
============================================================
[20:35:30] Episode 101/200 | Steps: 24
[20:35:30] 总奖励:  -171.41 (Avg10:  -174.65)
[20:35:30] Agent奖励:
[20:35:30]   wind      :   17.186
[20:35:30]   solar     :    2.227
[20:35:30]   diesel    :    0.000
[20:35:30]   battery   :    0.000
[20:35:30]   customer  : -190.818
[20:35:30] Grid交易: Import=0.0 | Export=1139.4
[20:35:30] ------------------------------------------------------------
[20:35:30] 📊 每日策略详情 (Avg Bid / Total Gen):
[20:35:30]   Wind    : Bid  11.1¢ | Gen  138.9 kWh
[20:35:30]   Solar   : Bid   7.6¢ | Gen   17.4 kWh
[20:35:30]   Diesel  : Bid  27.7¢ | Gen    0.0 kWh
[20:35:30]   Battery : Bid   7.3¢ | Net    0.0 kWh (Idle)
[20:35:30] ------------------------------------------------------------
[20:35:31] 
============================================================
[20:35:31] Episode 102/200 | Steps: 24
[20:35:31] 总奖励:  -168.83 (Avg10:  -173.83)
[20:35:31] Agent奖励:
[20:35:31]   wind      :   15.779
[20:35:31]   solar     :    3.811
[20:35:31]   diesel    :    0.000
[20:35:31]   battery   :    0.000
[20:35:31]   customer  : -188.416
[20:35:31] Grid交易: Import=0.0 | Export=1196.7
[20:35:31] ------------------------------------------------------------
[20:35:31] 📊 每日策略详情 (Avg Bid / Total Gen):
[20:35:31]   Wind    : Bid  10.2¢ | Gen  104.0 kWh
[20:35:31]   Solar   : Bid   6.2¢ | Gen   31.2 kWh
[20:35:31]   Diesel  : Bid  27.0¢ | Gen    0.0 kWh
[20:35:31]   Battery : Bid   6.1¢ | Net    0.0 kWh (Idle)
[20:35:31] ------------------------------------------------------------
[20:35:32] 
============================================================
[20:35:32] Episode 103/200 | Steps: 24
[20:35:32] 总奖励:  -168.06 (Avg10:  -173.23)
[20:35:32] Agent奖励:
[20:35:32]   wind      :   20.497
[20:35:32]   solar     :    4.901
[20:35:32]   diesel    :    0.000
[20:35:32]   battery   :   -0.175
[20:35:32]   customer  : -193.284
[20:35:32] Grid交易: Import=12.4 | Export=1252.8
[20:35:32] ------------------------------------------------------------
[20:35:32] 📊 每日策略详情 (Avg Bid / Total Gen):
[20:35:32]   Wind    : Bid   9.8¢ | Gen  141.7 kWh
[20:35:32]   Solar   : Bid   6.1¢ | Gen   32.0 kWh
[20:35:32]   Diesel  : Bid  26.7¢ | Gen    0.0 kWh
[20:35:32]   Battery : Bid   6.5¢ | Net    5.8 kWh (Dischg)
[20:35:32] ------------------------------------------------------------
[20:35:33] 
============================================================
[20:35:33] Episode 104/200 | Steps: 24
[20:35:33] 总奖励:  -181.29 (Avg10:  -173.79)
[20:35:33] Agent奖励:
[20:35:33]   wind      :    8.996
[20:35:33]   solar     :    0.000
[20:35:33]   diesel    :    0.000
[20:35:33]   battery   :   -0.048
[20:35:33]   customer  : -190.238
[20:35:33] Grid交易: Import=0.0 | Export=1353.9
[20:35:33] ------------------------------------------------------------
[20:35:33] 📊 每日策略详情 (Avg Bid / Total Gen):
[20:35:33]   Wind    : Bid   8.4¢ | Gen   85.0 kWh
[20:35:33]   Solar   : Bid   6.6¢ | Gen    0.0 kWh
[20:35:33]   Diesel  : Bid  26.4¢ | Gen    0.0 kWh
[20:35:33]   Battery : Bid   6.4¢ | Net    1.6 kWh (Dischg)
[20:35:33] ------------------------------------------------------------
[20:35:35] 
============================================================
[20:35:35] Episode 105/200 | Steps: 24
[20:35:35] 总奖励:  -167.71 (Avg10:  -172.21)
[20:35:35] Agent奖励:
[20:35:35]   wind      :   12.757
[20:35:35]   solar     :    3.738
[20:35:35]   diesel    :    0.000
[20:35:35]   battery   :   -0.421
[20:35:35]   customer  : -183.780
[20:35:35] Grid交易: Import=0.0 | Export=1286.0
[20:35:35] ------------------------------------------------------------
[20:35:35] 📊 每日策略详情 (Avg Bid / Total Gen):
[20:35:35]   Wind    : Bid  10.3¢ | Gen   84.2 kWh
[20:35:35]   Solar   : Bid   6.6¢ | Gen   43.6 kWh
[20:35:35]   Diesel  : Bid  25.5¢ | Gen    0.0 kWh
[20:35:35]   Battery : Bid   6.5¢ | Net   14.0 kWh (Dischg)
[20:35:35] ------------------------------------------------------------
[20:35:37] 
============================================================
[20:35:37] Episode 106/200 | Steps: 24
[20:35:37] 总奖励:  -168.12 (Avg10:  -172.51)
[20:35:37] Agent奖励:
[20:35:37]   wind      :   13.867
[20:35:37]   solar     :    2.459
[20:35:37]   diesel    :    0.157
[20:35:37]   battery   :   -0.277
[20:35:37]   customer  : -184.324
[20:35:37] Grid交易: Import=0.0 | Export=1362.6
[20:35:37] ------------------------------------------------------------
[20:35:37] 📊 每日策略详情 (Avg Bid / Total Gen):
[20:35:37]   Wind    : Bid   8.1¢ | Gen  122.6 kWh
[20:35:37]   Solar   : Bid   6.2¢ | Gen   24.9 kWh
[20:35:37]   Diesel  : Bid  25.2¢ | Gen    2.3 kWh
[20:35:37]   Battery : Bid   6.4¢ | Net    9.2 kWh (Dischg)
[20:35:37] ------------------------------------------------------------
[20:35:38] 
============================================================
[20:35:38] Episode 107/200 | Steps: 24
[20:35:38] 总奖励:  -168.25 (Avg10:  -171.29)
[20:35:38] Agent奖励:
[20:35:38]   wind      :   12.741
[20:35:38]   solar     :    9.286
[20:35:38]   diesel    :    0.000
[20:35:38]   battery   :    0.000
[20:35:38]   customer  : -190.276
[20:35:38] Grid交易: Import=10.2 | Export=1127.6
[20:35:38] ------------------------------------------------------------
[20:35:38] 📊 每日策略详情 (Avg Bid / Total Gen):
[20:35:38]   Wind    : Bid  10.2¢ | Gen  112.9 kWh
[20:35:38]   Solar   : Bid   6.6¢ | Gen   53.2 kWh
[20:35:38]   Diesel  : Bid  25.1¢ | Gen    0.0 kWh
[20:35:38]   Battery : Bid   6.2¢ | Net    0.0 kWh (Idle)
[20:35:38] ------------------------------------------------------------
[20:35:40] 
============================================================
[20:35:40] Episode 108/200 | Steps: 24
[20:35:40] 总奖励:  -176.29 (Avg10:  -172.16)
[20:35:40] Agent奖励:
[20:35:40]   wind      :    7.728
[20:35:40]   solar     :    1.246
[20:35:40]   diesel    :    0.228
[20:35:40]   battery   :    0.000
[20:35:40]   customer  : -185.490
[20:35:40] Grid交易: Import=0.0 | Export=1243.2
[20:35:40] ------------------------------------------------------------
[20:35:40] 📊 每日策略详情 (Avg Bid / Total Gen):
[20:35:40]   Wind    : Bid   8.6¢ | Gen   89.6 kWh
[20:35:40]   Solar   : Bid   6.4¢ | Gen   10.2 kWh
[20:35:40]   Diesel  : Bid  26.0¢ | Gen    5.8 kWh
[20:35:40]   Battery : Bid   5.6¢ | Net    0.0 kWh (Idle)
[20:35:40] ------------------------------------------------------------
[20:35:41] 
============================================================
[20:35:41] Episode 109/200 | Steps: 24
[20:35:41] 总奖励:  -175.25 (Avg10:  -172.24)
[20:35:41] Agent奖励:
[20:35:41]   wind      :    6.573
[20:35:41]   solar     :    4.107
[20:35:41]   diesel    :    0.331
[20:35:41]   battery   :    0.000
[20:35:41]   customer  : -186.265
[20:35:41] Grid交易: Import=0.0 | Export=1296.5
[20:35:41] ------------------------------------------------------------
[20:35:41] 📊 每日策略详情 (Avg Bid / Total Gen):
[20:35:41]   Wind    : Bid   8.2¢ | Gen   66.4 kWh
[20:35:41]   Solar   : Bid   6.4¢ | Gen   31.7 kWh
[20:35:41]   Diesel  : Bid  24.7¢ | Gen    1.8 kWh
[20:35:41]   Battery : Bid   6.6¢ | Net    0.0 kWh (Idle)
[20:35:41] ------------------------------------------------------------
[20:35:43] 
============================================================
[20:35:43] Episode 110/200 | Steps: 24
[20:35:43] 总奖励:  -177.11 (Avg10:  -172.23)
[20:35:43] Agent奖励:
[20:35:43]   wind      :    6.117
[20:35:43]   solar     :    1.321
[20:35:43]   diesel    :    0.000
[20:35:43]   battery   :   -0.084
[20:35:43]   customer  : -184.467
[20:35:43] Grid交易: Import=0.0 | Export=1349.9
[20:35:43] ------------------------------------------------------------
[20:35:43] 📊 每日策略详情 (Avg Bid / Total Gen):
[20:35:43]   Wind    : Bid  10.0¢ | Gen   61.4 kWh
[20:35:43]   Solar   : Bid   6.4¢ | Gen   11.8 kWh
[20:35:43]   Diesel  : Bid  26.6¢ | Gen    0.0 kWh
[20:35:43]   Battery : Bid   6.4¢ | Net   38.0 kWh (Dischg)
[20:35:43] ------------------------------------------------------------
[20:35:46] 
============================================================
[20:35:46] Episode 111/200 | Steps: 24
[20:35:46] 总奖励:  -176.86 (Avg10:  -172.78)
[20:35:46] Agent奖励:
[20:35:46]   wind      :    7.906
[20:35:46]   solar     :    0.788
[20:35:46]   diesel    :    0.000
[20:35:46]   battery   :   -0.543
[20:35:46]   customer  : -185.015
[20:35:46] Grid交易: Import=0.0 | Export=1117.0
[20:35:46] ------------------------------------------------------------
[20:35:46] 📊 每日策略详情 (Avg Bid / Total Gen):
[20:35:46]   Wind    : Bid  10.0¢ | Gen   60.9 kWh
[20:35:46]   Solar   : Bid   5.8¢ | Gen   11.2 kWh
[20:35:46]   Diesel  : Bid  24.6¢ | Gen    0.0 kWh
[20:35:46]   Battery : Bid   6.4¢ | Net   18.1 kWh (Dischg)
[20:35:46] ------------------------------------------------------------
[20:35:47] 
============================================================
[20:35:47] Episode 112/200 | Steps: 24
[20:35:47] 总奖励:  -174.48 (Avg10:  -173.34)
[20:35:47] Agent奖励:
[20:35:47]   wind      :    8.496
[20:35:47]   solar     :    3.314
[20:35:47]   diesel    :    0.106
[20:35:47]   battery   :    0.000
[20:35:47]   customer  : -186.395
[20:35:47] Grid交易: Import=0.0 | Export=1227.0
[20:35:47] ------------------------------------------------------------
[20:35:47] 📊 每日策略详情 (Avg Bid / Total Gen):
[20:35:47]   Wind    : Bid   7.8¢ | Gen   91.4 kWh
[20:35:47]   Solar   : Bid   6.3¢ | Gen   26.4 kWh
[20:35:47]   Diesel  : Bid  26.1¢ | Gen    0.8 kWh
[20:35:47]   Battery : Bid   8.1¢ | Net    0.0 kWh (Idle)
[20:35:47] ------------------------------------------------------------
[20:35:48] 
============================================================
[20:35:48] Episode 113/200 | Steps: 24
[20:35:48] 总奖励:  -168.20 (Avg10:  -173.36)
[20:35:48] Agent奖励:
[20:35:48]   wind      :   12.108
[20:35:48]   solar     :    4.544
[20:35:48]   diesel    :    2.328
[20:35:48]   battery   :    0.000
[20:35:48]   customer  : -187.178
[20:35:48] Grid交易: Import=0.0 | Export=1067.8
[20:35:48] ------------------------------------------------------------
[20:35:48] 📊 每日策略详情 (Avg Bid / Total Gen):
[20:35:48]   Wind    : Bid   6.9¢ | Gen  110.7 kWh
[20:35:48]   Solar   : Bid   7.8¢ | Gen   27.0 kWh
[20:35:48]   Diesel  : Bid  25.3¢ | Gen   19.3 kWh
[20:35:48]   Battery : Bid   6.0¢ | Net    0.0 kWh (Idle)
[20:35:48] ------------------------------------------------------------
[20:35:49] 
============================================================
[20:35:49] Episode 114/200 | Steps: 24
[20:35:49] 总奖励:  -178.10 (Avg10:  -173.04)
[20:35:49] Agent奖励:
[20:35:49]   wind      :    5.884
[20:35:49]   solar     :    1.822
[20:35:49]   diesel    :    0.000
[20:35:49]   battery   :   -0.048
[20:35:49]   customer  : -185.762
[20:35:49] Grid交易: Import=0.0 | Export=1316.8
[20:35:49] ------------------------------------------------------------
[20:35:49] 📊 每日策略详情 (Avg Bid / Total Gen):
[20:35:49]   Wind    : Bid   9.7¢ | Gen   71.1 kWh
[20:35:49]   Solar   : Bid   6.0¢ | Gen   22.1 kWh
[20:35:49]   Diesel  : Bid  24.8¢ | Gen    0.0 kWh
[20:35:49]   Battery : Bid   6.0¢ | Net    1.7 kWh (Dischg)
[20:35:49] ------------------------------------------------------------
[20:35:51] 
============================================================
[20:35:51] Episode 115/200 | Steps: 24
[20:35:51] 总奖励:  -174.12 (Avg10:  -173.68)
[20:35:51] Agent奖励:
[20:35:51]   wind      :   10.431
[20:35:51]   solar     :    2.650
[20:35:51]   diesel    :    0.000
[20:35:51]   battery   :   -0.411
[20:35:51]   customer  : -186.793
[20:35:51] Grid交易: Import=0.0 | Export=1339.9
[20:35:51] ------------------------------------------------------------
[20:35:51] 📊 每日策略详情 (Avg Bid / Total Gen):
[20:35:51]   Wind    : Bid   9.0¢ | Gen  101.9 kWh
[20:35:51]   Solar   : Bid   6.4¢ | Gen   20.8 kWh
[20:35:51]   Diesel  : Bid  26.2¢ | Gen    0.0 kWh
[20:35:51]   Battery : Bid   6.9¢ | Net    7.9 kWh (Dischg)
[20:35:51] ------------------------------------------------------------
[20:35:52] 
============================================================
[20:35:52] Episode 116/200 | Steps: 24
[20:35:52] 总奖励:  -186.81 (Avg10:  -175.55)
[20:35:52] Agent奖励:
[20:35:52]   wind      :    4.323
[20:35:52]   solar     :    0.958
[20:35:52]   diesel    :    0.000
[20:35:52]   battery   :    0.013
[20:35:52]   customer  : -192.105
[20:35:52] Grid交易: Import=0.0 | Export=1336.1
[20:35:52] ------------------------------------------------------------
[20:35:52] 📊 每日策略详情 (Avg Bid / Total Gen):
[20:35:52]   Wind    : Bid   8.9¢ | Gen   42.5 kWh
[20:35:52]   Solar   : Bid   6.0¢ | Gen   10.6 kWh
[20:35:52]   Diesel  : Bid  24.7¢ | Gen    0.0 kWh
[20:35:52]   Battery : Bid   7.1¢ | Net   13.8 kWh (Dischg)
[20:35:52] ------------------------------------------------------------
[20:35:53] 
============================================================
[20:35:53] Episode 117/200 | Steps: 24
[20:35:53] 总奖励:  -182.09 (Avg10:  -176.93)
[20:35:53] Agent奖励:
[20:35:53]   wind      :    7.039
[20:35:53]   solar     :    0.213
[20:35:53]   diesel    :    0.000
[20:35:53]   battery   :   -0.883
[20:35:53]   customer  : -188.460
[20:35:53] Grid交易: Import=0.0 | Export=1479.3
[20:35:53] ------------------------------------------------------------
[20:35:53] 📊 每日策略详情 (Avg Bid / Total Gen):
[20:35:53]   Wind    : Bid   8.9¢ | Gen   68.6 kWh
[20:35:53]   Solar   : Bid   5.7¢ | Gen    3.0 kWh
[20:35:53]   Diesel  : Bid  25.2¢ | Gen    0.0 kWh
[20:35:53]   Battery : Bid   6.4¢ | Net    8.7 kWh (Dischg)
[20:35:53] ------------------------------------------------------------
[20:35:55] 
============================================================
[20:35:55] Episode 118/200 | Steps: 24
[20:35:55] 总奖励:  -171.27 (Avg10:  -176.43)
[20:35:55] Agent奖励:
[20:35:55]   wind      :   12.442
[20:35:55]   solar     :    3.021
[20:35:55]   diesel    :    0.380
[20:35:55]   battery   :   -0.579
[20:35:55]   customer  : -186.535
[20:35:55] Grid交易: Import=0.0 | Export=1361.2
[20:35:55] ------------------------------------------------------------
[20:35:55] 📊 每日策略详情 (Avg Bid / Total Gen):
[20:35:55]   Wind    : Bid   8.4¢ | Gen   90.7 kWh
[20:35:55]   Solar   : Bid   6.5¢ | Gen   30.4 kWh
[20:35:55]   Diesel  : Bid  23.6¢ | Gen    5.5 kWh
[20:35:55]   Battery : Bid   6.3¢ | Net   28.4 kWh (Dischg)
[20:35:55] ------------------------------------------------------------
[20:35:56] 
============================================================
[20:35:56] Episode 119/200 | Steps: 24
[20:35:56] 总奖励:  -168.41 (Avg10:  -175.75)
[20:35:56] Agent奖励:
[20:35:56]   wind      :   13.137
[20:35:56]   solar     :    3.696
[20:35:56]   diesel    :    0.882
[20:35:56]   battery   :    0.104
[20:35:56]   customer  : -186.230
[20:35:56] Grid交易: Import=0.0 | Export=1360.3
[20:35:56] ------------------------------------------------------------
[20:35:56] 📊 每日策略详情 (Avg Bid / Total Gen):
[20:35:56]   Wind    : Bid   7.7¢ | Gen  106.8 kWh
[20:35:56]   Solar   : Bid   6.4¢ | Gen   15.2 kWh
[20:35:56]   Diesel  : Bid  23.9¢ | Gen    7.4 kWh
[20:35:56]   Battery : Bid   6.5¢ | Net   14.1 kWh (Dischg)
[20:35:56] ------------------------------------------------------------
[20:35:58] 
============================================================
[20:35:58] Episode 120/200 | Steps: 24
[20:35:58] 总奖励:  -185.19 (Avg10:  -176.55)
[20:35:58] Agent奖励:
[20:35:58]   wind      :    7.211
[20:35:58]   solar     :    0.331
[20:35:58]   diesel    :    0.000
[20:35:58]   battery   :   -0.008
[20:35:58]   customer  : -192.727
[20:35:58] Grid交易: Import=0.0 | Export=1303.5
[20:35:58] ------------------------------------------------------------
[20:35:58] 📊 每日策略详情 (Avg Bid / Total Gen):
[20:35:58]   Wind    : Bid   8.4¢ | Gen   58.6 kWh
[20:35:58]   Solar   : Bid   6.6¢ | Gen    3.8 kWh
[20:35:58]   Diesel  : Bid  22.9¢ | Gen    0.0 kWh
[20:35:58]   Battery : Bid   6.3¢ | Net    1.2 kWh (Dischg)
[20:35:58] ------------------------------------------------------------
[20:35:58] 
📊 生成图表...
[20:35:58]   ✓ debug_plots/training_status_ep0120.png
[20:35:58]   ✓ debug_plots/grid_status_ep0120.png
[20:35:59] 
============================================================
[20:35:59] Episode 121/200 | Steps: 24
[20:35:59] 总奖励:  -169.86 (Avg10:  -175.85)
[20:35:59] Agent奖励:
[20:35:59]   wind      :   12.604
[20:35:59]   solar     :    1.769
[20:35:59]   diesel    :    0.185
[20:35:59]   battery   :   -0.203
[20:35:59]   customer  : -184.220
[20:35:59] Grid交易: Import=0.0 | Export=1268.8
[20:35:59] ------------------------------------------------------------
[20:35:59] 📊 每日策略详情 (Avg Bid / Total Gen):
[20:35:59]   Wind    : Bid   8.3¢ | Gen  127.5 kWh
[20:35:59]   Solar   : Bid   6.1¢ | Gen   23.9 kWh
[20:35:59]   Diesel  : Bid  23.7¢ | Gen    6.8 kWh
[20:35:59]   Battery : Bid   6.5¢ | Net    6.8 kWh (Dischg)
[20:35:59] ------------------------------------------------------------
[20:36:01] 
============================================================
[20:36:01] Episode 122/200 | Steps: 24
[20:36:01] 总奖励:  -170.16 (Avg10:  -175.42)
[20:36:01] Agent奖励:
[20:36:01]   wind      :   20.294
[20:36:01]   solar     :    7.754
[20:36:01]   diesel    :    1.219
[20:36:01]   battery   :   -1.022
[20:36:01]   customer  : -198.404
[20:36:01] Grid交易: Import=0.0 | Export=1329.2
[20:36:01] ------------------------------------------------------------
[20:36:01] 📊 每日策略详情 (Avg Bid / Total Gen):
[20:36:01]   Wind    : Bid   8.9¢ | Gen  113.5 kWh
[20:36:01]   Solar   : Bid   7.2¢ | Gen   32.9 kWh
[20:36:01]   Diesel  : Bid  23.5¢ | Gen    9.7 kWh
[20:36:01]   Battery : Bid   6.9¢ | Net    2.3 kWh (Dischg)
[20:36:01] ------------------------------------------------------------
[20:36:02] 
============================================================
[20:36:02] Episode 123/200 | Steps: 24
[20:36:02] 总奖励:  -169.89 (Avg10:  -175.59)
[20:36:02] Agent奖励:
[20:36:02]   wind      :   16.718
[20:36:02]   solar     :    1.161
[20:36:02]   diesel    :    0.356
[20:36:02]   battery   :   -0.091
[20:36:02]   customer  : -188.029
[20:36:02] Grid交易: Import=0.0 | Export=1295.4
[20:36:02] ------------------------------------------------------------
[20:36:02] 📊 每日策略详情 (Avg Bid / Total Gen):
[20:36:02]   Wind    : Bid   8.9¢ | Gen  145.6 kWh
[20:36:02]   Solar   : Bid   6.2¢ | Gen   16.1 kWh
[20:36:02]   Diesel  : Bid  22.8¢ | Gen    7.2 kWh
[20:36:02]   Battery : Bid   6.1¢ | Net    4.4 kWh (Dischg)
[20:36:02] ------------------------------------------------------------
[20:36:03] 
============================================================
[20:36:03] Episode 124/200 | Steps: 24
[20:36:03] 总奖励:  -168.39 (Avg10:  -174.62)
[20:36:03] Agent奖励:
[20:36:03]   wind      :   11.901
[20:36:03]   solar     :    4.391
[20:36:03]   diesel    :    0.181
[20:36:03]   battery   :    0.167
[20:36:03]   customer  : -185.027
[20:36:03] Grid交易: Import=0.0 | Export=1329.4
[20:36:03] ------------------------------------------------------------
[20:36:03] 📊 每日策略详情 (Avg Bid / Total Gen):
[20:36:03]   Wind    : Bid   9.2¢ | Gen   96.1 kWh
[20:36:03]   Solar   : Bid   6.4¢ | Gen   35.8 kWh
[20:36:03]   Diesel  : Bid  23.0¢ | Gen    0.9 kWh
[20:36:03]   Battery : Bid   7.1¢ | Net    6.7 kWh (Dischg)
[20:36:03] ------------------------------------------------------------
[20:36:05] 
============================================================
[20:36:05] Episode 125/200 | Steps: 24
[20:36:05] 总奖励:  -168.48 (Avg10:  -174.06)
[20:36:05] Agent奖励:
[20:36:05]   wind      :   12.565
[20:36:05]   solar     :    6.112
[20:36:05]   diesel    :    1.455
[20:36:05]   battery   :   -0.377
[20:36:05]   customer  : -188.239
[20:36:05] Grid交易: Import=0.0 | Export=1325.6
[20:36:05] ------------------------------------------------------------
[20:36:05] 📊 每日策略详情 (Avg Bid / Total Gen):
[20:36:05]   Wind    : Bid   8.9¢ | Gen  128.5 kWh
[20:36:05]   Solar   : Bid   6.5¢ | Gen   33.4 kWh
[20:36:05]   Diesel  : Bid  22.5¢ | Gen   10.5 kWh
[20:36:05]   Battery : Bid   6.5¢ | Net   24.0 kWh (Dischg)
[20:36:05] ------------------------------------------------------------
[20:36:07] 
============================================================
[20:36:07] Episode 126/200 | Steps: 24
[20:36:07] 总奖励:  -166.96 (Avg10:  -172.07)
[20:36:07] Agent奖励:
[20:36:07]   wind      :   16.962
[20:36:07]   solar     :    2.380
[20:36:07]   diesel    :    0.750
[20:36:07]   battery   :   -0.287
[20:36:07]   customer  : -186.767
[20:36:07] Grid交易: Import=0.0 | Export=1376.2
[20:36:07] ------------------------------------------------------------
[20:36:07] 📊 每日策略详情 (Avg Bid / Total Gen):
[20:36:07]   Wind    : Bid   8.3¢ | Gen  144.1 kWh
[20:36:07]   Solar   : Bid   6.3¢ | Gen   24.1 kWh
[20:36:07]   Diesel  : Bid  21.8¢ | Gen   19.0 kWh
[20:36:07]   Battery : Bid   7.0¢ | Net    9.6 kWh (Dischg)
[20:36:07] ------------------------------------------------------------
[20:36:08] 
============================================================
[20:36:08] Episode 127/200 | Steps: 24
[20:36:08] 总奖励:  -181.87 (Avg10:  -172.05)
[20:36:08] Agent奖励:
[20:36:08]   wind      :    8.343
[20:36:08]   solar     :    3.627
[20:36:08]   diesel    :    0.000
[20:36:08]   battery   :   -0.777
[20:36:08]   customer  : -193.059
[20:36:08] Grid交易: Import=0.0 | Export=1291.7
[20:36:08] ------------------------------------------------------------
[20:36:08] 📊 每日策略详情 (Avg Bid / Total Gen):
[20:36:08]   Wind    : Bid   7.8¢ | Gen   62.3 kWh
[20:36:08]   Solar   : Bid   6.0¢ | Gen   20.4 kWh
[20:36:08]   Diesel  : Bid  24.7¢ | Gen    0.0 kWh
[20:36:08]   Battery : Bid   6.4¢ | Net   28.6 kWh (Dischg)
[20:36:08] ------------------------------------------------------------
[20:36:09] 
============================================================
[20:36:09] Episode 128/200 | Steps: 24
[20:36:09] 总奖励:  -164.08 (Avg10:  -171.33)
[20:36:09] Agent奖励:
[20:36:09]   wind      :   20.025
[20:36:09]   solar     :    8.788
[20:36:09]   diesel    :    0.025
[20:36:09]   battery   :   -0.291
[20:36:09]   customer  : -192.624
[20:36:09] Grid交易: Import=0.0 | Export=1246.9
[20:36:09] ------------------------------------------------------------
[20:36:09] 📊 每日策略详情 (Avg Bid / Total Gen):
[20:36:09]   Wind    : Bid   8.7¢ | Gen  119.8 kWh
[20:36:09]   Solar   : Bid   6.2¢ | Gen   43.0 kWh
[20:36:09]   Diesel  : Bid  25.2¢ | Gen    0.1 kWh
[20:36:09]   Battery : Bid   6.4¢ | Net   12.0 kWh (Dischg)
[20:36:09] ------------------------------------------------------------
[20:36:10] 
============================================================
[20:36:10] Episode 129/200 | Steps: 24
[20:36:10] 总奖励:  -163.41 (Avg10:  -170.83)
[20:36:10] Agent奖励:
[20:36:10]   wind      :   24.246
[20:36:10]   solar     :    9.417
[20:36:10]   diesel    :    0.436
[20:36:10]   battery   :   -0.280
[20:36:10]   customer  : -197.233
[20:36:10] Grid交易: Import=0.0 | Export=1335.3
[20:36:10] ------------------------------------------------------------
[20:36:10] 📊 每日策略详情 (Avg Bid / Total Gen):
[20:36:10]   Wind    : Bid   8.7¢ | Gen  132.6 kWh
[20:36:10]   Solar   : Bid   6.5¢ | Gen   39.4 kWh
[20:36:10]   Diesel  : Bid  23.9¢ | Gen    8.5 kWh
[20:36:10]   Battery : Bid   6.6¢ | Net    9.3 kWh (Dischg)
[20:36:10] ------------------------------------------------------------
[20:36:12] 
============================================================
[20:36:12] Episode 130/200 | Steps: 24
[20:36:12] 总奖励:  -163.96 (Avg10:  -168.71)
[20:36:12] Agent奖励:
[20:36:12]   wind      :   17.921
[20:36:12]   solar     :    6.161
[20:36:12]   diesel    :    2.181
[20:36:12]   battery   :   -1.064
[20:36:12]   customer  : -189.160
[20:36:12] Grid交易: Import=0.0 | Export=1226.5
[20:36:12] ------------------------------------------------------------
[20:36:12] 📊 每日策略详情 (Avg Bid / Total Gen):
[20:36:12]   Wind    : Bid   9.2¢ | Gen  140.5 kWh
[20:36:12]   Solar   : Bid   6.0¢ | Gen   57.6 kWh
[20:36:12]   Diesel  : Bid  24.7¢ | Gen   30.4 kWh
[20:36:12]   Battery : Bid   6.7¢ | Net   36.8 kWh (Dischg)
[20:36:12] ------------------------------------------------------------
[20:36:13] 
============================================================
[20:36:13] Episode 131/200 | Steps: 24
[20:36:13] 总奖励:  -159.55 (Avg10:  -167.67)
[20:36:13] Agent奖励:
[20:36:13]   wind      :   13.905
[20:36:13]   solar     :    3.761
[20:36:13]   diesel    :    0.000
[20:36:13]   battery   :    0.071
[20:36:13]   customer  : -177.288
[20:36:13] Grid交易: Import=0.0 | Export=1330.3
[20:36:13] ------------------------------------------------------------
[20:36:13] 📊 每日策略详情 (Avg Bid / Total Gen):
[20:36:13]   Wind    : Bid   8.9¢ | Gen  134.4 kWh
[20:36:13]   Solar   : Bid   6.1¢ | Gen   40.4 kWh
[20:36:13]   Diesel  : Bid  23.0¢ | Gen    0.0 kWh
[20:36:13]   Battery : Bid   6.1¢ | Net   19.5 kWh (Dischg)
[20:36:13] ------------------------------------------------------------
[20:36:14] 
============================================================
[20:36:14] Episode 132/200 | Steps: 24
[20:36:14] 总奖励:  -163.66 (Avg10:  -167.02)
[20:36:14] Agent奖励:
[20:36:14]   wind      :   18.197
[20:36:14]   solar     :    2.837
[20:36:14]   diesel    :    0.725
[20:36:14]   battery   :   -0.667
[20:36:14]   customer  : -184.751
[20:36:14] Grid交易: Import=0.0 | Export=1366.7
[20:36:14] ------------------------------------------------------------
[20:36:14] 📊 每日策略详情 (Avg Bid / Total Gen):
[20:36:14]   Wind    : Bid   9.4¢ | Gen  163.5 kWh
[20:36:14]   Solar   : Bid   7.3¢ | Gen   18.6 kWh
[20:36:14]   Diesel  : Bid  23.9¢ | Gen    5.5 kWh
[20:36:14]   Battery : Bid   6.6¢ | Net   22.2 kWh (Dischg)
[20:36:14] ------------------------------------------------------------
[20:36:15] 
============================================================
[20:36:15] Episode 133/200 | Steps: 24
[20:36:15] 总奖励:  -166.96 (Avg10:  -166.73)
[20:36:15] Agent奖励:
[20:36:15]   wind      :   16.829
[20:36:15]   solar     :    3.753
[20:36:15]   diesel    :    0.714
[20:36:15]   battery   :   -0.056
[20:36:15]   customer  : -188.204
[20:36:15] Grid交易: Import=0.0 | Export=1117.1
[20:36:15] ------------------------------------------------------------
[20:36:15] 📊 每日策略详情 (Avg Bid / Total Gen):
[20:36:15]   Wind    : Bid   9.0¢ | Gen  141.1 kWh
[20:36:15]   Solar   : Bid   5.9¢ | Gen   33.8 kWh
[20:36:15]   Diesel  : Bid  23.5¢ | Gen   11.7 kWh
[20:36:15]   Battery : Bid   7.1¢ | Net   15.5 kWh (Dischg)
[20:36:15] ------------------------------------------------------------
[20:36:17] 
============================================================
[20:36:17] Episode 134/200 | Steps: 24
[20:36:17] 总奖励:  -152.21 (Avg10:  -165.11)
[20:36:17] Agent奖励:
[20:36:17]   wind      :   26.022
[20:36:17]   solar     :    9.554
[20:36:17]   diesel    :    1.674
[20:36:17]   battery   :   -0.266
[20:36:17]   customer  : -189.197
[20:36:17] Grid交易: Import=0.0 | Export=1331.2
[20:36:17] ------------------------------------------------------------
[20:36:17] 📊 每日策略详情 (Avg Bid / Total Gen):
[20:36:17]   Wind    : Bid   9.1¢ | Gen  178.8 kWh
[20:36:17]   Solar   : Bid   6.6¢ | Gen   58.9 kWh
[20:36:17]   Diesel  : Bid  22.8¢ | Gen   26.3 kWh
[20:36:17]   Battery : Bid   6.0¢ | Net    8.9 kWh (Dischg)
[20:36:17] ------------------------------------------------------------
[20:36:19] 
============================================================
[20:36:19] Episode 135/200 | Steps: 24
[20:36:19] 总奖励:  -163.23 (Avg10:  -164.59)
[20:36:19] Agent奖励:
[20:36:19]   wind      :   19.031
[20:36:19]   solar     :    3.607
[20:36:19]   diesel    :    0.965
[20:36:19]   battery   :   -0.406
[20:36:19]   customer  : -186.430
[20:36:19] Grid交易: Import=0.0 | Export=1407.2
[20:36:19] ------------------------------------------------------------
[20:36:19] 📊 每日策略详情 (Avg Bid / Total Gen):
[20:36:19]   Wind    : Bid   9.5¢ | Gen  132.4 kWh
[20:36:19]   Solar   : Bid   7.1¢ | Gen   26.6 kWh
[20:36:19]   Diesel  : Bid  21.7¢ | Gen    9.3 kWh
[20:36:19]   Battery : Bid   6.0¢ | Net   13.5 kWh (Dischg)
[20:36:19] ------------------------------------------------------------
[20:36:21] 
============================================================
[20:36:21] Episode 136/200 | Steps: 24
[20:36:21] 总奖励:  -149.32 (Avg10:  -162.83)
[20:36:21] Agent奖励:
[20:36:21]   wind      :   21.032
[20:36:21]   solar     :    4.128
[20:36:21]   diesel    :    0.154
[20:36:21]   battery   :    0.000
[20:36:21]   customer  : -174.631
[20:36:21] Grid交易: Import=0.0 | Export=1197.7
[20:36:21] ------------------------------------------------------------
[20:36:21] 📊 每日策略详情 (Avg Bid / Total Gen):
[20:36:21]   Wind    : Bid   8.6¢ | Gen  215.6 kWh
[20:36:21]   Solar   : Bid   5.7¢ | Gen   40.4 kWh
[20:36:21]   Diesel  : Bid  20.5¢ | Gen    4.2 kWh
[20:36:21]   Battery : Bid   6.2¢ | Net    0.0 kWh (Idle)
[20:36:21] ------------------------------------------------------------
[20:36:22] 
============================================================
[20:36:22] Episode 137/200 | Steps: 24
[20:36:22] 总奖励:  -158.36 (Avg10:  -160.47)
[20:36:22] Agent奖励:
[20:36:22]   wind      :   24.619
[20:36:22]   solar     :    2.891
[20:36:22]   diesel    :   -0.242
[20:36:22]   battery   :   -0.725
[20:36:22]   customer  : -184.903
[20:36:22] Grid交易: Import=0.0 | Export=1176.4
[20:36:22] ------------------------------------------------------------
[20:36:22] 📊 每日策略详情 (Avg Bid / Total Gen):
[20:36:22]   Wind    : Bid   9.1¢ | Gen  203.4 kWh
[20:36:22]   Solar   : Bid   5.9¢ | Gen   25.5 kWh
[20:36:22]   Diesel  : Bid  22.0¢ | Gen    9.2 kWh
[20:36:22]   Battery : Bid   6.8¢ | Net   24.2 kWh (Dischg)
[20:36:22] ------------------------------------------------------------
[20:36:23] 
============================================================
[20:36:23] Episode 138/200 | Steps: 24
[20:36:23] 总奖励:  -166.09 (Avg10:  -160.68)
[20:36:23] Agent奖励:
[20:36:23]   wind      :   16.012
[20:36:23]   solar     :    5.947
[20:36:23]   diesel    :    0.462
[20:36:23]   battery   :    0.016
[20:36:23]   customer  : -188.525
[20:36:23] Grid交易: Import=0.0 | Export=977.8
[20:36:23] ------------------------------------------------------------
[20:36:23] 📊 每日策略详情 (Avg Bid / Total Gen):
[20:36:23]   Wind    : Bid  11.5¢ | Gen  141.7 kWh
[20:36:23]   Solar   : Bid   6.2¢ | Gen   42.9 kWh
[20:36:23]   Diesel  : Bid  21.6¢ | Gen   12.2 kWh
[20:36:23]   Battery : Bid   6.5¢ | Net   15.9 kWh (Dischg)
[20:36:23] ------------------------------------------------------------
[20:36:24] 
============================================================
[20:36:24] Episode 139/200 | Steps: 24
[20:36:24] 总奖励:  -149.38 (Avg10:  -159.27)
[20:36:24] Agent奖励:
[20:36:24]   wind      :   28.342
[20:36:24]   solar     :    7.822
[20:36:24]   diesel    :    2.325
[20:36:24]   battery   :   -0.090
[20:36:24]   customer  : -187.782
[20:36:24] Grid交易: Import=4.5 | Export=1026.1
[20:36:24] ------------------------------------------------------------
[20:36:24] 📊 每日策略详情 (Avg Bid / Total Gen):
[20:36:24]   Wind    : Bid  10.4¢ | Gen  218.6 kWh
[20:36:24]   Solar   : Bid   6.9¢ | Gen   44.0 kWh
[20:36:24]   Diesel  : Bid  22.0¢ | Gen   22.0 kWh
[20:36:24]   Battery : Bid   6.6¢ | Net    8.0 kWh (Dischg)
[20:36:24] ------------------------------------------------------------
[20:36:25] 
============================================================
[20:36:25] Episode 140/200 | Steps: 24
[20:36:25] 总奖励:  -152.00 (Avg10:  -158.08)
[20:36:25] Agent奖励:
[20:36:25]   wind      :   30.014
[20:36:25]   solar     :    8.086
[20:36:25]   diesel    :    0.194
[20:36:25]   battery   :    0.000
[20:36:25]   customer  : -190.297
[20:36:25] Grid交易: Import=6.3 | Export=1078.1
[20:36:25] ------------------------------------------------------------
[20:36:25] 📊 每日策略详情 (Avg Bid / Total Gen):
[20:36:25]   Wind    : Bid  11.0¢ | Gen  195.4 kWh
[20:36:25]   Solar   : Bid   7.1¢ | Gen   43.8 kWh
[20:36:25]   Diesel  : Bid  21.0¢ | Gen    7.9 kWh
[20:36:25]   Battery : Bid   6.4¢ | Net    0.0 kWh (Idle)
[20:36:25] ------------------------------------------------------------
[20:36:25] 
📊 生成图表...
[20:36:26]   ✓ debug_plots/training_status_ep0140.png
[20:36:26]   ✓ debug_plots/grid_status_ep0140.png
[20:36:27] 
============================================================
[20:36:27] Episode 141/200 | Steps: 24
[20:36:27] 总奖励:  -157.84 (Avg10:  -157.91)
[20:36:27] Agent奖励:
[20:36:27]   wind      :   19.815
[20:36:27]   solar     :    9.942
[20:36:27]   diesel    :    1.007
[20:36:27]   battery   :   -0.009
[20:36:27]   customer  : -188.595
[20:36:27] Grid交易: Import=0.0 | Export=1103.1
[20:36:27] ------------------------------------------------------------
[20:36:27] 📊 每日策略详情 (Avg Bid / Total Gen):
[20:36:27]   Wind    : Bid  10.3¢ | Gen  158.3 kWh
[20:36:27]   Solar   : Bid   6.4¢ | Gen   59.2 kWh
[20:36:27]   Diesel  : Bid  22.4¢ | Gen   23.4 kWh
[20:36:27]   Battery : Bid   5.7¢ | Net    0.3 kWh (Dischg)
[20:36:27] ------------------------------------------------------------
[20:36:28] 
============================================================
[20:36:28] Episode 142/200 | Steps: 24
[20:36:28] 总奖励:  -139.80 (Avg10:  -155.52)
[20:36:28] Agent奖励:
[20:36:28]   wind      :   34.040
[20:36:28]   solar     :   13.026
[20:36:28]   diesel    :    4.766
[20:36:28]   battery   :    0.509
[20:36:28]   customer  : -192.145
[20:36:28] Grid交易: Import=0.4 | Export=957.1
[20:36:28] ------------------------------------------------------------
[20:36:28] 📊 每日策略详情 (Avg Bid / Total Gen):
[20:36:28]   Wind    : Bid  10.0¢ | Gen  206.0 kWh
[20:36:28]   Solar   : Bid   6.4¢ | Gen   56.8 kWh
[20:36:28]   Diesel  : Bid  21.9¢ | Gen   67.9 kWh
[20:36:28]   Battery : Bid   6.2¢ | Net   33.7 kWh (Dischg)
[20:36:28] ------------------------------------------------------------
[20:36:30] 
============================================================
[20:36:30] Episode 143/200 | Steps: 24
[20:36:30] 总奖励:  -150.65 (Avg10:  -153.89)
[20:36:30] Agent奖励:
[20:36:30]   wind      :   22.258
[20:36:30]   solar     :    6.053
[20:36:30]   diesel    :    0.784
[20:36:30]   battery   :   -0.132
[20:36:30]   customer  : -179.612
[20:36:30] Grid交易: Import=0.0 | Export=1014.9
[20:36:30] ------------------------------------------------------------
[20:36:30] 📊 每日策略详情 (Avg Bid / Total Gen):
[20:36:30]   Wind    : Bid   9.2¢ | Gen  208.7 kWh
[20:36:30]   Solar   : Bid   6.5¢ | Gen   61.6 kWh
[20:36:30]   Diesel  : Bid  21.9¢ | Gen   10.4 kWh
[20:36:30]   Battery : Bid   5.9¢ | Net    5.7 kWh (Dischg)
[20:36:30] ------------------------------------------------------------
[20:36:32] 
============================================================
[20:36:32] Episode 144/200 | Steps: 24
[20:36:32] 总奖励:  -154.62 (Avg10:  -154.13)
[20:36:32] Agent奖励:
[20:36:32]   wind      :   24.100
[20:36:32]   solar     :   11.992
[20:36:32]   diesel    :    4.246
[20:36:32]   battery   :   -0.011
[20:36:32]   customer  : -194.945
[20:36:32] Grid交易: Import=0.0 | Export=1264.0
[20:36:32] ------------------------------------------------------------
[20:36:32] 📊 每日策略详情 (Avg Bid / Total Gen):
[20:36:32]   Wind    : Bid   9.6¢ | Gen  182.7 kWh
[20:36:32]   Solar   : Bid   6.7¢ | Gen   57.9 kWh
[20:36:32]   Diesel  : Bid  20.8¢ | Gen   25.0 kWh
[20:36:32]   Battery : Bid   5.9¢ | Net    0.5 kWh (Dischg)
[20:36:32] ------------------------------------------------------------
[20:36:35] 
============================================================
[20:36:35] Episode 145/200 | Steps: 24
[20:36:35] 总奖励:  -170.30 (Avg10:  -154.84)
[20:36:35] Agent奖励:
[20:36:35]   wind      :   13.388
[20:36:35]   solar     :    5.374
[20:36:35]   diesel    :   -0.344
[20:36:35]   battery   :   -0.214
[20:36:35]   customer  : -188.501
[20:36:35] Grid交易: Import=33.1 | Export=1334.1
[20:36:35] ------------------------------------------------------------
[20:36:35] 📊 每日策略详情 (Avg Bid / Total Gen):
[20:36:35]   Wind    : Bid   9.1¢ | Gen  125.3 kWh
[20:36:35]   Solar   : Bid   6.4¢ | Gen   31.6 kWh
[20:36:35]   Diesel  : Bid  19.0¢ | Gen   48.3 kWh
[20:36:35]   Battery : Bid   6.0¢ | Net    7.1 kWh (Dischg)
[20:36:35] ------------------------------------------------------------
[20:36:36] 
============================================================
[20:36:36] Episode 146/200 | Steps: 24
[20:36:36] 总奖励:  -150.61 (Avg10:  -154.96)
[20:36:36] Agent奖励:
[20:36:36]   wind      :   31.300
[20:36:36]   solar     :    6.839
[20:36:36]   diesel    :   -0.119
[20:36:36]   battery   :    0.997
[20:36:36]   customer  : -189.622
[20:36:36] Grid交易: Import=0.0 | Export=1016.8
[20:36:36] ------------------------------------------------------------
[20:36:36] 📊 每日策略详情 (Avg Bid / Total Gen):
[20:36:36]   Wind    : Bid   8.8¢ | Gen  217.7 kWh
[20:36:36]   Solar   : Bid   6.4¢ | Gen   36.5 kWh
[20:36:36]   Diesel  : Bid  20.9¢ | Gen   20.9 kWh
[20:36:36]   Battery : Bid   6.0¢ | Net   14.5 kWh (Dischg)
[20:36:36] ------------------------------------------------------------
[20:36:37] 
============================================================
[20:36:37] Episode 147/200 | Steps: 24
[20:36:37] 总奖励:  -148.39 (Avg10:  -153.97)
[20:36:37] Agent奖励:
[20:36:37]   wind      :   32.328
[20:36:37]   solar     :    8.738
[20:36:37]   diesel    :    4.335
[20:36:37]   battery   :   -0.024
[20:36:37]   customer  : -193.766
[20:36:37] Grid交易: Import=0.0 | Export=1165.7
[20:36:37] ------------------------------------------------------------
[20:36:37] 📊 每日策略详情 (Avg Bid / Total Gen):
[20:36:37]   Wind    : Bid  10.3¢ | Gen  211.7 kWh
[20:36:37]   Solar   : Bid   6.3¢ | Gen   39.2 kWh
[20:36:37]   Diesel  : Bid  22.2¢ | Gen   58.3 kWh
[20:36:37]   Battery : Bid   6.9¢ | Net    1.8 kWh (Dischg)
[20:36:37] ------------------------------------------------------------
[20:36:38] 
============================================================
[20:36:38] Episode 148/200 | Steps: 24
[20:36:38] 总奖励:  -160.58 (Avg10:  -153.42)
[20:36:38] Agent奖励:
[20:36:38]   wind      :   22.159
[20:36:38]   solar     :   11.149
[20:36:38]   diesel    :   -0.187
[20:36:38]   battery   :   -0.061
[20:36:38]   customer  : -193.641
[20:36:38] Grid交易: Import=0.0 | Export=1209.6
[20:36:38] ------------------------------------------------------------
[20:36:38] 📊 每日策略详情 (Avg Bid / Total Gen):
[20:36:38]   Wind    : Bid  11.9¢ | Gen  131.6 kWh
[20:36:38]   Solar   : Bid   6.4¢ | Gen   63.1 kWh
[20:36:38]   Diesel  : Bid  21.2¢ | Gen   29.6 kWh
[20:36:38]   Battery : Bid   6.4¢ | Net    2.0 kWh (Dischg)
[20:36:38] ------------------------------------------------------------
[20:36:40] 
============================================================
[20:36:40] Episode 149/200 | Steps: 24
[20:36:40] 总奖励:  -146.44 (Avg10:  -153.12)
[20:36:40] Agent奖励:
[20:36:40]   wind      :   32.314
[20:36:40]   solar     :    9.256
[20:36:40]   diesel    :    3.846
[20:36:40]   battery   :    0.000
[20:36:40]   customer  : -191.859
[20:36:40] Grid交易: Import=3.9 | Export=1018.3
[20:36:40] ------------------------------------------------------------
[20:36:40] 📊 每日策略详情 (Avg Bid / Total Gen):
[20:36:40]   Wind    : Bid  10.5¢ | Gen  226.9 kWh
[20:36:40]   Solar   : Bid   5.7¢ | Gen   46.7 kWh
[20:36:40]   Diesel  : Bid  21.5¢ | Gen   32.6 kWh
[20:36:40]   Battery : Bid   6.0¢ | Net    0.0 kWh (Idle)
[20:36:40] ------------------------------------------------------------
[20:36:41] 
============================================================
[20:36:41] Episode 150/200 | Steps: 24
[20:36:41] 总奖励:  -162.82 (Avg10:  -154.20)
[20:36:41] Agent奖励:
[20:36:41]   wind      :   14.730
[20:36:41]   solar     :    9.896
[20:36:41]   diesel    :    0.212
[20:36:41]   battery   :   -0.127
[20:36:41]   customer  : -187.535
[20:36:41] Grid交易: Import=0.0 | Export=1173.5
[20:36:41] ------------------------------------------------------------
[20:36:41] 📊 每日策略详情 (Avg Bid / Total Gen):
[20:36:41]   Wind    : Bid  11.4¢ | Gen  119.7 kWh
[20:36:41]   Solar   : Bid   5.5¢ | Gen   70.7 kWh
[20:36:41]   Diesel  : Bid  20.5¢ | Gen   18.0 kWh
[20:36:41]   Battery : Bid   5.9¢ | Net    5.0 kWh (Dischg)
[20:36:41] ------------------------------------------------------------
[20:36:42] 
============================================================
[20:36:42] Episode 151/200 | Steps: 24
[20:36:42] 总奖励:  -159.00 (Avg10:  -154.32)
[20:36:42] Agent奖励:
[20:36:42]   wind      :   19.623
[20:36:42]   solar     :   10.406
[20:36:42]   diesel    :    2.051
[20:36:42]   battery   :   -0.352
[20:36:42]   customer  : -190.726
[20:36:42] Grid交易: Import=0.0 | Export=1197.2
[20:36:42] ------------------------------------------------------------
[20:36:42] 📊 每日策略详情 (Avg Bid / Total Gen):
[20:36:42]   Wind    : Bid  11.2¢ | Gen  130.6 kWh
[20:36:42]   Solar   : Bid   6.2¢ | Gen   58.2 kWh
[20:36:42]   Diesel  : Bid  21.6¢ | Gen   38.5 kWh
[20:36:42]   Battery : Bid   6.3¢ | Net   11.7 kWh (Dischg)
[20:36:42] ------------------------------------------------------------
[20:36:43] 
============================================================
[20:36:43] Episode 152/200 | Steps: 24
[20:36:43] 总奖励:  -151.68 (Avg10:  -155.51)
[20:36:43] Agent奖励:
[20:36:43]   wind      :   23.934
[20:36:43]   solar     :    6.811
[20:36:43]   diesel    :    3.444
[20:36:43]   battery   :    0.000
[20:36:43]   customer  : -185.867
[20:36:43] Grid交易: Import=0.0 | Export=1264.2
[20:36:43] ------------------------------------------------------------
[20:36:43] 📊 每日策略详情 (Avg Bid / Total Gen):
[20:36:43]   Wind    : Bid   9.8¢ | Gen  210.6 kWh
[20:36:43]   Solar   : Bid   6.4¢ | Gen   39.7 kWh
[20:36:43]   Diesel  : Bid  20.2¢ | Gen   25.3 kWh
[20:36:43]   Battery : Bid   6.4¢ | Net    0.0 kWh (Idle)
[20:36:43] ------------------------------------------------------------
[20:36:44] 
============================================================
[20:36:44] Episode 153/200 | Steps: 24
[20:36:44] 总奖励:  -161.77 (Avg10:  -156.62)
[20:36:44] Agent奖励:
[20:36:44]   wind      :   22.493
[20:36:44]   solar     :    7.871
[20:36:44]   diesel    :    2.971
[20:36:44]   battery   :    1.481
[20:36:44]   customer  : -196.583
[20:36:44] Grid交易: Import=9.9 | Export=995.7
[20:36:44] ------------------------------------------------------------
[20:36:44] 📊 每日策略详情 (Avg Bid / Total Gen):
[20:36:44]   Wind    : Bid   9.2¢ | Gen  160.0 kWh
[20:36:44]   Solar   : Bid   6.5¢ | Gen   39.2 kWh
[20:36:44]   Diesel  : Bid  19.6¢ | Gen   54.9 kWh
[20:36:44]   Battery : Bid   7.3¢ | Net   22.8 kWh (Dischg)
[20:36:44] ------------------------------------------------------------
[20:36:46] 
============================================================
[20:36:46] Episode 154/200 | Steps: 24
[20:36:46] 总奖励:  -159.56 (Avg10:  -157.11)
[20:36:46] Agent奖励:
[20:36:46]   wind      :   23.742
[20:36:46]   solar     :    9.089
[20:36:46]   diesel    :    2.829
[20:36:46]   battery   :    0.586
[20:36:46]   customer  : -195.802
[20:36:46] Grid交易: Import=0.0 | Export=1134.0
[20:36:46] ------------------------------------------------------------
[20:36:46] 📊 每日策略详情 (Avg Bid / Total Gen):
[20:36:46]   Wind    : Bid  10.9¢ | Gen  177.1 kWh
[20:36:46]   Solar   : Bid   5.8¢ | Gen   41.1 kWh
[20:36:46]   Diesel  : Bid  19.9¢ | Gen   55.2 kWh
[20:36:46]   Battery : Bid   6.0¢ | Net    8.8 kWh (Dischg)
[20:36:46] ------------------------------------------------------------
[20:36:47] 
============================================================
[20:36:47] Episode 155/200 | Steps: 24
[20:36:47] 总奖励:  -146.56 (Avg10:  -154.74)
[20:36:47] Agent奖励:
[20:36:47]   wind      :   28.599
[20:36:47]   solar     :    7.594
[20:36:47]   diesel    :    0.990
[20:36:47]   battery   :    0.227
[20:36:47]   customer  : -183.970
[20:36:47] Grid交易: Import=0.0 | Export=1043.8
[20:36:47] ------------------------------------------------------------
[20:36:47] 📊 每日策略详情 (Avg Bid / Total Gen):
[20:36:47]   Wind    : Bid  10.5¢ | Gen  229.2 kWh
[20:36:47]   Solar   : Bid   6.6¢ | Gen   27.8 kWh
[20:36:47]   Diesel  : Bid  20.9¢ | Gen   35.1 kWh
[20:36:47]   Battery : Bid   6.4¢ | Net   17.6 kWh (Dischg)
[20:36:47] ------------------------------------------------------------
[20:36:48] 
============================================================
[20:36:48] Episode 156/200 | Steps: 24
[20:36:48] 总奖励:  -160.35 (Avg10:  -155.71)
[20:36:48] Agent奖励:
[20:36:48]   wind      :   21.541
[20:36:48]   solar     :    9.298
[20:36:48]   diesel    :    1.564
[20:36:48]   battery   :    0.000
[20:36:48]   customer  : -192.756
[20:36:48] Grid交易: Import=5.5 | Export=1178.5
[20:36:48] ------------------------------------------------------------
[20:36:48] 📊 每日策略详情 (Avg Bid / Total Gen):
[20:36:48]   Wind    : Bid   9.9¢ | Gen  151.7 kWh
[20:36:48]   Solar   : Bid   5.8¢ | Gen   61.8 kWh
[20:36:48]   Diesel  : Bid  20.5¢ | Gen   25.8 kWh
[20:36:48]   Battery : Bid   6.4¢ | Net    0.0 kWh (Idle)
[20:36:48] ------------------------------------------------------------
[20:36:49] 
============================================================
[20:36:49] Episode 157/200 | Steps: 24
[20:36:49] 总奖励:  -161.51 (Avg10:  -157.03)
[20:36:49] Agent奖励:
[20:36:49]   wind      :   18.244
[20:36:49]   solar     :    9.696
[20:36:49]   diesel    :    4.942
[20:36:49]   battery   :   -0.429
[20:36:49]   customer  : -193.964
[20:36:49] Grid交易: Import=9.4 | Export=1018.5
[20:36:49] ------------------------------------------------------------
[20:36:49] 📊 每日策略详情 (Avg Bid / Total Gen):
[20:36:49]   Wind    : Bid  10.8¢ | Gen  111.0 kWh
[20:36:49]   Solar   : Bid   5.9¢ | Gen   57.9 kWh
[20:36:49]   Diesel  : Bid  20.7¢ | Gen   46.4 kWh
[20:36:49]   Battery : Bid   6.0¢ | Net   16.2 kWh (Dischg)
[20:36:49] ------------------------------------------------------------
[20:36:50] 
============================================================
[20:36:50] Episode 158/200 | Steps: 24
[20:36:50] 总奖励:  -154.46 (Avg10:  -156.42)
[20:36:50] Agent奖励:
[20:36:50]   wind      :   31.728
[20:36:50]   solar     :   11.486
[20:36:50]   diesel    :   -0.333
[20:36:50]   battery   :   -1.255
[20:36:50]   customer  : -196.090
[20:36:50] Grid交易: Import=0.0 | Export=897.6
[20:36:50] ------------------------------------------------------------
[20:36:50] 📊 每日策略详情 (Avg Bid / Total Gen):
[20:36:50]   Wind    : Bid  11.4¢ | Gen  211.0 kWh
[20:36:50]   Solar   : Bid   6.7¢ | Gen   60.0 kWh
[20:36:50]   Diesel  : Bid  20.5¢ | Gen   65.5 kWh
[20:36:50]   Battery : Bid   6.0¢ | Net   46.6 kWh (Dischg)
[20:36:50] ------------------------------------------------------------
[20:36:52] 
============================================================
[20:36:52] Episode 159/200 | Steps: 24
[20:36:52] 总奖励:  -158.40 (Avg10:  -157.61)
[20:36:52] Agent奖励:
[20:36:52]   wind      :   15.409
[20:36:52]   solar     :    3.583
[20:36:52]   diesel    :    0.000
[20:36:52]   battery   :   -0.467
[20:36:52]   customer  : -176.928
[20:36:52] Grid交易: Import=3.5 | Export=904.2
[20:36:52] ------------------------------------------------------------
[20:36:52] 📊 每日策略详情 (Avg Bid / Total Gen):
[20:36:52]   Wind    : Bid   9.6¢ | Gen  166.8 kWh
[20:36:52]   Solar   : Bid   6.0¢ | Gen   36.9 kWh
[20:36:52]   Diesel  : Bid  20.8¢ | Gen    0.0 kWh
[20:36:52]   Battery : Bid   5.7¢ | Net   15.6 kWh (Dischg)
[20:36:52] ------------------------------------------------------------
[20:36:53] 
============================================================
[20:36:53] Episode 160/200 | Steps: 24
[20:36:53] 总奖励:  -158.28 (Avg10:  -157.16)
[20:36:53] Agent奖励:
[20:36:53]   wind      :   19.412
[20:36:53]   solar     :    7.670
[20:36:53]   diesel    :    0.676
[20:36:53]   battery   :   -0.648
[20:36:53]   customer  : -185.392
[20:36:53] Grid交易: Import=0.0 | Export=1096.5
[20:36:53] ------------------------------------------------------------
[20:36:53] 📊 每日策略详情 (Avg Bid / Total Gen):
[20:36:53]   Wind    : Bid   9.4¢ | Gen  139.9 kWh
[20:36:53]   Solar   : Bid   6.3¢ | Gen   48.7 kWh
[20:36:53]   Diesel  : Bid  20.1¢ | Gen   14.6 kWh
[20:36:53]   Battery : Bid   6.8¢ | Net   21.6 kWh (Dischg)
[20:36:53] ------------------------------------------------------------
[20:36:53] 
📊 生成图表...
[20:36:54]   ✓ debug_plots/training_status_ep0160.png
[20:36:54]   ✓ debug_plots/grid_status_ep0160.png
[20:36:55] 
============================================================
[20:36:55] Episode 161/200 | Steps: 24
[20:36:55] 总奖励:  -152.39 (Avg10:  -156.50)
[20:36:55] Agent奖励:
[20:36:55]   wind      :   23.466
[20:36:55]   solar     :    9.968
[20:36:55]   diesel    :    0.230
[20:36:55]   battery   :    0.790
[20:36:55]   customer  : -186.842
[20:36:55] Grid交易: Import=7.0 | Export=1177.9
[20:36:55] ------------------------------------------------------------
[20:36:55] 📊 每日策略详情 (Avg Bid / Total Gen):
[20:36:55]   Wind    : Bid   9.2¢ | Gen  182.8 kWh
[20:36:55]   Solar   : Bid   6.7¢ | Gen   62.4 kWh
[20:36:55]   Diesel  : Bid  21.0¢ | Gen   10.4 kWh
[20:36:55]   Battery : Bid   6.5¢ | Net   19.6 kWh (Dischg)
[20:36:55] ------------------------------------------------------------
[20:36:56] 
============================================================
[20:36:56] Episode 162/200 | Steps: 24
[20:36:56] 总奖励:  -172.86 (Avg10:  -158.61)
[20:36:56] Agent奖励:
[20:36:56]   wind      :   12.799
[20:36:56]   solar     :    7.241
[20:36:56]   diesel    :    1.673
[20:36:56]   battery   :   -0.821
[20:36:56]   customer  : -193.755
[20:36:56] Grid交易: Import=0.0 | Export=1382.9
[20:36:56] ------------------------------------------------------------
[20:36:56] 📊 每日策略详情 (Avg Bid / Total Gen):
[20:36:56]   Wind    : Bid   9.9¢ | Gen  102.1 kWh
[20:36:56]   Solar   : Bid   5.7¢ | Gen   32.6 kWh
[20:36:56]   Diesel  : Bid  21.4¢ | Gen   18.4 kWh
[20:36:56]   Battery : Bid   5.9¢ | Net   27.4 kWh (Dischg)
[20:36:56] ------------------------------------------------------------
[20:36:57] 
============================================================
[20:36:57] Episode 163/200 | Steps: 24
[20:36:57] 总奖励:  -163.85 (Avg10:  -158.82)
[20:36:57] Agent奖励:
[20:36:57]   wind      :   15.454
[20:36:57]   solar     :    6.253
[20:36:57]   diesel    :    0.794
[20:36:57]   battery   :   -0.891
[20:36:57]   customer  : -185.461
[20:36:57] Grid交易: Import=2.7 | Export=1243.2
[20:36:57] ------------------------------------------------------------
[20:36:57] 📊 每日策略详情 (Avg Bid / Total Gen):
[20:36:57]   Wind    : Bid  10.4¢ | Gen  139.9 kWh
[20:36:57]   Solar   : Bid   6.3¢ | Gen   36.1 kWh
[20:36:57]   Diesel  : Bid  20.5¢ | Gen   30.0 kWh
[20:36:57]   Battery : Bid   6.5¢ | Net   29.7 kWh (Dischg)
[20:36:57] ------------------------------------------------------------
[20:36:58] 
============================================================
[20:36:58] Episode 164/200 | Steps: 24
[20:36:58] 总奖励:  -137.98 (Avg10:  -156.67)
[20:36:58] Agent奖励:
[20:36:58]   wind      :   28.887
[20:36:58]   solar     :   11.755
[20:36:58]   diesel    :    1.384
[20:36:58]   battery   :    1.201
[20:36:58]   customer  : -181.207
[20:36:58] Grid交易: Import=0.0 | Export=1281.8
[20:36:58] ------------------------------------------------------------
[20:36:58] 📊 每日策略详情 (Avg Bid / Total Gen):
[20:36:58]   Wind    : Bid   9.9¢ | Gen  193.2 kWh
[20:36:58]   Solar   : Bid   5.8¢ | Gen   73.0 kWh
[20:36:58]   Diesel  : Bid  20.9¢ | Gen   26.4 kWh
[20:36:58]   Battery : Bid   6.2¢ | Net   29.6 kWh (Dischg)
[20:36:58] ------------------------------------------------------------
[20:37:00] 
============================================================
[20:37:00] Episode 165/200 | Steps: 24
[20:37:00] 总奖励:  -168.26 (Avg10:  -158.84)
[20:37:00] Agent奖励:
[20:37:00]   wind      :   20.476
[20:37:00]   solar     :    7.023
[20:37:00]   diesel    :    3.586
[20:37:00]   battery   :   -0.528
[20:37:00]   customer  : -198.814
[20:37:00] Grid交易: Import=0.0 | Export=1321.6
[20:37:00] ------------------------------------------------------------
[20:37:00] 📊 每日策略详情 (Avg Bid / Total Gen):
[20:37:00]   Wind    : Bid  10.1¢ | Gen  147.7 kWh
[20:37:00]   Solar   : Bid   6.2¢ | Gen   33.8 kWh
[20:37:00]   Diesel  : Bid  20.9¢ | Gen   44.9 kWh
[20:37:00]   Battery : Bid   6.8¢ | Net   17.6 kWh (Dischg)
[20:37:00] ------------------------------------------------------------
[20:37:03] 
============================================================
[20:37:03] Episode 166/200 | Steps: 24
[20:37:03] 总奖励:  -141.48 (Avg10:  -156.95)
[20:37:03] Agent奖励:
[20:37:03]   wind      :   28.447
[20:37:03]   solar     :    6.358
[20:37:03]   diesel    :    0.000
[20:37:03]   battery   :    0.289
[20:37:03]   customer  : -176.572
[20:37:03] Grid交易: Import=0.0 | Export=1389.6
[20:37:03] ------------------------------------------------------------
[20:37:03] 📊 每日策略详情 (Avg Bid / Total Gen):
[20:37:03]   Wind    : Bid  10.0¢ | Gen  235.1 kWh
[20:37:03]   Solar   : Bid   5.8¢ | Gen   44.6 kWh
[20:37:03]   Diesel  : Bid  19.9¢ | Gen    0.0 kWh
[20:37:03]   Battery : Bid   6.4¢ | Net    6.5 kWh (Dischg)
[20:37:03] ------------------------------------------------------------
[20:37:04] 
============================================================
[20:37:04] Episode 167/200 | Steps: 24
[20:37:04] 总奖励:  -148.82 (Avg10:  -155.68)
[20:37:04] Agent奖励:
[20:37:04]   wind      :   26.892
[20:37:04]   solar     :    9.283
[20:37:04]   diesel    :    0.077
[20:37:04]   battery   :   -0.077
[20:37:04]   customer  : -184.995
[20:37:04] Grid交易: Import=0.0 | Export=1030.5
[20:37:04] ------------------------------------------------------------
[20:37:04] 📊 每日策略详情 (Avg Bid / Total Gen):
[20:37:04]   Wind    : Bid   9.7¢ | Gen  199.5 kWh
[20:37:04]   Solar   : Bid   6.3¢ | Gen   53.1 kWh
[20:37:04]   Diesel  : Bid  19.7¢ | Gen   75.0 kWh
[20:37:04]   Battery : Bid   6.3¢ | Net    2.6 kWh (Dischg)
[20:37:04] ------------------------------------------------------------
[20:37:05] 
============================================================
[20:37:05] Episode 168/200 | Steps: 24
[20:37:05] 总奖励:  -148.24 (Avg10:  -155.06)
[20:37:05] Agent奖励:
[20:37:05]   wind      :   29.445
[20:37:05]   solar     :    8.016
[20:37:05]   diesel    :    1.669
[20:37:05]   battery   :   -0.547
[20:37:05]   customer  : -186.822
[20:37:05] Grid交易: Import=0.0 | Export=1134.4
[20:37:05] ------------------------------------------------------------
[20:37:05] 📊 每日策略详情 (Avg Bid / Total Gen):
[20:37:05]   Wind    : Bid   9.2¢ | Gen  204.8 kWh
[20:37:05]   Solar   : Bid   5.8¢ | Gen   44.9 kWh
[20:37:05]   Diesel  : Bid  18.0¢ | Gen   47.4 kWh
[20:37:05]   Battery : Bid   6.3¢ | Net   21.5 kWh (Dischg)
[20:37:05] ------------------------------------------------------------
[20:37:06] 
============================================================
[20:37:06] Episode 169/200 | Steps: 24
[20:37:06] 总奖励:  -159.31 (Avg10:  -155.15)
[20:37:06] Agent奖励:
[20:37:06]   wind      :   14.273
[20:37:06]   solar     :    6.606
[20:37:06]   diesel    :   -0.053
[20:37:06]   battery   :   -0.553
[20:37:06]   customer  : -179.578
[20:37:06] Grid交易: Import=0.0 | Export=1192.3
[20:37:06] ------------------------------------------------------------
[20:37:06] 📊 每日策略详情 (Avg Bid / Total Gen):
[20:37:06]   Wind    : Bid  10.8¢ | Gen  111.4 kWh
[20:37:06]   Solar   : Bid   5.8¢ | Gen   63.6 kWh
[20:37:06]   Diesel  : Bid  18.5¢ | Gen   43.8 kWh
[20:37:06]   Battery : Bid   6.1¢ | Net   46.0 kWh (Dischg)
[20:37:06] ------------------------------------------------------------
[20:37:07] 
============================================================
[20:37:07] Episode 170/200 | Steps: 24
[20:37:07] 总奖励:  -154.31 (Avg10:  -154.75)
[20:37:07] Agent奖励:
[20:37:07]   wind      :   20.529
[20:37:07]   solar     :    7.326
[20:37:07]   diesel    :    0.465
[20:37:07]   battery   :   -0.070
[20:37:07]   customer  : -182.560
[20:37:07] Grid交易: Import=0.0 | Export=1102.8
[20:37:07] ------------------------------------------------------------
[20:37:07] 📊 每日策略详情 (Avg Bid / Total Gen):
[20:37:07]   Wind    : Bid   9.2¢ | Gen  164.8 kWh
[20:37:07]   Solar   : Bid   5.9¢ | Gen   55.1 kWh
[20:37:07]   Diesel  : Bid  19.2¢ | Gen   11.1 kWh
[20:37:07]   Battery : Bid   6.8¢ | Net    4.5 kWh (Dischg)
[20:37:07] ------------------------------------------------------------
[20:37:09] 
============================================================
[20:37:09] Episode 171/200 | Steps: 24
[20:37:09] 总奖励:  -161.55 (Avg10:  -155.67)
[20:37:09] Agent奖励:
[20:37:09]   wind      :   20.909
[20:37:09]   solar     :    7.366
[20:37:09]   diesel    :    2.275
[20:37:09]   battery   :   -0.714
[20:37:09]   customer  : -191.386
[20:37:09] Grid交易: Import=0.0 | Export=1099.2
[20:37:09] ------------------------------------------------------------
[20:37:09] 📊 每日策略详情 (Avg Bid / Total Gen):
[20:37:09]   Wind    : Bid  10.9¢ | Gen  154.2 kWh
[20:37:09]   Solar   : Bid   5.9¢ | Gen   41.7 kWh
[20:37:09]   Diesel  : Bid  20.7¢ | Gen   64.2 kWh
[20:37:09]   Battery : Bid   6.6¢ | Net   33.6 kWh (Dischg)
[20:37:09] ------------------------------------------------------------
[20:37:10] 
============================================================
[20:37:10] Episode 172/200 | Steps: 24
[20:37:10] 总奖励:  -138.53 (Avg10:  -152.23)
[20:37:10] Agent奖励:
[20:37:10]   wind      :   34.174
[20:37:10]   solar     :   10.541
[20:37:10]   diesel    :    0.937
[20:37:10]   battery   :    1.165
[20:37:10]   customer  : -185.344
[20:37:10] Grid交易: Import=2.3 | Export=915.3
[20:37:10] ------------------------------------------------------------
[20:37:10] 📊 每日策略详情 (Avg Bid / Total Gen):
[20:37:10]   Wind    : Bid  11.4¢ | Gen  226.0 kWh
[20:37:10]   Solar   : Bid   5.6¢ | Gen   59.0 kWh
[20:37:10]   Diesel  : Bid  19.0¢ | Gen  116.4 kWh
[20:37:10]   Battery : Bid   6.0¢ | Net   45.7 kWh (Dischg)
[20:37:10] ------------------------------------------------------------
[20:37:11] 
============================================================
[20:37:11] Episode 173/200 | Steps: 24
[20:37:11] 总奖励:  -149.08 (Avg10:  -150.75)
[20:37:11] Agent奖励:
[20:37:11]   wind      :   28.151
[20:37:11]   solar     :    8.932
[20:37:11]   diesel    :    0.490
[20:37:11]   battery   :   -0.417
[20:37:11]   customer  : -186.235
[20:37:11] Grid交易: Import=5.5 | Export=787.0
[20:37:11] ------------------------------------------------------------
[20:37:11] 📊 每日策略详情 (Avg Bid / Total Gen):
[20:37:11]   Wind    : Bid   9.0¢ | Gen  223.8 kWh
[20:37:11]   Solar   : Bid   6.3¢ | Gen   45.6 kWh
[20:37:11]   Diesel  : Bid  19.5¢ | Gen   85.1 kWh
[20:37:11]   Battery : Bid   6.2¢ | Net   31.2 kWh (Dischg)
[20:37:11] ------------------------------------------------------------
[20:37:12] 
============================================================
[20:37:12] Episode 174/200 | Steps: 24
[20:37:12] 总奖励:  -127.78 (Avg10:  -149.73)
[20:37:12] Agent奖励:
[20:37:12]   wind      :   39.523
[20:37:12]   solar     :   11.813
[20:37:12]   diesel    :   -0.241
[20:37:12]   battery   :    0.042
[20:37:12]   customer  : -178.917
[20:37:12] Grid交易: Import=0.0 | Export=968.6
[20:37:12] ------------------------------------------------------------
[20:37:12] 📊 每日策略详情 (Avg Bid / Total Gen):
[20:37:12]   Wind    : Bid  10.2¢ | Gen  277.4 kWh
[20:37:12]   Solar   : Bid   6.3¢ | Gen   68.1 kWh
[20:37:12]   Diesel  : Bid  19.6¢ | Gen   56.0 kWh
[20:37:12]   Battery : Bid   6.2¢ | Net   31.4 kWh (Dischg)
[20:37:12] ------------------------------------------------------------
[20:37:14] 
============================================================
[20:37:14] Episode 175/200 | Steps: 24
[20:37:14] 总奖励:  -145.51 (Avg10:  -147.46)
[20:37:14] Agent奖励:
[20:37:14]   wind      :   25.814
[20:37:14]   solar     :   10.113
[20:37:14]   diesel    :    2.148
[20:37:14]   battery   :   -0.523
[20:37:14]   customer  : -183.067
[20:37:14] Grid交易: Import=0.0 | Export=958.8
[20:37:14] ------------------------------------------------------------
[20:37:14] 📊 每日策略详情 (Avg Bid / Total Gen):
[20:37:14]   Wind    : Bid  10.1¢ | Gen  181.3 kWh
[20:37:14]   Solar   : Bid   6.3¢ | Gen   51.4 kWh
[20:37:14]   Diesel  : Bid  20.1¢ | Gen   41.2 kWh
[20:37:14]   Battery : Bid   5.9¢ | Net   17.4 kWh (Dischg)
[20:37:14] ------------------------------------------------------------
[20:37:15] 
============================================================
[20:37:15] Episode 176/200 | Steps: 24
[20:37:15] 总奖励:  -158.39 (Avg10:  -149.15)
[20:37:15] Agent奖励:
[20:37:15]   wind      :   22.215
[20:37:15]   solar     :    7.343
[20:37:15]   diesel    :    0.016
[20:37:15]   battery   :   -0.822
[20:37:15]   customer  : -187.143
[20:37:15] Grid交易: Import=0.0 | Export=1304.5
[20:37:15] ------------------------------------------------------------
[20:37:15] 📊 每日策略详情 (Avg Bid / Total Gen):
[20:37:15]   Wind    : Bid  10.1¢ | Gen  157.2 kWh
[20:37:15]   Solar   : Bid   6.5¢ | Gen   50.6 kWh
[20:37:15]   Diesel  : Bid  20.6¢ | Gen    9.6 kWh
[20:37:15]   Battery : Bid   6.2¢ | Net   27.4 kWh (Dischg)
[20:37:15] ------------------------------------------------------------
[20:37:16] 
============================================================
[20:37:16] Episode 177/200 | Steps: 24
[20:37:16] 总奖励:  -155.51 (Avg10:  -149.82)
[20:37:16] Agent奖励:
[20:37:16]   wind      :   20.747
[20:37:16]   solar     :    3.753
[20:37:16]   diesel    :    0.531
[20:37:16]   battery   :    0.222
[20:37:16]   customer  : -180.759
[20:37:16] Grid交易: Import=0.0 | Export=1284.7
[20:37:16] ------------------------------------------------------------
[20:37:16] 📊 每日策略详情 (Avg Bid / Total Gen):
[20:37:16]   Wind    : Bid   9.6¢ | Gen  157.6 kWh
[20:37:16]   Solar   : Bid   6.3¢ | Gen   26.2 kWh
[20:37:16]   Diesel  : Bid  21.3¢ | Gen   27.1 kWh
[20:37:16]   Battery : Bid   5.8¢ | Net   33.3 kWh (Dischg)
[20:37:16] ------------------------------------------------------------
[20:37:17] 
============================================================
[20:37:17] Episode 178/200 | Steps: 24
[20:37:17] 总奖励:  -142.90 (Avg10:  -149.29)
[20:37:17] Agent奖励:
[20:37:17]   wind      :   32.726
[20:37:17]   solar     :    9.447
[20:37:17]   diesel    :   -0.422
[20:37:17]   battery   :    0.983
[20:37:17]   customer  : -185.637
[20:37:17] Grid交易: Import=0.0 | Export=1299.9
[20:37:17] ------------------------------------------------------------
[20:37:17] 📊 每日策略详情 (Avg Bid / Total Gen):
[20:37:17]   Wind    : Bid  10.1¢ | Gen  197.3 kWh
[20:37:17]   Solar   : Bid   5.6¢ | Gen   49.6 kWh
[20:37:17]   Diesel  : Bid  19.2¢ | Gen   71.0 kWh
[20:37:17]   Battery : Bid   6.4¢ | Net   49.1 kWh (Dischg)
[20:37:17] ------------------------------------------------------------
[20:37:18] 
============================================================
[20:37:18] Episode 179/200 | Steps: 24
[20:37:18] 总奖励:  -149.70 (Avg10:  -148.33)
[20:37:18] Agent奖励:
[20:37:18]   wind      :   31.119
[20:37:18]   solar     :    9.169
[20:37:18]   diesel    :    2.453
[20:37:18]   battery   :   -1.256
[20:37:18]   customer  : -191.185
[20:37:18] Grid交易: Import=0.0 | Export=1115.0
[20:37:18] ------------------------------------------------------------
[20:37:18] 📊 每日策略详情 (Avg Bid / Total Gen):
[20:37:18]   Wind    : Bid   9.9¢ | Gen  250.4 kWh
[20:37:18]   Solar   : Bid   6.2¢ | Gen   50.7 kWh
[20:37:18]   Diesel  : Bid  18.7¢ | Gen  120.2 kWh
[20:37:18]   Battery : Bid   6.0¢ | Net   41.9 kWh (Dischg)
[20:37:18] ------------------------------------------------------------
[20:37:20] 
============================================================
[20:37:20] Episode 180/200 | Steps: 24
[20:37:20] 总奖励:  -155.57 (Avg10:  -148.45)
[20:37:20] Agent奖励:
[20:37:20]   wind      :   24.636
[20:37:20]   solar     :    8.270
[20:37:20]   diesel    :    1.495
[20:37:20]   battery   :   -0.568
[20:37:20]   customer  : -189.407
[20:37:20] Grid交易: Import=0.0 | Export=1313.4
[20:37:20] ------------------------------------------------------------
[20:37:20] 📊 每日策略详情 (Avg Bid / Total Gen):
[20:37:20]   Wind    : Bid  10.3¢ | Gen  191.0 kWh
[20:37:20]   Solar   : Bid   5.9¢ | Gen   47.9 kWh
[20:37:20]   Diesel  : Bid  19.1¢ | Gen   45.9 kWh
[20:37:20]   Battery : Bid   5.5¢ | Net   18.9 kWh (Dischg)
[20:37:20] ------------------------------------------------------------
[20:37:20] 
📊 生成图表...
[20:37:20]   ✓ debug_plots/training_status_ep0180.png
[20:37:20]   ✓ debug_plots/grid_status_ep0180.png
[20:37:21] 
============================================================
[20:37:21] Episode 181/200 | Steps: 24
[20:37:21] 总奖励:  -152.00 (Avg10:  -147.50)
[20:37:21] Agent奖励:
[20:37:21]   wind      :   28.031
[20:37:21]   solar     :   13.521
[20:37:21]   diesel    :    0.897
[20:37:21]   battery   :   -0.405
[20:37:21]   customer  : -194.046
[20:37:21] Grid交易: Import=34.6 | Export=1198.8
[20:37:21] ------------------------------------------------------------
[20:37:21] 📊 每日策略详情 (Avg Bid / Total Gen):
[20:37:21]   Wind    : Bid  10.8¢ | Gen  200.0 kWh
[20:37:21]   Solar   : Bid   6.0¢ | Gen   53.7 kWh
[20:37:21]   Diesel  : Bid  19.6¢ | Gen  109.0 kWh
[20:37:21]   Battery : Bid   6.5¢ | Net   36.3 kWh (Dischg)
[20:37:21] ------------------------------------------------------------
[20:37:23] 
============================================================
[20:37:23] Episode 182/200 | Steps: 24
[20:37:23] 总奖励:  -160.52 (Avg10:  -149.70)
[20:37:23] Agent奖励:
[20:37:23]   wind      :   21.753
[20:37:23]   solar     :    6.047
[20:37:23]   diesel    :    1.306
[20:37:23]   battery   :    1.520
[20:37:23]   customer  : -191.142
[20:37:23] Grid交易: Import=0.0 | Export=1356.2
[20:37:23] ------------------------------------------------------------
[20:37:23] 📊 每日策略详情 (Avg Bid / Total Gen):
[20:37:23]   Wind    : Bid  10.0¢ | Gen  167.8 kWh
[20:37:23]   Solar   : Bid   6.5¢ | Gen   30.6 kWh
[20:37:23]   Diesel  : Bid  20.2¢ | Gen   39.2 kWh
[20:37:23]   Battery : Bid   6.0¢ | Net   30.0 kWh (Dischg)
[20:37:23] ------------------------------------------------------------
[20:37:24] 
============================================================
[20:37:24] Episode 183/200 | Steps: 24
[20:37:24] 总奖励:  -152.66 (Avg10:  -150.05)
[20:37:24] Agent奖励:
[20:37:24]   wind      :   24.321
[20:37:24]   solar     :   10.233
[20:37:24]   diesel    :    1.193
[20:37:24]   battery   :    1.286
[20:37:24]   customer  : -189.694
[20:37:24] Grid交易: Import=0.0 | Export=1332.6
[20:37:24] ------------------------------------------------------------
[20:37:24] 📊 每日策略详情 (Avg Bid / Total Gen):
[20:37:24]   Wind    : Bid  10.4¢ | Gen  171.4 kWh
[20:37:24]   Solar   : Bid   6.4¢ | Gen   55.0 kWh
[20:37:24]   Diesel  : Bid  19.4¢ | Gen   59.4 kWh
[20:37:24]   Battery : Bid   6.2¢ | Net   29.1 kWh (Dischg)
[20:37:24] ------------------------------------------------------------
[20:37:25] 
============================================================
[20:37:25] Episode 184/200 | Steps: 24
[20:37:25] 总奖励:  -150.33 (Avg10:  -152.31)
[20:37:25] Agent奖励:
[20:37:25]   wind      :   20.120
[20:37:25]   solar     :   10.205
[20:37:25]   diesel    :    3.153
[20:37:25]   battery   :   -0.525
[20:37:25]   customer  : -183.289
[20:37:25] Grid交易: Import=0.0 | Export=1508.9
[20:37:25] ------------------------------------------------------------
[20:37:25] 📊 每日策略详情 (Avg Bid / Total Gen):
[20:37:25]   Wind    : Bid  10.6¢ | Gen  161.9 kWh
[20:37:25]   Solar   : Bid   6.0¢ | Gen   61.9 kWh
[20:37:25]   Diesel  : Bid  20.1¢ | Gen   65.0 kWh
[20:37:25]   Battery : Bid   6.1¢ | Net   24.5 kWh (Dischg)
[20:37:25] ------------------------------------------------------------
[20:37:26] 
============================================================
[20:37:26] Episode 185/200 | Steps: 24
[20:37:26] 总奖励:  -148.42 (Avg10:  -152.60)
[20:37:26] Agent奖励:
[20:37:26]   wind      :   31.490
[20:37:26]   solar     :   12.865
[20:37:26]   diesel    :    6.705
[20:37:26]   battery   :   -1.439
[20:37:26]   customer  : -198.037
[20:37:26] Grid交易: Import=38.2 | Export=1161.5
[20:37:26] ------------------------------------------------------------
[20:37:26] 📊 每日策略详情 (Avg Bid / Total Gen):
[20:37:26]   Wind    : Bid   9.9¢ | Gen  198.5 kWh
[20:37:26]   Solar   : Bid   5.8¢ | Gen   56.1 kWh
[20:37:26]   Diesel  : Bid  19.8¢ | Gen  158.0 kWh
[20:37:26]   Battery : Bid   6.4¢ | Net   49.1 kWh (Dischg)
[20:37:26] ------------------------------------------------------------
[20:37:28] 
============================================================
[20:37:28] Episode 186/200 | Steps: 24
[20:37:28] 总奖励:  -147.61 (Avg10:  -151.52)
[20:37:28] Agent奖励:
[20:37:28]   wind      :   24.579
[20:37:28]   solar     :    8.805
[20:37:28]   diesel    :    2.514
[20:37:28]   battery   :    0.174
[20:37:28]   customer  : -183.678
[20:37:28] Grid交易: Import=0.0 | Export=1486.0
[20:37:28] ------------------------------------------------------------
[20:37:28] 📊 每日策略详情 (Avg Bid / Total Gen):
[20:37:28]   Wind    : Bid  11.3¢ | Gen  212.6 kWh
[20:37:28]   Solar   : Bid   6.5¢ | Gen   62.8 kWh
[20:37:28]   Diesel  : Bid  20.7¢ | Gen   63.0 kWh
[20:37:28]   Battery : Bid   6.1¢ | Net   38.5 kWh (Dischg)
[20:37:28] ------------------------------------------------------------
[20:37:30] 
============================================================
[20:37:30] Episode 187/200 | Steps: 24
[20:37:30] 总奖励:  -164.17 (Avg10:  -152.39)
[20:37:30] Agent奖励:
[20:37:30]   wind      :   18.734
[20:37:30]   solar     :    5.544
[20:37:30]   diesel    :    2.395
[20:37:30]   battery   :    2.225
[20:37:30]   customer  : -193.073
[20:37:30] Grid交易: Import=11.0 | Export=1406.1
[20:37:30] ------------------------------------------------------------
[20:37:30] 📊 每日策略详情 (Avg Bid / Total Gen):
[20:37:30]   Wind    : Bid  10.2¢ | Gen  147.3 kWh
[20:37:30]   Solar   : Bid   6.6¢ | Gen   52.9 kWh
[20:37:30]   Diesel  : Bid  19.6¢ | Gen  136.9 kWh
[20:37:30]   Battery : Bid   5.7¢ | Net   48.9 kWh (Dischg)
[20:37:30] ------------------------------------------------------------
[20:37:31] 
============================================================
[20:37:31] Episode 188/200 | Steps: 24
[20:37:31] 总奖励:  -141.61 (Avg10:  -152.26)
[20:37:31] Agent奖励:
[20:37:31]   wind      :   30.745
[20:37:31]   solar     :    5.420
[20:37:31]   diesel    :    1.773
[20:37:31]   battery   :   -1.311
[20:37:31]   customer  : -178.232
[20:37:31] Grid交易: Import=33.9 | Export=1165.1
[20:37:31] ------------------------------------------------------------
[20:37:31] 📊 每日策略详情 (Avg Bid / Total Gen):
[20:37:31]   Wind    : Bid   9.2¢ | Gen  244.6 kWh
[20:37:31]   Solar   : Bid   5.8¢ | Gen   65.0 kWh
[20:37:31]   Diesel  : Bid  20.4¢ | Gen  103.7 kWh
[20:37:31]   Battery : Bid   5.9¢ | Net   33.5 kWh (Dischg)
[20:37:31] ------------------------------------------------------------
[20:37:33] 
============================================================
[20:37:33] Episode 189/200 | Steps: 24
[20:37:33] 总奖励:  -141.40 (Avg10:  -151.43)
[20:37:33] Agent奖励:
[20:37:33]   wind      :   31.611
[20:37:33]   solar     :   12.227
[20:37:33]   diesel    :    1.136
[20:37:33]   battery   :    1.712
[20:37:33]   customer  : -188.089
[20:37:33] Grid交易: Import=0.0 | Export=1340.2
[20:37:33] ------------------------------------------------------------
[20:37:33] 📊 每日策略详情 (Avg Bid / Total Gen):
[20:37:33]   Wind    : Bid  10.3¢ | Gen  214.3 kWh
[20:37:33]   Solar   : Bid   6.0¢ | Gen   58.9 kWh
[20:37:33]   Diesel  : Bid  20.9¢ | Gen   32.3 kWh
[20:37:33]   Battery : Bid   6.2¢ | Net   38.7 kWh (Dischg)
[20:37:33] ------------------------------------------------------------
[20:37:34] 
============================================================
[20:37:34] Episode 190/200 | Steps: 24
[20:37:34] 总奖励:  -148.53 (Avg10:  -150.73)
[20:37:34] Agent奖励:
[20:37:34]   wind      :   25.531
[20:37:34]   solar     :    2.939
[20:37:34]   diesel    :   -0.485
[20:37:34]   battery   :    2.126
[20:37:34]   customer  : -178.646
[20:37:34] Grid交易: Import=6.9 | Export=1192.7
[20:37:34] ------------------------------------------------------------
[20:37:34] 📊 每日策略详情 (Avg Bid / Total Gen):
[20:37:34]   Wind    : Bid   7.7¢ | Gen  216.0 kWh
[20:37:34]   Solar   : Bid   6.5¢ | Gen   23.5 kWh
[20:37:34]   Diesel  : Bid  19.3¢ | Gen  108.3 kWh
[20:37:34]   Battery : Bid   6.2¢ | Net   39.3 kWh (Dischg)
[20:37:34] ------------------------------------------------------------
[20:37:35] 
============================================================
[20:37:35] Episode 191/200 | Steps: 24
[20:37:35] 总奖励:  -139.11 (Avg10:  -149.44)
[20:37:35] Agent奖励:
[20:37:35]   wind      :   29.924
[20:37:35]   solar     :   10.279
[20:37:35]   diesel    :    3.242
[20:37:35]   battery   :   -0.069
[20:37:35]   customer  : -182.489
[20:37:35] Grid交易: Import=0.0 | Export=1305.7
[20:37:35] ------------------------------------------------------------
[20:37:35] 📊 每日策略详情 (Avg Bid / Total Gen):
[20:37:35]   Wind    : Bid   9.9¢ | Gen  255.4 kWh
[20:37:35]   Solar   : Bid   6.2¢ | Gen   49.3 kWh
[20:37:35]   Diesel  : Bid  20.7¢ | Gen   44.8 kWh
[20:37:35]   Battery : Bid   5.9¢ | Net   36.9 kWh (Dischg)
[20:37:35] ------------------------------------------------------------
[20:37:36] 
============================================================
[20:37:36] Episode 192/200 | Steps: 24
[20:37:36] 总奖励:  -159.06 (Avg10:  -149.29)
[20:37:36] Agent奖励:
[20:37:36]   wind      :   20.619
[20:37:36]   solar     :    5.303
[20:37:36]   diesel    :    0.101
[20:37:36]   battery   :   -0.775
[20:37:36]   customer  : -184.305
[20:37:36] Grid交易: Import=0.0 | Export=1406.2
[20:37:36] ------------------------------------------------------------
[20:37:36] 📊 每日策略详情 (Avg Bid / Total Gen):
[20:37:36]   Wind    : Bid   9.5¢ | Gen  179.9 kWh
[20:37:36]   Solar   : Bid   6.2¢ | Gen   34.3 kWh
[20:37:36]   Diesel  : Bid  21.2¢ | Gen   58.0 kWh
[20:37:36]   Battery : Bid   5.4¢ | Net   31.0 kWh (Dischg)
[20:37:36] ------------------------------------------------------------
[20:37:37] 
============================================================
[20:37:37] Episode 193/200 | Steps: 24
[20:37:37] 总奖励:  -159.18 (Avg10:  -149.94)
[20:37:37] Agent奖励:
[20:37:37]   wind      :   20.324
[20:37:37]   solar     :    5.808
[20:37:37]   diesel    :    0.448
[20:37:37]   battery   :    0.925
[20:37:37]   customer  : -186.682
[20:37:37] Grid交易: Import=21.0 | Export=1275.2
[20:37:37] ------------------------------------------------------------
[20:37:37] 📊 每日策略详情 (Avg Bid / Total Gen):
[20:37:37]   Wind    : Bid   9.1¢ | Gen  157.1 kWh
[20:37:37]   Solar   : Bid   5.6¢ | Gen   46.2 kWh
[20:37:37]   Diesel  : Bid  20.3¢ | Gen  126.4 kWh
[20:37:37]   Battery : Bid   6.4¢ | Net   35.6 kWh (Dischg)
[20:37:37] ------------------------------------------------------------
[20:37:38] 
============================================================
[20:37:38] Episode 194/200 | Steps: 24
[20:37:38] 总奖励:  -149.75 (Avg10:  -149.88)
[20:37:38] Agent奖励:
[20:37:38]   wind      :   23.269
[20:37:38]   solar     :   11.110
[20:37:38]   diesel    :   -1.888
[20:37:38]   battery   :    3.112
[20:37:38]   customer  : -185.350
[20:37:38] Grid交易: Import=40.8 | Export=1405.5
[20:37:38] ------------------------------------------------------------
[20:37:38] 📊 每日策略详情 (Avg Bid / Total Gen):
[20:37:38]   Wind    : Bid  10.4¢ | Gen  192.8 kWh
[20:37:38]   Solar   : Bid   5.8¢ | Gen   64.8 kWh
[20:37:38]   Diesel  : Bid  20.4¢ | Gen   85.5 kWh
[20:37:38]   Battery : Bid   6.5¢ | Net   45.7 kWh (Dischg)
[20:37:38] ------------------------------------------------------------
[20:37:40] 
============================================================
[20:37:40] Episode 195/200 | Steps: 24
[20:37:40] 总奖励:  -146.94 (Avg10:  -149.74)
[20:37:40] Agent奖励:
[20:37:40]   wind      :   33.259
[20:37:40]   solar     :    9.548
[20:37:40]   diesel    :    2.191
[20:37:40]   battery   :    1.490
[20:37:40]   customer  : -193.429
[20:37:40] Grid交易: Import=30.9 | Export=1194.1
[20:37:40] ------------------------------------------------------------
[20:37:40] 📊 每日策略详情 (Avg Bid / Total Gen):
[20:37:40]   Wind    : Bid   9.5¢ | Gen  204.9 kWh
[20:37:40]   Solar   : Bid   5.9¢ | Gen   65.5 kWh
[20:37:40]   Diesel  : Bid  20.3¢ | Gen  112.3 kWh
[20:37:40]   Battery : Bid   6.3¢ | Net   47.9 kWh (Dischg)
[20:37:40] ------------------------------------------------------------
[20:37:41] 
============================================================
[20:37:41] Episode 196/200 | Steps: 24
[20:37:41] 总奖励:  -150.70 (Avg10:  -150.05)
[20:37:41] Agent奖励:
[20:37:41]   wind      :   28.838
[20:37:41]   solar     :    4.149
[20:37:41]   diesel    :    2.333
[20:37:41]   battery   :    2.087
[20:37:41]   customer  : -188.108
[20:37:41] Grid交易: Import=10.8 | Export=1282.3
[20:37:41] ------------------------------------------------------------
[20:37:41] 📊 每日策略详情 (Avg Bid / Total Gen):
[20:37:41]   Wind    : Bid   9.6¢ | Gen  228.8 kWh
[20:37:41]   Solar   : Bid   5.8¢ | Gen   36.9 kWh
[20:37:41]   Diesel  : Bid  19.7¢ | Gen   96.0 kWh
[20:37:41]   Battery : Bid   5.8¢ | Net   41.6 kWh (Dischg)
[20:37:41] ------------------------------------------------------------
[20:37:42] 
============================================================
[20:37:42] Episode 197/200 | Steps: 24
[20:37:42] 总奖励:  -150.75 (Avg10:  -148.70)
[20:37:42] Agent奖励:
[20:37:42]   wind      :   25.105
[20:37:42]   solar     :    6.787
[20:37:42]   diesel    :    0.129
[20:37:42]   battery   :   -0.086
[20:37:42]   customer  : -182.683
[20:37:42] Grid交易: Import=0.0 | Export=1347.8
[20:37:42] ------------------------------------------------------------
[20:37:42] 📊 每日策略详情 (Avg Bid / Total Gen):
[20:37:42]   Wind    : Bid   9.5¢ | Gen  211.3 kWh
[20:37:42]   Solar   : Bid   5.6¢ | Gen   48.5 kWh
[20:37:42]   Diesel  : Bid  19.0¢ | Gen   98.2 kWh
[20:37:42]   Battery : Bid   5.8¢ | Net   21.3 kWh (Dischg)
[20:37:42] ------------------------------------------------------------
[20:37:43] 
============================================================
[20:37:43] Episode 198/200 | Steps: 24
[20:37:43] 总奖励:  -146.66 (Avg10:  -149.21)
[20:37:43] Agent奖励:
[20:37:43]   wind      :   29.651
[20:37:43]   solar     :    6.742
[20:37:43]   diesel    :    3.150
[20:37:43]   battery   :    0.105
[20:37:43]   customer  : -186.305
[20:37:43] Grid交易: Import=7.8 | Export=1471.0
[20:37:43] ------------------------------------------------------------
[20:37:43] 📊 每日策略详情 (Avg Bid / Total Gen):
[20:37:43]   Wind    : Bid   8.9¢ | Gen  233.1 kWh
[20:37:43]   Solar   : Bid   6.3¢ | Gen   55.0 kWh
[20:37:43]   Diesel  : Bid  18.6¢ | Gen   90.3 kWh
[20:37:43]   Battery : Bid   5.9¢ | Net   32.1 kWh (Dischg)
[20:37:43] ------------------------------------------------------------
[20:37:44] 
============================================================
[20:37:44] Episode 199/200 | Steps: 24
[20:37:44] 总奖励:  -153.45 (Avg10:  -150.41)
[20:37:44] Agent奖励:
[20:37:44]   wind      :   18.935
[20:37:44]   solar     :   11.575
[20:37:44]   diesel    :    3.140
[20:37:44]   battery   :   -0.815
[20:37:44]   customer  : -186.287
[20:37:44] Grid交易: Import=0.0 | Export=1526.9
[20:37:44] ------------------------------------------------------------
[20:37:44] 📊 每日策略详情 (Avg Bid / Total Gen):
[20:37:44]   Wind    : Bid  10.1¢ | Gen  165.2 kWh
[20:37:44]   Solar   : Bid   6.3¢ | Gen   68.2 kWh
[20:37:44]   Diesel  : Bid  20.5¢ | Gen   39.4 kWh
[20:37:44]   Battery : Bid   5.9¢ | Net   27.2 kWh (Dischg)
[20:37:44] ------------------------------------------------------------
[20:37:45] 
============================================================
[20:37:45] Episode 200/200 | Steps: 24
[20:37:45] 总奖励:  -148.59 (Avg10:  -150.42)
[20:37:45] Agent奖励:
[20:37:45]   wind      :   25.362
[20:37:45]   solar     :    4.891
[20:37:45]   diesel    :    0.815
[20:37:45]   battery   :    0.917
[20:37:45]   customer  : -180.579
[20:37:45] Grid交易: Import=2.7 | Export=1465.2
[20:37:45] ------------------------------------------------------------
[20:37:45] 📊 每日策略详情 (Avg Bid / Total Gen):
[20:37:45]   Wind    : Bid  10.1¢ | Gen  221.3 kWh
[20:37:45]   Solar   : Bid   6.2¢ | Gen   34.8 kWh
[20:37:45]   Diesel  : Bid  18.8¢ | Gen  102.7 kWh
[20:37:45]   Battery : Bid   5.9¢ | Net   41.0 kWh (Dischg)
[20:37:45] ------------------------------------------------------------
[20:37:45] 
📊 生成图表...
[20:37:46]   ✓ debug_plots/training_status_ep0200.png
[20:37:46]   ✓ debug_plots/grid_status_ep0200.png
[20:37:46] 💾 Checkpoint saved: debug_checkpoints/debug_maddpg_20251203_203307_ep200.pt
[20:37:46] ======================================================================
[20:37:46] 🎉 训练完成
[20:37:46] 📊 最终总结图: debug_plots/final_summary.png
