[20:22:45] 
======================================================================
[20:22:45] 🚀 开始训练 (Transformer Agents + Strategy Logging)
[20:22:45] ======================================================================
[20:22:45] 🔥 DEBUG: Wind Capacity = 30 kW
[20:22:45] 🔥 DEBUG: PV Capacity = 15 kW
[20:22:45] Warmup 0/20
[20:22:45] Warmup 5/20
[20:22:45] Warmup 10/20
[20:22:45] Warmup 15/20
[20:22:46] 
============================================================
[20:22:46] Episode 1/1000 | Steps: 24
[20:22:46] 总奖励:  -230.73 (Avg10:  -230.73)
[20:22:46] Agent奖励:
[20:22:46]   wind      :   94.556
[20:22:46]   solar     :   34.129
[20:22:46]   diesel    :   10.568
[20:22:46]   battery   :    1.900
[20:22:46]   customer  : -371.883
[20:22:46] Grid交易: Import=1104.3 | Export=19.5
[20:22:46] ------------------------------------------------------------
[20:22:46] 📊 每日策略详情 (Avg Bid / Total Gen):
[20:22:46]   Wind    : Bid  12.9¢ | Gen  318.9 kWh
[20:22:46]   Solar   : Bid -19.3¢ | Gen   98.2 kWh
[20:22:46]   Diesel  : Bid  26.7¢ | Gen   67.6 kWh
[20:22:46]   Battery : Bid -18.5¢ | Net   29.3 kWh (Dischg)
[20:22:46] ------------------------------------------------------------
[20:22:47] 
============================================================
[20:22:47] Episode 2/1000 | Steps: 24
[20:22:47] 总奖励:  -219.33 (Avg10:  -225.03)
[20:22:47] Agent奖励:
[20:22:47]   wind      :   89.899
[20:22:47]   solar     :   32.575
[20:22:47]   diesel    :    9.505
[20:22:47]   battery   :    1.057
[20:22:47]   customer  : -352.367
[20:22:47] Grid交易: Import=1009.3 | Export=32.9
[20:22:47] ------------------------------------------------------------
[20:22:47] 📊 每日策略详情 (Avg Bid / Total Gen):
[20:22:47]   Wind    : Bid  16.8¢ | Gen  298.2 kWh
[20:22:47]   Solar   : Bid -17.4¢ | Gen   98.1 kWh
[20:22:47]   Diesel  : Bid  23.8¢ | Gen   80.8 kWh
[20:22:47]   Battery : Bid -16.9¢ | Net   36.4 kWh (Dischg)
[20:22:47] ------------------------------------------------------------
[20:22:48] 
============================================================
[20:22:48] Episode 3/1000 | Steps: 24
[20:22:48] 总奖励:  -172.62 (Avg10:  -207.56)
[20:22:48] Agent奖励:
[20:22:48]   wind      :  107.483
[20:22:48]   solar     :   29.631
[20:22:48]   diesel    :   19.894
[20:22:48]   battery   :    1.676
[20:22:48]   customer  : -331.305
[20:22:48] Grid交易: Import=738.5 | Export=31.7
[20:22:48] ------------------------------------------------------------
[20:22:48] 📊 每日策略详情 (Avg Bid / Total Gen):
[20:22:48]   Wind    : Bid   9.6¢ | Gen  453.8 kWh
[20:22:48]   Solar   : Bid -21.9¢ | Gen   98.2 kWh
[20:22:48]   Diesel  : Bid  23.4¢ | Gen  206.3 kWh
[20:22:48]   Battery : Bid -23.3¢ | Net   30.4 kWh (Dischg)
[20:22:48] ------------------------------------------------------------
[20:22:48] 
============================================================
[20:22:48] Episode 4/1000 | Steps: 24
[20:22:48] 总奖励:  -165.83 (Avg10:  -197.13)
[20:22:48] Agent奖励:
[20:22:48]   wind      :   68.016
[20:22:48]   solar     :   15.864
[20:22:48]   diesel    :   -8.545
[20:22:48]   battery   :    1.697
[20:22:48]   customer  : -242.864
[20:22:48] Grid交易: Import=351.4 | Export=343.4
[20:22:48] ------------------------------------------------------------
[20:22:48] 📊 每日策略详情 (Avg Bid / Total Gen):
[20:22:48]   Wind    : Bid   8.2¢ | Gen  355.1 kWh
[20:22:48]   Solar   : Bid -21.9¢ | Gen   93.5 kWh
[20:22:48]   Diesel  : Bid  10.1¢ | Gen  411.8 kWh
[20:22:48]   Battery : Bid -21.8¢ | Net   50.0 kWh (Dischg)
[20:22:48] ------------------------------------------------------------
[20:22:49] 
============================================================
[20:22:49] Episode 5/1000 | Steps: 24
[20:22:49] 总奖励:  -167.11 (Avg10:  -191.13)
[20:22:49] Agent奖励:
[20:22:49]   wind      :   37.133
[20:22:49]   solar     :   10.338
[20:22:49]   diesel    :  -19.997
[20:22:49]   battery   :  -10.252
[20:22:49]   customer  : -184.336
[20:22:49] Grid交易: Import=190.5 | Export=605.9
[20:22:49] ------------------------------------------------------------
[20:22:49] 📊 每日策略详情 (Avg Bid / Total Gen):
[20:22:49]   Wind    : Bid   3.6¢ | Gen  307.0 kWh
[20:22:49]   Solar   : Bid -25.4¢ | Gen   86.2 kWh
[20:22:49]   Diesel  : Bid   3.1¢ | Gen  644.4 kWh
[20:22:49]   Battery : Bid -21.7¢ | Net   50.0 kWh (Dischg)
[20:22:49] ------------------------------------------------------------
[20:22:50] 
============================================================
[20:22:50] Episode 6/1000 | Steps: 24
[20:22:50] 总奖励:  -159.99 (Avg10:  -185.94)
[20:22:50] Agent奖励:
[20:22:50]   wind      :   28.848
[20:22:50]   solar     :    3.408
[20:22:50]   diesel    :  -40.115
[20:22:50]   battery   :   -7.797
[20:22:50]   customer  : -144.331
[20:22:50] Grid交易: Import=77.4 | Export=1059.2
[20:22:50] ------------------------------------------------------------
[20:22:50] 📊 每日策略详情 (Avg Bid / Total Gen):
[20:22:50]   Wind    : Bid   1.2¢ | Gen  206.0 kWh
[20:22:50]   Solar   : Bid -29.3¢ | Gen   87.4 kWh
[20:22:50]   Diesel  : Bid   1.9¢ | Gen  498.5 kWh
[20:22:50]   Battery : Bid -26.0¢ | Net   34.5 kWh (Dischg)
[20:22:50] ------------------------------------------------------------
[20:22:51] 
============================================================
[20:22:51] Episode 7/1000 | Steps: 24
[20:22:51] 总奖励:  -153.43 (Avg10:  -181.29)
[20:22:51] Agent奖励:
[20:22:51]   wind      :   22.066
[20:22:51]   solar     :    2.867
[20:22:51]   diesel    :  -21.635
[20:22:51]   battery   :  -11.001
[20:22:51]   customer  : -145.728
[20:22:51] Grid交易: Import=0.0 | Export=1437.5
[20:22:51] ------------------------------------------------------------
[20:22:51] 📊 每日策略详情 (Avg Bid / Total Gen):
[20:22:51]   Wind    : Bid  -2.3¢ | Gen  231.4 kWh
[20:22:51]   Solar   : Bid -23.2¢ | Gen   75.2 kWh
[20:22:51]   Diesel  : Bid  12.0¢ | Gen  266.7 kWh
[20:22:51]   Battery : Bid -26.3¢ | Net   38.2 kWh (Dischg)
[20:22:51] ------------------------------------------------------------
[20:22:52] 
============================================================
[20:22:52] Episode 8/1000 | Steps: 24
[20:22:52] 总奖励:  -175.42 (Avg10:  -180.56)
[20:22:52] Agent奖励:
[20:22:52]   wind      :    6.424
[20:22:52]   solar     :    2.969
[20:22:52]   diesel    :   -3.393
[20:22:52]   battery   :   -7.320
[20:22:52]   customer  : -174.102
[20:22:52] Grid交易: Import=19.8 | Export=1417.0
[20:22:52] ------------------------------------------------------------
[20:22:52] 📊 每日策略详情 (Avg Bid / Total Gen):
[20:22:52]   Wind    : Bid -10.6¢ | Gen  133.2 kWh
[20:22:52]   Solar   : Bid -25.2¢ | Gen   56.5 kWh
[20:22:52]   Diesel  : Bid  16.2¢ | Gen  205.4 kWh
[20:22:52]   Battery : Bid -28.8¢ | Net   17.0 kWh (Dischg)
[20:22:52] ------------------------------------------------------------
[20:22:53] 
============================================================
[20:22:53] Episode 9/1000 | Steps: 24
[20:22:53] 总奖励:  -182.88 (Avg10:  -180.82)
[20:22:53] Agent奖励:
[20:22:53]   wind      :   10.100
[20:22:53]   solar     :    6.524
[20:22:53]   diesel    :    7.025
[20:22:53]   battery   :    1.334
[20:22:53]   customer  : -207.866
[20:22:53] Grid交易: Import=0.0 | Export=1857.7
[20:22:53] ------------------------------------------------------------
[20:22:53] 📊 每日策略详情 (Avg Bid / Total Gen):
[20:22:53]   Wind    : Bid -15.5¢ | Gen  118.7 kWh
[20:22:53]   Solar   : Bid -20.9¢ | Gen   30.9 kWh
[20:22:53]   Diesel  : Bid  25.8¢ | Gen   69.0 kWh
[20:22:53]   Battery : Bid -29.2¢ | Net   18.2 kWh (Dischg)
[20:22:53] ------------------------------------------------------------
[20:22:54] 
============================================================
[20:22:54] Episode 10/1000 | Steps: 24
[20:22:54] 总奖励:  -170.54 (Avg10:  -179.79)
[20:22:54] Agent奖励:
[20:22:54]   wind      :    0.324
[20:22:54]   solar     :    0.858
[20:22:54]   diesel    :    2.479
[20:22:54]   battery   :   -5.870
[20:22:54]   customer  : -168.327
[20:22:54] Grid交易: Import=7.9 | Export=1459.6
[20:22:54] ------------------------------------------------------------
[20:22:54] 📊 每日策略详情 (Avg Bid / Total Gen):
[20:22:54]   Wind    : Bid -11.5¢ | Gen  179.4 kWh
[20:22:54]   Solar   : Bid -25.4¢ | Gen   50.2 kWh
[20:22:54]   Diesel  : Bid  29.0¢ | Gen   13.9 kWh
[20:22:54]   Battery : Bid -30.1¢ | Net   22.1 kWh (Dischg)
[20:22:54] ------------------------------------------------------------
[20:22:55] 
============================================================
[20:22:55] Episode 11/1000 | Steps: 24
[20:22:55] 总奖励:  -185.27 (Avg10:  -175.24)
[20:22:55] Agent奖励:
[20:22:55]   wind      :   10.994
[20:22:55]   solar     :   -1.779
[20:22:55]   diesel    :    0.000
[20:22:55]   battery   :    0.000
[20:22:55]   customer  : -194.482
[20:22:55] Grid交易: Import=0.0 | Export=1861.2
[20:22:55] ------------------------------------------------------------
[20:22:55] 📊 每日策略详情 (Avg Bid / Total Gen):
[20:22:55]   Wind    : Bid -12.6¢ | Gen   92.3 kWh
[20:22:55]   Solar   : Bid -27.3¢ | Gen   41.9 kWh
[20:22:55]   Diesel  : Bid  30.4¢ | Gen    0.0 kWh
[20:22:55]   Battery : Bid -28.2¢ | Net    0.0 kWh (Idle)
[20:22:55] ------------------------------------------------------------
[20:22:56] 
============================================================
[20:22:56] Episode 12/1000 | Steps: 24
[20:22:56] 总奖励:  -168.40 (Avg10:  -170.15)
[20:22:56] Agent奖励:
[20:22:56]   wind      :    9.639
[20:22:56]   solar     :    2.360
[20:22:56]   diesel    :   -0.094
[20:22:56]   battery   :  -10.669
[20:22:56]   customer  : -169.639
[20:22:56] Grid交易: Import=0.0 | Export=1807.2
[20:22:56] ------------------------------------------------------------
[20:22:56] 📊 每日策略详情 (Avg Bid / Total Gen):
[20:22:56]   Wind    : Bid  -7.3¢ | Gen  157.1 kWh
[20:22:56]   Solar   : Bid -31.3¢ | Gen   56.1 kWh
[20:22:56]   Diesel  : Bid  33.4¢ | Gen   33.2 kWh
[20:22:56]   Battery : Bid -28.1¢ | Net   28.2 kWh (Dischg)
[20:22:56] ------------------------------------------------------------
[20:22:57] 
============================================================
[20:22:57] Episode 13/1000 | Steps: 24
[20:22:57] 总奖励:  -157.05 (Avg10:  -168.59)
[20:22:57] Agent奖励:
[20:22:57]   wind      :   14.893
[20:22:57]   solar     :    0.476
[20:22:57]   diesel    :    0.000
[20:22:57]   battery   :   -7.729
[20:22:57]   customer  : -164.693
[20:22:57] Grid交易: Import=0.0 | Export=1887.1
[20:22:57] ------------------------------------------------------------
[20:22:57] 📊 每日策略详情 (Avg Bid / Total Gen):
[20:22:57]   Wind    : Bid  -9.2¢ | Gen  201.7 kWh
[20:22:57]   Solar   : Bid -24.6¢ | Gen   57.4 kWh
[20:22:57]   Diesel  : Bid  32.4¢ | Gen    0.0 kWh
[20:22:57]   Battery : Bid -27.4¢ | Net   26.1 kWh (Dischg)
[20:22:57] ------------------------------------------------------------
[20:22:58] 
============================================================
[20:22:58] Episode 14/1000 | Steps: 24
[20:22:58] 总奖励:  -177.23 (Avg10:  -169.73)
[20:22:58] Agent奖励:
[20:22:58]   wind      :   -0.861
[20:22:58]   solar     :   11.895
[20:22:58]   diesel    :    0.000
[20:22:58]   battery   :    0.000
[20:22:58]   customer  : -188.265
[20:22:58] Grid交易: Import=0.0 | Export=1967.1
[20:22:58] ------------------------------------------------------------
[20:22:58] 📊 每日策略详情 (Avg Bid / Total Gen):
[20:22:58]   Wind    : Bid  -7.3¢ | Gen  114.3 kWh
[20:22:59]   Solar   : Bid -27.6¢ | Gen   54.5 kWh
[20:22:59]   Diesel  : Bid  33.0¢ | Gen    0.0 kWh
[20:22:59]   Battery : Bid -25.7¢ | Net    0.0 kWh (Idle)
[20:22:59] ------------------------------------------------------------
[20:22:59] 
============================================================
[20:22:59] Episode 15/1000 | Steps: 24
[20:22:59] 总奖励:  -156.90 (Avg10:  -168.71)
[20:22:59] Agent奖励:
[20:22:59]   wind      :   27.637
[20:22:59]   solar     :    8.264
[20:22:59]   diesel    :    1.634
[20:22:59]   battery   :   -1.873
[20:22:59]   customer  : -192.557
[20:22:59] Grid交易: Import=0.0 | Export=1850.2
[20:22:59] ------------------------------------------------------------
[20:22:59] 📊 每日策略详情 (Avg Bid / Total Gen):
[20:22:59]   Wind    : Bid  -0.9¢ | Gen  198.7 kWh
[20:22:59]   Solar   : Bid -28.4¢ | Gen   72.0 kWh
[20:22:59]   Diesel  : Bid  28.1¢ | Gen    6.1 kWh
[20:22:59]   Battery : Bid -22.8¢ | Net   15.7 kWh (Dischg)
[20:22:59] ------------------------------------------------------------
[20:23:00] 
============================================================
[20:23:00] Episode 16/1000 | Steps: 24
[20:23:00] 总奖励:  -181.95 (Avg10:  -170.91)
[20:23:00] Agent奖励:
[20:23:00]   wind      :    6.696
[20:23:00]   solar     :   -4.169
[20:23:00]   diesel    :    0.000
[20:23:00]   battery   :   -1.464
[20:23:00]   customer  : -183.011
[20:23:00] Grid交易: Import=0.0 | Export=2065.5
[20:23:00] ------------------------------------------------------------
[20:23:00] 📊 每日策略详情 (Avg Bid / Total Gen):
[20:23:00]   Wind    : Bid  -2.0¢ | Gen   69.7 kWh
[20:23:00]   Solar   : Bid -31.0¢ | Gen   33.9 kWh
[20:23:00]   Diesel  : Bid  33.1¢ | Gen    0.0 kWh
[20:23:00]   Battery : Bid -23.7¢ | Net   10.0 kWh (Dischg)
[20:23:00] ------------------------------------------------------------
[20:23:01] 
============================================================
[20:23:01] Episode 17/1000 | Steps: 24
[20:23:01] 总奖励:  -175.58 (Avg10:  -173.12)
[20:23:01] Agent奖励:
[20:23:01]   wind      :    9.513
[20:23:01]   solar     :   -2.795
[20:23:01]   diesel    :   -0.074
[20:23:01]   battery   :   -3.692
[20:23:01]   customer  : -178.532
[20:23:01] Grid交易: Import=0.0 | Export=2052.3
[20:23:01] ------------------------------------------------------------
[20:23:01] 📊 每日策略详情 (Avg Bid / Total Gen):
[20:23:01]   Wind    : Bid  -4.0¢ | Gen  101.2 kWh
[20:23:01]   Solar   : Bid -32.1¢ | Gen   36.5 kWh
[20:23:01]   Diesel  : Bid  30.4¢ | Gen    0.8 kWh
[20:23:01]   Battery : Bid -20.9¢ | Net    8.6 kWh (Dischg)
[20:23:01] ------------------------------------------------------------
[20:23:02] 
============================================================
[20:23:02] Episode 18/1000 | Steps: 24
[20:23:02] 总奖励:  -161.75 (Avg10:  -171.75)
[20:23:02] Agent奖励:
[20:23:02]   wind      :   21.619
[20:23:02]   solar     :    3.303
[20:23:02]   diesel    :    1.283
[20:23:02]   battery   :    0.004
[20:23:02]   customer  : -187.960
[20:23:02] Grid交易: Import=0.0 | Export=2009.0
[20:23:02] ------------------------------------------------------------
[20:23:02] 📊 每日策略详情 (Avg Bid / Total Gen):
[20:23:02]   Wind    : Bid  -0.8¢ | Gen  153.7 kWh
[20:23:02]   Solar   : Bid -28.9¢ | Gen   40.2 kWh
[20:23:02]   Diesel  : Bid  28.3¢ | Gen   20.4 kWh
[20:23:02]   Battery : Bid -21.5¢ | Net    1.8 kWh (Dischg)
[20:23:02] ------------------------------------------------------------
[20:23:03] 
============================================================
[20:23:03] Episode 19/1000 | Steps: 24
[20:23:03] 总奖励:  -185.29 (Avg10:  -172.00)
[20:23:03] Agent奖励:
[20:23:03]   wind      :    0.949
[20:23:03]   solar     :   -4.492
[20:23:03]   diesel    :   -2.280
[20:23:03]   battery   :    0.520
[20:23:03]   customer  : -179.992
[20:23:03] Grid交易: Import=0.0 | Export=1960.8
[20:23:03] ------------------------------------------------------------
[20:23:03] 📊 每日策略详情 (Avg Bid / Total Gen):
[20:23:03]   Wind    : Bid   3.3¢ | Gen   62.4 kWh
[20:23:03]   Solar   : Bid -31.6¢ | Gen   39.5 kWh
[20:23:03]   Diesel  : Bid  32.1¢ | Gen   51.9 kWh
[20:23:03]   Battery : Bid -19.0¢ | Net   -9.2 kWh (Charge)
[20:23:03] ------------------------------------------------------------
[20:23:03] 
============================================================
[20:23:03] Episode 20/1000 | Steps: 24
[20:23:03] 总奖励:  -172.99 (Avg10:  -172.24)
[20:23:03] Agent奖励:
[20:23:03]   wind      :   13.034
[20:23:03]   solar     :    0.108
[20:23:03]   diesel    :    0.552
[20:23:03]   battery   :   -2.461
[20:23:03]   customer  : -184.219
[20:23:03] Grid交易: Import=0.0 | Export=1879.7
[20:23:03] ------------------------------------------------------------
[20:23:03] 📊 每日策略详情 (Avg Bid / Total Gen):
[20:23:03]   Wind    : Bid   0.9¢ | Gen  128.9 kWh
[20:23:03]   Solar   : Bid -27.6¢ | Gen   43.8 kWh
[20:23:03]   Diesel  : Bid  27.9¢ | Gen   39.0 kWh
[20:23:03]   Battery : Bid -18.3¢ | Net   28.0 kWh (Dischg)
[20:23:03] ------------------------------------------------------------
[20:23:03] 
📊 生成图表...
[20:23:04]   ✓ debug_plots/training_status_ep0020.png
[20:23:04]   ✓ debug_plots/grid_status_ep0020.png
[20:23:05] 
============================================================
[20:23:05] Episode 21/1000 | Steps: 24
[20:23:05] 总奖励:  -169.89 (Avg10:  -170.70)
[20:23:05] Agent奖励:
[20:23:05]   wind      :   11.008
[20:23:05]   solar     :    1.337
[20:23:05]   diesel    :   -1.208
[20:23:05]   battery   :    0.000
[20:23:05]   customer  : -181.026
[20:23:05] Grid交易: Import=0.0 | Export=2002.0
[20:23:05] ------------------------------------------------------------
[20:23:05] 📊 每日策略详情 (Avg Bid / Total Gen):
[20:23:05]   Wind    : Bid   1.7¢ | Gen  104.7 kWh
[20:23:05]   Solar   : Bid -30.0¢ | Gen   24.9 kWh
[20:23:05]   Diesel  : Bid  32.5¢ | Gen   29.4 kWh
[20:23:05]   Battery : Bid -11.6¢ | Net    0.0 kWh (Idle)
[20:23:05] ------------------------------------------------------------
[20:23:05] 
============================================================
[20:23:05] Episode 22/1000 | Steps: 24
[20:23:05] 总奖励:  -174.03 (Avg10:  -171.27)
[20:23:05] Agent奖励:
[20:23:05]   wind      :   14.432
[20:23:05]   solar     :   -3.839
[20:23:05]   diesel    :    0.000
[20:23:05]   battery   :    0.000
[20:23:05]   customer  : -184.621
[20:23:05] Grid交易: Import=0.0 | Export=1939.1
[20:23:05] ------------------------------------------------------------
[20:23:05] 📊 每日策略详情 (Avg Bid / Total Gen):
[20:23:05]   Wind    : Bid   3.6¢ | Gen   85.9 kWh
[20:23:05]   Solar   : Bid -27.0¢ | Gen   28.9 kWh
[20:23:05]   Diesel  : Bid  34.7¢ | Gen    0.0 kWh
[20:23:05]   Battery : Bid  -5.7¢ | Net    0.0 kWh (Idle)
[20:23:05] ------------------------------------------------------------
[20:23:06] 
============================================================
[20:23:06] Episode 23/1000 | Steps: 24
[20:23:06] 总奖励:  -183.31 (Avg10:  -173.89)
[20:23:06] Agent奖励:
[20:23:06]   wind      :    0.712
[20:23:06]   solar     :   -2.510
[20:23:06]   diesel    :    0.000
[20:23:06]   battery   :    0.000
[20:23:06]   customer  : -181.515
[20:23:06] Grid交易: Import=0.0 | Export=2066.3
[20:23:06] ------------------------------------------------------------
[20:23:06] 📊 每日策略详情 (Avg Bid / Total Gen):
[20:23:06]   Wind    : Bid   1.4¢ | Gen   43.8 kWh
[20:23:06]   Solar   : Bid -23.7¢ | Gen   36.1 kWh
[20:23:06]   Diesel  : Bid  30.1¢ | Gen    0.0 kWh
[20:23:06]   Battery : Bid  -0.7¢ | Net    0.0 kWh (Idle)
[20:23:06] ------------------------------------------------------------
[20:23:07] 
============================================================
[20:23:07] Episode 24/1000 | Steps: 24
[20:23:07] 总奖励:  -162.00 (Avg10:  -172.37)
[20:23:07] Agent奖励:
[20:23:07]   wind      :   18.957
[20:23:07]   solar     :   -0.393
[20:23:07]   diesel    :   -0.308
[20:23:07]   battery   :    0.000
[20:23:07]   customer  : -180.260
[20:23:07] Grid交易: Import=0.0 | Export=2083.0
[20:23:07] ------------------------------------------------------------
[20:23:07] 📊 每日策略详情 (Avg Bid / Total Gen):
[20:23:07]   Wind    : Bid   4.7¢ | Gen  151.4 kWh
[20:23:07]   Solar   : Bid -21.4¢ | Gen   45.2 kWh
[20:23:07]   Diesel  : Bid  32.1¢ | Gen    1.8 kWh
[20:23:07]   Battery : Bid  -2.2¢ | Net    0.0 kWh (Idle)
[20:23:07] ------------------------------------------------------------
[20:23:08] 
============================================================
[20:23:08] Episode 25/1000 | Steps: 24
[20:23:08] 总奖励:  -157.49 (Avg10:  -172.43)
[20:23:08] Agent奖励:
[20:23:08]   wind      :   23.756
[20:23:08]   solar     :    9.940
[20:23:08]   diesel    :   -0.932
[20:23:08]   battery   :    0.000
[20:23:08]   customer  : -190.257
[20:23:08] Grid交易: Import=0.0 | Export=1883.3
[20:23:08] ------------------------------------------------------------
[20:23:08] 📊 每日策略详情 (Avg Bid / Total Gen):
[20:23:08]   Wind    : Bid   5.2¢ | Gen  165.6 kWh
[20:23:08]   Solar   : Bid -10.9¢ | Gen   59.4 kWh
[20:23:08]   Diesel  : Bid  30.2¢ | Gen   33.0 kWh
[20:23:08]   Battery : Bid   0.8¢ | Net    0.0 kWh (Idle)
[20:23:08] ------------------------------------------------------------
[20:23:09] 
============================================================
[20:23:09] Episode 26/1000 | Steps: 24
[20:23:09] 总奖励:  -184.88 (Avg10:  -172.72)
[20:23:09] Agent奖励:
[20:23:09]   wind      :    2.166
[20:23:09]   solar     :    2.159
[20:23:09]   diesel    :   -0.500
[20:23:09]   battery   :    0.000
[20:23:09]   customer  : -188.708
[20:23:09] Grid交易: Import=0.0 | Export=2229.1
[20:23:09] ------------------------------------------------------------
[20:23:09] 📊 每日策略详情 (Avg Bid / Total Gen):
[20:23:09]   Wind    : Bid   1.9¢ | Gen   26.7 kWh
[20:23:09]   Solar   : Bid  -3.5¢ | Gen    8.0 kWh
[20:23:09]   Diesel  : Bid  32.9¢ | Gen    3.9 kWh
[20:23:09]   Battery : Bid   0.3¢ | Net    0.0 kWh (Idle)
[20:23:09] ------------------------------------------------------------
[20:23:10] 
============================================================
[20:23:10] Episode 27/1000 | Steps: 24
[20:23:10] 总奖励:  -165.18 (Avg10:  -171.68)
[20:23:10] Agent奖励:
[20:23:10]   wind      :   19.780
[20:23:10]   solar     :    2.855
[20:23:10]   diesel    :    1.178
[20:23:10]   battery   :   -0.614
[20:23:10]   customer  : -188.379
[20:23:10] Grid交易: Import=0.0 | Export=1937.5
[20:23:10] ------------------------------------------------------------
[20:23:10] 📊 每日策略详情 (Avg Bid / Total Gen):
[20:23:10]   Wind    : Bid   5.2¢ | Gen  115.4 kWh
[20:23:10]   Solar   : Bid  -2.8¢ | Gen   30.0 kWh
[20:23:10]   Diesel  : Bid  30.7¢ | Gen    7.0 kWh
[20:23:10]   Battery : Bid   2.7¢ | Net   -3.5 kWh (Charge)
[20:23:10] ------------------------------------------------------------
[20:23:11] 
============================================================
[20:23:11] Episode 28/1000 | Steps: 24
[20:23:11] 总奖励:  -161.98 (Avg10:  -171.71)
[20:23:11] Agent奖励:
[20:23:11]   wind      :   17.358
[20:23:11]   solar     :    6.677
[20:23:11]   diesel    :    1.129
[20:23:11]   battery   :    1.574
[20:23:11]   customer  : -188.721
[20:23:11] Grid交易: Import=0.0 | Export=1917.6
[20:23:11] ------------------------------------------------------------
[20:23:11] 📊 每日策略详情 (Avg Bid / Total Gen):
[20:23:11]   Wind    : Bid   3.4¢ | Gen  150.0 kWh
[20:23:11]   Solar   : Bid   0.9¢ | Gen   38.7 kWh
[20:23:11]   Diesel  : Bid  29.1¢ | Gen    4.8 kWh
[20:23:11]   Battery : Bid   1.5¢ | Net  -17.5 kWh (Charge)
[20:23:11] ------------------------------------------------------------
[20:23:12] 
============================================================
[20:23:12] Episode 29/1000 | Steps: 24
[20:23:12] 总奖励:  -178.99 (Avg10:  -171.07)
[20:23:12] Agent奖励:
[20:23:12]   wind      :   21.890
[20:23:12]   solar     :    1.278
[20:23:12]   diesel    :   -3.217
[20:23:12]   battery   :   -6.817
[20:23:12]   customer  : -192.122
[20:23:12] Grid交易: Import=0.0 | Export=1889.2
[20:23:12] ------------------------------------------------------------
[20:23:12] 📊 每日策略详情 (Avg Bid / Total Gen):
[20:23:12]   Wind    : Bid   3.6¢ | Gen  157.2 kWh
[20:23:12]   Solar   : Bid   5.3¢ | Gen   17.4 kWh
[20:23:12]   Diesel  : Bid  29.6¢ | Gen   31.2 kWh
[20:23:12]   Battery : Bid   3.9¢ | Net  -42.2 kWh (Charge)
[20:23:12] ------------------------------------------------------------
[20:23:13] 
============================================================
[20:23:13] Episode 30/1000 | Steps: 24
[20:23:13] 总奖励:  -181.88 (Avg10:  -171.96)
[20:23:13] Agent奖励:
[20:23:13]   wind      :   11.068
[20:23:13]   solar     :    0.509
[20:23:13]   diesel    :    2.851
[20:23:13]   battery   :    0.000
[20:23:13]   customer  : -196.309
[20:23:13] Grid交易: Import=0.0 | Export=1926.8
[20:23:13] ------------------------------------------------------------
[20:23:13] 📊 每日策略详情 (Avg Bid / Total Gen):
[20:23:13]   Wind    : Bid   6.3¢ | Gen  111.6 kWh
[20:23:13]   Solar   : Bid   6.1¢ | Gen    3.3 kWh
[20:23:13]   Diesel  : Bid  30.7¢ | Gen   11.4 kWh
[20:23:13]   Battery : Bid   3.9¢ | Net    0.0 kWh (Idle)
[20:23:13] ------------------------------------------------------------
[20:23:14] 
============================================================
[20:23:14] Episode 31/1000 | Steps: 24
[20:23:14] 总奖励:  -177.66 (Avg10:  -172.74)
[20:23:14] Agent奖励:
[20:23:14]   wind      :   19.612
[20:23:14]   solar     :    7.578
[20:23:14]   diesel    :    0.665
[20:23:14]   battery   :   -1.595
[20:23:14]   customer  : -203.916
[20:23:14] Grid交易: Import=0.0 | Export=1950.4
[20:23:14] ------------------------------------------------------------
[20:23:14] 📊 每日策略详情 (Avg Bid / Total Gen):
[20:23:14]   Wind    : Bid   7.5¢ | Gen   92.4 kWh
[20:23:14]   Solar   : Bid   8.4¢ | Gen   26.7 kWh
[20:23:14]   Diesel  : Bid  33.2¢ | Gen   59.9 kWh
[20:23:14]   Battery : Bid   5.0¢ | Net   -8.7 kWh (Charge)
[20:23:14] ------------------------------------------------------------
[20:23:15] 
============================================================
[20:23:15] Episode 32/1000 | Steps: 24
[20:23:15] 总奖励:  -172.99 (Avg10:  -172.64)
[20:23:15] Agent奖励:
[20:23:15]   wind      :    6.629
[20:23:15]   solar     :    4.640
[20:23:15]   diesel    :    0.165
[20:23:15]   battery   :   -0.296
[20:23:15]   customer  : -184.124
[20:23:15] Grid交易: Import=0.0 | Export=2013.6
[20:23:15] ------------------------------------------------------------
[20:23:15] 📊 每日策略详情 (Avg Bid / Total Gen):
[20:23:15]   Wind    : Bid   2.8¢ | Gen  128.7 kWh
[20:23:15]   Solar   : Bid   8.6¢ | Gen   20.0 kWh
[20:23:15]   Diesel  : Bid  33.4¢ | Gen   32.5 kWh
[20:23:15]   Battery : Bid   2.7¢ | Net  -18.9 kWh (Charge)
[20:23:15] ------------------------------------------------------------
[20:23:15] 
============================================================
[20:23:15] Episode 33/1000 | Steps: 24
[20:23:15] 总奖励:  -180.27 (Avg10:  -172.33)
[20:23:15] Agent奖励:
[20:23:15]   wind      :    8.420
[20:23:15]   solar     :    0.096
[20:23:15]   diesel    :   -3.200
[20:23:15]   battery   :   -2.439
[20:23:15]   customer  : -183.146
[20:23:15] Grid交易: Import=0.0 | Export=2138.8
[20:23:15] ------------------------------------------------------------
[20:23:15] 📊 每日策略详情 (Avg Bid / Total Gen):
[20:23:15]   Wind    : Bid   5.9¢ | Gen  112.0 kWh
[20:23:15]   Solar   : Bid   9.4¢ | Gen    3.6 kWh
[20:23:15]   Diesel  : Bid  31.0¢ | Gen   27.3 kWh
[20:23:15]   Battery : Bid   0.4¢ | Net  -21.2 kWh (Charge)
[20:23:15] ------------------------------------------------------------
[20:23:16] 
============================================================
[20:23:16] Episode 34/1000 | Steps: 24
[20:23:16] 总奖励:  -177.67 (Avg10:  -173.90)
[20:23:16] Agent奖励:
[20:23:16]   wind      :   16.421
[20:23:16]   solar     :    5.220
[20:23:16]   diesel    :   -1.764
[20:23:16]   battery   :   -1.305
[20:23:16]   customer  : -196.238
[20:23:16] Grid交易: Import=0.0 | Export=2090.6
[20:23:16] ------------------------------------------------------------
[20:23:16] 📊 每日策略详情 (Avg Bid / Total Gen):
[20:23:16]   Wind    : Bid   5.9¢ | Gen   76.2 kWh
[20:23:16]   Solar   : Bid   6.5¢ | Gen   20.8 kWh
[20:23:16]   Diesel  : Bid  30.6¢ | Gen   19.1 kWh
[20:23:16]   Battery : Bid   0.6¢ | Net   -9.1 kWh (Charge)
[20:23:16] ------------------------------------------------------------
[20:23:17] 
============================================================
[20:23:17] Episode 35/1000 | Steps: 24
[20:23:17] 总奖励:  -158.01 (Avg10:  -173.95)
[20:23:17] Agent奖励:
[20:23:17]   wind      :   24.585
[20:23:17]   solar     :    4.637
[20:23:17]   diesel    :   -0.856
[20:23:17]   battery   :   -5.274
[20:23:17]   customer  : -181.100
[20:23:17] Grid交易: Import=0.0 | Export=1941.5
[20:23:17] ------------------------------------------------------------
[20:23:17] 📊 每日策略详情 (Avg Bid / Total Gen):
[20:23:17]   Wind    : Bid  10.5¢ | Gen  170.5 kWh
[20:23:17]   Solar   : Bid   3.3¢ | Gen   60.3 kWh
[20:23:17]   Diesel  : Bid  30.3¢ | Gen    7.5 kWh
[20:23:17]   Battery : Bid  -6.6¢ | Net  -34.6 kWh (Charge)
[20:23:17] ------------------------------------------------------------
[20:23:18] 
============================================================
[20:23:18] Episode 36/1000 | Steps: 24
[20:23:18] 总奖励:  -183.38 (Avg10:  -173.80)
[20:23:18] Agent奖励:
[20:23:18]   wind      :   14.239
[20:23:18]   solar     :    6.180
[20:23:18]   diesel    :   -5.747
[20:23:18]   battery   :   -3.262
[20:23:18]   customer  : -194.789
[20:23:18] Grid交易: Import=0.0 | Export=1851.8
[20:23:18] ------------------------------------------------------------
[20:23:18] 📊 每日策略详情 (Avg Bid / Total Gen):
[20:23:18]   Wind    : Bid   8.2¢ | Gen  114.4 kWh
[20:23:18]   Solar   : Bid   8.3¢ | Gen   28.6 kWh
[20:23:18]   Diesel  : Bid  29.6¢ | Gen   36.0 kWh
[20:23:18]   Battery : Bid -14.1¢ | Net   -8.3 kWh (Charge)
[20:23:18] ------------------------------------------------------------
[20:23:19] 
============================================================
[20:23:19] Episode 37/1000 | Steps: 24
[20:23:19] 总奖励:  -176.90 (Avg10:  -174.97)
[20:23:19] Agent奖励:
[20:23:19]   wind      :    7.779
[20:23:19]   solar     :    6.689
[20:23:19]   diesel    :   -3.238
[20:23:19]   battery   :   -2.109
[20:23:19]   customer  : -186.018
[20:23:19] Grid交易: Import=0.0 | Export=2028.1
[20:23:19] ------------------------------------------------------------
[20:23:19] 📊 每日策略详情 (Avg Bid / Total Gen):
[20:23:19]   Wind    : Bid   6.8¢ | Gen   79.6 kWh
[20:23:19]   Solar   : Bid   2.4¢ | Gen   41.7 kWh
[20:23:19]   Diesel  : Bid  29.4¢ | Gen   72.6 kWh
[20:23:19]   Battery : Bid -18.0¢ | Net  -17.2 kWh (Charge)
[20:23:19] ------------------------------------------------------------
[20:23:20] 
============================================================
[20:23:20] Episode 38/1000 | Steps: 24
[20:23:20] 总奖励:  -179.73 (Avg10:  -176.75)
[20:23:20] Agent奖励:
[20:23:20]   wind      :   17.011
[20:23:20]   solar     :    2.783
[20:23:20]   diesel    :   -2.419
[20:23:20]   battery   :  -10.512
[20:23:20]   customer  : -186.595
[20:23:20] Grid交易: Import=0.0 | Export=1861.7
[20:23:20] ------------------------------------------------------------
[20:23:20] 📊 每日策略详情 (Avg Bid / Total Gen):
[20:23:20]   Wind    : Bid   7.8¢ | Gen  102.4 kWh
[20:23:20]   Solar   : Bid   4.2¢ | Gen   38.5 kWh
[20:23:20]   Diesel  : Bid  30.0¢ | Gen   15.7 kWh
[20:23:20]   Battery : Bid -13.5¢ | Net  -12.7 kWh (Charge)
[20:23:20] ------------------------------------------------------------
[20:23:20] 
============================================================
[20:23:20] Episode 39/1000 | Steps: 24
[20:23:20] 总奖励:  -178.95 (Avg10:  -176.74)
[20:23:20] Agent奖励:
[20:23:20]   wind      :    8.780
[20:23:20]   solar     :    6.120
[20:23:20]   diesel    :   -3.729
[20:23:20]   battery   :   -1.335
[20:23:20]   customer  : -188.781
[20:23:20] Grid交易: Import=0.0 | Export=2085.3
[20:23:20] ------------------------------------------------------------
[20:23:20] 📊 每日策略详情 (Avg Bid / Total Gen):
[20:23:20]   Wind    : Bid   9.2¢ | Gen   50.4 kWh
[20:23:20]   Solar   : Bid   2.2¢ | Gen   24.6 kWh
[20:23:20]   Diesel  : Bid  28.9¢ | Gen   17.7 kWh
[20:23:20]   Battery : Bid -22.1¢ | Net    7.8 kWh (Dischg)
[20:23:20] ------------------------------------------------------------
[20:23:21] 
============================================================
[20:23:21] Episode 40/1000 | Steps: 24
[20:23:21] 总奖励:  -184.57 (Avg10:  -177.01)
[20:23:21] Agent奖励:
[20:23:21]   wind      :    7.977
[20:23:21]   solar     :    6.974
[20:23:21]   diesel    :   -2.137
[20:23:21]   battery   :   -5.329
[20:23:21]   customer  : -192.055
[20:23:21] Grid交易: Import=10.6 | Export=1772.8
[20:23:21] ------------------------------------------------------------
[20:23:21] 📊 每日策略详情 (Avg Bid / Total Gen):
[20:23:21]   Wind    : Bid   9.3¢ | Gen   78.9 kWh
[20:23:21]   Solar   : Bid  -0.4¢ | Gen   45.6 kWh
[20:23:21]   Diesel  : Bid  28.8¢ | Gen   44.5 kWh
[20:23:21]   Battery : Bid -26.7¢ | Net   -4.1 kWh (Charge)
[20:23:21] ------------------------------------------------------------
[20:23:21] 
📊 生成图表...
[20:23:22]   ✓ debug_plots/training_status_ep0040.png
[20:23:22]   ✓ debug_plots/grid_status_ep0040.png
[20:23:22] 
============================================================
[20:23:22] Episode 41/1000 | Steps: 24
[20:23:22] 总奖励:  -179.31 (Avg10:  -177.18)
[20:23:22] Agent奖励:
[20:23:22]   wind      :   10.545
[20:23:22]   solar     :    3.665
[20:23:22]   diesel    :   -6.533
[20:23:22]   battery   :   -0.568
[20:23:22]   customer  : -186.419
[20:23:22] Grid交易: Import=0.0 | Export=1936.4
[20:23:22] ------------------------------------------------------------
[20:23:22] 📊 每日策略详情 (Avg Bid / Total Gen):
[20:23:22]   Wind    : Bid   7.4¢ | Gen   82.2 kWh
[20:23:22]   Solar   : Bid   1.3¢ | Gen   32.9 kWh
[20:23:22]   Diesel  : Bid  30.3¢ | Gen   55.2 kWh
[20:23:22]   Battery : Bid -25.8¢ | Net  -27.5 kWh (Charge)
[20:23:22] ------------------------------------------------------------
[20:23:23] 
============================================================
[20:23:23] Episode 42/1000 | Steps: 24
[20:23:23] 总奖励:  -174.79 (Avg10:  -177.36)
[20:23:23] Agent奖励:
[20:23:23]   wind      :   13.931
[20:23:23]   solar     :    2.201
[20:23:23]   diesel    :   -0.291
[20:23:23]   battery   :   -3.129
[20:23:23]   customer  : -187.501
[20:23:23] Grid交易: Import=0.0 | Export=1970.8
[20:23:23] ------------------------------------------------------------
[20:23:23] 📊 每日策略详情 (Avg Bid / Total Gen):
[20:23:23]   Wind    : Bid   9.5¢ | Gen  115.8 kWh
[20:23:23]   Solar   : Bid   0.2¢ | Gen   57.5 kWh
[20:23:23]   Diesel  : Bid  28.3¢ | Gen   20.5 kWh
[20:23:23]   Battery : Bid -24.9¢ | Net  -18.2 kWh (Charge)
[20:23:23] ------------------------------------------------------------
[20:23:24] 
============================================================
[20:23:24] Episode 43/1000 | Steps: 24
[20:23:24] 总奖励:  -171.28 (Avg10:  -176.46)
[20:23:24] Agent奖励:
[20:23:24]   wind      :    8.205
[20:23:24]   solar     :    4.277
[20:23:24]   diesel    :   -0.146
[20:23:24]   battery   :   -1.057
[20:23:24]   customer  : -182.557
[20:23:24] Grid交易: Import=0.0 | Export=1784.5
[20:23:24] ------------------------------------------------------------
[20:23:24] 📊 每日策略详情 (Avg Bid / Total Gen):
[20:23:24]   Wind    : Bid   8.5¢ | Gen  112.3 kWh
[20:23:24]   Solar   : Bid   0.7¢ | Gen   34.9 kWh
[20:23:24]   Diesel  : Bid  26.5¢ | Gen   23.4 kWh
[20:23:24]   Battery : Bid -25.9¢ | Net    5.5 kWh (Dischg)
[20:23:24] ------------------------------------------------------------
[20:23:25] 
============================================================
[20:23:25] Episode 44/1000 | Steps: 24
[20:23:25] 总奖励:  -181.44 (Avg10:  -176.84)
[20:23:25] Agent奖励:
[20:23:25]   wind      :    5.338
[20:23:25]   solar     :    4.501
[20:23:25]   diesel    :    2.103
[20:23:25]   battery   :   -1.386
[20:23:25]   customer  : -192.001
[20:23:25] Grid交易: Import=0.0 | Export=1503.7
[20:23:25] ------------------------------------------------------------
[20:23:25] 📊 每日策略详情 (Avg Bid / Total Gen):
[20:23:25]   Wind    : Bid  12.0¢ | Gen   35.8 kWh
[20:23:25]   Solar   : Bid   1.7¢ | Gen   23.5 kWh
[20:23:25]   Diesel  : Bid  27.8¢ | Gen   31.5 kWh
[20:23:25]   Battery : Bid -21.9¢ | Net    6.1 kWh (Dischg)
[20:23:25] ------------------------------------------------------------
[20:23:26] 
============================================================
[20:23:26] Episode 45/1000 | Steps: 24
[20:23:26] 总奖励:  -183.46 (Avg10:  -179.38)
[20:23:26] Agent奖励:
[20:23:26]   wind      :    6.882
[20:23:26]   solar     :    0.637
[20:23:26]   diesel    :   -2.494
[20:23:26]   battery   :    0.438
[20:23:26]   customer  : -188.925
[20:23:26] Grid交易: Import=0.0 | Export=1753.5
[20:23:26] ------------------------------------------------------------
[20:23:26] 📊 每日策略详情 (Avg Bid / Total Gen):
[20:23:26]   Wind    : Bid  11.7¢ | Gen   59.6 kWh
[20:23:26]   Solar   : Bid  -1.4¢ | Gen   26.8 kWh
[20:23:26]   Diesel  : Bid  23.0¢ | Gen   32.7 kWh
[20:23:26]   Battery : Bid -24.9¢ | Net  -24.3 kWh (Charge)
[20:23:26] ------------------------------------------------------------
[20:23:26] 
============================================================
[20:23:26] Episode 46/1000 | Steps: 24
[20:23:26] 总奖励:  -189.43 (Avg10:  -179.99)
[20:23:26] Agent奖励:
[20:23:26]   wind      :    7.933
[20:23:26]   solar     :    6.063
[20:23:26]   diesel    :   -4.943
[20:23:26]   battery   :   -1.092
[20:23:26]   customer  : -197.395
[20:23:26] Grid交易: Import=22.1 | Export=1402.5
[20:23:26] ------------------------------------------------------------
[20:23:26] 📊 每日策略详情 (Avg Bid / Total Gen):
[20:23:26]   Wind    : Bid  12.0¢ | Gen   36.5 kWh
[20:23:26]   Solar   : Bid  -2.7¢ | Gen   32.9 kWh
[20:23:26]   Diesel  : Bid  22.2¢ | Gen  117.9 kWh
[20:23:26]   Battery : Bid -26.3¢ | Net   -9.3 kWh (Charge)
[20:23:26] ------------------------------------------------------------
[20:23:27] 
============================================================
[20:23:27] Episode 47/1000 | Steps: 24
[20:23:27] 总奖励:  -178.56 (Avg10:  -180.15)
[20:23:27] Agent奖励:
[20:23:27]   wind      :    8.564
[20:23:27]   solar     :    6.120
[20:23:27]   diesel    :   -3.153
[20:23:27]   battery   :   -6.252
[20:23:27]   customer  : -183.844
[20:23:27] Grid交易: Import=0.0 | Export=1523.0
[20:23:27] ------------------------------------------------------------
[20:23:27] 📊 每日策略详情 (Avg Bid / Total Gen):
[20:23:27]   Wind    : Bid  12.7¢ | Gen   83.1 kWh
[20:23:27]   Solar   : Bid   0.2¢ | Gen   40.2 kWh
[20:23:27]   Diesel  : Bid  22.6¢ | Gen   75.2 kWh
[20:23:27]   Battery : Bid -25.5¢ | Net   -2.0 kWh (Charge)
[20:23:27] ------------------------------------------------------------
[20:23:29] 
============================================================
[20:23:29] Episode 48/1000 | Steps: 24
[20:23:29] 总奖励:  -180.33 (Avg10:  -180.21)
[20:23:29] Agent奖励:
[20:23:29]   wind      :    8.135
[20:23:29]   solar     :    1.313
[20:23:29]   diesel    :   -1.061
[20:23:29]   battery   :   -2.403
[20:23:29]   customer  : -186.317
[20:23:29] Grid交易: Import=0.0 | Export=1552.0
[20:23:29] ------------------------------------------------------------
[20:23:29] 📊 每日策略详情 (Avg Bid / Total Gen):
[20:23:29]   Wind    : Bid  10.5¢ | Gen  113.1 kWh
[20:23:29]   Solar   : Bid  -1.5¢ | Gen   23.5 kWh
[20:23:29]   Diesel  : Bid  19.7¢ | Gen   45.7 kWh
[20:23:29]   Battery : Bid -22.5¢ | Net  -23.3 kWh (Charge)
[20:23:29] ------------------------------------------------------------
[20:23:30] 
============================================================
[20:23:30] Episode 49/1000 | Steps: 24
[20:23:30] 总奖励:  -172.59 (Avg10:  -179.58)
[20:23:30] Agent奖励:
[20:23:30]   wind      :   14.736
[20:23:30]   solar     :    9.514
[20:23:30]   diesel    :   -2.582
[20:23:30]   battery   :   -8.958
[20:23:30]   customer  : -185.296
[20:23:30] Grid交易: Import=0.0 | Export=1332.5
[20:23:30] ------------------------------------------------------------
[20:23:30] 📊 每日策略详情 (Avg Bid / Total Gen):
[20:23:30]   Wind    : Bid   7.1¢ | Gen   71.9 kWh
[20:23:30]   Solar   : Bid  -0.5¢ | Gen   63.1 kWh
[20:23:30]   Diesel  : Bid  20.2¢ | Gen   39.3 kWh
[20:23:30]   Battery : Bid -21.7¢ | Net   12.2 kWh (Dischg)
[20:23:30] ------------------------------------------------------------
[20:23:31] 
============================================================
[20:23:31] Episode 50/1000 | Steps: 24
[20:23:31] 总奖励:  -170.75 (Avg10:  -178.20)
[20:23:31] Agent奖励:
[20:23:31]   wind      :   11.961
[20:23:31]   solar     :    5.696
[20:23:31]   diesel    :   -3.621
[20:23:31]   battery   :   -0.333
[20:23:31]   customer  : -184.454
[20:23:31] Grid交易: Import=0.0 | Export=1232.2
[20:23:31] ------------------------------------------------------------
[20:23:31] 📊 每日策略详情 (Avg Bid / Total Gen):
[20:23:31]   Wind    : Bid  13.4¢ | Gen   94.2 kWh
[20:23:31]   Solar   : Bid  -0.8¢ | Gen   39.3 kWh
[20:23:31]   Diesel  : Bid  20.0¢ | Gen   46.1 kWh
[20:23:31]   Battery : Bid -22.4¢ | Net    5.9 kWh (Dischg)
[20:23:31] ------------------------------------------------------------
[20:23:31] 
============================================================
[20:23:31] Episode 51/1000 | Steps: 24
[20:23:31] 总奖励:  -178.25 (Avg10:  -178.09)
[20:23:31] Agent奖励:
[20:23:31]   wind      :    6.170
[20:23:31]   solar     :   -0.066
[20:23:31]   diesel    :   -0.071
[20:23:31]   battery   :   -4.041
[20:23:31]   customer  : -180.241
[20:23:31] Grid交易: Import=0.0 | Export=1238.4
[20:23:31] ------------------------------------------------------------
[20:23:31] 📊 每日策略详情 (Avg Bid / Total Gen):
[20:23:31]   Wind    : Bid   9.0¢ | Gen   52.6 kWh
[20:23:31]   Solar   : Bid  -1.0¢ | Gen   26.7 kWh
[20:23:31]   Diesel  : Bid  19.3¢ | Gen    2.5 kWh
[20:23:31]   Battery : Bid -19.5¢ | Net   22.1 kWh (Dischg)
[20:23:31] ------------------------------------------------------------
[20:23:32] 
============================================================
[20:23:32] Episode 52/1000 | Steps: 24
[20:23:32] 总奖励:  -181.92 (Avg10:  -178.80)
[20:23:32] Agent奖励:
[20:23:32]   wind      :    7.683
[20:23:32]   solar     :    1.844
[20:23:32]   diesel    :   -5.463
[20:23:32]   battery   :   -1.340
[20:23:32]   customer  : -184.644
[20:23:32] Grid交易: Import=0.0 | Export=1298.1
[20:23:32] ------------------------------------------------------------
[20:23:32] 📊 每日策略详情 (Avg Bid / Total Gen):
[20:23:32]   Wind    : Bid  11.4¢ | Gen   72.4 kWh
[20:23:32]   Solar   : Bid  -0.1¢ | Gen   24.3 kWh
[20:23:32]   Diesel  : Bid  20.1¢ | Gen   79.5 kWh
[20:23:32]   Battery : Bid -15.9¢ | Net  -12.4 kWh (Charge)
[20:23:32] ------------------------------------------------------------
[20:23:33] 
============================================================
[20:23:33] Episode 53/1000 | Steps: 24
[20:23:33] 总奖励:  -173.31 (Avg10:  -179.01)
[20:23:33] Agent奖励:
[20:23:33]   wind      :   11.401
[20:23:33]   solar     :    6.964
[20:23:33]   diesel    :    0.994
[20:23:33]   battery   :   -1.582
[20:23:33]   customer  : -191.090
[20:23:33] Grid交易: Import=0.0 | Export=1161.4
[20:23:33] ------------------------------------------------------------
[20:23:33] 📊 每日策略详情 (Avg Bid / Total Gen):
[20:23:33]   Wind    : Bid   9.1¢ | Gen   64.3 kWh
[20:23:33]   Solar   : Bid   1.2¢ | Gen   38.9 kWh
[20:23:33]   Diesel  : Bid  16.2¢ | Gen   57.2 kWh
[20:23:33]   Battery : Bid -15.0¢ | Net  -12.3 kWh (Charge)
[20:23:33] ------------------------------------------------------------
[20:23:34] 
============================================================
[20:23:34] Episode 54/1000 | Steps: 24
[20:23:34] 总奖励:  -170.95 (Avg10:  -177.96)
[20:23:34] Agent奖励:
[20:23:34]   wind      :   11.776
[20:23:34]   solar     :    8.398
[20:23:34]   diesel    :   -0.163
[20:23:34]   battery   :   -1.632
[20:23:34]   customer  : -189.331
[20:23:34] Grid交易: Import=16.2 | Export=881.9
[20:23:34] ------------------------------------------------------------
[20:23:34] 📊 每日策略详情 (Avg Bid / Total Gen):
[20:23:34]   Wind    : Bid   9.6¢ | Gen   90.3 kWh
[20:23:34]   Solar   : Bid  -1.7¢ | Gen   65.9 kWh
[20:23:34]   Diesel  : Bid  17.7¢ | Gen   31.9 kWh
[20:23:34]   Battery : Bid -16.5¢ | Net  -18.0 kWh (Charge)
[20:23:34] ------------------------------------------------------------
[20:23:35] 
============================================================
[20:23:35] Episode 55/1000 | Steps: 24
[20:23:35] 总奖励:  -175.58 (Avg10:  -177.17)
[20:23:35] Agent奖励:
[20:23:35]   wind      :    9.818
[20:23:35]   solar     :    4.920
[20:23:35]   diesel    :   -2.287
[20:23:35]   battery   :   -0.110
[20:23:35]   customer  : -187.923
[20:23:35] Grid交易: Import=8.4 | Export=912.4
[20:23:35] ------------------------------------------------------------
[20:23:35] 📊 每日策略详情 (Avg Bid / Total Gen):
[20:23:35]   Wind    : Bid  13.2¢ | Gen   81.2 kWh
[20:23:35]   Solar   : Bid   0.5¢ | Gen   34.9 kWh
[20:23:35]   Diesel  : Bid  16.7¢ | Gen   67.7 kWh
[20:23:35]   Battery : Bid -14.2¢ | Net   -1.3 kWh (Charge)
[20:23:35] ------------------------------------------------------------
[20:23:35] 
============================================================
[20:23:35] Episode 56/1000 | Steps: 24
[20:23:35] 总奖励:  -180.02 (Avg10:  -176.23)
[20:23:35] Agent奖励:
[20:23:35]   wind      :    4.851
[20:23:35]   solar     :    6.844
[20:23:35]   diesel    :    0.734
[20:23:35]   battery   :   -0.702
[20:23:35]   customer  : -191.745
[20:23:35] Grid交易: Import=59.9 | Export=997.9
[20:23:35] ------------------------------------------------------------
[20:23:35] 📊 每日策略详情 (Avg Bid / Total Gen):
[20:23:35]   Wind    : Bid   8.6¢ | Gen   89.0 kWh
[20:23:35]   Solar   : Bid  -2.6¢ | Gen   46.2 kWh
[20:23:35]   Diesel  : Bid  17.1¢ | Gen   14.3 kWh
[20:23:35]   Battery : Bid  -7.2¢ | Net   -5.0 kWh (Charge)
[20:23:35] ------------------------------------------------------------
[20:23:36] 
============================================================
[20:23:36] Episode 57/1000 | Steps: 24
[20:23:36] 总奖励:  -175.32 (Avg10:  -175.90)
[20:23:36] Agent奖励:
[20:23:36]   wind      :    5.648
[20:23:36]   solar     :    7.679
[20:23:36]   diesel    :   -5.419
[20:23:36]   battery   :    0.000
[20:23:36]   customer  : -183.231
[20:23:36] Grid交易: Import=6.0 | Export=925.5
[20:23:36] ------------------------------------------------------------
[20:23:36] 📊 每日策略详情 (Avg Bid / Total Gen):
[20:23:36]   Wind    : Bid  12.5¢ | Gen   42.3 kWh
[20:23:36]   Solar   : Bid  -4.1¢ | Gen   58.3 kWh
[20:23:36]   Diesel  : Bid  13.8¢ | Gen   54.4 kWh
[20:23:36]   Battery : Bid  -5.2¢ | Net    0.0 kWh (Idle)
[20:23:36] ------------------------------------------------------------
[20:23:37] 
============================================================
[20:23:37] Episode 58/1000 | Steps: 24
[20:23:37] 总奖励:  -180.10 (Avg10:  -175.88)
[20:23:37] Agent奖励:
[20:23:37]   wind      :   10.309
[20:23:37]   solar     :    9.199
[20:23:37]   diesel    :    0.433
[20:23:37]   battery   :   -0.738
[20:23:37]   customer  : -199.299
[20:23:37] Grid交易: Import=13.3 | Export=819.2
[20:23:37] ------------------------------------------------------------
[20:23:37] 📊 每日策略详情 (Avg Bid / Total Gen):
[20:23:37]   Wind    : Bid  14.3¢ | Gen   45.9 kWh
[20:23:37]   Solar   : Bid  -0.1¢ | Gen   43.9 kWh
[20:23:37]   Diesel  : Bid  17.3¢ | Gen   18.1 kWh
[20:23:37]   Battery : Bid  -6.0¢ | Net   -3.5 kWh (Charge)
[20:23:37] ------------------------------------------------------------
[20:23:38] 
============================================================
[20:23:38] Episode 59/1000 | Steps: 24
[20:23:38] 总奖励:  -174.63 (Avg10:  -176.08)
[20:23:38] Agent奖励:
[20:23:38]   wind      :   14.239
[20:23:38]   solar     :    2.704
[20:23:38]   diesel    :    0.426
[20:23:38]   battery   :    0.000
[20:23:38]   customer  : -191.996
[20:23:38] Grid交易: Import=28.6 | Export=832.6
[20:23:38] ------------------------------------------------------------
[20:23:38] 📊 每日策略详情 (Avg Bid / Total Gen):
[20:23:38]   Wind    : Bid   9.8¢ | Gen  106.9 kWh
[20:23:38]   Solar   : Bid   1.1¢ | Gen   30.2 kWh
[20:23:38]   Diesel  : Bid  19.7¢ | Gen   25.0 kWh
[20:23:38]   Battery : Bid  -2.3¢ | Net    0.0 kWh (Idle)
[20:23:38] ------------------------------------------------------------
[20:23:39] 
============================================================
[20:23:39] Episode 60/1000 | Steps: 24
[20:23:39] 总奖励:  -174.24 (Avg10:  -176.43)
[20:23:39] Agent奖励:
[20:23:39]   wind      :   11.023
[20:23:39]   solar     :    7.889
[20:23:39]   diesel    :    0.230
[20:23:39]   battery   :   -1.880
[20:23:39]   customer  : -191.500
[20:23:39] Grid交易: Import=63.2 | Export=702.0
[20:23:39] ------------------------------------------------------------
[20:23:39] 📊 每日策略详情 (Avg Bid / Total Gen):
[20:23:39]   Wind    : Bid  14.3¢ | Gen   77.3 kWh
[20:23:39]   Solar   : Bid  -0.9¢ | Gen   45.1 kWh
[20:23:39]   Diesel  : Bid  21.4¢ | Gen    2.1 kWh
[20:23:39]   Battery : Bid   1.9¢ | Net  -25.2 kWh (Charge)
[20:23:39] ------------------------------------------------------------
[20:23:39] 
📊 生成图表...
[20:23:40]   ✓ debug_plots/training_status_ep0060.png
[20:23:40]   ✓ debug_plots/grid_status_ep0060.png
[20:23:40] 
============================================================
[20:23:40] Episode 61/1000 | Steps: 24
[20:23:40] 总奖励:  -177.79 (Avg10:  -176.39)
[20:23:40] Agent奖励:
[20:23:40]   wind      :    4.227
[20:23:40]   solar     :    3.449
[20:23:40]   diesel    :   -0.274
[20:23:40]   battery   :   -2.727
[20:23:40]   customer  : -182.469
[20:23:40] Grid交易: Import=0.5 | Export=793.6
[20:23:40] ------------------------------------------------------------
[20:23:40] 📊 每日策略详情 (Avg Bid / Total Gen):
[20:23:40]   Wind    : Bid  10.3¢ | Gen   76.3 kWh
[20:23:40]   Solar   : Bid  -0.3¢ | Gen   34.2 kWh
[20:23:40]   Diesel  : Bid  19.1¢ | Gen   19.5 kWh
[20:23:40]   Battery : Bid   9.0¢ | Net  -10.9 kWh (Charge)
[20:23:40] ------------------------------------------------------------
[20:23:41] 
============================================================
[20:23:41] Episode 62/1000 | Steps: 24
[20:23:41] 总奖励:  -181.65 (Avg10:  -176.36)
[20:23:41] Agent奖励:
[20:23:41]   wind      :    3.796
[20:23:41]   solar     :    3.314
[20:23:41]   diesel    :   -1.312
[20:23:41]   battery   :    0.225
[20:23:41]   customer  : -187.678
[20:23:41] Grid交易: Import=43.1 | Export=753.7
[20:23:41] ------------------------------------------------------------
[20:23:41] 📊 每日策略详情 (Avg Bid / Total Gen):
[20:23:41]   Wind    : Bid  11.9¢ | Gen   27.3 kWh
[20:23:41]   Solar   : Bid  -0.1¢ | Gen   40.3 kWh
[20:23:41]   Diesel  : Bid  23.3¢ | Gen   13.4 kWh
[20:23:41]   Battery : Bid  14.7¢ | Net   -2.1 kWh (Charge)
[20:23:41] ------------------------------------------------------------
[20:23:42] 
============================================================
[20:23:42] Episode 63/1000 | Steps: 24
[20:23:42] 总奖励:  -190.70 (Avg10:  -178.10)
[20:23:42] Agent奖励:
[20:23:42]   wind      :    4.904
[20:23:42]   solar     :   -0.151
[20:23:42]   diesel    :    0.000
[20:23:42]   battery   :   -0.092
[20:23:42]   customer  : -195.363
[20:23:42] Grid交易: Import=1.7 | Export=859.6
[20:23:42] ------------------------------------------------------------
[20:23:42] 📊 每日策略详情 (Avg Bid / Total Gen):
[20:23:42]   Wind    : Bid  11.4¢ | Gen   39.8 kWh
[20:23:42]   Solar   : Bid   5.8¢ | Gen    1.3 kWh
[20:23:42]   Diesel  : Bid  23.0¢ | Gen    0.0 kWh
[20:23:42]   Battery : Bid  22.1¢ | Net   -2.7 kWh (Charge)
[20:23:42] ------------------------------------------------------------
[20:23:43] 
============================================================
[20:23:43] Episode 64/1000 | Steps: 24
[20:23:43] 总奖励:  -172.84 (Avg10:  -178.29)
[20:23:43] Agent奖励:
[20:23:43]   wind      :   10.787
[20:23:43]   solar     :    5.479
[20:23:43]   diesel    :    0.020
[20:23:43]   battery   :   -1.432
[20:23:43]   customer  : -187.693
[20:23:43] Grid交易: Import=10.1 | Export=793.9
[20:23:43] ------------------------------------------------------------
[20:23:43] 📊 每日策略详情 (Avg Bid / Total Gen):
[20:23:43]   Wind    : Bid  11.9¢ | Gen   80.2 kWh
[20:23:43]   Solar   : Bid  -0.2¢ | Gen   37.9 kWh
[20:23:43]   Diesel  : Bid  24.9¢ | Gen    3.0 kWh
[20:23:43]   Battery : Bid  23.7¢ | Net   -7.8 kWh (Charge)
[20:23:43] ------------------------------------------------------------
[20:23:44] 
============================================================
[20:23:44] Episode 65/1000 | Steps: 24
[20:23:44] 总奖励:  -173.58 (Avg10:  -178.09)
[20:23:44] Agent奖励:
[20:23:44]   wind      :   15.938
[20:23:44]   solar     :   -0.664
[20:23:44]   diesel    :   -0.193
[20:23:44]   battery   :   -1.286
[20:23:44]   customer  : -187.380
[20:23:44] Grid交易: Import=26.3 | Export=771.6
[20:23:44] ------------------------------------------------------------
[20:23:44] 📊 每日策略详情 (Avg Bid / Total Gen):
[20:23:44]   Wind    : Bid  11.3¢ | Gen  118.7 kWh
[20:23:44]   Solar   : Bid   1.0¢ | Gen   21.0 kWh
[20:23:44]   Diesel  : Bid  19.5¢ | Gen   13.0 kWh
[20:23:44]   Battery : Bid  25.7¢ | Net  -10.6 kWh (Charge)
[20:23:44] ------------------------------------------------------------
[20:23:44] 
============================================================
[20:23:44] Episode 66/1000 | Steps: 24
[20:23:44] 总奖励:  -175.06 (Avg10:  -177.59)
[20:23:44] Agent奖励:
[20:23:44]   wind      :    6.883
[20:23:44]   solar     :    5.082
[20:23:44]   diesel    :   -0.842
[20:23:44]   battery   :   -0.403
[20:23:44]   customer  : -185.776
[20:23:44] Grid交易: Import=0.0 | Export=710.7
[20:23:44] ------------------------------------------------------------
[20:23:44] 📊 每日策略详情 (Avg Bid / Total Gen):
[20:23:44]   Wind    : Bid   9.0¢ | Gen   60.3 kWh
[20:23:44]   Solar   : Bid  -0.9¢ | Gen   34.5 kWh
[20:23:44]   Diesel  : Bid  20.4¢ | Gen    6.0 kWh
[20:23:44]   Battery : Bid  33.9¢ | Net   -9.0 kWh (Charge)
[20:23:44] ------------------------------------------------------------
[20:23:45] 
============================================================
[20:23:45] Episode 67/1000 | Steps: 24
[20:23:45] 总奖励:  -184.27 (Avg10:  -178.49)
[20:23:45] Agent奖励:
[20:23:45]   wind      :    6.406
[20:23:45]   solar     :    3.000
[20:23:45]   diesel    :    0.000
[20:23:45]   battery   :   -4.650
[20:23:45]   customer  : -189.022
[20:23:45] Grid交易: Import=26.3 | Export=760.0
[20:23:45] ------------------------------------------------------------
[20:23:45] 📊 每日策略详情 (Avg Bid / Total Gen):
[20:23:45]   Wind    : Bid  10.9¢ | Gen   90.3 kWh
[20:23:45]   Solar   : Bid   1.9¢ | Gen   31.9 kWh
[20:23:45]   Diesel  : Bid  18.2¢ | Gen    0.0 kWh
[20:23:45]   Battery : Bid  36.4¢ | Net  -20.9 kWh (Charge)
[20:23:45] ------------------------------------------------------------
[20:23:47] 
============================================================
[20:23:47] Episode 68/1000 | Steps: 24
[20:23:47] 总奖励:  -175.34 (Avg10:  -178.01)
[20:23:47] Agent奖励:
[20:23:47]   wind      :    8.504
[20:23:47]   solar     :    6.838
[20:23:47]   diesel    :    0.212
[20:23:47]   battery   :   -2.470
[20:23:47]   customer  : -188.429
[20:23:47] Grid交易: Import=10.4 | Export=688.6
[20:23:47] ------------------------------------------------------------
[20:23:47] 📊 每日策略详情 (Avg Bid / Total Gen):
[20:23:47]   Wind    : Bid  11.3¢ | Gen   59.3 kWh
[20:23:47]   Solar   : Bid  -1.3¢ | Gen   38.3 kWh
[20:23:47]   Diesel  : Bid  24.6¢ | Gen    8.3 kWh
[20:23:47]   Battery : Bid  39.1¢ | Net   -9.7 kWh (Charge)
[20:23:47] ------------------------------------------------------------
[20:23:48] 
============================================================
[20:23:48] Episode 69/1000 | Steps: 24
[20:23:48] 总奖励:  -169.64 (Avg10:  -177.51)
[20:23:48] Agent奖励:
[20:23:48]   wind      :   11.729
[20:23:48]   solar     :   10.393
[20:23:48]   diesel    :    1.892
[20:23:48]   battery   :   -2.918
[20:23:48]   customer  : -190.735
[20:23:48] Grid交易: Import=28.8 | Export=519.8
[20:23:48] ------------------------------------------------------------
[20:23:48] 📊 每日策略详情 (Avg Bid / Total Gen):
[20:23:48]   Wind    : Bid  11.7¢ | Gen   83.5 kWh
[20:23:48]   Solar   : Bid   0.5¢ | Gen   56.1 kWh
[20:23:48]   Diesel  : Bid  21.1¢ | Gen    9.5 kWh
[20:23:48]   Battery : Bid  37.2¢ | Net  -19.3 kWh (Charge)
[20:23:48] ------------------------------------------------------------
[20:23:48] 
============================================================
[20:23:48] Episode 70/1000 | Steps: 24
[20:23:48] 总奖励:  -169.26 (Avg10:  -177.01)
[20:23:48] Agent奖励:
[20:23:48]   wind      :   17.741
[20:23:48]   solar     :    4.849
[20:23:48]   diesel    :   -0.802
[20:23:48]   battery   :   -2.416
[20:23:48]   customer  : -188.633
[20:23:48] Grid交易: Import=67.4 | Export=529.7
[20:23:48] ------------------------------------------------------------
[20:23:48] 📊 每日策略详情 (Avg Bid / Total Gen):
[20:23:48]   Wind    : Bid  12.3¢ | Gen  115.0 kWh
[20:23:48]   Solar   : Bid  -2.6¢ | Gen   74.9 kWh
[20:23:48]   Diesel  : Bid  20.2¢ | Gen   14.9 kWh
[20:23:48]   Battery : Bid  38.8¢ | Net  -14.2 kWh (Charge)
[20:23:48] ------------------------------------------------------------
[20:23:49] 
============================================================
[20:23:49] Episode 71/1000 | Steps: 24
[20:23:49] 总奖励:  -172.87 (Avg10:  -176.52)
[20:23:49] Agent奖励:
[20:23:49]   wind      :   13.936
[20:23:49]   solar     :    6.397
[20:23:49]   diesel    :    0.199
[20:23:49]   battery   :    0.543
[20:23:49]   customer  : -193.945
[20:23:49] Grid交易: Import=49.7 | Export=684.6
[20:23:49] ------------------------------------------------------------
[20:23:49] 📊 每日策略详情 (Avg Bid / Total Gen):
[20:23:49]   Wind    : Bid  10.2¢ | Gen   92.6 kWh
[20:23:49]   Solar   : Bid  -2.1¢ | Gen   62.4 kWh
[20:23:49]   Diesel  : Bid  19.5¢ | Gen   19.2 kWh
[20:23:49]   Battery : Bid  37.8¢ | Net   -8.8 kWh (Charge)
[20:23:49] ------------------------------------------------------------
[20:23:50] 
============================================================
[20:23:50] Episode 72/1000 | Steps: 24
[20:23:50] 总奖励:  -167.92 (Avg10:  -175.15)
[20:23:50] Agent奖励:
[20:23:50]   wind      :   19.911
[20:23:50]   solar     :    5.040
[20:23:50]   diesel    :   -0.829
[20:23:50]   battery   :   -1.534
[20:23:50]   customer  : -190.506
[20:23:50] Grid交易: Import=58.6 | Export=801.1
[20:23:50] ------------------------------------------------------------
[20:23:50] 📊 每日策略详情 (Avg Bid / Total Gen):
[20:23:50]   Wind    : Bid  13.0¢ | Gen  120.8 kWh
[20:23:50]   Solar   : Bid   0.8¢ | Gen   46.6 kWh
[20:23:50]   Diesel  : Bid  21.2¢ | Gen    4.1 kWh
[20:23:50]   Battery : Bid  38.8¢ | Net  -13.8 kWh (Charge)
[20:23:50] ------------------------------------------------------------
[20:23:51] 
============================================================
[20:23:51] Episode 73/1000 | Steps: 24
[20:23:51] 总奖励:  -179.56 (Avg10:  -174.03)
[20:23:51] Agent奖励:
[20:23:51]   wind      :   13.918
[20:23:51]   solar     :    4.670
[20:23:51]   diesel    :    2.280
[20:23:51]   battery   :   -7.927
[20:23:51]   customer  : -192.505
[20:23:51] Grid交易: Import=31.8 | Export=710.8
[20:23:51] ------------------------------------------------------------
[20:23:51] 📊 每日策略详情 (Avg Bid / Total Gen):
[20:23:51]   Wind    : Bid  14.4¢ | Gen   95.9 kWh
[20:23:51]   Solar   : Bid  -5.0¢ | Gen   54.2 kWh
[20:23:51]   Diesel  : Bid  20.1¢ | Gen   23.1 kWh
[20:23:51]   Battery : Bid  39.8¢ | Net  -33.3 kWh (Charge)
[20:23:51] ------------------------------------------------------------
[20:23:52] 
============================================================
[20:23:52] Episode 74/1000 | Steps: 24
[20:23:52] 总奖励:  -176.42 (Avg10:  -174.39)
[20:23:52] Agent奖励:
[20:23:52]   wind      :   11.732
[20:23:52]   solar     :    5.545
[20:23:52]   diesel    :    0.018
[20:23:52]   battery   :   -1.341
[20:23:52]   customer  : -192.373
[20:23:52] Grid交易: Import=24.2 | Export=723.4
[20:23:52] ------------------------------------------------------------
[20:23:52] 📊 每日策略详情 (Avg Bid / Total Gen):
[20:23:52]   Wind    : Bid  16.5¢ | Gen   63.9 kWh
[20:23:52]   Solar   : Bid   0.5¢ | Gen   38.7 kWh
[20:23:52]   Diesel  : Bid  19.4¢ | Gen    0.2 kWh
[20:23:52]   Battery : Bid  39.3¢ | Net  -10.2 kWh (Charge)
[20:23:52] ------------------------------------------------------------
[20:23:53] 
============================================================
[20:23:53] Episode 75/1000 | Steps: 24
[20:23:53] 总奖励:  -184.08 (Avg10:  -175.44)
[20:23:53] Agent奖励:
[20:23:53]   wind      :   13.545
[20:23:53]   solar     :    4.749
[20:23:53]   diesel    :   -4.026
[20:23:53]   battery   :   -4.242
[20:23:53]   customer  : -194.110
[20:23:53] Grid交易: Import=35.4 | Export=725.5
[20:23:53] ------------------------------------------------------------
[20:23:53] 📊 每日策略详情 (Avg Bid / Total Gen):
[20:23:53]   Wind    : Bid  12.7¢ | Gen  111.6 kWh
[20:23:53]   Solar   : Bid   3.0¢ | Gen   26.7 kWh
[20:23:53]   Diesel  : Bid  17.6¢ | Gen   42.7 kWh
[20:23:53]   Battery : Bid  39.4¢ | Net  -28.9 kWh (Charge)
[20:23:53] ------------------------------------------------------------
[20:23:54] 
============================================================
[20:23:54] Episode 76/1000 | Steps: 24
[20:23:54] 总奖励:  -188.69 (Avg10:  -176.81)
[20:23:54] Agent奖励:
[20:23:54]   wind      :    2.488
[20:23:54]   solar     :    0.298
[20:23:54]   diesel    :   -0.079
[20:23:54]   battery   :   -1.796
[20:23:54]   customer  : -189.599
[20:23:54] Grid交易: Import=0.0 | Export=965.4
[20:23:54] ------------------------------------------------------------
[20:23:54] 📊 每日策略详情 (Avg Bid / Total Gen):
[20:23:54]   Wind    : Bid  12.6¢ | Gen   15.2 kWh
[20:23:54]   Solar   : Bid   0.6¢ | Gen   35.7 kWh
[20:23:54]   Diesel  : Bid  18.4¢ | Gen   25.4 kWh
[20:23:54]   Battery : Bid  38.7¢ | Net  -11.1 kWh (Charge)
[20:23:54] ------------------------------------------------------------
[20:23:55] 
============================================================
[20:23:55] Episode 77/1000 | Steps: 24
[20:23:55] 总奖励:  -173.20 (Avg10:  -175.70)
[20:23:55] Agent奖励:
[20:23:55]   wind      :    5.905
[20:23:55]   solar     :   11.547
[20:23:55]   diesel    :   -0.061
[20:23:55]   battery   :   -0.212
[20:23:55]   customer  : -190.377
[20:23:55] Grid交易: Import=0.0 | Export=798.3
[20:23:55] ------------------------------------------------------------
[20:23:55] 📊 每日策略详情 (Avg Bid / Total Gen):
[20:23:55]   Wind    : Bid  14.1¢ | Gen   44.2 kWh
[20:23:55]   Solar   : Bid   0.4¢ | Gen   50.0 kWh
[20:23:55]   Diesel  : Bid  21.8¢ | Gen    0.6 kWh
[20:23:55]   Battery : Bid  39.1¢ | Net   -4.2 kWh (Charge)
[20:23:55] ------------------------------------------------------------
[20:23:56] 
============================================================
[20:23:56] Episode 78/1000 | Steps: 24
[20:23:56] 总奖励:  -163.62 (Avg10:  -174.53)
[20:23:56] Agent奖励:
[20:23:56]   wind      :   21.114
[20:23:56]   solar     :   10.457
[20:23:56]   diesel    :    1.764
[20:23:56]   battery   :   -1.758
[20:23:56]   customer  : -195.196
[20:23:56] Grid交易: Import=85.1 | Export=725.8
[20:23:56] ------------------------------------------------------------
[20:23:56] 📊 每日策略详情 (Avg Bid / Total Gen):
[20:23:56]   Wind    : Bid  10.6¢ | Gen  141.2 kWh
[20:23:56]   Solar   : Bid  -1.4¢ | Gen   56.3 kWh
[20:23:56]   Diesel  : Bid  18.2¢ | Gen   19.1 kWh
[20:23:56]   Battery : Bid  41.7¢ | Net   -9.6 kWh (Charge)
[20:23:56] ------------------------------------------------------------
[20:23:57] 
============================================================
[20:23:57] Episode 79/1000 | Steps: 24
[20:23:57] 总奖励:  -193.44 (Avg10:  -176.91)
[20:23:57] Agent奖励:
[20:23:57]   wind      :    5.052
[20:23:57]   solar     :    1.417
[20:23:57]   diesel    :   -4.301
[20:23:57]   battery   :   -0.579
[20:23:57]   customer  : -195.026
[20:23:57] Grid交易: Import=59.6 | Export=862.0
[20:23:57] ------------------------------------------------------------
[20:23:57] 📊 每日策略详情 (Avg Bid / Total Gen):
[20:23:57]   Wind    : Bid  12.3¢ | Gen   42.3 kWh
[20:23:57]   Solar   : Bid   1.4¢ | Gen    9.9 kWh
[20:23:57]   Diesel  : Bid  17.3¢ | Gen   21.5 kWh
[20:23:57]   Battery : Bid  39.4¢ | Net   -3.4 kWh (Charge)
[20:23:57] ------------------------------------------------------------
[20:23:58] 
============================================================
[20:23:58] Episode 80/1000 | Steps: 24
[20:23:58] 总奖励:  -176.67 (Avg10:  -177.65)
[20:23:58] Agent奖励:
[20:23:58]   wind      :   16.513
[20:23:58]   solar     :    1.798
[20:23:58]   diesel    :   -1.056
[20:23:58]   battery   :    0.746
[20:23:58]   customer  : -194.673
[20:23:58] Grid交易: Import=56.1 | Export=841.6
[20:23:58] ------------------------------------------------------------
[20:23:58] 📊 每日策略详情 (Avg Bid / Total Gen):
[20:23:58]   Wind    : Bid  10.3¢ | Gen   98.1 kWh
[20:23:58]   Solar   : Bid   1.3¢ | Gen   33.6 kWh
[20:23:58]   Diesel  : Bid  20.5¢ | Gen   23.4 kWh
[20:23:58]   Battery : Bid  39.9¢ | Net  -10.1 kWh (Charge)
[20:23:58] ------------------------------------------------------------
[20:23:58] 
📊 生成图表...
[20:23:58]   ✓ debug_plots/training_status_ep0080.png
[20:23:58]   ✓ debug_plots/grid_status_ep0080.png
[20:23:59] 
============================================================
[20:23:59] Episode 81/1000 | Steps: 24
[20:23:59] 总奖励:  -179.77 (Avg10:  -178.34)
[20:23:59] Agent奖励:
[20:23:59]   wind      :   11.329
[20:23:59]   solar     :    4.355
[20:23:59]   diesel    :    0.415
[20:23:59]   battery   :   -0.112
[20:23:59]   customer  : -195.757
[20:23:59] Grid交易: Import=23.1 | Export=589.0
[20:23:59] ------------------------------------------------------------
[20:23:59] 📊 每日策略详情 (Avg Bid / Total Gen):
[20:23:59]   Wind    : Bid  13.8¢ | Gen   43.4 kWh
[20:23:59]   Solar   : Bid   0.3¢ | Gen   55.3 kWh
[20:23:59]   Diesel  : Bid  19.3¢ | Gen   30.0 kWh
[20:23:59]   Battery : Bid  39.8¢ | Net   -7.8 kWh (Charge)
[20:23:59] ------------------------------------------------------------
[20:24:00] 
============================================================
[20:24:00] Episode 82/1000 | Steps: 24
[20:24:00] 总奖励:  -175.99 (Avg10:  -179.14)
[20:24:00] Agent奖励:
[20:24:00]   wind      :    9.873
[20:24:00]   solar     :    7.763
[20:24:00]   diesel    :    0.132
[20:24:00]   battery   :   -0.680
[20:24:00]   customer  : -193.074
[20:24:00] Grid交易: Import=2.6 | Export=846.6
[20:24:00] ------------------------------------------------------------
[20:24:00] 📊 每日策略详情 (Avg Bid / Total Gen):
[20:24:00]   Wind    : Bid  11.9¢ | Gen   52.9 kWh
[20:24:00]   Solar   : Bid   3.4¢ | Gen   41.6 kWh
[20:24:00]   Diesel  : Bid  19.9¢ | Gen   15.3 kWh
[20:24:00]   Battery : Bid  41.4¢ | Net    2.4 kWh (Dischg)
[20:24:00] ------------------------------------------------------------
[20:24:01] 
============================================================
[20:24:01] Episode 83/1000 | Steps: 24
[20:24:01] 总奖励:  -177.34 (Avg10:  -178.92)
[20:24:01] Agent奖励:
[20:24:01]   wind      :    5.907
[20:24:01]   solar     :    2.537
[20:24:01]   diesel    :    1.386
[20:24:01]   battery   :   -1.236
[20:24:01]   customer  : -185.936
[20:24:01] Grid交易: Import=18.9 | Export=823.0
[20:24:01] ------------------------------------------------------------
[20:24:01] 📊 每日策略详情 (Avg Bid / Total Gen):
[20:24:01]   Wind    : Bid  12.3¢ | Gen   65.0 kWh
[20:24:01]   Solar   : Bid  -0.1¢ | Gen   64.8 kWh
[20:24:01]   Diesel  : Bid  19.2¢ | Gen   11.1 kWh
[20:24:01]   Battery : Bid  36.8¢ | Net  -20.3 kWh (Charge)
[20:24:01] ------------------------------------------------------------
[20:24:02] 
============================================================
[20:24:02] Episode 84/1000 | Steps: 24
[20:24:02] 总奖励:  -182.16 (Avg10:  -179.49)
[20:24:02] Agent奖励:
[20:24:02]   wind      :   10.401
[20:24:02]   solar     :    2.221
[20:24:02]   diesel    :   -1.188
[20:24:02]   battery   :   -0.723
[20:24:02]   customer  : -192.868
[20:24:02] Grid交易: Import=34.1 | Export=905.3
[20:24:02] ------------------------------------------------------------
[20:24:02] 📊 每日策略详情 (Avg Bid / Total Gen):
[20:24:02]   Wind    : Bid  13.3¢ | Gen   72.1 kWh
[20:24:02]   Solar   : Bid  -1.1¢ | Gen   15.1 kWh
[20:24:02]   Diesel  : Bid  18.1¢ | Gen   12.5 kWh
[20:24:02]   Battery : Bid  39.0¢ | Net  -11.0 kWh (Charge)
[20:24:02] ------------------------------------------------------------
[20:24:03] 
============================================================
[20:24:03] Episode 85/1000 | Steps: 24
[20:24:03] 总奖励:  -180.32 (Avg10:  -179.12)
[20:24:03] Agent奖励:
[20:24:03]   wind      :   11.039
[20:24:03]   solar     :    4.537
[20:24:03]   diesel    :   -0.225
[20:24:03]   battery   :   -3.778
[20:24:03]   customer  : -191.889
[20:24:03] Grid交易: Import=58.7 | Export=828.9
[20:24:03] ------------------------------------------------------------
[20:24:03] 📊 每日策略详情 (Avg Bid / Total Gen):
[20:24:03]   Wind    : Bid  10.7¢ | Gen   89.4 kWh
[20:24:03]   Solar   : Bid   1.2¢ | Gen   40.7 kWh
[20:24:03]   Diesel  : Bid  18.9¢ | Gen    2.5 kWh
[20:24:03]   Battery : Bid  41.2¢ | Net  -25.6 kWh (Charge)
[20:24:03] ------------------------------------------------------------
[20:24:04] 
============================================================
[20:24:04] Episode 86/1000 | Steps: 24
[20:24:04] 总奖励:  -192.36 (Avg10:  -179.49)
[20:24:04] Agent奖励:
[20:24:04]   wind      :    1.752
[20:24:04]   solar     :    0.914
[20:24:04]   diesel    :    0.000
[20:24:04]   battery   :   -5.850
[20:24:04]   customer  : -189.178
[20:24:04] Grid交易: Import=0.0 | Export=697.1
[20:24:04] ------------------------------------------------------------
[20:24:04] 📊 每日策略详情 (Avg Bid / Total Gen):
[20:24:04]   Wind    : Bid  11.8¢ | Gen   59.5 kWh
[20:24:04]   Solar   : Bid  -2.1¢ | Gen   35.1 kWh
[20:24:04]   Diesel  : Bid  21.1¢ | Gen    0.0 kWh
[20:24:04]   Battery : Bid  42.4¢ | Net  -36.0 kWh (Charge)
[20:24:04] ------------------------------------------------------------
[20:24:06] 
============================================================
[20:24:06] Episode 87/1000 | Steps: 24
[20:24:06] 总奖励:  -186.07 (Avg10:  -180.77)
[20:24:06] Agent奖励:
[20:24:06]   wind      :    3.274
[20:24:06]   solar     :    3.804
[20:24:06]   diesel    :   -1.073
[20:24:06]   battery   :   -1.792
[20:24:06]   customer  : -190.280
[20:24:06] Grid交易: Import=0.0 | Export=916.0
[20:24:06] ------------------------------------------------------------
[20:24:06] 📊 每日策略详情 (Avg Bid / Total Gen):
[20:24:06]   Wind    : Bid  13.3¢ | Gen   31.1 kWh
[20:24:06]   Solar   : Bid  -1.2¢ | Gen   39.6 kWh
[20:24:06]   Diesel  : Bid  20.0¢ | Gen   12.1 kWh
[20:24:06]   Battery : Bid  40.9¢ | Net  -19.5 kWh (Charge)
[20:24:06] ------------------------------------------------------------
[20:24:07] 
============================================================
[20:24:07] Episode 88/1000 | Steps: 24
[20:24:07] 总奖励:  -192.51 (Avg10:  -183.66)
[20:24:07] Agent奖励:
[20:24:07]   wind      :    1.523
[20:24:07]   solar     :    3.053
[20:24:07]   diesel    :    0.000
[20:24:07]   battery   :   -2.103
[20:24:07]   customer  : -194.988
[20:24:07] Grid交易: Import=0.0 | Export=957.7
[20:24:07] ------------------------------------------------------------
[20:24:07] 📊 每日策略详情 (Avg Bid / Total Gen):
[20:24:07]   Wind    : Bid  12.9¢ | Gen    8.5 kWh
[20:24:07]   Solar   : Bid   1.5¢ | Gen   34.3 kWh
[20:24:07]   Diesel  : Bid  22.3¢ | Gen    0.0 kWh
[20:24:07]   Battery : Bid  40.9¢ | Net  -11.6 kWh (Charge)
[20:24:07] ------------------------------------------------------------
[20:24:08] 
============================================================
[20:24:08] Episode 89/1000 | Steps: 24
[20:24:08] 总奖励:  -181.82 (Avg10:  -182.50)
[20:24:08] Agent奖励:
[20:24:08]   wind      :   15.276
[20:24:08]   solar     :   17.122
[20:24:08]   diesel    :    6.808
[20:24:08]   battery   :  -13.033
[20:24:08]   customer  : -207.992
[20:24:08] Grid交易: Import=44.4 | Export=646.8
[20:24:08] ------------------------------------------------------------
[20:24:08] 📊 每日策略详情 (Avg Bid / Total Gen):
[20:24:08]   Wind    : Bid  13.3¢ | Gen   71.9 kWh
[20:24:08]   Solar   : Bid  -1.1¢ | Gen   64.6 kWh
[20:24:08]   Diesel  : Bid  20.1¢ | Gen   33.3 kWh
[20:24:08]   Battery : Bid  38.5¢ | Net  -51.5 kWh (Charge)
[20:24:08] ------------------------------------------------------------
[20:24:09] 
============================================================
[20:24:09] Episode 90/1000 | Steps: 24
[20:24:09] 总奖励:  -186.68 (Avg10:  -183.50)
[20:24:09] Agent奖励:
[20:24:09]   wind      :    6.553
[20:24:09]   solar     :    3.209
[20:24:09]   diesel    :   -0.693
[20:24:09]   battery   :   -1.404
[20:24:09]   customer  : -194.349
[20:24:09] Grid交易: Import=25.2 | Export=901.1
[20:24:09] ------------------------------------------------------------
[20:24:09] 📊 每日策略详情 (Avg Bid / Total Gen):
[20:24:09]   Wind    : Bid  10.3¢ | Gen   44.7 kWh
[20:24:09]   Solar   : Bid  -0.1¢ | Gen   14.7 kWh
[20:24:09]   Diesel  : Bid  22.8¢ | Gen    8.9 kWh
[20:24:09]   Battery : Bid  39.4¢ | Net   -7.2 kWh (Charge)
[20:24:09] ------------------------------------------------------------
[20:24:10] 
============================================================
[20:24:10] Episode 91/1000 | Steps: 24
[20:24:10] 总奖励:  -188.28 (Avg10:  -184.35)
[20:24:10] Agent奖励:
[20:24:10]   wind      :    5.042
[20:24:10]   solar     :    2.370
[20:24:10]   diesel    :   -0.485
[20:24:10]   battery   :   -3.389
[20:24:10]   customer  : -191.817
[20:24:10] Grid交易: Import=32.3 | Export=886.1
[20:24:10] ------------------------------------------------------------
[20:24:10] 📊 每日策略详情 (Avg Bid / Total Gen):
[20:24:10]   Wind    : Bid  12.1¢ | Gen   38.5 kWh
[20:24:10]   Solar   : Bid  -2.0¢ | Gen   43.5 kWh
[20:24:10]   Diesel  : Bid  17.2¢ | Gen   13.6 kWh
[20:24:10]   Battery : Bid  42.1¢ | Net  -20.3 kWh (Charge)
[20:24:10] ------------------------------------------------------------
[20:24:12] 
============================================================
[20:24:12] Episode 92/1000 | Steps: 24
[20:24:12] 总奖励:  -173.01 (Avg10:  -184.05)
[20:24:12] Agent奖励:
[20:24:12]   wind      :    6.874
[20:24:12]   solar     :    6.588
[20:24:12]   diesel    :   -0.238
[20:24:12]   battery   :   -0.724
[20:24:12]   customer  : -185.506
[20:24:12] Grid交易: Import=7.8 | Export=818.2
[20:24:12] ------------------------------------------------------------
[20:24:12] 📊 每日策略详情 (Avg Bid / Total Gen):
[20:24:12]   Wind    : Bid  11.3¢ | Gen   61.3 kWh
[20:24:12]   Solar   : Bid  -5.2¢ | Gen   45.2 kWh
[20:24:12]   Diesel  : Bid  19.7¢ | Gen   36.9 kWh
[20:24:12]   Battery : Bid  40.7¢ | Net  -14.2 kWh (Charge)
[20:24:12] ------------------------------------------------------------
[20:24:13] 
============================================================
[20:24:13] Episode 93/1000 | Steps: 24
[20:24:13] 总奖励:  -178.52 (Avg10:  -184.17)
[20:24:13] Agent奖励:
[20:24:13]   wind      :    9.167
[20:24:13]   solar     :    2.915
[20:24:13]   diesel    :    1.620
[20:24:13]   battery   :   -1.290
[20:24:13]   customer  : -190.931
[20:24:13] Grid交易: Import=49.7 | Export=960.3
[20:24:13] ------------------------------------------------------------
[20:24:13] 📊 每日策略详情 (Avg Bid / Total Gen):
[20:24:13]   Wind    : Bid   9.9¢ | Gen   78.4 kWh
[20:24:13]   Solar   : Bid  -5.3¢ | Gen   34.4 kWh
[20:24:13]   Diesel  : Bid  20.8¢ | Gen   17.1 kWh
[20:24:13]   Battery : Bid  39.0¢ | Net  -21.5 kWh (Charge)
[20:24:13] ------------------------------------------------------------
[20:24:14] 
============================================================
[20:24:14] Episode 94/1000 | Steps: 24
[20:24:14] 总奖励:  -171.62 (Avg10:  -183.12)
[20:24:14] Agent奖励:
[20:24:14]   wind      :    9.897
[20:24:14]   solar     :    7.093
[20:24:14]   diesel    :    0.432
[20:24:14]   battery   :   -2.858
[20:24:14]   customer  : -186.181
[20:24:14] Grid交易: Import=12.7 | Export=803.5
[20:24:14] ------------------------------------------------------------
[20:24:14] 📊 每日策略详情 (Avg Bid / Total Gen):
[20:24:14]   Wind    : Bid  11.9¢ | Gen   87.9 kWh
[20:24:14]   Solar   : Bid  -8.9¢ | Gen   43.9 kWh
[20:24:14]   Diesel  : Bid  21.3¢ | Gen    2.3 kWh
[20:24:14]   Battery : Bid  40.2¢ | Net   -4.8 kWh (Charge)
[20:24:14] ------------------------------------------------------------
[20:24:15] 
============================================================
[20:24:15] Episode 95/1000 | Steps: 24
[20:24:15] 总奖励:  -185.43 (Avg10:  -183.63)
[20:24:15] Agent奖励:
[20:24:15]   wind      :    6.160
[20:24:15]   solar     :    3.250
[20:24:15]   diesel    :   -5.339
[20:24:15]   battery   :   -1.122
[20:24:15]   customer  : -188.381
[20:24:15] Grid交易: Import=15.0 | Export=847.8
[20:24:15] ------------------------------------------------------------
[20:24:15] 📊 每日策略详情 (Avg Bid / Total Gen):
[20:24:15]   Wind    : Bid  15.6¢ | Gen   58.8 kWh
[20:24:15]   Solar   : Bid  -6.4¢ | Gen   59.6 kWh
[20:24:15]   Diesel  : Bid  20.2¢ | Gen   48.5 kWh
[20:24:15]   Battery : Bid  39.4¢ | Net  -29.2 kWh (Charge)
[20:24:15] ------------------------------------------------------------
[20:24:16] 
============================================================
[20:24:16] Episode 96/1000 | Steps: 24
[20:24:16] 总奖励:  -169.10 (Avg10:  -181.30)
[20:24:16] Agent奖励:
[20:24:16]   wind      :   23.571
[20:24:16]   solar     :    5.756
[20:24:16]   diesel    :   -0.257
[20:24:16]   battery   :   -6.474
[20:24:16]   customer  : -191.698
[20:24:16] Grid交易: Import=39.5 | Export=710.5
[20:24:16] ------------------------------------------------------------
[20:24:16] 📊 每日策略详情 (Avg Bid / Total Gen):
[20:24:16]   Wind    : Bid  13.8¢ | Gen  122.6 kWh
[20:24:16]   Solar   : Bid  -7.9¢ | Gen   44.0 kWh
[20:24:16]   Diesel  : Bid  19.3¢ | Gen    9.0 kWh
[20:24:16]   Battery : Bid  43.0¢ | Net  -36.0 kWh (Charge)
[20:24:16] ------------------------------------------------------------
[20:24:17] 
============================================================
[20:24:17] Episode 97/1000 | Steps: 24
[20:24:17] 总奖励:  -177.62 (Avg10:  -180.46)
[20:24:17] Agent奖励:
[20:24:17]   wind      :    9.936
[20:24:17]   solar     :    2.617
[20:24:17]   diesel    :   -0.475
[20:24:17]   battery   :   -2.382
[20:24:17]   customer  : -187.312
[20:24:17] Grid交易: Import=5.2 | Export=879.8
[20:24:17] ------------------------------------------------------------
[20:24:17] 📊 每日策略详情 (Avg Bid / Total Gen):
[20:24:17]   Wind    : Bid  12.5¢ | Gen   78.9 kWh
[20:24:17]   Solar   : Bid  -3.9¢ | Gen   34.6 kWh
[20:24:17]   Diesel  : Bid  18.9¢ | Gen   13.1 kWh
[20:24:17]   Battery : Bid  40.8¢ | Net  -27.3 kWh (Charge)
[20:24:17] ------------------------------------------------------------
[20:24:18] 
============================================================
[20:24:18] Episode 98/1000 | Steps: 24
[20:24:18] 总奖励:  -165.79 (Avg10:  -177.79)
[20:24:18] Agent奖励:
[20:24:18]   wind      :   19.046
[20:24:18]   solar     :   13.588
[20:24:18]   diesel    :    2.501
[20:24:18]   battery   :   -4.606
[20:24:18]   customer  : -196.322
[20:24:18] Grid交易: Import=11.8 | Export=800.3
[20:24:18] ------------------------------------------------------------
[20:24:18] 📊 每日策略详情 (Avg Bid / Total Gen):
[20:24:18]   Wind    : Bid  11.2¢ | Gen  125.3 kWh
[20:24:18]   Solar   : Bid  -9.1¢ | Gen   71.5 kWh
[20:24:18]   Diesel  : Bid  22.7¢ | Gen   21.5 kWh
[20:24:18]   Battery : Bid  41.0¢ | Net  -21.4 kWh (Charge)
[20:24:18] ------------------------------------------------------------
[20:24:18] 
============================================================
[20:24:18] Episode 99/1000 | Steps: 24
[20:24:18] 总奖励:  -170.70 (Avg10:  -176.67)
[20:24:18] Agent奖励:
[20:24:18]   wind      :    8.043
[20:24:18]   solar     :    6.534
[20:24:18]   diesel    :   -0.132
[20:24:18]   battery   :   -3.439
[20:24:18]   customer  : -181.702
[20:24:18] Grid交易: Import=20.0 | Export=875.5
[20:24:18] ------------------------------------------------------------
[20:24:18] 📊 每日策略详情 (Avg Bid / Total Gen):
[20:24:18]   Wind    : Bid  11.1¢ | Gen  108.6 kWh
[20:24:18]   Solar   : Bid  -6.6¢ | Gen   36.9 kWh
[20:24:18]   Diesel  : Bid  22.1¢ | Gen    5.6 kWh
[20:24:18]   Battery : Bid  40.1¢ | Net  -19.3 kWh (Charge)
[20:24:18] ------------------------------------------------------------
[20:24:19] 
============================================================
[20:24:19] Episode 100/1000 | Steps: 24
[20:24:19] 总奖励:  -182.64 (Avg10:  -176.27)
[20:24:19] Agent奖励:
[20:24:19]   wind      :    5.802
[20:24:19]   solar     :    3.037
[20:24:19]   diesel    :    0.113
[20:24:19]   battery   :   -2.462
[20:24:19]   customer  : -189.129
[20:24:19] Grid交易: Import=5.8 | Export=980.2
[20:24:19] ------------------------------------------------------------
[20:24:19] 📊 每日策略详情 (Avg Bid / Total Gen):
[20:24:19]   Wind    : Bid  12.8¢ | Gen   53.4 kWh
[20:24:19]   Solar   : Bid  -2.7¢ | Gen   49.5 kWh
[20:24:19]   Diesel  : Bid  21.3¢ | Gen    6.4 kWh
[20:24:19]   Battery : Bid  39.5¢ | Net  -32.4 kWh (Charge)
[20:24:19] ------------------------------------------------------------
[20:24:19] 
📊 生成图表...
[20:24:20]   ✓ debug_plots/training_status_ep0100.png
[20:24:20]   ✓ debug_plots/grid_status_ep0100.png
[20:24:20] 💾 Checkpoint saved: debug_checkpoints/debug_maddpg_20251203_202244_ep100.pt
[20:24:21] 
============================================================
[20:24:21] Episode 101/1000 | Steps: 24
[20:24:21] 总奖励:  -173.37 (Avg10:  -174.78)
[20:24:21] Agent奖励:
[20:24:21]   wind      :    7.570
[20:24:21]   solar     :    7.450
[20:24:21]   diesel    :   -0.049
[20:24:21]   battery   :    0.118
[20:24:21]   customer  : -188.461
[20:24:21] Grid交易: Import=11.8 | Export=975.1
[20:24:21] ------------------------------------------------------------
[20:24:21] 📊 每日策略详情 (Avg Bid / Total Gen):
[20:24:21]   Wind    : Bid  12.8¢ | Gen   61.8 kWh
[20:24:21]   Solar   : Bid  -5.1¢ | Gen   61.7 kWh
[20:24:21]   Diesel  : Bid  23.1¢ | Gen    5.2 kWh
[20:24:21]   Battery : Bid  40.7¢ | Net   -3.4 kWh (Charge)
[20:24:21] ------------------------------------------------------------
[20:24:22] 
============================================================
[20:24:22] Episode 102/1000 | Steps: 24
[20:24:22] 总奖励:  -171.82 (Avg10:  -174.66)
[20:24:22] Agent奖励:
[20:24:22]   wind      :    9.073
[20:24:22]   solar     :    3.283
[20:24:22]   diesel    :   -0.501
[20:24:22]   battery   :    0.000
[20:24:22]   customer  : -183.676
[20:24:22] Grid交易: Import=0.1 | Export=958.5
[20:24:22] ------------------------------------------------------------
[20:24:22] 📊 每日策略详情 (Avg Bid / Total Gen):
[20:24:22]   Wind    : Bid  12.9¢ | Gen   91.0 kWh
[20:24:22]   Solar   : Bid  -2.8¢ | Gen   43.1 kWh
[20:24:22]   Diesel  : Bid  18.2¢ | Gen   19.3 kWh
[20:24:22]   Battery : Bid  40.2¢ | Net    0.0 kWh (Idle)
[20:24:22] ------------------------------------------------------------
[20:24:23] 
============================================================
[20:24:23] Episode 103/1000 | Steps: 24
[20:24:23] 总奖励:  -179.25 (Avg10:  -174.73)
[20:24:23] Agent奖励:
[20:24:23]   wind      :    5.951
[20:24:23]   solar     :    5.304
[20:24:23]   diesel    :    0.247
[20:24:23]   battery   :   -1.096
[20:24:23]   customer  : -189.655
[20:24:23] Grid交易: Import=4.2 | Export=992.2
[20:24:23] ------------------------------------------------------------
[20:24:23] 📊 每日策略详情 (Avg Bid / Total Gen):
[20:24:23]   Wind    : Bid   9.9¢ | Gen   49.1 kWh
[20:24:23]   Solar   : Bid  -0.5¢ | Gen   29.1 kWh
[20:24:23]   Diesel  : Bid  19.4¢ | Gen   24.3 kWh
[20:24:23]   Battery : Bid  39.9¢ | Net   -8.4 kWh (Charge)
[20:24:23] ------------------------------------------------------------
[20:24:24] 
============================================================
[20:24:24] Episode 104/1000 | Steps: 24
[20:24:24] 总奖励:  -181.74 (Avg10:  -175.75)
[20:24:24] Agent奖励:
[20:24:24]   wind      :    6.076
[20:24:24]   solar     :    3.886
[20:24:24]   diesel    :    1.504
[20:24:24]   battery   :   -2.946
[20:24:24]   customer  : -190.262
[20:24:24] Grid交易: Import=3.3 | Export=890.7
[20:24:24] ------------------------------------------------------------
[20:24:24] 📊 每日策略详情 (Avg Bid / Total Gen):
[20:24:24]   Wind    : Bid  14.7¢ | Gen   45.8 kWh
[20:24:24]   Solar   : Bid  -6.4¢ | Gen   33.0 kWh
[20:24:24]   Diesel  : Bid  20.9¢ | Gen   15.5 kWh
[20:24:24]   Battery : Bid  41.9¢ | Net  -14.3 kWh (Charge)
[20:24:24] ------------------------------------------------------------
[20:24:26] 
============================================================
[20:24:26] Episode 105/1000 | Steps: 24
[20:24:26] 总奖励:  -182.19 (Avg10:  -175.42)
[20:24:26] Agent奖励:
[20:24:26]   wind      :    4.221
[20:24:26]   solar     :    4.244
[20:24:26]   diesel    :    0.227
[20:24:26]   battery   :   -0.923
[20:24:26]   customer  : -189.955
[20:24:26] Grid交易: Import=4.4 | Export=913.1
[20:24:26] ------------------------------------------------------------
[20:24:26] 📊 每日策略详情 (Avg Bid / Total Gen):
[20:24:26]   Wind    : Bid  12.9¢ | Gen   48.8 kWh
[20:24:26]   Solar   : Bid  -1.0¢ | Gen   42.7 kWh
[20:24:26]   Diesel  : Bid  20.5¢ | Gen   20.8 kWh
[20:24:26]   Battery : Bid  40.8¢ | Net   -8.2 kWh (Charge)
[20:24:26] ------------------------------------------------------------
[20:24:27] 
============================================================
[20:24:27] Episode 106/1000 | Steps: 24
[20:24:27] 总奖励:  -184.23 (Avg10:  -176.93)
[20:24:27] Agent奖励:
[20:24:27]   wind      :    8.342
[20:24:27]   solar     :    7.022
[20:24:27]   diesel    :   -0.735
[20:24:27]   battery   :   -2.603
[20:24:27]   customer  : -196.255
[20:24:27] Grid交易: Import=4.0 | Export=1013.1
[20:24:27] ------------------------------------------------------------
[20:24:27] 📊 每日策略详情 (Avg Bid / Total Gen):
[20:24:27]   Wind    : Bid  12.3¢ | Gen   50.4 kWh
[20:24:27]   Solar   : Bid  -2.7¢ | Gen   34.1 kWh
[20:24:27]   Diesel  : Bid  20.9¢ | Gen   10.2 kWh
[20:24:27]   Battery : Bid  40.4¢ | Net  -16.1 kWh (Charge)
[20:24:27] ------------------------------------------------------------
[20:24:28] 
============================================================
[20:24:28] Episode 107/1000 | Steps: 24
[20:24:28] 总奖励:  -183.17 (Avg10:  -177.49)
[20:24:28] Agent奖励:
[20:24:28]   wind      :    5.304
[20:24:28]   solar     :    0.559
[20:24:28]   diesel    :   -0.685
[20:24:28]   battery   :   -0.403
[20:24:28]   customer  : -187.942
[20:24:28] Grid交易: Import=9.1 | Export=911.8
[20:24:28] ------------------------------------------------------------
[20:24:28] 📊 每日策略详情 (Avg Bid / Total Gen):
[20:24:28]   Wind    : Bid  15.8¢ | Gen   33.8 kWh
[20:24:28]   Solar   : Bid  -2.7¢ | Gen   16.5 kWh
[20:24:28]   Diesel  : Bid  20.1¢ | Gen   11.8 kWh
[20:24:28]   Battery : Bid  40.5¢ | Net  -14.7 kWh (Charge)
[20:24:28] ------------------------------------------------------------
[20:24:29] 
============================================================
[20:24:29] Episode 108/1000 | Steps: 24
[20:24:29] 总奖励:  -174.20 (Avg10:  -178.33)
[20:24:29] Agent奖励:
[20:24:29]   wind      :    3.363
[20:24:29]   solar     :    3.980
[20:24:29]   diesel    :    0.000
[20:24:29]   battery   :   -0.691
[20:24:29]   customer  : -180.849
[20:24:29] Grid交易: Import=0.0 | Export=952.6
[20:24:29] ------------------------------------------------------------
[20:24:29] 📊 每日策略详情 (Avg Bid / Total Gen):
[20:24:29]   Wind    : Bid  10.1¢ | Gen   62.1 kWh
[20:24:29]   Solar   : Bid   0.6¢ | Gen   24.2 kWh
[20:24:29]   Diesel  : Bid  20.4¢ | Gen    0.0 kWh
[20:24:29]   Battery : Bid  41.8¢ | Net  -10.1 kWh (Charge)
[20:24:29] ------------------------------------------------------------
[20:24:30] 
============================================================
[20:24:30] Episode 109/1000 | Steps: 24
[20:24:30] 总奖励:  -169.28 (Avg10:  -178.19)
[20:24:30] Agent奖励:
[20:24:30]   wind      :   13.575
[20:24:30]   solar     :    4.862
[20:24:30]   diesel    :    0.000
[20:24:30]   battery   :   -0.089
[20:24:30]   customer  : -187.623
[20:24:30] Grid交易: Import=26.3 | Export=1058.3
[20:24:30] ------------------------------------------------------------
[20:24:30] 📊 每日策略详情 (Avg Bid / Total Gen):
[20:24:30]   Wind    : Bid  13.7¢ | Gen   85.5 kWh
[20:24:30]   Solar   : Bid  -3.3¢ | Gen   37.8 kWh
[20:24:30]   Diesel  : Bid  19.8¢ | Gen    0.0 kWh
[20:24:30]   Battery : Bid  40.6¢ | Net   -9.5 kWh (Charge)
[20:24:30] ------------------------------------------------------------
[20:24:31] 
============================================================
[20:24:31] Episode 110/1000 | Steps: 24
[20:24:31] 总奖励:  -176.75 (Avg10:  -177.60)
[20:24:31] Agent奖励:
[20:24:31]   wind      :   12.412
[20:24:31]   solar     :    4.774
[20:24:31]   diesel    :    0.447
[20:24:31]   battery   :   -3.522
[20:24:31]   customer  : -190.859
[20:24:31] Grid交易: Import=45.9 | Export=932.3
[20:24:31] ------------------------------------------------------------
[20:24:31] 📊 每日策略详情 (Avg Bid / Total Gen):
[20:24:31]   Wind    : Bid  13.4¢ | Gen  108.3 kWh
[20:24:31]   Solar   : Bid  -4.9¢ | Gen   36.1 kWh
[20:24:31]   Diesel  : Bid  23.5¢ | Gen   11.3 kWh
[20:24:31]   Battery : Bid  41.5¢ | Net  -34.6 kWh (Charge)
[20:24:31] ------------------------------------------------------------
[20:24:32] 
============================================================
[20:24:32] Episode 111/1000 | Steps: 24
[20:24:32] 总奖励:  -185.05 (Avg10:  -178.77)
[20:24:32] Agent奖励:
[20:24:32]   wind      :    4.269
[20:24:32]   solar     :    1.983
[20:24:32]   diesel    :   -0.232
[20:24:32]   battery   :   -0.084
[20:24:32]   customer  : -190.982
[20:24:32] Grid交易: Import=21.1 | Export=897.4
[20:24:32] ------------------------------------------------------------
[20:24:32] 📊 每日策略详情 (Avg Bid / Total Gen):
[20:24:32]   Wind    : Bid   9.4¢ | Gen   35.9 kWh
[20:24:32]   Solar   : Bid   0.5¢ | Gen   16.7 kWh
[20:24:32]   Diesel  : Bid  18.8¢ | Gen    7.1 kWh
[20:24:32]   Battery : Bid  41.3¢ | Net   -0.9 kWh (Charge)
[20:24:32] ------------------------------------------------------------
[20:24:33] 
============================================================
[20:24:33] Episode 112/1000 | Steps: 24
[20:24:33] 总奖励:  -171.21 (Avg10:  -178.70)
[20:24:33] Agent奖励:
[20:24:33]   wind      :   14.405
[20:24:33]   solar     :    3.167
[20:24:33]   diesel    :   -0.214
[20:24:33]   battery   :   -1.462
[20:24:33]   customer  : -187.105
[20:24:33] Grid交易: Import=4.0 | Export=959.3
[20:24:33] ------------------------------------------------------------
[20:24:33] 📊 每日策略详情 (Avg Bid / Total Gen):
[20:24:33]   Wind    : Bid  11.9¢ | Gen   87.6 kWh
[20:24:33]   Solar   : Bid  -4.5¢ | Gen   28.0 kWh
[20:24:33]   Diesel  : Bid  19.3¢ | Gen   14.5 kWh
[20:24:33]   Battery : Bid  41.8¢ | Net  -11.1 kWh (Charge)
[20:24:33] ------------------------------------------------------------
[20:24:34] 
============================================================
[20:24:34] Episode 113/1000 | Steps: 24
[20:24:34] 总奖励:  -175.03 (Avg10:  -178.28)
[20:24:34] Agent奖励:
[20:24:34]   wind      :    8.008
[20:24:34]   solar     :    3.988
[20:24:34]   diesel    :    0.451
[20:24:34]   battery   :   -2.123
[20:24:34]   customer  : -185.357
[20:24:34] Grid交易: Import=8.4 | Export=1052.6
[20:24:34] ------------------------------------------------------------
[20:24:34] 📊 每日策略详情 (Avg Bid / Total Gen):
[20:24:34]   Wind    : Bid  12.3¢ | Gen   93.7 kWh
[20:24:34]   Solar   : Bid  -1.1¢ | Gen   56.5 kWh
[20:24:34]   Diesel  : Bid  16.8¢ | Gen   34.4 kWh
[20:24:34]   Battery : Bid  41.4¢ | Net  -25.2 kWh (Charge)
[20:24:34] ------------------------------------------------------------
[20:24:35] 
============================================================
[20:24:35] Episode 114/1000 | Steps: 24
[20:24:35] 总奖励:  -182.07 (Avg10:  -178.32)
[20:24:35] Agent奖励:
[20:24:35]   wind      :    7.178
[20:24:35]   solar     :    5.329
[20:24:35]   diesel    :    0.713
[20:24:35]   battery   :   -5.247
[20:24:35]   customer  : -190.041
[20:24:35] Grid交易: Import=12.9 | Export=926.7
[20:24:35] ------------------------------------------------------------
[20:24:35] 📊 每日策略详情 (Avg Bid / Total Gen):
[20:24:35]   Wind    : Bid  12.6¢ | Gen   50.1 kWh
[20:24:35]   Solar   : Bid  -1.2¢ | Gen   35.4 kWh
[20:24:35]   Diesel  : Bid  20.8¢ | Gen   18.6 kWh
[20:24:35]   Battery : Bid  39.8¢ | Net  -31.6 kWh (Charge)
[20:24:35] ------------------------------------------------------------
[20:24:36] 
============================================================
[20:24:36] Episode 115/1000 | Steps: 24
[20:24:36] 总奖励:  -175.47 (Avg10:  -177.64)
[20:24:36] Agent奖励:
[20:24:36]   wind      :   11.894
[20:24:36]   solar     :    4.781
[20:24:36]   diesel    :   -0.067
[20:24:36]   battery   :   -0.969
[20:24:36]   customer  : -191.113
[20:24:36] Grid交易: Import=0.0 | Export=908.6
[20:24:36] ------------------------------------------------------------
[20:24:36] 📊 每日策略详情 (Avg Bid / Total Gen):
[20:24:36]   Wind    : Bid   8.4¢ | Gen   84.1 kWh
[20:24:36]   Solar   : Bid  -0.8¢ | Gen   40.5 kWh
[20:24:36]   Diesel  : Bid  20.1¢ | Gen    6.5 kWh
[20:24:36]   Battery : Bid  41.7¢ | Net  -19.5 kWh (Charge)
[20:24:36] ------------------------------------------------------------
[20:24:37] 
============================================================
[20:24:37] Episode 116/1000 | Steps: 24
[20:24:37] 总奖励:  -190.29 (Avg10:  -178.25)
[20:24:37] Agent奖励:
[20:24:37]   wind      :    0.634
[20:24:37]   solar     :    1.019
[20:24:37]   diesel    :   -2.960
[20:24:37]   battery   :   -0.092
[20:24:37]   customer  : -188.891
[20:24:37] Grid交易: Import=35.9 | Export=1042.0
[20:24:37] ------------------------------------------------------------
[20:24:37] 📊 每日策略详情 (Avg Bid / Total Gen):
[20:24:37]   Wind    : Bid  11.4¢ | Gen   27.0 kWh
[20:24:37]   Solar   : Bid   1.4¢ | Gen   25.2 kWh
[20:24:37]   Diesel  : Bid  17.3¢ | Gen   42.1 kWh
[20:24:37]   Battery : Bid  41.2¢ | Net   -4.2 kWh (Charge)
[20:24:37] ------------------------------------------------------------
[20:24:38] 
============================================================
[20:24:38] Episode 117/1000 | Steps: 24
[20:24:38] 总奖励:  -177.12 (Avg10:  -177.65)
[20:24:38] Agent奖励:
[20:24:38]   wind      :    7.479
[20:24:38]   solar     :    4.356
[20:24:38]   diesel    :   -1.981
[20:24:38]   battery   :   -0.493
[20:24:38]   customer  : -186.486
[20:24:38] Grid交易: Import=1.5 | Export=915.4
[20:24:38] ------------------------------------------------------------
[20:24:38] 📊 每日策略详情 (Avg Bid / Total Gen):
[20:24:38]   Wind    : Bid  14.5¢ | Gen   58.3 kWh
[20:24:38]   Solar   : Bid  -1.8¢ | Gen   35.9 kWh
[20:24:38]   Diesel  : Bid  18.1¢ | Gen   21.0 kWh
[20:24:38]   Battery : Bid  39.5¢ | Net   -2.2 kWh (Charge)
[20:24:38] ------------------------------------------------------------
[20:24:39] 
============================================================
[20:24:39] Episode 118/1000 | Steps: 24
[20:24:39] 总奖励:  -179.81 (Avg10:  -178.21)
[20:24:39] Agent奖励:
[20:24:39]   wind      :    9.987
[20:24:39]   solar     :    6.585
[20:24:39]   diesel    :   -0.559
[20:24:39]   battery   :   -3.244
[20:24:39]   customer  : -192.578
[20:24:39] Grid交易: Import=0.0 | Export=1001.4
[20:24:39] ------------------------------------------------------------
[20:24:39] 📊 每日策略详情 (Avg Bid / Total Gen):
[20:24:39]   Wind    : Bid  15.3¢ | Gen   66.3 kWh
[20:24:39]   Solar   : Bid   1.7¢ | Gen   38.1 kWh
[20:24:39]   Diesel  : Bid  16.7¢ | Gen   21.3 kWh
[20:24:39]   Battery : Bid  40.6¢ | Net  -18.9 kWh (Charge)
[20:24:39] ------------------------------------------------------------
[20:24:40] 
============================================================
[20:24:40] Episode 119/1000 | Steps: 24
[20:24:40] 总奖励:  -179.99 (Avg10:  -179.28)
[20:24:40] Agent奖励:
[20:24:40]   wind      :    5.970
[20:24:40]   solar     :    6.728
[20:24:40]   diesel    :    0.638
[20:24:40]   battery   :   -0.727
[20:24:40]   customer  : -192.603
[20:24:40] Grid交易: Import=3.4 | Export=897.4
[20:24:40] ------------------------------------------------------------
[20:24:40] 📊 每日策略详情 (Avg Bid / Total Gen):
[20:24:40]   Wind    : Bid  11.7¢ | Gen   38.7 kWh
[20:24:40]   Solar   : Bid   0.6¢ | Gen   50.0 kWh
[20:24:40]   Diesel  : Bid  19.4¢ | Gen   63.7 kWh
[20:24:40]   Battery : Bid  40.4¢ | Net   -9.4 kWh (Charge)
[20:24:40] ------------------------------------------------------------
[20:24:41] 
============================================================
[20:24:41] Episode 120/1000 | Steps: 24
[20:24:41] 总奖励:  -170.11 (Avg10:  -178.62)
[20:24:41] Agent奖励:
[20:24:41]   wind      :   12.367
[20:24:41]   solar     :    7.795
[20:24:41]   diesel    :    1.648
[20:24:41]   battery   :   -2.978
[20:24:41]   customer  : -188.938
[20:24:41] Grid交易: Import=1.8 | Export=1151.2
[20:24:41] ------------------------------------------------------------
[20:24:41] 📊 每日策略详情 (Avg Bid / Total Gen):
[20:24:41]   Wind    : Bid  13.5¢ | Gen  100.8 kWh
[20:24:41]   Solar   : Bid  -2.8¢ | Gen   51.7 kWh
[20:24:41]   Diesel  : Bid  18.9¢ | Gen   14.7 kWh
[20:24:41]   Battery : Bid  39.8¢ | Net  -21.8 kWh (Charge)
[20:24:41] ------------------------------------------------------------
[20:24:41] 
📊 生成图表...
[20:24:41]   ✓ debug_plots/training_status_ep0120.png
[20:24:41]   ✓ debug_plots/grid_status_ep0120.png
[20:24:42] 
============================================================
[20:24:42] Episode 121/1000 | Steps: 24
[20:24:42] 总奖励:  -179.78 (Avg10:  -178.09)
[20:24:42] Agent奖励:
[20:24:42]   wind      :    3.470
[20:24:42]   solar     :    2.349
[20:24:42]   diesel    :   -0.245
[20:24:42]   battery   :   -0.164
[20:24:42]   customer  : -185.187
[20:24:42] Grid交易: Import=0.0 | Export=1024.7
[20:24:42] ------------------------------------------------------------
[20:24:42] 📊 每日策略详情 (Avg Bid / Total Gen):
[20:24:42]   Wind    : Bid  13.8¢ | Gen   50.8 kWh
[20:24:42]   Solar   : Bid   4.7¢ | Gen   22.2 kWh
[20:24:42]   Diesel  : Bid  18.2¢ | Gen    2.2 kWh
[20:24:42]   Battery : Bid  40.2¢ | Net   -2.8 kWh (Charge)
[20:24:42] ------------------------------------------------------------
[20:24:43] 
============================================================
[20:24:43] Episode 122/1000 | Steps: 24
[20:24:43] 总奖励:  -166.66 (Avg10:  -177.63)
[20:24:43] Agent奖励:
[20:24:43]   wind      :   15.324
[20:24:43]   solar     :    3.565
[20:24:43]   diesel    :    0.383
[20:24:43]   battery   :   -0.916
[20:24:43]   customer  : -185.016
[20:24:43] Grid交易: Import=3.4 | Export=1032.5
[20:24:43] ------------------------------------------------------------
[20:24:43] 📊 每日策略详情 (Avg Bid / Total Gen):
[20:24:43]   Wind    : Bid  13.1¢ | Gen  105.9 kWh
[20:24:43]   Solar   : Bid   1.4¢ | Gen   32.8 kWh
[20:24:43]   Diesel  : Bid  20.7¢ | Gen    4.6 kWh
[20:24:43]   Battery : Bid  42.6¢ | Net   -6.9 kWh (Charge)
[20:24:43] ------------------------------------------------------------
[20:24:44] 
============================================================
[20:24:44] Episode 123/1000 | Steps: 24
[20:24:44] 总奖励:  -184.08 (Avg10:  -178.54)
[20:24:44] Agent奖励:
[20:24:44]   wind      :    4.051
[20:24:44]   solar     :    3.283
[20:24:44]   diesel    :   -0.141
[20:24:44]   battery   :   -1.041
[20:24:44]   customer  : -190.235
[20:24:44] Grid交易: Import=10.4 | Export=1038.7
[20:24:44] ------------------------------------------------------------
[20:24:44] 📊 每日策略详情 (Avg Bid / Total Gen):
[20:24:44]   Wind    : Bid  12.0¢ | Gen   27.8 kWh
[20:24:44]   Solar   : Bid   3.5¢ | Gen   32.1 kWh
[20:24:44]   Diesel  : Bid  19.1¢ | Gen    1.9 kWh
[20:24:44]   Battery : Bid  41.5¢ | Net   -9.3 kWh (Charge)
[20:24:44] ------------------------------------------------------------
[20:24:45] 
============================================================
[20:24:45] Episode 124/1000 | Steps: 24
[20:24:45] 总奖励:  -163.82 (Avg10:  -176.71)
[20:24:45] Agent奖励:
[20:24:45]   wind      :   16.826
[20:24:45]   solar     :    6.243
[20:24:45]   diesel    :    1.962
[20:24:45]   battery   :   -0.819
[20:24:45]   customer  : -188.034
[20:24:45] Grid交易: Import=0.0 | Export=862.0
[20:24:45] ------------------------------------------------------------
[20:24:45] 📊 每日策略详情 (Avg Bid / Total Gen):
[20:24:45]   Wind    : Bid  11.4¢ | Gen  147.3 kWh
[20:24:45]   Solar   : Bid   0.4¢ | Gen   40.9 kWh
[20:24:45]   Diesel  : Bid  20.1¢ | Gen   33.7 kWh
[20:24:45]   Battery : Bid  40.3¢ | Net   -9.3 kWh (Charge)
[20:24:45] ------------------------------------------------------------
[20:24:46] 
============================================================
[20:24:46] Episode 125/1000 | Steps: 24
[20:24:46] 总奖励:  -173.94 (Avg10:  -176.56)
[20:24:46] Agent奖励:
[20:24:46]   wind      :   10.220
[20:24:46]   solar     :    2.704
[20:24:46]   diesel    :    0.017
[20:24:46]   battery   :   -1.050
[20:24:46]   customer  : -185.834
[20:24:46] Grid交易: Import=7.8 | Export=1068.5
[20:24:46] ------------------------------------------------------------
[20:24:46] 📊 每日策略详情 (Avg Bid / Total Gen):
[20:24:46]   Wind    : Bid  13.3¢ | Gen   91.6 kWh
[20:24:46]   Solar   : Bid   3.2¢ | Gen   26.7 kWh
[20:24:46]   Diesel  : Bid  19.4¢ | Gen    8.0 kWh
[20:24:46]   Battery : Bid  40.5¢ | Net  -17.9 kWh (Charge)
[20:24:46] ------------------------------------------------------------
[20:24:47] 
============================================================
[20:24:47] Episode 126/1000 | Steps: 24
[20:24:47] 总奖励:  -187.51 (Avg10:  -176.28)
[20:24:47] Agent奖励:
[20:24:47]   wind      :    3.402
[20:24:47]   solar     :    4.217
[20:24:47]   diesel    :    0.280
[20:24:47]   battery   :   -1.384
[20:24:47]   customer  : -194.026
[20:24:47] Grid交易: Import=0.0 | Export=1061.0
[20:24:47] ------------------------------------------------------------
[20:24:47] 📊 每日策略详情 (Avg Bid / Total Gen):
[20:24:47]   Wind    : Bid  12.4¢ | Gen   24.3 kWh
[20:24:47]   Solar   : Bid   3.4¢ | Gen   24.8 kWh
[20:24:47]   Diesel  : Bid  20.7¢ | Gen    3.0 kWh
[20:24:47]   Battery : Bid  41.4¢ | Net   -9.8 kWh (Charge)
[20:24:47] ------------------------------------------------------------
[20:24:49] 
============================================================
[20:24:49] Episode 127/1000 | Steps: 24
[20:24:49] 总奖励:  -164.55 (Avg10:  -175.03)
[20:24:49] Agent奖励:
[20:24:49]   wind      :   16.687
[20:24:49]   solar     :    1.948
[20:24:49]   diesel    :    0.200
[20:24:49]   battery   :    0.258
[20:24:49]   customer  : -183.647
[20:24:49] Grid交易: Import=0.0 | Export=1094.5
[20:24:49] ------------------------------------------------------------
[20:24:49] 📊 每日策略详情 (Avg Bid / Total Gen):
[20:24:49]   Wind    : Bid  12.0¢ | Gen  120.2 kWh
[20:24:49]   Solar   : Bid   3.1¢ | Gen   17.5 kWh
[20:24:49]   Diesel  : Bid  20.1¢ | Gen    4.6 kWh
[20:24:49]   Battery : Bid  40.3¢ | Net   16.2 kWh (Dischg)
[20:24:49] ------------------------------------------------------------
[20:24:51] 
============================================================
[20:24:51] Episode 128/1000 | Steps: 24
[20:24:51] 总奖励:  -192.01 (Avg10:  -176.25)
[20:24:51] Agent奖励:
[20:24:51]   wind      :    1.969
[20:24:51]   solar     :    3.902
[20:24:51]   diesel    :   -0.119
[20:24:51]   battery   :   -5.065
[20:24:51]   customer  : -192.692
[20:24:51] Grid交易: Import=10.8 | Export=1039.7
[20:24:51] ------------------------------------------------------------
[20:24:51] 📊 每日策略详情 (Avg Bid / Total Gen):
[20:24:51]   Wind    : Bid  13.9¢ | Gen   28.4 kWh
[20:24:51]   Solar   : Bid   3.2¢ | Gen   18.4 kWh
[20:24:51]   Diesel  : Bid  21.8¢ | Gen    2.8 kWh
[20:24:51]   Battery : Bid  39.7¢ | Net  -20.4 kWh (Charge)
[20:24:51] ------------------------------------------------------------
[20:24:52] 
============================================================
[20:24:52] Episode 129/1000 | Steps: 24
[20:24:52] 总奖励:  -186.07 (Avg10:  -176.85)
[20:24:52] Agent奖励:
[20:24:52]   wind      :    5.055
[20:24:52]   solar     :    3.444
[20:24:52]   diesel    :    0.000
[20:24:52]   battery   :   -2.230
[20:24:52]   customer  : -192.339
[20:24:52] Grid交易: Import=0.5 | Export=1134.7
[20:24:52] ------------------------------------------------------------
[20:24:52] 📊 每日策略详情 (Avg Bid / Total Gen):
[20:24:52]   Wind    : Bid  13.2¢ | Gen   37.6 kWh
[20:24:52]   Solar   : Bid   0.7¢ | Gen   38.9 kWh
[20:24:52]   Diesel  : Bid  18.6¢ | Gen    0.0 kWh
[20:24:52]   Battery : Bid  41.9¢ | Net  -16.7 kWh (Charge)
[20:24:52] ------------------------------------------------------------
[20:24:53] 
============================================================
[20:24:53] Episode 130/1000 | Steps: 24
[20:24:53] 总奖励:  -181.78 (Avg10:  -178.02)
[20:24:53] Agent奖励:
[20:24:53]   wind      :    9.825
[20:24:53]   solar     :    2.962
[20:24:53]   diesel    :   -0.255
[20:24:53]   battery   :   -2.852
[20:24:53]   customer  : -191.462
[20:24:53] Grid交易: Import=17.4 | Export=989.1
[20:24:53] ------------------------------------------------------------
[20:24:53] 📊 每日策略详情 (Avg Bid / Total Gen):
[20:24:53]   Wind    : Bid  11.7¢ | Gen   75.1 kWh
[20:24:53]   Solar   : Bid   3.9¢ | Gen   39.1 kWh
[20:24:53]   Diesel  : Bid  17.9¢ | Gen   34.5 kWh
[20:24:53]   Battery : Bid  39.8¢ | Net  -27.4 kWh (Charge)
[20:24:53] ------------------------------------------------------------
[20:24:55] 
============================================================
[20:24:55] Episode 131/1000 | Steps: 24
[20:24:55] 总奖励:  -168.28 (Avg10:  -176.87)
[20:24:55] Agent奖励:
[20:24:55]   wind      :    9.962
[20:24:55]   solar     :    6.662
[20:24:55]   diesel    :   -0.354
[20:24:55]   battery   :   -0.747
[20:24:55]   customer  : -183.799
[20:24:55] Grid交易: Import=18.2 | Export=998.1
[20:24:55] ------------------------------------------------------------
[20:24:55] 📊 每日策略详情 (Avg Bid / Total Gen):
[20:24:55]   Wind    : Bid  12.8¢ | Gen   76.2 kWh
[20:24:55]   Solar   : Bid   4.4¢ | Gen   53.7 kWh
[20:24:55]   Diesel  : Bid  17.1¢ | Gen   20.4 kWh
[20:24:55]   Battery : Bid  40.4¢ | Net   -5.4 kWh (Charge)
[20:24:55] ------------------------------------------------------------
[20:24:56] 
============================================================
[20:24:56] Episode 132/1000 | Steps: 24
[20:24:56] 总奖励:  -183.08 (Avg10:  -178.51)
[20:24:56] Agent奖励:
[20:24:56]   wind      :   10.491
[20:24:56]   solar     :    7.341
[20:24:56]   diesel    :   -0.753
[20:24:56]   battery   :   -9.583
[20:24:56]   customer  : -190.573
[20:24:56] Grid交易: Import=0.0 | Export=971.9
[20:24:56] ------------------------------------------------------------
[20:24:56] 📊 每日策略详情 (Avg Bid / Total Gen):
[20:24:56]   Wind    : Bid  14.5¢ | Gen   58.5 kWh
[20:24:56]   Solar   : Bid   3.2¢ | Gen   40.6 kWh
[20:24:56]   Diesel  : Bid  19.2¢ | Gen    5.1 kWh
[20:24:56]   Battery : Bid  41.4¢ | Net  -46.4 kWh (Charge)
[20:24:56] ------------------------------------------------------------
[20:24:58] 
============================================================
[20:24:58] Episode 133/1000 | Steps: 24
[20:24:58] 总奖励:  -180.26 (Avg10:  -178.13)
[20:24:58] Agent奖励:
[20:24:58]   wind      :   10.094
[20:24:58]   solar     :    5.808
[20:24:58]   diesel    :    0.000
[20:24:58]   battery   :   -2.013
[20:24:58]   customer  : -194.145
[20:24:58] Grid交易: Import=11.7 | Export=974.5
[20:24:58] ------------------------------------------------------------
[20:24:58] 📊 每日策略详情 (Avg Bid / Total Gen):
[20:24:58]   Wind    : Bid  13.9¢ | Gen   63.2 kWh
[20:24:58]   Solar   : Bid   3.9¢ | Gen   39.5 kWh
[20:24:58]   Diesel  : Bid  21.2¢ | Gen    0.0 kWh
[20:24:58]   Battery : Bid  41.3¢ | Net  -17.2 kWh (Charge)
[20:24:58] ------------------------------------------------------------
[20:24:59] 
============================================================
[20:24:59] Episode 134/1000 | Steps: 24
[20:24:59] 总奖励:  -178.09 (Avg10:  -179.56)
[20:24:59] Agent奖励:
[20:24:59]   wind      :    8.712
[20:24:59]   solar     :   12.085
[20:24:59]   diesel    :    1.088
[20:24:59]   battery   :   -5.728
[20:24:59]   customer  : -194.247
[20:24:59] Grid交易: Import=0.0 | Export=953.3
[20:24:59] ------------------------------------------------------------
[20:24:59] 📊 每日策略详情 (Avg Bid / Total Gen):
[20:24:59]   Wind    : Bid  14.9¢ | Gen   72.9 kWh
[20:24:59]   Solar   : Bid   1.6¢ | Gen   63.7 kWh
[20:24:59]   Diesel  : Bid  18.4¢ | Gen   71.0 kWh
[20:24:59]   Battery : Bid  40.7¢ | Net  -27.9 kWh (Charge)
[20:24:59] ------------------------------------------------------------
[20:25:01] 
============================================================
[20:25:01] Episode 135/1000 | Steps: 24
[20:25:01] 总奖励:  -176.45 (Avg10:  -179.81)
[20:25:01] Agent奖励:
[20:25:01]   wind      :    3.694
[20:25:01]   solar     :    4.981
[20:25:01]   diesel    :    0.162
[20:25:01]   battery   :   -0.159
[20:25:01]   customer  : -185.124
[20:25:01] Grid交易: Import=1.4 | Export=885.7
[20:25:01] ------------------------------------------------------------
[20:25:01] 📊 每日策略详情 (Avg Bid / Total Gen):
[20:25:01]   Wind    : Bid  11.9¢ | Gen   44.4 kWh
[20:25:01]   Solar   : Bid   4.0¢ | Gen   52.7 kWh
[20:25:01]   Diesel  : Bid  21.3¢ | Gen    1.0 kWh
[20:25:01]   Battery : Bid  41.7¢ | Net    0.0 kWh (Idle)
[20:25:01] ------------------------------------------------------------
[20:25:02] 
============================================================
[20:25:02] Episode 136/1000 | Steps: 24
[20:25:02] 总奖励:  -179.80 (Avg10:  -179.04)
[20:25:02] Agent奖励:
[20:25:02]   wind      :    6.366
[20:25:02]   solar     :    3.594
[20:25:02]   diesel    :   -1.698
[20:25:02]   battery   :   -1.486
[20:25:02]   customer  : -186.577
[20:25:02] Grid交易: Import=0.0 | Export=1057.1
[20:25:02] ------------------------------------------------------------
[20:25:02] 📊 每日策略详情 (Avg Bid / Total Gen):
[20:25:02]   Wind    : Bid   9.0¢ | Gen   75.4 kWh
[20:25:02]   Solar   : Bid   2.9¢ | Gen   41.7 kWh
[20:25:02]   Diesel  : Bid  19.1¢ | Gen   14.5 kWh
[20:25:02]   Battery : Bid  41.6¢ | Net  -14.6 kWh (Charge)
[20:25:02] ------------------------------------------------------------
[20:25:03] 
============================================================
[20:25:03] Episode 137/1000 | Steps: 24
[20:25:03] 总奖励:  -173.26 (Avg10:  -179.91)
[20:25:03] Agent奖励:
[20:25:03]   wind      :    6.277
[20:25:03]   solar     :    3.966
[20:25:03]   diesel    :   -0.638
[20:25:03]   battery   :   -1.974
[20:25:03]   customer  : -180.887
[20:25:03] Grid交易: Import=0.0 | Export=948.1
[20:25:03] ------------------------------------------------------------
[20:25:03] 📊 每日策略详情 (Avg Bid / Total Gen):
[20:25:03]   Wind    : Bid  13.2¢ | Gen   51.7 kWh
[20:25:03]   Solar   : Bid   3.6¢ | Gen   53.3 kWh
[20:25:03]   Diesel  : Bid  18.8¢ | Gen   29.9 kWh
[20:25:03]   Battery : Bid  41.0¢ | Net  -24.8 kWh (Charge)
[20:25:03] ------------------------------------------------------------
[20:25:04] 
============================================================
[20:25:04] Episode 138/1000 | Steps: 24
[20:25:04] 总奖励:  -178.05 (Avg10:  -178.51)
[20:25:04] Agent奖励:
[20:25:04]   wind      :    5.323
[20:25:04]   solar     :    1.316
[20:25:04]   diesel    :    0.262
[20:25:04]   battery   :   -1.943
[20:25:04]   customer  : -183.005
[20:25:04] Grid交易: Import=2.7 | Export=1116.5
[20:25:04] ------------------------------------------------------------
[20:25:04] 📊 每日策略详情 (Avg Bid / Total Gen):
[20:25:04]   Wind    : Bid  13.2¢ | Gen   52.1 kWh
[20:25:04]   Solar   : Bid   1.5¢ | Gen   14.8 kWh
[20:25:04]   Diesel  : Bid  18.9¢ | Gen   10.3 kWh
[20:25:04]   Battery : Bid  41.3¢ | Net  -11.0 kWh (Charge)
[20:25:04] ------------------------------------------------------------
[20:25:05] 
============================================================
[20:25:05] Episode 139/1000 | Steps: 24
[20:25:05] 总奖励:  -171.37 (Avg10:  -177.04)
[20:25:05] Agent奖励:
[20:25:05]   wind      :   14.187
[20:25:05]   solar     :    4.722
[20:25:05]   diesel    :    0.031
[20:25:05]   battery   :   -4.442
[20:25:05]   customer  : -185.874
[20:25:05] Grid交易: Import=2.9 | Export=973.4
[20:25:05] ------------------------------------------------------------
[20:25:05] 📊 每日策略详情 (Avg Bid / Total Gen):
[20:25:05]   Wind    : Bid   9.9¢ | Gen  105.0 kWh
[20:25:05]   Solar   : Bid   1.6¢ | Gen   47.0 kWh
[20:25:05]   Diesel  : Bid  18.9¢ | Gen   15.9 kWh
[20:25:05]   Battery : Bid  41.9¢ | Net  -33.2 kWh (Charge)
[20:25:05] ------------------------------------------------------------
[20:25:07] 
============================================================
[20:25:07] Episode 140/1000 | Steps: 24
[20:25:07] 总奖励:  -174.82 (Avg10:  -176.34)
[20:25:07] Agent奖励:
[20:25:07]   wind      :   10.096
[20:25:07]   solar     :    5.246
[20:25:07]   diesel    :   -0.230
[20:25:07]   battery   :   -1.956
[20:25:07]   customer  : -187.974
[20:25:07] Grid交易: Import=0.0 | Export=920.1
[20:25:07] ------------------------------------------------------------
[20:25:07] 📊 每日策略详情 (Avg Bid / Total Gen):
[20:25:07]   Wind    : Bid  12.1¢ | Gen   71.3 kWh
[20:25:07]   Solar   : Bid  -1.8¢ | Gen   32.2 kWh
[20:25:07]   Diesel  : Bid  20.8¢ | Gen    9.0 kWh
[20:25:07]   Battery : Bid  41.6¢ | Net  -16.0 kWh (Charge)
[20:25:07] ------------------------------------------------------------
[20:25:07] 
📊 生成图表...
[20:25:07]   ✓ debug_plots/training_status_ep0140.png
[20:25:07]   ✓ debug_plots/grid_status_ep0140.png
[20:25:09] 
============================================================
[20:25:09] Episode 141/1000 | Steps: 24
[20:25:09] 总奖励:  -171.17 (Avg10:  -176.63)
[20:25:09] Agent奖励:
[20:25:09]   wind      :   11.308
[20:25:09]   solar     :    5.199
[20:25:09]   diesel    :   -0.022
[20:25:09]   battery   :   -1.015
[20:25:09]   customer  : -186.643
[20:25:09] Grid交易: Import=1.0 | Export=1033.5
[20:25:09] ------------------------------------------------------------
[20:25:09] 📊 每日策略详情 (Avg Bid / Total Gen):
[20:25:09]   Wind    : Bid  13.0¢ | Gen   67.8 kWh
[20:25:09]   Solar   : Bid  -2.4¢ | Gen   48.4 kWh
[20:25:09]   Diesel  : Bid  20.5¢ | Gen    3.4 kWh
[20:25:09]   Battery : Bid  41.1¢ | Net  -16.0 kWh (Charge)
[20:25:09] ------------------------------------------------------------
[20:25:10] 
============================================================
[20:25:10] Episode 142/1000 | Steps: 24
[20:25:10] 总奖励:  -183.51 (Avg10:  -176.68)
[20:25:10] Agent奖励:
[20:25:10]   wind      :    3.996
[20:25:10]   solar     :    6.569
[20:25:10]   diesel    :    0.035
[20:25:10]   battery   :   -2.522
[20:25:10]   customer  : -191.588
[20:25:10] Grid交易: Import=0.0 | Export=1185.1
[20:25:10] ------------------------------------------------------------
[20:25:10] 📊 每日策略详情 (Avg Bid / Total Gen):
[20:25:10]   Wind    : Bid  13.3¢ | Gen   45.1 kWh
[20:25:10]   Solar   : Bid   0.9¢ | Gen   43.0 kWh
[20:25:10]   Diesel  : Bid  20.9¢ | Gen    4.9 kWh
[20:25:10]   Battery : Bid  40.9¢ | Net  -15.7 kWh (Charge)
[20:25:10] ------------------------------------------------------------
[20:25:11] 
============================================================
[20:25:11] Episode 143/1000 | Steps: 24
[20:25:11] 总奖励:  -173.35 (Avg10:  -175.99)
[20:25:11] Agent奖励:
[20:25:11]   wind      :   13.702
[20:25:11]   solar     :    9.263
[20:25:11]   diesel    :    0.590
[20:25:11]   battery   :   -4.683
[20:25:11]   customer  : -192.226
[20:25:11] Grid交易: Import=1.8 | Export=1044.3
[20:25:11] ------------------------------------------------------------
[20:25:11] 📊 每日策略详情 (Avg Bid / Total Gen):
[20:25:11]   Wind    : Bid  12.4¢ | Gen   69.2 kWh
[20:25:11]   Solar   : Bid   0.2¢ | Gen   46.7 kWh
[20:25:11]   Diesel  : Bid  22.0¢ | Gen    4.5 kWh
[20:25:11]   Battery : Bid  41.8¢ | Net  -25.8 kWh (Charge)
[20:25:11] ------------------------------------------------------------
[20:25:13] 
============================================================
[20:25:13] Episode 144/1000 | Steps: 24
[20:25:13] 总奖励:  -185.65 (Avg10:  -176.74)
[20:25:13] Agent奖励:
[20:25:13]   wind      :    3.083
[20:25:13]   solar     :    2.306
[20:25:13]   diesel    :   -0.411
[20:25:13]   battery   :   -2.131
[20:25:13]   customer  : -188.501
[20:25:13] Grid交易: Import=0.0 | Export=1043.2
[20:25:13] ------------------------------------------------------------
[20:25:13] 📊 每日策略详情 (Avg Bid / Total Gen):
[20:25:13]   Wind    : Bid  13.1¢ | Gen   41.7 kWh
[20:25:13]   Solar   : Bid   0.4¢ | Gen   25.6 kWh
[20:25:13]   Diesel  : Bid  19.6¢ | Gen   16.6 kWh
[20:25:13]   Battery : Bid  40.3¢ | Net  -27.0 kWh (Charge)
[20:25:13] ------------------------------------------------------------
[20:25:15] 
============================================================
[20:25:15] Episode 145/1000 | Steps: 24
[20:25:15] 总奖励:  -188.10 (Avg10:  -177.91)
[20:25:15] Agent奖励:
[20:25:15]   wind      :    3.868
[20:25:15]   solar     :    4.819
[20:25:15]   diesel    :   -0.589
[20:25:15]   battery   :   -2.278
[20:25:15]   customer  : -193.918
[20:25:15] Grid交易: Import=5.0 | Export=1071.4
[20:25:15] ------------------------------------------------------------
[20:25:15] 📊 每日策略详情 (Avg Bid / Total Gen):
[20:25:15]   Wind    : Bid  13.3¢ | Gen   26.2 kWh
[20:25:15]   Solar   : Bid  -0.3¢ | Gen   31.0 kWh
[20:25:15]   Diesel  : Bid  16.2¢ | Gen    7.3 kWh
[20:25:15]   Battery : Bid  41.7¢ | Net  -17.0 kWh (Charge)
[20:25:15] ------------------------------------------------------------
[20:25:17] 
============================================================
[20:25:17] Episode 146/1000 | Steps: 24
[20:25:17] 总奖励:  -174.27 (Avg10:  -177.36)
[20:25:17] Agent奖励:
[20:25:17]   wind      :   12.099
[20:25:17]   solar     :    2.005
[20:25:17]   diesel    :   -1.427
[20:25:17]   battery   :   -0.097
[20:25:17]   customer  : -186.849
[20:25:17] Grid交易: Import=2.0 | Export=1094.0
[20:25:17] ------------------------------------------------------------
[20:25:17] 📊 每日策略详情 (Avg Bid / Total Gen):
[20:25:17]   Wind    : Bid   9.7¢ | Gen   77.3 kWh
[20:25:17]   Solar   : Bid  -0.5¢ | Gen   25.2 kWh
[20:25:17]   Diesel  : Bid  18.1¢ | Gen   25.3 kWh
[20:25:17]   Battery : Bid  41.0¢ | Net   -1.4 kWh (Charge)
[20:25:17] ------------------------------------------------------------
[20:25:19] 
============================================================
[20:25:19] Episode 147/1000 | Steps: 24
[20:25:19] 总奖励:  -179.42 (Avg10:  -177.97)
[20:25:19] Agent奖励:
[20:25:19]   wind      :    5.605
[20:25:19]   solar     :    1.160
[20:25:19]   diesel    :   -1.043
[20:25:19]   battery   :   -1.333
[20:25:19]   customer  : -183.810
[20:25:19] Grid交易: Import=0.0 | Export=1056.9
[20:25:19] ------------------------------------------------------------
[20:25:19] 📊 每日策略详情 (Avg Bid / Total Gen):
[20:25:19]   Wind    : Bid  13.1¢ | Gen   81.8 kWh
[20:25:19]   Solar   : Bid   0.2¢ | Gen   32.1 kWh
[20:25:19]   Diesel  : Bid  19.0¢ | Gen   15.7 kWh
[20:25:19]   Battery : Bid  42.1¢ | Net  -24.4 kWh (Charge)
[20:25:19] ------------------------------------------------------------
[20:25:20] 
============================================================
[20:25:20] Episode 148/1000 | Steps: 24
[20:25:20] 总奖励:  -166.81 (Avg10:  -176.85)
[20:25:20] Agent奖励:
[20:25:20]   wind      :   11.003
[20:25:20]   solar     :    8.326
[20:25:20]   diesel    :    0.184
[20:25:20]   battery   :    0.005
[20:25:20]   customer  : -186.325
[20:25:20] Grid交易: Import=0.0 | Export=1006.1
[20:25:20] ------------------------------------------------------------
[20:25:20] 📊 每日策略详情 (Avg Bid / Total Gen):
[20:25:20]   Wind    : Bid  12.2¢ | Gen   94.5 kWh
[20:25:20]   Solar   : Bid   1.5¢ | Gen   33.0 kWh
[20:25:20]   Diesel  : Bid  19.8¢ | Gen   33.9 kWh
[20:25:20]   Battery : Bid  42.1¢ | Net   -3.4 kWh (Charge)
[20:25:20] ------------------------------------------------------------
[20:25:21] 
============================================================
[20:25:21] Episode 149/1000 | Steps: 24
[20:25:21] 总奖励:  -183.88 (Avg10:  -178.10)
[20:25:21] Agent奖励:
[20:25:21]   wind      :    5.115
[20:25:21]   solar     :    0.595
[20:25:21]   diesel    :   -0.628
[20:25:21]   battery   :   -0.751
[20:25:21]   customer  : -188.210
[20:25:21] Grid交易: Import=0.0 | Export=991.2
[20:25:21] ------------------------------------------------------------
[20:25:21] 📊 每日策略详情 (Avg Bid / Total Gen):
[20:25:21]   Wind    : Bid  11.1¢ | Gen   41.0 kWh
[20:25:21]   Solar   : Bid   0.1¢ | Gen   17.9 kWh
[20:25:21]   Diesel  : Bid  19.1¢ | Gen   15.1 kWh
[20:25:21]   Battery : Bid  40.5¢ | Net  -10.8 kWh (Charge)
[20:25:21] ------------------------------------------------------------
[20:25:23] 
============================================================
[20:25:23] Episode 150/1000 | Steps: 24
[20:25:23] 总奖励:  -184.93 (Avg10:  -179.11)
[20:25:23] Agent奖励:
[20:25:23]   wind      :    4.746
[20:25:23]   solar     :    1.524
[20:25:23]   diesel    :   -0.162
[20:25:23]   battery   :   -2.303
[20:25:23]   customer  : -188.730
[20:25:23] Grid交易: Import=0.0 | Export=965.2
[20:25:23] ------------------------------------------------------------
[20:25:23] 📊 每日策略详情 (Avg Bid / Total Gen):
[20:25:23]   Wind    : Bid  11.9¢ | Gen   59.9 kWh
[20:25:23]   Solar   : Bid  -0.5¢ | Gen   20.1 kWh
[20:25:23]   Diesel  : Bid  19.0¢ | Gen    4.7 kWh
[20:25:23]   Battery : Bid  40.5¢ | Net  -30.4 kWh (Charge)
[20:25:23] ------------------------------------------------------------
[20:25:24] 
============================================================
[20:25:24] Episode 151/1000 | Steps: 24
[20:25:24] 总奖励:  -168.03 (Avg10:  -178.80)
[20:25:24] Agent奖励:
[20:25:24]   wind      :    9.394
[20:25:24]   solar     :    6.018
[20:25:24]   diesel    :   -0.177
[20:25:24]   battery   :   -0.523
[20:25:24]   customer  : -182.746
[20:25:24] Grid交易: Import=0.0 | Export=926.9
[20:25:24] ------------------------------------------------------------
[20:25:24] 📊 每日策略详情 (Avg Bid / Total Gen):
[20:25:24]   Wind    : Bid  10.5¢ | Gen   94.3 kWh
[20:25:24]   Solar   : Bid  -0.4¢ | Gen   50.4 kWh
[20:25:24]   Diesel  : Bid  16.4¢ | Gen    6.1 kWh
[20:25:24]   Battery : Bid  41.2¢ | Net  -12.5 kWh (Charge)
[20:25:24] ------------------------------------------------------------
[20:25:26] 
============================================================
[20:25:26] Episode 152/1000 | Steps: 24
[20:25:26] 总奖励:  -191.79 (Avg10:  -179.62)
[20:25:26] Agent奖励:
[20:25:26]   wind      :    3.337
[20:25:26]   solar     :    1.536
[20:25:26]   diesel    :   -0.919
[20:25:26]   battery   :   -2.595
[20:25:26]   customer  : -193.151
[20:25:26] Grid交易: Import=0.0 | Export=998.7
[20:25:26] ------------------------------------------------------------
[20:25:26] 📊 每日策略详情 (Avg Bid / Total Gen):
[20:25:26]   Wind    : Bid  14.5¢ | Gen   28.9 kWh
[20:25:26]   Solar   : Bid  -1.6¢ | Gen   32.4 kWh
[20:25:26]   Diesel  : Bid  17.7¢ | Gen   28.4 kWh
[20:25:26]   Battery : Bid  42.6¢ | Net  -14.7 kWh (Charge)
[20:25:26] ------------------------------------------------------------
[20:25:27] 
============================================================
[20:25:27] Episode 153/1000 | Steps: 24
[20:25:27] 总奖励:  -186.19 (Avg10:  -180.91)
[20:25:27] Agent奖励:
[20:25:27]   wind      :    3.939
[20:25:27]   solar     :    0.935
[20:25:27]   diesel    :   -0.476
[20:25:27]   battery   :   -1.068
[20:25:27]   customer  : -189.520
[20:25:27] Grid交易: Import=0.0 | Export=992.6
[20:25:27] ------------------------------------------------------------
[20:25:27] 📊 每日策略详情 (Avg Bid / Total Gen):
[20:25:27]   Wind    : Bid  12.4¢ | Gen   38.6 kWh
[20:25:27]   Solar   : Bid   0.1¢ | Gen   23.6 kWh
[20:25:27]   Diesel  : Bid  16.1¢ | Gen    7.4 kWh
[20:25:27]   Battery : Bid  41.3¢ | Net    5.5 kWh (Dischg)
[20:25:27] ------------------------------------------------------------
[20:25:29] 
============================================================
[20:25:29] Episode 154/1000 | Steps: 24
[20:25:29] 总奖励:  -183.47 (Avg10:  -180.69)
[20:25:29] Agent奖励:
[20:25:29]   wind      :   10.823
[20:25:29]   solar     :    1.454
[20:25:29]   diesel    :   -0.532
[20:25:29]   battery   :   -4.405
[20:25:29]   customer  : -190.811
[20:25:29] Grid交易: Import=0.0 | Export=962.2
[20:25:29] ------------------------------------------------------------
[20:25:29] 📊 每日策略详情 (Avg Bid / Total Gen):
[20:25:29]   Wind    : Bid  11.0¢ | Gen   84.7 kWh
[20:25:29]   Solar   : Bid  -2.7¢ | Gen   13.9 kWh
[20:25:29]   Diesel  : Bid  20.7¢ | Gen   26.5 kWh
[20:25:29]   Battery : Bid  40.5¢ | Net  -29.5 kWh (Charge)
[20:25:29] ------------------------------------------------------------
[20:25:31] 
============================================================
[20:25:31] Episode 155/1000 | Steps: 24
[20:25:31] 总奖励:  -173.90 (Avg10:  -179.27)
[20:25:31] Agent奖励:
[20:25:31]   wind      :    5.939
[20:25:31]   solar     :    5.232
[20:25:31]   diesel    :    0.461
[20:25:31]   battery   :   -0.529
[20:25:31]   customer  : -185.000
[20:25:31] Grid交易: Import=0.0 | Export=1026.4
[20:25:31] ------------------------------------------------------------
[20:25:31] 📊 每日策略详情 (Avg Bid / Total Gen):
[20:25:31]   Wind    : Bid  14.2¢ | Gen   60.7 kWh
[20:25:31]   Solar   : Bid  -1.6¢ | Gen   50.1 kWh
[20:25:31]   Diesel  : Bid  19.1¢ | Gen    8.2 kWh
[20:25:31]   Battery : Bid  41.5¢ | Net   -4.6 kWh (Charge)
[20:25:31] ------------------------------------------------------------
[20:25:33] 
============================================================
[20:25:33] Episode 156/1000 | Steps: 24
[20:25:33] 总奖励:  -161.72 (Avg10:  -178.01)
[20:25:33] Agent奖励:
[20:25:33]   wind      :   20.720
[20:25:33]   solar     :   16.997
[20:25:33]   diesel    :    2.722
[20:25:33]   battery   :   -7.420
[20:25:33]   customer  : -194.739
[20:25:33] Grid交易: Import=28.2 | Export=776.1
[20:25:33] ------------------------------------------------------------
[20:25:33] 📊 每日策略详情 (Avg Bid / Total Gen):
[20:25:33]   Wind    : Bid  11.8¢ | Gen  106.7 kWh
[20:25:33]   Solar   : Bid  -3.9¢ | Gen   75.5 kWh
[20:25:33]   Diesel  : Bid  18.4¢ | Gen   43.3 kWh
[20:25:33]   Battery : Bid  41.2¢ | Net    9.9 kWh (Dischg)
[20:25:33] ------------------------------------------------------------
[20:25:34] 
============================================================
[20:25:34] Episode 157/1000 | Steps: 24
[20:25:34] 总奖励:  -172.43 (Avg10:  -177.31)
[20:25:34] Agent奖励:
[20:25:34]   wind      :    8.588
[20:25:34]   solar     :    6.069
[20:25:34]   diesel    :    0.362
[20:25:34]   battery   :   -1.826
[20:25:34]   customer  : -185.622
[20:25:34] Grid交易: Import=8.6 | Export=1061.9
[20:25:34] ------------------------------------------------------------
[20:25:34] 📊 每日策略详情 (Avg Bid / Total Gen):
[20:25:34]   Wind    : Bid  14.3¢ | Gen   76.5 kWh
[20:25:34]   Solar   : Bid  -2.4¢ | Gen   46.9 kWh
[20:25:34]   Diesel  : Bid  18.5¢ | Gen   10.1 kWh
[20:25:34]   Battery : Bid  40.4¢ | Net   12.4 kWh (Dischg)
[20:25:34] ------------------------------------------------------------
[20:25:35] 
============================================================
[20:25:35] Episode 158/1000 | Steps: 24
[20:25:35] 总奖励:  -161.44 (Avg10:  -176.78)
[20:25:35] Agent奖励:
[20:25:35]   wind      :   18.051
[20:25:35]   solar     :    7.315
[20:25:35]   diesel    :   -0.421
[20:25:35]   battery   :   -1.875
[20:25:35]   customer  : -184.506
[20:25:35] Grid交易: Import=0.0 | Export=955.9
[20:25:35] ------------------------------------------------------------
[20:25:35] 📊 每日策略详情 (Avg Bid / Total Gen):
[20:25:35]   Wind    : Bid  12.5¢ | Gen  134.0 kWh
[20:25:35]   Solar   : Bid  -3.4¢ | Gen   49.2 kWh
[20:25:35]   Diesel  : Bid  17.8¢ | Gen   74.3 kWh
[20:25:35]   Battery : Bid  42.4¢ | Net  -20.5 kWh (Charge)
[20:25:35] ------------------------------------------------------------
[20:25:37] 
============================================================
[20:25:37] Episode 159/1000 | Steps: 24
[20:25:37] 总奖励:  -176.86 (Avg10:  -176.08)
[20:25:37] Agent奖励:
[20:25:37]   wind      :   10.654
[20:25:37]   solar     :    6.479
[20:25:37]   diesel    :   -0.076
[20:25:37]   battery   :   -1.247
[20:25:37]   customer  : -192.675
[20:25:37] Grid交易: Import=16.7 | Export=978.4
[20:25:37] ------------------------------------------------------------
[20:25:37] 📊 每日策略详情 (Avg Bid / Total Gen):
[20:25:37]   Wind    : Bid  12.9¢ | Gen   72.5 kWh
[20:25:37]   Solar   : Bid  -2.1¢ | Gen   39.8 kWh
[20:25:37]   Diesel  : Bid  17.7¢ | Gen   87.8 kWh
[20:25:37]   Battery : Bid  39.6¢ | Net    2.7 kWh (Dischg)
[20:25:37] ------------------------------------------------------------
[20:25:38] 
============================================================
[20:25:38] Episode 160/1000 | Steps: 24
[20:25:38] 总奖励:  -184.41 (Avg10:  -176.02)
[20:25:38] Agent奖励:
[20:25:38]   wind      :    7.731
[20:25:38]   solar     :    8.624
[20:25:38]   diesel    :    1.765
[20:25:38]   battery   :   -5.609
[20:25:38]   customer  : -196.922
[20:25:38] Grid交易: Import=12.9 | Export=895.8
[20:25:38] ------------------------------------------------------------
[20:25:38] 📊 每日策略详情 (Avg Bid / Total Gen):
[20:25:38]   Wind    : Bid  14.5¢ | Gen   49.5 kWh
[20:25:38]   Solar   : Bid  -4.0¢ | Gen   51.0 kWh
[20:25:38]   Diesel  : Bid  17.6¢ | Gen   88.7 kWh
[20:25:38]   Battery : Bid  40.5¢ | Net    5.0 kWh (Dischg)
[20:25:38] ------------------------------------------------------------
[20:25:38] 
📊 生成图表...
[20:25:39]   ✓ debug_plots/training_status_ep0160.png
[20:25:39]   ✓ debug_plots/grid_status_ep0160.png
[20:25:41] 
============================================================
[20:25:41] Episode 161/1000 | Steps: 24
[20:25:41] 总奖励:  -171.91 (Avg10:  -176.41)
[20:25:41] Agent奖励:
[20:25:41]   wind      :   15.425
[20:25:41]   solar     :   11.497
[20:25:41]   diesel    :   -2.149
[20:25:41]   battery   :  -10.486
[20:25:41]   customer  : -186.194
[20:25:41] Grid交易: Import=17.1 | Export=938.3
[20:25:41] ------------------------------------------------------------
[20:25:41] 📊 每日策略详情 (Avg Bid / Total Gen):
[20:25:41]   Wind    : Bid  13.7¢ | Gen  101.5 kWh
[20:25:41]   Solar   : Bid  -5.8¢ | Gen   76.8 kWh
[20:25:41]   Diesel  : Bid  17.6¢ | Gen   71.6 kWh
[20:25:41]   Battery : Bid  40.0¢ | Net   28.4 kWh (Dischg)
[20:25:41] ------------------------------------------------------------
[20:25:42] 
============================================================
[20:25:42] Episode 162/1000 | Steps: 24
[20:25:42] 总奖励:  -165.45 (Avg10:  -173.78)
[20:25:42] Agent奖励:
[20:25:42]   wind      :   13.348
[20:25:42]   solar     :   10.229
[20:25:42]   diesel    :    5.064
[20:25:42]   battery   :    0.180
[20:25:42]   customer  : -194.267
[20:25:42] Grid交易: Import=3.5 | Export=1016.8
[20:25:42] ------------------------------------------------------------
[20:25:42] 📊 每日策略详情 (Avg Bid / Total Gen):
[20:25:42]   Wind    : Bid  13.0¢ | Gen  106.2 kWh
[20:25:42]   Solar   : Bid  -5.3¢ | Gen   54.7 kWh
[20:25:42]   Diesel  : Bid  19.0¢ | Gen   60.3 kWh
[20:25:42]   Battery : Bid  41.5¢ | Net    8.9 kWh (Dischg)
[20:25:42] ------------------------------------------------------------
[20:25:44] 
============================================================
[20:25:44] Episode 163/1000 | Steps: 24
[20:25:44] 总奖励:  -160.30 (Avg10:  -171.19)
[20:25:44] Agent奖励:
[20:25:44]   wind      :   19.570
[20:25:44]   solar     :    8.982
[20:25:44]   diesel    :   -0.047
[20:25:44]   battery   :   -5.534
[20:25:44]   customer  : -183.274
[20:25:44] Grid交易: Import=4.3 | Export=812.5
[20:25:44] ------------------------------------------------------------
[20:25:44] 📊 每日策略详情 (Avg Bid / Total Gen):
[20:25:44]   Wind    : Bid  13.5¢ | Gen  130.8 kWh
[20:25:44]   Solar   : Bid  -4.8¢ | Gen   55.0 kWh
[20:25:44]   Diesel  : Bid  20.0¢ | Gen   29.8 kWh
[20:25:44]   Battery : Bid  40.6¢ | Net   13.4 kWh (Dischg)
[20:25:44] ------------------------------------------------------------
[20:25:46] 
============================================================
[20:25:46] Episode 164/1000 | Steps: 24
[20:25:46] 总奖励:  -159.95 (Avg10:  -168.84)
[20:25:46] Agent奖励:
[20:25:46]   wind      :   22.104
[20:25:46]   solar     :   10.264
[20:25:46]   diesel    :    3.259
[20:25:46]   battery   :   -2.370
[20:25:46]   customer  : -193.205
[20:25:46] Grid交易: Import=11.1 | Export=785.0
[20:25:46] ------------------------------------------------------------
[20:25:46] 📊 每日策略详情 (Avg Bid / Total Gen):
[20:25:46]   Wind    : Bid  12.6¢ | Gen  145.2 kWh
[20:25:46]   Solar   : Bid  -2.4¢ | Gen   56.4 kWh
[20:25:46]   Diesel  : Bid  18.4¢ | Gen   53.3 kWh
[20:25:46]   Battery : Bid  41.7¢ | Net  -17.5 kWh (Charge)
[20:25:46] ------------------------------------------------------------
[20:25:50] 
============================================================
[20:25:50] Episode 165/1000 | Steps: 24
[20:25:50] 总奖励:  -165.70 (Avg10:  -168.02)
[20:25:50] Agent奖励:
[20:25:50]   wind      :   17.300
[20:25:50]   solar     :    7.492
[20:25:50]   diesel    :    0.021
[20:25:50]   battery   :   -0.871
[20:25:50]   customer  : -189.643
[20:25:50] Grid交易: Import=19.0 | Export=767.6
[20:25:50] ------------------------------------------------------------
[20:25:50] 📊 每日策略详情 (Avg Bid / Total Gen):
[20:25:50]   Wind    : Bid  13.7¢ | Gen  137.2 kWh
[20:25:50]   Solar   : Bid  -2.7¢ | Gen   60.8 kWh
[20:25:50]   Diesel  : Bid  20.8¢ | Gen   28.4 kWh
[20:25:50]   Battery : Bid  42.1¢ | Net   -7.6 kWh (Charge)
[20:25:50] ------------------------------------------------------------
[20:25:51] 
============================================================
[20:25:51] Episode 166/1000 | Steps: 24
[20:25:51] 总奖励:  -158.69 (Avg10:  -167.71)
[20:25:51] Agent奖励:
[20:25:51]   wind      :   23.396
[20:25:51]   solar     :   10.127
[20:25:51]   diesel    :    1.639
[20:25:51]   battery   :   -1.946
[20:25:51]   customer  : -191.902
[20:25:51] Grid交易: Import=9.3 | Export=910.8
[20:25:51] ------------------------------------------------------------
[20:25:51] 📊 每日策略详情 (Avg Bid / Total Gen):
[20:25:51]   Wind    : Bid  14.2¢ | Gen  146.9 kWh
[20:25:51]   Solar   : Bid  -3.0¢ | Gen   61.7 kWh
[20:25:51]   Diesel  : Bid  18.6¢ | Gen   50.9 kWh
[20:25:51]   Battery : Bid  40.7¢ | Net   26.2 kWh (Dischg)
[20:25:51] ------------------------------------------------------------
[20:25:53] 
============================================================
[20:25:53] Episode 167/1000 | Steps: 24
[20:25:53] 总奖励:  -160.56 (Avg10:  -166.53)
[20:25:53] Agent奖励:
[20:25:53]   wind      :   22.974
[20:25:53]   solar     :   12.431
[20:25:53]   diesel    :   -0.297
[20:25:53]   battery   :   -2.013
[20:25:53]   customer  : -193.655
[20:25:53] Grid交易: Import=10.6 | Export=888.0
[20:25:53] ------------------------------------------------------------
[20:25:53] 📊 每日策略详情 (Avg Bid / Total Gen):
[20:25:53]   Wind    : Bid  14.1¢ | Gen  116.4 kWh
[20:25:53]   Solar   : Bid  -4.6¢ | Gen   65.2 kWh
[20:25:53]   Diesel  : Bid  19.7¢ | Gen   64.4 kWh
[20:25:53]   Battery : Bid  40.3¢ | Net   -8.9 kWh (Charge)
[20:25:53] ------------------------------------------------------------
[20:25:54] 
============================================================
[20:25:54] Episode 168/1000 | Steps: 24
[20:25:54] 总奖励:  -165.11 (Avg10:  -166.89)
[20:25:54] Agent奖励:
[20:25:54]   wind      :   21.909
[20:25:54]   solar     :   16.693
[20:25:54]   diesel    :   -2.356
[20:25:54]   battery   :   -7.141
[20:25:54]   customer  : -194.218
[20:25:54] Grid交易: Import=3.6 | Export=753.1
[20:25:54] ------------------------------------------------------------
[20:25:54] 📊 每日策略详情 (Avg Bid / Total Gen):
[20:25:54]   Wind    : Bid  13.5¢ | Gen  140.2 kWh
[20:25:54]   Solar   : Bid  -2.1¢ | Gen   85.3 kWh
[20:25:54]   Diesel  : Bid  17.2¢ | Gen  168.0 kWh
[20:25:54]   Battery : Bid  39.6¢ | Net  -32.8 kWh (Charge)
[20:25:54] ------------------------------------------------------------
[20:25:55] 
============================================================
[20:25:55] Episode 169/1000 | Steps: 24
[20:25:55] 总奖励:  -159.66 (Avg10:  -165.17)
[20:25:55] Agent奖励:
[20:25:55]   wind      :   19.691
[20:25:55]   solar     :   11.223
[20:25:55]   diesel    :    2.336
[20:25:55]   battery   :   -0.385
[20:25:55]   customer  : -192.523
[20:25:55] Grid交易: Import=10.2 | Export=756.2
[20:25:55] ------------------------------------------------------------
[20:25:55] 📊 每日策略详情 (Avg Bid / Total Gen):
[20:25:55]   Wind    : Bid  12.5¢ | Gen  144.4 kWh
[20:25:55]   Solar   : Bid   1.2¢ | Gen   66.6 kWh
[20:25:55]   Diesel  : Bid  18.5¢ | Gen  133.1 kWh
[20:25:55]   Battery : Bid  40.8¢ | Net   -5.9 kWh (Charge)
[20:25:55] ------------------------------------------------------------
[20:25:57] 
============================================================
[20:25:57] Episode 170/1000 | Steps: 24
[20:25:57] 总奖励:  -145.00 (Avg10:  -161.23)
[20:25:57] Agent奖励:
[20:25:57]   wind      :   30.142
[20:25:57]   solar     :   10.225
[20:25:57]   diesel    :    1.742
[20:25:57]   battery   :   -0.964
[20:25:57]   customer  : -186.140
[20:25:57] Grid交易: Import=4.7 | Export=870.8
[20:25:57] ------------------------------------------------------------
[20:25:57] 📊 每日策略详情 (Avg Bid / Total Gen):
[20:25:57]   Wind    : Bid  11.9¢ | Gen  186.6 kWh
[20:25:57]   Solar   : Bid  -3.5¢ | Gen   69.9 kWh
[20:25:57]   Diesel  : Bid  18.3¢ | Gen   56.4 kWh
[20:25:57]   Battery : Bid  42.3¢ | Net   -3.5 kWh (Charge)
[20:25:57] ------------------------------------------------------------
[20:25:58] 
============================================================
[20:25:58] Episode 171/1000 | Steps: 24
[20:25:58] 总奖励:  -161.20 (Avg10:  -160.16)
[20:25:58] Agent奖励:
[20:25:58]   wind      :   20.374
[20:25:58]   solar     :   10.893
[20:25:58]   diesel    :   -3.129
[20:25:58]   battery   :   -1.698
[20:25:58]   customer  : -187.640
[20:25:58] Grid交易: Import=3.0 | Export=899.2
[20:25:58] ------------------------------------------------------------
[20:25:58] 📊 每日策略详情 (Avg Bid / Total Gen):
[20:25:58]   Wind    : Bid  11.8¢ | Gen  135.5 kWh
[20:25:58]   Solar   : Bid  -4.6¢ | Gen   72.8 kWh
[20:25:58]   Diesel  : Bid  18.9¢ | Gen   75.0 kWh
[20:25:58]   Battery : Bid  40.0¢ | Net  -12.9 kWh (Charge)
[20:25:58] ------------------------------------------------------------
[20:25:59] 
============================================================
[20:25:59] Episode 172/1000 | Steps: 24
[20:25:59] 总奖励:  -154.15 (Avg10:  -159.03)
[20:25:59] Agent奖励:
[20:25:59]   wind      :   20.580
[20:25:59]   solar     :   11.625
[20:25:59]   diesel    :    1.328
[20:25:59]   battery   :   -0.805
[20:25:59]   customer  : -186.877
[20:25:59] Grid交易: Import=2.9 | Export=965.1
[20:25:59] ------------------------------------------------------------
[20:25:59] 📊 每日策略详情 (Avg Bid / Total Gen):
[20:25:59]   Wind    : Bid  12.9¢ | Gen  142.1 kWh
[20:25:59]   Solar   : Bid  -2.6¢ | Gen   71.6 kWh
[20:25:59]   Diesel  : Bid  20.5¢ | Gen   20.7 kWh
[20:25:59]   Battery : Bid  40.2¢ | Net   27.0 kWh (Dischg)
[20:25:59] ------------------------------------------------------------
[20:26:00] 
============================================================
[20:26:00] Episode 173/1000 | Steps: 24
[20:26:00] 总奖励:  -148.40 (Avg10:  -157.84)
[20:26:00] Agent奖励:
[20:26:00]   wind      :   21.071
[20:26:00]   solar     :   12.835
[20:26:00]   diesel    :    0.351
[20:26:00]   battery   :   -2.307
[20:26:00]   customer  : -180.347
[20:26:00] Grid交易: Import=0.0 | Export=999.1
[20:26:00] ------------------------------------------------------------
[20:26:00] 📊 每日策略详情 (Avg Bid / Total Gen):
[20:26:00]   Wind    : Bid  11.4¢ | Gen  158.6 kWh
[20:26:00]   Solar   : Bid  -4.6¢ | Gen   85.6 kWh
[20:26:00]   Diesel  : Bid  21.6¢ | Gen    8.8 kWh
[20:26:00]   Battery : Bid  41.0¢ | Net   31.7 kWh (Dischg)
[20:26:00] ------------------------------------------------------------
[20:26:02] 
============================================================
[20:26:02] Episode 174/1000 | Steps: 24
[20:26:02] 总奖励:  -150.40 (Avg10:  -156.89)
[20:26:02] Agent奖励:
[20:26:02]   wind      :   28.377
[20:26:02]   solar     :   17.551
[20:26:02]   diesel    :    1.390
[20:26:02]   battery   :   -0.578
[20:26:02]   customer  : -197.136
[20:26:02] Grid交易: Import=16.8 | Export=799.8
[20:26:02] ------------------------------------------------------------
[20:26:02] 📊 每日策略详情 (Avg Bid / Total Gen):
[20:26:02]   Wind    : Bid  13.1¢ | Gen  175.5 kWh
[20:26:02]   Solar   : Bid  -4.0¢ | Gen   89.2 kWh
[20:26:02]   Diesel  : Bid  20.8¢ | Gen   25.7 kWh
[20:26:02]   Battery : Bid  40.3¢ | Net   -3.8 kWh (Charge)
[20:26:02] ------------------------------------------------------------
[20:26:03] 
============================================================
[20:26:03] Episode 175/1000 | Steps: 24
[20:26:03] 总奖励:  -148.06 (Avg10:  -155.12)
[20:26:03] Agent奖励:
[20:26:03]   wind      :   24.237
[20:26:03]   solar     :   16.194
[20:26:03]   diesel    :   -0.031
[20:26:03]   battery   :   -1.222
[20:26:03]   customer  : -187.233
[20:26:03] Grid交易: Import=0.0 | Export=882.5
[20:26:03] ------------------------------------------------------------
[20:26:03] 📊 每日策略详情 (Avg Bid / Total Gen):
[20:26:03]   Wind    : Bid  12.4¢ | Gen  162.0 kWh
[20:26:03]   Solar   : Bid  -5.0¢ | Gen   93.4 kWh
[20:26:03]   Diesel  : Bid  21.4¢ | Gen    6.5 kWh
[20:26:03]   Battery : Bid  41.5¢ | Net   -5.9 kWh (Charge)
[20:26:03] ------------------------------------------------------------
[20:26:04] 
============================================================
[20:26:04] Episode 176/1000 | Steps: 24
[20:26:04] 总奖励:  -159.23 (Avg10:  -155.18)
[20:26:04] Agent奖励:
[20:26:04]   wind      :   18.514
[20:26:04]   solar     :   14.349
[20:26:04]   diesel    :   -0.841
[20:26:04]   battery   :   -0.766
[20:26:04]   customer  : -190.490
[20:26:04] Grid交易: Import=7.7 | Export=904.0
[20:26:04] ------------------------------------------------------------
[20:26:04] 📊 每日策略详情 (Avg Bid / Total Gen):
[20:26:04]   Wind    : Bid  13.6¢ | Gen  130.9 kWh
[20:26:04]   Solar   : Bid  -4.3¢ | Gen   73.9 kWh
[20:26:04]   Diesel  : Bid  20.4¢ | Gen   47.2 kWh
[20:26:04]   Battery : Bid  40.7¢ | Net   -5.8 kWh (Charge)
[20:26:04] ------------------------------------------------------------
[20:26:05] 
============================================================
[20:26:05] Episode 177/1000 | Steps: 24
[20:26:05] 总奖励:  -151.74 (Avg10:  -154.29)
[20:26:05] Agent奖励:
[20:26:05]   wind      :   21.991
[20:26:05]   solar     :   14.241
[20:26:05]   diesel    :   -0.883
[20:26:05]   battery   :   -0.743
[20:26:05]   customer  : -186.347
[20:26:05] Grid交易: Import=5.7 | Export=842.8
[20:26:05] ------------------------------------------------------------
[20:26:05] 📊 每日策略详情 (Avg Bid / Total Gen):
[20:26:05]   Wind    : Bid  11.4¢ | Gen  168.8 kWh
[20:26:05]   Solar   : Bid  -4.0¢ | Gen   82.1 kWh
[20:26:05]   Diesel  : Bid  18.9¢ | Gen   38.2 kWh
[20:26:05]   Battery : Bid  41.4¢ | Net   34.0 kWh (Dischg)
[20:26:05] ------------------------------------------------------------
[20:26:06] 
============================================================
[20:26:06] Episode 178/1000 | Steps: 24
[20:26:06] 总奖励:  -159.61 (Avg10:  -153.74)
[20:26:06] Agent奖励:
[20:26:06]   wind      :   15.140
[20:26:06]   solar     :   14.651
[20:26:06]   diesel    :   -1.962
[20:26:06]   battery   :   -0.810
[20:26:06]   customer  : -186.628
[20:26:06] Grid交易: Import=5.9 | Export=924.0
[20:26:06] ------------------------------------------------------------
[20:26:06] 📊 每日策略详情 (Avg Bid / Total Gen):
[20:26:06]   Wind    : Bid  12.0¢ | Gen   99.2 kWh
[20:26:06]   Solar   : Bid  -5.8¢ | Gen   78.8 kWh
[20:26:06]   Diesel  : Bid  18.6¢ | Gen  144.1 kWh
[20:26:06]   Battery : Bid  40.8¢ | Net   -4.5 kWh (Charge)
[20:26:06] ------------------------------------------------------------
[20:26:07] 
============================================================
[20:26:07] Episode 179/1000 | Steps: 24
[20:26:07] 总奖励:  -159.09 (Avg10:  -153.69)
[20:26:07] Agent奖励:
[20:26:07]   wind      :   21.241
[20:26:07]   solar     :   12.529
[20:26:07]   diesel    :   -0.367
[20:26:07]   battery   :   -0.814
[20:26:07]   customer  : -191.676
[20:26:07] Grid交易: Import=0.0 | Export=852.6
[20:26:07] ------------------------------------------------------------
[20:26:07] 📊 每日策略详情 (Avg Bid / Total Gen):
[20:26:07]   Wind    : Bid  13.7¢ | Gen  132.3 kWh
[20:26:07]   Solar   : Bid  -1.1¢ | Gen   74.5 kWh
[20:26:07]   Diesel  : Bid  20.0¢ | Gen   42.3 kWh
[20:26:07]   Battery : Bid  41.6¢ | Net    4.9 kWh (Dischg)
[20:26:07] ------------------------------------------------------------
[20:26:09] 
============================================================
[20:26:09] Episode 180/1000 | Steps: 24
[20:26:09] 总奖励:  -168.01 (Avg10:  -155.99)
[20:26:09] Agent奖励:
[20:26:09]   wind      :   21.384
[20:26:09]   solar     :    7.425
[20:26:09]   diesel    :   -0.439
[20:26:09]   battery   :   -0.728
[20:26:09]   customer  : -195.648
[20:26:09] Grid交易: Import=18.5 | Export=878.8
[20:26:09] ------------------------------------------------------------
[20:26:09] 📊 每日策略详情 (Avg Bid / Total Gen):
[20:26:09]   Wind    : Bid  13.2¢ | Gen  135.5 kWh
[20:26:09]   Solar   : Bid  -2.3¢ | Gen   40.1 kWh
[20:26:09]   Diesel  : Bid  19.6¢ | Gen   91.3 kWh
[20:26:09]   Battery : Bid  41.9¢ | Net   -4.3 kWh (Charge)
[20:26:09] ------------------------------------------------------------
[20:26:09] 
📊 生成图表...
[20:26:09]   ✓ debug_plots/training_status_ep0180.png
[20:26:09]   ✓ debug_plots/grid_status_ep0180.png
[20:26:10] 
============================================================
[20:26:10] Episode 181/1000 | Steps: 24
[20:26:10] 总奖励:  -167.25 (Avg10:  -156.59)
[20:26:10] Agent奖励:
[20:26:10]   wind      :   14.732
[20:26:10]   solar     :   10.735
[20:26:10]   diesel    :    3.358
[20:26:10]   battery   :   -2.238
[20:26:10]   customer  : -193.839
[20:26:10] Grid交易: Import=2.5 | Export=893.2
[20:26:10] ------------------------------------------------------------
[20:26:10] 📊 每日策略详情 (Avg Bid / Total Gen):
[20:26:10]   Wind    : Bid  13.8¢ | Gen  119.7 kWh
[20:26:10]   Solar   : Bid  -2.7¢ | Gen   56.3 kWh
[20:26:10]   Diesel  : Bid  19.5¢ | Gen  117.2 kWh
[20:26:10]   Battery : Bid  41.1¢ | Net    0.9 kWh (Dischg)
[20:26:10] ------------------------------------------------------------
[20:26:12] 
============================================================
[20:26:12] Episode 182/1000 | Steps: 24
[20:26:12] 总奖励:  -166.08 (Avg10:  -157.79)
[20:26:12] Agent奖励:
[20:26:12]   wind      :   16.620
[20:26:12]   solar     :   15.767
[20:26:12]   diesel    :    7.179
[20:26:12]   battery   :   -4.109
[20:26:12]   customer  : -201.537
[20:26:12] Grid交易: Import=13.5 | Export=729.3
[20:26:12] ------------------------------------------------------------
[20:26:12] 📊 每日策略详情 (Avg Bid / Total Gen):
[20:26:12]   Wind    : Bid  12.5¢ | Gen   93.8 kWh
[20:26:12]   Solar   : Bid  -3.5¢ | Gen   77.1 kWh
[20:26:12]   Diesel  : Bid  20.5¢ | Gen   98.9 kWh
[20:26:12]   Battery : Bid  40.3¢ | Net   10.3 kWh (Dischg)
[20:26:12] ------------------------------------------------------------
[20:26:13] 
============================================================
[20:26:13] Episode 183/1000 | Steps: 24
[20:26:13] 总奖励:  -153.92 (Avg10:  -158.34)
[20:26:13] Agent奖励:
[20:26:13]   wind      :   19.877
[20:26:13]   solar     :    7.478
[20:26:13]   diesel    :   -0.440
[20:26:13]   battery   :    1.201
[20:26:13]   customer  : -182.039
[20:26:13] Grid交易: Import=0.0 | Export=979.0
[20:26:13] ------------------------------------------------------------
[20:26:13] 📊 每日策略详情 (Avg Bid / Total Gen):
[20:26:13]   Wind    : Bid  12.9¢ | Gen  132.6 kWh
[20:26:13]   Solar   : Bid  -3.3¢ | Gen   53.9 kWh
[20:26:13]   Diesel  : Bid  20.3¢ | Gen   19.5 kWh
[20:26:13]   Battery : Bid  41.4¢ | Net   19.3 kWh (Dischg)
[20:26:13] ------------------------------------------------------------
[20:26:14] 
============================================================
[20:26:14] Episode 184/1000 | Steps: 24
[20:26:14] 总奖励:  -148.62 (Avg10:  -158.16)
[20:26:14] Agent奖励:
[20:26:14]   wind      :   24.316
[20:26:14]   solar     :    8.387
[20:26:14]   diesel    :    0.748
[20:26:14]   battery   :   -2.782
[20:26:14]   customer  : -179.292
[20:26:14] Grid交易: Import=0.0 | Export=901.7
[20:26:14] ------------------------------------------------------------
[20:26:14] 📊 每日策略详情 (Avg Bid / Total Gen):
[20:26:14]   Wind    : Bid  14.2¢ | Gen  193.3 kWh
[20:26:14]   Solar   : Bid  -2.8¢ | Gen   75.3 kWh
[20:26:14]   Diesel  : Bid  22.3¢ | Gen   34.9 kWh
[20:26:14]   Battery : Bid  41.9¢ | Net  -19.5 kWh (Charge)
[20:26:14] ------------------------------------------------------------
[20:26:15] 
============================================================
[20:26:15] Episode 185/1000 | Steps: 24
[20:26:15] 总奖励:  -151.42 (Avg10:  -158.50)
[20:26:15] Agent奖励:
[20:26:15]   wind      :   28.333
[20:26:15]   solar     :   14.101
[20:26:15]   diesel    :    1.299
[20:26:15]   battery   :   -1.127
[20:26:15]   customer  : -194.026
[20:26:15] Grid交易: Import=7.5 | Export=733.0
[20:26:15] ------------------------------------------------------------
[20:26:15] 📊 每日策略详情 (Avg Bid / Total Gen):
[20:26:15]   Wind    : Bid  13.5¢ | Gen  168.5 kWh
[20:26:15]   Solar   : Bid  -2.6¢ | Gen   60.1 kWh
[20:26:15]   Diesel  : Bid  20.8¢ | Gen   43.0 kWh
[20:26:15]   Battery : Bid  42.1¢ | Net   -5.1 kWh (Charge)
[20:26:15] ------------------------------------------------------------
[20:26:18] 
============================================================
[20:26:18] Episode 186/1000 | Steps: 24
[20:26:18] 总奖励:  -175.87 (Avg10:  -160.16)
[20:26:18] Agent奖励:
[20:26:18]   wind      :    9.593
[20:26:18]   solar     :    8.535
[20:26:18]   diesel    :    0.179
[20:26:18]   battery   :   -0.005
[20:26:18]   customer  : -194.175
[20:26:18] Grid交易: Import=2.9 | Export=868.4
[20:26:18] ------------------------------------------------------------
[20:26:18] 📊 每日策略详情 (Avg Bid / Total Gen):
[20:26:18]   Wind    : Bid  12.8¢ | Gen   67.6 kWh
[20:26:18]   Solar   : Bid  -2.6¢ | Gen   72.5 kWh
[20:26:18]   Diesel  : Bid  21.1¢ | Gen   49.7 kWh
[20:26:18]   Battery : Bid  42.0¢ | Net   -0.1 kWh (Idle)
[20:26:18] ------------------------------------------------------------
[20:26:19] 
============================================================
[20:26:19] Episode 187/1000 | Steps: 24
[20:26:19] 总奖励:  -161.45 (Avg10:  -161.13)
[20:26:19] Agent奖励:
[20:26:19]   wind      :   17.009
[20:26:19]   solar     :   16.572
[20:26:19]   diesel    :    1.587
[20:26:19]   battery   :   -1.198
[20:26:19]   customer  : -195.420
[20:26:19] Grid交易: Import=19.1 | Export=842.6
[20:26:19] ------------------------------------------------------------
[20:26:19] 📊 每日策略详情 (Avg Bid / Total Gen):
[20:26:19]   Wind    : Bid  15.3¢ | Gen  116.9 kWh
[20:26:19]   Solar   : Bid  -2.7¢ | Gen   88.9 kWh
[20:26:19]   Diesel  : Bid  21.8¢ | Gen   57.9 kWh
[20:26:19]   Battery : Bid  42.4¢ | Net   23.9 kWh (Dischg)
[20:26:19] ------------------------------------------------------------
[20:26:20] 
============================================================
[20:26:20] Episode 188/1000 | Steps: 24
[20:26:20] 总奖励:  -145.79 (Avg10:  -159.75)
[20:26:20] Agent奖励:
[20:26:20]   wind      :   31.625
[20:26:20]   solar     :   13.183
[20:26:20]   diesel    :    0.100
[20:26:20]   battery   :   -0.722
[20:26:20]   customer  : -189.976
[20:26:20] Grid交易: Import=1.3 | Export=816.0
[20:26:20] ------------------------------------------------------------
[20:26:20] 📊 每日策略详情 (Avg Bid / Total Gen):
[20:26:20]   Wind    : Bid  13.2¢ | Gen  198.6 kWh
[20:26:20]   Solar   : Bid  -3.5¢ | Gen   73.8 kWh
[20:26:20]   Diesel  : Bid  18.7¢ | Gen   96.3 kWh
[20:26:20]   Battery : Bid  41.0¢ | Net   -4.6 kWh (Charge)
[20:26:20] ------------------------------------------------------------
[20:26:22] 
============================================================
[20:26:22] Episode 189/1000 | Steps: 24
[20:26:22] 总奖励:  -163.14 (Avg10:  -160.16)
[20:26:22] Agent奖励:
[20:26:22]   wind      :   19.878
[20:26:22]   solar     :   13.812
[20:26:22]   diesel    :    0.716
[20:26:22]   battery   :   -2.236
[20:26:22]   customer  : -195.315
[20:26:22] Grid交易: Import=3.0 | Export=923.2
[20:26:22] ------------------------------------------------------------
[20:26:22] 📊 每日策略详情 (Avg Bid / Total Gen):
[20:26:22]   Wind    : Bid  11.6¢ | Gen  131.0 kWh
[20:26:22]   Solar   : Bid  -3.4¢ | Gen   76.1 kWh
[20:26:22]   Diesel  : Bid  19.4¢ | Gen    6.2 kWh
[20:26:22]   Battery : Bid  41.7¢ | Net  -13.0 kWh (Charge)
[20:26:22] ------------------------------------------------------------
[20:26:23] 
============================================================
[20:26:23] Episode 190/1000 | Steps: 24
[20:26:23] 总奖励:  -145.51 (Avg10:  -157.91)
[20:26:23] Agent奖励:
[20:26:23]   wind      :   31.246
[20:26:23]   solar     :   11.912
[20:26:23]   diesel    :    0.000
[20:26:23]   battery   :   -0.354
[20:26:23]   customer  : -188.314
[20:26:23] Grid交易: Import=4.6 | Export=918.9
[20:26:23] ------------------------------------------------------------
[20:26:23] 📊 每日策略详情 (Avg Bid / Total Gen):
[20:26:23]   Wind    : Bid  13.3¢ | Gen  203.1 kWh
[20:26:23]   Solar   : Bid  -2.9¢ | Gen   61.7 kWh
[20:26:23]   Diesel  : Bid  22.1¢ | Gen    0.0 kWh
[20:26:23]   Battery : Bid  42.5¢ | Net    1.6 kWh (Dischg)
[20:26:23] ------------------------------------------------------------
[20:26:24] 
============================================================
[20:26:24] Episode 191/1000 | Steps: 24
[20:26:24] 总奖励:  -163.87 (Avg10:  -157.57)
[20:26:24] Agent奖励:
[20:26:24]   wind      :   18.695
[20:26:24]   solar     :    8.278
[20:26:24]   diesel    :    1.085
[20:26:24]   battery   :   -0.357
[20:26:24]   customer  : -191.569
[20:26:24] Grid交易: Import=4.1 | Export=928.6
[20:26:24] ------------------------------------------------------------
[20:26:24] 📊 每日策略详情 (Avg Bid / Total Gen):
[20:26:24]   Wind    : Bid  12.0¢ | Gen  153.3 kWh
[20:26:24]   Solar   : Bid  -3.4¢ | Gen   52.8 kWh
[20:26:24]   Diesel  : Bid  18.7¢ | Gen   72.3 kWh
[20:26:24]   Battery : Bid  41.8¢ | Net   -4.3 kWh (Charge)
[20:26:24] ------------------------------------------------------------
[20:26:25] 
============================================================
[20:26:25] Episode 192/1000 | Steps: 24
[20:26:25] 总奖励:  -152.80 (Avg10:  -156.24)
[20:26:25] Agent奖励:
[20:26:25]   wind      :   24.639
[20:26:25]   solar     :   11.827
[20:26:25]   diesel    :   -0.714
[20:26:25]   battery   :   -0.399
[20:26:25]   customer  : -188.149
[20:26:25] Grid交易: Import=18.1 | Export=767.5
[20:26:25] ------------------------------------------------------------
[20:26:25] 📊 每日策略详情 (Avg Bid / Total Gen):
[20:26:25]   Wind    : Bid  12.9¢ | Gen  156.8 kWh
[20:26:25]   Solar   : Bid  -1.5¢ | Gen   73.8 kWh
[20:26:25]   Diesel  : Bid  18.8¢ | Gen   92.6 kWh
[20:26:25]   Battery : Bid  41.2¢ | Net   -4.1 kWh (Charge)
[20:26:25] ------------------------------------------------------------
[20:26:26] 
============================================================
[20:26:26] Episode 193/1000 | Steps: 24
[20:26:26] 总奖励:  -148.99 (Avg10:  -155.75)
[20:26:26] Agent奖励:
[20:26:26]   wind      :   25.772
[20:26:26]   solar     :    8.844
[20:26:26]   diesel    :    0.368
[20:26:26]   battery   :    0.392
[20:26:26]   customer  : -184.369
[20:26:26] Grid交易: Import=0.0 | Export=787.3
[20:26:26] ------------------------------------------------------------
[20:26:26] 📊 每日策略详情 (Avg Bid / Total Gen):
[20:26:26]   Wind    : Bid  12.6¢ | Gen  182.5 kWh
[20:26:26]   Solar   : Bid  -5.5¢ | Gen   70.9 kWh
[20:26:26]   Diesel  : Bid  18.8¢ | Gen   38.7 kWh
[20:26:26]   Battery : Bid  40.3¢ | Net   26.0 kWh (Dischg)
[20:26:26] ------------------------------------------------------------
[20:26:27] 
============================================================
[20:26:27] Episode 194/1000 | Steps: 24
[20:26:27] 总奖励:  -152.73 (Avg10:  -156.16)
[20:26:27] Agent奖励:
[20:26:27]   wind      :   22.187
[20:26:27]   solar     :   11.513
[20:26:27]   diesel    :    1.291
[20:26:27]   battery   :   -0.859
[20:26:27]   customer  : -186.861
[20:26:27] Grid交易: Import=0.9 | Export=799.1
[20:26:27] ------------------------------------------------------------
[20:26:27] 📊 每日策略详情 (Avg Bid / Total Gen):
[20:26:27]   Wind    : Bid  14.0¢ | Gen  149.6 kWh
[20:26:27]   Solar   : Bid  -3.5¢ | Gen   79.2 kWh
[20:26:27]   Diesel  : Bid  19.9¢ | Gen   21.5 kWh
[20:26:27]   Battery : Bid  41.6¢ | Net  -11.2 kWh (Charge)
[20:26:27] ------------------------------------------------------------
[20:26:29] 
============================================================
[20:26:29] Episode 195/1000 | Steps: 24
[20:26:29] 总奖励:  -142.30 (Avg10:  -155.25)
[20:26:29] Agent奖励:
[20:26:29]   wind      :   41.222
[20:26:29]   solar     :   13.138
[20:26:29]   diesel    :   -0.400
[20:26:29]   battery   :   -0.846
[20:26:29]   customer  : -195.416
[20:26:29] Grid交易: Import=2.1 | Export=819.7
[20:26:29] ------------------------------------------------------------
[20:26:29] 📊 每日策略详情 (Avg Bid / Total Gen):
[20:26:29]   Wind    : Bid  12.9¢ | Gen  269.2 kWh
[20:26:29]   Solar   : Bid  -2.9¢ | Gen   82.2 kWh
[20:26:29]   Diesel  : Bid  21.1¢ | Gen   75.2 kWh
[20:26:29]   Battery : Bid  41.3¢ | Net   -9.3 kWh (Charge)
[20:26:29] ------------------------------------------------------------
[20:26:30] 
============================================================
[20:26:30] Episode 196/1000 | Steps: 24
[20:26:30] 总奖励:  -157.70 (Avg10:  -153.43)
[20:26:30] Agent奖励:
[20:26:30]   wind      :   13.888
[20:26:30]   solar     :    8.458
[20:26:30]   diesel    :   -0.208
[20:26:30]   battery   :    1.536
[20:26:30]   customer  : -181.374
[20:26:30] Grid交易: Import=0.0 | Export=953.0
[20:26:30] ------------------------------------------------------------
[20:26:30] 📊 每日策略详情 (Avg Bid / Total Gen):
[20:26:30]   Wind    : Bid  12.3¢ | Gen  119.7 kWh
[20:26:30]   Solar   : Bid  -4.0¢ | Gen   64.5 kWh
[20:26:30]   Diesel  : Bid  19.1¢ | Gen   34.6 kWh
[20:26:30]   Battery : Bid  40.3¢ | Net   38.2 kWh (Dischg)
[20:26:30] ------------------------------------------------------------
[20:26:31] 
============================================================
[20:26:31] Episode 197/1000 | Steps: 24
[20:26:31] 总奖励:  -154.06 (Avg10:  -152.69)
[20:26:31] Agent奖励:
[20:26:31]   wind      :   20.910
[20:26:31]   solar     :   14.439
[20:26:31]   diesel    :    1.249
[20:26:31]   battery   :    2.239
[20:26:31]   customer  : -192.893
[20:26:31] Grid交易: Import=3.8 | Export=845.2
[20:26:31] ------------------------------------------------------------
[20:26:31] 📊 每日策略详情 (Avg Bid / Total Gen):
[20:26:31]   Wind    : Bid  13.0¢ | Gen  133.9 kWh
[20:26:31]   Solar   : Bid  -3.8¢ | Gen   78.0 kWh
[20:26:31]   Diesel  : Bid  18.0¢ | Gen   54.7 kWh
[20:26:31]   Battery : Bid  40.6¢ | Net   27.7 kWh (Dischg)
[20:26:31] ------------------------------------------------------------
[20:26:32] 
============================================================
[20:26:32] Episode 198/1000 | Steps: 24
[20:26:32] 总奖励:  -171.68 (Avg10:  -155.28)
[20:26:32] Agent奖励:
[20:26:32]   wind      :   11.577
[20:26:32]   solar     :    6.750
[20:26:32]   diesel    :   -0.316
[20:26:32]   battery   :   -1.218
[20:26:32]   customer  : -188.476
[20:26:32] Grid交易: Import=0.0 | Export=950.7
[20:26:32] ------------------------------------------------------------
[20:26:32] 📊 每日策略详情 (Avg Bid / Total Gen):
[20:26:32]   Wind    : Bid  13.0¢ | Gen   92.4 kWh
[20:26:32]   Solar   : Bid  -2.4¢ | Gen   67.1 kWh
[20:26:32]   Diesel  : Bid  17.4¢ | Gen   48.9 kWh
[20:26:32]   Battery : Bid  42.8¢ | Net   -9.5 kWh (Charge)
[20:26:32] ------------------------------------------------------------
[20:26:33] 
============================================================
[20:26:33] Episode 199/1000 | Steps: 24
[20:26:33] 总奖励:  -167.06 (Avg10:  -155.67)
[20:26:33] Agent奖励:
[20:26:33]   wind      :   13.653
[20:26:33]   solar     :    8.479
[20:26:33]   diesel    :    2.517
[20:26:33]   battery   :   -5.350
[20:26:33]   customer  : -186.363
[20:26:33] Grid交易: Import=17.7 | Export=779.4
[20:26:33] ------------------------------------------------------------
[20:26:33] 📊 每日策略详情 (Avg Bid / Total Gen):
[20:26:33]   Wind    : Bid  11.7¢ | Gen  112.6 kWh
[20:26:33]   Solar   : Bid  -4.2¢ | Gen   58.7 kWh
[20:26:33]   Diesel  : Bid  17.3¢ | Gen  117.3 kWh
[20:26:33]   Battery : Bid  40.7¢ | Net    9.3 kWh (Dischg)
[20:26:33] ------------------------------------------------------------
[20:26:35] 
============================================================
[20:26:35] Episode 200/1000 | Steps: 24
[20:26:35] 总奖励:  -164.32 (Avg10:  -157.55)
[20:26:35] Agent奖励:
[20:26:35]   wind      :   13.807
[20:26:35]   solar     :    7.053
[20:26:35]   diesel    :    1.406
[20:26:35]   battery   :   -0.796
[20:26:35]   customer  : -185.787
[20:26:35] Grid交易: Import=0.0 | Export=1073.0
[20:26:35] ------------------------------------------------------------
[20:26:35] 📊 每日策略详情 (Avg Bid / Total Gen):
[20:26:35]   Wind    : Bid  13.5¢ | Gen  106.9 kWh
[20:26:35]   Solar   : Bid  -3.7¢ | Gen   59.7 kWh
[20:26:35]   Diesel  : Bid  16.3¢ | Gen   57.1 kWh
[20:26:35]   Battery : Bid  42.1¢ | Net   25.7 kWh (Dischg)
[20:26:35] ------------------------------------------------------------
[20:26:35] 
📊 生成图表...
[20:26:35]   ✓ debug_plots/training_status_ep0200.png
[20:26:35]   ✓ debug_plots/grid_status_ep0200.png
[20:26:35] 💾 Checkpoint saved: debug_checkpoints/debug_maddpg_20251203_202244_ep200.pt
[20:26:36] 
============================================================
[20:26:36] Episode 201/1000 | Steps: 24
[20:26:36] 总奖励:  -158.16 (Avg10:  -156.98)
[20:26:36] Agent奖励:
[20:26:36]   wind      :   18.709
[20:26:36]   solar     :   11.515
[20:26:36]   diesel    :   -1.240
[20:26:36]   battery   :   -1.559
[20:26:36]   customer  : -185.581
[20:26:36] Grid交易: Import=23.2 | Export=802.6
[20:26:36] ------------------------------------------------------------
[20:26:36] 📊 每日策略详情 (Avg Bid / Total Gen):
[20:26:36]   Wind    : Bid  12.5¢ | Gen  135.8 kWh
[20:26:36]   Solar   : Bid  -3.3¢ | Gen   75.7 kWh
[20:26:36]   Diesel  : Bid  18.8¢ | Gen   66.7 kWh
[20:26:36]   Battery : Bid  40.5¢ | Net   22.1 kWh (Dischg)
[20:26:36] ------------------------------------------------------------
[20:26:38] 
============================================================
[20:26:38] Episode 202/1000 | Steps: 24
[20:26:38] 总奖励:  -162.20 (Avg10:  -157.92)
[20:26:38] Agent奖励:
[20:26:38]   wind      :   17.566
[20:26:38]   solar     :    7.524
[20:26:38]   diesel    :    1.130
[20:26:38]   battery   :   -1.307
[20:26:38]   customer  : -187.112
[20:26:38] Grid交易: Import=14.0 | Export=948.2
[20:26:38] ------------------------------------------------------------
[20:26:38] 📊 每日策略详情 (Avg Bid / Total Gen):
[20:26:38]   Wind    : Bid  14.0¢ | Gen  128.3 kWh
[20:26:38]   Solar   : Bid  -4.3¢ | Gen   61.4 kWh
[20:26:38]   Diesel  : Bid  18.7¢ | Gen   19.2 kWh
[20:26:38]   Battery : Bid  41.4¢ | Net   -2.7 kWh (Charge)
[20:26:38] ------------------------------------------------------------
[20:26:39] 
============================================================
[20:26:39] Episode 203/1000 | Steps: 24
[20:26:39] 总奖励:  -154.52 (Avg10:  -158.47)
[20:26:39] Agent奖励:
[20:26:39]   wind      :   16.478
[20:26:39]   solar     :   10.217
[20:26:39]   diesel    :   -0.625
[20:26:39]   battery   :   -2.059
[20:26:39]   customer  : -178.536
[20:26:39] Grid交易: Import=0.0 | Export=1001.8
[20:26:39] ------------------------------------------------------------
[20:26:39] 📊 每日策略详情 (Avg Bid / Total Gen):
[20:26:39]   Wind    : Bid  12.6¢ | Gen  135.9 kWh
[20:26:39]   Solar   : Bid  -3.0¢ | Gen   73.7 kWh
[20:26:39]   Diesel  : Bid  16.9¢ | Gen   53.8 kWh
[20:26:39]   Battery : Bid  42.3¢ | Net   15.6 kWh (Dischg)
[20:26:39] ------------------------------------------------------------
[20:26:40] 
============================================================
[20:26:40] Episode 204/1000 | Steps: 24
[20:26:40] 总奖励:  -147.40 (Avg10:  -157.94)
[20:26:40] Agent奖励:
[20:26:40]   wind      :   24.236
[20:26:40]   solar     :   11.555
[20:26:40]   diesel    :    0.206
[20:26:40]   battery   :   -2.192
[20:26:40]   customer  : -181.205
[20:26:40] Grid交易: Import=0.0 | Export=806.1
[20:26:40] ------------------------------------------------------------
[20:26:40] 📊 每日策略详情 (Avg Bid / Total Gen):
[20:26:40]   Wind    : Bid  13.4¢ | Gen  200.0 kWh
[20:26:40]   Solar   : Bid  -3.1¢ | Gen   76.2 kWh
[20:26:40]   Diesel  : Bid  17.1¢ | Gen   64.1 kWh
[20:26:40]   Battery : Bid  41.7¢ | Net   18.1 kWh (Dischg)
[20:26:40] ------------------------------------------------------------
[20:26:41] 
============================================================
[20:26:41] Episode 205/1000 | Steps: 24
[20:26:41] 总奖励:  -138.94 (Avg10:  -157.60)
[20:26:41] Agent奖励:
[20:26:41]   wind      :   34.520
[20:26:41]   solar     :   16.947
[20:26:41]   diesel    :    0.459
[20:26:41]   battery   :   -0.515
[20:26:41]   customer  : -190.348
[20:26:41] Grid交易: Import=13.2 | Export=745.4
[20:26:41] ------------------------------------------------------------
[20:26:41] 📊 每日策略详情 (Avg Bid / Total Gen):
[20:26:41]   Wind    : Bid  12.0¢ | Gen  207.1 kWh
[20:26:41]   Solar   : Bid  -4.6¢ | Gen   88.4 kWh
[20:26:41]   Diesel  : Bid  20.9¢ | Gen   28.6 kWh
[20:26:41]   Battery : Bid  42.1¢ | Net    8.9 kWh (Dischg)
[20:26:41] ------------------------------------------------------------
[20:26:43] 
============================================================
[20:26:43] Episode 206/1000 | Steps: 24
[20:26:43] 总奖励:  -148.75 (Avg10:  -156.71)
[20:26:43] Agent奖励:
[20:26:43]   wind      :   17.479
[20:26:43]   solar     :   13.407
[20:26:43]   diesel    :    0.374
[20:26:43]   battery   :    0.215
[20:26:43]   customer  : -180.230
[20:26:43] Grid交易: Import=2.6 | Export=856.5
[20:26:43] ------------------------------------------------------------
[20:26:43] 📊 每日策略详情 (Avg Bid / Total Gen):
[20:26:43]   Wind    : Bid  12.0¢ | Gen  160.8 kWh
[20:26:43]   Solar   : Bid  -3.4¢ | Gen   80.8 kWh
[20:26:43]   Diesel  : Bid  18.9¢ | Gen   62.1 kWh
[20:26:43]   Battery : Bid  41.6¢ | Net   21.7 kWh (Dischg)
[20:26:43] ------------------------------------------------------------
[20:26:44] 
============================================================
[20:26:44] Episode 207/1000 | Steps: 24
[20:26:44] 总奖励:  -155.99 (Avg10:  -156.90)
[20:26:44] Agent奖励:
[20:26:44]   wind      :   17.275
[20:26:44]   solar     :   10.586
[20:26:44]   diesel    :    0.061
[20:26:44]   battery   :   -0.626
[20:26:44]   customer  : -183.288
[20:26:44] Grid交易: Import=10.3 | Export=923.3
[20:26:44] ------------------------------------------------------------
[20:26:44] 📊 每日策略详情 (Avg Bid / Total Gen):
[20:26:44]   Wind    : Bid  12.9¢ | Gen  119.3 kWh
[20:26:44]   Solar   : Bid  -3.8¢ | Gen   91.9 kWh
[20:26:44]   Diesel  : Bid  18.1¢ | Gen   40.9 kWh
[20:26:44]   Battery : Bid  41.4¢ | Net   -7.7 kWh (Charge)
[20:26:44] ------------------------------------------------------------
[20:26:47] 
============================================================
[20:26:47] Episode 208/1000 | Steps: 24
[20:26:47] 总奖励:  -153.87 (Avg10:  -155.12)
[20:26:47] Agent奖励:
[20:26:47]   wind      :   22.550
[20:26:47]   solar     :   16.985
[20:26:47]   diesel    :   -1.374
[20:26:47]   battery   :   -1.666
[20:26:47]   customer  : -190.362
[20:26:47] Grid交易: Import=0.0 | Export=855.7
[20:26:47] ------------------------------------------------------------
[20:26:47] 📊 每日策略详情 (Avg Bid / Total Gen):
[20:26:47]   Wind    : Bid  14.9¢ | Gen  134.5 kWh
[20:26:47]   Solar   : Bid  -3.2¢ | Gen   80.2 kWh
[20:26:47]   Diesel  : Bid  19.4¢ | Gen   48.3 kWh
[20:26:47]   Battery : Bid  41.2¢ | Net   -5.8 kWh (Charge)
[20:26:47] ------------------------------------------------------------
[20:26:49] 
============================================================
[20:26:49] Episode 209/1000 | Steps: 24
[20:26:49] 总奖励:  -152.04 (Avg10:  -153.62)
[20:26:49] Agent奖励:
[20:26:49]   wind      :   24.583
[20:26:49]   solar     :   12.527
[20:26:49]   diesel    :    0.110
[20:26:49]   battery   :   -0.262
[20:26:49]   customer  : -188.995
[20:26:49] Grid交易: Import=3.0 | Export=782.9
[20:26:49] ------------------------------------------------------------
[20:26:49] 📊 每日策略详情 (Avg Bid / Total Gen):
[20:26:49]   Wind    : Bid  11.9¢ | Gen  152.9 kWh
[20:26:49]   Solar   : Bid  -3.8¢ | Gen   86.3 kWh
[20:26:49]   Diesel  : Bid  20.2¢ | Gen   37.7 kWh
[20:26:49]   Battery : Bid  41.0¢ | Net   25.6 kWh (Dischg)
[20:26:49] ------------------------------------------------------------
[20:26:50] 
============================================================
[20:26:50] Episode 210/1000 | Steps: 24
[20:26:50] 总奖励:  -160.94 (Avg10:  -153.28)
[20:26:50] Agent奖励:
[20:26:50]   wind      :   18.864
[20:26:50]   solar     :    8.926
[20:26:50]   diesel    :   -1.514
[20:26:50]   battery   :   -2.449
[20:26:50]   customer  : -184.771
[20:26:50] Grid交易: Import=0.2 | Export=899.4
[20:26:50] ------------------------------------------------------------
[20:26:50] 📊 每日策略详情 (Avg Bid / Total Gen):
[20:26:50]   Wind    : Bid  14.2¢ | Gen  123.6 kWh
[20:26:50]   Solar   : Bid  -2.7¢ | Gen   88.2 kWh
[20:26:50]   Diesel  : Bid  20.5¢ | Gen   80.5 kWh
[20:26:50]   Battery : Bid  41.0¢ | Net   13.7 kWh (Dischg)
[20:26:50] ------------------------------------------------------------
[20:26:51] 
============================================================
[20:26:51] Episode 211/1000 | Steps: 24
[20:26:51] 总奖励:  -169.73 (Avg10:  -154.44)
[20:26:51] Agent奖励:
[20:26:51]   wind      :   16.855
[20:26:51]   solar     :   10.811
[20:26:51]   diesel    :    1.224
[20:26:51]   battery   :   -3.289
[20:26:51]   customer  : -195.336
[20:26:51] Grid交易: Import=27.7 | Export=871.6
[20:26:51] ------------------------------------------------------------
[20:26:51] 📊 每日策略详情 (Avg Bid / Total Gen):
[20:26:51]   Wind    : Bid  12.8¢ | Gen  124.5 kWh
[20:26:51]   Solar   : Bid  -1.4¢ | Gen   61.8 kWh
[20:26:51]   Diesel  : Bid  18.5¢ | Gen   89.2 kWh
[20:26:51]   Battery : Bid  41.4¢ | Net   15.4 kWh (Dischg)
[20:26:51] ------------------------------------------------------------
[20:26:53] 
============================================================
[20:26:53] Episode 212/1000 | Steps: 24
[20:26:53] 总奖励:  -160.58 (Avg10:  -154.28)
[20:26:53] Agent奖励:
[20:26:53]   wind      :   15.529
[20:26:53]   solar     :   14.175
[20:26:53]   diesel    :    1.689
[20:26:53]   battery   :   -0.919
[20:26:53]   customer  : -191.053
[20:26:53] Grid交易: Import=2.5 | Export=935.4
[20:26:53] ------------------------------------------------------------
[20:26:53] 📊 每日策略详情 (Avg Bid / Total Gen):
[20:26:53]   Wind    : Bid  13.7¢ | Gen  127.7 kWh
[20:26:53]   Solar   : Bid  -1.5¢ | Gen   81.5 kWh
[20:26:53]   Diesel  : Bid  18.7¢ | Gen   62.6 kWh
[20:26:53]   Battery : Bid  40.7¢ | Net   23.6 kWh (Dischg)
[20:26:53] ------------------------------------------------------------
[20:26:54] 
============================================================
[20:26:54] Episode 213/1000 | Steps: 24
[20:26:54] 总奖励:  -164.90 (Avg10:  -155.32)
[20:26:54] Agent奖励:
[20:26:54]   wind      :   18.661
[20:26:54]   solar     :   10.281
[20:26:54]   diesel    :    0.431
[20:26:54]   battery   :   -1.102
[20:26:54]   customer  : -193.175
[20:26:54] Grid交易: Import=0.0 | Export=891.2
[20:26:54] ------------------------------------------------------------
[20:26:54] 📊 每日策略详情 (Avg Bid / Total Gen):
[20:26:54]   Wind    : Bid  15.1¢ | Gen  155.8 kWh
[20:26:54]   Solar   : Bid  -2.5¢ | Gen   58.5 kWh
[20:26:54]   Diesel  : Bid  17.7¢ | Gen   86.6 kWh
[20:26:54]   Battery : Bid  42.1¢ | Net    0.3 kWh (Dischg)
[20:26:54] ------------------------------------------------------------
[20:26:55] 
============================================================
[20:26:55] Episode 214/1000 | Steps: 24
[20:26:55] 总奖励:  -158.88 (Avg10:  -156.46)
[20:26:55] Agent奖励:
[20:26:55]   wind      :   17.223
[20:26:55]   solar     :   13.955
[20:26:55]   diesel    :    0.326
[20:26:55]   battery   :   -0.450
[20:26:55]   customer  : -189.931
[20:26:55] Grid交易: Import=0.0 | Export=985.7
[20:26:55] ------------------------------------------------------------
[20:26:55] 📊 每日策略详情 (Avg Bid / Total Gen):
[20:26:55]   Wind    : Bid  11.9¢ | Gen  111.3 kWh
[20:26:55]   Solar   : Bid  -2.7¢ | Gen   93.2 kWh
[20:26:55]   Diesel  : Bid  17.9¢ | Gen   81.9 kWh
[20:26:55]   Battery : Bid  41.4¢ | Net   12.5 kWh (Dischg)
[20:26:55] ------------------------------------------------------------
[20:26:56] 
============================================================
[20:26:56] Episode 215/1000 | Steps: 24
[20:26:56] 总奖励:  -158.56 (Avg10:  -158.43)
[20:26:56] Agent奖励:
[20:26:56]   wind      :   21.550
[20:26:56]   solar     :   11.683
[20:26:56]   diesel    :    0.516
[20:26:56]   battery   :   -0.904
[20:26:56]   customer  : -191.409
[20:26:56] Grid交易: Import=0.0 | Export=899.4
[20:26:56] ------------------------------------------------------------
[20:26:56] 📊 每日策略详情 (Avg Bid / Total Gen):
[20:26:56]   Wind    : Bid  13.3¢ | Gen  150.4 kWh
[20:26:56]   Solar   : Bid  -3.8¢ | Gen   58.7 kWh
[20:26:56]   Diesel  : Bid  19.1¢ | Gen   31.5 kWh
[20:26:56]   Battery : Bid  40.7¢ | Net   17.1 kWh (Dischg)
[20:26:56] ------------------------------------------------------------
[20:26:58] 
============================================================
[20:26:58] Episode 216/1000 | Steps: 24
[20:26:58] 总奖励:  -169.07 (Avg10:  -160.46)
[20:26:58] Agent奖励:
[20:26:58]   wind      :   16.578
[20:26:58]   solar     :    6.393
[20:26:58]   diesel    :    0.049
[20:26:58]   battery   :    1.180
[20:26:58]   customer  : -193.267
[20:26:58] Grid交易: Import=35.2 | Export=920.7
[20:26:58] ------------------------------------------------------------
[20:26:58] 📊 每日策略详情 (Avg Bid / Total Gen):
[20:26:58]   Wind    : Bid  13.1¢ | Gen  140.7 kWh
[20:26:58]   Solar   : Bid  -2.6¢ | Gen   57.9 kWh
[20:26:58]   Diesel  : Bid  19.0¢ | Gen   26.4 kWh
[20:26:58]   Battery : Bid  41.2¢ | Net   26.7 kWh (Dischg)
[20:26:58] ------------------------------------------------------------
[20:26:59] 
============================================================
[20:26:59] Episode 217/1000 | Steps: 24
[20:26:59] 总奖励:  -151.40 (Avg10:  -160.00)
[20:26:59] Agent奖励:
[20:26:59]   wind      :   25.821
[20:26:59]   solar     :   11.826
[20:26:59]   diesel    :    0.198
[20:26:59]   battery   :    0.261
[20:26:59]   customer  : -189.504
[20:26:59] Grid交易: Import=0.0 | Export=949.0
[20:26:59] ------------------------------------------------------------
[20:26:59] 📊 每日策略详情 (Avg Bid / Total Gen):
[20:26:59]   Wind    : Bid  12.6¢ | Gen  184.9 kWh
[20:26:59]   Solar   : Bid  -3.8¢ | Gen   86.8 kWh
[20:26:59]   Diesel  : Bid  20.3¢ | Gen    9.0 kWh
[20:26:59]   Battery : Bid  42.1¢ | Net    5.8 kWh (Dischg)
[20:26:59] ------------------------------------------------------------
[20:27:00] 
============================================================
[20:27:00] Episode 218/1000 | Steps: 24
[20:27:00] 总奖励:  -160.78 (Avg10:  -160.69)
[20:27:00] Agent奖励:
[20:27:00]   wind      :   16.462
[20:27:00]   solar     :    9.103
[20:27:00]   diesel    :   -0.985
[20:27:00]   battery   :   -0.885
[20:27:00]   customer  : -184.475
[20:27:00] Grid交易: Import=8.7 | Export=853.3
[20:27:00] ------------------------------------------------------------
[20:27:00] 📊 每日策略详情 (Avg Bid / Total Gen):
[20:27:00]   Wind    : Bid  11.7¢ | Gen  125.5 kWh
[20:27:00]   Solar   : Bid  -3.8¢ | Gen   72.8 kWh
[20:27:00]   Diesel  : Bid  17.8¢ | Gen   59.3 kWh
[20:27:00]   Battery : Bid  41.7¢ | Net   -4.5 kWh (Charge)
[20:27:00] ------------------------------------------------------------
[20:27:01] 
============================================================
[20:27:01] Episode 219/1000 | Steps: 24
[20:27:01] 总奖励:  -149.69 (Avg10:  -160.45)
[20:27:01] Agent奖励:
[20:27:01]   wind      :   25.755
[20:27:01]   solar     :   10.379
[20:27:01]   diesel    :    0.289
[20:27:01]   battery   :   -0.923
[20:27:01]   customer  : -185.188
[20:27:01] Grid交易: Import=7.7 | Export=937.7
[20:27:01] ------------------------------------------------------------
[20:27:01] 📊 每日策略详情 (Avg Bid / Total Gen):
[20:27:01]   Wind    : Bid  12.3¢ | Gen  185.9 kWh
[20:27:01]   Solar   : Bid  -4.0¢ | Gen   73.2 kWh
[20:27:01]   Diesel  : Bid  20.0¢ | Gen   37.3 kWh
[20:27:01]   Battery : Bid  41.1¢ | Net   15.0 kWh (Dischg)
[20:27:01] ------------------------------------------------------------
[20:27:03] 
============================================================
[20:27:03] Episode 220/1000 | Steps: 24
[20:27:03] 总奖励:  -162.25 (Avg10:  -160.58)
[20:27:03] Agent奖励:
[20:27:03]   wind      :   17.926
[20:27:03]   solar     :    9.374
[20:27:03]   diesel    :    2.151
[20:27:03]   battery   :   -2.271
[20:27:03]   customer  : -189.426
[20:27:03] Grid交易: Import=34.4 | Export=952.1
[20:27:03] ------------------------------------------------------------
[20:27:03] 📊 每日策略详情 (Avg Bid / Total Gen):
[20:27:03]   Wind    : Bid  13.9¢ | Gen  130.5 kWh
[20:27:03]   Solar   : Bid  -5.7¢ | Gen   74.3 kWh
[20:27:03]   Diesel  : Bid  19.0¢ | Gen   86.0 kWh
[20:27:03]   Battery : Bid  39.1¢ | Net   33.8 kWh (Dischg)
[20:27:03] ------------------------------------------------------------
[20:27:03] 
📊 生成图表...
[20:27:04]   ✓ debug_plots/training_status_ep0220.png
[20:27:04]   ✓ debug_plots/grid_status_ep0220.png
[20:27:05] 
============================================================
[20:27:05] Episode 221/1000 | Steps: 24
[20:27:05] 总奖励:  -153.86 (Avg10:  -159.00)
[20:27:05] Agent奖励:
[20:27:05]   wind      :   19.359
[20:27:05]   solar     :   12.284
[20:27:05]   diesel    :    0.084
[20:27:05]   battery   :   -1.130
[20:27:05]   customer  : -184.456
[20:27:05] Grid交易: Import=0.0 | Export=967.3
[20:27:05] ------------------------------------------------------------
[20:27:05] 📊 每日策略详情 (Avg Bid / Total Gen):
[20:27:05]   Wind    : Bid  14.8¢ | Gen  141.3 kWh
[20:27:05]   Solar   : Bid  -2.2¢ | Gen   74.7 kWh
[20:27:05]   Diesel  : Bid  19.0¢ | Gen   87.6 kWh
[20:27:05]   Battery : Bid  40.7¢ | Net   16.0 kWh (Dischg)
[20:27:05] ------------------------------------------------------------
[20:27:06] 
============================================================
[20:27:06] Episode 222/1000 | Steps: 24
[20:27:06] 总奖励:  -162.87 (Avg10:  -159.23)
[20:27:06] Agent奖励:
[20:27:06]   wind      :   13.632
[20:27:06]   solar     :   11.243
[20:27:06]   diesel    :   -1.453
[20:27:06]   battery   :   -0.892
[20:27:06]   customer  : -185.402
[20:27:06] Grid交易: Import=0.0 | Export=903.0
[20:27:06] ------------------------------------------------------------
[20:27:06] 📊 每日策略详情 (Avg Bid / Total Gen):
[20:27:06]   Wind    : Bid  13.6¢ | Gen  108.3 kWh
[20:27:06]   Solar   : Bid  -2.6¢ | Gen   67.1 kWh
[20:27:06]   Diesel  : Bid  19.3¢ | Gen   57.1 kWh
[20:27:06]   Battery : Bid  42.9¢ | Net   -3.9 kWh (Charge)
[20:27:06] ------------------------------------------------------------
[20:27:09] 
============================================================
[20:27:09] Episode 223/1000 | Steps: 24
[20:27:09] 总奖励:  -157.47 (Avg10:  -158.48)
[20:27:09] Agent奖励:
[20:27:09]   wind      :   20.205
[20:27:09]   solar     :   13.757
[20:27:09]   diesel    :    4.183
[20:27:09]   battery   :   -3.462
[20:27:09]   customer  : -192.151
[20:27:09] Grid交易: Import=13.9 | Export=861.8
[20:27:09] ------------------------------------------------------------
[20:27:09] 📊 每日策略详情 (Avg Bid / Total Gen):
[20:27:09]   Wind    : Bid  11.6¢ | Gen  136.7 kWh
[20:27:09]   Solar   : Bid  -3.1¢ | Gen   83.4 kWh
[20:27:09]   Diesel  : Bid  20.0¢ | Gen   73.5 kWh
[20:27:09]   Battery : Bid  41.2¢ | Net    0.7 kWh (Dischg)
[20:27:09] ------------------------------------------------------------
