[04:52:12] 
======================================================================
[04:52:12] 🚀 开始调试训练
[04:52:12] ======================================================================
[04:52:12] 
🔥 预热阶段 (5 episodes)
[04:52:12]   预热 1/5 - Buffer: 24
[04:52:12]   预热 2/5 - Buffer: 48
[04:52:12]   预热 3/5 - Buffer: 72
[04:52:12]   预热 4/5 - Buffer: 96
[04:52:12]   预热 5/5 - Buffer: 120
[04:52:12] 
🏋️  训练阶段
[04:52:12] ======================================================================
[04:52:12] 
======================================================================
[04:52:12] Episode 1/200
[04:52:12] ======================================================================
[04:52:12] 总奖励:  9300.59 | 步数: 24
[04:52:12] 最近10个episodes平均:  9300.59
[04:52:12] 各Agent奖励:
[04:52:12]   wind      : 6859.134
[04:52:12]   solar     : 2042.238
[04:52:12]   diesel    :  491.994
[04:52:12]   battery   :    1.233
[04:52:12]   customer  :  -94.011
[04:52:12] Buffer大小:   144
[04:52:12] 噪声水平: 0.0994
[04:52:12] 
动作统计:
[04:52:12]   wind      : mean=-0.049, std= 0.128, min=-0.317, max= 0.194
[04:52:12]   solar     : mean=-0.066, std= 0.100, min=-0.270, max= 0.100
[04:52:12]   diesel    : mean=-0.030, std= 0.111, min=-0.245, max= 0.243
[04:52:12]   battery   : mean= 0.049, std= 0.099, min=-0.176, max= 0.236
[04:52:12]   customer  : mean= 0.001, std= 0.074, min=-0.162, max= 0.134
[04:52:12] 
======================================================================
[04:52:12] Episode 2/200
[04:52:12] ======================================================================
[04:52:12] 总奖励: 11783.54 | 步数: 24
[04:52:12] 最近10个episodes平均: 10542.07
[04:52:12] 各Agent奖励:
[04:52:12]   wind      : 9031.202
[04:52:12]   solar     : 2492.770
[04:52:12]   diesel    :  380.908
[04:52:12]   battery   :   -2.116
[04:52:12]   customer  : -119.221
[04:52:12] Buffer大小:   168
[04:52:12] 噪声水平: 0.0993
[04:52:12] 
动作统计:
[04:52:12]   wind      : mean=-0.055, std= 0.094, min=-0.211, max= 0.206
[04:52:12]   solar     : mean=-0.014, std= 0.087, min=-0.194, max= 0.136
[04:52:12]   diesel    : mean=-0.038, std= 0.104, min=-0.288, max= 0.162
[04:52:12]   battery   : mean=-0.005, std= 0.101, min=-0.200, max= 0.204
[04:52:12]   customer  : mean= 0.049, std= 0.094, min=-0.095, max= 0.205
[04:52:12] 
======================================================================
[04:52:12] Episode 3/200
[04:52:12] ======================================================================
[04:52:12] 总奖励:  8749.88 | 步数: 24
[04:52:12] 最近10个episodes平均:  9944.67
[04:52:12] 各Agent奖励:
[04:52:12]   wind      : 6628.156
[04:52:12]   solar     : 2065.930
[04:52:12]   diesel    :  179.342
[04:52:12]   battery   :    1.909
[04:52:12]   customer  : -125.460
[04:52:12] Buffer大小:   192
[04:52:12] 噪声水平: 0.0992
[04:52:12] 
动作统计:
[04:52:12]   wind      : mean=-0.069, std= 0.109, min=-0.229, max= 0.146
[04:52:12]   solar     : mean=-0.051, std= 0.084, min=-0.209, max= 0.087
[04:52:12]   diesel    : mean=-0.054, std= 0.104, min=-0.325, max= 0.133
[04:52:12]   battery   : mean= 0.032, std= 0.096, min=-0.195, max= 0.236
[04:52:12]   customer  : mean= 0.040, std= 0.119, min=-0.170, max= 0.333
[04:52:13] 
======================================================================
[04:52:13] Episode 4/200
[04:52:13] ======================================================================
[04:52:13] 总奖励:  7691.44 | 步数: 24
[04:52:13] 最近10个episodes平均:  9381.36
[04:52:13] 各Agent奖励:
[04:52:13]   wind      : 5373.681
[04:52:13]   solar     : 1568.020
[04:52:13]   diesel    :  877.563
[04:52:13]   battery   :    8.028
[04:52:13]   customer  : -135.850
[04:52:13] Buffer大小:   216
[04:52:13] 噪声水平: 0.0991
[04:52:13] 
动作统计:
[04:52:13]   wind      : mean=-0.084, std= 0.081, min=-0.243, max= 0.036
[04:52:13]   solar     : mean=-0.165, std= 0.102, min=-0.425, max= 0.001
[04:52:13]   diesel    : mean=-0.034, std= 0.121, min=-0.263, max= 0.198
[04:52:13]   battery   : mean= 0.089, std= 0.094, min=-0.094, max= 0.285
[04:52:13]   customer  : mean= 0.077, std= 0.116, min=-0.131, max= 0.292
[04:52:13] 
======================================================================
[04:52:13] Episode 5/200
[04:52:13] ======================================================================
[04:52:13] 总奖励:  6144.10 | 步数: 24
[04:52:13] 最近10个episodes平均:  8733.91
[04:52:13] 各Agent奖励:
[04:52:13]   wind      : 3217.539
[04:52:13]   solar     : 1716.063
[04:52:13]   diesel    : 1312.636
[04:52:13]   battery   :   10.883
[04:52:13]   customer  : -113.021
[04:52:13] Buffer大小:   240
[04:52:13] 噪声水平: 0.0990
[04:52:13] 
动作统计:
[04:52:13]   wind      : mean=-0.116, std= 0.080, min=-0.305, max= 0.074
[04:52:13]   solar     : mean=-0.204, std= 0.086, min=-0.351, max=-0.008
[04:52:13]   diesel    : mean=-0.017, std= 0.153, min=-0.296, max= 0.244
[04:52:13]   battery   : mean= 0.135, std= 0.106, min=-0.106, max= 0.323
[04:52:13]   customer  : mean= 0.134, std= 0.089, min=-0.012, max= 0.342
[04:52:13] 
======================================================================
[04:52:13] Episode 6/200
[04:52:13] ======================================================================
[04:52:13] 总奖励: -3351.10 | 步数: 24
[04:52:13] 最近10个episodes平均:  6719.74
[04:52:13] 各Agent奖励:
[04:52:13]   wind      : -3303.516
[04:52:13]   solar     : -1397.334
[04:52:13]   diesel    : 1410.327
[04:52:13]   battery   :   13.437
[04:52:13]   customer  :  -74.011
[04:52:13] Buffer大小:   264
[04:52:13] 噪声水平: 0.0989
[04:52:13] 
动作统计:
[04:52:13]   wind      : mean=-0.279, std= 0.109, min=-0.495, max=-0.051
[04:52:13]   solar     : mean=-0.425, std= 0.107, min=-0.634, max=-0.208
[04:52:13]   diesel    : mean= 0.021, std= 0.231, min=-0.314, max= 0.447
[04:52:13]   battery   : mean= 0.244, std= 0.151, min=-0.047, max= 0.598
[04:52:13]   customer  : mean= 0.293, std= 0.121, min= 0.112, max= 0.559
[04:52:13] 
======================================================================
[04:52:13] Episode 7/200
[04:52:13] ======================================================================
[04:52:13] 总奖励: -5620.70 | 步数: 24
[04:52:13] 最近10个episodes平均:  4956.82
[04:52:13] 各Agent奖励:
[04:52:13]   wind      : -4118.283
[04:52:13]   solar     : -2834.569
[04:52:13]   diesel    : 1387.921
[04:52:13]   battery   :   14.146
[04:52:13]   customer  :  -69.912
[04:52:13] Buffer大小:   288
[04:52:13] 噪声水平: 0.0988
[04:52:13] 
动作统计:
[04:52:13]   wind      : mean=-0.446, std= 0.111, min=-0.663, max=-0.200
[04:52:13]   solar     : mean=-0.524, std= 0.134, min=-0.887, max=-0.233
[04:52:13]   diesel    : mean= 0.038, std= 0.407, min=-0.507, max= 0.662
[04:52:13]   battery   : mean= 0.343, std= 0.156, min=-0.031, max= 0.689
[04:52:13]   customer  : mean= 0.422, std= 0.107, min= 0.211, max= 0.652
[04:52:13] 
======================================================================
[04:52:13] Episode 8/200
[04:52:13] ======================================================================
[04:52:13] 总奖励: -14800.62 | 步数: 24
[04:52:13] 最近10个episodes平均:  2487.14
[04:52:13] 各Agent奖励:
[04:52:13]   wind      : -8295.760
[04:52:13]   solar     : -1622.031
[04:52:13]   diesel    : -4888.615
[04:52:13]   battery   :    0.000
[04:52:13]   customer  :    5.783
[04:52:13] Buffer大小:   312
[04:52:13] 噪声水平: 0.0987
[04:52:13] 
动作统计:
[04:52:13]   wind      : mean=-0.582, std= 0.093, min=-0.695, max=-0.370
[04:52:13]   solar     : mean=-0.516, std= 0.087, min=-0.648, max=-0.320
[04:52:13]   diesel    : mean= 0.062, std= 0.574, min=-0.636, max= 0.815
[04:52:13]   battery   : mean= 0.455, std= 0.188, min= 0.115, max= 0.779
[04:52:13]   customer  : mean= 0.585, std= 0.105, min= 0.318, max= 0.738
[04:52:13] 
======================================================================
[04:52:13] Episode 9/200
[04:52:13] ======================================================================
[04:52:13] 总奖励: -10158.75 | 步数: 24
[04:52:13] 最近10个episodes平均:  1082.04
[04:52:13] 各Agent奖励:
[04:52:13]   wind      : -5168.432
[04:52:13]   solar     : -282.921
[04:52:13]   diesel    : -4640.654
[04:52:13]   battery   :    0.000
[04:52:13]   customer  :  -66.743
[04:52:13] Buffer大小:   336
[04:52:13] 噪声水平: 0.0986
[04:52:13] 
动作统计:
[04:52:13]   wind      : mean=-0.658, std= 0.115, min=-0.874, max=-0.479
[04:52:13]   solar     : mean=-0.513, std= 0.118, min=-0.774, max=-0.248
[04:52:13]   diesel    : mean= 0.034, std= 0.730, min=-0.905, max= 0.890
[04:52:13]   battery   : mean= 0.619, std= 0.158, min= 0.272, max= 0.867
[04:52:13]   customer  : mean= 0.781, std= 0.114, min= 0.613, max= 1.000
[04:52:13] 
======================================================================
[04:52:13] Episode 10/200
[04:52:13] ======================================================================
[04:52:13] 总奖励: -8358.56 | 步数: 24
[04:52:13] 最近10个episodes平均:   137.98
[04:52:13] 各Agent奖励:
[04:52:13]   wind      : -855.858
[04:52:13]   solar     :    0.000
[04:52:13]   diesel    : -7427.071
[04:52:13]   battery   :    0.000
[04:52:13]   customer  :  -75.633
[04:52:13] Buffer大小:   360
[04:52:13] 噪声水平: 0.0985
[04:52:13] 
动作统计:
[04:52:13]   wind      : mean=-0.663, std= 0.085, min=-0.845, max=-0.439
[04:52:13]   solar     : mean=-0.391, std= 0.087, min=-0.579, max=-0.233
[04:52:13]   diesel    : mean= 0.045, std= 0.838, min=-0.972, max= 1.000
[04:52:13]   battery   : mean= 0.695, std= 0.167, min= 0.371, max= 1.000
[04:52:13]   customer  : mean= 0.836, std= 0.096, min= 0.663, max= 1.000
[04:52:13] 
📊 生成可视化图表...
[04:52:14]   ✓ 训练曲线: debug_plots/training_ep0010.png
[04:52:14]   ✓ Agent分析: debug_plots/agents_ep0010.png
[04:52:14] 
======================================================================
[04:52:14] Episode 11/200
[04:52:14] ======================================================================
[04:52:14] 总奖励: -7072.96 | 步数: 24
[04:52:14] 最近10个episodes平均: -1499.37
[04:52:14] 各Agent奖励:
[04:52:14]   wind      :    0.000
[04:52:14]   solar     :    0.000
[04:52:14]   diesel    : -6971.140
[04:52:14]   battery   :    0.000
[04:52:14]   customer  : -101.820
[04:52:14] Buffer大小:   384
[04:52:14] 噪声水平: 0.0984
[04:52:14] 
动作统计:
[04:52:14]   wind      : mean=-0.567, std= 0.082, min=-0.687, max=-0.389
[04:52:14]   solar     : mean=-0.206, std= 0.075, min=-0.414, max=-0.029
[04:52:14]   diesel    : mean= 0.015, std= 0.896, min=-1.000, max= 1.000
[04:52:14]   battery   : mean= 0.759, std= 0.118, min= 0.512, max= 1.000
[04:52:14]   customer  : mean= 0.891, std= 0.083, min= 0.726, max= 1.000
[04:52:14] 
======================================================================
[04:52:14] Episode 12/200
[04:52:14] ======================================================================
[04:52:14] 总奖励: -3409.22 | 步数: 24
[04:52:14] 最近10个episodes平均: -3018.65
[04:52:14] 各Agent奖励:
[04:52:14]   wind      :    0.000
[04:52:14]   solar     :    0.000
[04:52:14]   diesel    : -3259.714
[04:52:14]   battery   :    0.000
[04:52:14]   customer  : -149.509
[04:52:14] Buffer大小:   408
[04:52:14] 噪声水平: 0.0983
[04:52:14] 
动作统计:
[04:52:14]   wind      : mean=-0.396, std= 0.113, min=-0.639, max=-0.187
[04:52:14]   solar     : mean=-0.033, std= 0.097, min=-0.193, max= 0.229
[04:52:14]   diesel    : mean= 0.062, std= 0.879, min=-1.000, max= 1.000
[04:52:14]   battery   : mean= 0.837, std= 0.116, min= 0.485, max= 1.000
[04:52:14]   customer  : mean= 0.942, std= 0.061, min= 0.797, max= 1.000
[04:52:14] 
======================================================================
[04:52:14] Episode 13/200
[04:52:14] ======================================================================
[04:52:14] 总奖励: -3464.79 | 步数: 24
[04:52:14] 最近10个episodes平均: -4240.12
[04:52:14] 各Agent奖励:
[04:52:14]   wind      :    0.000
[04:52:14]   solar     :    0.000
[04:52:14]   diesel    : -3320.393
[04:52:14]   battery   :    0.000
[04:52:14]   customer  : -144.396
[04:52:14] Buffer大小:   432
[04:52:14] 噪声水平: 0.0982
[04:52:14] 
动作统计:
[04:52:14]   wind      : mean=-0.212, std= 0.072, min=-0.349, max=-0.084
[04:52:14]   solar     : mean= 0.204, std= 0.089, min= 0.057, max= 0.402
[04:52:14]   diesel    : mean= 0.060, std= 0.893, min=-1.000, max= 1.000
[04:52:14]   battery   : mean= 0.847, std= 0.118, min= 0.602, max= 1.000
[04:52:14]   customer  : mean= 0.937, std= 0.061, min= 0.807, max= 1.000
[04:52:14] 
======================================================================
[04:52:14] Episode 14/200
[04:52:14] ======================================================================
[04:52:14] 总奖励: -2093.57 | 步数: 24
[04:52:14] 最近10个episodes平均: -5218.62
[04:52:14] 各Agent奖励:
[04:52:14]   wind      :    0.000
[04:52:14]   solar     :    0.000
[04:52:14]   diesel    : -1933.006
[04:52:14]   battery   :    0.000
[04:52:14]   customer  : -160.564
[04:52:14] Buffer大小:   456
[04:52:14] 噪声水平: 0.0981
[04:52:14] 
动作统计:
[04:52:14]   wind      : mean= 0.060, std= 0.101, min=-0.093, max= 0.278
[04:52:14]   solar     : mean= 0.395, std= 0.121, min= 0.137, max= 0.675
[04:52:14]   diesel    : mean= 0.109, std= 0.811, min=-0.952, max= 1.000
[04:52:14]   battery   : mean= 0.901, std= 0.088, min= 0.630, max= 1.000
[04:52:14]   customer  : mean= 0.959, std= 0.078, min= 0.693, max= 1.000
[04:52:15] 
======================================================================
[04:52:15] Episode 15/200
[04:52:15] ======================================================================
[04:52:15] 总奖励:  -895.95 | 步数: 24
[04:52:15] 最近10个episodes平均: -5922.62
[04:52:15] 各Agent奖励:
[04:52:15]   wind      :    0.000
[04:52:15]   solar     :    0.000
[04:52:15]   diesel    : -721.261
[04:52:15]   battery   :    0.000
[04:52:15]   customer  : -174.693
[04:52:15] Buffer大小:   480
[04:52:15] 噪声水平: 0.0980
[04:52:15] 
动作统计:
[04:52:15]   wind      : mean= 0.267, std= 0.102, min= 0.033, max= 0.430
[04:52:15]   solar     : mean= 0.567, std= 0.123, min= 0.343, max= 0.857
[04:52:15]   diesel    : mean= 0.289, std= 0.666, min=-0.559, max= 1.000
[04:52:15]   battery   : mean= 0.918, std= 0.089, min= 0.669, max= 1.000
[04:52:15]   customer  : mean= 0.961, std= 0.061, min= 0.769, max= 1.000
[04:52:15] 
======================================================================
[04:52:15] Episode 16/200
[04:52:15] ======================================================================
[04:52:15] 总奖励:   557.53 | 步数: 24
[04:52:15] 最近10个episodes平均: -5531.76
[04:52:15] 各Agent奖励:
[04:52:15]   wind      :    0.000
[04:52:15]   solar     :    0.000
[04:52:15]   diesel    :  746.507
[04:52:15]   battery   :    0.000
[04:52:15]   customer  : -188.979
[04:52:15] Buffer大小:   504
[04:52:15] 噪声水平: 0.0979
[04:52:15] 
动作统计:
[04:52:15]   wind      : mean= 0.529, std= 0.126, min= 0.325, max= 0.791
[04:52:15]   solar     : mean= 0.686, std= 0.110, min= 0.458, max= 0.917
[04:52:15]   diesel    : mean= 0.523, std= 0.445, min=-0.082, max= 1.000
[04:52:15]   battery   : mean= 0.958, std= 0.051, min= 0.854, max= 1.000
[04:52:15]   customer  : mean= 0.957, std= 0.059, min= 0.801, max= 1.000
[04:52:15] 
======================================================================
[04:52:15] Episode 17/200
[04:52:15] ======================================================================
[04:52:15] 总奖励:  2466.07 | 步数: 24
[04:52:15] 最近10个episodes平均: -4723.08
[04:52:15] 各Agent奖励:
[04:52:15]   wind      :    0.000
[04:52:15]   solar     :    0.000
[04:52:15]   diesel    : 2675.638
[04:52:15]   battery   :    0.000
[04:52:15]   customer  : -209.565
[04:52:15] Buffer大小:   528
[04:52:15] 噪声水平: 0.0978
[04:52:15] 
动作统计:
[04:52:15]   wind      : mean= 0.647, std= 0.108, min= 0.483, max= 0.917
[04:52:15]   solar     : mean= 0.784, std= 0.125, min= 0.527, max= 1.000
[04:52:15]   diesel    : mean= 0.705, std= 0.262, min= 0.286, max= 1.000
[04:52:15]   battery   : mean= 0.940, std= 0.076, min= 0.738, max= 1.000
[04:52:15]   customer  : mean= 0.936, std= 0.076, min= 0.732, max= 1.000
[04:52:15] 
======================================================================
[04:52:15] Episode 18/200
[04:52:15] ======================================================================
[04:52:15] 总奖励:  2435.83 | 步数: 24
[04:52:15] 最近10个episodes平均: -2999.44
[04:52:15] 各Agent奖励:
[04:52:15]   wind      :   81.843
[04:52:15]   solar     :    0.000
[04:52:15]   diesel    : 2563.165
[04:52:15]   battery   :    0.000
[04:52:15]   customer  : -209.174
[04:52:15] Buffer大小:   552
[04:52:15] 噪声水平: 0.0977
[04:52:15] 
动作统计:
[04:52:15]   wind      : mean= 0.759, std= 0.085, min= 0.622, max= 0.932
[04:52:15]   solar     : mean= 0.859, std= 0.102, min= 0.644, max= 1.000
[04:52:15]   diesel    : mean= 0.817, std= 0.156, min= 0.485, max= 1.000
[04:52:15]   battery   : mean= 0.946, std= 0.055, min= 0.799, max= 1.000
[04:52:15]   customer  : mean= 0.955, std= 0.050, min= 0.839, max= 1.000
[04:52:15] 
======================================================================
[04:52:15] Episode 19/200
[04:52:15] ======================================================================
[04:52:15] 总奖励:  1654.54 | 步数: 24
[04:52:15] 最近10个episodes平均: -1818.11
[04:52:15] 各Agent奖励:
[04:52:15]   wind      :  980.245
[04:52:15]   solar     :    0.000
[04:52:15]   diesel    :  878.274
[04:52:15]   battery   :    0.000
[04:52:15]   customer  : -203.975
[04:52:15] Buffer大小:   576
[04:52:15] 噪声水平: 0.0976
[04:52:15] 
动作统计:
[04:52:15]   wind      : mean= 0.856, std= 0.089, min= 0.667, max= 1.000
[04:52:15]   solar     : mean= 0.906, std= 0.091, min= 0.711, max= 1.000
[04:52:15]   diesel    : mean= 0.907, std= 0.092, min= 0.690, max= 1.000
[04:52:15]   battery   : mean= 0.954, std= 0.063, min= 0.766, max= 1.000
[04:52:15]   customer  : mean= 0.967, std= 0.044, min= 0.858, max= 1.000
[04:52:15] 
======================================================================
[04:52:15] Episode 20/200
[04:52:15] ======================================================================
[04:52:15] 总奖励:  1878.30 | 步数: 24
[04:52:15] 最近10个episodes平均:  -794.42
[04:52:15] 各Agent奖励:
[04:52:15]   wind      : 1711.672
[04:52:15]   solar     :    0.000
[04:52:15]   diesel    :  370.026
[04:52:15]   battery   :    4.963
[04:52:15]   customer  : -208.357
[04:52:15] Buffer大小:   600
[04:52:15] 噪声水平: 0.0975
[04:52:15] 
动作统计:
[04:52:15]   wind      : mean= 0.869, std= 0.108, min= 0.671, max= 1.000
[04:52:15]   solar     : mean= 0.911, std= 0.091, min= 0.669, max= 1.000
[04:52:15]   diesel    : mean= 0.929, std= 0.083, min= 0.694, max= 1.000
[04:52:15]   battery   : mean= 0.950, std= 0.062, min= 0.807, max= 1.000
[04:52:15]   customer  : mean= 0.966, std= 0.047, min= 0.823, max= 1.000
[04:52:15] 
📊 生成可视化图表...
[04:52:16]   ✓ 训练曲线: debug_plots/training_ep0020.png
[04:52:16]   ✓ Agent分析: debug_plots/agents_ep0020.png
[04:52:16] 
======================================================================
[04:52:16] Episode 21/200
[04:52:16] ======================================================================
[04:52:16] 总奖励:  1653.62 | 步数: 24
[04:52:16] 最近10个episodes平均:    78.24
[04:52:16] 各Agent奖励:
[04:52:16]   wind      :  700.866
[04:52:16]   solar     :  373.283
[04:52:16]   diesel    :  775.831
[04:52:16]   battery   :    6.686
[04:52:16]   customer  : -203.047
[04:52:16] Buffer大小:   624
[04:52:16] 噪声水平: 0.0974
[04:52:16] 
动作统计:
[04:52:16]   wind      : mean= 0.951, std= 0.063, min= 0.805, max= 1.000
[04:52:16]   solar     : mean= 0.940, std= 0.067, min= 0.742, max= 1.000
[04:52:16]   diesel    : mean= 0.928, std= 0.073, min= 0.737, max= 1.000
[04:52:16]   battery   : mean= 0.951, std= 0.056, min= 0.781, max= 1.000
[04:52:16]   customer  : mean= 0.971, std= 0.044, min= 0.844, max= 1.000
[04:52:16] 
======================================================================
[04:52:16] Episode 22/200
[04:52:16] ======================================================================
[04:52:16] 总奖励:  1779.93 | 步数: 24
[04:52:16] 最近10个episodes平均:   597.15
[04:52:16] 各Agent奖励:
[04:52:16]   wind      :  260.387
[04:52:16]   solar     :    7.687
[04:52:16]   diesel    : 1717.222
[04:52:16]   battery   :    7.115
[04:52:16]   customer  : -212.479
[04:52:16] Buffer大小:   648
[04:52:16] 噪声水平: 0.0973
[04:52:16] 
动作统计:
[04:52:16]   wind      : mean= 0.920, std= 0.077, min= 0.741, max= 1.000
[04:52:16]   solar     : mean= 0.929, std= 0.067, min= 0.821, max= 1.000
[04:52:16]   diesel    : mean= 0.933, std= 0.080, min= 0.705, max= 1.000
[04:52:16]   battery   : mean= 0.936, std= 0.073, min= 0.767, max= 1.000
[04:52:16]   customer  : mean= 0.962, std= 0.056, min= 0.816, max= 1.000
[04:52:16] 
======================================================================
[04:52:16] Episode 23/200
[04:52:16] ======================================================================
[04:52:16] 总奖励:  1829.94 | 步数: 24
[04:52:16] 最近10个episodes平均:  1126.63
[04:52:16] 各Agent奖励:
[04:52:16]   wind      : 1016.125
[04:52:16]   solar     :  867.103
[04:52:16]   diesel    :  149.612
[04:52:16]   battery   :    2.959
[04:52:16]   customer  : -205.855
[04:52:16] Buffer大小:   672
[04:52:16] 噪声水平: 0.0972
[04:52:16] 
动作统计:
[04:52:16]   wind      : mean= 0.948, std= 0.076, min= 0.741, max= 1.000
[04:52:16]   solar     : mean= 0.939, std= 0.068, min= 0.799, max= 1.000
[04:52:16]   diesel    : mean= 0.976, std= 0.047, min= 0.782, max= 1.000
[04:52:16]   battery   : mean= 0.950, std= 0.063, min= 0.791, max= 1.000
[04:52:16]   customer  : mean= 0.972, std= 0.041, min= 0.858, max= 1.000
[04:52:16] 
======================================================================
[04:52:16] Episode 24/200
[04:52:16] ======================================================================
[04:52:16] 总奖励:  2190.39 | 步数: 24
[04:52:16] 最近10个episodes平均:  1555.02
[04:52:16] 各Agent奖励:
[04:52:16]   wind      :  852.954
[04:52:16]   solar     :    0.000
[04:52:16]   diesel    : 1544.245
[04:52:16]   battery   :    8.907
[04:52:16]   customer  : -215.712
[04:52:16] Buffer大小:   696
[04:52:16] 噪声水平: 0.0971
[04:52:16] 
动作统计:
[04:52:16]   wind      : mean= 0.952, std= 0.054, min= 0.840, max= 1.000
[04:52:16]   solar     : mean= 0.939, std= 0.055, min= 0.811, max= 1.000
[04:52:16]   diesel    : mean= 0.955, std= 0.060, min= 0.812, max= 1.000
[04:52:16]   battery   : mean= 0.965, std= 0.057, min= 0.772, max= 1.000
[04:52:16]   customer  : mean= 0.951, std= 0.083, min= 0.649, max= 1.000
[04:52:17] 
======================================================================
[04:52:17] Episode 25/200
[04:52:17] ======================================================================
[04:52:17] 总奖励:  1778.99 | 步数: 24
[04:52:17] 最近10个episodes平均:  1822.52
[04:52:17] 各Agent奖励:
[04:52:17]   wind      : 1063.319
[04:52:17]   solar     :  447.656
[04:52:17]   diesel    :  464.469
[04:52:17]   battery   :   17.439
[04:52:17]   customer  : -213.892
[04:52:17] Buffer大小:   720
[04:52:17] 噪声水平: 0.0970
[04:52:17] 
动作统计:
[04:52:17]   wind      : mean= 0.945, std= 0.050, min= 0.861, max= 1.000
[04:52:17]   solar     : mean= 0.946, std= 0.070, min= 0.786, max= 1.000
[04:52:17]   diesel    : mean= 0.972, std= 0.042, min= 0.828, max= 1.000
[04:52:17]   battery   : mean= 0.939, std= 0.067, min= 0.763, max= 1.000
[04:52:17]   customer  : mean= 0.953, std= 0.049, min= 0.866, max= 1.000
[04:52:17] 
======================================================================
[04:52:17] Episode 26/200
[04:52:17] ======================================================================
[04:52:17] 总奖励:  1123.90 | 步数: 24
[04:52:17] 最近10个episodes平均:  1879.15
[04:52:17] 各Agent奖励:
[04:52:17]   wind      :   94.348
[04:52:17]   solar     :  462.194
[04:52:17]   diesel    :  765.626
[04:52:17]   battery   :    6.345
[04:52:17]   customer  : -204.608
[04:52:17] Buffer大小:   744
[04:52:17] 噪声水平: 0.0969
[04:52:17] 
动作统计:
[04:52:17]   wind      : mean= 0.960, std= 0.064, min= 0.748, max= 1.000
[04:52:17]   solar     : mean= 0.937, std= 0.069, min= 0.769, max= 1.000
[04:52:17]   diesel    : mean= 0.964, std= 0.054, min= 0.786, max= 1.000
[04:52:17]   battery   : mean= 0.956, std= 0.055, min= 0.818, max= 1.000
[04:52:17]   customer  : mean= 0.976, std= 0.043, min= 0.836, max= 1.000
[04:52:17] 
======================================================================
[04:52:17] Episode 27/200
[04:52:17] ======================================================================
[04:52:17] 总奖励:  3167.07 | 步数: 24
[04:52:17] 最近10个episodes平均:  1949.25
[04:52:17] 各Agent奖励:
[04:52:17]   wind      : 2381.288
[04:52:17]   solar     :  451.268
[04:52:17]   diesel    :  541.765
[04:52:17]   battery   :    7.176
[04:52:17]   customer  : -214.423
[04:52:17] Buffer大小:   768
[04:52:17] 噪声水平: 0.0968
[04:52:17] 
动作统计:
[04:52:17]   wind      : mean= 0.960, std= 0.046, min= 0.862, max= 1.000
[04:52:17]   solar     : mean= 0.934, std= 0.060, min= 0.814, max= 1.000
[04:52:17]   diesel    : mean= 0.944, std= 0.067, min= 0.728, max= 1.000
[04:52:17]   battery   : mean= 0.975, std= 0.047, min= 0.766, max= 1.000
[04:52:17]   customer  : mean= 0.956, std= 0.061, min= 0.797, max= 1.000
[04:52:17] 
======================================================================
[04:52:17] Episode 28/200
[04:52:17] ======================================================================
[04:52:17] 总奖励:  2684.49 | 步数: 24
[04:52:17] 最近10个episodes平均:  1974.12
[04:52:17] 各Agent奖励:
[04:52:17]   wind      :  440.069
[04:52:17]   solar     :  670.498
[04:52:17]   diesel    : 1781.336
[04:52:17]   battery   :   29.439
[04:52:17]   customer  : -236.855
[04:52:17] Buffer大小:   792
[04:52:17] 噪声水平: 0.0968
[04:52:17] 
动作统计:
[04:52:17]   wind      : mean= 0.971, std= 0.048, min= 0.803, max= 1.000
[04:52:17]   solar     : mean= 0.967, std= 0.054, min= 0.808, max= 1.000
[04:52:17]   diesel    : mean= 0.971, std= 0.050, min= 0.811, max= 1.000
[04:52:17]   battery   : mean= 0.962, std= 0.061, min= 0.714, max= 1.000
[04:52:17]   customer  : mean= 0.934, std= 0.065, min= 0.770, max= 1.000
[04:52:17] 
======================================================================
[04:52:17] Episode 29/200
[04:52:17] ======================================================================
[04:52:17] 总奖励:  1958.22 | 步数: 24
[04:52:17] 最近10个episodes平均:  2004.49
[04:52:17] 各Agent奖励:
[04:52:17]   wind      : 1042.659
[04:52:17]   solar     :    0.000
[04:52:17]   diesel    : 1121.573
[04:52:17]   battery   :    8.562
[04:52:17]   customer  : -214.578
[04:52:17] Buffer大小:   816
[04:52:17] 噪声水平: 0.0967
[04:52:17] 
动作统计:
[04:52:17]   wind      : mean= 0.958, std= 0.055, min= 0.843, max= 1.000
[04:52:17]   solar     : mean= 0.977, std= 0.044, min= 0.844, max= 1.000
[04:52:17]   diesel    : mean= 0.948, std= 0.072, min= 0.750, max= 1.000
[04:52:17]   battery   : mean= 0.969, std= 0.054, min= 0.780, max= 1.000
[04:52:17]   customer  : mean= 0.966, std= 0.060, min= 0.801, max= 1.000
[04:52:17] 
======================================================================
[04:52:17] Episode 30/200
[04:52:17] ======================================================================
[04:52:17] 总奖励:  1329.87 | 步数: 24
[04:52:17] 最近10个episodes平均:  1949.64
[04:52:17] 各Agent奖励:
[04:52:17]   wind      :  341.205
[04:52:17]   solar     :  598.589
[04:52:17]   diesel    :  586.490
[04:52:17]   battery   :    9.648
[04:52:17]   customer  : -206.061
[04:52:17] Buffer大小:   840
[04:52:17] 噪声水平: 0.0966
[04:52:17] 
动作统计:
[04:52:17]   wind      : mean= 0.939, std= 0.081, min= 0.670, max= 1.000
[04:52:17]   solar     : mean= 0.938, std= 0.059, min= 0.809, max= 1.000
[04:52:17]   diesel    : mean= 0.950, std= 0.060, min= 0.766, max= 1.000
[04:52:17]   battery   : mean= 0.953, std= 0.060, min= 0.744, max= 1.000
[04:52:17]   customer  : mean= 0.968, std= 0.044, min= 0.809, max= 1.000
[04:52:17] 
📊 生成可视化图表...
[04:52:18]   ✓ 训练曲线: debug_plots/training_ep0030.png
[04:52:18]   ✓ Agent分析: debug_plots/agents_ep0030.png
[04:52:18] 
======================================================================
[04:52:18] Episode 31/200
[04:52:18] ======================================================================
[04:52:18] 总奖励:   722.12 | 步数: 24
[04:52:18] 最近10个episodes平均:  1856.49
[04:52:18] 各Agent奖励:
[04:52:18]   wind      :  739.285
[04:52:18]   solar     :   64.202
[04:52:18]   diesel    :  105.926
[04:52:18]   battery   :   16.385
[04:52:18]   customer  : -203.677
[04:52:18] Buffer大小:   864
[04:52:18] 噪声水平: 0.0965
[04:52:18] 
动作统计:
[04:52:18]   wind      : mean= 0.979, std= 0.028, min= 0.918, max= 1.000
[04:52:18]   solar     : mean= 0.949, std= 0.064, min= 0.752, max= 1.000
[04:52:18]   diesel    : mean= 0.958, std= 0.059, min= 0.788, max= 1.000
[04:52:18]   battery   : mean= 0.936, std= 0.087, min= 0.591, max= 1.000
[04:52:18]   customer  : mean= 0.966, std= 0.052, min= 0.792, max= 1.000
[04:52:18] 
======================================================================
[04:52:18] Episode 32/200
[04:52:18] ======================================================================
[04:52:18] 总奖励:   910.78 | 步数: 24
[04:52:18] 最近10个episodes平均:  1769.58
[04:52:18] 各Agent奖励:
[04:52:18]   wind      :  481.882
[04:52:18]   solar     :  307.365
[04:52:18]   diesel    :  319.966
[04:52:18]   battery   :   14.081
[04:52:18]   customer  : -212.511
[04:52:18] Buffer大小:   888
[04:52:18] 噪声水平: 0.0964
[04:52:18] 
动作统计:
[04:52:18]   wind      : mean= 0.965, std= 0.054, min= 0.791, max= 1.000
[04:52:18]   solar     : mean= 0.963, std= 0.057, min= 0.778, max= 1.000
[04:52:18]   diesel    : mean= 0.946, std= 0.061, min= 0.764, max= 1.000
[04:52:18]   battery   : mean= 0.923, std= 0.090, min= 0.682, max= 1.000
[04:52:18]   customer  : mean= 0.960, std= 0.052, min= 0.806, max= 1.000
[04:52:18] 
======================================================================
[04:52:18] Episode 33/200
[04:52:18] ======================================================================
[04:52:18] 总奖励:   -59.57 | 步数: 24
[04:52:18] 最近10个episodes平均:  1580.63
[04:52:18] 各Agent奖励:
[04:52:18]   wind      :    0.000
[04:52:18]   solar     :    0.000
[04:52:18]   diesel    :  131.502
[04:52:18]   battery   :   16.016
[04:52:18]   customer  : -207.085
[04:52:18] Buffer大小:   912
[04:52:18] 噪声水平: 0.0963
[04:52:18] 
动作统计:
[04:52:18]   wind      : mean= 0.940, std= 0.085, min= 0.744, max= 1.000
[04:52:18]   solar     : mean= 0.935, std= 0.081, min= 0.714, max= 1.000
[04:52:18]   diesel    : mean= 0.971, std= 0.046, min= 0.747, max= 1.000
[04:52:18]   battery   : mean= 0.833, std= 0.157, min= 0.486, max= 1.000
[04:52:18]   customer  : mean= 0.969, std= 0.050, min= 0.837, max= 1.000
[04:52:18] 
======================================================================
[04:52:18] Episode 34/200
[04:52:18] ======================================================================
[04:52:18] 总奖励:    47.34 | 步数: 24
[04:52:18] 最近10个episodes平均:  1366.32
[04:52:18] 各Agent奖励:
[04:52:18]   wind      :  233.571
[04:52:18]   solar     :    0.000
[04:52:18]   diesel    :    0.000
[04:52:18]   battery   :   22.314
[04:52:18]   customer  : -208.542
[04:52:18] Buffer大小:   936
[04:52:18] 噪声水平: 0.0962
[04:52:18] 
动作统计:
[04:52:18]   wind      : mean= 0.981, std= 0.030, min= 0.868, max= 1.000
[04:52:18]   solar     : mean= 0.972, std= 0.035, min= 0.885, max= 1.000
[04:52:18]   diesel    : mean= 0.956, std= 0.057, min= 0.791, max= 1.000
[04:52:18]   battery   : mean= 0.686, std= 0.305, min= 0.144, max= 1.000
[04:52:18]   customer  : mean= 0.940, std= 0.065, min= 0.795, max= 1.000
[04:52:19] 
======================================================================
[04:52:19] Episode 35/200
[04:52:19] ======================================================================
[04:52:19] 总奖励:  -181.16 | 步数: 24
[04:52:19] 最近10个episodes平均:  1170.31
[04:52:19] 各Agent奖励:
[04:52:19]   wind      :    0.000
[04:52:19]   solar     :    0.000
[04:52:19]   diesel    :    0.000
[04:52:19]   battery   :    3.320
[04:52:19]   customer  : -184.482
[04:52:19] Buffer大小:   960
[04:52:19] 噪声水平: 0.0961
[04:52:19] 
动作统计:
[04:52:19]   wind      : mean= 0.981, std= 0.034, min= 0.871, max= 1.000
[04:52:19]   solar     : mean= 0.962, std= 0.045, min= 0.863, max= 1.000
[04:52:19]   diesel    : mean= 0.962, std= 0.050, min= 0.828, max= 1.000
[04:52:19]   battery   : mean= 0.462, std= 0.487, min=-0.339, max= 1.000
[04:52:19]   customer  : mean= 0.962, std= 0.038, min= 0.873, max= 1.000
[04:52:19] 
======================================================================
[04:52:19] Episode 36/200
[04:52:19] ======================================================================
[04:52:19] 总奖励:  -185.95 | 步数: 24
[04:52:19] 最近10个episodes平均:  1039.32
[04:52:19] 各Agent奖励:
[04:52:19]   wind      :    0.000
[04:52:19]   solar     :    0.000
[04:52:19]   diesel    :    0.000
[04:52:19]   battery   :   -4.247
[04:52:19]   customer  : -181.700
[04:52:19] Buffer大小:   984
[04:52:19] 噪声水平: 0.0960
[04:52:19] 
动作统计:
[04:52:19]   wind      : mean= 0.958, std= 0.056, min= 0.816, max= 1.000
[04:52:19]   solar     : mean= 0.962, std= 0.045, min= 0.867, max= 1.000
[04:52:19]   diesel    : mean= 0.969, std= 0.048, min= 0.827, max= 1.000
[04:52:19]   battery   : mean= 0.334, std= 0.661, min=-0.589, max= 1.000
[04:52:19]   customer  : mean= 0.957, std= 0.051, min= 0.828, max= 1.000
[04:52:19] 
======================================================================
[04:52:19] Episode 37/200
[04:52:19] ======================================================================
[04:52:19] 总奖励:  -182.69 | 步数: 24
[04:52:19] 最近10个episodes平均:   704.35
[04:52:19] 各Agent奖励:
[04:52:19]   wind      :    0.000
[04:52:19]   solar     :    0.000
[04:52:19]   diesel    :    0.000
[04:52:19]   battery   :  -10.241
[04:52:19]   customer  : -172.450
[04:52:19] Buffer大小:  1008
[04:52:19] 噪声水平: 0.0959
[04:52:19] 
动作统计:
[04:52:19]   wind      : mean= 0.982, std= 0.034, min= 0.858, max= 1.000
[04:52:19]   solar     : mean= 0.949, std= 0.055, min= 0.846, max= 1.000
[04:52:19]   diesel    : mean= 0.963, std= 0.060, min= 0.711, max= 1.000
[04:52:19]   battery   : mean= 0.243, std= 0.721, min=-0.743, max= 1.000
[04:52:19]   customer  : mean= 0.952, std= 0.063, min= 0.768, max= 1.000
[04:52:19] 
======================================================================
[04:52:19] Episode 38/200
[04:52:19] ======================================================================
[04:52:19] 总奖励:  -181.07 | 步数: 24
[04:52:19] 最近10个episodes平均:   417.79
[04:52:19] 各Agent奖励:
[04:52:19]   wind      :    0.000
[04:52:19]   solar     :    0.000
[04:52:19]   diesel    :    0.000
[04:52:19]   battery   :  -12.208
[04:52:19]   customer  : -168.862
[04:52:19] Buffer大小:  1032
[04:52:19] 噪声水平: 0.0958
[04:52:19] 
动作统计:
[04:52:19]   wind      : mean= 0.977, std= 0.043, min= 0.829, max= 1.000
[04:52:19]   solar     : mean= 0.940, std= 0.073, min= 0.765, max= 1.000
[04:52:19]   diesel    : mean= 0.959, std= 0.057, min= 0.799, max= 1.000
[04:52:19]   battery   : mean= 0.259, std= 0.709, min=-0.659, max= 1.000
[04:52:19]   customer  : mean= 0.947, std= 0.050, min= 0.856, max= 1.000
[04:52:19] 
======================================================================
[04:52:19] Episode 39/200
[04:52:19] ======================================================================
[04:52:19] 总奖励:  -186.12 | 步数: 24
[04:52:19] 最近10个episodes平均:   203.36
[04:52:19] 各Agent奖励:
[04:52:19]   wind      :    0.000
[04:52:19]   solar     :    0.000
[04:52:19]   diesel    :    0.000
[04:52:19]   battery   :   -3.046
[04:52:19]   customer  : -183.077
[04:52:19] Buffer大小:  1056
[04:52:19] 噪声水平: 0.0957
[04:52:19] 
动作统计:
[04:52:19]   wind      : mean= 0.946, std= 0.061, min= 0.780, max= 1.000
[04:52:19]   solar     : mean= 0.951, std= 0.054, min= 0.839, max= 1.000
[04:52:19]   diesel    : mean= 0.956, std= 0.057, min= 0.824, max= 1.000
[04:52:19]   battery   : mean= 0.394, std= 0.584, min=-0.502, max= 1.000
[04:52:19]   customer  : mean= 0.956, std= 0.084, min= 0.637, max= 1.000
[04:52:19] 
======================================================================
[04:52:19] Episode 40/200
[04:52:19] ======================================================================
[04:52:19] 总奖励:    24.66 | 步数: 24
[04:52:19] 最近10个episodes平均:    72.83
[04:52:19] 各Agent奖励:
[04:52:19]   wind      :    0.000
[04:52:19]   solar     :    0.000
[04:52:19]   diesel    :  206.840
[04:52:19]   battery   :    7.476
[04:52:19]   customer  : -189.653
[04:52:19] Buffer大小:  1080
[04:52:19] 噪声水平: 0.0956
[04:52:19] 
动作统计:
[04:52:19]   wind      : mean= 0.952, std= 0.061, min= 0.744, max= 1.000
[04:52:19]   solar     : mean= 0.976, std= 0.043, min= 0.844, max= 1.000
[04:52:19]   diesel    : mean= 0.956, std= 0.050, min= 0.841, max= 1.000
[04:52:19]   battery   : mean= 0.512, std= 0.463, min=-0.224, max= 1.000
[04:52:19]   customer  : mean= 0.945, std= 0.061, min= 0.751, max= 1.000
[04:52:19] 
📊 生成可视化图表...
[04:52:20]   ✓ 训练曲线: debug_plots/training_ep0040.png
[04:52:20]   ✓ Agent分析: debug_plots/agents_ep0040.png
[04:52:20] 
======================================================================
[04:52:20] Episode 41/200
[04:52:20] ======================================================================
[04:52:20] 总奖励:  -184.57 | 步数: 24
[04:52:20] 最近10个episodes平均:   -17.83
[04:52:20] 各Agent奖励:
[04:52:20]   wind      :    0.000
[04:52:20]   solar     :    0.000
[04:52:20]   diesel    :    0.000
[04:52:20]   battery   :   12.637
[04:52:20]   customer  : -197.210
[04:52:20] Buffer大小:  1104
[04:52:20] 噪声水平: 0.0955
[04:52:20] 
动作统计:
[04:52:20]   wind      : mean= 0.946, std= 0.054, min= 0.842, max= 1.000
[04:52:20]   solar     : mean= 0.964, std= 0.041, min= 0.889, max= 1.000
[04:52:20]   diesel    : mean= 0.973, std= 0.041, min= 0.828, max= 1.000
[04:52:20]   battery   : mean= 0.586, std= 0.390, min= 0.032, max= 1.000
[04:52:20]   customer  : mean= 0.946, std= 0.077, min= 0.725, max= 1.000
[04:52:20] 
======================================================================
[04:52:20] Episode 42/200
[04:52:20] ======================================================================
[04:52:20] 总奖励:  1490.41 | 步数: 24
[04:52:20] 最近10个episodes平均:    40.13
[04:52:20] 各Agent奖励:
[04:52:20]   wind      :  599.985
[04:52:20]   solar     :  484.622
[04:52:20]   diesel    :  600.890
[04:52:20]   battery   :   21.658
[04:52:20]   customer  : -216.745
[04:52:20] Buffer大小:  1128
[04:52:20] 噪声水平: 0.0954
[04:52:20] 
动作统计:
[04:52:20]   wind      : mean= 0.972, std= 0.054, min= 0.799, max= 1.000
[04:52:20]   solar     : mean= 0.954, std= 0.054, min= 0.821, max= 1.000
[04:52:20]   diesel    : mean= 0.963, std= 0.062, min= 0.718, max= 1.000
[04:52:20]   battery   : mean= 0.671, std= 0.304, min= 0.183, max= 1.000
[04:52:20]   customer  : mean= 0.923, std= 0.083, min= 0.769, max= 1.000
[04:52:20] 
======================================================================
[04:52:20] Episode 43/200
[04:52:20] ======================================================================
[04:52:20] 总奖励:  1507.10 | 步数: 24
[04:52:20] 最近10个episodes平均:   196.80
[04:52:20] 各Agent奖励:
[04:52:20]   wind      : 1223.702
[04:52:20]   solar     :    0.000
[04:52:20]   diesel    :  471.256
[04:52:20]   battery   :   25.169
[04:52:20]   customer  : -213.024
[04:52:20] Buffer大小:  1152
[04:52:20] 噪声水平: 0.0953
[04:52:20] 
动作统计:
[04:52:20]   wind      : mean= 0.970, std= 0.041, min= 0.841, max= 1.000
[04:52:20]   solar     : mean= 0.966, std= 0.059, min= 0.799, max= 1.000
[04:52:20]   diesel    : mean= 0.947, std= 0.072, min= 0.723, max= 1.000
[04:52:20]   battery   : mean= 0.687, std= 0.292, min= 0.123, max= 1.000
[04:52:20]   customer  : mean= 0.911, std= 0.076, min= 0.772, max= 1.000
[04:52:21] 
======================================================================
[04:52:21] Episode 44/200
[04:52:21] ======================================================================
[04:52:21] 总奖励:   904.01 | 步数: 24
[04:52:21] 最近10个episodes平均:   282.46
[04:52:21] 各Agent奖励:
[04:52:21]   wind      :  310.074
[04:52:21]   solar     :    0.000
[04:52:21]   diesel    :  782.707
[04:52:21]   battery   :   24.711
[04:52:21]   customer  : -213.481
[04:52:21] Buffer大小:  1176
[04:52:21] 噪声水平: 0.0952
[04:52:21] 
动作统计:
[04:52:21]   wind      : mean= 0.962, std= 0.051, min= 0.805, max= 1.000
[04:52:21]   solar     : mean= 0.945, std= 0.062, min= 0.824, max= 1.000
[04:52:21]   diesel    : mean= 0.951, std= 0.063, min= 0.769, max= 1.000
[04:52:21]   battery   : mean= 0.730, std= 0.257, min= 0.321, max= 1.000
[04:52:21]   customer  : mean= 0.922, std= 0.074, min= 0.681, max= 1.000
[04:52:21] 
======================================================================
[04:52:21] Episode 45/200
[04:52:21] ======================================================================
[04:52:21] 总奖励:  3730.51 | 步数: 24
[04:52:21] 最近10个episodes平均:   673.63
[04:52:21] 各Agent奖励:
[04:52:21]   wind      : 1739.731
[04:52:21]   solar     :  197.653
[04:52:21]   diesel    : 2002.842
[04:52:21]   battery   :   26.722
[04:52:21]   customer  : -236.438
[04:52:21] Buffer大小:  1200
[04:52:21] 噪声水平: 0.0951
[04:52:21] 
动作统计:
[04:52:21]   wind      : mean= 0.972, std= 0.046, min= 0.837, max= 1.000
[04:52:21]   solar     : mean= 0.966, std= 0.056, min= 0.806, max= 1.000
[04:52:21]   diesel    : mean= 0.960, std= 0.056, min= 0.801, max= 1.000
[04:52:21]   battery   : mean= 0.754, std= 0.232, min= 0.250, max= 1.000
[04:52:21]   customer  : mean= 0.879, std= 0.109, min= 0.618, max= 1.000
[04:52:21] 
======================================================================
[04:52:21] Episode 46/200
[04:52:21] ======================================================================
[04:52:21] 总奖励:  5030.99 | 步数: 24
[04:52:21] 最近10个episodes平均:  1195.32
[04:52:21] 各Agent奖励:
[04:52:21]   wind      : 2920.376
[04:52:21]   solar     :  543.903
[04:52:21]   diesel    : 1780.106
[04:52:21]   battery   :   27.643
[04:52:21]   customer  : -241.037
[04:52:21] Buffer大小:  1224
[04:52:21] 噪声水平: 0.0950
[04:52:21] 
动作统计:
[04:52:21]   wind      : mean= 0.954, std= 0.064, min= 0.762, max= 1.000
[04:52:21]   solar     : mean= 0.971, std= 0.035, min= 0.865, max= 1.000
[04:52:21]   diesel    : mean= 0.955, std= 0.059, min= 0.783, max= 1.000
[04:52:21]   battery   : mean= 0.761, std= 0.233, min= 0.352, max= 1.000
[04:52:21]   customer  : mean= 0.852, std= 0.116, min= 0.586, max= 1.000
[04:52:21] 
======================================================================
[04:52:21] Episode 47/200
[04:52:21] ======================================================================
[04:52:21] 总奖励:  4938.47 | 步数: 24
[04:52:21] 最近10个episodes平均:  1707.44
[04:52:21] 各Agent奖励:
[04:52:21]   wind      : 3131.681
[04:52:21]   solar     :    0.000
[04:52:21]   diesel    : 2017.336
[04:52:21]   battery   :   27.554
[04:52:21]   customer  : -238.101
[04:52:21] Buffer大小:  1248
[04:52:21] 噪声水平: 0.0949
[04:52:21] 
动作统计:
[04:52:21]   wind      : mean= 0.960, std= 0.045, min= 0.856, max= 1.000
[04:52:21]   solar     : mean= 0.963, std= 0.053, min= 0.780, max= 1.000
[04:52:21]   diesel    : mean= 0.974, std= 0.040, min= 0.804, max= 1.000
[04:52:21]   battery   : mean= 0.731, std= 0.237, min= 0.278, max= 1.000
[04:52:21]   customer  : mean= 0.859, std= 0.125, min= 0.597, max= 1.000
[04:52:21] 
======================================================================
[04:52:21] Episode 48/200
[04:52:21] ======================================================================
[04:52:21] 总奖励:  3891.21 | 步数: 24
[04:52:21] 最近10个episodes平均:  2114.67
[04:52:21] 各Agent奖励:
[04:52:21]   wind      : 2987.209
[04:52:21]   solar     :    0.000
[04:52:21]   diesel    : 1109.336
[04:52:21]   battery   :   31.886
[04:52:21]   customer  : -237.220
[04:52:21] Buffer大小:  1272
[04:52:21] 噪声水平: 0.0948
[04:52:21] 
动作统计:
[04:52:21]   wind      : mean= 0.982, std= 0.031, min= 0.894, max= 1.000
[04:52:21]   solar     : mean= 0.987, std= 0.028, min= 0.893, max= 1.000
[04:52:21]   diesel    : mean= 0.966, std= 0.056, min= 0.744, max= 1.000
[04:52:21]   battery   : mean= 0.777, std= 0.215, min= 0.334, max= 1.000
[04:52:21]   customer  : mean= 0.866, std= 0.138, min= 0.525, max= 1.000
[04:52:22] 
======================================================================
[04:52:22] Episode 49/200
[04:52:22] ======================================================================
[04:52:22] 总奖励:  5140.14 | 步数: 24
[04:52:22] 最近10个episodes平均:  2647.29
[04:52:22] 各Agent奖励:
[04:52:22]   wind      : 3193.479
[04:52:22]   solar     :    0.000
[04:52:22]   diesel    : 2161.778
[04:52:22]   battery   :   27.674
[04:52:22]   customer  : -242.787
[04:52:22] Buffer大小:  1296
[04:52:22] 噪声水平: 0.0947
[04:52:22] 
动作统计:
[04:52:22]   wind      : mean= 0.962, std= 0.065, min= 0.779, max= 1.000
[04:52:22]   solar     : mean= 0.977, std= 0.038, min= 0.867, max= 1.000
[04:52:22]   diesel    : mean= 0.973, std= 0.047, min= 0.808, max= 1.000
[04:52:22]   battery   : mean= 0.769, std= 0.210, min= 0.329, max= 1.000
[04:52:22]   customer  : mean= 0.856, std= 0.115, min= 0.573, max= 1.000
[04:52:22] 
======================================================================
[04:52:22] Episode 50/200
[04:52:22] ======================================================================
[04:52:22] 总奖励:  4602.04 | 步数: 24
[04:52:22] 最近10个episodes平均:  3105.03
[04:52:22] 各Agent奖励:
[04:52:22]   wind      : 2352.576
[04:52:22]   solar     :  671.424
[04:52:22]   diesel    : 1785.813
[04:52:22]   battery   :   29.018
[04:52:22]   customer  : -236.787
[04:52:22] Buffer大小:  1320
[04:52:22] 噪声水平: 0.0946
[04:52:22] 
动作统计:
[04:52:22]   wind      : mean= 0.957, std= 0.057, min= 0.838, max= 1.000
[04:52:22]   solar     : mean= 0.956, std= 0.061, min= 0.761, max= 1.000
[04:52:22]   diesel    : mean= 0.951, std= 0.056, min= 0.801, max= 1.000
[04:52:22]   battery   : mean= 0.769, std= 0.211, min= 0.359, max= 1.000
[04:52:22]   customer  : mean= 0.855, std= 0.128, min= 0.514, max= 1.000
[04:52:22] 
📊 生成可视化图表...
[04:52:22]   ✓ 训练曲线: debug_plots/training_ep0050.png
[04:52:22]   ✓ Agent分析: debug_plots/agents_ep0050.png
[04:52:22] 💾 保存检查点: debug_checkpoints/debug_maddpg_20251124_045211_ep0050.pt
[04:52:22] 
======================================================================
[04:52:22] Episode 51/200
[04:52:22] ======================================================================
[04:52:22] 总奖励:  3940.82 | 步数: 24
[04:52:22] 最近10个episodes平均:  3517.57
[04:52:22] 各Agent奖励:
[04:52:22]   wind      : 1889.095
[04:52:22]   solar     : 1051.072
[04:52:22]   diesel    : 1211.047
[04:52:22]   battery   :   29.179
[04:52:22]   customer  : -239.575
[04:52:22] Buffer大小:  1344
[04:52:22] 噪声水平: 0.0946
[04:52:22] 
动作统计:
[04:52:22]   wind      : mean= 0.973, std= 0.048, min= 0.814, max= 1.000
[04:52:22]   solar     : mean= 0.961, std= 0.066, min= 0.724, max= 1.000
[04:52:22]   diesel    : mean= 0.967, std= 0.054, min= 0.809, max= 1.000
[04:52:22]   battery   : mean= 0.770, std= 0.211, min= 0.396, max= 1.000
[04:52:22]   customer  : mean= 0.870, std= 0.129, min= 0.535, max= 1.000
[04:52:23] 
======================================================================
[04:52:23] Episode 52/200
[04:52:23] ======================================================================
[04:52:23] 总奖励:  2626.17 | 步数: 24
[04:52:23] 最近10个episodes平均:  3631.15
[04:52:23] 各Agent奖励:
[04:52:23]   wind      : 1354.568
[04:52:23]   solar     :    0.000
[04:52:23]   diesel    : 1472.668
[04:52:23]   battery   :   29.818
[04:52:23]   customer  : -230.889
[04:52:23] Buffer大小:  1368
[04:52:23] 噪声水平: 0.0945
[04:52:23] 
动作统计:
[04:52:23]   wind      : mean= 0.929, std= 0.079, min= 0.759, max= 1.000
[04:52:23]   solar     : mean= 0.967, std= 0.059, min= 0.745, max= 1.000
[04:52:23]   diesel    : mean= 0.971, std= 0.041, min= 0.859, max= 1.000
[04:52:23]   battery   : mean= 0.774, std= 0.216, min= 0.407, max= 1.000
[04:52:23]   customer  : mean= 0.879, std= 0.116, min= 0.596, max= 1.000
[04:52:23] 
======================================================================
[04:52:23] Episode 53/200
[04:52:23] ======================================================================
[04:52:23] 总奖励:  1646.87 | 步数: 24
[04:52:23] 最近10个episodes平均:  3645.12
[04:52:23] 各Agent奖励:
[04:52:23]   wind      : 1225.141
[04:52:23]   solar     :    0.000
[04:52:23]   diesel    :  616.978
[04:52:23]   battery   :   28.371
[04:52:23]   customer  : -223.619
[04:52:23] Buffer大小:  1392
[04:52:23] 噪声水平: 0.0944
[04:52:23] 
动作统计:
[04:52:23]   wind      : mean= 0.975, std= 0.038, min= 0.833, max= 1.000
[04:52:23]   solar     : mean= 0.968, std= 0.050, min= 0.823, max= 1.000
[04:52:23]   diesel    : mean= 0.962, std= 0.057, min= 0.745, max= 1.000
[04:52:23]   battery   : mean= 0.754, std= 0.211, min= 0.425, max= 1.000
[04:52:23]   customer  : mean= 0.900, std= 0.100, min= 0.644, max= 1.000
[04:52:23] 
======================================================================
[04:52:23] Episode 54/200
[04:52:23] ======================================================================
[04:52:23] 总奖励:   681.20 | 步数: 24
[04:52:23] 最近10个episodes平均:  3622.84
[04:52:23] 各Agent奖励:
[04:52:23]   wind      :  145.206
[04:52:23]   solar     :    0.000
[04:52:23]   diesel    :  723.476
[04:52:23]   battery   :   29.282
[04:52:23]   customer  : -216.767
[04:52:23] Buffer大小:  1416
[04:52:23] 噪声水平: 0.0943
[04:52:23] 
动作统计:
[04:52:23]   wind      : mean= 0.957, std= 0.057, min= 0.847, max= 1.000
[04:52:23]   solar     : mean= 0.961, std= 0.069, min= 0.701, max= 1.000
[04:52:23]   diesel    : mean= 0.963, std= 0.053, min= 0.764, max= 1.000
[04:52:23]   battery   : mean= 0.760, std= 0.196, min= 0.371, max= 1.000
[04:52:23]   customer  : mean= 0.915, std= 0.097, min= 0.655, max= 1.000
[04:52:23] 
======================================================================
[04:52:23] Episode 55/200
[04:52:23] ======================================================================
[04:52:23] 总奖励:  1159.75 | 步数: 24
[04:52:23] 最近10个episodes平均:  3365.77
[04:52:23] 各Agent奖励:
[04:52:23]   wind      :  975.122
[04:52:23]   solar     :    0.000
[04:52:23]   diesel    :  371.528
[04:52:23]   battery   :   28.325
[04:52:23]   customer  : -215.220
[04:52:23] Buffer大小:  1440
[04:52:23] 噪声水平: 0.0942
[04:52:23] 
动作统计:
[04:52:23]   wind      : mean= 0.969, std= 0.052, min= 0.816, max= 1.000
[04:52:23]   solar     : mean= 0.946, std= 0.066, min= 0.772, max= 1.000
[04:52:23]   diesel    : mean= 0.946, std= 0.078, min= 0.719, max= 1.000
[04:52:23]   battery   : mean= 0.748, std= 0.214, min= 0.440, max= 1.000
[04:52:23]   customer  : mean= 0.890, std= 0.132, min= 0.628, max= 1.000
[04:52:23] 
======================================================================
[04:52:23] Episode 56/200
[04:52:23] ======================================================================
[04:52:23] 总奖励:    70.40 | 步数: 24
[04:52:23] 最近10个episodes平均:  2869.71
[04:52:23] 各Agent奖励:
[04:52:23]   wind      :  254.778
[04:52:23]   solar     :    0.000
[04:52:23]   diesel    :    0.000
[04:52:23]   battery   :   30.740
[04:52:23]   customer  : -215.114
[04:52:23] Buffer大小:  1464
[04:52:23] 噪声水平: 0.0941
[04:52:23] 
动作统计:
[04:52:23]   wind      : mean= 0.977, std= 0.043, min= 0.862, max= 1.000
[04:52:23]   solar     : mean= 0.972, std= 0.044, min= 0.842, max= 1.000
[04:52:23]   diesel    : mean= 0.960, std= 0.051, min= 0.850, max= 1.000
[04:52:23]   battery   : mean= 0.765, std= 0.205, min= 0.433, max= 1.000
[04:52:23]   customer  : mean= 0.925, std= 0.080, min= 0.764, max= 1.000
[04:52:23] 
======================================================================
[04:52:23] Episode 57/200
[04:52:23] ======================================================================
[04:52:23] 总奖励:  1711.62 | 步数: 24
[04:52:23] 最近10个episodes平均:  2547.02
[04:52:23] 各Agent奖励:
[04:52:23]   wind      : 1493.847
[04:52:23]   solar     :    0.000
[04:52:23]   diesel    :  410.946
[04:52:23]   battery   :   27.547
[04:52:23]   customer  : -220.722
[04:52:23] Buffer大小:  1488
[04:52:23] 噪声水平: 0.0940
[04:52:23] 
动作统计:
[04:52:23]   wind      : mean= 0.969, std= 0.053, min= 0.846, max= 1.000
[04:52:23]   solar     : mean= 0.958, std= 0.060, min= 0.756, max= 1.000
[04:52:23]   diesel    : mean= 0.969, std= 0.053, min= 0.802, max= 1.000
[04:52:23]   battery   : mean= 0.780, std= 0.208, min= 0.372, max= 1.000
[04:52:23]   customer  : mean= 0.915, std= 0.079, min= 0.766, max= 1.000
[04:52:23] 
======================================================================
[04:52:23] Episode 58/200
[04:52:23] ======================================================================
[04:52:23] 总奖励:  3359.18 | 步数: 24
[04:52:23] 最近10个episodes平均:  2493.82
[04:52:23] 各Agent奖励:
[04:52:23]   wind      : 1775.176
[04:52:23]   solar     :  515.492
[04:52:23]   diesel    : 1272.970
[04:52:23]   battery   :   28.842
[04:52:23]   customer  : -233.301
[04:52:23] Buffer大小:  1512
[04:52:23] 噪声水平: 0.0939
[04:52:23] 
动作统计:
[04:52:23]   wind      : mean= 0.979, std= 0.033, min= 0.883, max= 1.000
[04:52:23]   solar     : mean= 0.955, std= 0.067, min= 0.774, max= 1.000
[04:52:23]   diesel    : mean= 0.969, std= 0.052, min= 0.794, max= 1.000
[04:52:23]   battery   : mean= 0.784, std= 0.210, min= 0.420, max= 1.000
[04:52:23]   customer  : mean= 0.901, std= 0.100, min= 0.692, max= 1.000
[04:52:24] 
======================================================================
[04:52:24] Episode 59/200
[04:52:24] ======================================================================
[04:52:24] 总奖励:  1140.54 | 步数: 24
[04:52:24] 最近10个episodes平均:  2093.86
[04:52:24] 各Agent奖励:
[04:52:24]   wind      :  322.615
[04:52:24]   solar     :    0.000
[04:52:24]   diesel    : 1009.175
[04:52:24]   battery   :   28.611
[04:52:24]   customer  : -219.864
[04:52:24] Buffer大小:  1536
[04:52:24] 噪声水平: 0.0938
[04:52:24] 
动作统计:
[04:52:24]   wind      : mean= 0.964, std= 0.046, min= 0.840, max= 1.000
[04:52:24]   solar     : mean= 0.964, std= 0.045, min= 0.841, max= 1.000
[04:52:24]   diesel    : mean= 0.970, std= 0.052, min= 0.781, max= 1.000
[04:52:24]   battery   : mean= 0.777, std= 0.209, min= 0.342, max= 1.000
[04:52:24]   customer  : mean= 0.919, std= 0.099, min= 0.681, max= 1.000
[04:52:24] 
======================================================================
[04:52:24] Episode 60/200
[04:52:24] ======================================================================
[04:52:24] 总奖励:  -185.34 | 步数: 24
[04:52:24] 最近10个episodes平均:  1615.12
[04:52:24] 各Agent奖励:
[04:52:24]   wind      :    0.000
[04:52:24]   solar     :    0.000
[04:52:24]   diesel    :    0.000
[04:52:24]   battery   :   26.946
[04:52:24]   customer  : -212.285
[04:52:24] Buffer大小:  1560
[04:52:24] 噪声水平: 0.0937
[04:52:24] 
动作统计:
[04:52:24]   wind      : mean= 0.974, std= 0.038, min= 0.883, max= 1.000
[04:52:24]   solar     : mean= 0.953, std= 0.046, min= 0.871, max= 1.000
[04:52:24]   diesel    : mean= 0.958, std= 0.052, min= 0.798, max= 1.000
[04:52:24]   battery   : mean= 0.778, std= 0.195, min= 0.473, max= 1.000
[04:52:24]   customer  : mean= 0.932, std= 0.085, min= 0.661, max= 1.000
[04:52:24] 
📊 生成可视化图表...
[04:52:24]   ✓ 训练曲线: debug_plots/training_ep0060.png
[04:52:24]   ✓ Agent分析: debug_plots/agents_ep0060.png
[04:52:24] 
======================================================================
[04:52:24] Episode 61/200
[04:52:24] ======================================================================
[04:52:24] 总奖励:  1886.66 | 步数: 24
[04:52:24] 最近10个episodes平均:  1409.70
[04:52:24] 各Agent奖励:
[04:52:24]   wind      :  574.809
[04:52:24]   solar     :    0.000
[04:52:24]   diesel    : 1513.978
[04:52:24]   battery   :   31.404
[04:52:24]   customer  : -233.528
[04:52:24] Buffer大小:  1584
[04:52:24] 噪声水平: 0.0936
[04:52:24] 
动作统计:
[04:52:24]   wind      : mean= 0.962, std= 0.051, min= 0.785, max= 1.000
[04:52:24]   solar     : mean= 0.971, std= 0.048, min= 0.785, max= 1.000
[04:52:24]   diesel    : mean= 0.963, std= 0.057, min= 0.752, max= 1.000
[04:52:24]   battery   : mean= 0.788, std= 0.193, min= 0.404, max= 1.000
[04:52:24]   customer  : mean= 0.909, std= 0.096, min= 0.677, max= 1.000
[04:52:25] 
======================================================================
[04:52:25] Episode 62/200
[04:52:25] ======================================================================
[04:52:25] 总奖励:  1342.03 | 步数: 24
[04:52:25] 最近10个episodes平均:  1281.29
[04:52:25] 各Agent奖励:
[04:52:25]   wind      :  447.201
[04:52:25]   solar     :  327.009
[04:52:25]   diesel    :  764.817
[04:52:25]   battery   :   29.134
[04:52:25]   customer  : -226.134
[04:52:25] Buffer大小:  1608
[04:52:25] 噪声水平: 0.0935
[04:52:25] 
动作统计:
[04:52:25]   wind      : mean= 0.961, std= 0.063, min= 0.739, max= 1.000
[04:52:25]   solar     : mean= 0.960, std= 0.044, min= 0.847, max= 1.000
[04:52:25]   diesel    : mean= 0.967, std= 0.053, min= 0.747, max= 1.000
[04:52:25]   battery   : mean= 0.794, std= 0.193, min= 0.475, max= 1.000
[04:52:25]   customer  : mean= 0.929, std= 0.075, min= 0.768, max= 1.000
[04:52:25] 
======================================================================
[04:52:25] Episode 63/200
[04:52:25] ======================================================================
[04:52:25] 总奖励:  -189.63 | 步数: 24
[04:52:25] 最近10个episodes平均:  1097.64
[04:52:25] 各Agent奖励:
[04:52:25]   wind      :    0.000
[04:52:25]   solar     :    0.000
[04:52:25]   diesel    :    0.000
[04:52:25]   battery   :   13.605
[04:52:25]   customer  : -203.231
[04:52:25] Buffer大小:  1632
[04:52:25] 噪声水平: 0.0934
[04:52:25] 
动作统计:
[04:52:25]   wind      : mean= 0.953, std= 0.058, min= 0.813, max= 1.000
[04:52:25]   solar     : mean= 0.938, std= 0.074, min= 0.811, max= 1.000
[04:52:25]   diesel    : mean= 0.959, std= 0.051, min= 0.824, max= 1.000
[04:52:25]   battery   : mean= 0.774, std= 0.215, min= 0.288, max= 1.000
[04:52:25]   customer  : mean= 0.967, std= 0.048, min= 0.815, max= 1.000
[04:52:25] 
======================================================================
[04:52:25] Episode 64/200
[04:52:25] ======================================================================
[04:52:25] 总奖励:  1058.63 | 步数: 24
[04:52:25] 最近10个episodes平均:  1135.38
[04:52:25] 各Agent奖励:
[04:52:25]   wind      :  773.410
[04:52:25]   solar     :  139.854
[04:52:25]   diesel    :  335.061
[04:52:25]   battery   :   29.672
[04:52:25]   customer  : -219.367
[04:52:25] Buffer大小:  1656
[04:52:25] 噪声水平: 0.0933
[04:52:25] 
动作统计:
[04:52:25]   wind      : mean= 0.949, std= 0.066, min= 0.743, max= 1.000
[04:52:25]   solar     : mean= 0.960, std= 0.058, min= 0.771, max= 1.000
[04:52:25]   diesel    : mean= 0.958, std= 0.058, min= 0.779, max= 1.000
[04:52:25]   battery   : mean= 0.800, std= 0.190, min= 0.381, max= 1.000
[04:52:25]   customer  : mean= 0.926, std= 0.065, min= 0.798, max= 1.000
[04:52:25] 
======================================================================
[04:52:25] Episode 65/200
[04:52:25] ======================================================================
[04:52:25] 总奖励:  -179.34 | 步数: 24
[04:52:25] 最近10个episodes平均:  1001.48
[04:52:25] 各Agent奖励:
[04:52:25]   wind      :    0.000
[04:52:25]   solar     :    0.000
[04:52:25]   diesel    :    0.000
[04:52:25]   battery   :   25.910
[04:52:25]   customer  : -205.249
[04:52:25] Buffer大小:  1680
[04:52:25] 噪声水平: 0.0932
[04:52:25] 
动作统计:
[04:52:25]   wind      : mean= 0.956, std= 0.058, min= 0.816, max= 1.000
[04:52:25]   solar     : mean= 0.959, std= 0.063, min= 0.807, max= 1.000
[04:52:25]   diesel    : mean= 0.948, std= 0.065, min= 0.775, max= 1.000
[04:52:25]   battery   : mean= 0.803, std= 0.196, min= 0.419, max= 1.000
[04:52:25]   customer  : mean= 0.940, std= 0.081, min= 0.747, max= 1.000
[04:52:25] 
======================================================================
[04:52:25] Episode 66/200
[04:52:25] ======================================================================
[04:52:25] 总奖励:  -182.80 | 步数: 24
[04:52:25] 最近10个episodes平均:   976.15
[04:52:25] 各Agent奖励:
[04:52:25]   wind      :    0.000
[04:52:25]   solar     :    0.000
[04:52:25]   diesel    :    0.000
[04:52:25]   battery   :   29.416
[04:52:25]   customer  : -212.220
[04:52:25] Buffer大小:  1704
[04:52:25] 噪声水平: 0.0931
[04:52:25] 
动作统计:
[04:52:25]   wind      : mean= 0.983, std= 0.029, min= 0.878, max= 1.000
[04:52:25]   solar     : mean= 0.974, std= 0.037, min= 0.877, max= 1.000
[04:52:25]   diesel    : mean= 0.966, std= 0.041, min= 0.847, max= 1.000
[04:52:25]   battery   : mean= 0.791, std= 0.201, min= 0.407, max= 1.000
[04:52:25]   customer  : mean= 0.933, std= 0.076, min= 0.747, max= 1.000
[04:52:25] 
======================================================================
[04:52:25] Episode 67/200
[04:52:25] ======================================================================
[04:52:25] 总奖励:  -120.32 | 步数: 24
[04:52:25] 最近10个episodes平均:   792.96
[04:52:25] 各Agent奖励:
[04:52:25]   wind      :   22.670
[04:52:25]   solar     :    0.000
[04:52:25]   diesel    :   40.826
[04:52:25]   battery   :   26.628
[04:52:25]   customer  : -210.445
[04:52:25] Buffer大小:  1728
[04:52:25] 噪声水平: 0.0930
[04:52:25] 
动作统计:
[04:52:25]   wind      : mean= 0.985, std= 0.033, min= 0.882, max= 1.000
[04:52:25]   solar     : mean= 0.965, std= 0.050, min= 0.826, max= 1.000
[04:52:25]   diesel    : mean= 0.965, std= 0.051, min= 0.817, max= 1.000
[04:52:25]   battery   : mean= 0.773, std= 0.202, min= 0.406, max= 1.000
[04:52:25]   customer  : mean= 0.949, std= 0.048, min= 0.851, max= 1.000
[04:52:25] 
======================================================================
[04:52:25] Episode 68/200
[04:52:25] ======================================================================
[04:52:25] 总奖励:   220.79 | 步数: 24
[04:52:25] 最近10个episodes平均:   479.12
[04:52:25] 各Agent奖励:
[04:52:25]   wind      :  405.236
[04:52:25]   solar     :    0.000
[04:52:25]   diesel    :    0.000
[04:52:25]   battery   :   33.290
[04:52:25]   customer  : -217.738
[04:52:25] Buffer大小:  1752
[04:52:25] 噪声水平: 0.0930
[04:52:25] 
动作统计:
[04:52:25]   wind      : mean= 0.945, std= 0.056, min= 0.825, max= 1.000
[04:52:25]   solar     : mean= 0.970, std= 0.050, min= 0.794, max= 1.000
[04:52:25]   diesel    : mean= 0.969, std= 0.052, min= 0.834, max= 1.000
[04:52:25]   battery   : mean= 0.805, std= 0.181, min= 0.367, max= 1.000
[04:52:25]   customer  : mean= 0.935, std= 0.079, min= 0.711, max= 1.000
[04:52:26] 
======================================================================
[04:52:26] Episode 69/200
[04:52:26] ======================================================================
[04:52:26] 总奖励:   125.57 | 步数: 24
[04:52:26] 最近10个episodes平均:   377.62
[04:52:26] 各Agent奖励:
[04:52:26]   wind      :  314.083
[04:52:26]   solar     :    0.000
[04:52:26]   diesel    :    0.000
[04:52:26]   battery   :   27.399
[04:52:26]   customer  : -215.914
[04:52:26] Buffer大小:  1776
[04:52:26] 噪声水平: 0.0929
[04:52:26] 
动作统计:
[04:52:26]   wind      : mean= 0.952, std= 0.072, min= 0.703, max= 1.000
[04:52:26]   solar     : mean= 0.948, std= 0.055, min= 0.794, max= 1.000
[04:52:26]   diesel    : mean= 0.950, std= 0.065, min= 0.740, max= 1.000
[04:52:26]   battery   : mean= 0.788, std= 0.195, min= 0.490, max= 1.000
[04:52:26]   customer  : mean= 0.929, std= 0.076, min= 0.723, max= 1.000
[04:52:26] 
======================================================================
[04:52:26] Episode 70/200
[04:52:26] ======================================================================
[04:52:26] 总奖励:    26.02 | 步数: 24
[04:52:26] 最近10个episodes平均:   398.76
[04:52:26] 各Agent奖励:
[04:52:26]   wind      :  215.681
[04:52:26]   solar     :    0.000
[04:52:26]   diesel    :    0.000
[04:52:26]   battery   :   17.514
[04:52:26]   customer  : -207.178
[04:52:26] Buffer大小:  1800
[04:52:26] 噪声水平: 0.0928
[04:52:26] 
动作统计:
[04:52:26]   wind      : mean= 0.963, std= 0.059, min= 0.731, max= 1.000
[04:52:26]   solar     : mean= 0.956, std= 0.061, min= 0.776, max= 1.000
[04:52:26]   diesel    : mean= 0.971, std= 0.039, min= 0.850, max= 1.000
[04:52:26]   battery   : mean= 0.767, std= 0.209, min= 0.369, max= 1.000
[04:52:26]   customer  : mean= 0.963, std= 0.046, min= 0.868, max= 1.000
[04:52:26] 
📊 生成可视化图表...
[04:52:26]   ✓ 训练曲线: debug_plots/training_ep0070.png
[04:52:26]   ✓ Agent分析: debug_plots/agents_ep0070.png
[04:52:26] 
======================================================================
[04:52:26] Episode 71/200
[04:52:26] ======================================================================
[04:52:26] 总奖励:  -185.81 | 步数: 24
[04:52:26] 最近10个episodes平均:   191.51
[04:52:26] 各Agent奖励:
[04:52:26]   wind      :    0.000
[04:52:26]   solar     :    0.000
[04:52:26]   diesel    :    0.000
[04:52:26]   battery   :   19.839
[04:52:26]   customer  : -205.646
[04:52:26] Buffer大小:  1824
[04:52:26] 噪声水平: 0.0927
[04:52:26] 
动作统计:
[04:52:26]   wind      : mean= 0.970, std= 0.047, min= 0.807, max= 1.000
[04:52:26]   solar     : mean= 0.992, std= 0.019, min= 0.930, max= 1.000
[04:52:26]   diesel    : mean= 0.964, std= 0.048, min= 0.817, max= 1.000
[04:52:26]   battery   : mean= 0.773, std= 0.209, min= 0.421, max= 1.000
[04:52:26]   customer  : mean= 0.957, std= 0.059, min= 0.792, max= 1.000
[04:52:27] 
======================================================================
[04:52:27] Episode 72/200
[04:52:27] ======================================================================
[04:52:27] 总奖励:    -4.21 | 步数: 24
[04:52:27] 最近10个episodes平均:    56.89
[04:52:27] 各Agent奖励:
[04:52:27]   wind      :    0.000
[04:52:27]   solar     :    0.000
[04:52:27]   diesel    :  185.289
[04:52:27]   battery   :   28.310
[04:52:27]   customer  : -217.812
[04:52:27] Buffer大小:  1848
[04:52:27] 噪声水平: 0.0926
[04:52:27] 
动作统计:
[04:52:27]   wind      : mean= 0.969, std= 0.052, min= 0.828, max= 1.000
[04:52:27]   solar     : mean= 0.987, std= 0.026, min= 0.924, max= 1.000
[04:52:27]   diesel    : mean= 0.963, std= 0.048, min= 0.794, max= 1.000
[04:52:27]   battery   : mean= 0.802, std= 0.191, min= 0.442, max= 1.000
[04:52:27]   customer  : mean= 0.948, std= 0.054, min= 0.837, max= 1.000
[04:52:27] 
======================================================================
[04:52:27] Episode 73/200
[04:52:27] ======================================================================
[04:52:27] 总奖励:  -188.53 | 步数: 24
[04:52:27] 最近10个episodes平均:    57.00
[04:52:27] 各Agent奖励:
[04:52:27]   wind      :    0.000
[04:52:27]   solar     :    0.000
[04:52:27]   diesel    :    0.000
[04:52:27]   battery   :   13.373
[04:52:27]   customer  : -201.905
[04:52:27] Buffer大小:  1872
[04:52:27] 噪声水平: 0.0925
[04:52:27] 
动作统计:
[04:52:27]   wind      : mean= 0.968, std= 0.066, min= 0.765, max= 1.000
[04:52:27]   solar     : mean= 0.953, std= 0.077, min= 0.711, max= 1.000
[04:52:27]   diesel    : mean= 0.964, std= 0.059, min= 0.759, max= 1.000
[04:52:27]   battery   : mean= 0.786, std= 0.199, min= 0.422, max= 1.000
[04:52:27]   customer  : mean= 0.970, std= 0.040, min= 0.869, max= 1.000
[04:52:27] 
======================================================================
[04:52:27] Episode 74/200
[04:52:27] ======================================================================
[04:52:27] 总奖励:  -187.25 | 步数: 24
[04:52:27] 最近10个episodes平均:   -67.59
[04:52:27] 各Agent奖励:
[04:52:27]   wind      :    0.000
[04:52:27]   solar     :    0.000
[04:52:27]   diesel    :    0.000
[04:52:27]   battery   :   11.343
[04:52:27]   customer  : -198.592
[04:52:27] Buffer大小:  1896
[04:52:27] 噪声水平: 0.0924
[04:52:27] 
动作统计:
[04:52:27]   wind      : mean= 0.944, std= 0.071, min= 0.696, max= 1.000
[04:52:27]   solar     : mean= 0.953, std= 0.070, min= 0.735, max= 1.000
[04:52:27]   diesel    : mean= 0.959, std= 0.055, min= 0.810, max= 1.000
[04:52:27]   battery   : mean= 0.794, std= 0.201, min= 0.429, max= 1.000
[04:52:27]   customer  : mean= 0.977, std= 0.035, min= 0.888, max= 1.000
[04:52:27] 
======================================================================
[04:52:27] Episode 75/200
[04:52:27] ======================================================================
[04:52:27] 总奖励:  -181.92 | 步数: 24
[04:52:27] 最近10个episodes平均:   -67.85
[04:52:27] 各Agent奖励:
[04:52:27]   wind      :    0.000
[04:52:27]   solar     :    0.000
[04:52:27]   diesel    :    0.000
[04:52:27]   battery   :   23.754
[04:52:27]   customer  : -205.672
[04:52:27] Buffer大小:  1920
[04:52:27] 噪声水平: 0.0923
[04:52:27] 
动作统计:
[04:52:27]   wind      : mean= 0.974, std= 0.038, min= 0.879, max= 1.000
[04:52:27]   solar     : mean= 0.942, std= 0.065, min= 0.779, max= 1.000
[04:52:27]   diesel    : mean= 0.972, std= 0.048, min= 0.841, max= 1.000
[04:52:27]   battery   : mean= 0.808, std= 0.179, min= 0.351, max= 1.000
[04:52:27]   customer  : mean= 0.963, std= 0.053, min= 0.830, max= 1.000
[04:52:27] 
======================================================================
[04:52:27] Episode 76/200
[04:52:27] ======================================================================
[04:52:27] 总奖励:  -184.84 | 步数: 24
[04:52:27] 最近10个episodes平均:   -68.05
[04:52:27] 各Agent奖励:
[04:52:27]   wind      :    0.000
[04:52:27]   solar     :    0.000
[04:52:27]   diesel    :    0.000
[04:52:27]   battery   :   17.122
[04:52:27]   customer  : -201.962
[04:52:27] Buffer大小:  1944
[04:52:27] 噪声水平: 0.0922
[04:52:27] 
动作统计:
[04:52:27]   wind      : mean= 0.970, std= 0.041, min= 0.873, max= 1.000
[04:52:27]   solar     : mean= 0.968, std= 0.054, min= 0.790, max= 1.000
[04:52:27]   diesel    : mean= 0.963, std= 0.057, min= 0.737, max= 1.000
[04:52:27]   battery   : mean= 0.797, std= 0.189, min= 0.349, max= 1.000
[04:52:27]   customer  : mean= 0.964, std= 0.053, min= 0.801, max= 1.000
[04:52:27] 
======================================================================
[04:52:27] Episode 77/200
[04:52:27] ======================================================================
[04:52:27] 总奖励:  -179.97 | 步数: 24
[04:52:27] 最近10个episodes平均:   -74.02
[04:52:27] 各Agent奖励:
[04:52:27]   wind      :    0.000
[04:52:27]   solar     :    0.000
[04:52:27]   diesel    :    0.000
[04:52:27]   battery   :   26.119
[04:52:27]   customer  : -206.090
[04:52:27] Buffer大小:  1968
[04:52:27] 噪声水平: 0.0921
[04:52:27] 
动作统计:
[04:52:27]   wind      : mean= 0.955, std= 0.049, min= 0.850, max= 1.000
[04:52:27]   solar     : mean= 0.966, std= 0.055, min= 0.803, max= 1.000
[04:52:27]   diesel    : mean= 0.951, std= 0.059, min= 0.763, max= 1.000
[04:52:27]   battery   : mean= 0.827, std= 0.161, min= 0.496, max= 1.000
[04:52:27]   customer  : mean= 0.956, std= 0.064, min= 0.766, max= 1.000
[04:52:27] 
======================================================================
[04:52:27] Episode 78/200
[04:52:27] ======================================================================
[04:52:27] 总奖励:  -183.35 | 步数: 24
[04:52:27] 最近10个episodes平均:  -114.43
[04:52:27] 各Agent奖励:
[04:52:27]   wind      :    0.000
[04:52:27]   solar     :    0.000
[04:52:27]   diesel    :    0.000
[04:52:27]   battery   :   24.189
[04:52:27]   customer  : -207.538
[04:52:27] Buffer大小:  1992
[04:52:27] 噪声水平: 0.0920
[04:52:27] 
动作统计:
[04:52:27]   wind      : mean= 0.956, std= 0.054, min= 0.832, max= 1.000
[04:52:27]   solar     : mean= 0.956, std= 0.051, min= 0.849, max= 1.000
[04:52:27]   diesel    : mean= 0.967, std= 0.053, min= 0.736, max= 1.000
[04:52:27]   battery   : mean= 0.818, std= 0.179, min= 0.465, max= 1.000
[04:52:27]   customer  : mean= 0.953, std= 0.060, min= 0.774, max= 1.000
[04:52:28] 
======================================================================
[04:52:28] Episode 79/200
[04:52:28] ======================================================================
[04:52:28] 总奖励:  1137.94 | 步数: 24
[04:52:28] 最近10个episodes平均:   -13.19
[04:52:28] 各Agent奖励:
[04:52:28]   wind      :    0.000
[04:52:28]   solar     :    0.000
[04:52:28]   diesel    : 1327.192
[04:52:28]   battery   :   19.607
[04:52:28]   customer  : -208.861
[04:52:28] Buffer大小:  2016
[04:52:28] 噪声水平: 0.0919
[04:52:28] 
动作统计:
[04:52:28]   wind      : mean= 0.973, std= 0.041, min= 0.851, max= 1.000
[04:52:28]   solar     : mean= 0.962, std= 0.054, min= 0.794, max= 1.000
[04:52:28]   diesel    : mean= 0.956, std= 0.061, min= 0.765, max= 1.000
[04:52:28]   battery   : mean= 0.813, std= 0.182, min= 0.287, max= 1.000
[04:52:28]   customer  : mean= 0.950, std= 0.072, min= 0.809, max= 1.000
[04:52:28] 
======================================================================
[04:52:28] Episode 80/200
[04:52:28] ======================================================================
[04:52:28] 总奖励:  -145.36 | 步数: 24
[04:52:28] 最近10个episodes平均:   -30.33
[04:52:28] 各Agent奖励:
[04:52:28]   wind      :    0.000
[04:52:28]   solar     :    0.000
[04:52:28]   diesel    :   35.725
[04:52:28]   battery   :   32.233
[04:52:28]   customer  : -213.319
[04:52:28] Buffer大小:  2040
[04:52:28] 噪声水平: 0.0918
[04:52:28] 
动作统计:
[04:52:28]   wind      : mean= 0.969, std= 0.035, min= 0.875, max= 1.000
[04:52:28]   solar     : mean= 0.960, std= 0.056, min= 0.838, max= 1.000
[04:52:28]   diesel    : mean= 0.970, std= 0.039, min= 0.867, max= 1.000
[04:52:28]   battery   : mean= 0.822, std= 0.167, min= 0.495, max= 1.000
[04:52:28]   customer  : mean= 0.939, std= 0.068, min= 0.810, max= 1.000
[04:52:28] 
📊 生成可视化图表...
[04:52:28]   ✓ 训练曲线: debug_plots/training_ep0080.png
[04:52:28]   ✓ Agent分析: debug_plots/agents_ep0080.png
[04:52:28] 
======================================================================
[04:52:28] Episode 81/200
[04:52:28] ======================================================================
[04:52:28] 总奖励:  -191.45 | 步数: 24
[04:52:28] 最近10个episodes平均:   -30.89
[04:52:28] 各Agent奖励:
[04:52:28]   wind      :    0.000
[04:52:28]   solar     :    0.000
[04:52:28]   diesel    :    0.000
[04:52:28]   battery   :   14.367
[04:52:28]   customer  : -205.821
[04:52:28] Buffer大小:  2064
[04:52:28] 噪声水平: 0.0918
[04:52:28] 
动作统计:
[04:52:28]   wind      : mean= 0.942, std= 0.072, min= 0.732, max= 1.000
[04:52:28]   solar     : mean= 0.961, std= 0.056, min= 0.828, max= 1.000
[04:52:28]   diesel    : mean= 0.960, std= 0.061, min= 0.775, max= 1.000
[04:52:28]   battery   : mean= 0.785, std= 0.178, min= 0.427, max= 1.000
[04:52:28]   customer  : mean= 0.976, std= 0.042, min= 0.833, max= 1.000
[04:52:28] 
======================================================================
[04:52:28] Episode 82/200
[04:52:28] ======================================================================
[04:52:28] 总奖励:  -184.29 | 步数: 24
[04:52:28] 最近10个episodes平均:   -48.90
[04:52:28] 各Agent奖励:
[04:52:28]   wind      :    0.000
[04:52:28]   solar     :    0.000
[04:52:28]   diesel    :    0.000
[04:52:28]   battery   :   28.172
[04:52:28]   customer  : -212.460
[04:52:28] Buffer大小:  2088
[04:52:28] 噪声水平: 0.0917
[04:52:28] 
动作统计:
[04:52:28]   wind      : mean= 0.968, std= 0.055, min= 0.789, max= 1.000
[04:52:28]   solar     : mean= 0.946, std= 0.063, min= 0.803, max= 1.000
[04:52:28]   diesel    : mean= 0.958, std= 0.055, min= 0.787, max= 1.000
[04:52:28]   battery   : mean= 0.826, std= 0.162, min= 0.452, max= 1.000
[04:52:28]   customer  : mean= 0.958, std= 0.050, min= 0.859, max= 1.000
[04:52:29] 
======================================================================
[04:52:29] Episode 83/200
[04:52:29] ======================================================================
[04:52:29] 总奖励:   213.33 | 步数: 24
[04:52:29] 最近10个episodes平均:    -8.72
[04:52:29] 各Agent奖励:
[04:52:29]   wind      :  315.930
[04:52:29]   solar     :    0.000
[04:52:29]   diesel    :   85.738
[04:52:29]   battery   :   32.660
[04:52:29]   customer  : -220.998
[04:52:29] Buffer大小:  2112
[04:52:29] 噪声水平: 0.0916
[04:52:29] 
动作统计:
[04:52:29]   wind      : mean= 0.956, std= 0.059, min= 0.790, max= 1.000
[04:52:29]   solar     : mean= 0.945, std= 0.069, min= 0.762, max= 1.000
[04:52:29]   diesel    : mean= 0.955, std= 0.060, min= 0.752, max= 1.000
[04:52:29]   battery   : mean= 0.832, std= 0.147, min= 0.533, max= 1.000
[04:52:29]   customer  : mean= 0.948, std= 0.071, min= 0.756, max= 1.000
[04:52:29] 
======================================================================
[04:52:29] Episode 84/200
[04:52:29] ======================================================================
[04:52:29] 总奖励:   122.43 | 步数: 24
[04:52:29] 最近10个episodes平均:    22.25
[04:52:29] 各Agent奖励:
[04:52:29]   wind      :    0.000
[04:52:29]   solar     :    0.000
[04:52:29]   diesel    :  314.365
[04:52:29]   battery   :   15.421
[04:52:29]   customer  : -207.356
[04:52:29] Buffer大小:  2136
[04:52:29] 噪声水平: 0.0915
[04:52:29] 
动作统计:
[04:52:29]   wind      : mean= 0.971, std= 0.039, min= 0.865, max= 1.000
[04:52:29]   solar     : mean= 0.975, std= 0.033, min= 0.890, max= 1.000
[04:52:29]   diesel    : mean= 0.955, std= 0.058, min= 0.776, max= 1.000
[04:52:29]   battery   : mean= 0.801, std= 0.192, min= 0.454, max= 1.000
[04:52:29]   customer  : mean= 0.964, std= 0.050, min= 0.818, max= 1.000
[04:52:29] 
======================================================================
[04:52:29] Episode 85/200
[04:52:29] ======================================================================
[04:52:29] 总奖励:  -189.73 | 步数: 24
[04:52:29] 最近10个episodes平均:    21.47
[04:52:29] 各Agent奖励:
[04:52:29]   wind      :    0.000
[04:52:29]   solar     :    0.000
[04:52:29]   diesel    :    0.000
[04:52:29]   battery   :   22.675
[04:52:29]   customer  : -212.402
[04:52:29] Buffer大小:  2160
[04:52:29] 噪声水平: 0.0914
[04:52:29] 
动作统计:
[04:52:29]   wind      : mean= 0.950, std= 0.055, min= 0.786, max= 1.000
[04:52:29]   solar     : mean= 0.966, std= 0.050, min= 0.818, max= 1.000
[04:52:29]   diesel    : mean= 0.972, std= 0.048, min= 0.773, max= 1.000
[04:52:29]   battery   : mean= 0.826, std= 0.160, min= 0.495, max= 1.000
[04:52:29]   customer  : mean= 0.959, std= 0.068, min= 0.746, max= 1.000
[04:52:29] 
======================================================================
[04:52:29] Episode 86/200
[04:52:29] ======================================================================
[04:52:29] 总奖励:  -186.85 | 步数: 24
[04:52:29] 最近10个episodes平均:    21.27
[04:52:29] 各Agent奖励:
[04:52:29]   wind      :    0.000
[04:52:29]   solar     :    0.000
[04:52:29]   diesel    :    0.000
[04:52:29]   battery   :   17.576
[04:52:29]   customer  : -204.426
[04:52:29] Buffer大小:  2184
[04:52:29] 噪声水平: 0.0913
[04:52:29] 
动作统计:
[04:52:29]   wind      : mean= 0.950, std= 0.064, min= 0.814, max= 1.000
[04:52:29]   solar     : mean= 0.968, std= 0.051, min= 0.835, max= 1.000
[04:52:29]   diesel    : mean= 0.962, std= 0.056, min= 0.789, max= 1.000
[04:52:29]   battery   : mean= 0.812, std= 0.160, min= 0.441, max= 1.000
[04:52:29]   customer  : mean= 0.973, std= 0.042, min= 0.854, max= 1.000
[04:52:29] 
======================================================================
[04:52:29] Episode 87/200
[04:52:29] ======================================================================
[04:52:29] 总奖励:  -186.11 | 步数: 24
[04:52:29] 最近10个episodes平均:    20.66
[04:52:29] 各Agent奖励:
[04:52:29]   wind      :    0.000
[04:52:29]   solar     :    0.000
[04:52:29]   diesel    :    0.000
[04:52:29]   battery   :   21.750
[04:52:29]   customer  : -207.863
[04:52:29] Buffer大小:  2208
[04:52:29] 噪声水平: 0.0912
[04:52:29] 
动作统计:
[04:52:29]   wind      : mean= 0.976, std= 0.038, min= 0.850, max= 1.000
[04:52:29]   solar     : mean= 0.966, std= 0.049, min= 0.836, max= 1.000
[04:52:29]   diesel    : mean= 0.964, std= 0.054, min= 0.782, max= 1.000
[04:52:29]   battery   : mean= 0.823, std= 0.180, min= 0.468, max= 1.000
[04:52:29]   customer  : mean= 0.965, std= 0.055, min= 0.789, max= 1.000
[04:52:30] 
======================================================================
[04:52:30] Episode 88/200
[04:52:30] ======================================================================
[04:52:30] 总奖励:  -179.36 | 步数: 24
[04:52:30] 最近10个episodes平均:    21.05
[04:52:30] 各Agent奖励:
[04:52:30]   wind      :    0.000
[04:52:30]   solar     :    0.000
[04:52:30]   diesel    :    0.000
[04:52:30]   battery   :   28.598
[04:52:30]   customer  : -207.955
[04:52:30] Buffer大小:  2232
[04:52:30] 噪声水平: 0.0911
[04:52:30] 
动作统计:
[04:52:30]   wind      : mean= 0.961, std= 0.047, min= 0.861, max= 1.000
[04:52:30]   solar     : mean= 0.954, std= 0.063, min= 0.814, max= 1.000
[04:52:30]   diesel    : mean= 0.965, std= 0.052, min= 0.792, max= 1.000
[04:52:30]   battery   : mean= 0.822, std= 0.162, min= 0.498, max= 1.000
[04:52:30]   customer  : mean= 0.953, std= 0.056, min= 0.837, max= 1.000
[04:52:30] 
======================================================================
[04:52:30] Episode 89/200
[04:52:30] ======================================================================
[04:52:30] 总奖励:  -186.51 | 步数: 24
[04:52:30] 最近10个episodes平均:  -111.39
[04:52:30] 各Agent奖励:
[04:52:30]   wind      :    0.000
[04:52:30]   solar     :    0.000
[04:52:30]   diesel    :    0.000
[04:52:30]   battery   :   14.380
[04:52:30]   customer  : -200.892
[04:52:30] Buffer大小:  2256
[04:52:30] 噪声水平: 0.0910
[04:52:30] 
动作统计:
[04:52:30]   wind      : mean= 0.978, std= 0.036, min= 0.879, max= 1.000
[04:52:30]   solar     : mean= 0.975, std= 0.047, min= 0.826, max= 1.000
[04:52:30]   diesel    : mean= 0.966, std= 0.047, min= 0.765, max= 1.000
[04:52:30]   battery   : mean= 0.807, std= 0.165, min= 0.294, max= 1.000
[04:52:30]   customer  : mean= 0.976, std= 0.042, min= 0.822, max= 1.000
[04:52:30] 
======================================================================
[04:52:30] Episode 90/200
[04:52:30] ======================================================================
[04:52:30] 总奖励:   505.28 | 步数: 24
[04:52:30] 最近10个episodes平均:   -46.33
[04:52:30] 各Agent奖励:
[04:52:30]   wind      :  656.258
[04:52:30]   solar     :    0.000
[04:52:30]   diesel    :   33.551
[04:52:30]   battery   :   34.962
[04:52:30]   customer  : -219.494
[04:52:30] Buffer大小:  2280
[04:52:30] 噪声水平: 0.0909
[04:52:30] 
动作统计:
[04:52:30]   wind      : mean= 0.963, std= 0.050, min= 0.850, max= 1.000
[04:52:30]   solar     : mean= 0.966, std= 0.047, min= 0.850, max= 1.000
[04:52:30]   diesel    : mean= 0.969, std= 0.048, min= 0.792, max= 1.000
[04:52:30]   battery   : mean= 0.856, std= 0.142, min= 0.499, max= 1.000
[04:52:30]   customer  : mean= 0.950, std= 0.067, min= 0.801, max= 1.000
[04:52:30] 
📊 生成可视化图表...
[04:52:30]   ✓ 训练曲线: debug_plots/training_ep0090.png
[04:52:30]   ✓ Agent分析: debug_plots/agents_ep0090.png
[04:52:31] 
======================================================================
[04:52:31] Episode 91/200
[04:52:31] ======================================================================
[04:52:31] 总奖励:  -185.41 | 步数: 24
[04:52:31] 最近10个episodes平均:   -45.72
[04:52:31] 各Agent奖励:
[04:52:31]   wind      :    0.000
[04:52:31]   solar     :    0.000
[04:52:31]   diesel    :    0.000
[04:52:31]   battery   :   14.202
[04:52:31]   customer  : -199.608
[04:52:31] Buffer大小:  2304
[04:52:31] 噪声水平: 0.0908
[04:52:31] 
动作统计:
[04:52:31]   wind      : mean= 0.959, std= 0.058, min= 0.749, max= 1.000
[04:52:31]   solar     : mean= 0.952, std= 0.062, min= 0.825, max= 1.000
[04:52:31]   diesel    : mean= 0.954, std= 0.056, min= 0.792, max= 1.000
[04:52:31]   battery   : mean= 0.811, std= 0.189, min= 0.465, max= 1.000
[04:52:31]   customer  : mean= 0.978, std= 0.037, min= 0.861, max= 1.000
[04:52:31] 
======================================================================
[04:52:31] Episode 92/200
[04:52:31] ======================================================================
[04:52:31] 总奖励:   214.29 | 步数: 24
[04:52:31] 最近10个episodes平均:    -5.86
[04:52:31] 各Agent奖励:
[04:52:31]   wind      :    0.000
[04:52:31]   solar     :    0.000
[04:52:31]   diesel    :  406.046
[04:52:31]   battery   :   32.133
[04:52:31]   customer  : -223.889
[04:52:31] Buffer大小:  2328
[04:52:31] 噪声水平: 0.0908
[04:52:31] 
动作统计:
[04:52:31]   wind      : mean= 0.949, std= 0.065, min= 0.806, max= 1.000
[04:52:31]   solar     : mean= 0.956, std= 0.049, min= 0.848, max= 1.000
[04:52:31]   diesel    : mean= 0.907, std= 0.084, min= 0.743, max= 1.000
[04:52:31]   battery   : mean= 0.852, std= 0.136, min= 0.580, max= 1.000
[04:52:31]   customer  : mean= 0.951, std= 0.063, min= 0.821, max= 1.000
[04:52:31] 
======================================================================
[04:52:31] Episode 93/200
[04:52:31] ======================================================================
[04:52:31] 总奖励:   137.71 | 步数: 24
[04:52:31] 最近10个episodes平均:   -13.43
[04:52:31] 各Agent奖励:
[04:52:31]   wind      :    0.000
[04:52:31]   solar     :    0.000
[04:52:31]   diesel    :  331.043
[04:52:31]   battery   :   11.745
[04:52:31]   customer  : -205.079
[04:52:31] Buffer大小:  2352
[04:52:31] 噪声水平: 0.0907
[04:52:31] 
动作统计:
[04:52:31]   wind      : mean= 0.964, std= 0.048, min= 0.845, max= 1.000
[04:52:31]   solar     : mean= 0.940, std= 0.081, min= 0.723, max= 1.000
[04:52:31]   diesel    : mean= 0.830, std= 0.149, min= 0.533, max= 1.000
[04:52:31]   battery   : mean= 0.808, std= 0.170, min= 0.512, max= 1.000
[04:52:31]   customer  : mean= 0.970, std= 0.043, min= 0.857, max= 1.000
[04:52:31] 
======================================================================
[04:52:31] Episode 94/200
[04:52:31] ======================================================================
[04:52:31] 总奖励:   537.13 | 步数: 24
[04:52:31] 最近10个episodes平均:    28.04
[04:52:31] 各Agent奖励:
[04:52:31]   wind      :    0.000
[04:52:31]   solar     :    0.000
[04:52:31]   diesel    :  728.087
[04:52:31]   battery   :    2.627
[04:52:31]   customer  : -193.587
[04:52:31] Buffer大小:  2376
[04:52:31] 噪声水平: 0.0906
[04:52:31] 
动作统计:
[04:52:31]   wind      : mean= 0.978, std= 0.037, min= 0.857, max= 1.000
[04:52:31]   solar     : mean= 0.977, std= 0.039, min= 0.889, max= 1.000
[04:52:31]   diesel    : mean= 0.696, std= 0.277, min= 0.184, max= 1.000
[04:52:31]   battery   : mean= 0.779, std= 0.202, min= 0.367, max= 1.000
[04:52:31]   customer  : mean= 0.976, std= 0.034, min= 0.878, max= 1.000
[04:52:31] 
======================================================================
[04:52:31] Episode 95/200
[04:52:31] ======================================================================
[04:52:31] 总奖励:   827.72 | 步数: 24
[04:52:31] 最近10个episodes平均:   129.79
[04:52:31] 各Agent奖励:
[04:52:31]   wind      :    0.000
[04:52:31]   solar     :    0.000
[04:52:31]   diesel    : 1017.096
[04:52:31]   battery   :    0.000
[04:52:31]   customer  : -189.378
[04:52:31] Buffer大小:  2400
[04:52:31] 噪声水平: 0.0905
[04:52:31] 
动作统计:
[04:52:31]   wind      : mean= 0.964, std= 0.050, min= 0.847, max= 1.000
[04:52:31]   solar     : mean= 0.974, std= 0.037, min= 0.885, max= 1.000
[04:52:31]   diesel    : mean= 0.594, std= 0.406, min=-0.043, max= 1.000
[04:52:31]   battery   : mean= 0.790, std= 0.214, min= 0.353, max= 1.000
[04:52:31]   customer  : mean= 0.950, std= 0.061, min= 0.832, max= 1.000
[04:52:31] 
======================================================================
[04:52:31] Episode 96/200
[04:52:31] ======================================================================
[04:52:31] 总奖励:   223.01 | 步数: 24
[04:52:31] 最近10个episodes平均:   170.77
[04:52:31] 各Agent奖励:
[04:52:31]   wind      :    0.000
[04:52:31]   solar     :    0.000
[04:52:31]   diesel    :  407.489
[04:52:31]   battery   :    0.000
[04:52:31]   customer  : -184.479
[04:52:31] Buffer大小:  2424
[04:52:31] 噪声水平: 0.0904
[04:52:31] 
动作统计:
[04:52:31]   wind      : mean= 0.956, std= 0.052, min= 0.843, max= 1.000
[04:52:31]   solar     : mean= 0.964, std= 0.053, min= 0.795, max= 1.000
[04:52:31]   diesel    : mean= 0.488, std= 0.495, min=-0.348, max= 1.000
[04:52:31]   battery   : mean= 0.802, std= 0.192, min= 0.391, max= 1.000
[04:52:31]   customer  : mean= 0.960, std= 0.047, min= 0.848, max= 1.000
[04:52:32] 
======================================================================
[04:52:32] Episode 97/200
[04:52:32] ======================================================================
[04:52:32] 总奖励:  -236.79 | 步数: 24
[04:52:32] 最近10个episodes平均:   165.71
[04:52:32] 各Agent奖励:
[04:52:32]   wind      :    0.000
[04:52:32]   solar     :    0.000
[04:52:32]   diesel    :  -44.409
[04:52:32]   battery   :    0.000
[04:52:32]   customer  : -192.379
[04:52:32] Buffer大小:  2448
[04:52:32] 噪声水平: 0.0903
[04:52:32] 
动作统计:
[04:52:32]   wind      : mean= 0.981, std= 0.031, min= 0.879, max= 1.000
[04:52:32]   solar     : mean= 0.960, std= 0.065, min= 0.758, max= 1.000
[04:52:32]   diesel    : mean= 0.395, std= 0.601, min=-0.369, max= 1.000
[04:52:32]   battery   : mean= 0.800, std= 0.188, min= 0.379, max= 1.000
[04:52:32]   customer  : mean= 0.989, std= 0.026, min= 0.893, max= 1.000
[04:52:32] 
======================================================================
[04:52:32] Episode 98/200
[04:52:32] ======================================================================
[04:52:32] 总奖励:  -617.48 | 步数: 24
[04:52:32] 最近10个episodes平均:   121.89
[04:52:32] 各Agent奖励:
[04:52:32]   wind      :    0.000
[04:52:32]   solar     :    0.000
[04:52:32]   diesel    : -433.528
[04:52:32]   battery   :    0.000
[04:52:32]   customer  : -183.954
[04:52:32] Buffer大小:  2472
[04:52:32] 噪声水平: 0.0902
[04:52:32] 
动作统计:
[04:52:32]   wind      : mean= 0.978, std= 0.030, min= 0.890, max= 1.000
[04:52:32]   solar     : mean= 0.955, std= 0.059, min= 0.774, max= 1.000
[04:52:32]   diesel    : mean= 0.352, std= 0.635, min=-0.516, max= 1.000
[04:52:32]   battery   : mean= 0.799, std= 0.221, min= 0.288, max= 1.000
[04:52:32]   customer  : mean= 0.967, std= 0.044, min= 0.875, max= 1.000
[04:52:32] 
======================================================================
[04:52:32] Episode 99/200
[04:52:32] ======================================================================
[04:52:32] 总奖励:  -775.67 | 步数: 24
[04:52:32] 最近10个episodes平均:    62.98
[04:52:32] 各Agent奖励:
[04:52:32]   wind      :    0.000
[04:52:32]   solar     :    0.000
[04:52:32]   diesel    : -599.405
[04:52:32]   battery   :    0.000
[04:52:32]   customer  : -176.262
[04:52:32] Buffer大小:  2496
[04:52:32] 噪声水平: 0.0901
[04:52:32] 
动作统计:
[04:52:32]   wind      : mean= 0.957, std= 0.052, min= 0.867, max= 1.000
[04:52:32]   solar     : mean= 0.973, std= 0.038, min= 0.870, max= 1.000
[04:52:32]   diesel    : mean= 0.312, std= 0.676, min=-0.595, max= 1.000
[04:52:32]   battery   : mean= 0.781, std= 0.197, min= 0.396, max= 1.000
[04:52:32]   customer  : mean= 0.951, std= 0.056, min= 0.801, max= 1.000
[04:52:32] 
======================================================================
[04:52:32] Episode 100/200
[04:52:32] ======================================================================
[04:52:32] 总奖励:  -848.27 | 步数: 24
[04:52:32] 最近10个episodes平均:   -72.38
[04:52:32] 各Agent奖励:
[04:52:32]   wind      :    0.000
[04:52:32]   solar     :    0.000
[04:52:32]   diesel    : -667.011
[04:52:32]   battery   :    0.000
[04:52:32]   customer  : -181.255
[04:52:32] Buffer大小:  2520
[04:52:32] 噪声水平: 0.0900
[04:52:32] 
动作统计:
[04:52:32]   wind      : mean= 0.957, std= 0.052, min= 0.809, max= 1.000
[04:52:32]   solar     : mean= 0.968, std= 0.053, min= 0.817, max= 1.000
[04:52:32]   diesel    : mean= 0.288, std= 0.699, min=-0.781, max= 1.000
[04:52:32]   battery   : mean= 0.798, std= 0.228, min= 0.295, max= 1.000
[04:52:32]   customer  : mean= 0.970, std= 0.051, min= 0.806, max= 1.000
[04:52:32] 
📊 生成可视化图表...
[04:52:32]   ✓ 训练曲线: debug_plots/training_ep0100.png
[04:52:32]   ✓ Agent分析: debug_plots/agents_ep0100.png
[04:52:32] 💾 保存检查点: debug_checkpoints/debug_maddpg_20251124_045211_ep0100.pt
[04:52:33] 
======================================================================
[04:52:33] Episode 101/200
[04:52:33] ======================================================================
[04:52:33] 总奖励: -1411.72 | 步数: 24
[04:52:33] 最近10个episodes平均:  -195.01
[04:52:33] 各Agent奖励:
[04:52:33]   wind      :    0.000
[04:52:33]   solar     :    0.000
[04:52:33]   diesel    : -1243.652
[04:52:33]   battery   :    0.000
[04:52:33]   customer  : -168.072
[04:52:33] Buffer大小:  2544
[04:52:33] 噪声水平: 0.0899
[04:52:33] 
动作统计:
[04:52:33]   wind      : mean= 0.951, std= 0.064, min= 0.784, max= 1.000
[04:52:33]   solar     : mean= 0.963, std= 0.058, min= 0.823, max= 1.000
[04:52:33]   diesel    : mean= 0.316, std= 0.704, min=-0.744, max= 1.000
[04:52:33]   battery   : mean= 0.784, std= 0.209, min= 0.389, max= 1.000
[04:52:33]   customer  : mean= 0.947, std= 0.069, min= 0.707, max= 1.000
[04:52:33] 
======================================================================
[04:52:33] Episode 102/200
[04:52:33] ======================================================================
[04:52:33] 总奖励:  -744.52 | 步数: 24
[04:52:33] 最近10个episodes平均:  -290.89
[04:52:33] 各Agent奖励:
[04:52:33]   wind      :    0.000
[04:52:33]   solar     :    0.000
[04:52:33]   diesel    : -572.302
[04:52:33]   battery   :    0.000
[04:52:33]   customer  : -172.219
[04:52:33] Buffer大小:  2568
[04:52:33] 噪声水平: 0.0898
[04:52:33] 
动作统计:
[04:52:33]   wind      : mean= 0.962, std= 0.060, min= 0.788, max= 1.000
[04:52:33]   solar     : mean= 0.978, std= 0.032, min= 0.900, max= 1.000
[04:52:33]   diesel    : mean= 0.320, std= 0.727, min=-0.839, max= 1.000
[04:52:33]   battery   : mean= 0.791, std= 0.218, min= 0.222, max= 1.000
[04:52:33]   customer  : mean= 0.941, std= 0.060, min= 0.798, max= 1.000
[04:52:33] 
======================================================================
[04:52:33] Episode 103/200
[04:52:33] ======================================================================
[04:52:33] 总奖励:  -613.88 | 步数: 24
[04:52:33] 最近10个episodes平均:  -366.05
[04:52:33] 各Agent奖励:
[04:52:33]   wind      :    0.000
[04:52:33]   solar     :    0.000
[04:52:33]   diesel    : -436.215
[04:52:33]   battery   :    0.948
[04:52:33]   customer  : -178.612
[04:52:33] Buffer大小:  2592
[04:52:33] 噪声水平: 0.0898
[04:52:33] 
动作统计:
[04:52:33]   wind      : mean= 0.974, std= 0.045, min= 0.866, max= 1.000
[04:52:33]   solar     : mean= 0.957, std= 0.052, min= 0.819, max= 1.000
[04:52:33]   diesel    : mean= 0.315, std= 0.663, min=-0.816, max= 1.000
[04:52:33]   battery   : mean= 0.780, std= 0.209, min= 0.364, max= 1.000
[04:52:33]   customer  : mean= 0.963, std= 0.045, min= 0.812, max= 1.000
[04:52:33] 
======================================================================
[04:52:33] Episode 104/200
[04:52:33] ======================================================================
[04:52:33] 总奖励:  -861.68 | 步数: 24
[04:52:33] 最近10个episodes平均:  -505.93
[04:52:33] 各Agent奖励:
[04:52:33]   wind      :    0.000
[04:52:33]   solar     :    0.000
[04:52:33]   diesel    : -686.144
[04:52:33]   battery   :    2.462
[04:52:33]   customer  : -177.998
[04:52:33] Buffer大小:  2616
[04:52:33] 噪声水平: 0.0897
[04:52:33] 
动作统计:
[04:52:33]   wind      : mean= 0.957, std= 0.062, min= 0.754, max= 1.000
[04:52:33]   solar     : mean= 0.965, std= 0.052, min= 0.815, max= 1.000
[04:52:33]   diesel    : mean= 0.385, std= 0.652, min=-0.685, max= 1.000
[04:52:33]   battery   : mean= 0.786, std= 0.214, min= 0.195, max= 1.000
[04:52:33]   customer  : mean= 0.946, std= 0.067, min= 0.760, max= 1.000
[04:52:33] 
======================================================================
[04:52:33] Episode 105/200
[04:52:33] ======================================================================
[04:52:33] 总奖励:    -7.32 | 步数: 24
[04:52:33] 最近10个episodes平均:  -589.43
[04:52:33] 各Agent奖励:
[04:52:33]   wind      :    0.000
[04:52:33]   solar     :    0.000
[04:52:33]   diesel    :  182.316
[04:52:33]   battery   :    0.000
[04:52:33]   customer  : -189.639
[04:52:33] Buffer大小:  2640
[04:52:33] 噪声水平: 0.0896
[04:52:33] 
动作统计:
[04:52:33]   wind      : mean= 0.975, std= 0.051, min= 0.798, max= 1.000
[04:52:33]   solar     : mean= 0.946, std= 0.068, min= 0.778, max= 1.000
[04:52:33]   diesel    : mean= 0.453, std= 0.578, min=-0.574, max= 1.000
[04:52:33]   battery   : mean= 0.779, std= 0.208, min= 0.337, max= 1.000
[04:52:33]   customer  : mean= 0.959, std= 0.044, min= 0.861, max= 1.000
[04:52:33] 
======================================================================
[04:52:33] Episode 106/200
[04:52:33] ======================================================================
[04:52:33] 总奖励:  -172.36 | 步数: 24
[04:52:33] 最近10个episodes平均:  -628.97
[04:52:33] 各Agent奖励:
[04:52:33]   wind      :    0.000
[04:52:33]   solar     :    0.000
[04:52:33]   diesel    :   18.979
[04:52:33]   battery   :    0.000
[04:52:33]   customer  : -191.342
[04:52:33] Buffer大小:  2664
[04:52:33] 噪声水平: 0.0895
[04:52:33] 
动作统计:
[04:52:33]   wind      : mean= 0.975, std= 0.037, min= 0.856, max= 1.000
[04:52:33]   solar     : mean= 0.892, std= 0.075, min= 0.725, max= 1.000
[04:52:33]   diesel    : mean= 0.474, std= 0.538, min=-0.486, max= 1.000
[04:52:33]   battery   : mean= 0.799, std= 0.203, min= 0.334, max= 1.000
[04:52:33]   customer  : mean= 0.975, std= 0.044, min= 0.820, max= 1.000
[04:52:33] 
======================================================================
[04:52:33] Episode 107/200
[04:52:33] ======================================================================
[04:52:33] 总奖励:  1226.42 | 步数: 24
[04:52:33] 最近10个episodes平均:  -482.65
[04:52:33] 各Agent奖励:
[04:52:33]   wind      :    0.000
[04:52:33]   solar     :    0.000
[04:52:33]   diesel    : 1421.041
[04:52:33]   battery   :    3.065
[04:52:33]   customer  : -197.685
[04:52:33] Buffer大小:  2688
[04:52:33] 噪声水平: 0.0894
[04:52:33] 
动作统计:
[04:52:33]   wind      : mean= 0.951, std= 0.052, min= 0.821, max= 1.000
[04:52:33]   solar     : mean= 0.803, std= 0.105, min= 0.527, max= 0.927
[04:52:33]   diesel    : mean= 0.618, std= 0.405, min=-0.268, max= 1.000
[04:52:33]   battery   : mean= 0.793, std= 0.204, min= 0.348, max= 1.000
[04:52:33]   customer  : mean= 0.943, std= 0.064, min= 0.805, max= 1.000
[04:52:34] 
======================================================================
[04:52:34] Episode 108/200
[04:52:34] ======================================================================
[04:52:34] 总奖励:   684.38 | 步数: 24
[04:52:34] 最近10个episodes平均:  -352.46
[04:52:34] 各Agent奖励:
[04:52:34]   wind      :    0.000
[04:52:34]   solar     :  136.246
[04:52:34]   diesel    :  740.413
[04:52:34]   battery   :    6.061
[04:52:34]   customer  : -198.342
[04:52:34] Buffer大小:  2712
[04:52:34] 噪声水平: 0.0893
[04:52:34] 
动作统计:
[04:52:34]   wind      : mean= 0.978, std= 0.031, min= 0.884, max= 1.000
[04:52:34]   solar     : mean= 0.750, std= 0.093, min= 0.546, max= 0.895
[04:52:34]   diesel    : mean= 0.645, std= 0.365, min=-0.075, max= 1.000
[04:52:34]   battery   : mean= 0.811, std= 0.188, min= 0.448, max= 1.000
[04:52:34]   customer  : mean= 0.969, std= 0.046, min= 0.820, max= 1.000
[04:52:34] 
======================================================================
[04:52:34] Episode 109/200
[04:52:34] ======================================================================
[04:52:34] 总奖励:   460.93 | 步数: 24
[04:52:34] 最近10个episodes平均:  -228.80
[04:52:34] 各Agent奖励:
[04:52:34]   wind      :    0.000
[04:52:34]   solar     :    0.000
[04:52:34]   diesel    :  650.862
[04:52:34]   battery   :    2.338
[04:52:34]   customer  : -192.272
[04:52:34] Buffer大小:  2736
[04:52:34] 噪声水平: 0.0892
[04:52:34] 
动作统计:
[04:52:34]   wind      : mean= 0.960, std= 0.050, min= 0.823, max= 1.000
[04:52:34]   solar     : mean= 0.643, std= 0.079, min= 0.470, max= 0.784
[04:52:34]   diesel    : mean= 0.654, std= 0.355, min= 0.019, max= 1.000
[04:52:34]   battery   : mean= 0.808, std= 0.217, min= 0.285, max= 1.000
[04:52:34]   customer  : mean= 0.968, std= 0.051, min= 0.833, max= 1.000
[04:52:34] 
======================================================================
[04:52:34] Episode 110/200
[04:52:34] ======================================================================
[04:52:34] 总奖励:   310.36 | 步数: 24
[04:52:34] 最近10个episodes平均:  -112.94
[04:52:34] 各Agent奖励:
[04:52:34]   wind      :    0.000
[04:52:34]   solar     :    0.000
[04:52:34]   diesel    :  503.729
[04:52:34]   battery   :    1.146
[04:52:34]   customer  : -194.521
[04:52:34] Buffer大小:  2760
[04:52:34] 噪声水平: 0.0891
[04:52:34] 
动作统计:
[04:52:34]   wind      : mean= 0.966, std= 0.048, min= 0.850, max= 1.000
[04:52:34]   solar     : mean= 0.579, std= 0.105, min= 0.304, max= 0.774
[04:52:34]   diesel    : mean= 0.668, std= 0.327, min= 0.042, max= 1.000
[04:52:34]   battery   : mean= 0.793, std= 0.197, min= 0.364, max= 1.000
[04:52:34]   customer  : mean= 0.976, std= 0.045, min= 0.846, max= 1.000
[04:52:34] 
📊 生成可视化图表...
[04:52:35]   ✓ 训练曲线: debug_plots/training_ep0110.png
[04:52:35]   ✓ Agent分析: debug_plots/agents_ep0110.png
[04:52:35] 
======================================================================
[04:52:35] Episode 111/200
[04:52:35] ======================================================================
[04:52:35] 总奖励:   649.14 | 步数: 24
[04:52:35] 最近10个episodes平均:    93.15
[04:52:35] 各Agent奖励:
[04:52:35]   wind      :    0.000
[04:52:35]   solar     :   15.600
[04:52:35]   diesel    :  825.610
[04:52:35]   battery   :    1.709
[04:52:35]   customer  : -193.780
[04:52:35] Buffer大小:  2784
[04:52:35] 噪声水平: 0.0890
[04:52:35] 
动作统计:
[04:52:35]   wind      : mean= 0.961, std= 0.058, min= 0.785, max= 1.000
[04:52:35]   solar     : mean= 0.501, std= 0.108, min= 0.225, max= 0.713
[04:52:35]   diesel    : mean= 0.720, std= 0.274, min= 0.188, max= 1.000
[04:52:35]   battery   : mean= 0.802, std= 0.194, min= 0.390, max= 1.000
[04:52:35]   customer  : mean= 0.964, std= 0.053, min= 0.834, max= 1.000
[04:52:35] 
======================================================================
[04:52:35] Episode 112/200
[04:52:35] ======================================================================
[04:52:35] 总奖励:   662.79 | 步数: 24
[04:52:35] 最近10个episodes平均:   233.88
[04:52:35] 各Agent奖励:
[04:52:35]   wind      :    0.000
[04:52:35]   solar     :  424.313
[04:52:35]   diesel    :  429.909
[04:52:35]   battery   :    3.138
[04:52:35]   customer  : -194.569
[04:52:35] Buffer大小:  2808
[04:52:35] 噪声水平: 0.0890
[04:52:35] 
动作统计:
[04:52:35]   wind      : mean= 0.952, std= 0.067, min= 0.767, max= 1.000
[04:52:35]   solar     : mean= 0.446, std= 0.078, min= 0.274, max= 0.570
[04:52:35]   diesel    : mean= 0.720, std= 0.288, min= 0.203, max= 1.000
[04:52:35]   battery   : mean= 0.800, std= 0.207, min= 0.369, max= 1.000
[04:52:35]   customer  : mean= 0.972, std= 0.045, min= 0.835, max= 1.000
[04:52:35] 
======================================================================
[04:52:35] Episode 113/200
[04:52:35] ======================================================================
[04:52:35] 总奖励:  1210.49 | 步数: 24
[04:52:35] 最近10个episodes平均:   416.31
[04:52:35] 各Agent奖励:
[04:52:35]   wind      :    0.000
[04:52:35]   solar     :  732.342
[04:52:35]   diesel    :  674.401
[04:52:35]   battery   :    4.512
[04:52:35]   customer  : -200.767
[04:52:35] Buffer大小:  2832
[04:52:35] 噪声水平: 0.0889
[04:52:35] 
动作统计:
[04:52:35]   wind      : mean= 0.969, std= 0.052, min= 0.783, max= 1.000
[04:52:35]   solar     : mean= 0.408, std= 0.095, min= 0.173, max= 0.590
[04:52:35]   diesel    : mean= 0.739, std= 0.284, min= 0.076, max= 1.000
[04:52:35]   battery   : mean= 0.814, std= 0.202, min= 0.364, max= 1.000
[04:52:35]   customer  : mean= 0.956, std= 0.041, min= 0.878, max= 1.000
[04:52:35] 
======================================================================
[04:52:35] Episode 114/200
[04:52:35] ======================================================================
[04:52:35] 总奖励:  1341.85 | 步数: 24
[04:52:35] 最近10个episodes平均:   636.67
[04:52:35] 各Agent奖励:
[04:52:35]   wind      :    0.000
[04:52:35]   solar     :  637.315
[04:52:35]   diesel    :  898.736
[04:52:35]   battery   :    4.877
[04:52:35]   customer  : -199.081
[04:52:35] Buffer大小:  2856
[04:52:35] 噪声水平: 0.0888
[04:52:35] 
动作统计:
[04:52:35]   wind      : mean= 0.968, std= 0.045, min= 0.812, max= 1.000
[04:52:35]   solar     : mean= 0.361, std= 0.128, min= 0.005, max= 0.559
[04:52:35]   diesel    : mean= 0.741, std= 0.267, min= 0.034, max= 1.000
[04:52:35]   battery   : mean= 0.802, std= 0.186, min= 0.395, max= 1.000
[04:52:35]   customer  : mean= 0.950, std= 0.059, min= 0.803, max= 1.000
[04:52:35] 
======================================================================
[04:52:35] Episode 115/200
[04:52:35] ======================================================================
[04:52:35] 总奖励:   909.31 | 步数: 24
[04:52:35] 最近10个episodes平均:   728.33
[04:52:35] 各Agent奖励:
[04:52:35]   wind      :    0.000
[04:52:35]   solar     :  427.511
[04:52:35]   diesel    :  675.111
[04:52:35]   battery   :    9.750
[04:52:35]   customer  : -203.067
[04:52:35] Buffer大小:  2880
[04:52:35] 噪声水平: 0.0887
[04:52:35] 
动作统计:
[04:52:35]   wind      : mean= 0.974, std= 0.037, min= 0.881, max= 1.000
[04:52:35]   solar     : mean= 0.287, std= 0.121, min= 0.017, max= 0.478
[04:52:35]   diesel    : mean= 0.754, std= 0.267, min= 0.131, max= 1.000
[04:52:35]   battery   : mean= 0.816, std= 0.181, min= 0.431, max= 1.000
[04:52:35]   customer  : mean= 0.953, std= 0.053, min= 0.846, max= 1.000
[04:52:36] 
======================================================================
[04:52:36] Episode 116/200
[04:52:36] ======================================================================
[04:52:36] 总奖励:   525.03 | 步数: 24
[04:52:36] 最近10个episodes平均:   798.07
[04:52:36] 各Agent奖励:
[04:52:36]   wind      :    0.000
[04:52:36]   solar     :  434.776
[04:52:36]   diesel    :  281.708
[04:52:36]   battery   :    1.797
[04:52:36]   customer  : -193.256
[04:52:36] Buffer大小:  2904
[04:52:36] 噪声水平: 0.0886
[04:52:36] 
动作统计:
[04:52:36]   wind      : mean= 0.967, std= 0.050, min= 0.837, max= 1.000
[04:52:36]   solar     : mean= 0.260, std= 0.119, min=-0.004, max= 0.444
[04:52:36]   diesel    : mean= 0.705, std= 0.324, min= 0.093, max= 1.000
[04:52:36]   battery   : mean= 0.803, std= 0.209, min= 0.376, max= 1.000
[04:52:36]   customer  : mean= 0.970, std= 0.047, min= 0.807, max= 1.000
[04:52:36] 
======================================================================
[04:52:36] Episode 117/200
[04:52:36] ======================================================================
[04:52:36] 总奖励:   -25.50 | 步数: 24
[04:52:36] 最近10个episodes平均:   672.88
[04:52:36] 各Agent奖励:
[04:52:36]   wind      :    0.000
[04:52:36]   solar     :    4.616
[04:52:36]   diesel    :  162.875
[04:52:36]   battery   :    4.867
[04:52:36]   customer  : -197.860
[04:52:36] Buffer大小:  2928
[04:52:36] 噪声水平: 0.0885
[04:52:36] 
动作统计:
[04:52:36]   wind      : mean= 0.961, std= 0.045, min= 0.855, max= 1.000
[04:52:36]   solar     : mean= 0.267, std= 0.137, min=-0.033, max= 0.443
[04:52:36]   diesel    : mean= 0.675, std= 0.330, min= 0.017, max= 1.000
[04:52:36]   battery   : mean= 0.787, std= 0.213, min= 0.396, max= 1.000
[04:52:36]   customer  : mean= 0.982, std= 0.051, min= 0.760, max= 1.000
[04:52:36] 
======================================================================
[04:52:36] Episode 118/200
[04:52:36] ======================================================================
[04:52:36] 总奖励:   926.33 | 步数: 24
[04:52:36] 最近10个episodes平均:   697.07
[04:52:36] 各Agent奖励:
[04:52:36]   wind      :    0.000
[04:52:36]   solar     :  561.597
[04:52:36]   diesel    :  555.043
[04:52:36]   battery   :    7.256
[04:52:36]   customer  : -197.564
[04:52:36] Buffer大小:  2952
[04:52:36] 噪声水平: 0.0884
[04:52:36] 
动作统计:
[04:52:36]   wind      : mean= 0.986, std= 0.031, min= 0.880, max= 1.000
[04:52:36]   solar     : mean= 0.213, std= 0.126, min=-0.062, max= 0.444
[04:52:36]   diesel    : mean= 0.732, std= 0.286, min= 0.130, max= 1.000
[04:52:36]   battery   : mean= 0.827, std= 0.177, min= 0.498, max= 1.000
[04:52:36]   customer  : mean= 0.941, std= 0.068, min= 0.747, max= 1.000
[04:52:36] 
======================================================================
[04:52:36] Episode 119/200
[04:52:36] ======================================================================
[04:52:36] 总奖励:  1494.62 | 步数: 24
[04:52:36] 最近10个episodes平均:   800.44
[04:52:36] 各Agent奖励:
[04:52:36]   wind      :    0.000
[04:52:36]   solar     :  118.619
[04:52:36]   diesel    : 1580.300
[04:52:36]   battery   :    9.040
[04:52:36]   customer  : -213.337
[04:52:36] Buffer大小:  2976
[04:52:36] 噪声水平: 0.0883
[04:52:36] 
动作统计:
[04:52:36]   wind      : mean= 0.960, std= 0.060, min= 0.744, max= 1.000
[04:52:36]   solar     : mean= 0.185, std= 0.130, min=-0.127, max= 0.406
[04:52:36]   diesel    : mean= 0.745, std= 0.289, min= 0.176, max= 1.000
[04:52:36]   battery   : mean= 0.833, std= 0.151, min= 0.465, max= 1.000
[04:52:36]   customer  : mean= 0.954, std= 0.069, min= 0.705, max= 1.000
[04:52:36] 
======================================================================
[04:52:36] Episode 120/200
[04:52:36] ======================================================================
[04:52:36] 总奖励:   454.98 | 步数: 24
[04:52:36] 最近10个episodes平均:   814.90
[04:52:36] 各Agent奖励:
[04:52:36]   wind      :  105.216
[04:52:36]   solar     :    6.900
[04:52:36]   diesel    :  529.637
[04:52:36]   battery   :    2.163
[04:52:36]   customer  : -188.934
[04:52:36] Buffer大小:  3000
[04:52:36] 噪声水平: 0.0882
[04:52:36] 
动作统计:
[04:52:36]   wind      : mean= 0.947, std= 0.069, min= 0.759, max= 1.000
[04:52:36]   solar     : mean= 0.194, std= 0.137, min=-0.110, max= 0.379
[04:52:36]   diesel    : mean= 0.688, std= 0.320, min= 0.091, max= 1.000
[04:52:36]   battery   : mean= 0.809, std= 0.188, min= 0.326, max= 1.000
[04:52:36]   customer  : mean= 0.971, std= 0.044, min= 0.833, max= 1.000
[04:52:36] 
📊 生成可视化图表...
[04:52:37]   ✓ 训练曲线: debug_plots/training_ep0120.png
[04:52:37]   ✓ Agent分析: debug_plots/agents_ep0120.png
[04:52:37] 
======================================================================
[04:52:37] Episode 121/200
[04:52:37] ======================================================================
[04:52:37] 总奖励:   401.73 | 步数: 24
[04:52:37] 最近10个episodes平均:   790.16
[04:52:37] 各Agent奖励:
[04:52:37]   wind      :    0.000
[04:52:37]   solar     :  180.335
[04:52:37]   diesel    :  409.390
[04:52:37]   battery   :    3.564
[04:52:37]   customer  : -191.557
[04:52:37] Buffer大小:  3024
[04:52:37] 噪声水平: 0.0882
[04:52:37] 
动作统计:
[04:52:37]   wind      : mean= 0.975, std= 0.040, min= 0.866, max= 1.000
[04:52:37]   solar     : mean= 0.168, std= 0.187, min=-0.200, max= 0.414
[04:52:37]   diesel    : mean= 0.691, std= 0.303, min= 0.132, max= 1.000
[04:52:37]   battery   : mean= 0.815, std= 0.179, min= 0.483, max= 1.000
[04:52:37]   customer  : mean= 0.969, std= 0.047, min= 0.826, max= 1.000
[04:52:37] 
======================================================================
[04:52:37] Episode 122/200
[04:52:37] ======================================================================
[04:52:37] 总奖励:   489.15 | 步数: 24
[04:52:37] 最近10个episodes平均:   772.80
[04:52:37] 各Agent奖励:
[04:52:37]   wind      :    0.000
[04:52:37]   solar     :  413.486
[04:52:37]   diesel    :  265.156
[04:52:37]   battery   :    4.051
[04:52:37]   customer  : -193.538
[04:52:37] Buffer大小:  3048
[04:52:37] 噪声水平: 0.0881
[04:52:37] 
动作统计:
[04:52:37]   wind      : mean= 0.962, std= 0.063, min= 0.722, max= 1.000
[04:52:37]   solar     : mean= 0.183, std= 0.148, min=-0.050, max= 0.501
[04:52:37]   diesel    : mean= 0.718, std= 0.303, min=-0.037, max= 1.000
[04:52:37]   battery   : mean= 0.793, std= 0.205, min= 0.421, max= 1.000
[04:52:37]   customer  : mean= 0.959, std= 0.063, min= 0.802, max= 1.000
[04:52:37] 
======================================================================
[04:52:37] Episode 123/200
[04:52:37] ======================================================================
[04:52:37] 总奖励:  1398.19 | 步数: 24
[04:52:37] 最近10个episodes平均:   791.57
[04:52:37] 各Agent奖励:
[04:52:37]   wind      :    0.000
[04:52:37]   solar     :  428.547
[04:52:37]   diesel    : 1164.537
[04:52:37]   battery   :    6.856
[04:52:37]   customer  : -201.751
[04:52:37] Buffer大小:  3072
[04:52:37] 噪声水平: 0.0880
[04:52:37] 
动作统计:
[04:52:37]   wind      : mean= 0.947, std= 0.058, min= 0.846, max= 1.000
[04:52:37]   solar     : mean= 0.216, std= 0.189, min=-0.172, max= 0.491
[04:52:37]   diesel    : mean= 0.736, std= 0.286, min= 0.125, max= 1.000
[04:52:37]   battery   : mean= 0.800, std= 0.193, min= 0.413, max= 1.000
[04:52:37]   customer  : mean= 0.938, std= 0.076, min= 0.767, max= 1.000
[04:52:38] 
======================================================================
[04:52:38] Episode 124/200
[04:52:38] ======================================================================
[04:52:38] 总奖励:   667.53 | 步数: 24
[04:52:38] 最近10个episodes平均:   724.14
[04:52:38] 各Agent奖励:
[04:52:38]   wind      :    0.000
[04:52:38]   solar     :  208.945
[04:52:38]   diesel    :  654.499
[04:52:38]   battery   :    0.000
[04:52:38]   customer  : -195.914
[04:52:38] Buffer大小:  3096
[04:52:38] 噪声水平: 0.0879
[04:52:38] 
动作统计:
[04:52:38]   wind      : mean= 0.978, std= 0.040, min= 0.861, max= 1.000
[04:52:38]   solar     : mean= 0.214, std= 0.164, min=-0.141, max= 0.469
[04:52:38]   diesel    : mean= 0.714, std= 0.299, min=-0.049, max= 1.000
[04:52:38]   battery   : mean= 0.774, std= 0.202, min= 0.422, max= 1.000
[04:52:38]   customer  : mean= 0.973, std= 0.048, min= 0.796, max= 1.000
[04:52:38] 
======================================================================
[04:52:38] Episode 125/200
[04:52:38] ======================================================================
[04:52:38] 总奖励:   269.95 | 步数: 24
[04:52:38] 最近10个episodes平均:   660.20
[04:52:38] 各Agent奖励:
[04:52:38]   wind      :    0.000
[04:52:38]   solar     :  118.201
[04:52:38]   diesel    :  346.764
[04:52:38]   battery   :    1.999
[04:52:38]   customer  : -197.010
[04:52:38] Buffer大小:  3120
[04:52:38] 噪声水平: 0.0878
[04:52:38] 
动作统计:
[04:52:38]   wind      : mean= 0.977, std= 0.028, min= 0.905, max= 1.000
[04:52:38]   solar     : mean= 0.237, std= 0.189, min=-0.130, max= 0.675
[04:52:38]   diesel    : mean= 0.679, std= 0.316, min= 0.092, max= 1.000
[04:52:38]   battery   : mean= 0.790, std= 0.191, min= 0.423, max= 1.000
[04:52:38]   customer  : mean= 0.975, std= 0.031, min= 0.874, max= 1.000
[04:52:38] 
======================================================================
[04:52:38] Episode 126/200
[04:52:38] ======================================================================
[04:52:38] 总奖励:   934.68 | 步数: 24
[04:52:38] 最近10个episodes平均:   701.17
[04:52:38] 各Agent奖励:
[04:52:38]   wind      :    0.000
[04:52:38]   solar     :  414.643
[04:52:38]   diesel    :  713.951
[04:52:38]   battery   :    7.420
[04:52:38]   customer  : -201.331
[04:52:38] Buffer大小:  3144
[04:52:38] 噪声水平: 0.0877
[04:52:38] 
动作统计:
[04:52:38]   wind      : mean= 0.977, std= 0.035, min= 0.894, max= 1.000
[04:52:38]   solar     : mean= 0.222, std= 0.201, min=-0.270, max= 0.519
[04:52:38]   diesel    : mean= 0.723, std= 0.268, min= 0.139, max= 1.000
[04:52:38]   battery   : mean= 0.810, std= 0.187, min= 0.385, max= 1.000
[04:52:38]   customer  : mean= 0.946, std= 0.057, min= 0.816, max= 1.000
[04:52:38] 
======================================================================
[04:52:38] Episode 127/200
[04:52:38] ======================================================================
[04:52:38] 总奖励:  1282.86 | 步数: 24
[04:52:38] 最近10个episodes平均:   832.00
[04:52:38] 各Agent奖励:
[04:52:38]   wind      :    0.000
[04:52:38]   solar     :  584.064
[04:52:38]   diesel    :  894.591
[04:52:38]   battery   :    3.637
[04:52:38]   customer  : -199.427
[04:52:38] Buffer大小:  3168
[04:52:38] 噪声水平: 0.0876
[04:52:38] 
动作统计:
[04:52:38]   wind      : mean= 0.966, std= 0.050, min= 0.803, max= 1.000
[04:52:38]   solar     : mean= 0.164, std= 0.178, min=-0.131, max= 0.553
[04:52:38]   diesel    : mean= 0.711, std= 0.329, min= 0.100, max= 1.000
[04:52:38]   battery   : mean= 0.808, std= 0.188, min= 0.383, max= 1.000
[04:52:38]   customer  : mean= 0.960, std= 0.065, min= 0.765, max= 1.000
[04:52:38] 
======================================================================
[04:52:38] Episode 128/200
[04:52:38] ======================================================================
[04:52:38] 总奖励:   345.19 | 步数: 24
[04:52:38] 最近10个episodes平均:   773.89
[04:52:38] 各Agent奖励:
[04:52:38]   wind      :    0.000
[04:52:38]   solar     :   76.621
[04:52:38]   diesel    :  456.061
[04:52:38]   battery   :    3.247
[04:52:38]   customer  : -190.744
[04:52:38] Buffer大小:  3192
[04:52:38] 噪声水平: 0.0875
[04:52:38] 
动作统计:
[04:52:38]   wind      : mean= 0.968, std= 0.047, min= 0.813, max= 1.000
[04:52:38]   solar     : mean= 0.142, std= 0.210, min=-0.224, max= 0.592
[04:52:38]   diesel    : mean= 0.667, std= 0.335, min= 0.073, max= 1.000
[04:52:38]   battery   : mean= 0.798, std= 0.187, min= 0.417, max= 1.000
[04:52:38]   customer  : mean= 0.970, std= 0.048, min= 0.822, max= 1.000
[04:52:38] 
======================================================================
[04:52:38] Episode 129/200
[04:52:38] ======================================================================
[04:52:38] 总奖励:  1046.01 | 步数: 24
[04:52:38] 最近10个episodes平均:   729.03
[04:52:38] 各Agent奖励:
[04:52:38]   wind      :  316.573
[04:52:38]   solar     :  111.953
[04:52:38]   diesel    :  813.125
[04:52:38]   battery   :    1.682
[04:52:38]   customer  : -197.320
[04:52:38] Buffer大小:  3216
[04:52:38] 噪声水平: 0.0875
[04:52:38] 
动作统计:
[04:52:38]   wind      : mean= 0.969, std= 0.055, min= 0.760, max= 1.000
[04:52:38]   solar     : mean= 0.117, std= 0.205, min=-0.336, max= 0.465
[04:52:38]   diesel    : mean= 0.710, std= 0.319, min= 0.046, max= 1.000
[04:52:38]   battery   : mean= 0.802, std= 0.184, min= 0.405, max= 1.000
[04:52:38]   customer  : mean= 0.962, std= 0.045, min= 0.864, max= 1.000
[04:52:38] 
======================================================================
[04:52:38] Episode 130/200
[04:52:38] ======================================================================
[04:52:38] 总奖励:   621.53 | 步数: 24
[04:52:38] 最近10个episodes平均:   745.68
[04:52:38] 各Agent奖励:
[04:52:38]   wind      :    0.000
[04:52:38]   solar     :  537.166
[04:52:38]   diesel    :  280.456
[04:52:38]   battery   :    0.912
[04:52:38]   customer  : -197.008
[04:52:38] Buffer大小:  3240
[04:52:38] 噪声水平: 0.0874
[04:52:38] 
动作统计:
[04:52:38]   wind      : mean= 0.973, std= 0.032, min= 0.918, max= 1.000
[04:52:38]   solar     : mean= 0.124, std= 0.211, min=-0.237, max= 0.439
[04:52:38]   diesel    : mean= 0.670, std= 0.333, min= 0.096, max= 1.000
[04:52:38]   battery   : mean= 0.769, std= 0.201, min= 0.334, max= 1.000
[04:52:38]   customer  : mean= 0.976, std= 0.043, min= 0.824, max= 1.000
[04:52:38] 
📊 生成可视化图表...
[04:52:39]   ✓ 训练曲线: debug_plots/training_ep0130.png
[04:52:39]   ✓ Agent分析: debug_plots/agents_ep0130.png
[04:52:39] 
======================================================================
[04:52:39] Episode 131/200
[04:52:39] ======================================================================
[04:52:39] 总奖励:   790.15 | 步数: 24
[04:52:39] 最近10个episodes平均:   784.52
[04:52:39] 各Agent奖励:
[04:52:39]   wind      :    0.000
[04:52:39]   solar     :  667.392
[04:52:39]   diesel    :  319.028
[04:52:39]   battery   :    1.594
[04:52:39]   customer  : -197.867
[04:52:39] Buffer大小:  3264
[04:52:39] 噪声水平: 0.0873
[04:52:39] 
动作统计:
[04:52:39]   wind      : mean= 0.976, std= 0.041, min= 0.828, max= 1.000
[04:52:39]   solar     : mean= 0.184, std= 0.237, min=-0.287, max= 0.582
[04:52:39]   diesel    : mean= 0.680, std= 0.324, min= 0.065, max= 1.000
[04:52:39]   battery   : mean= 0.794, std= 0.183, min= 0.401, max= 1.000
[04:52:39]   customer  : mean= 0.973, std= 0.040, min= 0.851, max= 1.000
[04:52:39] 
======================================================================
[04:52:39] Episode 132/200
[04:52:39] ======================================================================
[04:52:39] 总奖励:   452.80 | 步数: 24
[04:52:39] 最近10个episodes平均:   780.89
[04:52:39] 各Agent奖励:
[04:52:39]   wind      :    0.000
[04:52:39]   solar     :  309.100
[04:52:39]   diesel    :  337.917
[04:52:39]   battery   :    1.692
[04:52:39]   customer  : -195.910
[04:52:39] Buffer大小:  3288
[04:52:39] 噪声水平: 0.0872
[04:52:39] 
动作统计:
[04:52:39]   wind      : mean= 0.982, std= 0.035, min= 0.885, max= 1.000
[04:52:39]   solar     : mean= 0.190, std= 0.227, min=-0.276, max= 0.581
[04:52:39]   diesel    : mean= 0.681, std= 0.335, min= 0.022, max= 1.000
[04:52:39]   battery   : mean= 0.786, std= 0.207, min= 0.370, max= 1.000
[04:52:39]   customer  : mean= 0.971, std= 0.039, min= 0.886, max= 1.000
[04:52:39] 
======================================================================
[04:52:39] Episode 133/200
[04:52:39] ======================================================================
[04:52:39] 总奖励:   697.59 | 步数: 24
[04:52:39] 最近10个episodes平均:   710.83
[04:52:39] 各Agent奖励:
[04:52:39]   wind      :    0.000
[04:52:39]   solar     :  153.575
[04:52:39]   diesel    :  739.231
[04:52:39]   battery   :    6.662
[04:52:39]   customer  : -201.880
[04:52:39] Buffer大小:  3312
[04:52:39] 噪声水平: 0.0871
[04:52:39] 
动作统计:
[04:52:39]   wind      : mean= 0.971, std= 0.042, min= 0.866, max= 1.000
[04:52:39]   solar     : mean= 0.179, std= 0.238, min=-0.314, max= 0.644
[04:52:39]   diesel    : mean= 0.702, std= 0.314, min= 0.060, max= 1.000
[04:52:39]   battery   : mean= 0.809, std= 0.173, min= 0.452, max= 1.000
[04:52:39]   customer  : mean= 0.961, std= 0.049, min= 0.839, max= 1.000
[04:52:40] 
======================================================================
[04:52:40] Episode 134/200
[04:52:40] ======================================================================
[04:52:40] 总奖励:  1018.09 | 步数: 24
[04:52:40] 最近10个episodes平均:   745.89
[04:52:40] 各Agent奖励:
[04:52:40]   wind      :    0.000
[04:52:40]   solar     :  545.183
[04:52:40]   diesel    :  666.305
[04:52:40]   battery   :    0.874
[04:52:40]   customer  : -194.271
[04:52:40] Buffer大小:  3336
[04:52:40] 噪声水平: 0.0870
[04:52:40] 
动作统计:
[04:52:40]   wind      : mean= 0.975, std= 0.034, min= 0.884, max= 1.000
[04:52:40]   solar     : mean= 0.159, std= 0.217, min=-0.201, max= 0.522
[04:52:40]   diesel    : mean= 0.698, std= 0.323, min= 0.086, max= 1.000
[04:52:40]   battery   : mean= 0.799, std= 0.177, min= 0.401, max= 1.000
[04:52:40]   customer  : mean= 0.954, std= 0.054, min= 0.829, max= 1.000
[04:52:40] 
======================================================================
[04:52:40] Episode 135/200
[04:52:40] ======================================================================
[04:52:40] 总奖励:   543.37 | 步数: 24
[04:52:40] 最近10个episodes平均:   773.23
[04:52:40] 各Agent奖励:
[04:52:40]   wind      :    0.000
[04:52:40]   solar     :  298.339
[04:52:40]   diesel    :  436.501
[04:52:40]   battery   :    0.962
[04:52:40]   customer  : -192.432
[04:52:40] Buffer大小:  3360
[04:52:40] 噪声水平: 0.0869
[04:52:40] 
动作统计:
[04:52:40]   wind      : mean= 0.965, std= 0.045, min= 0.852, max= 1.000
[04:52:40]   solar     : mean= 0.181, std= 0.228, min=-0.260, max= 0.539
[04:52:40]   diesel    : mean= 0.689, std= 0.323, min= 0.124, max= 1.000
[04:52:40]   battery   : mean= 0.813, std= 0.172, min= 0.547, max= 1.000
[04:52:40]   customer  : mean= 0.964, std= 0.055, min= 0.817, max= 1.000
[04:52:40] 
======================================================================
[04:52:40] Episode 136/200
[04:52:40] ======================================================================
[04:52:40] 总奖励:  1161.93 | 步数: 24
[04:52:40] 最近10个episodes平均:   795.95
[04:52:40] 各Agent奖励:
[04:52:40]   wind      :    0.000
[04:52:40]   solar     :  421.505
[04:52:40]   diesel    :  938.456
[04:52:40]   battery   :    8.135
[04:52:40]   customer  : -206.165
[04:52:40] Buffer大小:  3384
[04:52:40] 噪声水平: 0.0868
[04:52:40] 
动作统计:
[04:52:40]   wind      : mean= 0.966, std= 0.056, min= 0.777, max= 1.000
[04:52:40]   solar     : mean= 0.172, std= 0.253, min=-0.356, max= 0.493
[04:52:40]   diesel    : mean= 0.720, std= 0.295, min= 0.163, max= 1.000
[04:52:40]   battery   : mean= 0.810, std= 0.177, min= 0.506, max= 1.000
[04:52:40]   customer  : mean= 0.948, std= 0.049, min= 0.844, max= 1.000
[04:52:40] 
======================================================================
[04:52:40] Episode 137/200
[04:52:40] ======================================================================
[04:52:40] 总奖励:   147.65 | 步数: 24
[04:52:40] 最近10个episodes平均:   682.43
[04:52:40] 各Agent奖励:
[04:52:40]   wind      :    0.000
[04:52:40]   solar     :  137.008
[04:52:40]   diesel    :  200.998
[04:52:40]   battery   :    0.013
[04:52:40]   customer  : -190.370
[04:52:40] Buffer大小:  3408
[04:52:40] 噪声水平: 0.0868
[04:52:40] 
动作统计:
[04:52:40]   wind      : mean= 0.963, std= 0.050, min= 0.849, max= 1.000
[04:52:40]   solar     : mean= 0.129, std= 0.246, min=-0.310, max= 0.585
[04:52:40]   diesel    : mean= 0.661, std= 0.345, min= 0.107, max= 1.000
[04:52:40]   battery   : mean= 0.789, std= 0.201, min= 0.378, max= 1.000
[04:52:40]   customer  : mean= 0.981, std= 0.034, min= 0.900, max= 1.000
[04:52:40] 
======================================================================
[04:52:40] Episode 138/200
[04:52:40] ======================================================================
[04:52:40] 总奖励:   681.37 | 步数: 24
[04:52:40] 最近10个episodes平均:   716.05
[04:52:40] 各Agent奖励:
[04:52:40]   wind      :    0.000
[04:52:40]   solar     :  110.675
[04:52:40]   diesel    :  763.308
[04:52:40]   battery   :    4.588
[04:52:40]   customer  : -197.196
[04:52:40] Buffer大小:  3432
[04:52:40] 噪声水平: 0.0867
[04:52:40] 
动作统计:
[04:52:40]   wind      : mean= 0.954, std= 0.047, min= 0.843, max= 1.000
[04:52:40]   solar     : mean= 0.175, std= 0.255, min=-0.335, max= 0.566
[04:52:40]   diesel    : mean= 0.681, std= 0.308, min= 0.135, max= 1.000
[04:52:40]   battery   : mean= 0.793, std= 0.190, min= 0.407, max= 1.000
[04:52:40]   customer  : mean= 0.966, std= 0.045, min= 0.830, max= 1.000
[04:52:41] 
======================================================================
[04:52:41] Episode 139/200
[04:52:41] ======================================================================
[04:52:41] 总奖励:  1118.40 | 步数: 24
[04:52:41] 最近10个episodes平均:   723.29
[04:52:41] 各Agent奖励:
[04:52:41]   wind      :    0.000
[04:52:41]   solar     :  864.013
[04:52:41]   diesel    :  442.497
[04:52:41]   battery   :    4.841
[04:52:41]   customer  : -192.951
[04:52:41] Buffer大小:  3456
[04:52:41] 噪声水平: 0.0866
[04:52:41] 
动作统计:
[04:52:41]   wind      : mean= 0.968, std= 0.048, min= 0.830, max= 1.000
[04:52:41]   solar     : mean= 0.201, std= 0.263, min=-0.249, max= 0.601
[04:52:41]   diesel    : mean= 0.707, std= 0.300, min= 0.061, max= 1.000
[04:52:41]   battery   : mean= 0.829, std= 0.160, min= 0.425, max= 1.000
[04:52:41]   customer  : mean= 0.938, std= 0.075, min= 0.728, max= 1.000
[04:52:41] 
======================================================================
[04:52:41] Episode 140/200
[04:52:41] ======================================================================
[04:52:41] 总奖励:   904.77 | 步数: 24
[04:52:41] 最近10个episodes平均:   751.61
[04:52:41] 各Agent奖励:
[04:52:41]   wind      :    0.000
[04:52:41]   solar     :  305.924
[04:52:41]   diesel    :  796.523
[04:52:41]   battery   :    2.843
[04:52:41]   customer  : -200.523
[04:52:41] Buffer大小:  3480
[04:52:41] 噪声水平: 0.0865
[04:52:41] 
动作统计:
[04:52:41]   wind      : mean= 0.963, std= 0.058, min= 0.768, max= 1.000
[04:52:41]   solar     : mean= 0.229, std= 0.313, min=-0.384, max= 0.684
[04:52:41]   diesel    : mean= 0.670, std= 0.321, min= 0.167, max= 1.000
[04:52:41]   battery   : mean= 0.806, std= 0.183, min= 0.377, max= 1.000
[04:52:41]   customer  : mean= 0.970, std= 0.040, min= 0.860, max= 1.000
[04:52:41] 
📊 生成可视化图表...
[04:52:41]   ✓ 训练曲线: debug_plots/training_ep0140.png
[04:52:41]   ✓ Agent分析: debug_plots/agents_ep0140.png
[04:52:41] 
======================================================================
[04:52:41] Episode 141/200
[04:52:41] ======================================================================
[04:52:41] 总奖励:   691.31 | 步数: 24
[04:52:41] 最近10个episodes平均:   741.73
[04:52:41] 各Agent奖励:
[04:52:41]   wind      :    0.000
[04:52:41]   solar     :  233.965
[04:52:41]   diesel    :  649.409
[04:52:41]   battery   :    1.406
[04:52:41]   customer  : -193.467
[04:52:41] Buffer大小:  3504
[04:52:41] 噪声水平: 0.0864
[04:52:41] 
动作统计:
[04:52:41]   wind      : mean= 0.974, std= 0.039, min= 0.875, max= 1.000
[04:52:41]   solar     : mean= 0.165, std= 0.279, min=-0.356, max= 0.698
[04:52:41]   diesel    : mean= 0.691, std= 0.314, min= 0.068, max= 1.000
[04:52:41]   battery   : mean= 0.804, std= 0.200, min= 0.403, max= 1.000
[04:52:41]   customer  : mean= 0.956, std= 0.053, min= 0.808, max= 1.000
[04:52:42] 
======================================================================
[04:52:42] Episode 142/200
[04:52:42] ======================================================================
[04:52:42] 总奖励:  1050.13 | 步数: 24
[04:52:42] 最近10个episodes平均:   801.46
[04:52:42] 各Agent奖励:
[04:52:42]   wind      :    0.000
[04:52:42]   solar     :  302.150
[04:52:42]   diesel    :  947.362
[04:52:42]   battery   :    5.016
[04:52:42]   customer  : -204.397
[04:52:42] Buffer大小:  3528
[04:52:42] 噪声水平: 0.0863
[04:52:42] 
动作统计:
[04:52:42]   wind      : mean= 0.963, std= 0.053, min= 0.795, max= 1.000
[04:52:42]   solar     : mean= 0.194, std= 0.302, min=-0.359, max= 0.710
[04:52:42]   diesel    : mean= 0.709, std= 0.297, min= 0.147, max= 1.000
[04:52:42]   battery   : mean= 0.807, std= 0.172, min= 0.491, max= 1.000
[04:52:42]   customer  : mean= 0.965, std= 0.044, min= 0.833, max= 1.000
[04:52:42] 
======================================================================
[04:52:42] Episode 143/200
[04:52:42] ======================================================================
[04:52:42] 总奖励:   287.31 | 步数: 24
[04:52:42] 最近10个episodes平均:   760.43
[04:52:42] 各Agent奖励:
[04:52:42]   wind      :    0.000
[04:52:42]   solar     :  -39.542
[04:52:42]   diesel    :  519.153
[04:52:42]   battery   :    4.600
[04:52:42]   customer  : -196.898
[04:52:42] Buffer大小:  3552
[04:52:42] 噪声水平: 0.0862
[04:52:42] 
动作统计:
[04:52:42]   wind      : mean= 0.962, std= 0.048, min= 0.849, max= 1.000
[04:52:42]   solar     : mean= 0.165, std= 0.306, min=-0.411, max= 0.623
[04:52:42]   diesel    : mean= 0.660, std= 0.342, min= 0.096, max= 1.000
[04:52:42]   battery   : mean= 0.808, std= 0.178, min= 0.392, max= 1.000
[04:52:42]   customer  : mean= 0.970, std= 0.044, min= 0.875, max= 1.000
[04:52:42] 
======================================================================
[04:52:42] Episode 144/200
[04:52:42] ======================================================================
[04:52:42] 总奖励:   957.13 | 步数: 24
[04:52:42] 最近10个episodes平均:   754.34
[04:52:42] 各Agent奖励:
[04:52:42]   wind      :    0.000
[04:52:42]   solar     :    0.000
[04:52:42]   diesel    : 1151.375
[04:52:42]   battery   :    4.872
[04:52:42]   customer  : -199.114
[04:52:42] Buffer大小:  3576
[04:52:42] 噪声水平: 0.0862
[04:52:42] 
动作统计:
[04:52:42]   wind      : mean= 0.979, std= 0.032, min= 0.870, max= 1.000
[04:52:42]   solar     : mean= 0.149, std= 0.315, min=-0.428, max= 0.671
[04:52:42]   diesel    : mean= 0.699, std= 0.301, min= 0.159, max= 1.000
[04:52:42]   battery   : mean= 0.797, std= 0.205, min= 0.398, max= 1.000
[04:52:42]   customer  : mean= 0.954, std= 0.061, min= 0.831, max= 1.000
[04:52:42] 
======================================================================
[04:52:42] Episode 145/200
[04:52:42] ======================================================================
[04:52:42] 总奖励:   107.86 | 步数: 24
[04:52:42] 最近10个episodes平均:   710.79
[04:52:42] 各Agent奖励:
[04:52:42]   wind      :    0.000
[04:52:42]   solar     :   35.616
[04:52:42]   diesel    :  262.507
[04:52:42]   battery   :    0.412
[04:52:42]   customer  : -190.679
[04:52:42] Buffer大小:  3600
[04:52:42] 噪声水平: 0.0861
[04:52:42] 
动作统计:
[04:52:42]   wind      : mean= 0.952, std= 0.069, min= 0.703, max= 1.000
[04:52:42]   solar     : mean= 0.171, std= 0.303, min=-0.415, max= 0.760
[04:52:42]   diesel    : mean= 0.648, std= 0.343, min= 0.096, max= 1.000
[04:52:42]   battery   : mean= 0.785, std= 0.203, min= 0.347, max= 1.000
[04:52:42]   customer  : mean= 0.988, std= 0.021, min= 0.916, max= 1.000
[04:52:42] 
======================================================================
[04:52:42] Episode 146/200
[04:52:42] ======================================================================
[04:52:42] 总奖励:   558.91 | 步数: 24
[04:52:42] 最近10个episodes平均:   650.48
[04:52:42] 各Agent奖励:
[04:52:42]   wind      :    0.000
[04:52:42]   solar     :  185.677
[04:52:42]   diesel    :  568.032
[04:52:42]   battery   :    1.933
[04:52:42]   customer  : -196.737
[04:52:42] Buffer大小:  3624
[04:52:42] 噪声水平: 0.0860
[04:52:42] 
动作统计:
[04:52:42]   wind      : mean= 0.962, std= 0.041, min= 0.868, max= 1.000
[04:52:42]   solar     : mean= 0.222, std= 0.324, min=-0.366, max= 0.791
[04:52:42]   diesel    : mean= 0.678, std= 0.334, min= 0.106, max= 1.000
[04:52:42]   battery   : mean= 0.784, std= 0.210, min= 0.360, max= 1.000
[04:52:42]   customer  : mean= 0.972, std= 0.039, min= 0.875, max= 1.000
[04:52:42] 
======================================================================
[04:52:42] Episode 147/200
[04:52:42] ======================================================================
[04:52:42] 总奖励:  1027.95 | 步数: 24
[04:52:42] 最近10个episodes平均:   738.51
[04:52:42] 各Agent奖励:
[04:52:42]   wind      :    0.000
[04:52:42]   solar     :   74.587
[04:52:42]   diesel    : 1153.223
[04:52:42]   battery   :    9.440
[04:52:42]   customer  : -209.295
[04:52:42] Buffer大小:  3648
[04:52:42] 噪声水平: 0.0859
[04:52:42] 
动作统计:
[04:52:42]   wind      : mean= 0.981, std= 0.034, min= 0.872, max= 1.000
[04:52:42]   solar     : mean= 0.183, std= 0.310, min=-0.491, max= 0.704
[04:52:42]   diesel    : mean= 0.699, std= 0.312, min= 0.116, max= 1.000
[04:52:42]   battery   : mean= 0.805, std= 0.191, min= 0.325, max= 1.000
[04:52:42]   customer  : mean= 0.966, std= 0.049, min= 0.871, max= 1.000
[04:52:42] 
======================================================================
[04:52:42] Episode 148/200
[04:52:42] ======================================================================
[04:52:42] 总奖励:  1127.90 | 步数: 24
[04:52:42] 最近10个episodes平均:   783.17
[04:52:42] 各Agent奖励:
[04:52:42]   wind      :    0.000
[04:52:42]   solar     :  238.755
[04:52:42]   diesel    : 1081.878
[04:52:42]   battery   :    6.212
[04:52:42]   customer  : -198.943
[04:52:42] Buffer大小:  3672
[04:52:42] 噪声水平: 0.0858
[04:52:42] 
动作统计:
[04:52:42]   wind      : mean= 0.968, std= 0.040, min= 0.848, max= 1.000
[04:52:42]   solar     : mean= 0.168, std= 0.352, min=-0.399, max= 0.765
[04:52:42]   diesel    : mean= 0.701, std= 0.329, min= 0.162, max= 1.000
[04:52:42]   battery   : mean= 0.801, std= 0.186, min= 0.439, max= 1.000
[04:52:42]   customer  : mean= 0.948, std= 0.057, min= 0.829, max= 1.000
[04:52:43] 
======================================================================
[04:52:43] Episode 149/200
[04:52:43] ======================================================================
[04:52:43] 总奖励:     9.48 | 步数: 24
[04:52:43] 最近10个episodes平均:   672.28
[04:52:43] 各Agent奖励:
[04:52:43]   wind      :    0.000
[04:52:43]   solar     :  172.148
[04:52:43]   diesel    :   27.410
[04:52:43]   battery   :    0.000
[04:52:43]   customer  : -190.076
[04:52:43] Buffer大小:  3696
[04:52:43] 噪声水平: 0.0857
[04:52:43] 
动作统计:
[04:52:43]   wind      : mean= 0.964, std= 0.054, min= 0.819, max= 1.000
[04:52:43]   solar     : mean= 0.189, std= 0.317, min=-0.395, max= 0.631
[04:52:43]   diesel    : mean= 0.645, std= 0.351, min= 0.075, max= 1.000
[04:52:43]   battery   : mean= 0.803, std= 0.186, min= 0.435, max= 1.000
[04:52:43]   customer  : mean= 0.988, std= 0.028, min= 0.905, max= 1.000
[04:52:43] 
======================================================================
[04:52:43] Episode 150/200
[04:52:43] ======================================================================
[04:52:43] 总奖励:   760.56 | 步数: 24
[04:52:43] 最近10个episodes平均:   657.86
[04:52:43] 各Agent奖励:
[04:52:43]   wind      :    0.000
[04:52:43]   solar     :  464.256
[04:52:43]   diesel    :  488.161
[04:52:43]   battery   :    6.352
[04:52:43]   customer  : -198.206
[04:52:43] Buffer大小:  3720
[04:52:43] 噪声水平: 0.0856
[04:52:43] 
动作统计:
[04:52:43]   wind      : mean= 0.987, std= 0.022, min= 0.910, max= 1.000
[04:52:43]   solar     : mean= 0.210, std= 0.331, min=-0.506, max= 0.820
[04:52:43]   diesel    : mean= 0.689, std= 0.312, min= 0.160, max= 1.000
[04:52:43]   battery   : mean= 0.790, std= 0.182, min= 0.406, max= 1.000
[04:52:43]   customer  : mean= 0.956, std= 0.057, min= 0.778, max= 1.000
[04:52:43] 
📊 生成可视化图表...
[04:52:43]   ✓ 训练曲线: debug_plots/training_ep0150.png
[04:52:43]   ✓ Agent分析: debug_plots/agents_ep0150.png
[04:52:43] 💾 保存检查点: debug_checkpoints/debug_maddpg_20251124_045211_ep0150.pt
[04:52:44] 
======================================================================
[04:52:44] Episode 151/200
[04:52:44] ======================================================================
[04:52:44] 总奖励:   466.98 | 步数: 24
[04:52:44] 最近10个episodes平均:   635.42
[04:52:44] 各Agent奖励:
[04:52:44]   wind      :    0.000
[04:52:44]   solar     :   78.197
[04:52:44]   diesel    :  581.746
[04:52:44]   battery   :    1.246
[04:52:44]   customer  : -194.205
[04:52:44] Buffer大小:  3744
[04:52:44] 噪声水平: 0.0855
[04:52:44] 
动作统计:
[04:52:44]   wind      : mean= 0.976, std= 0.031, min= 0.889, max= 1.000
[04:52:44]   solar     : mean= 0.226, std= 0.327, min=-0.326, max= 0.750
[04:52:44]   diesel    : mean= 0.683, std= 0.311, min= 0.205, max= 1.000
[04:52:44]   battery   : mean= 0.801, std= 0.205, min= 0.353, max= 1.000
[04:52:44]   customer  : mean= 0.973, std= 0.037, min= 0.830, max= 1.000
[04:52:44] 
======================================================================
[04:52:44] Episode 152/200
[04:52:44] ======================================================================
[04:52:44] 总奖励:   381.30 | 步数: 24
[04:52:44] 最近10个episodes平均:   568.54
[04:52:44] 各Agent奖励:
[04:52:44]   wind      :    0.000
[04:52:44]   solar     :   89.008
[04:52:44]   diesel    :  478.184
[04:52:44]   battery   :    4.189
[04:52:44]   customer  : -190.078
[04:52:44] Buffer大小:  3768
[04:52:44] 噪声水平: 0.0855
[04:52:44] 
动作统计:
[04:52:44]   wind      : mean= 0.953, std= 0.052, min= 0.753, max= 1.000
[04:52:44]   solar     : mean= 0.193, std= 0.368, min=-0.433, max= 0.722
[04:52:44]   diesel    : mean= 0.672, std= 0.321, min= 0.141, max= 1.000
[04:52:44]   battery   : mean= 0.790, std= 0.198, min= 0.358, max= 1.000
[04:52:44]   customer  : mean= 0.961, std= 0.047, min= 0.796, max= 1.000
[04:52:44] 
======================================================================
[04:52:44] Episode 153/200
[04:52:44] ======================================================================
[04:52:44] 总奖励:   850.43 | 步数: 24
[04:52:44] 最近10个episodes平均:   624.85
[04:52:44] 各Agent奖励:
[04:52:44]   wind      :    0.000
[04:52:44]   solar     :  397.289
[04:52:44]   diesel    :  640.167
[04:52:44]   battery   :    0.000
[04:52:44]   customer  : -187.023
[04:52:44] Buffer大小:  3792
[04:52:44] 噪声水平: 0.0854
[04:52:44] 
动作统计:
[04:52:44]   wind      : mean= 0.969, std= 0.055, min= 0.786, max= 1.000
[04:52:44]   solar     : mean= 0.197, std= 0.361, min=-0.505, max= 0.793
[04:52:44]   diesel    : mean= 0.678, std= 0.320, min= 0.145, max= 1.000
[04:52:44]   battery   : mean= 0.788, std= 0.204, min= 0.389, max= 1.000
[04:52:44]   customer  : mean= 0.972, std= 0.040, min= 0.851, max= 1.000
[04:52:44] 
======================================================================
[04:52:44] Episode 154/200
[04:52:44] ======================================================================
[04:52:44] 总奖励:   729.17 | 步数: 24
[04:52:44] 最近10个episodes平均:   602.06
[04:52:44] 各Agent奖励:
[04:52:44]   wind      :    0.000
[04:52:44]   solar     :  292.246
[04:52:44]   diesel    :  631.724
[04:52:44]   battery   :    3.751
[04:52:44]   customer  : -198.552
[04:52:44] Buffer大小:  3816
[04:52:44] 噪声水平: 0.0853
[04:52:44] 
动作统计:
[04:52:44]   wind      : mean= 0.981, std= 0.030, min= 0.901, max= 1.000
[04:52:44]   solar     : mean= 0.195, std= 0.410, min=-0.532, max= 0.809
[04:52:44]   diesel    : mean= 0.690, std= 0.308, min= 0.265, max= 1.000
[04:52:44]   battery   : mean= 0.792, std= 0.194, min= 0.268, max= 1.000
[04:52:44]   customer  : mean= 0.966, std= 0.053, min= 0.845, max= 1.000
[04:52:44] 
======================================================================
[04:52:44] Episode 155/200
[04:52:44] ======================================================================
[04:52:44] 总奖励:   244.43 | 步数: 24
[04:52:44] 最近10个episodes平均:   615.71
[04:52:44] 各Agent奖励:
[04:52:44]   wind      :    0.000
[04:52:44]   solar     :  172.167
[04:52:44]   diesel    :  263.515
[04:52:44]   battery   :    0.270
[04:52:44]   customer  : -191.520
[04:52:44] Buffer大小:  3840
[04:52:44] 噪声水平: 0.0852
[04:52:44] 
动作统计:
[04:52:44]   wind      : mean= 0.979, std= 0.033, min= 0.900, max= 1.000
[04:52:44]   solar     : mean= 0.251, std= 0.331, min=-0.336, max= 0.728
[04:52:44]   diesel    : mean= 0.644, std= 0.335, min= 0.063, max= 1.000
[04:52:44]   battery   : mean= 0.798, std= 0.192, min= 0.416, max= 1.000
[04:52:44]   customer  : mean= 0.986, std= 0.022, min= 0.922, max= 1.000
[04:52:44] 
======================================================================
[04:52:44] Episode 156/200
[04:52:44] ======================================================================
[04:52:44] 总奖励:  1451.43 | 步数: 24
[04:52:44] 最近10个episodes平均:   704.97
[04:52:44] 各Agent奖励:
[04:52:44]   wind      :    0.000
[04:52:44]   solar     : 1306.215
[04:52:44]   diesel    :  349.765
[04:52:44]   battery   :    2.739
[04:52:44]   customer  : -207.284
[04:52:44] Buffer大小:  3864
[04:52:44] 噪声水平: 0.0851
[04:52:44] 
动作统计:
[04:52:44]   wind      : mean= 0.972, std= 0.044, min= 0.824, max= 1.000
[04:52:44]   solar     : mean= 0.254, std= 0.344, min=-0.374, max= 0.730
[04:52:44]   diesel    : mean= 0.681, std= 0.334, min= 0.047, max= 1.000
[04:52:44]   battery   : mean= 0.798, std= 0.184, min= 0.412, max= 1.000
[04:52:44]   customer  : mean= 0.955, std= 0.065, min= 0.812, max= 1.000
[04:52:45] 
======================================================================
[04:52:45] Episode 157/200
[04:52:45] ======================================================================
[04:52:45] 总奖励:   768.29 | 步数: 24
[04:52:45] 最近10个episodes平均:   679.00
[04:52:45] 各Agent奖励:
[04:52:45]   wind      :    0.000
[04:52:45]   solar     :  425.491
[04:52:45]   diesel    :  542.984
[04:52:45]   battery   :    0.296
[04:52:45]   customer  : -200.479
[04:52:45] Buffer大小:  3888
[04:52:45] 噪声水平: 0.0850
[04:52:45] 
动作统计:
[04:52:45]   wind      : mean= 0.976, std= 0.035, min= 0.878, max= 1.000
[04:52:45]   solar     : mean= 0.243, std= 0.382, min=-0.467, max= 0.859
[04:52:45]   diesel    : mean= 0.658, std= 0.325, min= 0.111, max= 1.000
[04:52:45]   battery   : mean= 0.777, std= 0.205, min= 0.333, max= 1.000
[04:52:45]   customer  : mean= 0.968, std= 0.048, min= 0.822, max= 1.000
[04:52:45] 
======================================================================
[04:52:45] Episode 158/200
[04:52:45] ======================================================================
[04:52:45] 总奖励:   787.05 | 步数: 24
[04:52:45] 最近10个episodes平均:   644.91
[04:52:45] 各Agent奖励:
[04:52:45]   wind      :    0.000
[04:52:45]   solar     :    1.857
[04:52:45]   diesel    :  983.626
[04:52:45]   battery   :    0.000
[04:52:45]   customer  : -198.432
[04:52:45] Buffer大小:  3912
[04:52:45] 噪声水平: 0.0850
[04:52:45] 
动作统计:
[04:52:45]   wind      : mean= 0.973, std= 0.046, min= 0.805, max= 1.000
[04:52:45]   solar     : mean= 0.218, std= 0.377, min=-0.360, max= 0.823
[04:52:45]   diesel    : mean= 0.666, std= 0.325, min= 0.114, max= 1.000
[04:52:45]   battery   : mean= 0.795, std= 0.200, min= 0.338, max= 1.000
[04:52:45]   customer  : mean= 0.981, std= 0.034, min= 0.872, max= 1.000
[04:52:45] 
======================================================================
[04:52:45] Episode 159/200
[04:52:45] ======================================================================
[04:52:45] 总奖励:  1252.00 | 步数: 24
[04:52:45] 最近10个episodes平均:   769.17
[04:52:45] 各Agent奖励:
[04:52:45]   wind      :    0.000
[04:52:45]   solar     :  338.310
[04:52:45]   diesel    : 1111.033
[04:52:45]   battery   :    0.063
[04:52:45]   customer  : -197.410
[04:52:45] Buffer大小:  3936
[04:52:45] 噪声水平: 0.0849
[04:52:45] 
动作统计:
[04:52:45]   wind      : mean= 0.982, std= 0.045, min= 0.803, max= 1.000
[04:52:45]   solar     : mean= 0.238, std= 0.379, min=-0.404, max= 0.863
[04:52:45]   diesel    : mean= 0.695, std= 0.317, min= 0.141, max= 1.000
[04:52:45]   battery   : mean= 0.789, std= 0.209, min= 0.348, max= 1.000
[04:52:45]   customer  : mean= 0.963, std= 0.063, min= 0.762, max= 1.000
[04:52:45] 
======================================================================
[04:52:45] Episode 160/200
[04:52:45] ======================================================================
[04:52:45] 总奖励:  1109.04 | 步数: 24
[04:52:45] 最近10个episodes平均:   804.01
[04:52:45] 各Agent奖励:
[04:52:45]   wind      :    0.000
[04:52:45]   solar     :  522.483
[04:52:45]   diesel    :  785.676
[04:52:45]   battery   :    0.000
[04:52:45]   customer  : -199.115
[04:52:45] Buffer大小:  3960
[04:52:45] 噪声水平: 0.0848
[04:52:45] 
动作统计:
[04:52:45]   wind      : mean= 0.983, std= 0.026, min= 0.926, max= 1.000
[04:52:45]   solar     : mean= 0.243, std= 0.347, min=-0.400, max= 0.823
[04:52:45]   diesel    : mean= 0.671, std= 0.317, min= 0.110, max= 1.000
[04:52:45]   battery   : mean= 0.775, std= 0.192, min= 0.376, max= 1.000
[04:52:45]   customer  : mean= 0.970, std= 0.046, min= 0.851, max= 1.000
[04:52:45] 
📊 生成可视化图表...
[04:52:46]   ✓ 训练曲线: debug_plots/training_ep0160.png
[04:52:46]   ✓ Agent分析: debug_plots/agents_ep0160.png
[04:52:46] 
======================================================================
[04:52:46] Episode 161/200
[04:52:46] ======================================================================
[04:52:46] 总奖励:  1152.52 | 步数: 24
[04:52:46] 最近10个episodes平均:   872.57
[04:52:46] 各Agent奖励:
[04:52:46]   wind      :    0.000
[04:52:46]   solar     :   17.462
[04:52:46]   diesel    : 1334.732
[04:52:46]   battery   :    2.040
[04:52:46]   customer  : -201.718
[04:52:46] Buffer大小:  3984
[04:52:46] 噪声水平: 0.0847
[04:52:46] 
动作统计:
[04:52:46]   wind      : mean= 0.963, std= 0.058, min= 0.803, max= 1.000
[04:52:46]   solar     : mean= 0.219, std= 0.361, min=-0.427, max= 0.796
[04:52:46]   diesel    : mean= 0.689, std= 0.320, min= 0.130, max= 1.000
[04:52:46]   battery   : mean= 0.804, std= 0.196, min= 0.416, max= 1.000
[04:52:46]   customer  : mean= 0.960, std= 0.058, min= 0.774, max= 1.000
[04:52:46] 
======================================================================
[04:52:46] Episode 162/200
[04:52:46] ======================================================================
[04:52:46] 总奖励:  1120.58 | 步数: 24
[04:52:46] 最近10个episodes平均:   946.49
[04:52:46] 各Agent奖励:
[04:52:46]   wind      :    0.000
[04:52:46]   solar     :  168.481
[04:52:46]   diesel    : 1145.249
[04:52:46]   battery   :    0.399
[04:52:46]   customer  : -193.549
[04:52:46] Buffer大小:  4008
[04:52:46] 噪声水平: 0.0846
[04:52:46] 
动作统计:
[04:52:46]   wind      : mean= 0.963, std= 0.063, min= 0.773, max= 1.000
[04:52:46]   solar     : mean= 0.200, std= 0.384, min=-0.471, max= 0.835
[04:52:46]   diesel    : mean= 0.686, std= 0.319, min= 0.109, max= 1.000
[04:52:46]   battery   : mean= 0.789, std= 0.208, min= 0.393, max= 1.000
[04:52:46]   customer  : mean= 0.957, std= 0.046, min= 0.837, max= 1.000
[04:52:46] 
======================================================================
[04:52:46] Episode 163/200
[04:52:46] ======================================================================
[04:52:46] 总奖励:   989.18 | 步数: 24
[04:52:46] 最近10个episodes平均:   960.37
[04:52:46] 各Agent奖励:
[04:52:46]   wind      :    0.000
[04:52:46]   solar     :  479.095
[04:52:46]   diesel    :  705.187
[04:52:46]   battery   :    0.424
[04:52:46]   customer  : -195.530
[04:52:46] Buffer大小:  4032
[04:52:46] 噪声水平: 0.0845
[04:52:46] 
动作统计:
[04:52:46]   wind      : mean= 0.969, std= 0.044, min= 0.862, max= 1.000
[04:52:46]   solar     : mean= 0.240, std= 0.380, min=-0.466, max= 0.842
[04:52:46]   diesel    : mean= 0.675, std= 0.340, min= 0.066, max= 1.000
[04:52:46]   battery   : mean= 0.783, std= 0.215, min= 0.301, max= 1.000
[04:52:46]   customer  : mean= 0.964, std= 0.058, min= 0.790, max= 1.000
[04:52:46] 
======================================================================
[04:52:46] Episode 164/200
[04:52:46] ======================================================================
[04:52:46] 总奖励:   619.34 | 步数: 24
[04:52:46] 最近10个episodes平均:   949.39
[04:52:46] 各Agent奖励:
[04:52:46]   wind      :    0.000
[04:52:46]   solar     :  254.929
[04:52:46]   diesel    :  557.318
[04:52:46]   battery   :    0.315
[04:52:46]   customer  : -193.225
[04:52:46] Buffer大小:  4056
[04:52:46] 噪声水平: 0.0844
[04:52:46] 
动作统计:
[04:52:46]   wind      : mean= 0.947, std= 0.066, min= 0.729, max= 1.000
[04:52:46]   solar     : mean= 0.248, std= 0.362, min=-0.325, max= 0.759
[04:52:46]   diesel    : mean= 0.653, std= 0.336, min= 0.139, max= 1.000
[04:52:46]   battery   : mean= 0.788, std= 0.195, min= 0.344, max= 1.000
[04:52:46]   customer  : mean= 0.967, std= 0.048, min= 0.835, max= 1.000
[04:52:46] 
======================================================================
[04:52:46] Episode 165/200
[04:52:46] ======================================================================
[04:52:46] 总奖励:   879.50 | 步数: 24
[04:52:46] 最近10个episodes平均:  1012.89
[04:52:46] 各Agent奖励:
[04:52:46]   wind      :    0.000
[04:52:46]   solar     :  248.051
[04:52:46]   diesel    :  830.223
[04:52:46]   battery   :    0.893
[04:52:46]   customer  : -199.667
[04:52:46] Buffer大小:  4080
[04:52:46] 噪声水平: 0.0844
[04:52:46] 
动作统计:
[04:52:46]   wind      : mean= 0.982, std= 0.028, min= 0.922, max= 1.000
[04:52:46]   solar     : mean= 0.264, std= 0.361, min=-0.348, max= 0.751
[04:52:46]   diesel    : mean= 0.685, std= 0.322, min= 0.129, max= 1.000
[04:52:46]   battery   : mean= 0.766, std= 0.225, min= 0.248, max= 1.000
[04:52:46]   customer  : mean= 0.961, std= 0.059, min= 0.776, max= 1.000
[04:52:47] 
======================================================================
[04:52:47] Episode 166/200
[04:52:47] ======================================================================
[04:52:47] 总奖励:   785.27 | 步数: 24
[04:52:47] 最近10个episodes平均:   946.28
[04:52:47] 各Agent奖励:
[04:52:47]   wind      :    0.000
[04:52:47]   solar     :  369.974
[04:52:47]   diesel    :  612.797
[04:52:47]   battery   :    0.000
[04:52:47]   customer  : -197.504
[04:52:47] Buffer大小:  4104
[04:52:47] 噪声水平: 0.0843
[04:52:47] 
动作统计:
[04:52:47]   wind      : mean= 0.939, std= 0.070, min= 0.788, max= 1.000
[04:52:47]   solar     : mean= 0.261, std= 0.342, min=-0.325, max= 0.759
[04:52:47]   diesel    : mean= 0.690, std= 0.313, min= 0.234, max= 1.000
[04:52:47]   battery   : mean= 0.782, std= 0.208, min= 0.329, max= 1.000
[04:52:47]   customer  : mean= 0.969, std= 0.042, min= 0.877, max= 1.000
[04:52:47] 
======================================================================
[04:52:47] Episode 167/200
[04:52:47] ======================================================================
[04:52:47] 总奖励:  1620.80 | 步数: 24
[04:52:47] 最近10个episodes平均:  1031.53
[04:52:47] 各Agent奖励:
[04:52:47]   wind      :    0.000
[04:52:47]   solar     :  197.719
[04:52:47]   diesel    : 1622.315
[04:52:47]   battery   :    0.000
[04:52:47]   customer  : -199.233
[04:52:47] Buffer大小:  4128
[04:52:47] 噪声水平: 0.0842
[04:52:47] 
动作统计:
[04:52:47]   wind      : mean= 0.942, std= 0.072, min= 0.778, max= 1.000
[04:52:47]   solar     : mean= 0.238, std= 0.364, min=-0.490, max= 0.892
[04:52:47]   diesel    : mean= 0.677, std= 0.316, min= 0.123, max= 1.000
[04:52:47]   battery   : mean= 0.786, std= 0.203, min= 0.354, max= 1.000
[04:52:47]   customer  : mean= 0.961, std= 0.048, min= 0.842, max= 1.000
[04:52:47] 
======================================================================
[04:52:47] Episode 168/200
[04:52:47] ======================================================================
[04:52:47] 总奖励:  1130.53 | 步数: 24
[04:52:47] 最近10个episodes平均:  1065.87
[04:52:47] 各Agent奖励:
[04:52:47]   wind      :    0.000
[04:52:47]   solar     :    0.291
[04:52:47]   diesel    : 1324.033
[04:52:47]   battery   :    4.721
[04:52:47]   customer  : -198.512
[04:52:47] Buffer大小:  4152
[04:52:47] 噪声水平: 0.0841
[04:52:47] 
动作统计:
[04:52:47]   wind      : mean= 0.980, std= 0.034, min= 0.894, max= 1.000
[04:52:47]   solar     : mean= 0.292, std= 0.371, min=-0.401, max= 0.899
[04:52:47]   diesel    : mean= 0.666, std= 0.320, min= 0.112, max= 1.000
[04:52:47]   battery   : mean= 0.806, std= 0.205, min= 0.375, max= 1.000
[04:52:47]   customer  : mean= 0.964, std= 0.051, min= 0.836, max= 1.000
[04:52:47] 
======================================================================
[04:52:47] Episode 169/200
[04:52:47] ======================================================================
[04:52:47] 总奖励:   662.02 | 步数: 24
[04:52:47] 最近10个episodes平均:  1006.88
[04:52:47] 各Agent奖励:
[04:52:47]   wind      :    0.000
[04:52:47]   solar     :  102.124
[04:52:47]   diesel    :  749.187
[04:52:47]   battery   :    1.003
[04:52:47]   customer  : -190.294
[04:52:47] Buffer大小:  4176
[04:52:47] 噪声水平: 0.0840
[04:52:47] 
动作统计:
[04:52:47]   wind      : mean= 0.974, std= 0.042, min= 0.867, max= 1.000
[04:52:47]   solar     : mean= 0.268, std= 0.353, min=-0.405, max= 0.816
[04:52:47]   diesel    : mean= 0.677, std= 0.314, min= 0.159, max= 1.000
[04:52:47]   battery   : mean= 0.774, std= 0.224, min= 0.312, max= 1.000
[04:52:47]   customer  : mean= 0.961, std= 0.044, min= 0.869, max= 1.000
[04:52:47] 
======================================================================
[04:52:47] Episode 170/200
[04:52:47] ======================================================================
[04:52:47] 总奖励:   957.48 | 步数: 24
[04:52:47] 最近10个episodes平均:   991.72
[04:52:47] 各Agent奖励:
[04:52:47]   wind      :    0.000
[04:52:47]   solar     :  222.161
[04:52:47]   diesel    :  934.182
[04:52:47]   battery   :    3.825
[04:52:47]   customer  : -202.688
[04:52:47] Buffer大小:  4200
[04:52:47] 噪声水平: 0.0839
[04:52:47] 
动作统计:
[04:52:47]   wind      : mean= 0.975, std= 0.045, min= 0.836, max= 1.000
[04:52:47]   solar     : mean= 0.281, std= 0.336, min=-0.298, max= 0.743
[04:52:47]   diesel    : mean= 0.669, std= 0.332, min= 0.152, max= 1.000
[04:52:47]   battery   : mean= 0.792, std= 0.194, min= 0.357, max= 1.000
[04:52:47]   customer  : mean= 0.965, std= 0.048, min= 0.852, max= 1.000
[04:52:47] 
📊 生成可视化图表...
[04:52:48]   ✓ 训练曲线: debug_plots/training_ep0170.png
[04:52:48]   ✓ Agent分析: debug_plots/agents_ep0170.png
[04:52:48] 
======================================================================
[04:52:48] Episode 171/200
[04:52:48] ======================================================================
[04:52:48] 总奖励:  1157.64 | 步数: 24
[04:52:48] 最近10个episodes平均:   992.23
[04:52:48] 各Agent奖励:
[04:52:48]   wind      :    0.000
[04:52:48]   solar     :  283.226
[04:52:48]   diesel    : 1069.189
[04:52:48]   battery   :    2.303
[04:52:48]   customer  : -197.083
[04:52:48] Buffer大小:  4224
[04:52:48] 噪声水平: 0.0839
[04:52:48] 
动作统计:
[04:52:48]   wind      : mean= 0.962, std= 0.056, min= 0.819, max= 1.000
[04:52:48]   solar     : mean= 0.253, std= 0.322, min=-0.362, max= 0.727
[04:52:48]   diesel    : mean= 0.677, std= 0.320, min= 0.135, max= 1.000
[04:52:48]   battery   : mean= 0.801, std= 0.187, min= 0.415, max= 1.000
[04:52:48]   customer  : mean= 0.960, std= 0.047, min= 0.857, max= 1.000
[04:52:48] 
======================================================================
[04:52:48] Episode 172/200
[04:52:48] ======================================================================
[04:52:48] 总奖励:   986.88 | 步数: 24
[04:52:48] 最近10个episodes平均:   978.86
[04:52:48] 各Agent奖励:
[04:52:48]   wind      :    0.000
[04:52:48]   solar     :  284.125
[04:52:48]   diesel    :  899.423
[04:52:48]   battery   :    4.563
[04:52:48]   customer  : -201.230
[04:52:48] Buffer大小:  4248
[04:52:48] 噪声水平: 0.0838
[04:52:48] 
动作统计:
[04:52:48]   wind      : mean= 0.963, std= 0.052, min= 0.833, max= 1.000
[04:52:48]   solar     : mean= 0.253, std= 0.345, min=-0.356, max= 0.762
[04:52:48]   diesel    : mean= 0.648, std= 0.352, min=-0.059, max= 1.000
[04:52:48]   battery   : mean= 0.787, std= 0.189, min= 0.432, max= 1.000
[04:52:48]   customer  : mean= 0.947, std= 0.058, min= 0.824, max= 1.000
[04:52:48] 
======================================================================
[04:52:48] Episode 173/200
[04:52:48] ======================================================================
[04:52:48] 总奖励:   686.34 | 步数: 24
[04:52:48] 最近10个episodes平均:   948.58
[04:52:48] 各Agent奖励:
[04:52:48]   wind      :    0.000
[04:52:48]   solar     :  230.517
[04:52:48]   diesel    :  646.602
[04:52:48]   battery   :    3.224
[04:52:48]   customer  : -194.003
[04:52:48] Buffer大小:  4272
[04:52:48] 噪声水平: 0.0837
[04:52:48] 
动作统计:
[04:52:48]   wind      : mean= 0.960, std= 0.069, min= 0.685, max= 1.000
[04:52:48]   solar     : mean= 0.263, std= 0.317, min=-0.235, max= 0.871
[04:52:48]   diesel    : mean= 0.666, std= 0.319, min= 0.166, max= 1.000
[04:52:48]   battery   : mean= 0.805, std= 0.173, min= 0.346, max= 1.000
[04:52:48]   customer  : mean= 0.958, std= 0.056, min= 0.816, max= 1.000
[04:52:48] 
======================================================================
[04:52:48] Episode 174/200
[04:52:48] ======================================================================
[04:52:48] 总奖励:   384.95 | 步数: 24
[04:52:48] 最近10个episodes平均:   925.14
[04:52:48] 各Agent奖励:
[04:52:48]   wind      :    0.000
[04:52:48]   solar     :  153.768
[04:52:48]   diesel    :  423.632
[04:52:48]   battery   :    1.186
[04:52:48]   customer  : -193.636
[04:52:48] Buffer大小:  4296
[04:52:48] 噪声水平: 0.0836
[04:52:48] 
动作统计:
[04:52:48]   wind      : mean= 0.965, std= 0.048, min= 0.823, max= 1.000
[04:52:48]   solar     : mean= 0.264, std= 0.344, min=-0.389, max= 0.738
[04:52:48]   diesel    : mean= 0.649, std= 0.360, min= 0.067, max= 1.000
[04:52:48]   battery   : mean= 0.794, std= 0.217, min= 0.320, max= 1.000
[04:52:48]   customer  : mean= 0.972, std= 0.044, min= 0.847, max= 1.000
[04:52:48] 
======================================================================
[04:52:48] Episode 175/200
[04:52:48] ======================================================================
[04:52:48] 总奖励:   635.47 | 步数: 24
[04:52:48] 最近10个episodes平均:   900.74
[04:52:48] 各Agent奖励:
[04:52:48]   wind      :    0.000
[04:52:48]   solar     :  305.104
[04:52:48]   diesel    :  521.849
[04:52:48]   battery   :    1.060
[04:52:48]   customer  : -192.540
[04:52:48] Buffer大小:  4320
[04:52:48] 噪声水平: 0.0835
[04:52:48] 
动作统计:
[04:52:48]   wind      : mean= 0.958, std= 0.053, min= 0.838, max= 1.000
[04:52:48]   solar     : mean= 0.301, std= 0.314, min=-0.258, max= 0.782
[04:52:48]   diesel    : mean= 0.655, std= 0.341, min= 0.069, max= 1.000
[04:52:48]   battery   : mean= 0.775, std= 0.199, min= 0.400, max= 1.000
[04:52:48]   customer  : mean= 0.967, std= 0.045, min= 0.858, max= 1.000
[04:52:49] 
======================================================================
[04:52:49] Episode 176/200
[04:52:49] ======================================================================
[04:52:49] 总奖励:   844.11 | 步数: 24
[04:52:49] 最近10个episodes平均:   906.62
[04:52:49] 各Agent奖励:
[04:52:49]   wind      :    0.000
[04:52:49]   solar     :  248.392
[04:52:49]   diesel    :  788.274
[04:52:49]   battery   :    0.000
[04:52:49]   customer  : -192.552
[04:52:49] Buffer大小:  4344
[04:52:49] 噪声水平: 0.0834
[04:52:49] 
动作统计:
[04:52:49]   wind      : mean= 0.972, std= 0.038, min= 0.882, max= 1.000
[04:52:49]   solar     : mean= 0.328, std= 0.320, min=-0.338, max= 0.822
[04:52:49]   diesel    : mean= 0.676, std= 0.326, min= 0.182, max= 1.000
[04:52:49]   battery   : mean= 0.782, std= 0.212, min= 0.350, max= 1.000
[04:52:49]   customer  : mean= 0.957, std= 0.053, min= 0.841, max= 1.000
[04:52:49] 
======================================================================
[04:52:49] Episode 177/200
[04:52:49] ======================================================================
[04:52:49] 总奖励:   466.23 | 步数: 24
[04:52:49] 最近10个episodes平均:   791.17
[04:52:49] 各Agent奖励:
[04:52:49]   wind      :    0.000
[04:52:49]   solar     :  308.889
[04:52:49]   diesel    :  352.183
[04:52:49]   battery   :    1.544
[04:52:49]   customer  : -196.389
[04:52:49] Buffer大小:  4368
[04:52:49] 噪声水平: 0.0834
[04:52:49] 
动作统计:
[04:52:49]   wind      : mean= 0.979, std= 0.047, min= 0.825, max= 1.000
[04:52:49]   solar     : mean= 0.280, std= 0.339, min=-0.317, max= 0.734
[04:52:49]   diesel    : mean= 0.675, std= 0.334, min= 0.133, max= 1.000
[04:52:49]   battery   : mean= 0.797, std= 0.184, min= 0.472, max= 1.000
[04:52:49]   customer  : mean= 0.973, std= 0.051, min= 0.793, max= 1.000
[04:52:49] 
======================================================================
[04:52:49] Episode 178/200
[04:52:49] ======================================================================
[04:52:49] 总奖励:  1273.74 | 步数: 24
[04:52:49] 最近10个episodes平均:   805.49
[04:52:49] 各Agent奖励:
[04:52:49]   wind      :    0.000
[04:52:49]   solar     :  420.299
[04:52:49]   diesel    : 1050.550
[04:52:49]   battery   :    1.071
[04:52:49]   customer  : -198.177
[04:52:49] Buffer大小:  4392
[04:52:49] 噪声水平: 0.0833
[04:52:49] 
动作统计:
[04:52:49]   wind      : mean= 0.963, std= 0.056, min= 0.822, max= 1.000
[04:52:49]   solar     : mean= 0.273, std= 0.318, min=-0.317, max= 0.775
[04:52:49]   diesel    : mean= 0.655, std= 0.334, min=-0.009, max= 1.000
[04:52:49]   battery   : mean= 0.788, std= 0.198, min= 0.297, max= 1.000
[04:52:49]   customer  : mean= 0.954, std= 0.056, min= 0.819, max= 1.000
[04:52:49] 
======================================================================
[04:52:49] Episode 179/200
[04:52:49] ======================================================================
[04:52:49] 总奖励:   629.78 | 步数: 24
[04:52:49] 最近10个episodes平均:   802.26
[04:52:49] 各Agent奖励:
[04:52:49]   wind      :    0.000
[04:52:49]   solar     :  340.576
[04:52:49]   diesel    :  479.900
[04:52:49]   battery   :    0.000
[04:52:49]   customer  : -190.701
[04:52:49] Buffer大小:  4416
[04:52:49] 噪声水平: 0.0832
[04:52:49] 
动作统计:
[04:52:49]   wind      : mean= 0.957, std= 0.060, min= 0.829, max= 1.000
[04:52:49]   solar     : mean= 0.287, std= 0.287, min=-0.278, max= 0.782
[04:52:49]   diesel    : mean= 0.648, std= 0.344, min= 0.052, max= 1.000
[04:52:49]   battery   : mean= 0.781, std= 0.202, min= 0.373, max= 1.000
[04:52:49]   customer  : mean= 0.968, std= 0.053, min= 0.834, max= 1.000
[04:52:49] 
======================================================================
[04:52:49] Episode 180/200
[04:52:49] ======================================================================
[04:52:49] 总奖励:  1989.02 | 步数: 24
[04:52:49] 最近10个episodes平均:   905.42
[04:52:49] 各Agent奖励:
[04:52:49]   wind      :    0.000
[04:52:49]   solar     :  394.780
[04:52:49]   diesel    : 1799.673
[04:52:49]   battery   :    1.115
[04:52:49]   customer  : -206.545
[04:52:49] Buffer大小:  4440
[04:52:49] 噪声水平: 0.0831
[04:52:49] 
动作统计:
[04:52:49]   wind      : mean= 0.979, std= 0.031, min= 0.899, max= 1.000
[04:52:49]   solar     : mean= 0.314, std= 0.338, min=-0.362, max= 0.809
[04:52:49]   diesel    : mean= 0.686, std= 0.316, min= 0.095, max= 1.000
[04:52:49]   battery   : mean= 0.786, std= 0.203, min= 0.386, max= 1.000
[04:52:49]   customer  : mean= 0.948, std= 0.052, min= 0.827, max= 1.000
[04:52:49] 
📊 生成可视化图表...
[04:52:50]   ✓ 训练曲线: debug_plots/training_ep0180.png
[04:52:50]   ✓ Agent分析: debug_plots/agents_ep0180.png
[04:52:50] 
======================================================================
[04:52:50] Episode 181/200
[04:52:50] ======================================================================
[04:52:50] 总奖励:  1426.29 | 步数: 24
[04:52:50] 最近10个episodes平均:   932.28
[04:52:50] 各Agent奖励:
[04:52:50]   wind      :    0.000
[04:52:50]   solar     :  153.977
[04:52:50]   diesel    : 1469.581
[04:52:50]   battery   :    2.342
[04:52:50]   customer  : -199.607
[04:52:50] Buffer大小:  4464
[04:52:50] 噪声水平: 0.0830
[04:52:50] 
动作统计:
[04:52:50]   wind      : mean= 0.990, std= 0.031, min= 0.851, max= 1.000
[04:52:50]   solar     : mean= 0.302, std= 0.247, min=-0.147, max= 0.673
[04:52:50]   diesel    : mean= 0.676, std= 0.322, min= 0.100, max= 1.000
[04:52:50]   battery   : mean= 0.771, std= 0.220, min= 0.291, max= 1.000
[04:52:50]   customer  : mean= 0.960, std= 0.057, min= 0.791, max= 1.000
[04:52:50] 
======================================================================
[04:52:50] Episode 182/200
[04:52:50] ======================================================================
[04:52:50] 总奖励:   609.15 | 步数: 24
[04:52:50] 最近10个episodes平均:   894.51
[04:52:50] 各Agent奖励:
[04:52:50]   wind      :    0.000
[04:52:50]   solar     :   95.410
[04:52:50]   diesel    :  705.949
[04:52:50]   battery   :    0.058
[04:52:50]   customer  : -192.268
[04:52:50] Buffer大小:  4488
[04:52:50] 噪声水平: 0.0829
[04:52:50] 
动作统计:
[04:52:50]   wind      : mean= 0.966, std= 0.046, min= 0.843, max= 1.000
[04:52:50]   solar     : mean= 0.296, std= 0.281, min=-0.232, max= 0.688
[04:52:50]   diesel    : mean= 0.656, std= 0.322, min= 0.153, max= 1.000
[04:52:50]   battery   : mean= 0.781, std= 0.206, min= 0.405, max= 1.000
[04:52:50]   customer  : mean= 0.979, std= 0.037, min= 0.868, max= 1.000
[04:52:50] 
======================================================================
[04:52:50] Episode 183/200
[04:52:50] ======================================================================
[04:52:50] 总奖励:  1146.16 | 步数: 24
[04:52:50] 最近10个episodes平均:   940.49
[04:52:50] 各Agent奖励:
[04:52:50]   wind      :    0.000
[04:52:50]   solar     :  411.139
[04:52:50]   diesel    :  926.533
[04:52:50]   battery   :    1.434
[04:52:50]   customer  : -192.946
[04:52:50] Buffer大小:  4512
[04:52:50] 噪声水平: 0.0829
[04:52:50] 
动作统计:
[04:52:50]   wind      : mean= 0.984, std= 0.023, min= 0.929, max= 1.000
[04:52:50]   solar     : mean= 0.312, std= 0.317, min=-0.242, max= 0.855
[04:52:50]   diesel    : mean= 0.668, std= 0.335, min= 0.098, max= 1.000
[04:52:50]   battery   : mean= 0.786, std= 0.211, min= 0.400, max= 1.000
[04:52:50]   customer  : mean= 0.950, std= 0.067, min= 0.771, max= 1.000
[04:52:50] 
======================================================================
[04:52:50] Episode 184/200
[04:52:50] ======================================================================
[04:52:50] 总奖励:  1539.55 | 步数: 24
[04:52:50] 最近10个episodes平均:  1055.95
[04:52:50] 各Agent奖励:
[04:52:50]   wind      :    0.000
[04:52:50]   solar     :  405.991
[04:52:50]   diesel    : 1333.325
[04:52:50]   battery   :    0.000
[04:52:50]   customer  : -199.762
[04:52:50] Buffer大小:  4536
[04:52:50] 噪声水平: 0.0828
[04:52:50] 
动作统计:
[04:52:50]   wind      : mean= 0.968, std= 0.053, min= 0.828, max= 1.000
[04:52:50]   solar     : mean= 0.312, std= 0.300, min=-0.251, max= 0.813
[04:52:50]   diesel    : mean= 0.666, std= 0.322, min= 0.102, max= 1.000
[04:52:50]   battery   : mean= 0.802, std= 0.191, min= 0.420, max= 1.000
[04:52:50]   customer  : mean= 0.949, std= 0.056, min= 0.838, max= 1.000
[04:52:50] 
======================================================================
[04:52:50] Episode 185/200
[04:52:50] ======================================================================
[04:52:50] 总奖励:   824.89 | 步数: 24
[04:52:50] 最近10个episodes平均:  1074.89
[04:52:50] 各Agent奖励:
[04:52:50]   wind      :    0.000
[04:52:50]   solar     :  530.686
[04:52:50]   diesel    :  490.508
[04:52:50]   battery   :    0.000
[04:52:50]   customer  : -196.305
[04:52:50] Buffer大小:  4560
[04:52:50] 噪声水平: 0.0827
[04:52:50] 
动作统计:
[04:52:50]   wind      : mean= 0.969, std= 0.049, min= 0.837, max= 1.000
[04:52:50]   solar     : mean= 0.290, std= 0.315, min=-0.267, max= 0.791
[04:52:50]   diesel    : mean= 0.661, std= 0.325, min= 0.192, max= 1.000
[04:52:50]   battery   : mean= 0.788, std= 0.197, min= 0.446, max= 1.000
[04:52:50]   customer  : mean= 0.961, std= 0.057, min= 0.822, max= 1.000
[04:52:51] 
======================================================================
[04:52:51] Episode 186/200
[04:52:51] ======================================================================
[04:52:51] 总奖励:   657.51 | 步数: 24
[04:52:51] 最近10个episodes平均:  1056.23
[04:52:51] 各Agent奖励:
[04:52:51]   wind      :    0.000
[04:52:51]   solar     :  195.496
[04:52:51]   diesel    :  659.607
[04:52:51]   battery   :    0.000
[04:52:51]   customer  : -197.591
[04:52:51] Buffer大小:  4584
[04:52:51] 噪声水平: 0.0826
[04:52:51] 
动作统计:
[04:52:51]   wind      : mean= 0.975, std= 0.031, min= 0.916, max= 1.000
[04:52:51]   solar     : mean= 0.289, std= 0.308, min=-0.311, max= 0.802
[04:52:51]   diesel    : mean= 0.661, std= 0.329, min= 0.086, max= 1.000
[04:52:51]   battery   : mean= 0.788, std= 0.203, min= 0.347, max= 1.000
[04:52:51]   customer  : mean= 0.973, std= 0.041, min= 0.834, max= 1.000
[04:52:51] 
======================================================================
[04:52:51] Episode 187/200
[04:52:51] ======================================================================
[04:52:51] 总奖励:   376.20 | 步数: 24
[04:52:51] 最近10个episodes平均:  1047.23
[04:52:51] 各Agent奖励:
[04:52:51]   wind      :    0.000
[04:52:51]   solar     :   27.361
[04:52:51]   diesel    :  543.556
[04:52:51]   battery   :    0.000
[04:52:51]   customer  : -194.714
[04:52:51] Buffer大小:  4608
[04:52:51] 噪声水平: 0.0825
[04:52:51] 
动作统计:
[04:52:51]   wind      : mean= 0.978, std= 0.037, min= 0.861, max= 1.000
[04:52:51]   solar     : mean= 0.300, std= 0.298, min=-0.290, max= 0.773
[04:52:51]   diesel    : mean= 0.648, std= 0.337, min= 0.191, max= 1.000
[04:52:51]   battery   : mean= 0.800, std= 0.194, min= 0.379, max= 1.000
[04:52:51]   customer  : mean= 0.979, std= 0.043, min= 0.848, max= 1.000
[04:52:51] 
======================================================================
[04:52:51] Episode 188/200
[04:52:51] ======================================================================
[04:52:51] 总奖励:   901.77 | 步数: 24
[04:52:51] 最近10个episodes平均:  1010.03
[04:52:51] 各Agent奖励:
[04:52:51]   wind      :    0.000
[04:52:51]   solar     :  421.388
[04:52:51]   diesel    :  676.401
[04:52:51]   battery   :    0.000
[04:52:51]   customer  : -196.018
[04:52:51] Buffer大小:  4632
[04:52:51] 噪声水平: 0.0824
[04:52:51] 
动作统计:
[04:52:51]   wind      : mean= 0.975, std= 0.040, min= 0.868, max= 1.000
[04:52:51]   solar     : mean= 0.277, std= 0.264, min=-0.209, max= 0.683
[04:52:51]   diesel    : mean= 0.658, std= 0.327, min= 0.050, max= 1.000
[04:52:51]   battery   : mean= 0.779, std= 0.219, min= 0.272, max= 1.000
[04:52:51]   customer  : mean= 0.965, std= 0.046, min= 0.815, max= 1.000
[04:52:51] 
======================================================================
[04:52:51] Episode 189/200
[04:52:51] ======================================================================
[04:52:51] 总奖励:   731.08 | 步数: 24
[04:52:51] 最近10个episodes平均:  1020.16
[04:52:51] 各Agent奖励:
[04:52:51]   wind      :    0.000
[04:52:51]   solar     :  582.510
[04:52:51]   diesel    :  342.790
[04:52:51]   battery   :    0.000
[04:52:51]   customer  : -194.222
[04:52:51] Buffer大小:  4656
[04:52:51] 噪声水平: 0.0824
[04:52:51] 
动作统计:
[04:52:51]   wind      : mean= 0.966, std= 0.044, min= 0.851, max= 1.000
[04:52:51]   solar     : mean= 0.259, std= 0.280, min=-0.292, max= 0.654
[04:52:51]   diesel    : mean= 0.661, std= 0.335, min= 0.137, max= 1.000
[04:52:51]   battery   : mean= 0.779, std= 0.208, min= 0.314, max= 1.000
[04:52:51]   customer  : mean= 0.963, std= 0.048, min= 0.815, max= 1.000
[04:52:51] 
======================================================================
[04:52:51] Episode 190/200
[04:52:51] ======================================================================
[04:52:51] 总奖励:   847.32 | 步数: 24
[04:52:51] 最近10个episodes平均:   905.99
[04:52:51] 各Agent奖励:
[04:52:51]   wind      :    0.000
[04:52:51]   solar     :   31.465
[04:52:51]   diesel    : 1011.669
[04:52:51]   battery   :    0.000
[04:52:51]   customer  : -195.818
[04:52:51] Buffer大小:  4680
[04:52:51] 噪声水平: 0.0823
[04:52:51] 
动作统计:
[04:52:51]   wind      : mean= 0.959, std= 0.050, min= 0.821, max= 1.000
[04:52:51]   solar     : mean= 0.297, std= 0.258, min=-0.135, max= 0.784
[04:52:51]   diesel    : mean= 0.646, std= 0.346, min= 0.144, max= 1.000
[04:52:51]   battery   : mean= 0.793, std= 0.213, min= 0.323, max= 1.000
[04:52:51]   customer  : mean= 0.971, std= 0.043, min= 0.870, max= 1.000
[04:52:51] 
📊 生成可视化图表...
[04:52:52]   ✓ 训练曲线: debug_plots/training_ep0190.png
[04:52:52]   ✓ Agent分析: debug_plots/agents_ep0190.png
[04:52:52] 
======================================================================
[04:52:52] Episode 191/200
[04:52:52] ======================================================================
[04:52:52] 总奖励:   877.98 | 步数: 24
[04:52:52] 最近10个episodes平均:   851.16
[04:52:52] 各Agent奖励:
[04:52:52]   wind      :    0.000
[04:52:52]   solar     :  420.400
[04:52:52]   diesel    :  651.820
[04:52:52]   battery   :    0.000
[04:52:52]   customer  : -194.240
[04:52:52] Buffer大小:  4704
[04:52:52] 噪声水平: 0.0822
[04:52:52] 
动作统计:
[04:52:52]   wind      : mean= 0.970, std= 0.042, min= 0.853, max= 1.000
[04:52:52]   solar     : mean= 0.287, std= 0.262, min=-0.202, max= 0.772
[04:52:52]   diesel    : mean= 0.647, std= 0.336, min= 0.145, max= 1.000
[04:52:52]   battery   : mean= 0.787, std= 0.196, min= 0.377, max= 1.000
[04:52:52]   customer  : mean= 0.963, std= 0.051, min= 0.796, max= 1.000
[04:52:52] 
======================================================================
[04:52:52] Episode 192/200
[04:52:52] ======================================================================
[04:52:52] 总奖励:   537.59 | 步数: 24
[04:52:52] 最近10个episodes平均:   844.01
[04:52:52] 各Agent奖励:
[04:52:52]   wind      :    0.000
[04:52:52]   solar     :  226.163
[04:52:52]   diesel    :  501.892
[04:52:52]   battery   :    0.117
[04:52:52]   customer  : -190.581
[04:52:52] Buffer大小:  4728
[04:52:52] 噪声水平: 0.0821
[04:52:52] 
动作统计:
[04:52:52]   wind      : mean= 0.957, std= 0.063, min= 0.775, max= 1.000
[04:52:52]   solar     : mean= 0.313, std= 0.252, min=-0.228, max= 0.727
[04:52:52]   diesel    : mean= 0.640, std= 0.339, min= 0.113, max= 1.000
[04:52:52]   battery   : mean= 0.772, std= 0.220, min= 0.337, max= 1.000
[04:52:52]   customer  : mean= 0.972, std= 0.038, min= 0.871, max= 1.000
[04:52:52] 
======================================================================
[04:52:52] Episode 193/200
[04:52:52] ======================================================================
[04:52:52] 总奖励:  1157.56 | 步数: 24
[04:52:52] 最近10个episodes平均:   845.15
[04:52:52] 各Agent奖励:
[04:52:52]   wind      :    0.000
[04:52:52]   solar     :  545.986
[04:52:52]   diesel    :  800.286
[04:52:52]   battery   :    2.995
[04:52:52]   customer  : -191.704
[04:52:52] Buffer大小:  4752
[04:52:52] 噪声水平: 0.0820
[04:52:52] 
动作统计:
[04:52:52]   wind      : mean= 0.960, std= 0.054, min= 0.781, max= 1.000
[04:52:52]   solar     : mean= 0.284, std= 0.251, min=-0.110, max= 0.703
[04:52:52]   diesel    : mean= 0.667, std= 0.334, min= 0.062, max= 1.000
[04:52:52]   battery   : mean= 0.768, std= 0.200, min= 0.358, max= 1.000
[04:52:52]   customer  : mean= 0.951, std= 0.058, min= 0.802, max= 1.000
[04:52:52] 
======================================================================
[04:52:52] Episode 194/200
[04:52:52] ======================================================================
[04:52:52] 总奖励:   857.58 | 步数: 24
[04:52:52] 最近10个episodes平均:   776.95
[04:52:52] 各Agent奖励:
[04:52:52]   wind      :    0.000
[04:52:52]   solar     :  102.227
[04:52:52]   diesel    :  945.892
[04:52:52]   battery   :    1.282
[04:52:52]   customer  : -191.822
[04:52:52] Buffer大小:  4776
[04:52:52] 噪声水平: 0.0819
[04:52:52] 
动作统计:
[04:52:52]   wind      : mean= 0.964, std= 0.047, min= 0.863, max= 1.000
[04:52:52]   solar     : mean= 0.314, std= 0.288, min=-0.284, max= 0.832
[04:52:52]   diesel    : mean= 0.659, std= 0.333, min= 0.107, max= 1.000
[04:52:52]   battery   : mean= 0.769, std= 0.227, min= 0.318, max= 1.000
[04:52:52]   customer  : mean= 0.958, std= 0.058, min= 0.812, max= 1.000
[04:52:53] 
======================================================================
[04:52:53] Episode 195/200
[04:52:53] ======================================================================
[04:52:53] 总奖励:  1030.17 | 步数: 24
[04:52:53] 最近10个episodes平均:   797.48
[04:52:53] 各Agent奖励:
[04:52:53]   wind      :    0.000
[04:52:53]   solar     :   73.404
[04:52:53]   diesel    : 1148.610
[04:52:53]   battery   :    2.692
[04:52:53]   customer  : -194.532
[04:52:53] Buffer大小:  4800
[04:52:53] 噪声水平: 0.0819
[04:52:53] 
动作统计:
[04:52:53]   wind      : mean= 0.969, std= 0.037, min= 0.876, max= 1.000
[04:52:53]   solar     : mean= 0.281, std= 0.246, min=-0.178, max= 0.628
[04:52:53]   diesel    : mean= 0.663, std= 0.334, min= 0.097, max= 1.000
[04:52:53]   battery   : mean= 0.792, std= 0.184, min= 0.366, max= 1.000
[04:52:53]   customer  : mean= 0.969, std= 0.037, min= 0.893, max= 1.000
[04:52:53] 
======================================================================
[04:52:53] Episode 196/200
[04:52:53] ======================================================================
[04:52:53] 总奖励:   744.65 | 步数: 24
[04:52:53] 最近10个episodes平均:   806.19
[04:52:53] 各Agent奖励:
[04:52:53]   wind      :    0.000
[04:52:53]   solar     :  452.757
[04:52:53]   diesel    :  482.387
[04:52:53]   battery   :    0.000
[04:52:53]   customer  : -190.495
[04:52:53] Buffer大小:  4824
[04:52:53] 噪声水平: 0.0818
[04:52:53] 
动作统计:
[04:52:53]   wind      : mean= 0.973, std= 0.045, min= 0.857, max= 1.000
[04:52:53]   solar     : mean= 0.261, std= 0.294, min=-0.225, max= 0.745
[04:52:53]   diesel    : mean= 0.656, std= 0.339, min= 0.113, max= 1.000
[04:52:53]   battery   : mean= 0.776, std= 0.220, min= 0.314, max= 1.000
[04:52:53]   customer  : mean= 0.963, std= 0.062, min= 0.762, max= 1.000
[04:52:53] 
======================================================================
[04:52:53] Episode 197/200
[04:52:53] ======================================================================
[04:52:53] 总奖励:  1304.15 | 步数: 24
[04:52:53] 最近10个episodes平均:   898.98
[04:52:53] 各Agent奖励:
[04:52:53]   wind      :    0.000
[04:52:53]   solar     :  101.298
[04:52:53]   diesel    : 1402.050
[04:52:53]   battery   :    3.865
[04:52:53]   customer  : -203.065
[04:52:53] Buffer大小:  4848
[04:52:53] 噪声水平: 0.0817
[04:52:53] 
动作统计:
[04:52:53]   wind      : mean= 0.981, std= 0.032, min= 0.876, max= 1.000
[04:52:53]   solar     : mean= 0.297, std= 0.272, min=-0.214, max= 0.671
[04:52:53]   diesel    : mean= 0.666, std= 0.339, min= 0.104, max= 1.000
[04:52:53]   battery   : mean= 0.797, std= 0.181, min= 0.470, max= 1.000
[04:52:53]   customer  : mean= 0.952, std= 0.064, min= 0.821, max= 1.000
[04:52:53] 
======================================================================
[04:52:53] Episode 198/200
[04:52:53] ======================================================================
[04:52:53] 总奖励:   346.39 | 步数: 24
[04:52:53] 最近10个episodes平均:   843.45
[04:52:53] 各Agent奖励:
[04:52:53]   wind      :    0.000
[04:52:53]   solar     :  265.485
[04:52:53]   diesel    :  271.460
[04:52:53]   battery   :    0.000
[04:52:53]   customer  : -190.558
[04:52:53] Buffer大小:  4872
[04:52:53] 噪声水平: 0.0816
[04:52:53] 
动作统计:
[04:52:53]   wind      : mean= 0.953, std= 0.057, min= 0.802, max= 1.000
[04:52:53]   solar     : mean= 0.276, std= 0.250, min=-0.180, max= 0.674
[04:52:53]   diesel    : mean= 0.662, std= 0.333, min= 0.132, max= 1.000
[04:52:53]   battery   : mean= 0.755, std= 0.212, min= 0.349, max= 1.000
[04:52:53]   customer  : mean= 0.980, std= 0.032, min= 0.885, max= 1.000
[04:52:53] 
======================================================================
[04:52:53] Episode 199/200
[04:52:53] ======================================================================
[04:52:53] 总奖励:   681.91 | 步数: 24
[04:52:53] 最近10个episodes平均:   838.53
[04:52:53] 各Agent奖励:
[04:52:53]   wind      :    0.000
[04:52:53]   solar     :  221.805
[04:52:53]   diesel    :  656.016
[04:52:53]   battery   :    2.630
[04:52:53]   customer  : -198.538
[04:52:53] Buffer大小:  4896
[04:52:53] 噪声水平: 0.0815
[04:52:53] 
动作统计:
[04:52:53]   wind      : mean= 0.963, std= 0.060, min= 0.801, max= 1.000
[04:52:53]   solar     : mean= 0.274, std= 0.252, min=-0.238, max= 0.632
[04:52:53]   diesel    : mean= 0.655, std= 0.338, min= 0.144, max= 1.000
[04:52:53]   battery   : mean= 0.777, std= 0.176, min= 0.369, max= 1.000
[04:52:53]   customer  : mean= 0.972, std= 0.047, min= 0.853, max= 1.000
[04:52:53] 
======================================================================
[04:52:53] Episode 200/200
[04:52:53] ======================================================================
[04:52:53] 总奖励:  1167.95 | 步数: 24
[04:52:53] 最近10个episodes平均:   870.59
[04:52:53] 各Agent奖励:
[04:52:53]   wind      :    0.000
[04:52:53]   solar     :  351.375
[04:52:53]   diesel    : 1016.816
[04:52:53]   battery   :    0.000
[04:52:53]   customer  : -200.242
[04:52:53] Buffer大小:  4920
[04:52:53] 噪声水平: 0.0815
[04:52:53] 
动作统计:
[04:52:53]   wind      : mean= 0.965, std= 0.047, min= 0.826, max= 1.000
[04:52:53]   solar     : mean= 0.259, std= 0.276, min=-0.232, max= 0.711
[04:52:53]   diesel    : mean= 0.652, std= 0.325, min= 0.119, max= 1.000
[04:52:53]   battery   : mean= 0.766, std= 0.176, min= 0.419, max= 1.000
[04:52:53]   customer  : mean= 0.963, std= 0.048, min= 0.850, max= 1.000
[04:52:53] 
📊 生成可视化图表...
[04:52:54]   ✓ 训练曲线: debug_plots/training_ep0200.png
[04:52:54]   ✓ Agent分析: debug_plots/agents_ep0200.png
[04:52:54] 💾 保存检查点: debug_checkpoints/debug_maddpg_20251124_045211_ep0200.pt
[04:52:54] 
======================================================================
[04:52:54] 🎉 训练完成！
[04:52:54] ======================================================================
[04:52:54] 
💾 统计数据已保存: debug_logs/debug_maddpg_20251124_045211_stats.json
[04:52:54] 📊 总结图表: debug_plots/summary_final.png
[04:52:54] 💾 保存检查点: debug_checkpoints/debug_maddpg_20251124_045211_final.pt
