[17:22:14] 
======================================================================
[17:22:14] 🚀 开始调试训练
[17:22:14] ======================================================================
[17:22:14] 
🔥 预热阶段 (5 episodes)
[17:22:14]   预热 1/5 - Buffer: 24
[17:22:14]   预热 2/5 - Buffer: 48
[17:22:14]   预热 3/5 - Buffer: 72
[17:22:14]   预热 4/5 - Buffer: 96
[17:22:14]   预热 5/5 - Buffer: 120
[17:22:14] 
🏋️  训练阶段
[17:22:14] ======================================================================
[17:22:14] 
======================================================================
[17:22:14] Episode 1/200
[17:22:14] ======================================================================
[17:22:14] 总奖励: 17725.72 | 步数: 24
[17:22:14] 最近10个episodes平均: 17725.72
[17:22:14] 各Agent奖励:
[17:22:14]   wind      : 11292.530
[17:22:14]   solar     : 5373.542
[17:22:14]   diesel    : 1212.983
[17:22:14]   battery   :  -14.159
[17:22:14]   customer  : -139.180
[17:22:14] Buffer大小:   144
[17:22:14] 噪声水平: 0.0994
[17:22:14] 
动作统计:
[17:22:14]   wind      : mean=-0.012, std= 0.101, min=-0.194, max= 0.223
[17:22:14]   solar     : mean=-0.089, std= 0.095, min=-0.250, max= 0.138
[17:22:14]   diesel    : mean= 0.065, std= 0.092, min=-0.158, max= 0.288
[17:22:14]   battery   : mean= 0.085, std= 0.171, min=-0.298, max= 0.442
[17:22:14]   customer  : mean= 0.127, std= 0.087, min=-0.140, max= 0.254
[17:22:14] 
======================================================================
[17:22:14] Episode 2/200
[17:22:14] ======================================================================
[17:22:14] 总奖励: 14301.62 | 步数: 24
[17:22:14] 最近10个episodes平均: 16013.67
[17:22:14] 各Agent奖励:
[17:22:14]   wind      : 10243.115
[17:22:14]   solar     : 2620.996
[17:22:14]   diesel    : 1544.286
[17:22:14]   battery   :    1.349
[17:22:14]   customer  : -108.128
[17:22:14] Buffer大小:   168
[17:22:14] 噪声水平: 0.0993
[17:22:14] 
动作统计:
[17:22:14]   wind      : mean=-0.025, std= 0.097, min=-0.204, max= 0.145
[17:22:14]   solar     : mean=-0.070, std= 0.110, min=-0.329, max= 0.123
[17:22:14]   diesel    : mean= 0.094, std= 0.099, min=-0.098, max= 0.357
[17:22:14]   battery   : mean= 0.095, std= 0.138, min=-0.267, max= 0.415
[17:22:14]   customer  : mean= 0.075, std= 0.085, min=-0.088, max= 0.254
[17:22:14] 
======================================================================
[17:22:14] Episode 3/200
[17:22:14] ======================================================================
[17:22:14] 总奖励: 19740.52 | 步数: 24
[17:22:14] 最近10个episodes平均: 17255.95
[17:22:14] 各Agent奖励:
[17:22:14]   wind      : 13768.721
[17:22:14]   solar     : 3307.122
[17:22:14]   diesel    : 2791.634
[17:22:14]   battery   :   -2.806
[17:22:14]   customer  : -124.154
[17:22:14] Buffer大小:   192
[17:22:14] 噪声水平: 0.0992
[17:22:14] 
动作统计:
[17:22:14]   wind      : mean= 0.009, std= 0.115, min=-0.200, max= 0.272
[17:22:14]   solar     : mean=-0.062, std= 0.085, min=-0.240, max= 0.134
[17:22:14]   diesel    : mean= 0.121, std= 0.122, min=-0.178, max= 0.309
[17:22:14]   battery   : mean= 0.079, std= 0.109, min=-0.244, max= 0.309
[17:22:14]   customer  : mean= 0.026, std= 0.110, min=-0.227, max= 0.231
[17:22:14] 
======================================================================
[17:22:14] Episode 4/200
[17:22:14] ======================================================================
[17:22:14] 总奖励: 19695.25 | 步数: 24
[17:22:14] 最近10个episodes平均: 17865.78
[17:22:14] 各Agent奖励:
[17:22:14]   wind      : 13159.930
[17:22:14]   solar     : 3598.774
[17:22:14]   diesel    : 3065.096
[17:22:14]   battery   :    3.714
[17:22:14]   customer  : -132.260
[17:22:14] Buffer大小:   216
[17:22:14] 噪声水平: 0.0991
[17:22:14] 
动作统计:
[17:22:14]   wind      : mean= 0.040, std= 0.086, min=-0.149, max= 0.201
[17:22:14]   solar     : mean=-0.033, std= 0.078, min=-0.210, max= 0.112
[17:22:14]   diesel    : mean= 0.137, std= 0.095, min=-0.082, max= 0.403
[17:22:14]   battery   : mean= 0.074, std= 0.096, min=-0.183, max= 0.278
[17:22:14]   customer  : mean= 0.075, std= 0.094, min=-0.148, max= 0.220
[17:22:15] 
======================================================================
[17:22:15] Episode 5/200
[17:22:15] ======================================================================
[17:22:15] 总奖励: 27210.79 | 步数: 24
[17:22:15] 最近10个episodes平均: 19734.78
[17:22:15] 各Agent奖励:
[17:22:15]   wind      : 15926.500
[17:22:15]   solar     : 3744.498
[17:22:15]   diesel    : 7715.888
[17:22:15]   battery   :   13.647
[17:22:15]   customer  : -189.748
[17:22:15] Buffer大小:   240
[17:22:15] 噪声水平: 0.0990
[17:22:15] 
动作统计:
[17:22:15]   wind      : mean= 0.186, std= 0.120, min=-0.127, max= 0.439
[17:22:15]   solar     : mean=-0.093, std= 0.120, min=-0.342, max= 0.158
[17:22:15]   diesel    : mean= 0.241, std= 0.125, min=-0.089, max= 0.501
[17:22:15]   battery   : mean= 0.078, std= 0.139, min=-0.220, max= 0.381
[17:22:15]   customer  : mean= 0.078, std= 0.098, min=-0.080, max= 0.282
[17:22:15] 
======================================================================
[17:22:15] Episode 6/200
[17:22:15] ======================================================================
[17:22:15] 总奖励: 43065.69 | 步数: 24
[17:22:15] 最近10个episodes平均: 23623.26
[17:22:15] 各Agent奖励:
[17:22:15]   wind      : 22518.036
[17:22:15]   solar     : 6015.345
[17:22:15]   diesel    : 14732.998
[17:22:15]   battery   :   14.046
[17:22:15]   customer  : -214.738
[17:22:15] Buffer大小:   264
[17:22:15] 噪声水平: 0.0989
[17:22:15] 
动作统计:
[17:22:15]   wind      : mean= 0.312, std= 0.115, min=-0.051, max= 0.585
[17:22:15]   solar     : mean=-0.210, std= 0.130, min=-0.445, max= 0.082
[17:22:15]   diesel    : mean= 0.395, std= 0.137, min= 0.172, max= 0.785
[17:22:15]   battery   : mean= 0.152, std= 0.175, min=-0.151, max= 0.489
[17:22:15]   customer  : mean= 0.290, std= 0.112, min= 0.094, max= 0.528
[17:22:15] 
======================================================================
[17:22:15] Episode 7/200
[17:22:15] ======================================================================
[17:22:15] 总奖励: 52630.09 | 步数: 24
[17:22:15] 最近10个episodes平均: 27767.10
[17:22:15] 各Agent奖励:
[17:22:15]   wind      : 26109.291
[17:22:15]   solar     : 5525.939
[17:22:15]   diesel    : 21194.091
[17:22:15]   battery   :   14.452
[17:22:15]   customer  : -213.684
[17:22:15] Buffer大小:   288
[17:22:15] 噪声水平: 0.0988
[17:22:15] 
动作统计:
[17:22:15]   wind      : mean= 0.534, std= 0.095, min= 0.326, max= 0.734
[17:22:15]   solar     : mean=-0.322, std= 0.118, min=-0.521, max=-0.051
[17:22:15]   diesel    : mean= 0.598, std= 0.134, min= 0.151, max= 0.873
[17:22:15]   battery   : mean= 0.152, std= 0.264, min=-0.229, max= 0.594
[17:22:15]   customer  : mean= 0.404, std= 0.104, min= 0.204, max= 0.543
[17:22:15] 
======================================================================
[17:22:15] Episode 8/200
[17:22:15] ======================================================================
[17:22:15] 总奖励: 25388.82 | 步数: 24
[17:22:15] 最近10个episodes平均: 27469.81
[17:22:15] 各Agent奖励:
[17:22:15]   wind      : 9316.071
[17:22:15]   solar     :    5.221
[17:22:15]   diesel    : 16246.889
[17:22:15]   battery   :   13.646
[17:22:15]   customer  : -193.011
[17:22:15] Buffer大小:   312
[17:22:15] 噪声水平: 0.0987
[17:22:15] 
动作统计:
[17:22:15]   wind      : mean= 0.693, std= 0.146, min= 0.292, max= 0.930
[17:22:15]   solar     : mean=-0.491, std= 0.129, min=-0.774, max=-0.308
[17:22:15]   diesel    : mean= 0.783, std= 0.113, min= 0.529, max= 1.000
[17:22:15]   battery   : mean= 0.184, std= 0.414, min=-0.418, max= 0.742
[17:22:15]   customer  : mean= 0.526, std= 0.083, min= 0.301, max= 0.689
[17:22:15] 
======================================================================
[17:22:15] Episode 9/200
[17:22:15] ======================================================================
[17:22:15] 总奖励: 13748.09 | 步数: 24
[17:22:15] 最近10个episodes平均: 25945.18
[17:22:15] 各Agent奖励:
[17:22:15]   wind      : 11333.169
[17:22:15]   solar     : -5313.081
[17:22:15]   diesel    : 7882.927
[17:22:15]   battery   :   11.090
[17:22:15]   customer  : -166.014
[17:22:15] Buffer大小:   336
[17:22:15] 噪声水平: 0.0986
[17:22:15] 
动作统计:
[17:22:15]   wind      : mean= 0.836, std= 0.096, min= 0.625, max= 1.000
[17:22:15]   solar     : mean=-0.632, std= 0.144, min=-0.934, max=-0.393
[17:22:15]   diesel    : mean= 0.877, std= 0.084, min= 0.683, max= 1.000
[17:22:15]   battery   : mean= 0.170, std= 0.548, min=-0.636, max= 0.847
[17:22:15]   customer  : mean= 0.676, std= 0.114, min= 0.444, max= 0.857
[17:22:15] 
======================================================================
[17:22:15] Episode 10/200
[17:22:15] ======================================================================
[17:22:15] 总奖励: -12587.40 | 步数: 24
[17:22:15] 最近10个episodes平均: 22091.92
[17:22:15] 各Agent奖励:
[17:22:15]   wind      : -969.717
[17:22:15]   solar     : -7413.489
[17:22:15]   diesel    : -4040.891
[17:22:15]   battery   :  -12.907
[17:22:15]   customer  : -150.395
[17:22:15] Buffer大小:   360
[17:22:15] 噪声水平: 0.0985
[17:22:15] 
动作统计:
[17:22:15]   wind      : mean= 0.913, std= 0.087, min= 0.749, max= 1.000
[17:22:15]   solar     : mean=-0.739, std= 0.113, min=-0.982, max=-0.472
[17:22:15]   diesel    : mean= 0.941, std= 0.073, min= 0.644, max= 1.000
[17:22:15]   battery   : mean= 0.163, std= 0.689, min=-0.709, max= 1.000
[17:22:15]   customer  : mean= 0.797, std= 0.105, min= 0.551, max= 0.997
[17:22:15] 
📊 生成可视化图表...
[17:22:16]   ✓ 训练曲线: debug_plots/training_ep0010.png
[17:22:16]   ✓ Agent分析: debug_plots/agents_ep0010.png
[17:22:16] 
======================================================================
[17:22:16] Episode 11/200
[17:22:16] ======================================================================
[17:22:16] 总奖励: -17127.52 | 步数: 24
[17:22:16] 最近10个episodes平均: 18606.59
[17:22:16] 各Agent奖励:
[17:22:16]   wind      : -2456.101
[17:22:16]   solar     : -6319.882
[17:22:16]   diesel    : -8191.578
[17:22:16]   battery   :   -7.961
[17:22:16]   customer  : -152.002
[17:22:16] Buffer大小:   384
[17:22:16] 噪声水平: 0.0984
[17:22:16] 
动作统计:
[17:22:16]   wind      : mean= 0.930, std= 0.076, min= 0.674, max= 1.000
[17:22:16]   solar     : mean=-0.814, std= 0.109, min=-1.000, max=-0.627
[17:22:16]   diesel    : mean= 0.964, std= 0.050, min= 0.776, max= 1.000
[17:22:16]   battery   : mean= 0.127, std= 0.740, min=-0.800, max= 1.000
[17:22:16]   customer  : mean= 0.882, std= 0.077, min= 0.722, max= 1.000
[17:22:16] 
======================================================================
[17:22:16] Episode 12/200
[17:22:16] ======================================================================
[17:22:16] 总奖励: -21707.93 | 步数: 24
[17:22:16] 最近10个episodes平均: 15005.64
[17:22:16] 各Agent奖励:
[17:22:16]   wind      : -11561.358
[17:22:16]   solar     : -4511.732
[17:22:16]   diesel    : -5465.061
[17:22:16]   battery   :  -14.518
[17:22:16]   customer  : -155.262
[17:22:16] Buffer大小:   408
[17:22:16] 噪声水平: 0.0983
[17:22:16] 
动作统计:
[17:22:16]   wind      : mean= 0.947, std= 0.065, min= 0.782, max= 1.000
[17:22:16]   solar     : mean=-0.851, std= 0.084, min=-1.000, max=-0.690
[17:22:16]   diesel    : mean= 0.942, std= 0.075, min= 0.680, max= 1.000
[17:22:16]   battery   : mean= 0.070, std= 0.836, min=-0.912, max= 1.000
[17:22:16]   customer  : mean= 0.912, std= 0.103, min= 0.620, max= 1.000
[17:22:17] 
======================================================================
[17:22:17] Episode 13/200
[17:22:17] ======================================================================
[17:22:17] 总奖励: -74184.18 | 步数: 24
[17:22:17] 最近10个episodes平均:  5613.17
[17:22:17] 各Agent奖励:
[17:22:17]   wind      : -36881.860
[17:22:17]   solar     : -5474.381
[17:22:17]   diesel    : -31648.797
[17:22:17]   battery   :  -25.654
[17:22:17]   customer  : -153.493
[17:22:17] Buffer大小:   432
[17:22:17] 噪声水平: 0.0982
[17:22:17] 
动作统计:
[17:22:17]   wind      : mean= 0.962, std= 0.057, min= 0.773, max= 1.000
[17:22:17]   solar     : mean=-0.847, std= 0.119, min=-1.000, max=-0.543
[17:22:17]   diesel    : mean= 0.964, std= 0.056, min= 0.745, max= 1.000
[17:22:17]   battery   : mean= 0.079, std= 0.876, min=-0.981, max= 1.000
[17:22:17]   customer  : mean= 0.927, std= 0.062, min= 0.822, max= 1.000
[17:22:17] 
======================================================================
[17:22:17] Episode 14/200
[17:22:17] ======================================================================
[17:22:17] 总奖励: -56323.73 | 步数: 24
[17:22:17] 最近10个episodes平均: -1988.73
[17:22:17] 各Agent奖励:
[17:22:17]   wind      : -26781.109
[17:22:17]   solar     : -4391.012
[17:22:17]   diesel    : -24967.082
[17:22:17]   battery   :  -16.468
[17:22:17]   customer  : -168.058
[17:22:17] Buffer大小:   456
[17:22:17] 噪声水平: 0.0981
[17:22:17] 
动作统计:
[17:22:17]   wind      : mean= 0.957, std= 0.051, min= 0.850, max= 1.000
[17:22:17]   solar     : mean=-0.853, std= 0.097, min=-1.000, max=-0.612
[17:22:17]   diesel    : mean= 0.947, std= 0.071, min= 0.779, max= 1.000
[17:22:17]   battery   : mean= 0.083, std= 0.860, min=-0.963, max= 1.000
[17:22:17]   customer  : mean= 0.960, std= 0.047, min= 0.803, max= 1.000
[17:22:17] 
======================================================================
[17:22:17] Episode 15/200
[17:22:17] ======================================================================
[17:22:17] 总奖励: -45957.86 | 步数: 24
[17:22:17] 最近10个episodes平均: -9305.59
[17:22:17] 各Agent奖励:
[17:22:17]   wind      : -19352.666
[17:22:17]   solar     : -3508.588
[17:22:17]   diesel    : -22915.052
[17:22:17]   battery   :  -23.021
[17:22:17]   customer  : -158.533
[17:22:17] Buffer大小:   480
[17:22:17] 噪声水平: 0.0980
[17:22:17] 
动作统计:
[17:22:17]   wind      : mean= 0.969, std= 0.038, min= 0.888, max= 1.000
[17:22:17]   solar     : mean=-0.765, std= 0.110, min=-0.962, max=-0.612
[17:22:17]   diesel    : mean= 0.964, std= 0.051, min= 0.825, max= 1.000
[17:22:17]   battery   : mean= 0.075, std= 0.887, min=-0.949, max= 1.000
[17:22:17]   customer  : mean= 0.941, std= 0.079, min= 0.757, max= 1.000
[17:22:17] 
======================================================================
[17:22:17] Episode 16/200
[17:22:17] ======================================================================
[17:22:17] 总奖励: -54512.09 | 步数: 24
[17:22:17] 最近10个episodes平均: -19063.37
[17:22:17] 各Agent奖励:
[17:22:17]   wind      : -23902.438
[17:22:17]   solar     : -4874.345
[17:22:17]   diesel    : -25551.010
[17:22:17]   battery   :  -18.999
[17:22:17]   customer  : -165.296
[17:22:17] Buffer大小:   504
[17:22:17] 噪声水平: 0.0979
[17:22:17] 
动作统计:
[17:22:17]   wind      : mean= 0.967, std= 0.043, min= 0.842, max= 1.000
[17:22:17]   solar     : mean=-0.657, std= 0.116, min=-0.850, max=-0.311
[17:22:17]   diesel    : mean= 0.961, std= 0.051, min= 0.802, max= 1.000
[17:22:17]   battery   : mean= 0.090, std= 0.869, min=-0.965, max= 1.000
[17:22:17]   customer  : mean= 0.957, std= 0.045, min= 0.843, max= 1.000
[17:22:17] 
======================================================================
[17:22:17] Episode 17/200
[17:22:17] ======================================================================
[17:22:17] 总奖励: -24914.29 | 步数: 24
[17:22:17] 最近10个episodes平均: -26817.81
[17:22:17] 各Agent奖励:
[17:22:17]   wind      : -10490.975
[17:22:17]   solar     : -4459.514
[17:22:17]   diesel    : -9771.018
[17:22:17]   battery   :  -15.158
[17:22:17]   customer  : -177.623
[17:22:17] Buffer大小:   528
[17:22:17] 噪声水平: 0.0978
[17:22:17] 
动作统计:
[17:22:17]   wind      : mean= 0.973, std= 0.045, min= 0.816, max= 1.000
[17:22:17]   solar     : mean=-0.434, std= 0.076, min=-0.586, max=-0.318
[17:22:17]   diesel    : mean= 0.953, std= 0.061, min= 0.756, max= 1.000
[17:22:17]   battery   : mean= 0.216, std= 0.740, min=-0.662, max= 1.000
[17:22:17]   customer  : mean= 0.946, std= 0.051, min= 0.843, max= 1.000
[17:22:18] 
======================================================================
[17:22:18] Episode 18/200
[17:22:18] ======================================================================
[17:22:18] 总奖励: -5852.08 | 步数: 24
[17:22:18] 最近10个episodes平均: -29941.90
[17:22:18] 各Agent奖励:
[17:22:18]   wind      : -1784.468
[17:22:18]   solar     : -994.964
[17:22:18]   diesel    : -2885.924
[17:22:18]   battery   :   -4.810
[17:22:18]   customer  : -181.918
[17:22:18] Buffer大小:   552
[17:22:18] 噪声水平: 0.0977
[17:22:18] 
动作统计:
[17:22:18]   wind      : mean= 0.960, std= 0.055, min= 0.808, max= 1.000
[17:22:18]   solar     : mean=-0.241, std= 0.142, min=-0.600, max=-0.010
[17:22:18]   diesel    : mean= 0.952, std= 0.057, min= 0.820, max= 1.000
[17:22:18]   battery   : mean= 0.341, std= 0.614, min=-0.463, max= 1.000
[17:22:18]   customer  : mean= 0.958, std= 0.050, min= 0.855, max= 1.000
[17:22:18] 
======================================================================
[17:22:18] Episode 19/200
[17:22:18] ======================================================================
[17:22:18] 总奖励: 18500.23 | 步数: 24
[17:22:18] 最近10个episodes平均: -29466.69
[17:22:18] 各Agent奖励:
[17:22:18]   wind      : 7663.402
[17:22:18]   solar     : 1600.615
[17:22:18]   diesel    : 9422.924
[17:22:18]   battery   :    4.233
[17:22:18]   customer  : -190.941
[17:22:18] Buffer大小:   576
[17:22:18] 噪声水平: 0.0976
[17:22:18] 
动作统计:
[17:22:18]   wind      : mean= 0.960, std= 0.053, min= 0.828, max= 1.000
[17:22:18]   solar     : mean=-0.025, std= 0.088, min=-0.183, max= 0.168
[17:22:18]   diesel    : mean= 0.956, std= 0.064, min= 0.740, max= 1.000
[17:22:18]   battery   : mean= 0.532, std= 0.411, min=-0.017, max= 1.000
[17:22:18]   customer  : mean= 0.966, std= 0.050, min= 0.814, max= 1.000
[17:22:18] 
======================================================================
[17:22:18] Episode 20/200
[17:22:18] ======================================================================
[17:22:18] 总奖励: 35520.37 | 步数: 24
[17:22:18] 最近10个episodes平均: -24655.91
[17:22:18] 各Agent奖励:
[17:22:18]   wind      : 15083.268
[17:22:18]   solar     : 3485.856
[17:22:18]   diesel    : 17139.370
[17:22:18]   battery   :    3.100
[17:22:18]   customer  : -191.227
[17:22:18] Buffer大小:   600
[17:22:18] 噪声水平: 0.0975
[17:22:18] 
动作统计:
[17:22:18]   wind      : mean= 0.971, std= 0.043, min= 0.864, max= 1.000
[17:22:18]   solar     : mean= 0.183, std= 0.119, min=-0.144, max= 0.383
[17:22:18]   diesel    : mean= 0.961, std= 0.048, min= 0.832, max= 1.000
[17:22:18]   battery   : mean= 0.668, std= 0.314, min= 0.099, max= 1.000
[17:22:18]   customer  : mean= 0.961, std= 0.060, min= 0.748, max= 1.000
[17:22:18] 
📊 生成可视化图表...
[17:22:18]   ✓ 训练曲线: debug_plots/training_ep0020.png
[17:22:18]   ✓ Agent分析: debug_plots/agents_ep0020.png
[17:22:19] 
======================================================================
[17:22:19] Episode 21/200
[17:22:19] ======================================================================
[17:22:19] 总奖励: 51250.24 | 步数: 24
[17:22:19] 最近10个episodes平均: -17818.13
[17:22:19] 各Agent奖励:
[17:22:19]   wind      : 21629.402
[17:22:19]   solar     : 4945.048
[17:22:19]   diesel    : 24867.720
[17:22:19]   battery   :    0.898
[17:22:19]   customer  : -192.830
[17:22:19] Buffer大小:   624
[17:22:19] 噪声水平: 0.0974
[17:22:19] 
动作统计:
[17:22:19]   wind      : mean= 0.953, std= 0.070, min= 0.762, max= 1.000
[17:22:19]   solar     : mean= 0.342, std= 0.122, min= 0.073, max= 0.560
[17:22:19]   diesel    : mean= 0.956, std= 0.055, min= 0.818, max= 1.000
[17:22:19]   battery   : mean= 0.782, std= 0.223, min= 0.315, max= 1.000
[17:22:19]   customer  : mean= 0.953, std= 0.060, min= 0.801, max= 1.000
[17:22:19] 
======================================================================
[17:22:19] Episode 22/200
[17:22:19] ======================================================================
[17:22:19] 总奖励: 41275.05 | 步数: 24
[17:22:19] 最近10个episodes平均: -11519.83
[17:22:19] 各Agent奖励:
[17:22:19]   wind      : 15447.719
[17:22:19]   solar     : 4284.788
[17:22:19]   diesel    : 21741.162
[17:22:19]   battery   :    0.000
[17:22:19]   customer  : -198.620
[17:22:19] Buffer大小:   648
[17:22:19] 噪声水平: 0.0973
[17:22:19] 
动作统计:
[17:22:19]   wind      : mean= 0.957, std= 0.065, min= 0.720, max= 1.000
[17:22:19]   solar     : mean= 0.504, std= 0.112, min= 0.275, max= 0.692
[17:22:19]   diesel    : mean= 0.958, std= 0.063, min= 0.705, max= 1.000
[17:22:19]   battery   : mean= 0.868, std= 0.119, min= 0.610, max= 1.000
[17:22:19]   customer  : mean= 0.966, std= 0.050, min= 0.833, max= 1.000
[17:22:19] 
======================================================================
[17:22:19] Episode 23/200
[17:22:19] ======================================================================
[17:22:19] 总奖励: 53630.87 | 步数: 24
[17:22:19] 最近10个episodes平均:  1261.67
[17:22:19] 各Agent奖励:
[17:22:19]   wind      : 20357.393
[17:22:19]   solar     : 7428.679
[17:22:19]   diesel    : 26031.782
[17:22:19]   battery   :    4.378
[17:22:19]   customer  : -191.364
[17:22:19] Buffer大小:   672
[17:22:19] 噪声水平: 0.0972
[17:22:19] 
动作统计:
[17:22:19]   wind      : mean= 0.959, std= 0.050, min= 0.839, max= 1.000
[17:22:19]   solar     : mean= 0.668, std= 0.115, min= 0.446, max= 0.901
[17:22:19]   diesel    : mean= 0.954, std= 0.057, min= 0.775, max= 1.000
[17:22:19]   battery   : mean= 0.905, std= 0.087, min= 0.718, max= 1.000
[17:22:19]   customer  : mean= 0.965, std= 0.050, min= 0.832, max= 1.000
[17:22:19] 
======================================================================
[17:22:19] Episode 24/200
[17:22:19] ======================================================================
[17:22:19] 总奖励: 57268.39 | 步数: 24
[17:22:19] 最近10个episodes平均: 12620.88
[17:22:19] 各Agent奖励:
[17:22:19]   wind      : 21576.870
[17:22:19]   solar     : 7823.485
[17:22:19]   diesel    : 28061.875
[17:22:19]   battery   :    0.000
[17:22:19]   customer  : -193.838
[17:22:19] Buffer大小:   696
[17:22:19] 噪声水平: 0.0971
[17:22:19] 
动作统计:
[17:22:19]   wind      : mean= 0.951, std= 0.071, min= 0.795, max= 1.000
[17:22:19]   solar     : mean= 0.761, std= 0.121, min= 0.493, max= 0.908
[17:22:19]   diesel    : mean= 0.960, std= 0.066, min= 0.684, max= 1.000
[17:22:19]   battery   : mean= 0.924, std= 0.064, min= 0.766, max= 1.000
[17:22:19]   customer  : mean= 0.953, std= 0.058, min= 0.760, max= 1.000
[17:22:19] 
======================================================================
[17:22:19] Episode 25/200
[17:22:19] ======================================================================
[17:22:19] 总奖励: 58795.05 | 步数: 24
[17:22:19] 最近10个episodes平均: 23096.17
[17:22:19] 各Agent奖励:
[17:22:19]   wind      : 23163.034
[17:22:19]   solar     : 7179.252
[17:22:19]   diesel    : 28654.485
[17:22:19]   battery   :    0.000
[17:22:19]   customer  : -201.717
[17:22:19] Buffer大小:   720
[17:22:19] 噪声水平: 0.0970
[17:22:19] 
动作统计:
[17:22:19]   wind      : mean= 0.955, std= 0.049, min= 0.823, max= 1.000
[17:22:19]   solar     : mean= 0.861, std= 0.101, min= 0.646, max= 1.000
[17:22:19]   diesel    : mean= 0.959, std= 0.058, min= 0.766, max= 1.000
[17:22:19]   battery   : mean= 0.942, std= 0.069, min= 0.770, max= 1.000
[17:22:19]   customer  : mean= 0.950, std= 0.064, min= 0.788, max= 1.000
[17:22:20] 
======================================================================
[17:22:20] Episode 26/200
[17:22:20] ======================================================================
[17:22:20] 总奖励: 60467.09 | 步数: 24
[17:22:20] 最近10个episodes平均: 34594.09
[17:22:20] 各Agent奖励:
[17:22:20]   wind      : 25857.179
[17:22:20]   solar     : 6943.387
[17:22:20]   diesel    : 27861.000
[17:22:20]   battery   :    0.000
[17:22:20]   customer  : -194.474
[17:22:20] Buffer大小:   744
[17:22:20] 噪声水平: 0.0969
[17:22:20] 
动作统计:
[17:22:20]   wind      : mean= 0.975, std= 0.039, min= 0.876, max= 1.000
[17:22:20]   solar     : mean= 0.861, std= 0.127, min= 0.576, max= 1.000
[17:22:20]   diesel    : mean= 0.970, std= 0.045, min= 0.792, max= 1.000
[17:22:20]   battery   : mean= 0.941, std= 0.071, min= 0.750, max= 1.000
[17:22:20]   customer  : mean= 0.971, std= 0.035, min= 0.894, max= 1.000
[17:22:20] 
======================================================================
[17:22:20] Episode 27/200
[17:22:20] ======================================================================
[17:22:20] 总奖励: 60344.28 | 步数: 24
[17:22:20] 最近10个episodes平均: 43119.95
[17:22:20] 各Agent奖励:
[17:22:20]   wind      : 26886.757
[17:22:20]   solar     : 8217.570
[17:22:20]   diesel    : 25434.162
[17:22:20]   battery   :    3.271
[17:22:20]   customer  : -197.480
[17:22:20] Buffer大小:   768
[17:22:20] 噪声水平: 0.0968
[17:22:20] 
动作统计:
[17:22:20]   wind      : mean= 0.957, std= 0.043, min= 0.855, max= 1.000
[17:22:20]   solar     : mean= 0.912, std= 0.078, min= 0.757, max= 1.000
[17:22:20]   diesel    : mean= 0.952, std= 0.064, min= 0.712, max= 1.000
[17:22:20]   battery   : mean= 0.949, std= 0.067, min= 0.717, max= 1.000
[17:22:20]   customer  : mean= 0.962, std= 0.050, min= 0.851, max= 1.000
[17:22:20] 
======================================================================
[17:22:20] Episode 28/200
[17:22:20] ======================================================================
[17:22:20] 总奖励: 45022.91 | 步数: 24
[17:22:20] 最近10个episodes平均: 48207.45
[17:22:20] 各Agent奖励:
[17:22:20]   wind      : 16195.366
[17:22:20]   solar     : 4776.974
[17:22:20]   diesel    : 24251.760
[17:22:20]   battery   :    0.000
[17:22:20]   customer  : -201.187
[17:22:20] Buffer大小:   792
[17:22:20] 噪声水平: 0.0968
[17:22:20] 
动作统计:
[17:22:20]   wind      : mean= 0.949, std= 0.062, min= 0.815, max= 1.000
[17:22:20]   solar     : mean= 0.938, std= 0.070, min= 0.779, max= 1.000
[17:22:20]   diesel    : mean= 0.944, std= 0.073, min= 0.751, max= 1.000
[17:22:20]   battery   : mean= 0.950, std= 0.058, min= 0.729, max= 1.000
[17:22:20]   customer  : mean= 0.964, std= 0.055, min= 0.751, max= 1.000
[17:22:20] 
======================================================================
[17:22:20] Episode 29/200
[17:22:20] ======================================================================
[17:22:20] 总奖励: 62192.10 | 步数: 24
[17:22:20] 最近10个episodes平均: 52576.63
[17:22:20] 各Agent奖励:
[17:22:20]   wind      : 29062.485
[17:22:20]   solar     : 6756.769
[17:22:20]   diesel    : 26566.354
[17:22:20]   battery   :    2.950
[17:22:20]   customer  : -196.462
[17:22:20] Buffer大小:   816
[17:22:20] 噪声水平: 0.0967
[17:22:20] 
动作统计:
[17:22:20]   wind      : mean= 0.970, std= 0.054, min= 0.806, max= 1.000
[17:22:20]   solar     : mean= 0.942, std= 0.086, min= 0.708, max= 1.000
[17:22:20]   diesel    : mean= 0.954, std= 0.063, min= 0.780, max= 1.000
[17:22:20]   battery   : mean= 0.956, std= 0.048, min= 0.832, max= 1.000
[17:22:20]   customer  : mean= 0.956, std= 0.066, min= 0.741, max= 1.000
[17:22:21] 
======================================================================
[17:22:21] Episode 30/200
[17:22:21] ======================================================================
[17:22:21] 总奖励: 65942.46 | 步数: 24
[17:22:21] 最近10个episodes平均: 55618.84
[17:22:21] 各Agent奖励:
[17:22:21]   wind      : 28746.066
[17:22:21]   solar     : 7771.485
[17:22:21]   diesel    : 29617.054
[17:22:21]   battery   :    2.035
[17:22:21]   customer  : -194.179
[17:22:21] Buffer大小:   840
[17:22:21] 噪声水平: 0.0966
[17:22:21] 
动作统计:
[17:22:21]   wind      : mean= 0.964, std= 0.044, min= 0.862, max= 1.000
[17:22:21]   solar     : mean= 0.946, std= 0.063, min= 0.803, max= 1.000
[17:22:21]   diesel    : mean= 0.966, std= 0.040, min= 0.847, max= 1.000
[17:22:21]   battery   : mean= 0.972, std= 0.048, min= 0.739, max= 1.000
[17:22:21]   customer  : mean= 0.932, std= 0.068, min= 0.784, max= 1.000
[17:22:21] 
📊 生成可视化图表...
[17:22:21]   ✓ 训练曲线: debug_plots/training_ep0030.png
[17:22:21]   ✓ Agent分析: debug_plots/agents_ep0030.png
[17:22:22] 
======================================================================
[17:22:22] Episode 31/200
[17:22:22] ======================================================================
[17:22:22] 总奖励: 57817.55 | 步数: 24
[17:22:22] 最近10个episodes平均: 56275.58
[17:22:22] 各Agent奖励:
[17:22:22]   wind      : 24592.444
[17:22:22]   solar     : 7305.024
[17:22:22]   diesel    : 26115.075
[17:22:22]   battery   :    0.000
[17:22:22]   customer  : -194.992
[17:22:22] Buffer大小:   864
[17:22:22] 噪声水平: 0.0965
[17:22:22] 
动作统计:
[17:22:22]   wind      : mean= 0.967, std= 0.046, min= 0.872, max= 1.000
[17:22:22]   solar     : mean= 0.960, std= 0.051, min= 0.823, max= 1.000
[17:22:22]   diesel    : mean= 0.961, std= 0.054, min= 0.774, max= 1.000
[17:22:22]   battery   : mean= 0.947, std= 0.064, min= 0.779, max= 1.000
[17:22:22]   customer  : mean= 0.971, std= 0.044, min= 0.812, max= 1.000
[17:22:22] 
======================================================================
[17:22:22] Episode 32/200
[17:22:22] ======================================================================
[17:22:22] 总奖励: 52350.89 | 步数: 24
[17:22:22] 最近10个episodes平均: 57383.16
[17:22:22] 各Agent奖励:
[17:22:22]   wind      : 23958.841
[17:22:22]   solar     : 5088.321
[17:22:22]   diesel    : 23495.804
[17:22:22]   battery   :    0.584
[17:22:22]   customer  : -192.656
[17:22:22] Buffer大小:   888
[17:22:22] 噪声水平: 0.0964
[17:22:22] 
动作统计:
[17:22:22]   wind      : mean= 0.973, std= 0.053, min= 0.824, max= 1.000
[17:22:22]   solar     : mean= 0.928, std= 0.085, min= 0.677, max= 1.000
[17:22:22]   diesel    : mean= 0.961, std= 0.055, min= 0.794, max= 1.000
[17:22:22]   battery   : mean= 0.946, std= 0.071, min= 0.749, max= 1.000
[17:22:22]   customer  : mean= 0.982, std= 0.033, min= 0.881, max= 1.000
[17:22:22] 
======================================================================
[17:22:22] Episode 33/200
[17:22:22] ======================================================================
[17:22:22] 总奖励: 62856.93 | 步数: 24
[17:22:22] 最近10个episodes平均: 58305.77
[17:22:22] 各Agent奖励:
[17:22:22]   wind      : 28116.347
[17:22:22]   solar     : 6283.170
[17:22:22]   diesel    : 28657.899
[17:22:22]   battery   :    0.000
[17:22:22]   customer  : -200.482
[17:22:22] Buffer大小:   912
[17:22:22] 噪声水平: 0.0963
[17:22:22] 
动作统计:
[17:22:22]   wind      : mean= 0.964, std= 0.052, min= 0.812, max= 1.000
[17:22:22]   solar     : mean= 0.967, std= 0.050, min= 0.789, max= 1.000
[17:22:22]   diesel    : mean= 0.966, std= 0.044, min= 0.840, max= 1.000
[17:22:22]   battery   : mean= 0.945, std= 0.072, min= 0.748, max= 1.000
[17:22:22]   customer  : mean= 0.949, std= 0.069, min= 0.708, max= 1.000
[17:22:22] 
======================================================================
[17:22:22] Episode 34/200
[17:22:22] ======================================================================
[17:22:22] 总奖励: 37720.49 | 步数: 24
[17:22:22] 最近10个episodes平均: 56350.98
[17:22:22] 各Agent奖励:
[17:22:22]   wind      : 15475.641
[17:22:22]   solar     : 3314.506
[17:22:22]   diesel    : 19125.270
[17:22:22]   battery   :    0.000
[17:22:22]   customer  : -194.929
[17:22:22] Buffer大小:   936
[17:22:22] 噪声水平: 0.0962
[17:22:22] 
动作统计:
[17:22:22]   wind      : mean= 0.956, std= 0.065, min= 0.755, max= 1.000
[17:22:22]   solar     : mean= 0.989, std= 0.018, min= 0.943, max= 1.000
[17:22:22]   diesel    : mean= 0.945, std= 0.063, min= 0.766, max= 1.000
[17:22:22]   battery   : mean= 0.942, std= 0.069, min= 0.772, max= 1.000
[17:22:22]   customer  : mean= 0.981, std= 0.045, min= 0.808, max= 1.000
[17:22:22] 
======================================================================
[17:22:22] Episode 35/200
[17:22:22] ======================================================================
[17:22:22] 总奖励: 53467.66 | 步数: 24
[17:22:22] 最近10个episodes平均: 55818.24
[17:22:22] 各Agent奖励:
[17:22:22]   wind      : 21964.123
[17:22:22]   solar     : 6144.152
[17:22:22]   diesel    : 25551.982
[17:22:22]   battery   :    0.000
[17:22:22]   customer  : -192.597
[17:22:22] Buffer大小:   960
[17:22:22] 噪声水平: 0.0961
[17:22:22] 
动作统计:
[17:22:22]   wind      : mean= 0.955, std= 0.051, min= 0.829, max= 1.000
[17:22:22]   solar     : mean= 0.960, std= 0.049, min= 0.829, max= 1.000
[17:22:22]   diesel    : mean= 0.956, std= 0.059, min= 0.764, max= 1.000
[17:22:22]   battery   : mean= 0.954, std= 0.063, min= 0.768, max= 1.000
[17:22:22]   customer  : mean= 0.976, std= 0.040, min= 0.841, max= 1.000
[17:22:22] 
======================================================================
[17:22:22] Episode 36/200
[17:22:22] ======================================================================
[17:22:22] 总奖励: 47814.11 | 步数: 24
[17:22:22] 最近10个episodes平均: 54552.94
[17:22:22] 各Agent奖励:
[17:22:22]   wind      : 18264.632
[17:22:22]   solar     : 6535.684
[17:22:22]   diesel    : 23207.759
[17:22:22]   battery   :    6.790
[17:22:22]   customer  : -200.753
[17:22:22] Buffer大小:   984
[17:22:22] 噪声水平: 0.0960
[17:22:22] 
动作统计:
[17:22:22]   wind      : mean= 0.971, std= 0.053, min= 0.776, max= 1.000
[17:22:22]   solar     : mean= 0.951, std= 0.056, min= 0.804, max= 1.000
[17:22:22]   diesel    : mean= 0.964, std= 0.048, min= 0.823, max= 1.000
[17:22:22]   battery   : mean= 0.928, std= 0.072, min= 0.717, max= 1.000
[17:22:22]   customer  : mean= 0.973, std= 0.043, min= 0.835, max= 1.000
[17:22:22] 
======================================================================
[17:22:22] Episode 37/200
[17:22:22] ======================================================================
[17:22:22] 总奖励: 49507.47 | 步数: 24
[17:22:22] 最近10个episodes平均: 53469.26
[17:22:22] 各Agent奖励:
[17:22:22]   wind      : 20610.369
[17:22:22]   solar     : 6148.068
[17:22:22]   diesel    : 22948.862
[17:22:22]   battery   :    0.000
[17:22:22]   customer  : -199.833
[17:22:22] Buffer大小:  1008
[17:22:22] 噪声水平: 0.0959
[17:22:22] 
动作统计:
[17:22:22]   wind      : mean= 0.953, std= 0.065, min= 0.752, max= 1.000
[17:22:22]   solar     : mean= 0.966, std= 0.048, min= 0.841, max= 1.000
[17:22:22]   diesel    : mean= 0.957, std= 0.060, min= 0.773, max= 1.000
[17:22:22]   battery   : mean= 0.956, std= 0.057, min= 0.778, max= 1.000
[17:22:22]   customer  : mean= 0.961, std= 0.061, min= 0.815, max= 1.000
[17:22:23] 
======================================================================
[17:22:23] Episode 38/200
[17:22:23] ======================================================================
[17:22:23] 总奖励: 57214.40 | 步数: 24
[17:22:23] 最近10个episodes平均: 54688.41
[17:22:23] 各Agent奖励:
[17:22:23]   wind      : 25207.260
[17:22:23]   solar     : 5971.104
[17:22:23]   diesel    : 26233.870
[17:22:23]   battery   :    0.000
[17:22:23]   customer  : -197.830
[17:22:23] Buffer大小:  1032
[17:22:23] 噪声水平: 0.0958
[17:22:23] 
动作统计:
[17:22:23]   wind      : mean= 0.969, std= 0.059, min= 0.734, max= 1.000
[17:22:23]   solar     : mean= 0.976, std= 0.039, min= 0.841, max= 1.000
[17:22:23]   diesel    : mean= 0.948, std= 0.062, min= 0.757, max= 1.000
[17:22:23]   battery   : mean= 0.930, std= 0.078, min= 0.721, max= 1.000
[17:22:23]   customer  : mean= 0.950, std= 0.065, min= 0.727, max= 1.000
[17:22:23] 
======================================================================
[17:22:23] Episode 39/200
[17:22:23] ======================================================================
[17:22:23] 总奖励: 68543.24 | 步数: 24
[17:22:23] 最近10个episodes平均: 55323.52
[17:22:23] 各Agent奖励:
[17:22:23]   wind      : 27222.511
[17:22:23]   solar     : 8750.175
[17:22:23]   diesel    : 32767.054
[17:22:23]   battery   :    4.918
[17:22:23]   customer  : -201.417
[17:22:23] Buffer大小:  1056
[17:22:23] 噪声水平: 0.0957
[17:22:23] 
动作统计:
[17:22:23]   wind      : mean= 0.966, std= 0.067, min= 0.704, max= 1.000
[17:22:23]   solar     : mean= 0.958, std= 0.052, min= 0.843, max= 1.000
[17:22:23]   diesel    : mean= 0.971, std= 0.057, min= 0.740, max= 1.000
[17:22:23]   battery   : mean= 0.937, std= 0.082, min= 0.627, max= 1.000
[17:22:23]   customer  : mean= 0.937, std= 0.066, min= 0.778, max= 1.000
[17:22:23] 
======================================================================
[17:22:23] Episode 40/200
[17:22:23] ======================================================================
[17:22:23] 总奖励: 40350.44 | 步数: 24
[17:22:23] 最近10个episodes平均: 52764.32
[17:22:23] 各Agent奖励:
[17:22:23]   wind      : 16024.546
[17:22:23]   solar     : 5417.690
[17:22:23]   diesel    : 19099.824
[17:22:23]   battery   :    3.361
[17:22:23]   customer  : -194.982
[17:22:23] Buffer大小:  1080
[17:22:23] 噪声水平: 0.0956
[17:22:23] 
动作统计:
[17:22:23]   wind      : mean= 0.958, std= 0.056, min= 0.832, max= 1.000
[17:22:23]   solar     : mean= 0.979, std= 0.035, min= 0.880, max= 1.000
[17:22:23]   diesel    : mean= 0.971, std= 0.053, min= 0.739, max= 1.000
[17:22:23]   battery   : mean= 0.936, std= 0.071, min= 0.754, max= 1.000
[17:22:23]   customer  : mean= 0.973, std= 0.047, min= 0.838, max= 1.000
[17:22:23] 
📊 生成可视化图表...
[17:22:24]   ✓ 训练曲线: debug_plots/training_ep0040.png
[17:22:24]   ✓ Agent分析: debug_plots/agents_ep0040.png
[17:22:24] 
======================================================================
[17:22:24] Episode 41/200
[17:22:24] ======================================================================
[17:22:24] 总奖励: 68928.27 | 步数: 24
[17:22:24] 最近10个episodes平均: 53875.39
[17:22:24] 各Agent奖励:
[17:22:24]   wind      : 30535.417
[17:22:24]   solar     : 7431.366
[17:22:24]   diesel    : 31162.531
[17:22:24]   battery   :    0.699
[17:22:24]   customer  : -201.747
[17:22:24] Buffer大小:  1104
[17:22:24] 噪声水平: 0.0955
[17:22:24] 
动作统计:
[17:22:24]   wind      : mean= 0.974, std= 0.048, min= 0.850, max= 1.000
[17:22:24]   solar     : mean= 0.972, std= 0.039, min= 0.883, max= 1.000
[17:22:24]   diesel    : mean= 0.965, std= 0.042, min= 0.842, max= 1.000
[17:22:24]   battery   : mean= 0.920, std= 0.086, min= 0.661, max= 1.000
[17:22:24]   customer  : mean= 0.945, std= 0.050, min= 0.853, max= 1.000
[17:22:24] 
======================================================================
[17:22:24] Episode 42/200
[17:22:24] ======================================================================
[17:22:24] 总奖励: 53933.85 | 步数: 24
[17:22:24] 最近10个episodes平均: 54033.69
[17:22:24] 各Agent奖励:
[17:22:24]   wind      : 22598.811
[17:22:24]   solar     : 6486.772
[17:22:24]   diesel    : 25039.808
[17:22:24]   battery   :    5.348
[17:22:24]   customer  : -196.886
[17:22:24] Buffer大小:  1128
[17:22:24] 噪声水平: 0.0954
[17:22:24] 
动作统计:
[17:22:24]   wind      : mean= 0.961, std= 0.050, min= 0.859, max= 1.000
[17:22:24]   solar     : mean= 0.956, std= 0.057, min= 0.794, max= 1.000
[17:22:24]   diesel    : mean= 0.965, std= 0.057, min= 0.752, max= 1.000
[17:22:24]   battery   : mean= 0.895, std= 0.109, min= 0.605, max= 1.000
[17:22:24]   customer  : mean= 0.978, std= 0.036, min= 0.879, max= 1.000
[17:22:24] 
======================================================================
[17:22:24] Episode 43/200
[17:22:24] ======================================================================
[17:22:24] 总奖励: 61941.73 | 步数: 24
[17:22:24] 最近10个episodes平均: 53942.17
[17:22:24] 各Agent奖励:
[17:22:24]   wind      : 30257.150
[17:22:24]   solar     : 5755.286
[17:22:24]   diesel    : 26128.046
[17:22:24]   battery   :    0.696
[17:22:24]   customer  : -199.444
[17:22:24] Buffer大小:  1152
[17:22:24] 噪声水平: 0.0953
[17:22:24] 
动作统计:
[17:22:24]   wind      : mean= 0.966, std= 0.048, min= 0.807, max= 1.000
[17:22:24]   solar     : mean= 0.978, std= 0.041, min= 0.855, max= 1.000
[17:22:24]   diesel    : mean= 0.956, std= 0.059, min= 0.776, max= 1.000
[17:22:24]   battery   : mean= 0.863, std= 0.136, min= 0.515, max= 1.000
[17:22:24]   customer  : mean= 0.964, std= 0.040, min= 0.884, max= 1.000
[17:22:25] 
======================================================================
[17:22:25] Episode 44/200
[17:22:25] ======================================================================
[17:22:25] 总奖励: 62341.78 | 步数: 24
[17:22:25] 最近10个episodes平均: 56404.30
[17:22:25] 各Agent奖励:
[17:22:25]   wind      : 22628.686
[17:22:25]   solar     : 8995.411
[17:22:25]   diesel    : 30907.502
[17:22:25]   battery   :    2.761
[17:22:25]   customer  : -192.581
[17:22:25] Buffer大小:  1176
[17:22:25] 噪声水平: 0.0952
[17:22:25] 
动作统计:
[17:22:25]   wind      : mean= 0.991, std= 0.021, min= 0.905, max= 1.000
[17:22:25]   solar     : mean= 0.981, std= 0.040, min= 0.855, max= 1.000
[17:22:25]   diesel    : mean= 0.973, std= 0.045, min= 0.797, max= 1.000
[17:22:25]   battery   : mean= 0.890, std= 0.125, min= 0.462, max= 1.000
[17:22:25]   customer  : mean= 0.974, std= 0.044, min= 0.793, max= 1.000
[17:22:25] 
======================================================================
[17:22:25] Episode 45/200
[17:22:25] ======================================================================
[17:22:25] 总奖励: 66765.02 | 步数: 24
[17:22:25] 最近10个episodes平均: 57734.03
[17:22:25] 各Agent奖励:
[17:22:25]   wind      : 31717.799
[17:22:25]   solar     : 6938.897
[17:22:25]   diesel    : 28301.459
[17:22:25]   battery   :   10.910
[17:22:25]   customer  : -204.043
[17:22:25] Buffer大小:  1200
[17:22:25] 噪声水平: 0.0951
[17:22:25] 
动作统计:
[17:22:25]   wind      : mean= 0.976, std= 0.040, min= 0.866, max= 1.000
[17:22:25]   solar     : mean= 0.958, std= 0.052, min= 0.856, max= 1.000
[17:22:25]   diesel    : mean= 0.969, std= 0.058, min= 0.724, max= 1.000
[17:22:25]   battery   : mean= 0.834, std= 0.178, min= 0.387, max= 1.000
[17:22:25]   customer  : mean= 0.938, std= 0.083, min= 0.747, max= 1.000
[17:22:25] 
======================================================================
[17:22:25] Episode 46/200
[17:22:25] ======================================================================
[17:22:25] 总奖励: 59320.87 | 步数: 24
[17:22:25] 最近10个episodes平均: 58884.71
[17:22:25] 各Agent奖励:
[17:22:25]   wind      : 21677.255
[17:22:25]   solar     : 7221.197
[17:22:25]   diesel    : 30620.348
[17:22:25]   battery   :    2.235
[17:22:25]   customer  : -200.166
[17:22:25] Buffer大小:  1224
[17:22:25] 噪声水平: 0.0950
[17:22:25] 
动作统计:
[17:22:25]   wind      : mean= 0.965, std= 0.042, min= 0.892, max= 1.000
[17:22:25]   solar     : mean= 0.965, std= 0.045, min= 0.829, max= 1.000
[17:22:25]   diesel    : mean= 0.974, std= 0.055, min= 0.691, max= 1.000
[17:22:25]   battery   : mean= 0.835, std= 0.184, min= 0.189, max= 1.000
[17:22:25]   customer  : mean= 0.944, std= 0.062, min= 0.756, max= 1.000
[17:22:25] 
======================================================================
[17:22:25] Episode 47/200
[17:22:25] ======================================================================
[17:22:25] 总奖励: 48108.84 | 步数: 24
[17:22:25] 最近10个episodes平均: 58744.84
[17:22:25] 各Agent奖励:
[17:22:25]   wind      : 21056.081
[17:22:25]   solar     : 5608.357
[17:22:25]   diesel    : 21636.061
[17:22:25]   battery   :    1.774
[17:22:25]   customer  : -193.430
[17:22:25] Buffer大小:  1248
[17:22:25] 噪声水平: 0.0949
[17:22:25] 
动作统计:
[17:22:25]   wind      : mean= 0.945, std= 0.061, min= 0.791, max= 1.000
[17:22:25]   solar     : mean= 0.971, std= 0.050, min= 0.799, max= 1.000
[17:22:25]   diesel    : mean= 0.957, std= 0.055, min= 0.804, max= 1.000
[17:22:25]   battery   : mean= 0.817, std= 0.200, min= 0.106, max= 1.000
[17:22:25]   customer  : mean= 0.965, std= 0.049, min= 0.857, max= 1.000
[17:22:26] 
======================================================================
[17:22:26] Episode 48/200
[17:22:26] ======================================================================
[17:22:26] 总奖励: 53703.17 | 步数: 24
[17:22:26] 最近10个episodes平均: 58393.72
[17:22:26] 各Agent奖励:
[17:22:26]   wind      : 23456.098
[17:22:26]   solar     : 6170.021
[17:22:26]   diesel    : 24268.064
[17:22:26]   battery   :    4.763
[17:22:26]   customer  : -195.779
[17:22:26] Buffer大小:  1272
[17:22:26] 噪声水平: 0.0948
[17:22:26] 
动作统计:
[17:22:26]   wind      : mean= 0.964, std= 0.048, min= 0.826, max= 1.000
[17:22:26]   solar     : mean= 0.949, std= 0.065, min= 0.789, max= 1.000
[17:22:26]   diesel    : mean= 0.962, std= 0.047, min= 0.848, max= 1.000
[17:22:26]   battery   : mean= 0.811, std= 0.216, min=-0.010, max= 1.000
[17:22:26]   customer  : mean= 0.968, std= 0.049, min= 0.843, max= 1.000
[17:22:26] 
======================================================================
[17:22:26] Episode 49/200
[17:22:26] ======================================================================
[17:22:26] 总奖励: 60738.16 | 步数: 24
[17:22:26] 最近10个episodes平均: 57613.21
[17:22:26] 各Agent奖励:
[17:22:26]   wind      : 26870.549
[17:22:26]   solar     : 6918.538
[17:22:26]   diesel    : 27132.423
[17:22:26]   battery   :   13.988
[17:22:26]   customer  : -197.339
[17:22:26] Buffer大小:  1296
[17:22:26] 噪声水平: 0.0947
[17:22:26] 
动作统计:
[17:22:26]   wind      : mean= 0.976, std= 0.043, min= 0.821, max= 1.000
[17:22:26]   solar     : mean= 0.964, std= 0.051, min= 0.851, max= 1.000
[17:22:26]   diesel    : mean= 0.969, std= 0.047, min= 0.833, max= 1.000
[17:22:26]   battery   : mean= 0.797, std= 0.242, min= 0.095, max= 1.000
[17:22:26]   customer  : mean= 0.955, std= 0.069, min= 0.682, max= 1.000
[17:22:26] 
======================================================================
[17:22:26] Episode 50/200
[17:22:26] ======================================================================
[17:22:26] 总奖励: 52540.29 | 步数: 24
[17:22:26] 最近10个episodes平均: 58832.20
[17:22:26] 各Agent奖励:
[17:22:26]   wind      : 19087.799
[17:22:26]   solar     : 5375.827
[17:22:26]   diesel    : 28266.536
[17:22:26]   battery   :    7.482
[17:22:26]   customer  : -197.350
[17:22:26] Buffer大小:  1320
[17:22:26] 噪声水平: 0.0946
[17:22:26] 
动作统计:
[17:22:26]   wind      : mean= 0.955, std= 0.057, min= 0.778, max= 1.000
[17:22:26]   solar     : mean= 0.955, std= 0.062, min= 0.772, max= 1.000
[17:22:26]   diesel    : mean= 0.968, std= 0.050, min= 0.765, max= 1.000
[17:22:26]   battery   : mean= 0.770, std= 0.240, min= 0.148, max= 1.000
[17:22:26]   customer  : mean= 0.938, std= 0.059, min= 0.834, max= 1.000
[17:22:26] 
📊 生成可视化图表...
[17:22:27]   ✓ 训练曲线: debug_plots/training_ep0050.png
[17:22:27]   ✓ Agent分析: debug_plots/agents_ep0050.png
[17:22:27] 💾 保存检查点: debug_checkpoints/debug_maddpg_20251203_172213_ep0050.pt
[17:22:27] 
======================================================================
[17:22:27] Episode 51/200
[17:22:27] ======================================================================
[17:22:27] 总奖励: 54409.14 | 步数: 24
[17:22:27] 最近10个episodes平均: 57380.29
[17:22:27] 各Agent奖励:
[17:22:27]   wind      : 24195.616
[17:22:27]   solar     : 7348.750
[17:22:27]   diesel    : 23054.549
[17:22:27]   battery   :    1.244
[17:22:27]   customer  : -191.021
[17:22:27] Buffer大小:  1344
[17:22:27] 噪声水平: 0.0946
[17:22:27] 
动作统计:
[17:22:27]   wind      : mean= 0.944, std= 0.072, min= 0.749, max= 1.000
[17:22:27]   solar     : mean= 0.961, std= 0.063, min= 0.793, max= 1.000
[17:22:27]   diesel    : mean= 0.950, std= 0.070, min= 0.745, max= 1.000
[17:22:27]   battery   : mean= 0.775, std= 0.251, min=-0.134, max= 1.000
[17:22:27]   customer  : mean= 0.972, std= 0.054, min= 0.805, max= 1.000
[17:22:27] 
======================================================================
[17:22:27] Episode 52/200
[17:22:27] ======================================================================
[17:22:27] 总奖励: 51985.33 | 步数: 24
[17:22:27] 最近10个episodes平均: 57185.43
[17:22:27] 各Agent奖励:
[17:22:27]   wind      : 21213.086
[17:22:27]   solar     : 6025.563
[17:22:27]   diesel    : 24938.488
[17:22:27]   battery   :    3.022
[17:22:27]   customer  : -194.823
[17:22:27] Buffer大小:  1368
[17:22:27] 噪声水平: 0.0945
[17:22:27] 
动作统计:
[17:22:27]   wind      : mean= 0.962, std= 0.056, min= 0.804, max= 1.000
[17:22:27]   solar     : mean= 0.970, std= 0.047, min= 0.858, max= 1.000
[17:22:27]   diesel    : mean= 0.950, std= 0.064, min= 0.731, max= 1.000
[17:22:27]   battery   : mean= 0.782, std= 0.264, min=-0.098, max= 1.000
[17:22:27]   customer  : mean= 0.962, std= 0.045, min= 0.864, max= 1.000
[17:22:27] 
======================================================================
[17:22:27] Episode 53/200
[17:22:27] ======================================================================
[17:22:27] 总奖励: 60413.31 | 步数: 24
[17:22:27] 最近10个episodes平均: 57032.59
[17:22:27] 各Agent奖励:
[17:22:27]   wind      : 27531.818
[17:22:27]   solar     : 7247.472
[17:22:27]   diesel    : 25819.305
[17:22:27]   battery   :    8.134
[17:22:27]   customer  : -193.423
[17:22:27] Buffer大小:  1392
[17:22:27] 噪声水平: 0.0944
[17:22:27] 
动作统计:
[17:22:27]   wind      : mean= 0.968, std= 0.051, min= 0.791, max= 1.000
[17:22:27]   solar     : mean= 0.954, std= 0.051, min= 0.850, max= 1.000
[17:22:27]   diesel    : mean= 0.960, std= 0.051, min= 0.805, max= 1.000
[17:22:27]   battery   : mean= 0.782, std= 0.263, min=-0.078, max= 1.000
[17:22:27]   customer  : mean= 0.967, std= 0.042, min= 0.856, max= 1.000
[17:22:27] 
======================================================================
[17:22:27] Episode 54/200
[17:22:27] ======================================================================
[17:22:27] 总奖励: 50878.89 | 步数: 24
[17:22:27] 最近10个episodes平均: 55886.30
[17:22:27] 各Agent奖励:
[17:22:27]   wind      : 21669.243
[17:22:27]   solar     : 5953.675
[17:22:27]   diesel    : 23444.963
[17:22:27]   battery   :    7.413
[17:22:27]   customer  : -196.408
[17:22:27] Buffer大小:  1416
[17:22:27] 噪声水平: 0.0943
[17:22:27] 
动作统计:
[17:22:27]   wind      : mean= 0.966, std= 0.045, min= 0.829, max= 1.000
[17:22:27]   solar     : mean= 0.964, std= 0.043, min= 0.881, max= 1.000
[17:22:27]   diesel    : mean= 0.963, std= 0.055, min= 0.756, max= 1.000
[17:22:27]   battery   : mean= 0.766, std= 0.244, min=-0.111, max= 1.000
[17:22:27]   customer  : mean= 0.959, std= 0.055, min= 0.832, max= 1.000
[17:22:28] 
======================================================================
[17:22:28] Episode 55/200
[17:22:28] ======================================================================
[17:22:28] 总奖励: 42687.94 | 步数: 24
[17:22:28] 最近10个episodes平均: 53478.59
[17:22:28] 各Agent奖励:
[17:22:28]   wind      : 16748.861
[17:22:28]   solar     : 5136.259
[17:22:28]   diesel    : 20992.203
[17:22:28]   battery   :    5.497
[17:22:28]   customer  : -194.874
[17:22:28] Buffer大小:  1440
[17:22:28] 噪声水平: 0.0942
[17:22:28] 
动作统计:
[17:22:28]   wind      : mean= 0.970, std= 0.047, min= 0.850, max= 1.000
[17:22:28]   solar     : mean= 0.990, std= 0.027, min= 0.897, max= 1.000
[17:22:28]   diesel    : mean= 0.970, std= 0.044, min= 0.795, max= 1.000
[17:22:28]   battery   : mean= 0.742, std= 0.280, min=-0.220, max= 1.000
[17:22:28]   customer  : mean= 0.973, std= 0.046, min= 0.846, max= 1.000
[17:22:28] 
======================================================================
[17:22:28] Episode 56/200
[17:22:28] ======================================================================
[17:22:28] 总奖励: 43111.72 | 步数: 24
[17:22:28] 最近10个episodes平均: 51857.68
[17:22:28] 各Agent奖励:
[17:22:28]   wind      : 18841.655
[17:22:28]   solar     : 4813.213
[17:22:28]   diesel    : 19646.270
[17:22:28]   battery   :    7.738
[17:22:28]   customer  : -197.156
[17:22:28] Buffer大小:  1464
[17:22:28] 噪声水平: 0.0941
[17:22:28] 
动作统计:
[17:22:28]   wind      : mean= 0.944, std= 0.077, min= 0.756, max= 1.000
[17:22:28]   solar     : mean= 0.945, std= 0.070, min= 0.804, max= 1.000
[17:22:28]   diesel    : mean= 0.969, std= 0.046, min= 0.867, max= 1.000
[17:22:28]   battery   : mean= 0.771, std= 0.300, min=-0.375, max= 1.000
[17:22:28]   customer  : mean= 0.960, std= 0.062, min= 0.758, max= 1.000
[17:22:28] 
======================================================================
[17:22:28] Episode 57/200
[17:22:28] ======================================================================
[17:22:28] 总奖励: 43963.54 | 步数: 24
[17:22:28] 最近10个episodes平均: 51443.15
[17:22:28] 各Agent奖励:
[17:22:28]   wind      : 18628.192
[17:22:28]   solar     : 5438.541
[17:22:28]   diesel    : 20083.419
[17:22:28]   battery   :    4.408
[17:22:28]   customer  : -191.017
[17:22:28] Buffer大小:  1488
[17:22:28] 噪声水平: 0.0940
[17:22:28] 
动作统计:
[17:22:28]   wind      : mean= 0.971, std= 0.055, min= 0.744, max= 1.000
[17:22:28]   solar     : mean= 0.978, std= 0.035, min= 0.899, max= 1.000
[17:22:28]   diesel    : mean= 0.969, std= 0.041, min= 0.849, max= 1.000
[17:22:28]   battery   : mean= 0.710, std= 0.291, min=-0.100, max= 1.000
[17:22:28]   customer  : mean= 0.978, std= 0.041, min= 0.878, max= 1.000
[17:22:28] 
======================================================================
[17:22:28] Episode 58/200
[17:22:28] ======================================================================
[17:22:28] 总奖励: 52227.78 | 步数: 24
[17:22:28] 最近10个episodes平均: 51295.61
[17:22:28] 各Agent奖励:
[17:22:28]   wind      : 20987.205
[17:22:28]   solar     : 6155.511
[17:22:28]   diesel    : 25271.651
[17:22:28]   battery   :    6.521
[17:22:28]   customer  : -193.108
[17:22:28] Buffer大小:  1512
[17:22:28] 噪声水平: 0.0939
[17:22:28] 
动作统计:
[17:22:28]   wind      : mean= 0.957, std= 0.052, min= 0.826, max= 1.000
[17:22:28]   solar     : mean= 0.965, std= 0.058, min= 0.816, max= 1.000
[17:22:28]   diesel    : mean= 0.969, std= 0.047, min= 0.789, max= 1.000
[17:22:28]   battery   : mean= 0.717, std= 0.282, min=-0.039, max= 1.000
[17:22:28]   customer  : mean= 0.945, std= 0.075, min= 0.739, max= 1.000
[17:22:28] 
======================================================================
[17:22:28] Episode 59/200
[17:22:28] ======================================================================
[17:22:28] 总奖励: 47756.62 | 步数: 24
[17:22:28] 最近10个episodes平均: 49997.46
[17:22:28] 各Agent奖励:
[17:22:28]   wind      : 22154.186
[17:22:28]   solar     : 4798.030
[17:22:28]   diesel    : 20991.689
[17:22:28]   battery   :    4.788
[17:22:28]   customer  : -192.072
[17:22:28] Buffer大小:  1536
[17:22:28] 噪声水平: 0.0938
[17:22:28] 
动作统计:
[17:22:28]   wind      : mean= 0.967, std= 0.045, min= 0.847, max= 1.000
[17:22:28]   solar     : mean= 0.971, std= 0.051, min= 0.834, max= 1.000
[17:22:28]   diesel    : mean= 0.966, std= 0.046, min= 0.834, max= 1.000
[17:22:28]   battery   : mean= 0.698, std= 0.329, min=-0.282, max= 1.000
[17:22:28]   customer  : mean= 0.978, std= 0.028, min= 0.921, max= 1.000
[17:22:29] 
======================================================================
[17:22:29] Episode 60/200
[17:22:29] ======================================================================
[17:22:29] 总奖励: 41343.19 | 步数: 24
[17:22:29] 最近10个episodes平均: 48877.75
[17:22:29] 各Agent奖励:
[17:22:29]   wind      : 19089.734
[17:22:29]   solar     : 4112.618
[17:22:29]   diesel    : 18328.437
[17:22:29]   battery   :    6.888
[17:22:29]   customer  : -194.483
[17:22:29] Buffer大小:  1560
[17:22:29] 噪声水平: 0.0937
[17:22:29] 
动作统计:
[17:22:29]   wind      : mean= 0.971, std= 0.047, min= 0.881, max= 1.000
[17:22:29]   solar     : mean= 0.959, std= 0.070, min= 0.751, max= 1.000
[17:22:29]   diesel    : mean= 0.961, std= 0.054, min= 0.754, max= 1.000
[17:22:29]   battery   : mean= 0.705, std= 0.327, min=-0.401, max= 1.000
[17:22:29]   customer  : mean= 0.969, std= 0.042, min= 0.873, max= 1.000
[17:22:29] 
📊 生成可视化图表...
[17:22:29]   ✓ 训练曲线: debug_plots/training_ep0060.png
[17:22:29]   ✓ Agent分析: debug_plots/agents_ep0060.png
[17:22:29] 
======================================================================
[17:22:29] Episode 61/200
[17:22:29] ======================================================================
[17:22:29] 总奖励: 37475.92 | 步数: 24
[17:22:29] 最近10个episodes平均: 47184.43
[17:22:29] 各Agent奖励:
[17:22:29]   wind      : 13548.547
[17:22:29]   solar     : 5476.330
[17:22:29]   diesel    : 18639.258
[17:22:29]   battery   :    9.178
[17:22:29]   customer  : -197.390
[17:22:29] Buffer大小:  1584
[17:22:29] 噪声水平: 0.0936
[17:22:29] 
动作统计:
[17:22:29]   wind      : mean= 0.970, std= 0.046, min= 0.854, max= 1.000
[17:22:29]   solar     : mean= 0.953, std= 0.055, min= 0.843, max= 1.000
[17:22:29]   diesel    : mean= 0.962, std= 0.054, min= 0.725, max= 1.000
[17:22:29]   battery   : mean= 0.701, std= 0.327, min=-0.142, max= 1.000
[17:22:29]   customer  : mean= 0.973, std= 0.041, min= 0.861, max= 1.000
[17:22:30] 
======================================================================
[17:22:30] Episode 62/200
[17:22:30] ======================================================================
[17:22:30] 总奖励: 42797.54 | 步数: 24
[17:22:30] 最近10个episodes平均: 46265.65
[17:22:30] 各Agent奖励:
[17:22:30]   wind      : 18942.487
[17:22:30]   solar     : 4501.032
[17:22:30]   diesel    : 19540.445
[17:22:30]   battery   :    5.254
[17:22:30]   customer  : -191.679
[17:22:30] Buffer大小:  1608
[17:22:30] 噪声水平: 0.0935
[17:22:30] 
动作统计:
[17:22:30]   wind      : mean= 0.946, std= 0.056, min= 0.824, max= 1.000
[17:22:30]   solar     : mean= 0.957, std= 0.066, min= 0.750, max= 1.000
[17:22:30]   diesel    : mean= 0.970, std= 0.047, min= 0.726, max= 1.000
[17:22:30]   battery   : mean= 0.691, std= 0.315, min=-0.198, max= 1.000
[17:22:30]   customer  : mean= 0.970, std= 0.045, min= 0.850, max= 1.000
[17:22:30] 
======================================================================
[17:22:30] Episode 63/200
[17:22:30] ======================================================================
[17:22:30] 总奖励: 42596.96 | 步数: 24
[17:22:30] 最近10个episodes平均: 44484.01
[17:22:30] 各Agent奖励:
[17:22:30]   wind      : 17448.001
[17:22:30]   solar     : 4737.035
[17:22:30]   diesel    : 20592.923
[17:22:30]   battery   :    6.004
[17:22:30]   customer  : -187.008
[17:22:30] Buffer大小:  1632
[17:22:30] 噪声水平: 0.0934
[17:22:30] 
动作统计:
[17:22:30]   wind      : mean= 0.959, std= 0.052, min= 0.814, max= 1.000
[17:22:30]   solar     : mean= 0.963, std= 0.048, min= 0.868, max= 1.000
[17:22:30]   diesel    : mean= 0.974, std= 0.045, min= 0.793, max= 1.000
[17:22:30]   battery   : mean= 0.661, std= 0.357, min=-0.189, max= 1.000
[17:22:30]   customer  : mean= 0.978, std= 0.032, min= 0.904, max= 1.000
[17:22:30] 
======================================================================
[17:22:30] Episode 64/200
[17:22:30] ======================================================================
[17:22:30] 总奖励: 30854.74 | 步数: 24
[17:22:30] 最近10个episodes平均: 42481.60
[17:22:30] 各Agent奖励:
[17:22:30]   wind      : 13377.488
[17:22:30]   solar     : 3313.778
[17:22:30]   diesel    : 14350.400
[17:22:30]   battery   :    5.056
[17:22:30]   customer  : -191.980
[17:22:30] Buffer大小:  1656
[17:22:30] 噪声水平: 0.0933
[17:22:30] 
动作统计:
[17:22:30]   wind      : mean= 0.978, std= 0.038, min= 0.834, max= 1.000
[17:22:30]   solar     : mean= 0.971, std= 0.049, min= 0.821, max= 1.000
[17:22:30]   diesel    : mean= 0.961, std= 0.055, min= 0.733, max= 1.000
[17:22:30]   battery   : mean= 0.635, std= 0.349, min=-0.302, max= 1.000
[17:22:30]   customer  : mean= 0.981, std= 0.041, min= 0.867, max= 1.000
[17:22:30] 
======================================================================
[17:22:30] Episode 65/200
[17:22:30] ======================================================================
[17:22:30] 总奖励: 42124.63 | 步数: 24
[17:22:30] 最近10个episodes平均: 42425.26
[17:22:30] 各Agent奖励:
[17:22:30]   wind      : 15974.537
[17:22:30]   solar     : 3908.709
[17:22:30]   diesel    : 22427.608
[17:22:30]   battery   :    9.494
[17:22:30]   customer  : -195.714
[17:22:30] Buffer大小:  1680
[17:22:30] 噪声水平: 0.0932
[17:22:30] 
动作统计:
[17:22:30]   wind      : mean= 0.937, std= 0.066, min= 0.731, max= 1.000
[17:22:30]   solar     : mean= 0.962, std= 0.060, min= 0.796, max= 1.000
[17:22:30]   diesel    : mean= 0.969, std= 0.041, min= 0.860, max= 1.000
[17:22:30]   battery   : mean= 0.687, std= 0.337, min=-0.147, max= 1.000
[17:22:30]   customer  : mean= 0.937, std= 0.065, min= 0.835, max= 1.000
[17:22:30] 
======================================================================
[17:22:30] Episode 66/200
[17:22:30] ======================================================================
[17:22:30] 总奖励: 33984.31 | 步数: 24
[17:22:30] 最近10个episodes平均: 41512.52
[17:22:30] 各Agent奖励:
[17:22:30]   wind      : 12220.232
[17:22:30]   solar     : 4167.322
[17:22:30]   diesel    : 17786.316
[17:22:30]   battery   :    5.178
[17:22:30]   customer  : -194.738
[17:22:30] Buffer大小:  1704
[17:22:30] 噪声水平: 0.0931
[17:22:30] 
动作统计:
[17:22:30]   wind      : mean= 0.967, std= 0.060, min= 0.792, max= 1.000
[17:22:30]   solar     : mean= 0.963, std= 0.049, min= 0.847, max= 1.000
[17:22:30]   diesel    : mean= 0.972, std= 0.049, min= 0.811, max= 1.000
[17:22:30]   battery   : mean= 0.650, std= 0.366, min=-0.373, max= 1.000
[17:22:30]   customer  : mean= 0.969, std= 0.044, min= 0.859, max= 1.000
[17:22:31] 
======================================================================
[17:22:31] Episode 67/200
[17:22:31] ======================================================================
[17:22:31] 总奖励: 49162.45 | 步数: 24
[17:22:31] 最近10个episodes平均: 42032.41
[17:22:31] 各Agent奖励:
[17:22:31]   wind      : 18740.229
[17:22:31]   solar     : 6926.734
[17:22:31]   diesel    : 23673.863
[17:22:31]   battery   :   14.309
[17:22:31]   customer  : -192.689
[17:22:31] Buffer大小:  1728
[17:22:31] 噪声水平: 0.0930
[17:22:31] 
动作统计:
[17:22:31]   wind      : mean= 0.984, std= 0.029, min= 0.895, max= 1.000
[17:22:31]   solar     : mean= 0.966, std= 0.059, min= 0.798, max= 1.000
[17:22:31]   diesel    : mean= 0.965, std= 0.054, min= 0.780, max= 1.000
[17:22:31]   battery   : mean= 0.712, std= 0.344, min=-0.308, max= 1.000
[17:22:31]   customer  : mean= 0.959, std= 0.059, min= 0.745, max= 1.000
[17:22:31] 
======================================================================
[17:22:31] Episode 68/200
[17:22:31] ======================================================================
[17:22:31] 总奖励: 43516.72 | 步数: 24
[17:22:31] 最近10个episodes平均: 41161.31
[17:22:31] 各Agent奖励:
[17:22:31]   wind      : 19055.565
[17:22:31]   solar     : 4347.443
[17:22:31]   diesel    : 20302.544
[17:22:31]   battery   :    6.464
[17:22:31]   customer  : -195.297
[17:22:31] Buffer大小:  1752
[17:22:31] 噪声水平: 0.0930
[17:22:31] 
动作统计:
[17:22:31]   wind      : mean= 0.978, std= 0.038, min= 0.866, max= 1.000
[17:22:31]   solar     : mean= 0.958, std= 0.039, min= 0.859, max= 1.000
[17:22:31]   diesel    : mean= 0.959, std= 0.062, min= 0.760, max= 1.000
[17:22:31]   battery   : mean= 0.648, std= 0.345, min=-0.229, max= 1.000
[17:22:31]   customer  : mean= 0.955, std= 0.052, min= 0.796, max= 1.000
[17:22:31] 
======================================================================
[17:22:31] Episode 69/200
[17:22:31] ======================================================================
[17:22:31] 总奖励: 50717.12 | 步数: 24
[17:22:31] 最近10个episodes平均: 41457.36
[17:22:31] 各Agent奖励:
[17:22:31]   wind      : 20317.842
[17:22:31]   solar     : 5822.846
[17:22:31]   diesel    : 24756.821
[17:22:31]   battery   :   12.931
[17:22:31]   customer  : -193.321
[17:22:31] Buffer大小:  1776
[17:22:31] 噪声水平: 0.0929
[17:22:31] 
动作统计:
[17:22:31]   wind      : mean= 0.965, std= 0.067, min= 0.742, max= 1.000
[17:22:31]   solar     : mean= 0.977, std= 0.031, min= 0.905, max= 1.000
[17:22:31]   diesel    : mean= 0.957, std= 0.061, min= 0.791, max= 1.000
[17:22:31]   battery   : mean= 0.715, std= 0.310, min=-0.188, max= 1.000
[17:22:31]   customer  : mean= 0.945, std= 0.056, min= 0.825, max= 1.000
[17:22:31] 
======================================================================
[17:22:31] Episode 70/200
[17:22:31] ======================================================================
[17:22:31] 总奖励: 44065.40 | 步数: 24
[17:22:31] 最近10个episodes平均: 41729.58
[17:22:31] 各Agent奖励:
[17:22:31]   wind      : 17060.503
[17:22:31]   solar     : 5205.998
[17:22:31]   diesel    : 21990.214
[17:22:31]   battery   :   11.711
[17:22:31]   customer  : -203.028
[17:22:31] Buffer大小:  1800
[17:22:31] 噪声水平: 0.0928
[17:22:31] 
动作统计:
[17:22:31]   wind      : mean= 0.965, std= 0.047, min= 0.851, max= 1.000
[17:22:31]   solar     : mean= 0.972, std= 0.057, min= 0.756, max= 1.000
[17:22:31]   diesel    : mean= 0.969, std= 0.048, min= 0.777, max= 1.000
[17:22:31]   battery   : mean= 0.648, std= 0.359, min=-0.216, max= 1.000
[17:22:31]   customer  : mean= 0.950, std= 0.051, min= 0.847, max= 1.000
[17:22:31] 
📊 生成可视化图表...
[17:22:32]   ✓ 训练曲线: debug_plots/training_ep0070.png
[17:22:32]   ✓ Agent分析: debug_plots/agents_ep0070.png
[17:22:32] 
======================================================================
[17:22:32] Episode 71/200
[17:22:32] ======================================================================
[17:22:32] 总奖励: 41927.05 | 步数: 24
[17:22:32] 最近10个episodes平均: 42174.69
[17:22:32] 各Agent奖励:
[17:22:32]   wind      : 16873.723
[17:22:32]   solar     : 4148.298
[17:22:32]   diesel    : 21089.530
[17:22:32]   battery   :    9.148
[17:22:32]   customer  : -193.648
[17:22:32] Buffer大小:  1824
[17:22:32] 噪声水平: 0.0927
[17:22:32] 
动作统计:
[17:22:32]   wind      : mean= 0.945, std= 0.064, min= 0.761, max= 1.000
[17:22:32]   solar     : mean= 0.977, std= 0.040, min= 0.859, max= 1.000
[17:22:32]   diesel    : mean= 0.972, std= 0.049, min= 0.744, max= 1.000
[17:22:32]   battery   : mean= 0.651, std= 0.369, min=-0.177, max= 1.000
[17:22:32]   customer  : mean= 0.959, std= 0.050, min= 0.841, max= 1.000
[17:22:32] 
======================================================================
[17:22:32] Episode 72/200
[17:22:32] ======================================================================
[17:22:32] 总奖励: 41809.87 | 步数: 24
[17:22:32] 最近10个episodes平均: 42075.92
[17:22:32] 各Agent奖励:
[17:22:32]   wind      : 17683.009
[17:22:32]   solar     : 4323.142
[17:22:32]   diesel    : 19984.111
[17:22:32]   battery   :    7.355
[17:22:32]   customer  : -187.750
[17:22:32] Buffer大小:  1848
[17:22:32] 噪声水平: 0.0926
[17:22:32] 
动作统计:
[17:22:32]   wind      : mean= 0.968, std= 0.047, min= 0.823, max= 1.000
[17:22:32]   solar     : mean= 0.952, std= 0.066, min= 0.766, max= 1.000
[17:22:32]   diesel    : mean= 0.973, std= 0.046, min= 0.805, max= 1.000
[17:22:32]   battery   : mean= 0.631, std= 0.358, min=-0.209, max= 1.000
[17:22:32]   customer  : mean= 0.957, std= 0.075, min= 0.704, max= 1.000
[17:22:32] 
======================================================================
[17:22:32] Episode 73/200
[17:22:32] ======================================================================
[17:22:32] 总奖励: 34770.51 | 步数: 24
[17:22:32] 最近10个episodes平均: 41293.28
[17:22:32] 各Agent奖励:
[17:22:32]   wind      : 14059.044
[17:22:32]   solar     : 4248.904
[17:22:32]   diesel    : 16648.370
[17:22:32]   battery   :    6.706
[17:22:32]   customer  : -192.509
[17:22:32] Buffer大小:  1872
[17:22:32] 噪声水平: 0.0925
[17:22:32] 
动作统计:
[17:22:32]   wind      : mean= 0.964, std= 0.053, min= 0.805, max= 1.000
[17:22:32]   solar     : mean= 0.961, std= 0.059, min= 0.764, max= 1.000
[17:22:32]   diesel    : mean= 0.970, std= 0.043, min= 0.853, max= 1.000
[17:22:32]   battery   : mean= 0.611, std= 0.383, min=-0.280, max= 1.000
[17:22:32]   customer  : mean= 0.976, std= 0.033, min= 0.896, max= 1.000
[17:22:32] 
======================================================================
[17:22:32] Episode 74/200
[17:22:32] ======================================================================
[17:22:32] 总奖励: 37760.11 | 步数: 24
[17:22:32] 最近10个episodes平均: 41983.82
[17:22:32] 各Agent奖励:
[17:22:32]   wind      : 18048.186
[17:22:32]   solar     : 2545.519
[17:22:32]   diesel    : 17348.999
[17:22:32]   battery   :    7.384
[17:22:32]   customer  : -189.979
[17:22:32] Buffer大小:  1896
[17:22:32] 噪声水平: 0.0924
[17:22:32] 
动作统计:
[17:22:32]   wind      : mean= 0.979, std= 0.044, min= 0.816, max= 1.000
[17:22:32]   solar     : mean= 0.945, std= 0.053, min= 0.841, max= 1.000
[17:22:32]   diesel    : mean= 0.948, std= 0.059, min= 0.786, max= 1.000
[17:22:32]   battery   : mean= 0.573, std= 0.429, min=-0.451, max= 1.000
[17:22:32]   customer  : mean= 0.962, std= 0.045, min= 0.871, max= 1.000
[17:22:33] 
======================================================================
[17:22:33] Episode 75/200
[17:22:33] ======================================================================
[17:22:33] 总奖励: 35266.74 | 步数: 24
[17:22:33] 最近10个episodes平均: 41298.03
[17:22:33] 各Agent奖励:
[17:22:33]   wind      : 16571.484
[17:22:33]   solar     : 3062.244
[17:22:33]   diesel    : 15816.614
[17:22:33]   battery   :    4.597
[17:22:33]   customer  : -188.200
[17:22:33] Buffer大小:  1920
[17:22:33] 噪声水平: 0.0923
[17:22:33] 
动作统计:
[17:22:33]   wind      : mean= 0.979, std= 0.033, min= 0.879, max= 1.000
[17:22:33]   solar     : mean= 0.962, std= 0.059, min= 0.770, max= 1.000
[17:22:33]   diesel    : mean= 0.966, std= 0.049, min= 0.840, max= 1.000
[17:22:33]   battery   : mean= 0.557, std= 0.412, min=-0.187, max= 1.000
[17:22:33]   customer  : mean= 0.973, std= 0.041, min= 0.863, max= 1.000
[17:22:33] 
======================================================================
[17:22:33] Episode 76/200
[17:22:33] ======================================================================
[17:22:33] 总奖励: 38014.10 | 步数: 24
[17:22:33] 最近10个episodes平均: 41701.01
[17:22:33] 各Agent奖励:
[17:22:33]   wind      : 12547.976
[17:22:33]   solar     : 4986.204
[17:22:33]   diesel    : 20659.851
[17:22:33]   battery   :   11.129
[17:22:33]   customer  : -191.056
[17:22:33] Buffer大小:  1944
[17:22:33] 噪声水平: 0.0922
[17:22:33] 
动作统计:
[17:22:33]   wind      : mean= 0.950, std= 0.061, min= 0.794, max= 1.000
[17:22:33]   solar     : mean= 0.960, std= 0.059, min= 0.806, max= 1.000
[17:22:33]   diesel    : mean= 0.961, std= 0.047, min= 0.779, max= 1.000
[17:22:33]   battery   : mean= 0.654, std= 0.335, min=-0.250, max= 1.000
[17:22:33]   customer  : mean= 0.952, std= 0.069, min= 0.769, max= 1.000
[17:22:33] 
======================================================================
[17:22:33] Episode 77/200
[17:22:33] ======================================================================
[17:22:33] 总奖励: 25437.87 | 步数: 24
[17:22:33] 最近10个episodes平均: 39328.55
[17:22:33] 各Agent奖励:
[17:22:33]   wind      : 10543.677
[17:22:33]   solar     : 2247.755
[17:22:33]   diesel    : 12826.111
[17:22:33]   battery   :    5.152
[17:22:33]   customer  : -184.822
[17:22:33] Buffer大小:  1968
[17:22:33] 噪声水平: 0.0921
[17:22:33] 
动作统计:
[17:22:33]   wind      : mean= 0.928, std= 0.077, min= 0.797, max= 1.000
[17:22:33]   solar     : mean= 0.961, std= 0.064, min= 0.760, max= 1.000
[17:22:33]   diesel    : mean= 0.961, std= 0.059, min= 0.779, max= 1.000
[17:22:33]   battery   : mean= 0.578, std= 0.415, min=-0.052, max= 1.000
[17:22:33]   customer  : mean= 0.969, std= 0.046, min= 0.836, max= 1.000
[17:22:33] 
======================================================================
[17:22:33] Episode 78/200
[17:22:33] ======================================================================
[17:22:33] 总奖励: 32940.94 | 步数: 24
[17:22:33] 最近10个episodes平均: 38270.97
[17:22:33] 各Agent奖励:
[17:22:33]   wind      : 12479.101
[17:22:33]   solar     : 3947.134
[17:22:33]   diesel    : 16703.779
[17:22:33]   battery   :    9.202
[17:22:33]   customer  : -198.279
[17:22:33] Buffer大小:  1992
[17:22:33] 噪声水平: 0.0920
[17:22:33] 
动作统计:
[17:22:33]   wind      : mean= 0.955, std= 0.060, min= 0.820, max= 1.000
[17:22:33]   solar     : mean= 0.974, std= 0.045, min= 0.813, max= 1.000
[17:22:33]   diesel    : mean= 0.949, std= 0.064, min= 0.774, max= 1.000
[17:22:33]   battery   : mean= 0.610, std= 0.363, min=-0.206, max= 1.000
[17:22:33]   customer  : mean= 0.955, std= 0.054, min= 0.832, max= 1.000
[17:22:34] 
======================================================================
[17:22:34] Episode 79/200
[17:22:34] ======================================================================
[17:22:34] 总奖励: 39359.04 | 步数: 24
[17:22:34] 最近10个episodes平均: 37135.16
[17:22:34] 各Agent奖励:
[17:22:34]   wind      : 18296.856
[17:22:34]   solar     : 3430.658
[17:22:34]   diesel    : 17814.704
[17:22:34]   battery   :    7.716
[17:22:34]   customer  : -190.892
[17:22:34] Buffer大小:  2016
[17:22:34] 噪声水平: 0.0919
[17:22:34] 
动作统计:
[17:22:34]   wind      : mean= 0.969, std= 0.044, min= 0.827, max= 1.000
[17:22:34]   solar     : mean= 0.966, std= 0.042, min= 0.865, max= 1.000
[17:22:34]   diesel    : mean= 0.955, std= 0.065, min= 0.765, max= 1.000
[17:22:34]   battery   : mean= 0.590, std= 0.405, min=-0.204, max= 1.000
[17:22:34]   customer  : mean= 0.958, std= 0.053, min= 0.829, max= 1.000
[17:22:34] 
======================================================================
[17:22:34] Episode 80/200
[17:22:34] ======================================================================
[17:22:34] 总奖励: 25195.30 | 步数: 24
[17:22:34] 最近10个episodes平均: 35248.15
[17:22:34] 各Agent奖励:
[17:22:34]   wind      : 9625.731
[17:22:34]   solar     : 2853.047
[17:22:34]   diesel    : 12903.152
[17:22:34]   battery   :    6.874
[17:22:34]   customer  : -193.503
[17:22:34] Buffer大小:  2040
[17:22:34] 噪声水平: 0.0918
[17:22:34] 
动作统计:
[17:22:34]   wind      : mean= 0.968, std= 0.054, min= 0.760, max= 1.000
[17:22:34]   solar     : mean= 0.962, std= 0.051, min= 0.791, max= 1.000
[17:22:34]   diesel    : mean= 0.952, std= 0.056, min= 0.818, max= 1.000
[17:22:34]   battery   : mean= 0.547, std= 0.423, min=-0.256, max= 1.000
[17:22:34]   customer  : mean= 0.973, std= 0.041, min= 0.867, max= 1.000
[17:22:34] 
📊 生成可视化图表...
[17:22:34]   ✓ 训练曲线: debug_plots/training_ep0080.png
[17:22:34]   ✓ Agent分析: debug_plots/agents_ep0080.png
[17:22:35] 
======================================================================
[17:22:35] Episode 81/200
[17:22:35] ======================================================================
[17:22:35] 总奖励: 33024.61 | 步数: 24
[17:22:35] 最近10个episodes平均: 34357.91
[17:22:35] 各Agent奖励:
[17:22:35]   wind      : 14741.377
[17:22:35]   solar     : 2739.322
[17:22:35]   diesel    : 15729.530
[17:22:35]   battery   :    5.542
[17:22:35]   customer  : -191.162
[17:22:35] Buffer大小:  2064
[17:22:35] 噪声水平: 0.0918
[17:22:35] 
动作统计:
[17:22:35]   wind      : mean= 0.970, std= 0.038, min= 0.878, max= 1.000
[17:22:35]   solar     : mean= 0.966, std= 0.055, min= 0.809, max= 1.000
[17:22:35]   diesel    : mean= 0.958, std= 0.054, min= 0.790, max= 1.000
[17:22:35]   battery   : mean= 0.557, std= 0.417, min=-0.389, max= 1.000
[17:22:35]   customer  : mean= 0.972, std= 0.039, min= 0.867, max= 1.000
[17:22:35] 
======================================================================
[17:22:35] Episode 82/200
[17:22:35] ======================================================================
[17:22:35] 总奖励: 25664.13 | 步数: 24
[17:22:35] 最近10个episodes平均: 32743.34
[17:22:35] 各Agent奖励:
[17:22:35]   wind      : 9441.138
[17:22:35]   solar     : 2743.675
[17:22:35]   diesel    : 13668.907
[17:22:35]   battery   :    4.963
[17:22:35]   customer  : -194.550
[17:22:35] Buffer大小:  2088
[17:22:35] 噪声水平: 0.0917
[17:22:35] 
动作统计:
[17:22:35]   wind      : mean= 0.961, std= 0.056, min= 0.832, max= 1.000
[17:22:35]   solar     : mean= 0.953, std= 0.056, min= 0.832, max= 1.000
[17:22:35]   diesel    : mean= 0.960, std= 0.051, min= 0.859, max= 1.000
[17:22:35]   battery   : mean= 0.577, std= 0.410, min=-0.179, max= 1.000
[17:22:35]   customer  : mean= 0.972, std= 0.044, min= 0.837, max= 1.000
[17:22:35] 
======================================================================
[17:22:35] Episode 83/200
[17:22:35] ======================================================================
[17:22:35] 总奖励: 48103.38 | 步数: 24
[17:22:35] 最近10个episodes平均: 34076.62
[17:22:35] 各Agent奖励:
[17:22:35]   wind      : 20171.192
[17:22:35]   solar     : 5234.972
[17:22:35]   diesel    : 22879.326
[17:22:35]   battery   :   10.078
[17:22:35]   customer  : -192.190
[17:22:35] Buffer大小:  2112
[17:22:35] 噪声水平: 0.0916
[17:22:35] 
动作统计:
[17:22:35]   wind      : mean= 0.947, std= 0.060, min= 0.772, max= 1.000
[17:22:35]   solar     : mean= 0.971, std= 0.049, min= 0.803, max= 1.000
[17:22:35]   diesel    : mean= 0.959, std= 0.056, min= 0.820, max= 1.000
[17:22:35]   battery   : mean= 0.599, std= 0.379, min=-0.116, max= 1.000
[17:22:35]   customer  : mean= 0.926, std= 0.083, min= 0.770, max= 1.000
[17:22:35] 
======================================================================
[17:22:35] Episode 84/200
[17:22:35] ======================================================================
[17:22:35] 总奖励: 27537.81 | 步数: 24
[17:22:35] 最近10个episodes平均: 33054.39
[17:22:35] 各Agent奖励:
[17:22:35]   wind      : 10758.212
[17:22:35]   solar     : 3278.755
[17:22:35]   diesel    : 13690.145
[17:22:35]   battery   :    6.172
[17:22:35]   customer  : -195.474
[17:22:35] Buffer大小:  2136
[17:22:35] 噪声水平: 0.0915
[17:22:35] 
动作统计:
[17:22:35]   wind      : mean= 0.970, std= 0.051, min= 0.814, max= 1.000
[17:22:35]   solar     : mean= 0.977, std= 0.039, min= 0.869, max= 1.000
[17:22:35]   diesel    : mean= 0.954, std= 0.054, min= 0.809, max= 1.000
[17:22:35]   battery   : mean= 0.575, std= 0.397, min=-0.126, max= 1.000
[17:22:35]   customer  : mean= 0.974, std= 0.044, min= 0.864, max= 1.000
[17:22:35] 
======================================================================
[17:22:35] Episode 85/200
[17:22:35] ======================================================================
[17:22:35] 总奖励: 30315.24 | 步数: 24
[17:22:35] 最近10个episodes平均: 32559.24
[17:22:35] 各Agent奖励:
[17:22:35]   wind      : 13385.127
[17:22:35]   solar     : 2949.530
[17:22:35]   diesel    : 14167.595
[17:22:35]   battery   :    5.520
[17:22:35]   customer  : -192.531
[17:22:35] Buffer大小:  2160
[17:22:35] 噪声水平: 0.0914
[17:22:35] 
动作统计:
[17:22:35]   wind      : mean= 0.973, std= 0.043, min= 0.836, max= 1.000
[17:22:35]   solar     : mean= 0.972, std= 0.040, min= 0.841, max= 1.000
[17:22:35]   diesel    : mean= 0.949, std= 0.066, min= 0.726, max= 1.000
[17:22:35]   battery   : mean= 0.552, std= 0.410, min=-0.033, max= 1.000
[17:22:35]   customer  : mean= 0.967, std= 0.050, min= 0.820, max= 1.000
[17:22:36] 
======================================================================
[17:22:36] Episode 86/200
[17:22:36] ======================================================================
[17:22:36] 总奖励: 35014.14 | 步数: 24
[17:22:36] 最近10个episodes平均: 32259.25
[17:22:36] 各Agent奖励:
[17:22:36]   wind      : 14588.156
[17:22:36]   solar     : 3730.611
[17:22:36]   diesel    : 16875.402
[17:22:36]   battery   :   11.148
[17:22:36]   customer  : -191.173
[17:22:36] Buffer大小:  2184
[17:22:36] 噪声水平: 0.0913
[17:22:36] 
动作统计:
[17:22:36]   wind      : mean= 0.973, std= 0.052, min= 0.789, max= 1.000
[17:22:36]   solar     : mean= 0.949, std= 0.051, min= 0.824, max= 1.000
[17:22:36]   diesel    : mean= 0.960, std= 0.078, min= 0.574, max= 1.000
[17:22:36]   battery   : mean= 0.601, std= 0.385, min=-0.079, max= 1.000
[17:22:36]   customer  : mean= 0.953, std= 0.067, min= 0.716, max= 1.000
[17:22:36] 
======================================================================
[17:22:36] Episode 87/200
[17:22:36] ======================================================================
[17:22:36] 总奖励: 30322.47 | 步数: 24
[17:22:36] 最近10个episodes平均: 32747.71
[17:22:36] 各Agent奖励:
[17:22:36]   wind      : 15282.610
[17:22:36]   solar     : 2699.380
[17:22:36]   diesel    : 12525.058
[17:22:36]   battery   :    4.505
[17:22:36]   customer  : -189.080
[17:22:36] Buffer大小:  2208
[17:22:36] 噪声水平: 0.0912
[17:22:36] 
动作统计:
[17:22:36]   wind      : mean= 0.929, std= 0.070, min= 0.751, max= 1.000
[17:22:36]   solar     : mean= 0.956, std= 0.052, min= 0.846, max= 1.000
[17:22:36]   diesel    : mean= 0.972, std= 0.040, min= 0.840, max= 1.000
[17:22:36]   battery   : mean= 0.554, std= 0.428, min=-0.072, max= 1.000
[17:22:36]   customer  : mean= 0.967, std= 0.050, min= 0.825, max= 1.000
[17:22:36] 
======================================================================
[17:22:36] Episode 88/200
[17:22:36] ======================================================================
[17:22:36] 总奖励: 36175.26 | 步数: 24
[17:22:36] 最近10个episodes平均: 33071.14
[17:22:36] 各Agent奖励:
[17:22:36]   wind      : 16013.589
[17:22:36]   solar     : 2928.880
[17:22:36]   diesel    : 17414.523
[17:22:36]   battery   :    8.199
[17:22:36]   customer  : -189.926
[17:22:36] Buffer大小:  2232
[17:22:36] 噪声水平: 0.0911
[17:22:36] 
动作统计:
[17:22:36]   wind      : mean= 0.937, std= 0.078, min= 0.751, max= 1.000
[17:22:36]   solar     : mean= 0.952, std= 0.077, min= 0.711, max= 1.000
[17:22:36]   diesel    : mean= 0.971, std= 0.052, min= 0.781, max= 1.000
[17:22:36]   battery   : mean= 0.576, std= 0.410, min=-0.076, max= 1.000
[17:22:36]   customer  : mean= 0.950, std= 0.050, min= 0.859, max= 1.000
[17:22:36] 
======================================================================
[17:22:36] Episode 89/200
[17:22:36] ======================================================================
[17:22:36] 总奖励: 24080.53 | 步数: 24
[17:22:36] 最近10个episodes平均: 31543.29
[17:22:36] 各Agent奖励:
[17:22:36]   wind      : 9390.686
[17:22:36]   solar     : 1990.493
[17:22:36]   diesel    : 12886.178
[17:22:36]   battery   :    3.709
[17:22:36]   customer  : -190.537
[17:22:36] Buffer大小:  2256
[17:22:36] 噪声水平: 0.0910
[17:22:36] 
动作统计:
[17:22:36]   wind      : mean= 0.969, std= 0.054, min= 0.776, max= 1.000
[17:22:36]   solar     : mean= 0.968, std= 0.050, min= 0.820, max= 1.000
[17:22:36]   diesel    : mean= 0.960, std= 0.055, min= 0.804, max= 1.000
[17:22:36]   battery   : mean= 0.571, std= 0.412, min=-0.110, max= 1.000
[17:22:36]   customer  : mean= 0.986, std= 0.023, min= 0.931, max= 1.000
[17:22:36] 
======================================================================
[17:22:36] Episode 90/200
[17:22:36] ======================================================================
[17:22:36] 总奖励: 31840.03 | 步数: 24
[17:22:36] 最近10个episodes平均: 32207.76
[17:22:36] 各Agent奖励:
[17:22:36]   wind      : 14287.146
[17:22:36]   solar     : 2773.612
[17:22:36]   diesel    : 14961.103
[17:22:36]   battery   :    9.874
[17:22:36]   customer  : -191.703
[17:22:36] Buffer大小:  2280
[17:22:36] 噪声水平: 0.0909
[17:22:36] 
动作统计:
[17:22:36]   wind      : mean= 0.977, std= 0.041, min= 0.872, max= 1.000
[17:22:36]   solar     : mean= 0.973, std= 0.043, min= 0.850, max= 1.000
[17:22:36]   diesel    : mean= 0.954, std= 0.069, min= 0.719, max= 1.000
[17:22:36]   battery   : mean= 0.555, std= 0.410, min=-0.203, max= 1.000
[17:22:36]   customer  : mean= 0.948, std= 0.058, min= 0.836, max= 1.000
[17:22:36] 
📊 生成可视化图表...
[17:22:37]   ✓ 训练曲线: debug_plots/training_ep0090.png
[17:22:37]   ✓ Agent分析: debug_plots/agents_ep0090.png
[17:22:37] 
======================================================================
[17:22:37] Episode 91/200
[17:22:37] ======================================================================
[17:22:37] 总奖励: 36250.48 | 步数: 24
[17:22:37] 最近10个episodes平均: 32530.35
[17:22:37] 各Agent奖励:
[17:22:37]   wind      : 15640.715
[17:22:37]   solar     : 3566.618
[17:22:37]   diesel    : 17221.906
[17:22:37]   battery   :   10.719
[17:22:37]   customer  : -189.482
[17:22:37] Buffer大小:  2304
[17:22:37] 噪声水平: 0.0908
[17:22:37] 
动作统计:
[17:22:37]   wind      : mean= 0.964, std= 0.045, min= 0.834, max= 1.000
[17:22:37]   solar     : mean= 0.972, std= 0.044, min= 0.858, max= 1.000
[17:22:37]   diesel    : mean= 0.954, std= 0.079, min= 0.588, max= 1.000
[17:22:37]   battery   : mean= 0.573, std= 0.406, min=-0.136, max= 1.000
[17:22:37]   customer  : mean= 0.940, std= 0.061, min= 0.773, max= 1.000
[17:22:37] 
======================================================================
[17:22:37] Episode 92/200
[17:22:37] ======================================================================
[17:22:37] 总奖励: 27417.25 | 步数: 24
[17:22:37] 最近10个episodes平均: 32705.66
[17:22:37] 各Agent奖励:
[17:22:37]   wind      : 11785.660
[17:22:37]   solar     : 2376.277
[17:22:37]   diesel    : 13452.420
[17:22:37]   battery   :    2.080
[17:22:37]   customer  : -199.186
[17:22:37] Buffer大小:  2328
[17:22:37] 噪声水平: 0.0908
[17:22:37] 
动作统计:
[17:22:37]   wind      : mean= 0.959, std= 0.053, min= 0.829, max= 1.000
[17:22:37]   solar     : mean= 0.982, std= 0.026, min= 0.905, max= 1.000
[17:22:37]   diesel    : mean= 0.961, std= 0.060, min= 0.760, max= 1.000
[17:22:37]   battery   : mean= 0.554, std= 0.415, min=-0.103, max= 1.000
[17:22:37]   customer  : mean= 0.978, std= 0.041, min= 0.848, max= 1.000
[17:22:38] 
======================================================================
[17:22:38] Episode 93/200
[17:22:38] ======================================================================
[17:22:38] 总奖励: 26712.79 | 步数: 24
[17:22:38] 最近10个episodes平均: 30566.60
[17:22:38] 各Agent奖励:
[17:22:38]   wind      : 11333.549
[17:22:38]   solar     : 2382.512
[17:22:38]   diesel    : 13188.869
[17:22:38]   battery   :    4.954
[17:22:38]   customer  : -197.096
[17:22:38] Buffer大小:  2352
[17:22:38] 噪声水平: 0.0907
[17:22:38] 
动作统计:
[17:22:38]   wind      : mean= 0.962, std= 0.048, min= 0.847, max= 1.000
[17:22:38]   solar     : mean= 0.958, std= 0.063, min= 0.763, max= 1.000
[17:22:38]   diesel    : mean= 0.961, std= 0.057, min= 0.772, max= 1.000
[17:22:38]   battery   : mean= 0.553, std= 0.426, min=-0.185, max= 1.000
[17:22:38]   customer  : mean= 0.979, std= 0.034, min= 0.880, max= 1.000
[17:22:38] 
======================================================================
[17:22:38] Episode 94/200
[17:22:38] ======================================================================
[17:22:38] 总奖励: 24749.21 | 步数: 24
[17:22:38] 最近10个episodes平均: 30287.74
[17:22:38] 各Agent奖励:
[17:22:38]   wind      : 10481.178
[17:22:38]   solar     : 2353.252
[17:22:38]   diesel    : 12095.983
[17:22:38]   battery   :    7.253
[17:22:38]   customer  : -188.457
[17:22:38] Buffer大小:  2376
[17:22:38] 噪声水平: 0.0906
[17:22:38] 
动作统计:
[17:22:38]   wind      : mean= 0.951, std= 0.062, min= 0.806, max= 1.000
[17:22:38]   solar     : mean= 0.960, std= 0.047, min= 0.822, max= 1.000
[17:22:38]   diesel    : mean= 0.948, std= 0.069, min= 0.745, max= 1.000
[17:22:38]   battery   : mean= 0.543, std= 0.423, min=-0.166, max= 1.000
[17:22:38]   customer  : mean= 0.956, std= 0.058, min= 0.835, max= 1.000
[17:22:38] 
======================================================================
[17:22:38] Episode 95/200
[17:22:38] ======================================================================
[17:22:38] 总奖励: 25088.36 | 步数: 24
[17:22:38] 最近10个episodes平均: 29765.05
[17:22:38] 各Agent奖励:
[17:22:38]   wind      : 9238.713
[17:22:38]   solar     : 2791.993
[17:22:38]   diesel    : 13242.870
[17:22:38]   battery   :    5.419
[17:22:38]   customer  : -190.631
[17:22:38] Buffer大小:  2400
[17:22:38] 噪声水平: 0.0905
[17:22:38] 
动作统计:
[17:22:38]   wind      : mean= 0.954, std= 0.055, min= 0.811, max= 1.000
[17:22:38]   solar     : mean= 0.964, std= 0.045, min= 0.850, max= 1.000
[17:22:38]   diesel    : mean= 0.947, std= 0.074, min= 0.670, max= 1.000
[17:22:38]   battery   : mean= 0.559, std= 0.415, min=-0.097, max= 1.000
[17:22:38]   customer  : mean= 0.967, std= 0.041, min= 0.858, max= 1.000
[17:22:38] 
======================================================================
[17:22:38] Episode 96/200
[17:22:38] ======================================================================
[17:22:38] 总奖励: 28105.81 | 步数: 24
[17:22:38] 最近10个episodes平均: 29074.22
[17:22:38] 各Agent奖励:
[17:22:38]   wind      : 11136.860
[17:22:38]   solar     : 2984.921
[17:22:38]   diesel    : 14169.540
[17:22:38]   battery   :    8.516
[17:22:38]   customer  : -194.027
[17:22:38] Buffer大小:  2424
[17:22:38] 噪声水平: 0.0904
[17:22:38] 
动作统计:
[17:22:38]   wind      : mean= 0.979, std= 0.035, min= 0.889, max= 1.000
[17:22:38]   solar     : mean= 0.951, std= 0.058, min= 0.812, max= 1.000
[17:22:38]   diesel    : mean= 0.961, std= 0.053, min= 0.811, max= 1.000
[17:22:38]   battery   : mean= 0.567, std= 0.396, min=-0.094, max= 1.000
[17:22:38]   customer  : mean= 0.956, std= 0.063, min= 0.770, max= 1.000
[17:22:38] 
======================================================================
[17:22:38] Episode 97/200
[17:22:38] ======================================================================
[17:22:38] 总奖励: 26970.01 | 步数: 24
[17:22:38] 最近10个episodes平均: 28738.97
[17:22:38] 各Agent奖励:
[17:22:38]   wind      : 11358.164
[17:22:38]   solar     : 2953.203
[17:22:38]   diesel    : 12846.720
[17:22:38]   battery   :    6.181
[17:22:38]   customer  : -194.262
[17:22:38] Buffer大小:  2448
[17:22:38] 噪声水平: 0.0903
[17:22:38] 
动作统计:
[17:22:38]   wind      : mean= 0.978, std= 0.046, min= 0.830, max= 1.000
[17:22:38]   solar     : mean= 0.953, std= 0.060, min= 0.794, max= 1.000
[17:22:38]   diesel    : mean= 0.965, std= 0.052, min= 0.787, max= 1.000
[17:22:38]   battery   : mean= 0.588, std= 0.387, min=-0.211, max= 1.000
[17:22:38]   customer  : mean= 0.970, std= 0.053, min= 0.825, max= 1.000
[17:22:39] 
======================================================================
[17:22:39] Episode 98/200
[17:22:39] ======================================================================
[17:22:39] 总奖励: 29305.34 | 步数: 24
[17:22:39] 最近10个episodes平均: 28051.98
[17:22:39] 各Agent奖励:
[17:22:39]   wind      : 11371.560
[17:22:39]   solar     : 3829.697
[17:22:39]   diesel    : 14290.004
[17:22:39]   battery   :    7.273
[17:22:39]   customer  : -193.193
[17:22:39] Buffer大小:  2472
[17:22:39] 噪声水平: 0.0902
[17:22:39] 
动作统计:
[17:22:39]   wind      : mean= 0.970, std= 0.050, min= 0.797, max= 1.000
[17:22:39]   solar     : mean= 0.974, std= 0.046, min= 0.800, max= 1.000
[17:22:39]   diesel    : mean= 0.959, std= 0.049, min= 0.824, max= 1.000
[17:22:39]   battery   : mean= 0.546, std= 0.408, min=-0.249, max= 1.000
[17:22:39]   customer  : mean= 0.967, std= 0.047, min= 0.840, max= 1.000
[17:22:39] 
======================================================================
[17:22:39] Episode 99/200
[17:22:39] ======================================================================
[17:22:39] 总奖励: 30475.69 | 步数: 24
[17:22:39] 最近10个episodes平均: 28691.50
[17:22:39] 各Agent奖励:
[17:22:39]   wind      : 13842.401
[17:22:39]   solar     : 3086.100
[17:22:39]   diesel    : 13726.009
[17:22:39]   battery   :    9.297
[17:22:39]   customer  : -188.113
[17:22:39] Buffer大小:  2496
[17:22:39] 噪声水平: 0.0901
[17:22:39] 
动作统计:
[17:22:39]   wind      : mean= 0.984, std= 0.029, min= 0.899, max= 1.000
[17:22:39]   solar     : mean= 0.953, std= 0.059, min= 0.796, max= 1.000
[17:22:39]   diesel    : mean= 0.960, std= 0.054, min= 0.833, max= 1.000
[17:22:39]   battery   : mean= 0.559, std= 0.399, min=-0.164, max= 1.000
[17:22:39]   customer  : mean= 0.960, std= 0.056, min= 0.787, max= 1.000
[17:22:39] 
======================================================================
[17:22:39] Episode 100/200
[17:22:39] ======================================================================
[17:22:39] 总奖励: 37048.02 | 步数: 24
[17:22:39] 最近10个episodes平均: 29212.30
[17:22:39] 各Agent奖励:
[17:22:39]   wind      : 16359.463
[17:22:39]   solar     : 3854.696
[17:22:39]   diesel    : 17015.989
[17:22:39]   battery   :   10.235
[17:22:39]   customer  : -192.361
[17:22:39] Buffer大小:  2520
[17:22:39] 噪声水平: 0.0900
[17:22:39] 
动作统计:
[17:22:39]   wind      : mean= 0.948, std= 0.077, min= 0.671, max= 1.000
[17:22:39]   solar     : mean= 0.949, std= 0.066, min= 0.737, max= 1.000
[17:22:39]   diesel    : mean= 0.962, std= 0.059, min= 0.781, max= 1.000
[17:22:39]   battery   : mean= 0.584, std= 0.403, min=-0.173, max= 1.000
[17:22:39]   customer  : mean= 0.943, std= 0.069, min= 0.757, max= 1.000
[17:22:39] 
📊 生成可视化图表...
[17:22:40]   ✓ 训练曲线: debug_plots/training_ep0100.png
[17:22:40]   ✓ Agent分析: debug_plots/agents_ep0100.png
[17:22:40] 💾 保存检查点: debug_checkpoints/debug_maddpg_20251203_172213_ep0100.pt
[17:22:40] 
======================================================================
[17:22:40] Episode 101/200
[17:22:40] ======================================================================
[17:22:40] 总奖励: 33089.34 | 步数: 24
[17:22:40] 最近10个episodes平均: 28896.18
[17:22:40] 各Agent奖励:
[17:22:40]   wind      : 11706.965
[17:22:40]   solar     : 3816.808
[17:22:40]   diesel    : 17745.301
[17:22:40]   battery   :    7.604
[17:22:40]   customer  : -187.338
[17:22:40] Buffer大小:  2544
[17:22:40] 噪声水平: 0.0899
[17:22:40] 
动作统计:
[17:22:40]   wind      : mean= 0.963, std= 0.045, min= 0.850, max= 1.000
[17:22:40]   solar     : mean= 0.959, std= 0.060, min= 0.767, max= 1.000
[17:22:40]   diesel    : mean= 0.968, std= 0.045, min= 0.825, max= 1.000
[17:22:40]   battery   : mean= 0.599, std= 0.377, min=-0.190, max= 1.000
[17:22:40]   customer  : mean= 0.969, std= 0.042, min= 0.878, max= 1.000
[17:22:40] 
======================================================================
[17:22:40] Episode 102/200
[17:22:40] ======================================================================
[17:22:40] 总奖励: 28452.52 | 步数: 24
[17:22:40] 最近10个episodes平均: 28999.71
[17:22:40] 各Agent奖励:
[17:22:40]   wind      : 11262.472
[17:22:40]   solar     : 3070.651
[17:22:40]   diesel    : 14313.547
[17:22:40]   battery   :    5.183
[17:22:40]   customer  : -199.337
[17:22:40] Buffer大小:  2568
[17:22:40] 噪声水平: 0.0898
[17:22:40] 
动作统计:
[17:22:40]   wind      : mean= 0.975, std= 0.035, min= 0.891, max= 1.000
[17:22:40]   solar     : mean= 0.959, std= 0.052, min= 0.833, max= 1.000
[17:22:40]   diesel    : mean= 0.973, std= 0.039, min= 0.849, max= 1.000
[17:22:40]   battery   : mean= 0.591, std= 0.397, min=-0.277, max= 1.000
[17:22:40]   customer  : mean= 0.966, std= 0.054, min= 0.804, max= 1.000
[17:22:40] 
======================================================================
[17:22:40] Episode 103/200
[17:22:40] ======================================================================
[17:22:40] 总奖励: 35478.98 | 步数: 24
[17:22:40] 最近10个episodes平均: 29876.33
[17:22:40] 各Agent奖励:
[17:22:40]   wind      : 13684.932
[17:22:40]   solar     : 4235.989
[17:22:40]   diesel    : 17745.199
[17:22:40]   battery   :   10.021
[17:22:40]   customer  : -197.161
[17:22:40] Buffer大小:  2592
[17:22:40] 噪声水平: 0.0898
[17:22:40] 
动作统计:
[17:22:40]   wind      : mean= 0.969, std= 0.053, min= 0.812, max= 1.000
[17:22:40]   solar     : mean= 0.957, std= 0.064, min= 0.777, max= 1.000
[17:22:40]   diesel    : mean= 0.959, std= 0.063, min= 0.771, max= 1.000
[17:22:40]   battery   : mean= 0.609, std= 0.388, min=-0.198, max= 1.000
[17:22:40]   customer  : mean= 0.969, std= 0.044, min= 0.829, max= 1.000
[17:22:41] 
======================================================================
[17:22:41] Episode 104/200
[17:22:41] ======================================================================
[17:22:41] 总奖励: 29974.49 | 步数: 24
[17:22:41] 最近10个episodes平均: 30398.86
[17:22:41] 各Agent奖励:
[17:22:41]   wind      : 13267.669
[17:22:41]   solar     : 2942.277
[17:22:41]   diesel    : 13947.875
[17:22:41]   battery   :    6.692
[17:22:41]   customer  : -190.028
[17:22:41] Buffer大小:  2616
[17:22:41] 噪声水平: 0.0897
[17:22:41] 
动作统计:
[17:22:41]   wind      : mean= 0.949, std= 0.044, min= 0.858, max= 1.000
[17:22:41]   solar     : mean= 0.958, std= 0.062, min= 0.764, max= 1.000
[17:22:41]   diesel    : mean= 0.978, std= 0.034, min= 0.857, max= 1.000
[17:22:41]   battery   : mean= 0.621, std= 0.350, min= 0.064, max= 1.000
[17:22:41]   customer  : mean= 0.980, std= 0.038, min= 0.861, max= 1.000
[17:22:41] 
======================================================================
[17:22:41] Episode 105/200
[17:22:41] ======================================================================
[17:22:41] 总奖励: 37515.07 | 步数: 24
[17:22:41] 最近10个episodes平均: 31641.53
[17:22:41] 各Agent奖励:
[17:22:41]   wind      : 16447.268
[17:22:41]   solar     : 3438.016
[17:22:41]   diesel    : 17815.225
[17:22:41]   battery   :    8.307
[17:22:41]   customer  : -193.751
[17:22:41] Buffer大小:  2640
[17:22:41] 噪声水平: 0.0896
[17:22:41] 
动作统计:
[17:22:41]   wind      : mean= 0.961, std= 0.043, min= 0.858, max= 1.000
[17:22:41]   solar     : mean= 0.971, std= 0.055, min= 0.779, max= 1.000
[17:22:41]   diesel    : mean= 0.961, std= 0.058, min= 0.790, max= 1.000
[17:22:41]   battery   : mean= 0.597, std= 0.381, min=-0.058, max= 1.000
[17:22:41]   customer  : mean= 0.957, std= 0.070, min= 0.732, max= 1.000
[17:22:41] 
======================================================================
[17:22:41] Episode 106/200
[17:22:41] ======================================================================
[17:22:41] 总奖励: 29864.98 | 步数: 24
[17:22:41] 最近10个episodes平均: 31817.44
[17:22:41] 各Agent奖励:
[17:22:41]   wind      : 12185.072
[17:22:41]   solar     : 3207.154
[17:22:41]   diesel    : 14657.731
[17:22:41]   battery   :    7.984
[17:22:41]   customer  : -192.958
[17:22:41] Buffer大小:  2664
[17:22:41] 噪声水平: 0.0895
[17:22:41] 
动作统计:
[17:22:41]   wind      : mean= 0.965, std= 0.055, min= 0.814, max= 1.000
[17:22:41]   solar     : mean= 0.961, std= 0.048, min= 0.843, max= 1.000
[17:22:41]   diesel    : mean= 0.965, std= 0.056, min= 0.788, max= 1.000
[17:22:41]   battery   : mean= 0.598, std= 0.399, min=-0.266, max= 1.000
[17:22:41]   customer  : mean= 0.969, std= 0.051, min= 0.773, max= 1.000
[17:22:41] 
======================================================================
[17:22:41] Episode 107/200
[17:22:41] ======================================================================
[17:22:41] 总奖励: 34055.50 | 步数: 24
[17:22:41] 最近10个episodes平均: 32525.99
[17:22:41] 各Agent奖励:
[17:22:41]   wind      : 13604.624
[17:22:41]   solar     : 4155.395
[17:22:41]   diesel    : 16481.041
[17:22:41]   battery   :    7.686
[17:22:41]   customer  : -193.250
[17:22:41] Buffer大小:  2688
[17:22:41] 噪声水平: 0.0894
[17:22:41] 
动作统计:
[17:22:41]   wind      : mean= 0.953, std= 0.074, min= 0.750, max= 1.000
[17:22:41]   solar     : mean= 0.962, std= 0.054, min= 0.791, max= 1.000
[17:22:41]   diesel    : mean= 0.961, std= 0.057, min= 0.744, max= 1.000
[17:22:41]   battery   : mean= 0.619, std= 0.376, min=-0.103, max= 1.000
[17:22:41]   customer  : mean= 0.977, std= 0.050, min= 0.799, max= 1.000
[17:22:42] 
======================================================================
[17:22:42] Episode 108/200
[17:22:42] ======================================================================
[17:22:42] 总奖励: 40227.11 | 步数: 24
[17:22:42] 最近10个episodes平均: 33618.17
[17:22:42] 各Agent奖励:
[17:22:42]   wind      : 17201.792
[17:22:42]   solar     : 4810.548
[17:22:42]   diesel    : 18401.263
[17:22:42]   battery   :    7.796
[17:22:42]   customer  : -194.290
[17:22:42] Buffer大小:  2712
[17:22:42] 噪声水平: 0.0893
[17:22:42] 
动作统计:
[17:22:42]   wind      : mean= 0.985, std= 0.028, min= 0.901, max= 1.000
[17:22:42]   solar     : mean= 0.968, std= 0.055, min= 0.789, max= 1.000
[17:22:42]   diesel    : mean= 0.957, std= 0.054, min= 0.817, max= 1.000
[17:22:42]   battery   : mean= 0.610, std= 0.389, min=-0.153, max= 1.000
[17:22:42]   customer  : mean= 0.964, std= 0.043, min= 0.880, max= 1.000
[17:22:42] 
======================================================================
[17:22:42] Episode 109/200
[17:22:42] ======================================================================
[17:22:42] 总奖励: 38136.38 | 步数: 24
[17:22:42] 最近10个episodes平均: 34384.24
[17:22:42] 各Agent奖励:
[17:22:42]   wind      : 14974.991
[17:22:42]   solar     : 5317.572
[17:22:42]   diesel    : 18030.087
[17:22:42]   battery   :    8.543
[17:22:42]   customer  : -194.809
[17:22:42] Buffer大小:  2736
[17:22:42] 噪声水平: 0.0892
[17:22:42] 
动作统计:
[17:22:42]   wind      : mean= 0.963, std= 0.044, min= 0.880, max= 1.000
[17:22:42]   solar     : mean= 0.962, std= 0.048, min= 0.858, max= 1.000
[17:22:42]   diesel    : mean= 0.959, std= 0.052, min= 0.830, max= 1.000
[17:22:42]   battery   : mean= 0.616, std= 0.364, min=-0.193, max= 1.000
[17:22:42]   customer  : mean= 0.965, std= 0.041, min= 0.873, max= 1.000
[17:22:42] 
======================================================================
[17:22:42] Episode 110/200
[17:22:42] ======================================================================
[17:22:42] 总奖励: 36482.38 | 步数: 24
[17:22:42] 最近10个episodes平均: 34327.67
[17:22:42] 各Agent奖励:
[17:22:42]   wind      : 17507.030
[17:22:42]   solar     : 3066.202
[17:22:42]   diesel    : 16096.309
[17:22:42]   battery   :    7.729
[17:22:42]   customer  : -194.887
[17:22:42] Buffer大小:  2760
[17:22:42] 噪声水平: 0.0891
[17:22:42] 
动作统计:
[17:22:42]   wind      : mean= 0.986, std= 0.024, min= 0.922, max= 1.000
[17:22:42]   solar     : mean= 0.959, std= 0.062, min= 0.798, max= 1.000
[17:22:42]   diesel    : mean= 0.966, std= 0.056, min= 0.749, max= 1.000
[17:22:42]   battery   : mean= 0.594, std= 0.381, min=-0.170, max= 1.000
[17:22:42]   customer  : mean= 0.971, std= 0.047, min= 0.843, max= 1.000
[17:22:42] 
📊 生成可视化图表...
[17:22:43]   ✓ 训练曲线: debug_plots/training_ep0110.png
[17:22:43]   ✓ Agent分析: debug_plots/agents_ep0110.png
[17:22:43] 
======================================================================
[17:22:43] Episode 111/200
[17:22:43] ======================================================================
[17:22:43] 总奖励: 35921.93 | 步数: 24
[17:22:43] 最近10个episodes平均: 34610.93
[17:22:43] 各Agent奖励:
[17:22:43]   wind      : 11281.205
[17:22:43]   solar     : 4963.740
[17:22:43]   diesel    : 19862.210
[17:22:43]   battery   :    5.557
[17:22:43]   customer  : -190.786
[17:22:43] Buffer大小:  2784
[17:22:43] 噪声水平: 0.0890
[17:22:43] 
动作统计:
[17:22:43]   wind      : mean= 0.954, std= 0.061, min= 0.798, max= 1.000
[17:22:43]   solar     : mean= 0.969, std= 0.057, min= 0.765, max= 1.000
[17:22:43]   diesel    : mean= 0.968, std= 0.049, min= 0.833, max= 1.000
[17:22:43]   battery   : mean= 0.613, std= 0.366, min=-0.153, max= 1.000
[17:22:43]   customer  : mean= 0.973, std= 0.036, min= 0.864, max= 1.000
[17:22:43] 
======================================================================
[17:22:43] Episode 112/200
[17:22:43] ======================================================================
[17:22:43] 总奖励: 39609.75 | 步数: 24
[17:22:43] 最近10个episodes平均: 35726.66
[17:22:43] 各Agent奖励:
[17:22:43]   wind      : 16790.929
[17:22:43]   solar     : 4187.641
[17:22:43]   diesel    : 18818.766
[17:22:43]   battery   :   10.526
[17:22:43]   customer  : -198.111
[17:22:43] Buffer大小:  2808
[17:22:43] 噪声水平: 0.0890
[17:22:43] 
动作统计:
[17:22:43]   wind      : mean= 0.974, std= 0.039, min= 0.852, max= 1.000
[17:22:43]   solar     : mean= 0.984, std= 0.031, min= 0.874, max= 1.000
[17:22:43]   diesel    : mean= 0.959, std= 0.050, min= 0.800, max= 1.000
[17:22:43]   battery   : mean= 0.605, std= 0.372, min=-0.235, max= 1.000
[17:22:43]   customer  : mean= 0.962, std= 0.049, min= 0.859, max= 1.000
[17:22:43] 
======================================================================
[17:22:43] Episode 113/200
[17:22:43] ======================================================================
[17:22:43] 总奖励: 44707.67 | 步数: 24
[17:22:43] 最近10个episodes平均: 36649.53
[17:22:43] 各Agent奖励:
[17:22:43]   wind      : 17414.148
[17:22:43]   solar     : 5909.210
[17:22:43]   diesel    : 21565.398
[17:22:43]   battery   :   11.264
[17:22:43]   customer  : -192.355
[17:22:43] Buffer大小:  2832
[17:22:43] 噪声水平: 0.0889
[17:22:43] 
动作统计:
[17:22:43]   wind      : mean= 0.961, std= 0.046, min= 0.846, max= 1.000
[17:22:43]   solar     : mean= 0.961, std= 0.062, min= 0.757, max= 1.000
[17:22:43]   diesel    : mean= 0.970, std= 0.050, min= 0.800, max= 1.000
[17:22:43]   battery   : mean= 0.616, std= 0.361, min=-0.024, max= 1.000
[17:22:43]   customer  : mean= 0.961, std= 0.048, min= 0.852, max= 1.000
[17:22:43] 
======================================================================
[17:22:43] Episode 114/200
[17:22:43] ======================================================================
[17:22:43] 总奖励: 38014.59 | 步数: 24
[17:22:43] 最近10个episodes平均: 37453.54
[17:22:43] 各Agent奖励:
[17:22:43]   wind      : 17755.715
[17:22:43]   solar     : 3575.376
[17:22:43]   diesel    : 16867.630
[17:22:43]   battery   :    8.549
[17:22:43]   customer  : -192.683
[17:22:43] Buffer大小:  2856
[17:22:43] 噪声水平: 0.0888
[17:22:43] 
动作统计:
[17:22:43]   wind      : mean= 0.964, std= 0.058, min= 0.795, max= 1.000
[17:22:43]   solar     : mean= 0.960, std= 0.046, min= 0.852, max= 1.000
[17:22:43]   diesel    : mean= 0.974, std= 0.040, min= 0.860, max= 1.000
[17:22:43]   battery   : mean= 0.616, std= 0.375, min=-0.210, max= 1.000
[17:22:43]   customer  : mean= 0.963, std= 0.056, min= 0.791, max= 1.000
[17:22:43] 
======================================================================
[17:22:43] Episode 115/200
[17:22:43] ======================================================================
[17:22:43] 总奖励: 31946.82 | 步数: 24
[17:22:43] 最近10个episodes平均: 36896.71
[17:22:43] 各Agent奖励:
[17:22:43]   wind      : 11156.963
[17:22:43]   solar     : 3696.348
[17:22:43]   diesel    : 17281.695
[17:22:43]   battery   :    7.259
[17:22:43]   customer  : -195.442
[17:22:43] Buffer大小:  2880
[17:22:43] 噪声水平: 0.0887
[17:22:43] 
动作统计:
[17:22:43]   wind      : mean= 0.973, std= 0.039, min= 0.858, max= 1.000
[17:22:43]   solar     : mean= 0.964, std= 0.044, min= 0.836, max= 1.000
[17:22:43]   diesel    : mean= 0.970, std= 0.047, min= 0.835, max= 1.000
[17:22:43]   battery   : mean= 0.630, std= 0.369, min=-0.127, max= 1.000
[17:22:43]   customer  : mean= 0.966, std= 0.039, min= 0.875, max= 1.000
[17:22:44] 
======================================================================
[17:22:44] Episode 116/200
[17:22:44] ======================================================================
[17:22:44] 总奖励: 40887.37 | 步数: 24
[17:22:44] 最近10个episodes平均: 37998.95
[17:22:44] 各Agent奖励:
[17:22:44]   wind      : 17187.860
[17:22:44]   solar     : 4755.899
[17:22:44]   diesel    : 19127.516
[17:22:44]   battery   :    9.417
[17:22:44]   customer  : -193.322
[17:22:44] Buffer大小:  2904
[17:22:44] 噪声水平: 0.0886
[17:22:44] 
动作统计:
[17:22:44]   wind      : mean= 0.970, std= 0.050, min= 0.806, max= 1.000
[17:22:44]   solar     : mean= 0.974, std= 0.041, min= 0.829, max= 1.000
[17:22:44]   diesel    : mean= 0.960, std= 0.057, min= 0.802, max= 1.000
[17:22:44]   battery   : mean= 0.624, std= 0.382, min=-0.026, max= 1.000
[17:22:44]   customer  : mean= 0.958, std= 0.053, min= 0.821, max= 1.000
[17:22:44] 
======================================================================
[17:22:44] Episode 117/200
[17:22:44] ======================================================================
[17:22:44] 总奖励: 34888.18 | 步数: 24
[17:22:44] 最近10个episodes平均: 38082.22
[17:22:44] 各Agent奖励:
[17:22:44]   wind      : 15367.471
[17:22:44]   solar     : 3541.436
[17:22:44]   diesel    : 16167.070
[17:22:44]   battery   :    6.772
[17:22:44]   customer  : -194.572
[17:22:44] Buffer大小:  2928
[17:22:44] 噪声水平: 0.0885
[17:22:44] 
动作统计:
[17:22:44]   wind      : mean= 0.960, std= 0.055, min= 0.838, max= 1.000
[17:22:44]   solar     : mean= 0.970, std= 0.034, min= 0.908, max= 1.000
[17:22:44]   diesel    : mean= 0.953, std= 0.060, min= 0.761, max= 1.000
[17:22:44]   battery   : mean= 0.617, std= 0.367, min=-0.030, max= 1.000
[17:22:44]   customer  : mean= 0.977, std= 0.034, min= 0.886, max= 1.000
[17:22:44] 
======================================================================
[17:22:44] Episode 118/200
[17:22:44] ======================================================================
[17:22:44] 总奖励: 36223.95 | 步数: 24
[17:22:44] 最近10个episodes平均: 37681.90
[17:22:44] 各Agent奖励:
[17:22:44]   wind      : 14851.780
[17:22:44]   solar     : 3893.257
[17:22:44]   diesel    : 17663.778
[17:22:44]   battery   :    5.002
[17:22:44]   customer  : -189.867
[17:22:44] Buffer大小:  2952
[17:22:44] 噪声水平: 0.0884
[17:22:44] 
动作统计:
[17:22:44]   wind      : mean= 0.975, std= 0.038, min= 0.873, max= 1.000
[17:22:44]   solar     : mean= 0.977, std= 0.037, min= 0.852, max= 1.000
[17:22:44]   diesel    : mean= 0.964, std= 0.054, min= 0.775, max= 1.000
[17:22:44]   battery   : mean= 0.613, std= 0.382, min=-0.092, max= 1.000
[17:22:44]   customer  : mean= 0.975, std= 0.040, min= 0.828, max= 1.000
[17:22:44] 
======================================================================
[17:22:44] Episode 119/200
[17:22:44] ======================================================================
[17:22:44] 总奖励: 39711.87 | 步数: 24
[17:22:44] 最近10个episodes平均: 37839.45
[17:22:44] 各Agent奖励:
[17:22:44]   wind      : 17021.975
[17:22:44]   solar     : 4512.593
[17:22:44]   diesel    : 18371.500
[17:22:44]   battery   :    3.841
[17:22:44]   customer  : -198.043
[17:22:44] Buffer大小:  2976
[17:22:44] 噪声水平: 0.0883
[17:22:44] 
动作统计:
[17:22:44]   wind      : mean= 0.960, std= 0.069, min= 0.705, max= 1.000
[17:22:44]   solar     : mean= 0.953, std= 0.068, min= 0.799, max= 1.000
[17:22:44]   diesel    : mean= 0.975, std= 0.036, min= 0.878, max= 1.000
[17:22:44]   battery   : mean= 0.637, std= 0.363, min=-0.206, max= 1.000
[17:22:44]   customer  : mean= 0.984, std= 0.027, min= 0.916, max= 1.000
[17:22:44] 
======================================================================
[17:22:44] Episode 120/200
[17:22:44] ======================================================================
[17:22:44] 总奖励: 59636.35 | 步数: 24
[17:22:44] 最近10个episodes平均: 40154.85
[17:22:44] 各Agent奖励:
[17:22:44]   wind      : 25193.499
[17:22:44]   solar     : 7875.146
[17:22:44]   diesel    : 26753.643
[17:22:44]   battery   :   14.646
[17:22:44]   customer  : -200.581
[17:22:44] Buffer大小:  3000
[17:22:44] 噪声水平: 0.0882
[17:22:44] 
动作统计:
[17:22:44]   wind      : mean= 0.972, std= 0.059, min= 0.746, max= 1.000
[17:22:44]   solar     : mean= 0.964, std= 0.056, min= 0.791, max= 1.000
[17:22:44]   diesel    : mean= 0.948, std= 0.070, min= 0.738, max= 1.000
[17:22:44]   battery   : mean= 0.638, std= 0.363, min=-0.014, max= 1.000
[17:22:44]   customer  : mean= 0.937, std= 0.073, min= 0.747, max= 1.000
[17:22:44] 
📊 生成可视化图表...
[17:22:45]   ✓ 训练曲线: debug_plots/training_ep0120.png
[17:22:45]   ✓ Agent分析: debug_plots/agents_ep0120.png
[17:22:45] 
======================================================================
[17:22:45] Episode 121/200
[17:22:45] ======================================================================
[17:22:45] 总奖励: 37700.67 | 步数: 24
[17:22:45] 最近10个episodes平均: 40332.72
[17:22:45] 各Agent奖励:
[17:22:45]   wind      : 17490.618
[17:22:45]   solar     : 3381.190
[17:22:45]   diesel    : 17008.984
[17:22:45]   battery   :    8.426
[17:22:45]   customer  : -188.545
[17:22:45] Buffer大小:  3024
[17:22:45] 噪声水平: 0.0882
[17:22:45] 
动作统计:
[17:22:45]   wind      : mean= 0.961, std= 0.045, min= 0.851, max= 1.000
[17:22:45]   solar     : mean= 0.964, std= 0.047, min= 0.845, max= 1.000
[17:22:45]   diesel    : mean= 0.962, std= 0.052, min= 0.767, max= 1.000
[17:22:45]   battery   : mean= 0.623, std= 0.377, min=-0.294, max= 1.000
[17:22:45]   customer  : mean= 0.969, std= 0.051, min= 0.789, max= 1.000
[17:22:45] 
======================================================================
[17:22:45] Episode 122/200
[17:22:45] ======================================================================
[17:22:45] 总奖励: 34108.21 | 步数: 24
[17:22:45] 最近10个episodes平均: 39782.57
[17:22:45] 各Agent奖励:
[17:22:45]   wind      : 12825.762
[17:22:45]   solar     : 3989.723
[17:22:45]   diesel    : 17473.659
[17:22:45]   battery   :    8.433
[17:22:45]   customer  : -189.367
[17:22:45] Buffer大小:  3048
[17:22:45] 噪声水平: 0.0881
[17:22:45] 
动作统计:
[17:22:45]   wind      : mean= 0.964, std= 0.044, min= 0.867, max= 1.000
[17:22:45]   solar     : mean= 0.972, std= 0.040, min= 0.867, max= 1.000
[17:22:45]   diesel    : mean= 0.964, std= 0.054, min= 0.790, max= 1.000
[17:22:45]   battery   : mean= 0.604, std= 0.380, min=-0.093, max= 1.000
[17:22:45]   customer  : mean= 0.961, std= 0.050, min= 0.829, max= 1.000
[17:22:45] 
======================================================================
[17:22:45] Episode 123/200
[17:22:45] ======================================================================
[17:22:45] 总奖励: 36649.25 | 步数: 24
[17:22:45] 最近10个episodes平均: 38976.73
[17:22:45] 各Agent奖励:
[17:22:45]   wind      : 12735.140
[17:22:45]   solar     : 4381.402
[17:22:45]   diesel    : 19718.380
[17:22:45]   battery   :   10.271
[17:22:45]   customer  : -195.945
[17:22:45] Buffer大小:  3072
[17:22:45] 噪声水平: 0.0880
[17:22:45] 
动作统计:
[17:22:45]   wind      : mean= 0.974, std= 0.040, min= 0.864, max= 1.000
[17:22:45]   solar     : mean= 0.964, std= 0.046, min= 0.866, max= 1.000
[17:22:45]   diesel    : mean= 0.963, std= 0.056, min= 0.823, max= 1.000
[17:22:45]   battery   : mean= 0.619, std= 0.360, min= 0.006, max= 1.000
[17:22:45]   customer  : mean= 0.960, std= 0.043, min= 0.869, max= 1.000
[17:22:46] 
======================================================================
[17:22:46] Episode 124/200
[17:22:46] ======================================================================
[17:22:46] 总奖励: 34117.50 | 步数: 24
[17:22:46] 最近10个episodes平均: 38587.02
[17:22:46] 各Agent奖励:
[17:22:46]   wind      : 14108.652
[17:22:46]   solar     : 3903.080
[17:22:46]   diesel    : 16292.450
[17:22:46]   battery   :    9.157
[17:22:46]   customer  : -195.841
[17:22:46] Buffer大小:  3096
[17:22:46] 噪声水平: 0.0879
[17:22:46] 
动作统计:
[17:22:46]   wind      : mean= 0.969, std= 0.041, min= 0.882, max= 1.000
[17:22:46]   solar     : mean= 0.957, std= 0.061, min= 0.807, max= 1.000
[17:22:46]   diesel    : mean= 0.968, std= 0.055, min= 0.758, max= 1.000
[17:22:46]   battery   : mean= 0.633, std= 0.355, min=-0.205, max= 1.000
[17:22:46]   customer  : mean= 0.960, std= 0.056, min= 0.789, max= 1.000
[17:22:46] 
======================================================================
[17:22:46] Episode 125/200
[17:22:46] ======================================================================
[17:22:46] 总奖励: 43602.19 | 步数: 24
[17:22:46] 最近10个episodes平均: 39752.55
[17:22:46] 各Agent奖励:
[17:22:46]   wind      : 18163.152
[17:22:46]   solar     : 4863.601
[17:22:46]   diesel    : 20754.098
[17:22:46]   battery   :   13.569
[17:22:46]   customer  : -192.232
[17:22:46] Buffer大小:  3120
[17:22:46] 噪声水平: 0.0878
[17:22:46] 
动作统计:
[17:22:46]   wind      : mean= 0.993, std= 0.016, min= 0.942, max= 1.000
[17:22:46]   solar     : mean= 0.972, std= 0.044, min= 0.820, max= 1.000
[17:22:46]   diesel    : mean= 0.966, std= 0.047, min= 0.804, max= 1.000
[17:22:46]   battery   : mean= 0.631, std= 0.364, min=-0.228, max= 1.000
[17:22:46]   customer  : mean= 0.958, std= 0.073, min= 0.670, max= 1.000
[17:22:46] 
======================================================================
[17:22:46] Episode 126/200
[17:22:46] ======================================================================
[17:22:46] 总奖励: 41386.15 | 步数: 24
[17:22:46] 最近10个episodes平均: 39802.43
[17:22:46] 各Agent奖励:
[17:22:46]   wind      : 16715.906
[17:22:46]   solar     : 4830.259
[17:22:46]   diesel    : 20020.271
[17:22:46]   battery   :   14.312
[17:22:46]   customer  : -194.600
[17:22:46] Buffer大小:  3144
[17:22:46] 噪声水平: 0.0877
[17:22:46] 
动作统计:
[17:22:46]   wind      : mean= 0.970, std= 0.059, min= 0.785, max= 1.000
[17:22:46]   solar     : mean= 0.957, std= 0.056, min= 0.831, max= 1.000
[17:22:46]   diesel    : mean= 0.965, std= 0.057, min= 0.718, max= 1.000
[17:22:46]   battery   : mean= 0.609, std= 0.383, min=-0.270, max= 1.000
[17:22:46]   customer  : mean= 0.953, std= 0.061, min= 0.777, max= 1.000
[17:22:46] 
======================================================================
[17:22:46] Episode 127/200
[17:22:46] ======================================================================
[17:22:46] 总奖励: 31782.03 | 步数: 24
[17:22:46] 最近10个episodes平均: 39491.82
[17:22:46] 各Agent奖励:
[17:22:46]   wind      : 12007.096
[17:22:46]   solar     : 4692.540
[17:22:46]   diesel    : 15263.600
[17:22:46]   battery   :    7.720
[17:22:46]   customer  : -188.923
[17:22:46] Buffer大小:  3168
[17:22:46] 噪声水平: 0.0876
[17:22:46] 
动作统计:
[17:22:46]   wind      : mean= 0.977, std= 0.029, min= 0.907, max= 1.000
[17:22:46]   solar     : mean= 0.974, std= 0.036, min= 0.891, max= 1.000
[17:22:46]   diesel    : mean= 0.949, std= 0.059, min= 0.795, max= 1.000
[17:22:46]   battery   : mean= 0.591, std= 0.415, min=-0.270, max= 1.000
[17:22:46]   customer  : mean= 0.972, std= 0.049, min= 0.851, max= 1.000
[17:22:46] 
======================================================================
[17:22:46] Episode 128/200
[17:22:46] ======================================================================
[17:22:46] 总奖励: 31382.69 | 步数: 24
[17:22:46] 最近10个episodes平均: 39007.69
[17:22:46] 各Agent奖励:
[17:22:46]   wind      : 13096.067
[17:22:46]   solar     : 3064.587
[17:22:46]   diesel    : 15403.417
[17:22:46]   battery   :    5.635
[17:22:46]   customer  : -187.014
[17:22:46] Buffer大小:  3192
[17:22:46] 噪声水平: 0.0875
[17:22:46] 
动作统计:
[17:22:46]   wind      : mean= 0.974, std= 0.039, min= 0.878, max= 1.000
[17:22:46]   solar     : mean= 0.950, std= 0.059, min= 0.843, max= 1.000
[17:22:46]   diesel    : mean= 0.969, std= 0.038, min= 0.870, max= 1.000
[17:22:46]   battery   : mean= 0.615, std= 0.389, min=-0.124, max= 1.000
[17:22:46]   customer  : mean= 0.976, std= 0.039, min= 0.870, max= 1.000
[17:22:46] 
======================================================================
[17:22:46] Episode 129/200
[17:22:46] ======================================================================
[17:22:46] 总奖励: 31508.23 | 步数: 24
[17:22:46] 最近10个episodes平均: 38187.33
[17:22:46] 各Agent奖励:
[17:22:46]   wind      : 13046.084
[17:22:46]   solar     : 4016.943
[17:22:46]   diesel    : 14629.776
[17:22:46]   battery   :    4.616
[17:22:46]   customer  : -189.190
[17:22:46] Buffer大小:  3216
[17:22:46] 噪声水平: 0.0875
[17:22:46] 
动作统计:
[17:22:46]   wind      : mean= 0.978, std= 0.036, min= 0.879, max= 1.000
[17:22:46]   solar     : mean= 0.969, std= 0.055, min= 0.807, max= 1.000
[17:22:46]   diesel    : mean= 0.966, std= 0.055, min= 0.717, max= 1.000
[17:22:46]   battery   : mean= 0.644, std= 0.373, min=-0.192, max= 1.000
[17:22:46]   customer  : mean= 0.983, std= 0.029, min= 0.918, max= 1.000
[17:22:47] 
======================================================================
[17:22:47] Episode 130/200
[17:22:47] ======================================================================
[17:22:47] 总奖励: 49639.00 | 步数: 24
[17:22:47] 最近10个episodes平均: 37187.59
[17:22:47] 各Agent奖励:
[17:22:47]   wind      : 20710.811
[17:22:47]   solar     : 6091.005
[17:22:47]   diesel    : 23015.534
[17:22:47]   battery   :   14.618
[17:22:47]   customer  : -192.967
[17:22:47] Buffer大小:  3240
[17:22:47] 噪声水平: 0.0874
[17:22:47] 
动作统计:
[17:22:47]   wind      : mean= 0.959, std= 0.072, min= 0.766, max= 1.000
[17:22:47]   solar     : mean= 0.968, std= 0.047, min= 0.868, max= 1.000
[17:22:47]   diesel    : mean= 0.968, std= 0.055, min= 0.779, max= 1.000
[17:22:47]   battery   : mean= 0.639, std= 0.362, min=-0.191, max= 1.000
[17:22:47]   customer  : mean= 0.945, std= 0.067, min= 0.775, max= 1.000
[17:22:47] 
📊 生成可视化图表...
[17:22:47]   ✓ 训练曲线: debug_plots/training_ep0130.png
[17:22:47]   ✓ Agent分析: debug_plots/agents_ep0130.png
[17:22:47] 
======================================================================
[17:22:47] Episode 131/200
[17:22:47] ======================================================================
[17:22:47] 总奖励: 35342.62 | 步数: 24
[17:22:47] 最近10个episodes平均: 36951.79
[17:22:47] 各Agent奖励:
[17:22:47]   wind      : 14299.863
[17:22:47]   solar     : 3939.587
[17:22:47]   diesel    : 17290.019
[17:22:47]   battery   :    4.656
[17:22:47]   customer  : -191.508
[17:22:47] Buffer大小:  3264
[17:22:47] 噪声水平: 0.0873
[17:22:47] 
动作统计:
[17:22:47]   wind      : mean= 0.966, std= 0.049, min= 0.830, max= 1.000
[17:22:47]   solar     : mean= 0.958, std= 0.055, min= 0.804, max= 1.000
[17:22:47]   diesel    : mean= 0.953, std= 0.053, min= 0.806, max= 1.000
[17:22:47]   battery   : mean= 0.640, std= 0.361, min=-0.123, max= 1.000
[17:22:47]   customer  : mean= 0.973, std= 0.033, min= 0.903, max= 1.000
[17:22:48] 
======================================================================
[17:22:48] Episode 132/200
[17:22:48] ======================================================================
[17:22:48] 总奖励: 46617.34 | 步数: 24
[17:22:48] 最近10个episodes平均: 38202.70
[17:22:48] 各Agent奖励:
[17:22:48]   wind      : 20271.294
[17:22:48]   solar     : 5824.693
[17:22:48]   diesel    : 20704.780
[17:22:48]   battery   :    8.770
[17:22:48]   customer  : -192.201
[17:22:48] Buffer大小:  3288
[17:22:48] 噪声水平: 0.0872
[17:22:48] 
动作统计:
[17:22:48]   wind      : mean= 0.942, std= 0.060, min= 0.810, max= 1.000
[17:22:48]   solar     : mean= 0.958, std= 0.058, min= 0.784, max= 1.000
[17:22:48]   diesel    : mean= 0.966, std= 0.052, min= 0.789, max= 1.000
[17:22:48]   battery   : mean= 0.633, std= 0.358, min=-0.111, max= 1.000
[17:22:48]   customer  : mean= 0.961, std= 0.043, min= 0.849, max= 1.000
[17:22:48] 
======================================================================
[17:22:48] Episode 133/200
[17:22:48] ======================================================================
[17:22:48] 总奖励: 41456.32 | 步数: 24
[17:22:48] 最近10个episodes平均: 38683.41
[17:22:48] 各Agent奖励:
[17:22:48]   wind      : 16092.540
[17:22:48]   solar     : 5824.361
[17:22:48]   diesel    : 19719.073
[17:22:48]   battery   :    9.292
[17:22:48]   customer  : -188.942
[17:22:48] Buffer大小:  3312
[17:22:48] 噪声水平: 0.0871
[17:22:48] 
动作统计:
[17:22:48]   wind      : mean= 0.954, std= 0.055, min= 0.812, max= 1.000
[17:22:48]   solar     : mean= 0.973, std= 0.045, min= 0.801, max= 1.000
[17:22:48]   diesel    : mean= 0.976, std= 0.036, min= 0.876, max= 1.000
[17:22:48]   battery   : mean= 0.642, std= 0.346, min=-0.013, max= 1.000
[17:22:48]   customer  : mean= 0.967, std= 0.045, min= 0.839, max= 1.000
[17:22:48] 
======================================================================
[17:22:48] Episode 134/200
[17:22:48] ======================================================================
[17:22:48] 总奖励: 51161.14 | 步数: 24
[17:22:48] 最近10个episodes平均: 40387.77
[17:22:48] 各Agent奖励:
[17:22:48]   wind      : 21599.526
[17:22:48]   solar     : 6128.977
[17:22:48]   diesel    : 23609.710
[17:22:48]   battery   :   16.885
[17:22:48]   customer  : -193.958
[17:22:48] Buffer大小:  3336
[17:22:48] 噪声水平: 0.0870
[17:22:48] 
动作统计:
[17:22:48]   wind      : mean= 0.957, std= 0.050, min= 0.857, max= 1.000
[17:22:48]   solar     : mean= 0.980, std= 0.034, min= 0.872, max= 1.000
[17:22:48]   diesel    : mean= 0.970, std= 0.045, min= 0.808, max= 1.000
[17:22:48]   battery   : mean= 0.661, std= 0.348, min=-0.021, max= 1.000
[17:22:48]   customer  : mean= 0.945, std= 0.062, min= 0.821, max= 1.000
[17:22:48] 
======================================================================
[17:22:48] Episode 135/200
[17:22:48] ======================================================================
[17:22:48] 总奖励: 41734.52 | 步数: 24
[17:22:48] 最近10个episodes平均: 40201.00
[17:22:48] 各Agent奖励:
[17:22:48]   wind      : 17157.371
[17:22:48]   solar     : 4085.345
[17:22:48]   diesel    : 20674.565
[17:22:48]   battery   :   12.310
[17:22:48]   customer  : -195.071
[17:22:48] Buffer大小:  3360
[17:22:48] 噪声水平: 0.0869
[17:22:48] 
动作统计:
[17:22:48]   wind      : mean= 0.960, std= 0.044, min= 0.865, max= 1.000
[17:22:48]   solar     : mean= 0.965, std= 0.048, min= 0.848, max= 1.000
[17:22:48]   diesel    : mean= 0.971, std= 0.048, min= 0.805, max= 1.000
[17:22:48]   battery   : mean= 0.640, std= 0.368, min=-0.252, max= 1.000
[17:22:48]   customer  : mean= 0.932, std= 0.056, min= 0.840, max= 1.000
[17:22:48] 
======================================================================
[17:22:48] Episode 136/200
[17:22:48] ======================================================================
[17:22:48] 总奖励: 56145.97 | 步数: 24
[17:22:48] 最近10个episodes平均: 41676.99
[17:22:48] 各Agent奖励:
[17:22:48]   wind      : 22900.400
[17:22:48]   solar     : 5104.739
[17:22:48]   diesel    : 28320.220
[17:22:48]   battery   :   10.271
[17:22:48]   customer  : -189.654
[17:22:48] Buffer大小:  3384
[17:22:48] 噪声水平: 0.0868
[17:22:48] 
动作统计:
[17:22:48]   wind      : mean= 0.952, std= 0.063, min= 0.792, max= 1.000
[17:22:48]   solar     : mean= 0.964, std= 0.053, min= 0.829, max= 1.000
[17:22:48]   diesel    : mean= 0.972, std= 0.044, min= 0.798, max= 1.000
[17:22:48]   battery   : mean= 0.698, std= 0.329, min=-0.146, max= 1.000
[17:22:48]   customer  : mean= 0.923, std= 0.072, min= 0.736, max= 1.000
[17:22:48] 
======================================================================
[17:22:48] Episode 137/200
[17:22:48] ======================================================================
[17:22:48] 总奖励: 76307.22 | 步数: 24
[17:22:48] 最近10个episodes平均: 46129.51
[17:22:48] 各Agent奖励:
[17:22:48]   wind      : 34523.950
[17:22:48]   solar     : 8863.797
[17:22:48]   diesel    : 33112.992
[17:22:48]   battery   :    3.954
[17:22:48]   customer  : -197.472
[17:22:48] Buffer大小:  3408
[17:22:48] 噪声水平: 0.0868
[17:22:48] 
动作统计:
[17:22:48]   wind      : mean= 0.960, std= 0.054, min= 0.830, max= 1.000
[17:22:48]   solar     : mean= 0.965, std= 0.053, min= 0.832, max= 1.000
[17:22:48]   diesel    : mean= 0.962, std= 0.044, min= 0.848, max= 1.000
[17:22:48]   battery   : mean= 0.681, std= 0.336, min=-0.165, max= 1.000
[17:22:48]   customer  : mean= 0.894, std= 0.130, min= 0.557, max= 1.000
[17:22:49] 
======================================================================
[17:22:49] Episode 138/200
[17:22:49] ======================================================================
[17:22:49] 总奖励: 63189.22 | 步数: 24
[17:22:49] 最近10个episodes平均: 49310.16
[17:22:49] 各Agent奖励:
[17:22:49]   wind      : 27348.507
[17:22:49]   solar     : 6989.932
[17:22:49]   diesel    : 29040.540
[17:22:49]   battery   :   10.267
[17:22:49]   customer  : -200.023
[17:22:49] Buffer大小:  3432
[17:22:49] 噪声水平: 0.0867
[17:22:49] 
动作统计:
[17:22:49]   wind      : mean= 0.955, std= 0.048, min= 0.825, max= 1.000
[17:22:49]   solar     : mean= 0.977, std= 0.044, min= 0.805, max= 1.000
[17:22:49]   diesel    : mean= 0.966, std= 0.053, min= 0.837, max= 1.000
[17:22:49]   battery   : mean= 0.680, std= 0.359, min=-0.393, max= 1.000
[17:22:49]   customer  : mean= 0.861, std= 0.175, min= 0.367, max= 1.000
[17:22:49] 
======================================================================
[17:22:49] Episode 139/200
[17:22:49] ======================================================================
[17:22:49] 总奖励: 57390.18 | 步数: 24
[17:22:49] 最近10个episodes平均: 51898.35
[17:22:49] 各Agent奖励:
[17:22:49]   wind      : 25184.005
[17:22:49]   solar     : 5721.386
[17:22:49]   diesel    : 26669.573
[17:22:49]   battery   :   14.705
[17:22:49]   customer  : -199.489
[17:22:49] Buffer大小:  3456
[17:22:49] 噪声水平: 0.0866
[17:22:49] 
动作统计:
[17:22:49]   wind      : mean= 0.959, std= 0.049, min= 0.821, max= 1.000
[17:22:49]   solar     : mean= 0.970, std= 0.043, min= 0.860, max= 1.000
[17:22:49]   diesel    : mean= 0.960, std= 0.050, min= 0.822, max= 1.000
[17:22:49]   battery   : mean= 0.691, std= 0.372, min=-0.528, max= 1.000
[17:22:49]   customer  : mean= 0.853, std= 0.233, min= 0.262, max= 1.000
[17:22:49] 
======================================================================
[17:22:49] Episode 140/200
[17:22:49] ======================================================================
[17:22:49] 总奖励: 75723.64 | 步数: 24
[17:22:49] 最近10个episodes平均: 54506.82
[17:22:49] 各Agent奖励:
[17:22:49]   wind      : 32506.062
[17:22:49]   solar     : 8922.516
[17:22:49]   diesel    : 34484.458
[17:22:49]   battery   :   13.572
[17:22:49]   customer  : -202.972
[17:22:49] Buffer大小:  3480
[17:22:49] 噪声水平: 0.0865
[17:22:49] 
动作统计:
[17:22:49]   wind      : mean= 0.968, std= 0.050, min= 0.847, max= 1.000
[17:22:49]   solar     : mean= 0.980, std= 0.028, min= 0.918, max= 1.000
[17:22:49]   diesel    : mean= 0.963, std= 0.047, min= 0.811, max= 1.000
[17:22:49]   battery   : mean= 0.637, std= 0.404, min=-0.610, max= 1.000
[17:22:49]   customer  : mean= 0.772, std= 0.328, min=-0.037, max= 1.000
[17:22:49] 
📊 生成可视化图表...
[17:22:50]   ✓ 训练曲线: debug_plots/training_ep0140.png
[17:22:50]   ✓ Agent分析: debug_plots/agents_ep0140.png
[17:22:50] 
======================================================================
[17:22:50] Episode 141/200
[17:22:50] ======================================================================
[17:22:50] 总奖励: 58952.40 | 步数: 24
[17:22:50] 最近10个episodes平均: 56867.80
[17:22:50] 各Agent奖励:
[17:22:50]   wind      : 22533.594
[17:22:50]   solar     : 7322.803
[17:22:50]   diesel    : 29294.074
[17:22:50]   battery   :   14.817
[17:22:50]   customer  : -212.885
[17:22:50] Buffer大小:  3504
[17:22:50] 噪声水平: 0.0864
[17:22:50] 
动作统计:
[17:22:50]   wind      : mean= 0.969, std= 0.045, min= 0.849, max= 1.000
[17:22:50]   solar     : mean= 0.956, std= 0.052, min= 0.825, max= 1.000
[17:22:50]   diesel    : mean= 0.956, std= 0.054, min= 0.795, max= 1.000
[17:22:50]   battery   : mean= 0.648, std= 0.412, min=-0.625, max= 1.000
[17:22:50]   customer  : mean= 0.739, std= 0.413, min=-0.334, max= 1.000
[17:22:50] 
======================================================================
[17:22:50] Episode 142/200
[17:22:50] ======================================================================
[17:22:50] 总奖励: 61350.56 | 步数: 24
[17:22:50] 最近10个episodes平均: 58341.12
[17:22:50] 各Agent奖励:
[17:22:50]   wind      : 27518.442
[17:22:50]   solar     : 5980.069
[17:22:50]   diesel    : 28034.597
[17:22:50]   battery   :   14.189
[17:22:50]   customer  : -196.736
[17:22:50] Buffer大小:  3528
[17:22:50] 噪声水平: 0.0863
[17:22:50] 
动作统计:
[17:22:50]   wind      : mean= 0.960, std= 0.046, min= 0.862, max= 1.000
[17:22:50]   solar     : mean= 0.952, std= 0.053, min= 0.821, max= 1.000
[17:22:50]   diesel    : mean= 0.961, std= 0.053, min= 0.755, max= 1.000
[17:22:50]   battery   : mean= 0.648, std= 0.413, min=-0.576, max= 1.000
[17:22:50]   customer  : mean= 0.733, std= 0.418, min=-0.373, max= 1.000
[17:22:51] 
======================================================================
[17:22:51] Episode 143/200
[17:22:51] ======================================================================
[17:22:51] 总奖励: 62768.71 | 步数: 24
[17:22:51] 最近10个episodes平均: 60472.36
[17:22:51] 各Agent奖励:
[17:22:51]   wind      : 27910.813
[17:22:51]   solar     : 5542.426
[17:22:51]   diesel    : 29506.248
[17:22:51]   battery   :   14.180
[17:22:51]   customer  : -204.962
[17:22:51] Buffer大小:  3552
[17:22:51] 噪声水平: 0.0862
[17:22:51] 
动作统计:
[17:22:51]   wind      : mean= 0.969, std= 0.057, min= 0.792, max= 1.000
[17:22:51]   solar     : mean= 0.955, std= 0.071, min= 0.717, max= 1.000
[17:22:51]   diesel    : mean= 0.973, std= 0.041, min= 0.851, max= 1.000
[17:22:51]   battery   : mean= 0.652, std= 0.381, min=-0.445, max= 1.000
[17:22:51]   customer  : mean= 0.751, std= 0.435, min=-0.451, max= 1.000
[17:22:51] 
======================================================================
[17:22:51] Episode 144/200
[17:22:51] ======================================================================
[17:22:51] 总奖励: 76781.51 | 步数: 24
[17:22:51] 最近10个episodes平均: 63034.39
[17:22:51] 各Agent奖励:
[17:22:51]   wind      : 28065.917
[17:22:51]   solar     : 9468.984
[17:22:51]   diesel    : 39441.500
[17:22:51]   battery   :   15.039
[17:22:51]   customer  : -209.929
[17:22:51] Buffer大小:  3576
[17:22:51] 噪声水平: 0.0862
[17:22:51] 
动作统计:
[17:22:51]   wind      : mean= 0.969, std= 0.045, min= 0.824, max= 1.000
[17:22:51]   solar     : mean= 0.958, std= 0.055, min= 0.821, max= 1.000
[17:22:51]   diesel    : mean= 0.976, std= 0.045, min= 0.740, max= 1.000
[17:22:51]   battery   : mean= 0.637, std= 0.388, min=-0.471, max= 1.000
[17:22:51]   customer  : mean= 0.757, std= 0.381, min=-0.270, max= 1.000
[17:22:51] 
======================================================================
[17:22:51] Episode 145/200
[17:22:51] ======================================================================
[17:22:51] 总奖励: 60109.36 | 步数: 24
[17:22:51] 最近10个episodes平均: 64871.88
[17:22:51] 各Agent奖励:
[17:22:51]   wind      : 26220.163
[17:22:51]   solar     : 7159.129
[17:22:51]   diesel    : 26917.019
[17:22:51]   battery   :   14.568
[17:22:51]   customer  : -201.514
[17:22:51] Buffer大小:  3600
[17:22:51] 噪声水平: 0.0861
[17:22:51] 
动作统计:
[17:22:51]   wind      : mean= 0.973, std= 0.050, min= 0.796, max= 1.000
[17:22:51]   solar     : mean= 0.975, std= 0.033, min= 0.903, max= 1.000
[17:22:51]   diesel    : mean= 0.952, std= 0.059, min= 0.792, max= 1.000
[17:22:51]   battery   : mean= 0.663, std= 0.369, min=-0.384, max= 1.000
[17:22:51]   customer  : mean= 0.836, std= 0.310, min=-0.062, max= 1.000
[17:22:51] 
======================================================================
[17:22:51] Episode 146/200
[17:22:51] ======================================================================
[17:22:51] 总奖励: 56870.38 | 步数: 24
[17:22:51] 最近10个episodes平均: 64944.32
[17:22:51] 各Agent奖励:
[17:22:51]   wind      : 25046.308
[17:22:51]   solar     : 5775.228
[17:22:51]   diesel    : 26234.231
[17:22:51]   battery   :   13.767
[17:22:51]   customer  : -199.152
[17:22:51] Buffer大小:  3624
[17:22:51] 噪声水平: 0.0860
[17:22:51] 
动作统计:
[17:22:51]   wind      : mean= 0.961, std= 0.048, min= 0.822, max= 1.000
[17:22:51]   solar     : mean= 0.964, std= 0.043, min= 0.862, max= 1.000
[17:22:51]   diesel    : mean= 0.960, std= 0.056, min= 0.790, max= 1.000
[17:22:51]   battery   : mean= 0.646, std= 0.384, min=-0.476, max= 1.000
[17:22:51]   customer  : mean= 0.853, std= 0.276, min=-0.034, max= 1.000
[17:22:52] 
======================================================================
[17:22:52] Episode 147/200
[17:22:52] ======================================================================
[17:22:52] 总奖励: 66498.39 | 步数: 24
[17:22:52] 最近10个episodes平均: 63963.44
[17:22:52] 各Agent奖励:
[17:22:52]   wind      : 31571.822
[17:22:52]   solar     : 7073.547
[17:22:52]   diesel    : 28034.135
[17:22:52]   battery   :    7.700
[17:22:52]   customer  : -188.810
[17:22:52] Buffer大小:  3648
[17:22:52] 噪声水平: 0.0859
[17:22:52] 
动作统计:
[17:22:52]   wind      : mean= 0.977, std= 0.039, min= 0.886, max= 1.000
[17:22:52]   solar     : mean= 0.959, std= 0.059, min= 0.775, max= 1.000
[17:22:52]   diesel    : mean= 0.950, std= 0.054, min= 0.814, max= 1.000
[17:22:52]   battery   : mean= 0.688, std= 0.316, min=-0.089, max= 1.000
[17:22:52]   customer  : mean= 0.897, std= 0.181, min= 0.262, max= 1.000
[17:22:52] 
======================================================================
[17:22:52] Episode 148/200
[17:22:52] ======================================================================
[17:22:52] 总奖励: 42140.41 | 步数: 24
[17:22:52] 最近10个episodes平均: 61858.55
[17:22:52] 各Agent奖励:
[17:22:52]   wind      : 13849.025
[17:22:52]   solar     : 4835.751
[17:22:52]   diesel    : 23646.614
[17:22:52]   battery   :    9.634
[17:22:52]   customer  : -200.611
[17:22:52] Buffer大小:  3672
[17:22:52] 噪声水平: 0.0858
[17:22:52] 
动作统计:
[17:22:52]   wind      : mean= 0.982, std= 0.037, min= 0.860, max= 1.000
[17:22:52]   solar     : mean= 0.958, std= 0.049, min= 0.819, max= 1.000
[17:22:52]   diesel    : mean= 0.967, std= 0.044, min= 0.812, max= 1.000
[17:22:52]   battery   : mean= 0.651, std= 0.355, min=-0.091, max= 1.000
[17:22:52]   customer  : mean= 0.910, std= 0.169, min= 0.281, max= 1.000
[17:22:52] 
======================================================================
[17:22:52] Episode 149/200
[17:22:52] ======================================================================
[17:22:52] 总奖励: 37989.35 | 步数: 24
[17:22:52] 最近10个episodes平均: 59918.47
[17:22:52] 各Agent奖励:
[17:22:52]   wind      : 14424.253
[17:22:52]   solar     : 3780.657
[17:22:52]   diesel    : 19969.600
[17:22:52]   battery   :    8.147
[17:22:52]   customer  : -193.309
[17:22:52] Buffer大小:  3696
[17:22:52] 噪声水平: 0.0857
[17:22:52] 
动作统计:
[17:22:52]   wind      : mean= 0.981, std= 0.034, min= 0.876, max= 1.000
[17:22:52]   solar     : mean= 0.953, std= 0.062, min= 0.804, max= 1.000
[17:22:52]   diesel    : mean= 0.961, std= 0.049, min= 0.827, max= 1.000
[17:22:52]   battery   : mean= 0.667, std= 0.330, min=-0.127, max= 1.000
[17:22:52]   customer  : mean= 0.939, std= 0.116, min= 0.609, max= 1.000
[17:22:52] 
======================================================================
[17:22:52] Episode 150/200
[17:22:52] ======================================================================
[17:22:52] 总奖励: 60036.63 | 步数: 24
[17:22:52] 最近10个episodes平均: 58349.77
[17:22:52] 各Agent奖励:
[17:22:52]   wind      : 25828.639
[17:22:52]   solar     : 6859.837
[17:22:52]   diesel    : 27527.120
[17:22:52]   battery   :    7.995
[17:22:52]   customer  : -186.962
[17:22:52] Buffer大小:  3720
[17:22:52] 噪声水平: 0.0856
[17:22:52] 
动作统计:
[17:22:52]   wind      : mean= 0.951, std= 0.057, min= 0.811, max= 1.000
[17:22:52]   solar     : mean= 0.960, std= 0.049, min= 0.830, max= 1.000
[17:22:52]   diesel    : mean= 0.958, std= 0.059, min= 0.823, max= 1.000
[17:22:52]   battery   : mean= 0.652, std= 0.325, min=-0.003, max= 1.000
[17:22:52]   customer  : mean= 0.923, std= 0.128, min= 0.480, max= 1.000
[17:22:52] 
📊 生成可视化图表...
[17:22:53]   ✓ 训练曲线: debug_plots/training_ep0150.png
[17:22:53]   ✓ Agent分析: debug_plots/agents_ep0150.png
[17:22:53] 💾 保存检查点: debug_checkpoints/debug_maddpg_20251203_172213_ep0150.pt
[17:22:53] 
======================================================================
[17:22:53] Episode 151/200
[17:22:53] ======================================================================
[17:22:53] 总奖励: 40755.16 | 步数: 24
[17:22:53] 最近10个episodes平均: 56530.05
[17:22:53] 各Agent奖励:
[17:22:53]   wind      : 19874.106
[17:22:53]   solar     : 3828.159
[17:22:53]   diesel    : 17230.031
[17:22:53]   battery   :    9.351
[17:22:53]   customer  : -186.486
[17:22:53] Buffer大小:  3744
[17:22:53] 噪声水平: 0.0855
[17:22:53] 
动作统计:
[17:22:53]   wind      : mean= 0.957, std= 0.048, min= 0.805, max= 1.000
[17:22:53]   solar     : mean= 0.974, std= 0.029, min= 0.896, max= 1.000
[17:22:53]   diesel    : mean= 0.967, std= 0.048, min= 0.844, max= 1.000
[17:22:53]   battery   : mean= 0.646, std= 0.349, min=-0.013, max= 1.000
[17:22:53]   customer  : mean= 0.947, std= 0.098, min= 0.590, max= 1.000
[17:22:53] 
======================================================================
[17:22:53] Episode 152/200
[17:22:53] ======================================================================
[17:22:53] 总奖励: 36534.85 | 步数: 24
[17:22:53] 最近10个episodes平均: 54048.48
[17:22:53] 各Agent奖励:
[17:22:53]   wind      : 15974.162
[17:22:53]   solar     : 4065.012
[17:22:53]   diesel    : 16678.173
[17:22:53]   battery   :    9.707
[17:22:53]   customer  : -192.206
[17:22:53] Buffer大小:  3768
[17:22:53] 噪声水平: 0.0855
[17:22:53] 
动作统计:
[17:22:53]   wind      : mean= 0.970, std= 0.057, min= 0.788, max= 1.000
[17:22:53]   solar     : mean= 0.976, std= 0.048, min= 0.830, max= 1.000
[17:22:53]   diesel    : mean= 0.972, std= 0.052, min= 0.717, max= 1.000
[17:22:53]   battery   : mean= 0.610, std= 0.387, min=-0.036, max= 1.000
[17:22:53]   customer  : mean= 0.940, std= 0.087, min= 0.689, max= 1.000
[17:22:53] 
======================================================================
[17:22:53] Episode 153/200
[17:22:53] ======================================================================
[17:22:53] 总奖励: 36988.98 | 步数: 24
[17:22:53] 最近10个episodes平均: 51470.50
[17:22:53] 各Agent奖励:
[17:22:53]   wind      : 14757.431
[17:22:53]   solar     : 3733.464
[17:22:53]   diesel    : 18676.237
[17:22:53]   battery   :    7.592
[17:22:53]   customer  : -185.741
[17:22:53] Buffer大小:  3792
[17:22:53] 噪声水平: 0.0854
[17:22:53] 
动作统计:
[17:22:53]   wind      : mean= 0.946, std= 0.058, min= 0.810, max= 1.000
[17:22:53]   solar     : mean= 0.980, std= 0.034, min= 0.887, max= 1.000
[17:22:53]   diesel    : mean= 0.965, std= 0.047, min= 0.824, max= 1.000
[17:22:53]   battery   : mean= 0.618, std= 0.374, min=-0.022, max= 1.000
[17:22:53]   customer  : mean= 0.939, std= 0.075, min= 0.767, max= 1.000
[17:22:54] 
======================================================================
[17:22:54] Episode 154/200
[17:22:54] ======================================================================
[17:22:54] 总奖励: 41337.16 | 步数: 24
[17:22:54] 最近10个episodes平均: 47926.07
[17:22:54] 各Agent奖励:
[17:22:54]   wind      : 17254.768
[17:22:54]   solar     : 4078.387
[17:22:54]   diesel    : 20180.490
[17:22:54]   battery   :   11.529
[17:22:54]   customer  : -188.010
[17:22:54] Buffer大小:  3816
[17:22:54] 噪声水平: 0.0853
[17:22:54] 
动作统计:
[17:22:54]   wind      : mean= 0.966, std= 0.049, min= 0.826, max= 1.000
[17:22:54]   solar     : mean= 0.974, std= 0.045, min= 0.854, max= 1.000
[17:22:54]   diesel    : mean= 0.975, std= 0.040, min= 0.849, max= 1.000
[17:22:54]   battery   : mean= 0.642, std= 0.356, min=-0.005, max= 1.000
[17:22:54]   customer  : mean= 0.950, std= 0.072, min= 0.721, max= 1.000
[17:22:54] 
======================================================================
[17:22:54] Episode 155/200
[17:22:54] ======================================================================
[17:22:54] 总奖励: 33011.05 | 步数: 24
[17:22:54] 最近10个episodes平均: 45216.24
[17:22:54] 各Agent奖励:
[17:22:54]   wind      : 11338.702
[17:22:54]   solar     : 4476.364
[17:22:54]   diesel    : 17372.059
[17:22:54]   battery   :   11.624
[17:22:54]   customer  : -187.703
[17:22:54] Buffer大小:  3840
[17:22:54] 噪声水平: 0.0852
[17:22:54] 
动作统计:
[17:22:54]   wind      : mean= 0.972, std= 0.051, min= 0.773, max= 1.000
[17:22:54]   solar     : mean= 0.953, std= 0.050, min= 0.838, max= 1.000
[17:22:54]   diesel    : mean= 0.958, std= 0.050, min= 0.796, max= 1.000
[17:22:54]   battery   : mean= 0.647, std= 0.360, min=-0.010, max= 1.000
[17:22:54]   customer  : mean= 0.939, std= 0.082, min= 0.653, max= 1.000
[17:22:54] 
======================================================================
[17:22:54] Episode 156/200
[17:22:54] ======================================================================
[17:22:54] 总奖励: 52208.55 | 步数: 24
[17:22:54] 最近10个episodes平均: 44750.05
[17:22:54] 各Agent奖励:
[17:22:54]   wind      : 21157.038
[17:22:54]   solar     : 5140.758
[17:22:54]   diesel    : 26096.007
[17:22:54]   battery   :   11.942
[17:22:54]   customer  : -197.192
[17:22:54] Buffer大小:  3864
[17:22:54] 噪声水平: 0.0851
[17:22:54] 
动作统计:
[17:22:54]   wind      : mean= 0.970, std= 0.037, min= 0.858, max= 1.000
[17:22:54]   solar     : mean= 0.969, std= 0.044, min= 0.848, max= 1.000
[17:22:54]   diesel    : mean= 0.977, std= 0.044, min= 0.777, max= 1.000
[17:22:54]   battery   : mean= 0.634, std= 0.358, min=-0.025, max= 1.000
[17:22:54]   customer  : mean= 0.933, std= 0.086, min= 0.651, max= 1.000
[17:22:54] 
======================================================================
[17:22:54] Episode 157/200
[17:22:54] ======================================================================
[17:22:54] 总奖励: 36079.76 | 步数: 24
[17:22:54] 最近10个episodes平均: 41708.19
[17:22:54] 各Agent奖励:
[17:22:54]   wind      : 14923.518
[17:22:54]   solar     : 4259.886
[17:22:54]   diesel    : 17083.786
[17:22:54]   battery   :    9.815
[17:22:54]   customer  : -197.243
[17:22:54] Buffer大小:  3888
[17:22:54] 噪声水平: 0.0850
[17:22:54] 
动作统计:
[17:22:54]   wind      : mean= 0.954, std= 0.065, min= 0.756, max= 1.000
[17:22:54]   solar     : mean= 0.961, std= 0.058, min= 0.840, max= 1.000
[17:22:54]   diesel    : mean= 0.964, std= 0.054, min= 0.792, max= 1.000
[17:22:54]   battery   : mean= 0.612, std= 0.382, min= 0.006, max= 1.000
[17:22:54]   customer  : mean= 0.956, std= 0.062, min= 0.759, max= 1.000
[17:22:55] 
======================================================================
[17:22:55] Episode 158/200
[17:22:55] ======================================================================
[17:22:55] 总奖励: 41255.56 | 步数: 24
[17:22:55] 最近10个episodes平均: 41619.71
[17:22:55] 各Agent奖励:
[17:22:55]   wind      : 17648.832
[17:22:55]   solar     : 4956.978
[17:22:55]   diesel    : 18831.543
[17:22:55]   battery   :   12.209
[17:22:55]   customer  : -194.005
[17:22:55] Buffer大小:  3912
[17:22:55] 噪声水平: 0.0850
[17:22:55] 
动作统计:
[17:22:55]   wind      : mean= 0.954, std= 0.047, min= 0.856, max= 1.000
[17:22:55]   solar     : mean= 0.978, std= 0.054, min= 0.774, max= 1.000
[17:22:55]   diesel    : mean= 0.967, std= 0.046, min= 0.793, max= 1.000
[17:22:55]   battery   : mean= 0.622, std= 0.390, min= 0.006, max= 1.000
[17:22:55]   customer  : mean= 0.951, std= 0.069, min= 0.732, max= 1.000
[17:22:55] 
======================================================================
[17:22:55] Episode 159/200
[17:22:55] ======================================================================
[17:22:55] 总奖励: 42263.50 | 步数: 24
[17:22:55] 最近10个episodes平均: 42047.12
[17:22:55] 各Agent奖励:
[17:22:55]   wind      : 18870.568
[17:22:55]   solar     : 5002.937
[17:22:55]   diesel    : 18571.142
[17:22:55]   battery   :    9.913
[17:22:55]   customer  : -191.063
[17:22:55] Buffer大小:  3936
[17:22:55] 噪声水平: 0.0849
[17:22:55] 
动作统计:
[17:22:55]   wind      : mean= 0.967, std= 0.051, min= 0.791, max= 1.000
[17:22:55]   solar     : mean= 0.955, std= 0.049, min= 0.837, max= 1.000
[17:22:55]   diesel    : mean= 0.974, std= 0.041, min= 0.836, max= 1.000
[17:22:55]   battery   : mean= 0.639, std= 0.345, min= 0.037, max= 1.000
[17:22:55]   customer  : mean= 0.955, std= 0.074, min= 0.668, max= 1.000
[17:22:55] 
======================================================================
[17:22:55] Episode 160/200
[17:22:55] ======================================================================
[17:22:55] 总奖励: 44991.90 | 步数: 24
[17:22:55] 最近10个episodes平均: 40542.65
[17:22:55] 各Agent奖励:
[17:22:55]   wind      : 20143.123
[17:22:55]   solar     : 5290.979
[17:22:55]   diesel    : 19741.674
[17:22:55]   battery   :    9.357
[17:22:55]   customer  : -193.232
[17:22:55] Buffer大小:  3960
[17:22:55] 噪声水平: 0.0848
[17:22:55] 
动作统计:
[17:22:55]   wind      : mean= 0.972, std= 0.044, min= 0.823, max= 1.000
[17:22:55]   solar     : mean= 0.944, std= 0.061, min= 0.801, max= 1.000
[17:22:55]   diesel    : mean= 0.965, std= 0.044, min= 0.829, max= 1.000
[17:22:55]   battery   : mean= 0.611, std= 0.380, min=-0.049, max= 1.000
[17:22:55]   customer  : mean= 0.957, std= 0.083, min= 0.620, max= 1.000
[17:22:55] 
📊 生成可视化图表...
[17:22:56]   ✓ 训练曲线: debug_plots/training_ep0160.png
[17:22:56]   ✓ Agent分析: debug_plots/agents_ep0160.png
[17:22:56] 
======================================================================
[17:22:56] Episode 161/200
[17:22:56] ======================================================================
[17:22:56] 总奖励: 53221.02 | 步数: 24
[17:22:56] 最近10个episodes平均: 41789.23
[17:22:56] 各Agent奖励:
[17:22:56]   wind      : 24251.558
[17:22:56]   solar     : 5648.557
[17:22:56]   diesel    : 23511.911
[17:22:56]   battery   :   10.820
[17:22:56]   customer  : -201.826
[17:22:56] Buffer大小:  3984
[17:22:56] 噪声水平: 0.0847
[17:22:56] 
动作统计:
[17:22:56]   wind      : mean= 0.943, std= 0.057, min= 0.821, max= 1.000
[17:22:56]   solar     : mean= 0.951, std= 0.061, min= 0.765, max= 1.000
[17:22:56]   diesel    : mean= 0.953, std= 0.070, min= 0.757, max= 1.000
[17:22:56]   battery   : mean= 0.649, std= 0.339, min= 0.000, max= 1.000
[17:22:56]   customer  : mean= 0.918, std= 0.092, min= 0.641, max= 1.000
[17:22:56] 
======================================================================
[17:22:56] Episode 162/200
[17:22:56] ======================================================================
[17:22:56] 总奖励: 34305.69 | 步数: 24
[17:22:56] 最近10个episodes平均: 41566.32
[17:22:56] 各Agent奖励:
[17:22:56]   wind      : 12942.814
[17:22:56]   solar     : 4688.938
[17:22:56]   diesel    : 16849.843
[17:22:56]   battery   :    9.816
[17:22:56]   customer  : -185.717
[17:22:56] Buffer大小:  4008
[17:22:56] 噪声水平: 0.0846
[17:22:56] 
动作统计:
[17:22:56]   wind      : mean= 0.957, std= 0.066, min= 0.773, max= 1.000
[17:22:56]   solar     : mean= 0.946, std= 0.076, min= 0.681, max= 1.000
[17:22:56]   diesel    : mean= 0.967, std= 0.049, min= 0.805, max= 1.000
[17:22:56]   battery   : mean= 0.639, std= 0.364, min=-0.059, max= 1.000
[17:22:56]   customer  : mean= 0.944, std= 0.094, min= 0.642, max= 1.000
[17:22:57] 
======================================================================
[17:22:57] Episode 163/200
[17:22:57] ======================================================================
[17:22:57] 总奖励: 47886.72 | 步数: 24
[17:22:57] 最近10个episodes平均: 42656.09
[17:22:57] 各Agent奖励:
[17:22:57]   wind      : 21224.646
[17:22:57]   solar     : 4663.586
[17:22:57]   diesel    : 22179.300
[17:22:57]   battery   :   12.681
[17:22:57]   customer  : -193.497
[17:22:57] Buffer大小:  4032
[17:22:57] 噪声水平: 0.0845
[17:22:57] 
动作统计:
[17:22:57]   wind      : mean= 0.931, std= 0.074, min= 0.796, max= 1.000
[17:22:57]   solar     : mean= 0.970, std= 0.054, min= 0.789, max= 1.000
[17:22:57]   diesel    : mean= 0.967, std= 0.041, min= 0.851, max= 1.000
[17:22:57]   battery   : mean= 0.652, std= 0.348, min=-0.103, max= 1.000
[17:22:57]   customer  : mean= 0.944, std= 0.069, min= 0.737, max= 1.000
[17:22:57] 
======================================================================
[17:22:57] Episode 164/200
[17:22:57] ======================================================================
[17:22:57] 总奖励: 43376.82 | 步数: 24
[17:22:57] 最近10个episodes平均: 42860.06
[17:22:57] 各Agent奖励:
[17:22:57]   wind      : 17487.921
[17:22:57]   solar     : 5127.572
[17:22:57]   diesel    : 20943.814
[17:22:57]   battery   :   10.167
[17:22:57]   customer  : -192.653
[17:22:57] Buffer大小:  4056
[17:22:57] 噪声水平: 0.0844
[17:22:57] 
动作统计:
[17:22:57]   wind      : mean= 0.961, std= 0.052, min= 0.785, max= 1.000
[17:22:57]   solar     : mean= 0.954, std= 0.069, min= 0.727, max= 1.000
[17:22:57]   diesel    : mean= 0.963, std= 0.046, min= 0.858, max= 1.000
[17:22:57]   battery   : mean= 0.624, std= 0.368, min=-0.081, max= 1.000
[17:22:57]   customer  : mean= 0.949, std= 0.058, min= 0.807, max= 1.000
[17:22:57] 
======================================================================
[17:22:57] Episode 165/200
[17:22:57] ======================================================================
[17:22:57] 总奖励: 40835.48 | 步数: 24
[17:22:57] 最近10个episodes平均: 43642.50
[17:22:57] 各Agent奖励:
[17:22:57]   wind      : 17201.771
[17:22:57]   solar     : 4995.857
[17:22:57]   diesel    : 18816.992
[17:22:57]   battery   :    9.986
[17:22:57]   customer  : -189.122
[17:22:57] Buffer大小:  4080
[17:22:57] 噪声水平: 0.0844
[17:22:57] 
动作统计:
[17:22:57]   wind      : mean= 0.968, std= 0.043, min= 0.882, max= 1.000
[17:22:57]   solar     : mean= 0.977, std= 0.033, min= 0.908, max= 1.000
[17:22:57]   diesel    : mean= 0.961, std= 0.058, min= 0.756, max= 1.000
[17:22:57]   battery   : mean= 0.644, std= 0.367, min=-0.073, max= 1.000
[17:22:57]   customer  : mean= 0.950, std= 0.093, min= 0.639, max= 1.000
[17:22:57] 
======================================================================
[17:22:57] Episode 166/200
[17:22:57] ======================================================================
[17:22:57] 总奖励: 35062.09 | 步数: 24
[17:22:57] 最近10个episodes平均: 41927.85
[17:22:57] 各Agent奖励:
[17:22:57]   wind      : 14727.580
[17:22:57]   solar     : 4370.076
[17:22:57]   diesel    : 16142.839
[17:22:57]   battery   :   10.004
[17:22:57]   customer  : -188.406
[17:22:57] Buffer大小:  4104
[17:22:57] 噪声水平: 0.0843
[17:22:57] 
动作统计:
[17:22:57]   wind      : mean= 0.969, std= 0.057, min= 0.737, max= 1.000
[17:22:57]   solar     : mean= 0.967, std= 0.046, min= 0.838, max= 1.000
[17:22:57]   diesel    : mean= 0.957, std= 0.055, min= 0.774, max= 1.000
[17:22:57]   battery   : mean= 0.620, std= 0.382, min=-0.160, max= 1.000
[17:22:57]   customer  : mean= 0.941, std= 0.094, min= 0.610, max= 1.000
[17:22:58] 
======================================================================
[17:22:58] Episode 167/200
[17:22:58] ======================================================================
[17:22:58] 总奖励: 57869.13 | 步数: 24
[17:22:58] 最近10个episodes平均: 44106.79
[17:22:58] 各Agent奖励:
[17:22:58]   wind      : 26301.415
[17:22:58]   solar     : 6460.196
[17:22:58]   diesel    : 25286.937
[17:22:58]   battery   :   13.590
[17:22:58]   customer  : -193.006
[17:22:58] Buffer大小:  4128
[17:22:58] 噪声水平: 0.0842
[17:22:58] 
动作统计:
[17:22:58]   wind      : mean= 0.976, std= 0.035, min= 0.889, max= 1.000
[17:22:58]   solar     : mean= 0.975, std= 0.040, min= 0.864, max= 1.000
[17:22:58]   diesel    : mean= 0.971, std= 0.040, min= 0.846, max= 1.000
[17:22:58]   battery   : mean= 0.643, std= 0.369, min=-0.169, max= 1.000
[17:22:58]   customer  : mean= 0.927, std= 0.091, min= 0.595, max= 1.000
[17:22:58] 
======================================================================
[17:22:58] Episode 168/200
[17:22:58] ======================================================================
[17:22:58] 总奖励: 37427.33 | 步数: 24
[17:22:58] 最近10个episodes平均: 43723.97
[17:22:58] 各Agent奖励:
[17:22:58]   wind      : 15078.979
[17:22:58]   solar     : 4265.966
[17:22:58]   diesel    : 18263.281
[17:22:58]   battery   :   12.005
[17:22:58]   customer  : -192.898
[17:22:58] Buffer大小:  4152
[17:22:58] 噪声水平: 0.0841
[17:22:58] 
动作统计:
[17:22:58]   wind      : mean= 0.981, std= 0.035, min= 0.890, max= 1.000
[17:22:58]   solar     : mean= 0.970, std= 0.044, min= 0.845, max= 1.000
[17:22:58]   diesel    : mean= 0.955, std= 0.050, min= 0.835, max= 1.000
[17:22:58]   battery   : mean= 0.633, std= 0.382, min=-0.035, max= 1.000
[17:22:58]   customer  : mean= 0.935, std= 0.098, min= 0.599, max= 1.000
[17:22:58] 
======================================================================
[17:22:58] Episode 169/200
[17:22:58] ======================================================================
[17:22:58] 总奖励: 38119.28 | 步数: 24
[17:22:58] 最近10个episodes平均: 43309.55
[17:22:58] 各Agent奖励:
[17:22:58]   wind      : 14442.800
[17:22:58]   solar     : 4332.530
[17:22:58]   diesel    : 19522.821
[17:22:58]   battery   :   11.933
[17:22:58]   customer  : -190.802
[17:22:58] Buffer大小:  4176
[17:22:58] 噪声水平: 0.0840
[17:22:58] 
动作统计:
[17:22:58]   wind      : mean= 0.963, std= 0.053, min= 0.755, max= 1.000
[17:22:58]   solar     : mean= 0.962, std= 0.050, min= 0.835, max= 1.000
[17:22:58]   diesel    : mean= 0.987, std= 0.028, min= 0.882, max= 1.000
[17:22:58]   battery   : mean= 0.628, std= 0.355, min=-0.076, max= 1.000
[17:22:58]   customer  : mean= 0.948, std= 0.106, min= 0.474, max= 1.000
[17:22:59] 
======================================================================
[17:22:59] Episode 170/200
[17:22:59] ======================================================================
[17:22:59] 总奖励: 44075.50 | 步数: 24
[17:22:59] 最近10个episodes平均: 43217.91
[17:22:59] 各Agent奖励:
[17:22:59]   wind      : 17669.395
[17:22:59]   solar     : 5018.589
[17:22:59]   diesel    : 21571.926
[17:22:59]   battery   :    6.384
[17:22:59]   customer  : -190.792
[17:22:59] Buffer大小:  4200
[17:22:59] 噪声水平: 0.0839
[17:22:59] 
动作统计:
[17:22:59]   wind      : mean= 0.963, std= 0.055, min= 0.811, max= 1.000
[17:22:59]   solar     : mean= 0.966, std= 0.045, min= 0.838, max= 1.000
[17:22:59]   diesel    : mean= 0.968, std= 0.046, min= 0.806, max= 1.000
[17:22:59]   battery   : mean= 0.633, std= 0.373, min=-0.139, max= 1.000
[17:22:59]   customer  : mean= 0.939, std= 0.083, min= 0.711, max= 1.000
[17:22:59] 
📊 生成可视化图表...
[17:22:59]   ✓ 训练曲线: debug_plots/training_ep0170.png
[17:22:59]   ✓ Agent分析: debug_plots/agents_ep0170.png
[17:23:00] 
======================================================================
[17:23:00] Episode 171/200
[17:23:00] ======================================================================
[17:23:00] 总奖励: 34257.43 | 步数: 24
[17:23:00] 最近10个episodes平均: 41321.55
[17:23:00] 各Agent奖励:
[17:23:00]   wind      : 14724.306
[17:23:00]   solar     : 3323.586
[17:23:00]   diesel    : 16389.081
[17:23:00]   battery   :    7.172
[17:23:00]   customer  : -186.713
[17:23:00] Buffer大小:  4224
[17:23:00] 噪声水平: 0.0839
[17:23:00] 
动作统计:
[17:23:00]   wind      : mean= 0.966, std= 0.047, min= 0.858, max= 1.000
[17:23:00]   solar     : mean= 0.968, std= 0.038, min= 0.893, max= 1.000
[17:23:00]   diesel    : mean= 0.970, std= 0.049, min= 0.787, max= 1.000
[17:23:00]   battery   : mean= 0.645, std= 0.368, min=-0.110, max= 1.000
[17:23:00]   customer  : mean= 0.946, std= 0.100, min= 0.547, max= 1.000
[17:23:00] 
======================================================================
[17:23:00] Episode 172/200
[17:23:00] ======================================================================
[17:23:00] 总奖励: 24415.38 | 步数: 24
[17:23:00] 最近10个episodes平均: 40332.52
[17:23:00] 各Agent奖励:
[17:23:00]   wind      : 10627.982
[17:23:00]   solar     : 1855.125
[17:23:00]   diesel    : 12117.094
[17:23:00]   battery   :    5.868
[17:23:00]   customer  : -190.684
[17:23:00] Buffer大小:  4248
[17:23:00] 噪声水平: 0.0838
[17:23:00] 
动作统计:
[17:23:00]   wind      : mean= 0.972, std= 0.043, min= 0.824, max= 1.000
[17:23:00]   solar     : mean= 0.969, std= 0.042, min= 0.871, max= 1.000
[17:23:00]   diesel    : mean= 0.954, std= 0.057, min= 0.793, max= 1.000
[17:23:00]   battery   : mean= 0.622, std= 0.372, min=-0.000, max= 1.000
[17:23:00]   customer  : mean= 0.964, std= 0.075, min= 0.738, max= 1.000
[17:23:00] 
======================================================================
[17:23:00] Episode 173/200
[17:23:00] ======================================================================
[17:23:00] 总奖励: 44476.86 | 步数: 24
[17:23:00] 最近10个episodes平均: 39991.53
[17:23:00] 各Agent奖励:
[17:23:00]   wind      : 20533.184
[17:23:00]   solar     : 4705.245
[17:23:00]   diesel    : 19416.988
[17:23:00]   battery   :   12.214
[17:23:00]   customer  : -190.773
[17:23:00] Buffer大小:  4272
[17:23:00] 噪声水平: 0.0837
[17:23:00] 
动作统计:
[17:23:00]   wind      : mean= 0.980, std= 0.036, min= 0.883, max= 1.000
[17:23:00]   solar     : mean= 0.973, std= 0.029, min= 0.907, max= 1.000
[17:23:00]   diesel    : mean= 0.957, std= 0.056, min= 0.770, max= 1.000
[17:23:00]   battery   : mean= 0.648, std= 0.352, min=-0.193, max= 1.000
[17:23:00]   customer  : mean= 0.945, std= 0.081, min= 0.653, max= 1.000
[17:23:00] 
======================================================================
[17:23:00] Episode 174/200
[17:23:00] ======================================================================
[17:23:00] 总奖励: 27195.15 | 步数: 24
[17:23:00] 最近10个episodes平均: 38373.37
[17:23:00] 各Agent奖励:
[17:23:00]   wind      : 10769.504
[17:23:00]   solar     : 2208.021
[17:23:00]   diesel    : 14405.514
[17:23:00]   battery   :    8.299
[17:23:00]   customer  : -196.186
[17:23:00] Buffer大小:  4296
[17:23:00] 噪声水平: 0.0836
[17:23:00] 
动作统计:
[17:23:00]   wind      : mean= 0.969, std= 0.036, min= 0.876, max= 1.000
[17:23:00]   solar     : mean= 0.969, std= 0.047, min= 0.854, max= 1.000
[17:23:00]   diesel    : mean= 0.973, std= 0.046, min= 0.794, max= 1.000
[17:23:00]   battery   : mean= 0.629, std= 0.380, min=-0.122, max= 1.000
[17:23:00]   customer  : mean= 0.957, std= 0.070, min= 0.695, max= 1.000
[17:23:01] 
======================================================================
[17:23:01] Episode 175/200
[17:23:01] ======================================================================
[17:23:01] 总奖励: 36498.75 | 步数: 24
[17:23:01] 最近10个episodes平均: 37939.69
[17:23:01] 各Agent奖励:
[17:23:01]   wind      : 17026.598
[17:23:01]   solar     : 3500.377
[17:23:01]   diesel    : 16150.362
[17:23:01]   battery   :   10.023
[17:23:01]   customer  : -188.610
[17:23:01] Buffer大小:  4320
[17:23:01] 噪声水平: 0.0835
[17:23:01] 
动作统计:
[17:23:01]   wind      : mean= 0.967, std= 0.055, min= 0.815, max= 1.000
[17:23:01]   solar     : mean= 0.975, std= 0.033, min= 0.870, max= 1.000
[17:23:01]   diesel    : mean= 0.980, std= 0.042, min= 0.828, max= 1.000
[17:23:01]   battery   : mean= 0.629, std= 0.368, min=-0.018, max= 1.000
[17:23:01]   customer  : mean= 0.953, std= 0.075, min= 0.713, max= 1.000
[17:23:01] 
======================================================================
[17:23:01] Episode 176/200
[17:23:01] ======================================================================
[17:23:01] 总奖励: 36532.07 | 步数: 24
[17:23:01] 最近10个episodes平均: 38086.69
[17:23:01] 各Agent奖励:
[17:23:01]   wind      : 13480.844
[17:23:01]   solar     : 5287.419
[17:23:01]   diesel    : 17945.626
[17:23:01]   battery   :   13.053
[17:23:01]   customer  : -194.872
[17:23:01] Buffer大小:  4344
[17:23:01] 噪声水平: 0.0834
[17:23:01] 
动作统计:
[17:23:01]   wind      : mean= 0.963, std= 0.047, min= 0.830, max= 1.000
[17:23:01]   solar     : mean= 0.959, std= 0.056, min= 0.825, max= 1.000
[17:23:01]   diesel    : mean= 0.972, std= 0.051, min= 0.710, max= 1.000
[17:23:01]   battery   : mean= 0.621, std= 0.382, min=-0.347, max= 1.000
[17:23:01]   customer  : mean= 0.940, std= 0.092, min= 0.577, max= 1.000
[17:23:01] 
======================================================================
[17:23:01] Episode 177/200
[17:23:01] ======================================================================
[17:23:01] 总奖励: 46070.14 | 步数: 24
[17:23:01] 最近10个episodes平均: 36906.79
[17:23:01] 各Agent奖励:
[17:23:01]   wind      : 19830.178
[17:23:01]   solar     : 4651.541
[17:23:01]   diesel    : 21764.901
[17:23:01]   battery   :   14.479
[17:23:01]   customer  : -190.959
[17:23:01] Buffer大小:  4368
[17:23:01] 噪声水平: 0.0834
[17:23:01] 
动作统计:
[17:23:01]   wind      : mean= 0.980, std= 0.031, min= 0.887, max= 1.000
[17:23:01]   solar     : mean= 0.976, std= 0.035, min= 0.891, max= 1.000
[17:23:01]   diesel    : mean= 0.962, std= 0.058, min= 0.738, max= 1.000
[17:23:01]   battery   : mean= 0.634, std= 0.360, min=-0.057, max= 1.000
[17:23:01]   customer  : mean= 0.942, std= 0.076, min= 0.662, max= 1.000
[17:23:01] 
======================================================================
[17:23:01] Episode 178/200
[17:23:01] ======================================================================
[17:23:01] 总奖励: 48434.82 | 步数: 24
[17:23:01] 最近10个episodes平均: 38007.54
[17:23:01] 各Agent奖励:
[17:23:01]   wind      : 19107.094
[17:23:01]   solar     : 5114.165
[17:23:01]   diesel    : 24391.396
[17:23:01]   battery   :   11.605
[17:23:01]   customer  : -189.441
[17:23:01] Buffer大小:  4392
[17:23:01] 噪声水平: 0.0833
[17:23:01] 
动作统计:
[17:23:01]   wind      : mean= 0.962, std= 0.052, min= 0.844, max= 1.000
[17:23:01]   solar     : mean= 0.969, std= 0.038, min= 0.868, max= 1.000
[17:23:01]   diesel    : mean= 0.977, std= 0.037, min= 0.820, max= 1.000
[17:23:01]   battery   : mean= 0.631, std= 0.366, min=-0.133, max= 1.000
[17:23:01]   customer  : mean= 0.939, std= 0.081, min= 0.645, max= 1.000
[17:23:02] 
======================================================================
[17:23:02] Episode 179/200
[17:23:02] ======================================================================
[17:23:02] 总奖励: 56311.39 | 步数: 24
[17:23:02] 最近10个episodes平均: 39826.75
[17:23:02] 各Agent奖励:
[17:23:02]   wind      : 22838.904
[17:23:02]   solar     : 7542.440
[17:23:02]   diesel    : 26109.486
[17:23:02]   battery   :   13.198
[17:23:02]   customer  : -192.643
[17:23:02] Buffer大小:  4416
[17:23:02] 噪声水平: 0.0832
[17:23:02] 
动作统计:
[17:23:02]   wind      : mean= 0.968, std= 0.044, min= 0.867, max= 1.000
[17:23:02]   solar     : mean= 0.964, std= 0.045, min= 0.815, max= 1.000
[17:23:02]   diesel    : mean= 0.965, std= 0.055, min= 0.784, max= 1.000
[17:23:02]   battery   : mean= 0.618, std= 0.367, min=-0.080, max= 1.000
[17:23:02]   customer  : mean= 0.941, std= 0.116, min= 0.426, max= 1.000
[17:23:02] 
======================================================================
[17:23:02] Episode 180/200
[17:23:02] ======================================================================
[17:23:02] 总奖励: 43786.98 | 步数: 24
[17:23:02] 最近10个episodes平均: 39797.90
[17:23:02] 各Agent奖励:
[17:23:02]   wind      : 18619.284
[17:23:02]   solar     : 5402.764
[17:23:02]   diesel    : 19947.660
[17:23:02]   battery   :   11.487
[17:23:02]   customer  : -194.216
[17:23:02] Buffer大小:  4440
[17:23:02] 噪声水平: 0.0831
[17:23:02] 
动作统计:
[17:23:02]   wind      : mean= 0.962, std= 0.047, min= 0.846, max= 1.000
[17:23:02]   solar     : mean= 0.967, std= 0.044, min= 0.841, max= 1.000
[17:23:02]   diesel    : mean= 0.974, std= 0.035, min= 0.906, max= 1.000
[17:23:02]   battery   : mean= 0.627, std= 0.377, min=-0.143, max= 1.000
[17:23:02]   customer  : mean= 0.940, std= 0.111, min= 0.465, max= 1.000
[17:23:02] 
📊 生成可视化图表...
[17:23:03]   ✓ 训练曲线: debug_plots/training_ep0180.png
[17:23:03]   ✓ Agent分析: debug_plots/agents_ep0180.png
[17:23:03] 
======================================================================
[17:23:03] Episode 181/200
[17:23:03] ======================================================================
[17:23:03] 总奖励: 54529.98 | 步数: 24
[17:23:03] 最近10个episodes平均: 41825.15
[17:23:03] 各Agent奖励:
[17:23:03]   wind      : 23135.666
[17:23:03]   solar     : 6076.996
[17:23:03]   diesel    : 25495.757
[17:23:03]   battery   :   13.543
[17:23:03]   customer  : -191.980
[17:23:03] Buffer大小:  4464
[17:23:03] 噪声水平: 0.0830
[17:23:03] 
动作统计:
[17:23:03]   wind      : mean= 0.985, std= 0.032, min= 0.878, max= 1.000
[17:23:03]   solar     : mean= 0.971, std= 0.041, min= 0.864, max= 1.000
[17:23:03]   diesel    : mean= 0.971, std= 0.043, min= 0.802, max= 1.000
[17:23:03]   battery   : mean= 0.621, std= 0.383, min=-0.207, max= 1.000
[17:23:03]   customer  : mean= 0.939, std= 0.089, min= 0.555, max= 1.000
[17:23:03] 
======================================================================
[17:23:03] Episode 182/200
[17:23:03] ======================================================================
[17:23:03] 总奖励: 39292.09 | 步数: 24
[17:23:03] 最近10个episodes平均: 43312.82
[17:23:03] 各Agent奖励:
[17:23:03]   wind      : 13168.570
[17:23:03]   solar     : 5158.680
[17:23:03]   diesel    : 21147.527
[17:23:03]   battery   :    8.575
[17:23:03]   customer  : -191.264
[17:23:03] Buffer大小:  4488
[17:23:03] 噪声水平: 0.0829
[17:23:03] 
动作统计:
[17:23:03]   wind      : mean= 0.956, std= 0.043, min= 0.852, max= 1.000
[17:23:03]   solar     : mean= 0.976, std= 0.035, min= 0.861, max= 1.000
[17:23:03]   diesel    : mean= 0.964, std= 0.062, min= 0.699, max= 1.000
[17:23:03]   battery   : mean= 0.629, std= 0.373, min=-0.138, max= 1.000
[17:23:03]   customer  : mean= 0.949, std= 0.067, min= 0.761, max= 1.000
[17:23:03] 
======================================================================
[17:23:03] Episode 183/200
[17:23:03] ======================================================================
[17:23:03] 总奖励: 62190.01 | 步数: 24
[17:23:03] 最近10个episodes平均: 45084.14
[17:23:03] 各Agent奖励:
[17:23:03]   wind      : 24391.508
[17:23:03]   solar     : 7456.064
[17:23:03]   diesel    : 30532.742
[17:23:03]   battery   :    8.907
[17:23:03]   customer  : -199.213
[17:23:03] Buffer大小:  4512
[17:23:03] 噪声水平: 0.0829
[17:23:03] 
动作统计:
[17:23:03]   wind      : mean= 0.962, std= 0.049, min= 0.845, max= 1.000
[17:23:03]   solar     : mean= 0.969, std= 0.046, min= 0.840, max= 1.000
[17:23:03]   diesel    : mean= 0.959, std= 0.050, min= 0.841, max= 1.000
[17:23:03]   battery   : mean= 0.631, std= 0.363, min=-0.125, max= 1.000
[17:23:03]   customer  : mean= 0.931, std= 0.087, min= 0.591, max= 1.000
[17:23:04] 
======================================================================
[17:23:04] Episode 184/200
[17:23:04] ======================================================================
[17:23:04] 总奖励: 57346.98 | 步数: 24
[17:23:04] 最近10个episodes平均: 48099.32
[17:23:04] 各Agent奖励:
[17:23:04]   wind      : 25685.651
[17:23:04]   solar     : 5378.873
[17:23:04]   diesel    : 26468.559
[17:23:04]   battery   :    8.457
[17:23:04]   customer  : -194.564
[17:23:04] Buffer大小:  4536
[17:23:04] 噪声水平: 0.0828
[17:23:04] 
动作统计:
[17:23:04]   wind      : mean= 0.964, std= 0.042, min= 0.889, max= 1.000
[17:23:04]   solar     : mean= 0.958, std= 0.050, min= 0.840, max= 1.000
[17:23:04]   diesel    : mean= 0.969, std= 0.041, min= 0.842, max= 1.000
[17:23:04]   battery   : mean= 0.627, std= 0.365, min=-0.044, max= 1.000
[17:23:04]   customer  : mean= 0.933, std= 0.108, min= 0.492, max= 1.000
[17:23:04] 
======================================================================
[17:23:04] Episode 185/200
[17:23:04] ======================================================================
[17:23:04] 总奖励: 38029.57 | 步数: 24
[17:23:04] 最近10个episodes平均: 48252.40
[17:23:04] 各Agent奖励:
[17:23:04]   wind      : 16290.080
[17:23:04]   solar     : 4272.161
[17:23:04]   diesel    : 17651.485
[17:23:04]   battery   :    9.691
[17:23:04]   customer  : -193.842
[17:23:04] Buffer大小:  4560
[17:23:04] 噪声水平: 0.0827
[17:23:04] 
动作统计:
[17:23:04]   wind      : mean= 0.975, std= 0.033, min= 0.899, max= 1.000
[17:23:04]   solar     : mean= 0.980, std= 0.034, min= 0.884, max= 1.000
[17:23:04]   diesel    : mean= 0.967, std= 0.049, min= 0.822, max= 1.000
[17:23:04]   battery   : mean= 0.601, std= 0.380, min=-0.136, max= 1.000
[17:23:04]   customer  : mean= 0.956, std= 0.069, min= 0.700, max= 1.000
[17:23:04] 
======================================================================
[17:23:04] Episode 186/200
[17:23:04] ======================================================================
[17:23:04] 总奖励: 45717.88 | 步数: 24
[17:23:04] 最近10个episodes平均: 49170.98
[17:23:04] 各Agent奖励:
[17:23:04]   wind      : 18487.482
[17:23:04]   solar     : 5195.090
[17:23:04]   diesel    : 22218.062
[17:23:04]   battery   :   11.937
[17:23:04]   customer  : -194.694
[17:23:04] Buffer大小:  4584
[17:23:04] 噪声水平: 0.0826
[17:23:04] 
动作统计:
[17:23:04]   wind      : mean= 0.970, std= 0.043, min= 0.860, max= 1.000
[17:23:04]   solar     : mean= 0.976, std= 0.033, min= 0.894, max= 1.000
[17:23:04]   diesel    : mean= 0.960, std= 0.054, min= 0.789, max= 1.000
[17:23:04]   battery   : mean= 0.623, std= 0.377, min=-0.257, max= 1.000
[17:23:04]   customer  : mean= 0.941, std= 0.085, min= 0.593, max= 1.000
[17:23:04] 
======================================================================
[17:23:04] Episode 187/200
[17:23:04] ======================================================================
[17:23:04] 总奖励: 53804.31 | 步数: 24
[17:23:04] 最近10个episodes平均: 49944.40
[17:23:04] 各Agent奖励:
[17:23:04]   wind      : 22968.766
[17:23:04]   solar     : 7057.230
[17:23:04]   diesel    : 23968.626
[17:23:04]   battery   :   12.229
[17:23:04]   customer  : -202.539
[17:23:04] Buffer大小:  4608
[17:23:04] 噪声水平: 0.0825
[17:23:04] 
动作统计:
[17:23:04]   wind      : mean= 0.963, std= 0.050, min= 0.834, max= 1.000
[17:23:04]   solar     : mean= 0.954, std= 0.058, min= 0.837, max= 1.000
[17:23:04]   diesel    : mean= 0.974, std= 0.043, min= 0.835, max= 1.000
[17:23:04]   battery   : mean= 0.608, std= 0.386, min=-0.105, max= 1.000
[17:23:04]   customer  : mean= 0.937, std= 0.079, min= 0.710, max= 1.000
[17:23:04] 
======================================================================
[17:23:04] Episode 188/200
[17:23:04] ======================================================================
[17:23:04] 总奖励: 30749.22 | 步数: 24
[17:23:04] 最近10个episodes平均: 48175.84
[17:23:04] 各Agent奖励:
[17:23:04]   wind      : 9615.088
[17:23:04]   solar     : 3758.961
[17:23:04]   diesel    : 17557.090
[17:23:04]   battery   :    9.606
[17:23:04]   customer  : -191.522
[17:23:04] Buffer大小:  4632
[17:23:04] 噪声水平: 0.0824
[17:23:04] 
动作统计:
[17:23:04]   wind      : mean= 0.971, std= 0.055, min= 0.797, max= 1.000
[17:23:04]   solar     : mean= 0.972, std= 0.043, min= 0.822, max= 1.000
[17:23:04]   diesel    : mean= 0.966, std= 0.045, min= 0.819, max= 1.000
[17:23:04]   battery   : mean= 0.622, std= 0.369, min=-0.088, max= 1.000
[17:23:04]   customer  : mean= 0.950, std= 0.087, min= 0.605, max= 1.000
[17:23:04] 
======================================================================
[17:23:04] Episode 189/200
[17:23:04] ======================================================================
[17:23:04] 总奖励: 37509.34 | 步数: 24
[17:23:04] 最近10个episodes平均: 46295.64
[17:23:04] 各Agent奖励:
[17:23:04]   wind      : 16901.154
[17:23:04]   solar     : 3921.920
[17:23:04]   diesel    : 16863.274
[17:23:04]   battery   :   10.226
[17:23:04]   customer  : -187.236
[17:23:04] Buffer大小:  4656
[17:23:04] 噪声水平: 0.0824
[17:23:04] 
动作统计:
[17:23:04]   wind      : mean= 0.968, std= 0.041, min= 0.879, max= 1.000
[17:23:04]   solar     : mean= 0.964, std= 0.059, min= 0.768, max= 1.000
[17:23:04]   diesel    : mean= 0.971, std= 0.039, min= 0.871, max= 1.000
[17:23:04]   battery   : mean= 0.593, std= 0.384, min=-0.133, max= 1.000
[17:23:04]   customer  : mean= 0.947, std= 0.095, min= 0.544, max= 1.000
[17:23:05] 
======================================================================
[17:23:05] Episode 190/200
[17:23:05] ======================================================================
[17:23:05] 总奖励: 74032.58 | 步数: 24
[17:23:05] 最近10个episodes平均: 49320.20
[17:23:05] 各Agent奖励:
[17:23:05]   wind      : 32012.131
[17:23:05]   solar     : 8700.559
[17:23:05]   diesel    : 33509.657
[17:23:05]   battery   :   13.350
[17:23:05]   customer  : -203.113
[17:23:05] Buffer大小:  4680
[17:23:05] 噪声水平: 0.0823
[17:23:05] 
动作统计:
[17:23:05]   wind      : mean= 0.967, std= 0.039, min= 0.886, max= 1.000
[17:23:05]   solar     : mean= 0.954, std= 0.061, min= 0.768, max= 1.000
[17:23:05]   diesel    : mean= 0.973, std= 0.041, min= 0.819, max= 1.000
[17:23:05]   battery   : mean= 0.618, std= 0.384, min=-0.082, max= 1.000
[17:23:05]   customer  : mean= 0.927, std= 0.121, min= 0.375, max= 1.000
[17:23:05] 
📊 生成可视化图表...
[17:23:05]   ✓ 训练曲线: debug_plots/training_ep0190.png
[17:23:05]   ✓ Agent分析: debug_plots/agents_ep0190.png
[17:23:06] 
======================================================================
[17:23:06] Episode 191/200
[17:23:06] ======================================================================
[17:23:06] 总奖励: 38367.36 | 步数: 24
[17:23:06] 最近10个episodes平均: 47703.93
[17:23:06] 各Agent奖励:
[17:23:06]   wind      : 18324.875
[17:23:06]   solar     : 3593.365
[17:23:06]   diesel    : 16626.793
[17:23:06]   battery   :    8.065
[17:23:06]   customer  : -185.736
[17:23:06] Buffer大小:  4704
[17:23:06] 噪声水平: 0.0822
[17:23:06] 
动作统计:
[17:23:06]   wind      : mean= 0.966, std= 0.045, min= 0.863, max= 1.000
[17:23:06]   solar     : mean= 0.968, std= 0.044, min= 0.831, max= 1.000
[17:23:06]   diesel    : mean= 0.974, std= 0.033, min= 0.852, max= 1.000
[17:23:06]   battery   : mean= 0.611, std= 0.397, min=-0.092, max= 1.000
[17:23:06]   customer  : mean= 0.940, std= 0.094, min= 0.571, max= 1.000
[17:23:06] 
======================================================================
[17:23:06] Episode 192/200
[17:23:06] ======================================================================
[17:23:06] 总奖励: 39110.84 | 步数: 24
[17:23:06] 最近10个episodes平均: 47685.81
[17:23:06] 各Agent奖励:
[17:23:06]   wind      : 17520.330
[17:23:06]   solar     : 4204.723
[17:23:06]   diesel    : 17562.769
[17:23:06]   battery   :   11.506
[17:23:06]   customer  : -188.492
[17:23:06] Buffer大小:  4728
[17:23:06] 噪声水平: 0.0821
[17:23:06] 
动作统计:
[17:23:06]   wind      : mean= 0.971, std= 0.040, min= 0.862, max= 1.000
[17:23:06]   solar     : mean= 0.976, std= 0.044, min= 0.834, max= 1.000
[17:23:06]   diesel    : mean= 0.960, std= 0.047, min= 0.837, max= 1.000
[17:23:06]   battery   : mean= 0.620, std= 0.386, min=-0.095, max= 1.000
[17:23:06]   customer  : mean= 0.940, std= 0.084, min= 0.642, max= 1.000
[17:23:06] 
======================================================================
[17:23:06] Episode 193/200
[17:23:06] ======================================================================
[17:23:06] 总奖励: 47292.90 | 步数: 24
[17:23:06] 最近10个episodes平均: 46196.10
[17:23:06] 各Agent奖励:
[17:23:06]   wind      : 21624.297
[17:23:06]   solar     : 4987.699
[17:23:06]   diesel    : 20861.100
[17:23:06]   battery   :   15.818
[17:23:06]   customer  : -196.018
[17:23:06] Buffer大小:  4752
[17:23:06] 噪声水平: 0.0820
[17:23:06] 
动作统计:
[17:23:06]   wind      : mean= 0.961, std= 0.052, min= 0.824, max= 1.000
[17:23:06]   solar     : mean= 0.953, std= 0.058, min= 0.821, max= 1.000
[17:23:06]   diesel    : mean= 0.974, std= 0.043, min= 0.826, max= 1.000
[17:23:06]   battery   : mean= 0.628, std= 0.370, min= 0.023, max= 1.000
[17:23:06]   customer  : mean= 0.932, std= 0.102, min= 0.530, max= 1.000
[17:23:06] 
======================================================================
[17:23:06] Episode 194/200
[17:23:06] ======================================================================
[17:23:06] 总奖励: 34805.66 | 步数: 24
[17:23:06] 最近10个episodes平均: 43941.97
[17:23:06] 各Agent奖励:
[17:23:06]   wind      : 13014.270
[17:23:06]   solar     : 4242.411
[17:23:06]   diesel    : 17729.159
[17:23:06]   battery   :   10.825
[17:23:06]   customer  : -191.002
[17:23:06] Buffer大小:  4776
[17:23:06] 噪声水平: 0.0819
[17:23:06] 
动作统计:
[17:23:06]   wind      : mean= 0.965, std= 0.054, min= 0.811, max= 1.000
[17:23:06]   solar     : mean= 0.962, std= 0.051, min= 0.833, max= 1.000
[17:23:06]   diesel    : mean= 0.970, std= 0.042, min= 0.815, max= 1.000
[17:23:06]   battery   : mean= 0.626, std= 0.377, min=-0.123, max= 1.000
[17:23:06]   customer  : mean= 0.949, std= 0.065, min= 0.720, max= 1.000
[17:23:06] 
======================================================================
[17:23:06] Episode 195/200
[17:23:06] ======================================================================
[17:23:06] 总奖励: 27808.32 | 步数: 24
[17:23:06] 最近10个episodes平均: 42919.84
[17:23:06] 各Agent奖励:
[17:23:06]   wind      : 10336.549
[17:23:06]   solar     : 3186.565
[17:23:06]   diesel    : 14468.893
[17:23:06]   battery   :    8.111
[17:23:06]   customer  : -191.798
[17:23:06] Buffer大小:  4800
[17:23:06] 噪声水平: 0.0819
[17:23:06] 
动作统计:
[17:23:06]   wind      : mean= 0.952, std= 0.056, min= 0.780, max= 1.000
[17:23:06]   solar     : mean= 0.950, std= 0.068, min= 0.766, max= 1.000
[17:23:06]   diesel    : mean= 0.964, std= 0.049, min= 0.825, max= 1.000
[17:23:06]   battery   : mean= 0.603, std= 0.392, min=-0.048, max= 1.000
[17:23:06]   customer  : mean= 0.961, std= 0.058, min= 0.747, max= 1.000
[17:23:06] 
======================================================================
[17:23:06] Episode 196/200
[17:23:06] ======================================================================
[17:23:06] 总奖励: 50954.75 | 步数: 24
[17:23:06] 最近10个episodes平均: 43443.53
[17:23:06] 各Agent奖励:
[17:23:06]   wind      : 21566.981
[17:23:06]   solar     : 6549.447
[17:23:06]   diesel    : 23017.692
[17:23:06]   battery   :    7.373
[17:23:06]   customer  : -186.745
[17:23:06] Buffer大小:  4824
[17:23:06] 噪声水平: 0.0818
[17:23:06] 
动作统计:
[17:23:06]   wind      : mean= 0.970, std= 0.037, min= 0.889, max= 1.000
[17:23:06]   solar     : mean= 0.970, std= 0.051, min= 0.818, max= 1.000
[17:23:06]   diesel    : mean= 0.975, std= 0.041, min= 0.831, max= 1.000
[17:23:06]   battery   : mean= 0.618, std= 0.395, min=-0.095, max= 1.000
[17:23:06]   customer  : mean= 0.940, std= 0.089, min= 0.587, max= 1.000
[17:23:07] 
======================================================================
[17:23:07] Episode 197/200
[17:23:07] ======================================================================
[17:23:07] 总奖励: 39864.92 | 步数: 24
[17:23:07] 最近10个episodes平均: 42049.59
[17:23:07] 各Agent奖励:
[17:23:07]   wind      : 16514.401
[17:23:07]   solar     : 4156.182
[17:23:07]   diesel    : 19380.772
[17:23:07]   battery   :    6.636
[17:23:07]   customer  : -193.068
[17:23:07] Buffer大小:  4848
[17:23:07] 噪声水平: 0.0817
[17:23:07] 
动作统计:
[17:23:07]   wind      : mean= 0.976, std= 0.034, min= 0.896, max= 1.000
[17:23:07]   solar     : mean= 0.962, std= 0.049, min= 0.851, max= 1.000
[17:23:07]   diesel    : mean= 0.961, std= 0.051, min= 0.825, max= 1.000
[17:23:07]   battery   : mean= 0.621, std= 0.354, min=-0.149, max= 1.000
[17:23:07]   customer  : mean= 0.965, std= 0.075, min= 0.639, max= 1.000
[17:23:07] 
======================================================================
[17:23:07] Episode 198/200
[17:23:07] ======================================================================
[17:23:07] 总奖励: 42421.88 | 步数: 24
[17:23:07] 最近10个episodes平均: 43216.86
[17:23:07] 各Agent奖励:
[17:23:07]   wind      : 17475.347
[17:23:07]   solar     : 4174.508
[17:23:07]   diesel    : 20956.581
[17:23:07]   battery   :    9.072
[17:23:07]   customer  : -193.627
[17:23:07] Buffer大小:  4872
[17:23:07] 噪声水平: 0.0816
[17:23:07] 
动作统计:
[17:23:07]   wind      : mean= 0.964, std= 0.042, min= 0.874, max= 1.000
[17:23:07]   solar     : mean= 0.978, std= 0.035, min= 0.865, max= 1.000
[17:23:07]   diesel    : mean= 0.972, std= 0.042, min= 0.840, max= 1.000
[17:23:07]   battery   : mean= 0.607, std= 0.390, min=-0.040, max= 1.000
[17:23:07]   customer  : mean= 0.946, std= 0.087, min= 0.658, max= 1.000
[17:23:07] 
======================================================================
[17:23:07] Episode 199/200
[17:23:07] ======================================================================
[17:23:07] 总奖励: 56465.69 | 步数: 24
[17:23:07] 最近10个episodes平均: 45112.49
[17:23:07] 各Agent奖励:
[17:23:07]   wind      : 21509.932
[17:23:07]   solar     : 8165.956
[17:23:07]   diesel    : 26968.339
[17:23:07]   battery   :   13.703
[17:23:07]   customer  : -192.238
[17:23:07] Buffer大小:  4896
[17:23:07] 噪声水平: 0.0815
[17:23:07] 
动作统计:
[17:23:07]   wind      : mean= 0.980, std= 0.033, min= 0.903, max= 1.000
[17:23:07]   solar     : mean= 0.962, std= 0.059, min= 0.821, max= 1.000
[17:23:07]   diesel    : mean= 0.973, std= 0.040, min= 0.849, max= 1.000
[17:23:07]   battery   : mean= 0.607, std= 0.378, min=-0.098, max= 1.000
[17:23:07]   customer  : mean= 0.937, std= 0.063, min= 0.752, max= 1.000
[17:23:07] 
======================================================================
[17:23:07] Episode 200/200
[17:23:07] ======================================================================
[17:23:07] 总奖励: 50625.24 | 步数: 24
[17:23:07] 最近10个episodes平均: 42771.76
[17:23:07] 各Agent奖励:
[17:23:07]   wind      : 19000.554
[17:23:07]   solar     : 7326.366
[17:23:07]   diesel    : 24486.089
[17:23:07]   battery   :    5.452
[17:23:07]   customer  : -193.223
[17:23:07] Buffer大小:  4920
[17:23:07] 噪声水平: 0.0815
[17:23:07] 
动作统计:
[17:23:07]   wind      : mean= 0.969, std= 0.042, min= 0.858, max= 1.000
[17:23:07]   solar     : mean= 0.951, std= 0.055, min= 0.830, max= 1.000
[17:23:07]   diesel    : mean= 0.960, std= 0.053, min= 0.825, max= 1.000
[17:23:07]   battery   : mean= 0.581, std= 0.401, min=-0.174, max= 1.000
[17:23:07]   customer  : mean= 0.927, std= 0.089, min= 0.671, max= 1.000
[17:23:07] 
📊 生成可视化图表...
[17:23:08]   ✓ 训练曲线: debug_plots/training_ep0200.png
[17:23:08]   ✓ Agent分析: debug_plots/agents_ep0200.png
[17:23:08] 💾 保存检查点: debug_checkpoints/debug_maddpg_20251203_172213_ep0200.pt
[17:23:08] 
======================================================================
[17:23:08] 🎉 训练完成！
[17:23:08] ======================================================================
[17:23:08] 
💾 统计数据已保存: debug_logs/debug_maddpg_20251203_172213_stats.json
[17:23:08] 📊 总结图表: debug_plots/summary_final.png
[17:23:08] 💾 保存检查点: debug_checkpoints/debug_maddpg_20251203_172213_final.pt
